000 (6773405.000.000) 06/15 11:50:04 Job submitted from host: <137.138.55.115:9618?addrs=137.138.55.115-9618+[2001-1458-d00-17--12a]-9618&alias=bigbird23.cern.ch&noUDP&sock=schedd_23881_f548>
...
022 (6773405.000.000) 06/15 13:26:18 Job disconnected, attempting to reconnect
    Socket between submit and execute hosts closed unexpectedly
    Trying to reconnect to slot1_18@b9s05p4540.cern.ch <128.142.60.115:9618?addrs=128.142.60.115-9618+[2001-1458-301-22--100-72]-9618&alias=b9s05p4540.cern.ch&noUDP&sock=startd_2976928_9383>
...
024 (6773405.000.000) 06/15 13:26:18 Job reconnection failed
    Job not found at execution machine
    Can not reconnect to slot1_18@b9s05p4540.cern.ch, rescheduling job
...
022 (6773405.000.000) 06/15 13:44:01 Job disconnected, attempting to reconnect
    Socket between submit and execute hosts closed unexpectedly
    Trying to reconnect to slot1_2@b9g24p0512.cern.ch <128.142.33.203:9618?addrs=128.142.33.203-9618+[2001-1458-301-39--100-8]-9618&alias=b9g24p0512.cern.ch&noUDP&sock=startd_3165_8156>
...
024 (6773405.000.000) 06/15 13:44:01 Job reconnection failed
    Job not found at execution machine
    Can not reconnect to slot1_2@b9g24p0512.cern.ch, rescheduling job
...
022 (6773405.000.000) 06/15 13:56:43 Job disconnected, attempting to reconnect
    Socket between submit and execute hosts closed unexpectedly
    Trying to reconnect to slot1_17@b9g03p7944.cern.ch <128.142.161.97:9618?addrs=128.142.161.97-9618+[2001-1458-301-b8--100-1f]-9618&alias=b9g03p7944.cern.ch&noUDP&sock=startd_3957_c058>
...
024 (6773405.000.000) 06/15 13:56:43 Job reconnection failed
    Job not found at execution machine
    Can not reconnect to slot1_17@b9g03p7944.cern.ch, rescheduling job
...
022 (6773405.000.000) 06/15 14:07:10 Job disconnected, attempting to reconnect
    Socket between submit and execute hosts closed unexpectedly
    Trying to reconnect to slot1_24@b9s07p9800.cern.ch <128.142.62.83:9618?addrs=128.142.62.83-9618+[2001-1458-301-37--100-52]-9618&alias=b9s07p9800.cern.ch&noUDP&sock=startd_4057_57d0>
...
024 (6773405.000.000) 06/15 14:07:10 Job reconnection failed
    Job not found at execution machine
    Can not reconnect to slot1_24@b9s07p9800.cern.ch, rescheduling job
...
022 (6773405.000.000) 06/15 14:15:59 Job disconnected, attempting to reconnect
    Socket between submit and execute hosts closed unexpectedly
    Trying to reconnect to slot1_4@b9s05p4341.cern.ch <128.142.60.74:9618?addrs=128.142.60.74-9618+[2001-1458-301-22--100-49]-9618&alias=b9s05p4341.cern.ch&noUDP&sock=startd_3204_4187>
...
024 (6773405.000.000) 06/15 14:15:59 Job reconnection failed
    Job not found at execution machine
    Can not reconnect to slot1_4@b9s05p4341.cern.ch, rescheduling job
...
022 (6773405.000.000) 06/15 14:16:54 Job disconnected, attempting to reconnect
    Socket between submit and execute hosts closed unexpectedly
    Trying to reconnect to slot1_2@b9g34p2738.cern.ch <128.142.33.55:9618?addrs=128.142.33.55-9618+[2001-1458-301-53--100-34]-9618&alias=b9g34p2738.cern.ch&noUDP&sock=startd_5574_e0fc>
...
024 (6773405.000.000) 06/15 14:16:54 Job reconnection failed
    Job not found at execution machine
    Can not reconnect to slot1_2@b9g34p2738.cern.ch, rescheduling job
...
022 (6773405.000.000) 06/15 14:20:50 Job disconnected, attempting to reconnect
    Socket between submit and execute hosts closed unexpectedly
    Trying to reconnect to slot1_3@b9g37p3524.cern.ch <188.184.185.24:9618?addrs=188.184.185.24-9618+[2001-1458-301-52--100-17]-9618&alias=b9g37p3524.cern.ch&noUDP&sock=startd_5904_3b3d>
...
024 (6773405.000.000) 06/15 14:20:50 Job reconnection failed
    Job not found at execution machine
    Can not reconnect to slot1_3@b9g37p3524.cern.ch, rescheduling job
...
022 (6773405.000.000) 06/15 14:25:53 Job disconnected, attempting to reconnect
    Socket between submit and execute hosts closed unexpectedly
    Trying to reconnect to slot1_14@b9s05p0347.cern.ch <128.142.60.130:9618?addrs=128.142.60.130-9618+[2001-1458-301-22--100-81]-9618&alias=b9s05p0347.cern.ch&noUDP&sock=startd_7341_e4d5>
...
024 (6773405.000.000) 06/15 14:25:53 Job reconnection failed
    Job not found at execution machine
    Can not reconnect to slot1_14@b9s05p0347.cern.ch, rescheduling job
...
022 (6773405.000.000) 06/15 14:36:53 Job disconnected, attempting to reconnect
    Socket between submit and execute hosts closed unexpectedly
    Trying to reconnect to slot1_29@b9g34p0153.cern.ch <128.142.33.49:9618?addrs=128.142.33.49-9618+[2001-1458-301-53--100-2e]-9618&alias=b9g34p0153.cern.ch&noUDP&sock=startd_119775_4419>
...
024 (6773405.000.000) 06/15 14:36:53 Job reconnection failed
    Job not found at execution machine
    Can not reconnect to slot1_29@b9g34p0153.cern.ch, rescheduling job
...
022 (6773405.000.000) 06/15 14:40:55 Job disconnected, attempting to reconnect
    Socket between submit and execute hosts closed unexpectedly
    Trying to reconnect to slot1_20@b9g23p9875.cern.ch <128.142.248.179:9618?addrs=128.142.248.179-9618+[2001-1458-301-73--100-b2]-9618&alias=b9g23p9875.cern.ch&noUDP&sock=startd_8659_eea8>
...
024 (6773405.000.000) 06/15 14:40:55 Job reconnection failed
    Job not found at execution machine
    Can not reconnect to slot1_20@b9g23p9875.cern.ch, rescheduling job
...
022 (6773405.000.000) 06/15 14:46:00 Job disconnected, attempting to reconnect
    Socket between submit and execute hosts closed unexpectedly
    Trying to reconnect to slot1_10@b9g03p7944.cern.ch <128.142.161.97:9618?addrs=128.142.161.97-9618+[2001-1458-301-b8--100-1f]-9618&alias=b9g03p7944.cern.ch&noUDP&sock=startd_3957_c058>
...
024 (6773405.000.000) 06/15 14:46:00 Job reconnection failed
    Job not found at execution machine
    Can not reconnect to slot1_10@b9g03p7944.cern.ch, rescheduling job
...
022 (6773405.000.000) 06/15 14:51:05 Job disconnected, attempting to reconnect
    Socket between submit and execute hosts closed unexpectedly
    Trying to reconnect to slot1_2@b9g23p2723.cern.ch <128.142.248.15:9618?addrs=128.142.248.15-9618+[2001-1458-301-73--100-ff]-9618&alias=b9g23p2723.cern.ch&noUDP&sock=startd_118454_2b7e>
...
024 (6773405.000.000) 06/15 14:51:05 Job reconnection failed
    Job not found at execution machine
    Can not reconnect to slot1_2@b9g23p2723.cern.ch, rescheduling job
...
022 (6773405.000.000) 06/15 14:52:24 Job disconnected, attempting to reconnect
    Socket between submit and execute hosts closed unexpectedly
    Trying to reconnect to slot1_20@b9g21p5387.cern.ch <128.142.193.147:9618?addrs=128.142.193.147-9618+[2001-1458-301-8--100-f]-9618&alias=b9g21p5387.cern.ch&noUDP&sock=startd_5653_10f7>
...
024 (6773405.000.000) 06/15 14:52:24 Job reconnection failed
    Job not found at execution machine
    Can not reconnect to slot1_20@b9g21p5387.cern.ch, rescheduling job
...
022 (6773405.000.000) 06/15 14:55:52 Job disconnected, attempting to reconnect
    Socket between submit and execute hosts closed unexpectedly
    Trying to reconnect to slot1_8@b9g21p7588.cern.ch <128.142.193.190:9618?addrs=128.142.193.190-9618+[2001-1458-301-8--100-3a]-9618&alias=b9g21p7588.cern.ch&noUDP&sock=startd_2919_c50a>
...
024 (6773405.000.000) 06/15 14:55:53 Job reconnection failed
    Job not found at execution machine
    Can not reconnect to slot1_8@b9g21p7588.cern.ch, rescheduling job
...
022 (6773405.000.000) 06/15 15:00:45 Job disconnected, attempting to reconnect
    Socket between submit and execute hosts closed unexpectedly
    Trying to reconnect to slot1_12@b9g23p0904.cern.ch <128.142.248.82:9618?addrs=128.142.248.82-9618+[2001-1458-301-73--100-142]-9618&alias=b9g23p0904.cern.ch&noUDP&sock=startd_5887_9221>
...
024 (6773405.000.000) 06/15 15:00:45 Job reconnection failed
    Job not found at execution machine
    Can not reconnect to slot1_12@b9g23p0904.cern.ch, rescheduling job
...
022 (6773405.000.000) 06/15 15:05:52 Job disconnected, attempting to reconnect
    Socket between submit and execute hosts closed unexpectedly
    Trying to reconnect to slot1_21@b9g03p5522.cern.ch <128.142.161.139:9618?addrs=128.142.161.139-9618+[2001-1458-301-b9--100-8]-9618&alias=b9g03p5522.cern.ch&noUDP&sock=startd_3164_d1be>
...
024 (6773405.000.000) 06/15 15:05:52 Job reconnection failed
    Job not found at execution machine
    Can not reconnect to slot1_21@b9g03p5522.cern.ch, rescheduling job
...
022 (6773405.000.000) 06/15 15:10:49 Job disconnected, attempting to reconnect
    Socket between submit and execute hosts closed unexpectedly
    Trying to reconnect to slot1_2@b9g37p0680.cern.ch <188.184.185.58:9618?addrs=188.184.185.58-9618+[2001-1458-301-52--100-39]-9618&alias=b9g37p0680.cern.ch&noUDP&sock=startd_5811_70ee>
...
024 (6773405.000.000) 06/15 15:10:49 Job reconnection failed
    Job not found at execution machine
    Can not reconnect to slot1_2@b9g37p0680.cern.ch, rescheduling job
...
022 (6773405.000.000) 06/15 15:15:51 Job disconnected, attempting to reconnect
    Socket between submit and execute hosts closed unexpectedly
    Trying to reconnect to slot1_16@b9g03p6832.cern.ch <128.142.161.104:9618?addrs=128.142.161.104-9618+[2001-1458-301-b8--100-26]-9618&alias=b9g03p6832.cern.ch&noUDP&sock=startd_3146_7909>
...
024 (6773405.000.000) 06/15 15:15:51 Job reconnection failed
    Job not found at execution machine
    Can not reconnect to slot1_16@b9g03p6832.cern.ch, rescheduling job
...
022 (6773405.000.000) 06/15 15:20:59 Job disconnected, attempting to reconnect
    Socket between submit and execute hosts closed unexpectedly
    Trying to reconnect to slot1_19@b9g37p4540.cern.ch <188.184.185.13:9618?addrs=188.184.185.13-9618+[2001-1458-301-52--100-c]-9618&alias=b9g37p4540.cern.ch&noUDP&sock=startd_4211_f966>
...
024 (6773405.000.000) 06/15 15:20:59 Job reconnection failed
    Job not found at execution machine
    Can not reconnect to slot1_19@b9g37p4540.cern.ch, rescheduling job
...
022 (6773405.000.000) 06/15 15:26:02 Job disconnected, attempting to reconnect
    Socket between submit and execute hosts closed unexpectedly
    Trying to reconnect to slot1_16@b9g37p2912.cern.ch <188.184.185.40:9618?addrs=188.184.185.40-9618+[2001-1458-301-52--100-27]-9618&alias=b9g37p2912.cern.ch&noUDP&sock=startd_5062_b07e>
...
024 (6773405.000.000) 06/15 15:26:02 Job reconnection failed
    Job not found at execution machine
    Can not reconnect to slot1_16@b9g37p2912.cern.ch, rescheduling job
...
022 (6773405.000.000) 06/15 15:30:54 Job disconnected, attempting to reconnect
    Socket between submit and execute hosts closed unexpectedly
    Trying to reconnect to slot1_11@b9g37p3227.cern.ch <188.184.185.92:9618?addrs=188.184.185.92-9618+[2001-1458-301-52--100-5b]-9618&alias=b9g37p3227.cern.ch&noUDP&sock=startd_4985_dfb4>
...
024 (6773405.000.000) 06/15 15:30:54 Job reconnection failed
    Job not found at execution machine
    Can not reconnect to slot1_11@b9g37p3227.cern.ch, rescheduling job
...
022 (6773405.000.000) 06/15 15:36:04 Job disconnected, attempting to reconnect
    Socket between submit and execute hosts closed unexpectedly
    Trying to reconnect to slot1_28@b9g37p3948.cern.ch <188.184.185.111:9618?addrs=188.184.185.111-9618+[2001-1458-301-52--100-6e]-9618&alias=b9g37p3948.cern.ch&noUDP&sock=startd_4337_6655>
...
024 (6773405.000.000) 06/15 15:36:04 Job reconnection failed
    Job not found at execution machine
    Can not reconnect to slot1_28@b9g37p3948.cern.ch, rescheduling job
...
022 (6773405.000.000) 06/15 15:38:27 Job disconnected, attempting to reconnect
    Socket between submit and execute hosts closed unexpectedly
    Trying to reconnect to slot1_24@b9g21p3144.cern.ch <128.142.193.140:9618?addrs=128.142.193.140-9618+[2001-1458-301-8--100-8]-9618&alias=b9g21p3144.cern.ch&noUDP&sock=startd_5928_b183>
...
024 (6773405.000.000) 06/15 15:38:27 Job reconnection failed
    Job not found at execution machine
    Can not reconnect to slot1_24@b9g21p3144.cern.ch, rescheduling job
...
022 (6773405.000.000) 06/15 15:41:14 Job disconnected, attempting to reconnect
    Socket between submit and execute hosts closed unexpectedly
    Trying to reconnect to slot1_11@b9s05p0367.cern.ch <128.142.60.170:9618?addrs=128.142.60.170-9618+[2001-1458-301-22--100-a9]-9618&alias=b9s05p0367.cern.ch&noUDP&sock=startd_3311_a62a>
...
024 (6773405.000.000) 06/15 15:41:14 Job reconnection failed
    Job not found at execution machine
    Can not reconnect to slot1_11@b9s05p0367.cern.ch, rescheduling job
...
022 (6773405.000.000) 06/15 15:45:56 Job disconnected, attempting to reconnect
    Socket between submit and execute hosts closed unexpectedly
    Trying to reconnect to slot1_10@b9g21p6964.cern.ch <128.142.193.192:9618?addrs=128.142.193.192-9618+[2001-1458-301-8--100-3c]-9618&alias=b9g21p6964.cern.ch&noUDP&sock=startd_4778_e399>
...
024 (6773405.000.000) 06/15 15:45:56 Job reconnection failed
    Job not found at execution machine
    Can not reconnect to slot1_10@b9g21p6964.cern.ch, rescheduling job
...
022 (6773405.000.000) 06/15 15:47:46 Job disconnected, attempting to reconnect
    Socket between submit and execute hosts closed unexpectedly
    Trying to reconnect to slot1_31@b9g23p7248.cern.ch <128.142.248.62:9618?addrs=128.142.248.62-9618+[2001-1458-301-73--100-12e]-9618&alias=b9g23p7248.cern.ch&noUDP&sock=startd_118614_eaa5>
...
024 (6773405.000.000) 06/15 15:47:46 Job reconnection failed
    Job not found at execution machine
    Can not reconnect to slot1_31@b9g23p7248.cern.ch, rescheduling job
...
022 (6773405.000.000) 06/15 15:50:44 Job disconnected, attempting to reconnect
    Socket between submit and execute hosts closed unexpectedly
    Trying to reconnect to slot1_20@b9g34p3939.cern.ch <128.142.33.25:9618?addrs=128.142.33.25-9618+[2001-1458-301-53--100-16]-9618&alias=b9g34p3939.cern.ch&noUDP&sock=startd_4124_4ca9>
...
024 (6773405.000.000) 06/15 15:50:44 Job reconnection failed
    Job not found at execution machine
    Can not reconnect to slot1_20@b9g34p3939.cern.ch, rescheduling job
...
022 (6773405.000.000) 06/15 15:56:00 Job disconnected, attempting to reconnect
    Socket between submit and execute hosts closed unexpectedly
    Trying to reconnect to slot1_13@b9g37p4535.cern.ch <188.184.185.163:9618?addrs=188.184.185.163-9618+[2001-1458-301-52--100-a2]-9618&alias=b9g37p4535.cern.ch&noUDP&sock=startd_7954_5c63>
...
024 (6773405.000.000) 06/15 15:56:00 Job reconnection failed
    Job not found at execution machine
    Can not reconnect to slot1_13@b9g37p4535.cern.ch, rescheduling job
...
022 (6773405.000.000) 06/15 15:57:41 Job disconnected, attempting to reconnect
    Socket between submit and execute hosts closed unexpectedly
    Trying to reconnect to slot1_29@b9g34p3939.cern.ch <128.142.33.25:9618?addrs=128.142.33.25-9618+[2001-1458-301-53--100-16]-9618&alias=b9g34p3939.cern.ch&noUDP&sock=startd_4124_4ca9>
...
024 (6773405.000.000) 06/15 15:57:41 Job reconnection failed
    Job not found at execution machine
    Can not reconnect to slot1_29@b9g34p3939.cern.ch, rescheduling job
...
022 (6773405.000.000) 06/15 16:00:55 Job disconnected, attempting to reconnect
    Socket between submit and execute hosts closed unexpectedly
    Trying to reconnect to slot1_24@b9g03p6672.cern.ch <128.142.161.76:9618?addrs=128.142.161.76-9618+[2001-1458-301-b8--100-a]-9618&alias=b9g03p6672.cern.ch&noUDP&sock=startd_5576_402c>
...
024 (6773405.000.000) 06/15 16:00:55 Job reconnection failed
    Job not found at execution machine
    Can not reconnect to slot1_24@b9g03p6672.cern.ch, rescheduling job
...
022 (6773405.000.000) 06/15 16:01:17 Job disconnected, attempting to reconnect
    Socket between submit and execute hosts closed unexpectedly
    Trying to reconnect to slot1_17@b9g18p0729.cern.ch <128.142.192.172:9618?addrs=128.142.192.172-9618+[2001-1458-301-56--100-28]-9618&alias=b9g18p0729.cern.ch&noUDP&sock=startd_4113_c11e>
...
024 (6773405.000.000) 06/15 16:01:17 Job reconnection failed
    Job not found at execution machine
    Can not reconnect to slot1_17@b9g18p0729.cern.ch, rescheduling job
...
022 (6773405.000.000) 06/15 16:05:48 Job disconnected, attempting to reconnect
    Socket between submit and execute hosts closed unexpectedly
    Trying to reconnect to slot1_1@b9g21p6964.cern.ch <128.142.193.192:9618?addrs=128.142.193.192-9618+[2001-1458-301-8--100-3c]-9618&alias=b9g21p6964.cern.ch&noUDP&sock=startd_4778_e399>
...
024 (6773405.000.000) 06/15 16:05:48 Job reconnection failed
    Job not found at execution machine
    Can not reconnect to slot1_1@b9g21p6964.cern.ch, rescheduling job
...
022 (6773405.000.000) 06/15 16:07:17 Job disconnected, attempting to reconnect
    Socket between submit and execute hosts closed unexpectedly
    Trying to reconnect to slot1_5@b9g37p2729.cern.ch <188.184.185.34:9618?addrs=188.184.185.34-9618+[2001-1458-301-52--100-21]-9618&alias=b9g37p2729.cern.ch&noUDP&sock=startd_7880_9a61>
...
024 (6773405.000.000) 06/15 16:07:17 Job reconnection failed
    Job not found at execution machine
    Can not reconnect to slot1_5@b9g37p2729.cern.ch, rescheduling job
...
022 (6773405.000.000) 06/15 16:11:14 Job disconnected, attempting to reconnect
    Socket between submit and execute hosts closed unexpectedly
    Trying to reconnect to slot1_26@b9s05p1147.cern.ch <128.142.60.118:9618?addrs=128.142.60.118-9618+[2001-1458-301-22--100-75]-9618&alias=b9s05p1147.cern.ch&noUDP&sock=startd_753175_fb68>
...
024 (6773405.000.000) 06/15 16:11:22 Job reconnection failed
    Job not found at execution machine
    Can not reconnect to slot1_26@b9s05p1147.cern.ch, rescheduling job
...
022 (6773405.000.000) 06/15 16:15:51 Job disconnected, attempting to reconnect
    Socket between submit and execute hosts closed unexpectedly
    Trying to reconnect to slot1_5@b9g34p4862.cern.ch <128.142.33.11:9618?addrs=128.142.33.11-9618+[2001-1458-301-53--100-8]-9618&alias=b9g34p4862.cern.ch&noUDP&sock=startd_4430_30a4>
...
024 (6773405.000.000) 06/15 16:15:51 Job reconnection failed
    Job not found at execution machine
    Can not reconnect to slot1_5@b9g34p4862.cern.ch, rescheduling job
...
022 (6773405.000.000) 06/15 16:18:03 Job disconnected, attempting to reconnect
    Socket between submit and execute hosts closed unexpectedly
    Trying to reconnect to slot1_14@b9g37p0750.cern.ch <188.184.185.83:9618?addrs=188.184.185.83-9618+[2001-1458-301-52--100-52]-9618&alias=b9g37p0750.cern.ch&noUDP&sock=startd_3503_5859>
...
024 (6773405.000.000) 06/15 16:18:03 Job reconnection failed
    Job not found at execution machine
    Can not reconnect to slot1_14@b9g37p0750.cern.ch, rescheduling job
...
022 (6773405.000.000) 06/15 16:20:49 Job disconnected, attempting to reconnect
    Socket between submit and execute hosts closed unexpectedly
    Trying to reconnect to slot1_9@b9g37p2400.cern.ch <188.184.185.25:9618?addrs=188.184.185.25-9618+[2001-1458-301-52--100-18]-9618&alias=b9g37p2400.cern.ch&noUDP&sock=startd_3724_eec7>
...
024 (6773405.000.000) 06/15 16:20:49 Job reconnection failed
    Job not found at execution machine
    Can not reconnect to slot1_9@b9g37p2400.cern.ch, rescheduling job
...
040 (6773405.000.000) 06/15 16:26:02 Started transferring input files
	Transferring to host: <188.184.185.157:9618?addrs=188.184.185.157-9618+[2001-1458-301-52--100-9c]-9618&alias=b9g37p2730.cern.ch&noUDP&sock=slot1_29_3117_f558_196794>
...
040 (6773405.000.000) 06/15 16:26:02 Finished transferring input files
...
001 (6773405.000.000) 06/15 16:26:03 Job executing on host: <188.184.185.157:9618?addrs=188.184.185.157-9618+[2001-1458-301-52--100-9c]-9618&alias=b9g37p2730.cern.ch&noUDP&sock=startd_2556_c829>
	SlotName: slot1_29@b9g37p2730.cern.ch
	CondorScratchDir = "/pool/condor/dir_1918975"
	Cpus = 1
	Disk = 1917692
	Memory = 2000
...
006 (6773405.000.000) 06/15 16:26:11 Image size of job updated: 58700
	57  -  MemoryUsage of job (MB)
	58008  -  ResidentSetSize of job (KB)
...
006 (6773405.000.000) 06/15 16:26:14 Image size of job updated: 67064
	57  -  MemoryUsage of job (MB)
	58008  -  ResidentSetSize of job (KB)
...
040 (6773405.000.000) 06/15 16:26:14 Started transferring output files
...
040 (6773405.000.000) 06/15 16:26:14 Finished transferring output files
...
005 (6773405.000.000) 06/15 16:26:14 Job terminated.
	(1) Normal termination (return value 1)
		Usr 0 00:00:02, Sys 0 00:00:00  -  Run Remote Usage
		Usr 0 00:00:00, Sys 0 00:00:00  -  Run Local Usage
		Usr 0 00:00:02, Sys 0 00:00:00  -  Total Remote Usage
		Usr 0 00:00:00, Sys 0 00:00:00  -  Total Local Usage
	3191  -  Run Bytes Sent By Job
	11047  -  Run Bytes Received By Job
	3191  -  Total Bytes Sent By Job
	11047  -  Total Bytes Received By Job
	Partitionable Resources :    Usage  Request Allocated 
	   Cpus                 :                 1         1 
	   Disk (KB)            :       31       12   1917692 
	   Memory (MB)          :       57     2000      2000 

	Job terminated of its own accord at 2024-06-15T14:26:14Z with exit-code 1.
...
000 (6777721.000.000) 06/15 17:58:56 Job submitted from host: <137.138.55.115:9618?addrs=137.138.55.115-9618+[2001-1458-d00-17--12a]-9618&alias=bigbird23.cern.ch&noUDP&sock=schedd_23881_f548>
...
040 (6777721.000.000) 06/15 18:01:12 Started transferring input files
	Transferring to host: <128.142.248.224:9618?addrs=128.142.248.224-9618+[2001-1458-301-73--100-df]-9618&alias=b9g23p0563.cern.ch&noUDP&sock=slot1_17_127192_052d_194758>
...
040 (6777721.000.000) 06/15 18:01:12 Finished transferring input files
...
001 (6777721.000.000) 06/15 18:01:13 Job executing on host: <128.142.248.224:9618?addrs=128.142.248.224-9618+[2001-1458-301-73--100-df]-9618&alias=b9g23p0563.cern.ch&noUDP&sock=startd_118710_c3bc>
	SlotName: slot1_17@b9g23p0563.cern.ch
	CondorScratchDir = "/pool/condor/dir_1375967"
	Cpus = 1
	Disk = 2831340
	Memory = 2000
...
006 (6777721.000.000) 06/15 18:01:21 Image size of job updated: 64968
	38  -  MemoryUsage of job (MB)
	38596  -  ResidentSetSize of job (KB)
...
040 (6777721.000.000) 06/15 18:01:21 Started transferring output files
...
040 (6777721.000.000) 06/15 18:01:21 Finished transferring output files
...
005 (6777721.000.000) 06/15 18:01:21 Job terminated.
	(1) Normal termination (return value 1)
		Usr 0 00:00:01, Sys 0 00:00:00  -  Run Remote Usage
		Usr 0 00:00:00, Sys 0 00:00:00  -  Run Local Usage
		Usr 0 00:00:01, Sys 0 00:00:00  -  Total Remote Usage
		Usr 0 00:00:00, Sys 0 00:00:00  -  Total Local Usage
	3191  -  Run Bytes Sent By Job
	11047  -  Run Bytes Received By Job
	3191  -  Total Bytes Sent By Job
	11047  -  Total Bytes Received By Job
	Partitionable Resources :    Usage  Request Allocated 
	   Cpus                 :                 1         1 
	   Disk (KB)            :       31       12   2831340 
	   Memory (MB)          :       38     2000      2000 

	Job terminated of its own accord at 2024-06-15T16:01:21Z with exit-code 1.
...
000 (6777723.000.000) 06/15 18:03:38 Job submitted from host: <137.138.55.115:9618?addrs=137.138.55.115-9618+[2001-1458-d00-17--12a]-9618&alias=bigbird23.cern.ch&noUDP&sock=schedd_23881_f548>
...
040 (6777723.000.000) 06/15 18:05:53 Started transferring input files
	Transferring to host: <128.142.248.197:9618?addrs=128.142.248.197-9618+[2001-1458-301-73--100-c4]-9618&alias=b9g23p2961.cern.ch&noUDP&sock=slot1_16_2742327_3435_2880>
...
040 (6777723.000.000) 06/15 18:05:53 Finished transferring input files
...
001 (6777723.000.000) 06/15 18:05:54 Job executing on host: <128.142.248.197:9618?addrs=128.142.248.197-9618+[2001-1458-301-73--100-c4]-9618&alias=b9g23p2961.cern.ch&noUDP&sock=startd_6671_5461>
	SlotName: slot1_16@b9g23p2961.cern.ch
	CondorScratchDir = "/pool/condor/dir_3388553"
	Cpus = 1
	Disk = 2840715
	Memory = 2000
...
006 (6777723.000.000) 06/15 18:05:59 Image size of job updated: 67372
	40  -  MemoryUsage of job (MB)
	40944  -  ResidentSetSize of job (KB)
...
040 (6777723.000.000) 06/15 18:05:59 Started transferring output files
...
040 (6777723.000.000) 06/15 18:05:59 Finished transferring output files
...
005 (6777723.000.000) 06/15 18:05:59 Job terminated.
	(1) Normal termination (return value 1)
		Usr 0 00:00:01, Sys 0 00:00:00  -  Run Remote Usage
		Usr 0 00:00:00, Sys 0 00:00:00  -  Run Local Usage
		Usr 0 00:00:01, Sys 0 00:00:00  -  Total Remote Usage
		Usr 0 00:00:00, Sys 0 00:00:00  -  Total Local Usage
	3191  -  Run Bytes Sent By Job
	11047  -  Run Bytes Received By Job
	3191  -  Total Bytes Sent By Job
	11047  -  Total Bytes Received By Job
	Partitionable Resources :    Usage  Request Allocated 
	   Cpus                 :                 1         1 
	   Disk (KB)            :       30       12   2840715 
	   Memory (MB)          :       40     2000      2000 

	Job terminated of its own accord at 2024-06-15T16:05:59Z with exit-code 1.
...
000 (6777800.000.000) 06/15 19:12:15 Job submitted from host: <137.138.55.115:9618?addrs=137.138.55.115-9618+[2001-1458-d00-17--12a]-9618&alias=bigbird23.cern.ch&noUDP&sock=schedd_23881_f548>
...
040 (6777800.000.000) 06/15 19:15:58 Started transferring input files
	Transferring to host: <188.184.185.53:9618?addrs=188.184.185.53-9618+[2001-1458-301-52--100-34]-9618&alias=b9g37p4087.cern.ch&noUDP&sock=slot1_19_1586457_395a_3415>
...
040 (6777800.000.000) 06/15 19:15:58 Finished transferring input files
...
001 (6777800.000.000) 06/15 19:15:59 Job executing on host: <188.184.185.53:9618?addrs=188.184.185.53-9618+[2001-1458-301-52--100-34]-9618&alias=b9g37p4087.cern.ch&noUDP&sock=startd_3381_a9cb>
	SlotName: slot1_19@b9g37p4087.cern.ch
	CondorScratchDir = "/pool/condor/dir_4085951"
	Cpus = 1
	Disk = 2897369
	Memory = 2000
...
006 (6777800.000.000) 06/15 19:16:06 Image size of job updated: 65060
	38  -  MemoryUsage of job (MB)
	38668  -  ResidentSetSize of job (KB)
...
040 (6777800.000.000) 06/15 19:16:06 Started transferring output files
...
040 (6777800.000.000) 06/15 19:16:06 Finished transferring output files
...
005 (6777800.000.000) 06/15 19:16:06 Job terminated.
	(1) Normal termination (return value 1)
		Usr 0 00:00:02, Sys 0 00:00:00  -  Run Remote Usage
		Usr 0 00:00:00, Sys 0 00:00:00  -  Run Local Usage
		Usr 0 00:00:02, Sys 0 00:00:00  -  Total Remote Usage
		Usr 0 00:00:00, Sys 0 00:00:00  -  Total Local Usage
	3191  -  Run Bytes Sent By Job
	11100  -  Run Bytes Received By Job
	3191  -  Total Bytes Sent By Job
	11100  -  Total Bytes Received By Job
	Partitionable Resources :    Usage  Request Allocated 
	   Cpus                 :        0        1         1 
	   Disk (KB)            :       38       12   2897369 
	   Memory (MB)          :       38     2000      2000 

	Job terminated of its own accord at 2024-06-15T17:16:06Z with exit-code 1.
...
000 (6777815.000.000) 06/15 19:43:24 Job submitted from host: <137.138.55.115:9618?addrs=137.138.55.115-9618+[2001-1458-d00-17--12a]-9618&alias=bigbird23.cern.ch&noUDP&sock=schedd_23881_f548>
...
040 (6777815.000.000) 06/15 19:46:03 Started transferring input files
	Transferring to host: <128.142.33.26:9618?addrs=128.142.33.26-9618+[2001-1458-301-53--100-17]-9618&alias=b9g34p8811.cern.ch&noUDP&sock=slot1_22_967908_7f39_15946>
...
040 (6777815.000.000) 06/15 19:46:03 Finished transferring input files
...
001 (6777815.000.000) 06/15 19:46:04 Job executing on host: <128.142.33.26:9618?addrs=128.142.33.26-9618+[2001-1458-301-53--100-17]-9618&alias=b9g34p8811.cern.ch&noUDP&sock=startd_119714_6cd2>
	SlotName: slot1_22@b9g34p8811.cern.ch
	CondorScratchDir = "/pool/condor/dir_3368710"
	Cpus = 1
	Disk = 2517895
	Memory = 2000
...
006 (6777815.000.000) 06/15 19:46:13 Image size of job updated: 38788
	38  -  MemoryUsage of job (MB)
	38788  -  ResidentSetSize of job (KB)
...
040 (6777815.000.000) 06/15 19:46:13 Started transferring output files
...
040 (6777815.000.000) 06/15 19:46:13 Finished transferring output files
...
005 (6777815.000.000) 06/15 19:46:13 Job terminated.
	(1) Normal termination (return value 1)
		Usr 0 00:00:02, Sys 0 00:00:00  -  Run Remote Usage
		Usr 0 00:00:00, Sys 0 00:00:00  -  Run Local Usage
		Usr 0 00:00:02, Sys 0 00:00:00  -  Total Remote Usage
		Usr 0 00:00:00, Sys 0 00:00:00  -  Total Local Usage
	3230  -  Run Bytes Sent By Job
	11100  -  Run Bytes Received By Job
	3230  -  Total Bytes Sent By Job
	11100  -  Total Bytes Received By Job
	Partitionable Resources :    Usage  Request Allocated 
	   Cpus                 :                 1         1 
	   Disk (KB)            :       30       12   2517895 
	   Memory (MB)          :       38     2000      2000 

	Job terminated of its own accord at 2024-06-15T17:46:13Z with exit-code 1.
...
000 (6780182.000.000) 06/16 09:11:31 Job submitted from host: <137.138.55.115:9618?addrs=137.138.55.115-9618+[2001-1458-d00-17--12a]-9618&alias=bigbird23.cern.ch&noUDP&sock=schedd_23881_f548>
...
040 (6780182.000.000) 06/16 10:30:02 Started transferring input files
	Transferring to host: <128.142.161.125:9618?addrs=128.142.161.125-9618+[2001-1458-301-b8--100-3d]-9618&alias=b9g03p3391.cern.ch&noUDP&sock=slot1_15_2388518_c1a1_317>
...
040 (6780182.000.000) 06/16 10:30:02 Finished transferring input files
...
001 (6780182.000.000) 06/16 10:30:03 Job executing on host: <128.142.161.125:9618?addrs=128.142.161.125-9618+[2001-1458-301-b8--100-3d]-9618&alias=b9g03p3391.cern.ch&noUDP&sock=startd_6026_e9cb>
	SlotName: slot1_15@b9g03p3391.cern.ch
	CondorScratchDir = "/pool/condor/dir_3409518"
	Cpus = 1
	Disk = 3131622
	Memory = 2000
...
006 (6780182.000.000) 06/16 10:30:10 Image size of job updated: 68080
	44  -  MemoryUsage of job (MB)
	44052  -  ResidentSetSize of job (KB)
...
040 (6780182.000.000) 06/16 10:30:10 Started transferring output files
...
040 (6780182.000.000) 06/16 10:30:11 Finished transferring output files
...
005 (6780182.000.000) 06/16 10:30:11 Job terminated.
	(1) Normal termination (return value 1)
		Usr 0 00:00:02, Sys 0 00:00:00  -  Run Remote Usage
		Usr 0 00:00:00, Sys 0 00:00:00  -  Run Local Usage
		Usr 0 00:00:02, Sys 0 00:00:00  -  Total Remote Usage
		Usr 0 00:00:00, Sys 0 00:00:00  -  Total Local Usage
	3230  -  Run Bytes Sent By Job
	11100  -  Run Bytes Received By Job
	3230  -  Total Bytes Sent By Job
	11100  -  Total Bytes Received By Job
	Partitionable Resources :    Usage  Request Allocated 
	   Cpus                 :                 1         1 
	   Disk (KB)            :       30       12   3131622 
	   Memory (MB)          :       44     2000      2000 

	Job terminated of its own accord at 2024-06-16T08:30:10Z with exit-code 1.
...
000 (6780213.000.000) 06/16 10:51:59 Job submitted from host: <137.138.55.115:9618?addrs=137.138.55.115-9618+[2001-1458-d00-17--12a]-9618&alias=bigbird23.cern.ch&noUDP&sock=schedd_23881_f548>
...
040 (6780213.000.000) 06/16 10:55:47 Started transferring input files
	Transferring to host: <188.184.185.152:9618?addrs=188.184.185.152-9618+[2001-1458-301-52--100-97]-9618&alias=b9g37p1124.cern.ch&noUDP&sock=slot1_21_995524_779c_4471>
...
040 (6780213.000.000) 06/16 10:55:47 Finished transferring input files
...
001 (6780213.000.000) 06/16 10:55:48 Job executing on host: <188.184.185.152:9618?addrs=188.184.185.152-9618+[2001-1458-301-52--100-97]-9618&alias=b9g37p1124.cern.ch&noUDP&sock=startd_6211_ced0>
	SlotName: slot1_21@b9g37p1124.cern.ch
	CondorScratchDir = "/pool/condor/dir_4182788"
	Cpus = 1
	Disk = 2753258
	Memory = 2000
...
006 (6780213.000.000) 06/16 10:55:54 Image size of job updated: 68256
	44  -  MemoryUsage of job (MB)
	44048  -  ResidentSetSize of job (KB)
...
040 (6780213.000.000) 06/16 10:55:54 Started transferring output files
...
040 (6780213.000.000) 06/16 10:55:54 Finished transferring output files
...
005 (6780213.000.000) 06/16 10:55:54 Job terminated.
	(1) Normal termination (return value 1)
		Usr 0 00:00:02, Sys 0 00:00:00  -  Run Remote Usage
		Usr 0 00:00:00, Sys 0 00:00:00  -  Run Local Usage
		Usr 0 00:00:02, Sys 0 00:00:00  -  Total Remote Usage
		Usr 0 00:00:00, Sys 0 00:00:00  -  Total Local Usage
	3230  -  Run Bytes Sent By Job
	11101  -  Run Bytes Received By Job
	3230  -  Total Bytes Sent By Job
	11101  -  Total Bytes Received By Job
	Partitionable Resources :    Usage  Request Allocated 
	   Cpus                 :                 1         1 
	   Disk (KB)            :       30       12   2753258 
	   Memory (MB)          :       44     2000      2000 

	Job terminated of its own accord at 2024-06-16T08:55:54Z with exit-code 1.
...
000 (6780247.000.000) 06/16 12:12:59 Job submitted from host: <137.138.55.115:9618?addrs=137.138.55.115-9618+[2001-1458-d00-17--12a]-9618&alias=bigbird23.cern.ch&noUDP&sock=schedd_23881_f548>
...
040 (6780247.000.000) 06/16 17:15:50 Started transferring input files
	Transferring to host: <128.142.248.214:9618?addrs=128.142.248.214-9618+[2001-1458-301-73--100-d5]-9618&alias=b9g23p2447.cern.ch&noUDP&sock=slot1_10_3852807_d29a_16815>
...
040 (6780247.000.000) 06/16 17:15:50 Finished transferring input files
...
001 (6780247.000.000) 06/16 17:15:51 Job executing on host: <128.142.248.214:9618?addrs=128.142.248.214-9618+[2001-1458-301-73--100-d5]-9618&alias=b9g23p2447.cern.ch&noUDP&sock=startd_118463_57d8>
	SlotName: slot1_10@b9g23p2447.cern.ch
	CondorScratchDir = "/pool/condor/dir_409607"
	Cpus = 1
	Disk = 2929897
	Memory = 2000
...
006 (6780247.000.000) 06/16 17:15:59 Image size of job updated: 65012
	64  -  MemoryUsage of job (MB)
	65012  -  ResidentSetSize of job (KB)
...
006 (6780247.000.000) 06/16 17:15:59 Image size of job updated: 68396
	64  -  MemoryUsage of job (MB)
	65012  -  ResidentSetSize of job (KB)
...
040 (6780247.000.000) 06/16 17:15:59 Started transferring output files
...
040 (6780247.000.000) 06/16 17:16:00 Finished transferring output files
...
005 (6780247.000.000) 06/16 17:16:00 Job terminated.
	(1) Normal termination (return value 1)
		Usr 0 00:00:01, Sys 0 00:00:00  -  Run Remote Usage
		Usr 0 00:00:00, Sys 0 00:00:00  -  Run Local Usage
		Usr 0 00:00:01, Sys 0 00:00:00  -  Total Remote Usage
		Usr 0 00:00:00, Sys 0 00:00:00  -  Total Local Usage
	3230  -  Run Bytes Sent By Job
	11101  -  Run Bytes Received By Job
	3230  -  Total Bytes Sent By Job
	11101  -  Total Bytes Received By Job
	Partitionable Resources :    Usage  Request Allocated 
	   Cpus                 :                 1         1 
	   Disk (KB)            :       30       12   2929897 
	   Memory (MB)          :       64     2000      2000 

	Job terminated of its own accord at 2024-06-16T15:15:59Z with exit-code 1.
...
000 (6782044.000.000) 06/16 23:53:02 Job submitted from host: <137.138.55.115:9618?addrs=137.138.55.115-9618+[2001-1458-d00-17--12a]-9618&alias=bigbird23.cern.ch&noUDP&sock=schedd_23881_f548>
...
040 (6782044.000.000) 06/16 23:55:47 Started transferring input files
	Transferring to host: <128.142.56.147:9618?addrs=128.142.56.147-9618&alias=b7s01p0322.cern.ch&noUDP&sock=slot1_24_7589_e30e_167063>
...
040 (6782044.000.000) 06/16 23:55:47 Finished transferring input files
...
001 (6782044.000.000) 06/16 23:55:48 Job executing on host: <128.142.56.147:9618?addrs=128.142.56.147-9618&alias=b7s01p0322.cern.ch&noUDP&sock=startd_7511_7fee>
	SlotName: slot1_24@b7s01p0322.cern.ch
...
006 (6782044.000.000) 06/16 23:55:57 Image size of job updated: 92288
	25  -  MemoryUsage of job (MB)
	24804  -  ResidentSetSize of job (KB)
...
006 (6782044.000.000) 06/16 23:56:54 Image size of job updated: 1243852
	25  -  MemoryUsage of job (MB)
	24804  -  ResidentSetSize of job (KB)
...
040 (6782044.000.000) 06/16 23:56:54 Started transferring output files
...
040 (6782044.000.000) 06/16 23:56:54 Finished transferring output files
...
005 (6782044.000.000) 06/16 23:56:54 Job terminated.
	(1) Normal termination (return value 1)
		Usr 0 00:00:11, Sys 0 00:00:03  -  Run Remote Usage
		Usr 0 00:00:00, Sys 0 00:00:00  -  Run Local Usage
		Usr 0 00:00:11, Sys 0 00:00:03  -  Total Remote Usage
		Usr 0 00:00:00, Sys 0 00:00:00  -  Total Local Usage
	6618  -  Run Bytes Sent By Job
	11101  -  Run Bytes Received By Job
	6618  -  Total Bytes Sent By Job
	11101  -  Total Bytes Received By Job
	Partitionable Resources :    Usage  Request Allocated 
	   Cpus                 :                 1         1 
	   Disk (KB)            :       31       12   1246465 
	   Memory (MB)          :       25     2000      2000 

	Job terminated of its own accord at 2024-06-16T21:56:54Z with exit-code 1.
...
000 (6782372.000.000) 06/17 09:35:22 Job submitted from host: <137.138.55.115:9618?addrs=137.138.55.115-9618+[2001-1458-d00-17--12a]-9618&alias=bigbird23.cern.ch&noUDP&sock=schedd_23881_f548>
...
040 (6782372.000.000) 06/17 09:40:48 Started transferring input files
	Transferring to host: <128.142.57.108:9618?addrs=128.142.57.108-9618&alias=b7s02p5477.cern.ch&noUDP&sock=slot1_2_6912_e112_189838>
...
040 (6782372.000.000) 06/17 09:40:48 Finished transferring input files
...
001 (6782372.000.000) 06/17 09:40:49 Job executing on host: <128.142.57.108:9618?addrs=128.142.57.108-9618&alias=b7s02p5477.cern.ch&noUDP&sock=startd_6847_0d0c>
	SlotName: slot1_2@b7s02p5477.cern.ch
...
006 (6782372.000.000) 06/17 09:40:58 Image size of job updated: 276296
	9  -  MemoryUsage of job (MB)
	8468  -  ResidentSetSize of job (KB)
...
006 (6782372.000.000) 06/17 09:45:59 Image size of job updated: 17323664
	2639  -  MemoryUsage of job (MB)
	2701748  -  ResidentSetSize of job (KB)
...
006 (6782372.000.000) 06/17 09:51:00 Image size of job updated: 17408332
	2979  -  MemoryUsage of job (MB)
	3049976  -  ResidentSetSize of job (KB)
...
006 (6782372.000.000) 06/17 09:56:01 Image size of job updated: 17429464
	3084  -  MemoryUsage of job (MB)
	3157244  -  ResidentSetSize of job (KB)
...
006 (6782372.000.000) 06/17 10:01:01 Image size of job updated: 17458580
	3236  -  MemoryUsage of job (MB)
	3312680  -  ResidentSetSize of job (KB)
...
006 (6782372.000.000) 06/17 10:06:02 Image size of job updated: 17458696
	3320  -  MemoryUsage of job (MB)
	3399564  -  ResidentSetSize of job (KB)
...
006 (6782372.000.000) 06/17 10:11:03 Image size of job updated: 17458952
	3394  -  MemoryUsage of job (MB)
	3475392  -  ResidentSetSize of job (KB)
...
006 (6782372.000.000) 06/17 10:16:04 Image size of job updated: 17458952
	3463  -  MemoryUsage of job (MB)
	3545164  -  ResidentSetSize of job (KB)
...
006 (6782372.000.000) 06/17 10:21:05 Image size of job updated: 17458952
	3530  -  MemoryUsage of job (MB)
	3613704  -  ResidentSetSize of job (KB)
...
006 (6782372.000.000) 06/17 10:26:05 Image size of job updated: 17459208
	3540  -  MemoryUsage of job (MB)
	3624912  -  ResidentSetSize of job (KB)
...
006 (6782372.000.000) 06/17 10:31:06 Image size of job updated: 17459208
	3568  -  MemoryUsage of job (MB)
	3653420  -  ResidentSetSize of job (KB)
...
006 (6782372.000.000) 06/17 10:36:07 Image size of job updated: 17459464
	3568  -  MemoryUsage of job (MB)
	3653420  -  ResidentSetSize of job (KB)
...
006 (6782372.000.000) 06/17 10:41:07 Image size of job updated: 17459464
	3667  -  MemoryUsage of job (MB)
	3754424  -  ResidentSetSize of job (KB)
...
040 (6782372.000.000) 06/17 10:41:08 Started transferring output files
...
040 (6782372.000.000) 06/17 10:41:08 Finished transferring output files
...
009 (6782372.000.000) 06/17 10:41:08 Job was aborted.
	Job removed by SYSTEM_PERIODIC_REMOVE due to wall time exceeded allowed max.
...
000 (6783178.000.000) 06/17 11:07:47 Job submitted from host: <137.138.55.115:9618?addrs=137.138.55.115-9618+[2001-1458-d00-17--12a]-9618&alias=bigbird23.cern.ch&noUDP&sock=schedd_23881_f548>
...
040 (6783178.000.000) 06/17 11:17:36 Started transferring input files
	Transferring to host: <128.142.57.38:9618?addrs=128.142.57.38-9618&alias=b7s02p3644.cern.ch&noUDP&sock=slot1_13_6986_04d5_188340>
...
040 (6783178.000.000) 06/17 11:17:36 Finished transferring input files
...
001 (6783178.000.000) 06/17 11:17:37 Job executing on host: <128.142.57.38:9618?addrs=128.142.57.38-9618&alias=b7s02p3644.cern.ch&noUDP&sock=startd_6920_1f76>
	SlotName: slot1_13@b7s02p3644.cern.ch
...
006 (6783178.000.000) 06/17 11:17:45 Image size of job updated: 176280
	99  -  MemoryUsage of job (MB)
	100416  -  ResidentSetSize of job (KB)
...
006 (6783178.000.000) 06/17 11:17:59 Image size of job updated: 809940
	99  -  MemoryUsage of job (MB)
	100420  -  ResidentSetSize of job (KB)
...
040 (6783178.000.000) 06/17 11:17:59 Started transferring output files
...
040 (6783178.000.000) 06/17 11:17:59 Finished transferring output files
...
005 (6783178.000.000) 06/17 11:17:59 Job terminated.
	(1) Normal termination (return value 1)
		Usr 0 00:00:07, Sys 0 00:00:02  -  Run Remote Usage
		Usr 0 00:00:00, Sys 0 00:00:00  -  Run Local Usage
		Usr 0 00:00:07, Sys 0 00:00:02  -  Total Remote Usage
		Usr 0 00:00:00, Sys 0 00:00:00  -  Total Local Usage
	6634  -  Run Bytes Sent By Job
	11096  -  Run Bytes Received By Job
	6634  -  Total Bytes Sent By Job
	11096  -  Total Bytes Received By Job
	Partitionable Resources :    Usage  Request Allocated 
	   Cpus                 :                 1         1 
	   Disk (KB)            :       31       12   1241269 
	   Memory (MB)          :       99     2000      2000 

	Job terminated of its own accord at 2024-06-17T09:17:59Z with exit-code 1.
...
000 (6783183.000.000) 06/17 11:19:54 Job submitted from host: <137.138.55.115:9618?addrs=137.138.55.115-9618+[2001-1458-d00-17--12a]-9618&alias=bigbird23.cern.ch&noUDP&sock=schedd_23881_f548>
...
040 (6783183.000.000) 06/17 11:22:22 Started transferring input files
	Transferring to host: <128.142.57.125:9618?addrs=128.142.57.125-9618&alias=b7s02p8541.cern.ch&noUDP&sock=slot1_13_6918_1b52_168044>
...
040 (6783183.000.000) 06/17 11:22:22 Finished transferring input files
...
001 (6783183.000.000) 06/17 11:22:23 Job executing on host: <128.142.57.125:9618?addrs=128.142.57.125-9618&alias=b7s02p8541.cern.ch&noUDP&sock=startd_6852_7b05>
	SlotName: slot1_13@b7s02p8541.cern.ch
...
006 (6783183.000.000) 06/17 11:22:32 Image size of job updated: 275332
	8  -  MemoryUsage of job (MB)
	7732  -  ResidentSetSize of job (KB)
...
006 (6783183.000.000) 06/17 11:25:19 Image size of job updated: 17300976
	8  -  MemoryUsage of job (MB)
	7732  -  ResidentSetSize of job (KB)
...
040 (6783183.000.000) 06/17 11:25:19 Started transferring output files
...
040 (6783183.000.000) 06/17 11:25:19 Finished transferring output files
...
004 (6783183.000.000) 06/17 11:25:19 Job was evicted.
	(0) CPU times
		Usr 0 00:01:18, Sys 0 00:00:11  -  Run Remote Usage
		Usr 0 00:00:00, Sys 0 00:00:00  -  Run Local Usage
	93985  -  Run Bytes Sent By Job
	11091  -  Run Bytes Received By Job
	Partitionable Resources :    Usage  Request Allocated 
	   Cpus                 :                 1         1 
	   Disk (KB)            :      120       12   1158583 
	   Memory (MB)          :        8     2000      2000 
...
009 (6783183.000.000) 06/17 11:25:19 Job was aborted.
	via condor_rm (by user fsalerno)
...
000 (6783187.000.000) 06/17 11:25:43 Job submitted from host: <137.138.55.115:9618?addrs=137.138.55.115-9618+[2001-1458-d00-17--12a]-9618&alias=bigbird23.cern.ch&noUDP&sock=schedd_23881_f548>
...
040 (6783187.000.000) 06/17 11:25:48 Started transferring input files
	Transferring to host: <128.142.56.124:9618?addrs=128.142.56.124-9618&alias=b7s01p2473.cern.ch&noUDP&sock=slot1_11_7192_2a1e_189462>
...
040 (6783187.000.000) 06/17 11:25:48 Finished transferring input files
...
001 (6783187.000.000) 06/17 11:25:49 Job executing on host: <128.142.56.124:9618?addrs=128.142.56.124-9618&alias=b7s01p2473.cern.ch&noUDP&sock=startd_7145_7445>
	SlotName: slot1_11@b7s01p2473.cern.ch
...
006 (6783187.000.000) 06/17 11:25:58 Image size of job updated: 699792
	96  -  MemoryUsage of job (MB)
	97776  -  ResidentSetSize of job (KB)
...
006 (6783187.000.000) 06/17 11:30:59 Image size of job updated: 20892288
	2865  -  MemoryUsage of job (MB)
	2933520  -  ResidentSetSize of job (KB)
...
006 (6783187.000.000) 06/17 11:35:59 Image size of job updated: 20970840
	3026  -  MemoryUsage of job (MB)
	3098116  -  ResidentSetSize of job (KB)
...
006 (6783187.000.000) 06/17 11:40:59 Image size of job updated: 20970840
	3209  -  MemoryUsage of job (MB)
	3285480  -  ResidentSetSize of job (KB)
...
006 (6783187.000.000) 06/17 11:46:00 Image size of job updated: 20971212
	3279  -  MemoryUsage of job (MB)
	3357052  -  ResidentSetSize of job (KB)
...
006 (6783187.000.000) 06/17 11:51:00 Image size of job updated: 20971212
	3359  -  MemoryUsage of job (MB)
	3438816  -  ResidentSetSize of job (KB)
...
006 (6783187.000.000) 06/17 11:56:01 Image size of job updated: 20971212
	3407  -  MemoryUsage of job (MB)
	3488004  -  ResidentSetSize of job (KB)
...
006 (6783187.000.000) 06/17 12:01:01 Image size of job updated: 20971212
	3473  -  MemoryUsage of job (MB)
	3555356  -  ResidentSetSize of job (KB)
...
006 (6783187.000.000) 06/17 12:06:01 Image size of job updated: 20971212
	3536  -  MemoryUsage of job (MB)
	3620196  -  ResidentSetSize of job (KB)
...
006 (6783187.000.000) 06/17 12:11:02 Image size of job updated: 20971212
	3592  -  MemoryUsage of job (MB)
	3677504  -  ResidentSetSize of job (KB)
...
006 (6783187.000.000) 06/17 12:16:03 Image size of job updated: 20971980
	3629  -  MemoryUsage of job (MB)
	3715432  -  ResidentSetSize of job (KB)
...
006 (6783187.000.000) 06/17 12:21:03 Image size of job updated: 20971980
	3663  -  MemoryUsage of job (MB)
	3750116  -  ResidentSetSize of job (KB)
...
006 (6783187.000.000) 06/17 12:26:03 Image size of job updated: 20971980
	3747  -  MemoryUsage of job (MB)
	3835916  -  ResidentSetSize of job (KB)
...
006 (6783187.000.000) 06/17 12:41:05 Image size of job updated: 20971980
	3777  -  MemoryUsage of job (MB)
	3867036  -  ResidentSetSize of job (KB)
...
006 (6783187.000.000) 06/17 12:46:06 Image size of job updated: 20971980
	3829  -  MemoryUsage of job (MB)
	3919992  -  ResidentSetSize of job (KB)
...
006 (6783187.000.000) 06/17 13:01:08 Image size of job updated: 20971980
	3862  -  MemoryUsage of job (MB)
	3953948  -  ResidentSetSize of job (KB)
...
006 (6783187.000.000) 06/17 13:06:09 Image size of job updated: 20971980
	3942  -  MemoryUsage of job (MB)
	4035620  -  ResidentSetSize of job (KB)
...
006 (6783187.000.000) 06/17 13:16:10 Image size of job updated: 20971980
	3961  -  MemoryUsage of job (MB)
	4055496  -  ResidentSetSize of job (KB)
...
006 (6783187.000.000) 06/17 13:21:10 Image size of job updated: 20971980
	4016  -  MemoryUsage of job (MB)
	4111648  -  ResidentSetSize of job (KB)
...
006 (6783187.000.000) 06/17 13:26:11 Image size of job updated: 20971980
	4045  -  MemoryUsage of job (MB)
	4141780  -  ResidentSetSize of job (KB)
...
006 (6783187.000.000) 06/17 13:36:12 Image size of job updated: 20971980
	4086  -  MemoryUsage of job (MB)
	4183904  -  ResidentSetSize of job (KB)
...
006 (6783187.000.000) 06/17 13:41:12 Image size of job updated: 20971980
	4104  -  MemoryUsage of job (MB)
	4202360  -  ResidentSetSize of job (KB)
...
006 (6783187.000.000) 06/17 13:46:13 Image size of job updated: 20971980
	4112  -  MemoryUsage of job (MB)
	4210332  -  ResidentSetSize of job (KB)
...
006 (6783187.000.000) 06/17 13:56:13 Image size of job updated: 20971980
	4151  -  MemoryUsage of job (MB)
	4250304  -  ResidentSetSize of job (KB)
...
006 (6783187.000.000) 06/17 14:06:14 Image size of job updated: 20971980
	4165  -  MemoryUsage of job (MB)
	4264252  -  ResidentSetSize of job (KB)
...
006 (6783187.000.000) 06/17 14:11:14 Image size of job updated: 20971980
	4180  -  MemoryUsage of job (MB)
	4279712  -  ResidentSetSize of job (KB)
...
006 (6783187.000.000) 06/17 14:16:15 Image size of job updated: 20971980
	4197  -  MemoryUsage of job (MB)
	4297472  -  ResidentSetSize of job (KB)
...
006 (6783187.000.000) 06/17 14:21:16 Image size of job updated: 20971980
	4208  -  MemoryUsage of job (MB)
	4308792  -  ResidentSetSize of job (KB)
...
006 (6783187.000.000) 06/17 14:26:16 Image size of job updated: 20971980
	4209  -  MemoryUsage of job (MB)
	4309228  -  ResidentSetSize of job (KB)
...
006 (6783187.000.000) 06/17 14:31:16 Image size of job updated: 20971980
	4216  -  MemoryUsage of job (MB)
	4316908  -  ResidentSetSize of job (KB)
...
006 (6783187.000.000) 06/17 14:36:17 Image size of job updated: 20971980
	4234  -  MemoryUsage of job (MB)
	4335324  -  ResidentSetSize of job (KB)
...
006 (6783187.000.000) 06/17 14:41:18 Image size of job updated: 20971980
	4277  -  MemoryUsage of job (MB)
	4378988  -  ResidentSetSize of job (KB)
...
006 (6783187.000.000) 06/17 14:46:18 Image size of job updated: 20976332
	4290  -  MemoryUsage of job (MB)
	4392408  -  ResidentSetSize of job (KB)
...
006 (6783187.000.000) 06/17 14:51:19 Image size of job updated: 20976332
	4298  -  MemoryUsage of job (MB)
	4400464  -  ResidentSetSize of job (KB)
...
006 (6783187.000.000) 06/17 14:56:20 Image size of job updated: 20976332
	4299  -  MemoryUsage of job (MB)
	4401748  -  ResidentSetSize of job (KB)
...
006 (6783187.000.000) 06/17 15:06:20 Image size of job updated: 20976332
	4328  -  MemoryUsage of job (MB)
	4431772  -  ResidentSetSize of job (KB)
...
006 (6783187.000.000) 06/17 15:11:21 Image size of job updated: 20976332
	4353  -  MemoryUsage of job (MB)
	4456940  -  ResidentSetSize of job (KB)
...
006 (6783187.000.000) 06/17 15:21:24 Image size of job updated: 20976332
	4360  -  MemoryUsage of job (MB)
	4464044  -  ResidentSetSize of job (KB)
...
006 (6783187.000.000) 06/17 15:26:24 Image size of job updated: 20976332
	4373  -  MemoryUsage of job (MB)
	4477532  -  ResidentSetSize of job (KB)
...
006 (6783187.000.000) 06/17 15:31:24 Image size of job updated: 20976332
	4375  -  MemoryUsage of job (MB)
	4479444  -  ResidentSetSize of job (KB)
...
006 (6783187.000.000) 06/17 15:56:39 Image size of job updated: 20976332
	4404  -  MemoryUsage of job (MB)
	4509192  -  ResidentSetSize of job (KB)
...
006 (6783187.000.000) 06/17 16:06:27 Image size of job updated: 20976332
	4411  -  MemoryUsage of job (MB)
	4516516  -  ResidentSetSize of job (KB)
...
006 (6783187.000.000) 06/17 16:16:29 Image size of job updated: 20976332
	4428  -  MemoryUsage of job (MB)
	4533648  -  ResidentSetSize of job (KB)
...
006 (6783187.000.000) 06/17 16:26:29 Image size of job updated: 20976332
	4428  -  MemoryUsage of job (MB)
	4534120  -  ResidentSetSize of job (KB)
...
006 (6783187.000.000) 06/17 16:41:30 Image size of job updated: 20976332
	4447  -  MemoryUsage of job (MB)
	4553212  -  ResidentSetSize of job (KB)
...
006 (6783187.000.000) 06/17 16:46:31 Image size of job updated: 20976332
	4453  -  MemoryUsage of job (MB)
	4559240  -  ResidentSetSize of job (KB)
...
006 (6783187.000.000) 06/17 16:56:32 Image size of job updated: 20976332
	4471  -  MemoryUsage of job (MB)
	4577364  -  ResidentSetSize of job (KB)
...
006 (6783187.000.000) 06/17 17:01:33 Image size of job updated: 20976332
	4476  -  MemoryUsage of job (MB)
	4582748  -  ResidentSetSize of job (KB)
...
006 (6783187.000.000) 06/17 17:06:34 Image size of job updated: 20976332
	4482  -  MemoryUsage of job (MB)
	4588764  -  ResidentSetSize of job (KB)
...
006 (6783187.000.000) 06/17 17:11:34 Image size of job updated: 20976332
	4487  -  MemoryUsage of job (MB)
	4593768  -  ResidentSetSize of job (KB)
...
006 (6783187.000.000) 06/17 17:16:34 Image size of job updated: 20976332
	4493  -  MemoryUsage of job (MB)
	4599928  -  ResidentSetSize of job (KB)
...
006 (6783187.000.000) 06/17 17:21:36 Image size of job updated: 20976332
	4495  -  MemoryUsage of job (MB)
	4602084  -  ResidentSetSize of job (KB)
...
006 (6783187.000.000) 06/17 17:31:36 Image size of job updated: 20976332
	4503  -  MemoryUsage of job (MB)
	4610548  -  ResidentSetSize of job (KB)
...
006 (6783187.000.000) 06/17 17:41:37 Image size of job updated: 20976332
	4516  -  MemoryUsage of job (MB)
	4624188  -  ResidentSetSize of job (KB)
...
006 (6783187.000.000) 06/17 17:46:37 Image size of job updated: 20976332
	4522  -  MemoryUsage of job (MB)
	4629748  -  ResidentSetSize of job (KB)
...
006 (6783187.000.000) 06/17 17:56:39 Image size of job updated: 20976332
	4535  -  MemoryUsage of job (MB)
	4642868  -  ResidentSetSize of job (KB)
...
006 (6783187.000.000) 06/17 18:01:39 Image size of job updated: 20976332
	4535  -  MemoryUsage of job (MB)
	4643064  -  ResidentSetSize of job (KB)
...
006 (6783187.000.000) 06/17 18:06:40 Image size of job updated: 20988204
	4549  -  MemoryUsage of job (MB)
	4657440  -  ResidentSetSize of job (KB)
...
006 (6783187.000.000) 06/17 18:11:41 Image size of job updated: 20988204
	4554  -  MemoryUsage of job (MB)
	4663172  -  ResidentSetSize of job (KB)
...
006 (6783187.000.000) 06/17 18:16:41 Image size of job updated: 20988204
	4561  -  MemoryUsage of job (MB)
	4669580  -  ResidentSetSize of job (KB)
...
006 (6783187.000.000) 06/17 18:21:41 Image size of job updated: 20988460
	4561  -  MemoryUsage of job (MB)
	4669580  -  ResidentSetSize of job (KB)
...
006 (6783187.000.000) 06/17 18:26:42 Image size of job updated: 20988716
	4561  -  MemoryUsage of job (MB)
	4670188  -  ResidentSetSize of job (KB)
...
006 (6783187.000.000) 06/17 19:06:45 Image size of job updated: 20988716
	4564  -  MemoryUsage of job (MB)
	4673500  -  ResidentSetSize of job (KB)
...
006 (6783187.000.000) 06/17 19:11:46 Image size of job updated: 20988716
	4571  -  MemoryUsage of job (MB)
	4680080  -  ResidentSetSize of job (KB)
...
006 (6783187.000.000) 06/17 19:16:46 Image size of job updated: 20988716
	4573  -  MemoryUsage of job (MB)
	4682332  -  ResidentSetSize of job (KB)
...
006 (6783187.000.000) 06/17 19:21:47 Image size of job updated: 20988716
	4588  -  MemoryUsage of job (MB)
	4697200  -  ResidentSetSize of job (KB)
...
006 (6783187.000.000) 06/17 20:21:54 Image size of job updated: 20988716
	4588  -  MemoryUsage of job (MB)
	4697616  -  ResidentSetSize of job (KB)
...
006 (6783187.000.000) 06/17 20:31:56 Image size of job updated: 20988716
	4593  -  MemoryUsage of job (MB)
	4703180  -  ResidentSetSize of job (KB)
...
006 (6783187.000.000) 06/17 20:36:56 Image size of job updated: 20988716
	4594  -  MemoryUsage of job (MB)
	4703236  -  ResidentSetSize of job (KB)
...
006 (6783187.000.000) 06/17 20:41:56 Image size of job updated: 20988716
	4594  -  MemoryUsage of job (MB)
	4703264  -  ResidentSetSize of job (KB)
...
006 (6783187.000.000) 06/17 21:32:03 Image size of job updated: 20990764
	4594  -  MemoryUsage of job (MB)
	4703264  -  ResidentSetSize of job (KB)
...
006 (6783187.000.000) 06/18 06:36:32 Image size of job updated: 20992812
	4594  -  MemoryUsage of job (MB)
	4703264  -  ResidentSetSize of job (KB)
...
006 (6783187.000.000) 06/18 07:15:51 Image size of job updated: 20993068
	4594  -  MemoryUsage of job (MB)
	4703264  -  ResidentSetSize of job (KB)
...
006 (6783187.000.000) 06/18 08:45:34 Image size of job updated: 20994348
	4594  -  MemoryUsage of job (MB)
	4703264  -  ResidentSetSize of job (KB)
...
006 (6783187.000.000) 06/18 10:00:43 Image size of job updated: 20994860
	4594  -  MemoryUsage of job (MB)
	4703264  -  ResidentSetSize of job (KB)
...
006 (6783187.000.000) 06/18 10:30:46 Image size of job updated: 20995372
	4594  -  MemoryUsage of job (MB)
	4703264  -  ResidentSetSize of job (KB)
...
040 (6783187.000.000) 06/18 11:27:08 Started transferring output files
...
040 (6783187.000.000) 06/18 11:27:21 Finished transferring output files
...
009 (6783187.000.000) 06/18 11:27:26 Job was aborted.
	Job removed by SYSTEM_PERIODIC_REMOVE due to wall time exceeded allowed max.
...
000 (6798761.000.000) 06/18 17:56:01 Job submitted from host: <137.138.55.115:9618?addrs=137.138.55.115-9618+[2001-1458-d00-17--12a]-9618&alias=bigbird23.cern.ch&noUDP&sock=schedd_23881_f548>
...
000 (6798767.000.000) 06/18 17:56:42 Job submitted from host: <137.138.55.115:9618?addrs=137.138.55.115-9618+[2001-1458-d00-17--12a]-9618&alias=bigbird23.cern.ch&noUDP&sock=schedd_23881_f548>
...
040 (6798761.000.000) 06/18 18:16:34 Started transferring input files
	Transferring to host: <128.142.57.107:9618?addrs=128.142.57.107-9618+[2001-1458-301-7--100-6a]-9618&alias=b7s02p3228.cern.ch&noUDP&sock=slot1_1_3291_8e9f_88572>
...
040 (6798761.000.000) 06/18 18:16:34 Finished transferring input files
...
001 (6798761.000.000) 06/18 18:16:35 Job executing on host: <128.142.57.107:9618?addrs=128.142.57.107-9618+[2001-1458-301-7--100-6a]-9618&alias=b7s02p3228.cern.ch&noUDP&sock=startd_2807_f26e>
	SlotName: slot1_1@b7s02p3228.cern.ch
...
006 (6798761.000.000) 06/18 18:16:43 Image size of job updated: 27888
	21  -  MemoryUsage of job (MB)
	21152  -  ResidentSetSize of job (KB)
...
006 (6798761.000.000) 06/18 18:21:43 Image size of job updated: 17381984
	2903  -  MemoryUsage of job (MB)
	2972516  -  ResidentSetSize of job (KB)
...
006 (6798761.000.000) 06/18 18:26:44 Image size of job updated: 17421104
	3114  -  MemoryUsage of job (MB)
	3188200  -  ResidentSetSize of job (KB)
...
006 (6798761.000.000) 06/18 18:31:45 Image size of job updated: 17421104
	3251  -  MemoryUsage of job (MB)
	3328096  -  ResidentSetSize of job (KB)
...
006 (6798761.000.000) 06/18 18:36:45 Image size of job updated: 17421104
	3359  -  MemoryUsage of job (MB)
	3438728  -  ResidentSetSize of job (KB)
...
006 (6798761.000.000) 06/18 18:41:46 Image size of job updated: 17424408
	3519  -  MemoryUsage of job (MB)
	3602692  -  ResidentSetSize of job (KB)
...
006 (6798761.000.000) 06/18 18:46:47 Image size of job updated: 17426884
	3524  -  MemoryUsage of job (MB)
	3607700  -  ResidentSetSize of job (KB)
...
040 (6798767.000.000) 06/18 18:48:05 Started transferring input files
	Transferring to host: <128.142.56.85:9618?addrs=128.142.56.85-9618&alias=b7s01p8820.cern.ch&noUDP&sock=slot1_1_7504_ff2a_173186>
...
040 (6798767.000.000) 06/18 18:48:05 Finished transferring input files
...
001 (6798767.000.000) 06/18 18:48:07 Job executing on host: <128.142.56.85:9618?addrs=128.142.56.85-9618&alias=b7s01p8820.cern.ch&noUDP&sock=startd_7456_c639>
	SlotName: slot1_1@b7s01p8820.cern.ch
...
006 (6798767.000.000) 06/18 18:48:15 Image size of job updated: 92292
	21  -  MemoryUsage of job (MB)
	20928  -  ResidentSetSize of job (KB)
...
006 (6798761.000.000) 06/18 18:51:47 Image size of job updated: 17426884
	3672  -  MemoryUsage of job (MB)
	3759616  -  ResidentSetSize of job (KB)
...
006 (6798767.000.000) 06/18 18:53:15 Image size of job updated: 17416780
	2965  -  MemoryUsage of job (MB)
	3035836  -  ResidentSetSize of job (KB)
...
006 (6798761.000.000) 06/18 18:56:48 Image size of job updated: 17426884
	3708  -  MemoryUsage of job (MB)
	3796748  -  ResidentSetSize of job (KB)
...
006 (6798767.000.000) 06/18 18:58:15 Image size of job updated: 17416780
	3130  -  MemoryUsage of job (MB)
	3204680  -  ResidentSetSize of job (KB)
...
006 (6798761.000.000) 06/18 19:01:49 Image size of job updated: 17430232
	3823  -  MemoryUsage of job (MB)
	3914676  -  ResidentSetSize of job (KB)
...
006 (6798767.000.000) 06/18 19:03:16 Image size of job updated: 17420708
	3207  -  MemoryUsage of job (MB)
	3283488  -  ResidentSetSize of job (KB)
...
006 (6798761.000.000) 06/18 19:06:49 Image size of job updated: 17430480
	3825  -  MemoryUsage of job (MB)
	3916544  -  ResidentSetSize of job (KB)
...
006 (6798767.000.000) 06/18 19:08:17 Image size of job updated: 17420964
	3345  -  MemoryUsage of job (MB)
	3425224  -  ResidentSetSize of job (KB)
...
006 (6798761.000.000) 06/18 19:11:49 Image size of job updated: 17430480
	3860  -  MemoryUsage of job (MB)
	3952440  -  ResidentSetSize of job (KB)
...
006 (6798767.000.000) 06/18 19:13:17 Image size of job updated: 17431744
	3493  -  MemoryUsage of job (MB)
	3576052  -  ResidentSetSize of job (KB)
...
006 (6798767.000.000) 06/18 19:18:18 Image size of job updated: 17431744
	3608  -  MemoryUsage of job (MB)
	3694184  -  ResidentSetSize of job (KB)
...
006 (6798767.000.000) 06/18 19:23:19 Image size of job updated: 17432000
	3669  -  MemoryUsage of job (MB)
	3757012  -  ResidentSetSize of job (KB)
...
006 (6798767.000.000) 06/18 19:28:19 Image size of job updated: 17432000
	3720  -  MemoryUsage of job (MB)
	3808268  -  ResidentSetSize of job (KB)
...
006 (6798767.000.000) 06/18 19:33:19 Image size of job updated: 17432256
	3722  -  MemoryUsage of job (MB)
	3810600  -  ResidentSetSize of job (KB)
...
006 (6798767.000.000) 06/18 19:38:20 Image size of job updated: 17432256
	3798  -  MemoryUsage of job (MB)
	3888272  -  ResidentSetSize of job (KB)
...
006 (6798767.000.000) 06/18 19:43:20 Image size of job updated: 17432256
	3849  -  MemoryUsage of job (MB)
	3940432  -  ResidentSetSize of job (KB)
...
006 (6798767.000.000) 06/18 19:48:20 Image size of job updated: 17432512
	3877  -  MemoryUsage of job (MB)
	3969160  -  ResidentSetSize of job (KB)
...
006 (6798767.000.000) 06/18 19:53:22 Image size of job updated: 17432512
	3911  -  MemoryUsage of job (MB)
	4004432  -  ResidentSetSize of job (KB)
...
006 (6798767.000.000) 06/18 19:58:22 Image size of job updated: 17432512
	3975  -  MemoryUsage of job (MB)
	4070176  -  ResidentSetSize of job (KB)
...
006 (6798767.000.000) 06/18 20:03:22 Image size of job updated: 17432768
	3983  -  MemoryUsage of job (MB)
	4077852  -  ResidentSetSize of job (KB)
...
006 (6798767.000.000) 06/18 20:08:23 Image size of job updated: 17433024
	4054  -  MemoryUsage of job (MB)
	4150904  -  ResidentSetSize of job (KB)
...
006 (6798767.000.000) 06/18 20:13:24 Image size of job updated: 17433024
	4078  -  MemoryUsage of job (MB)
	4174852  -  ResidentSetSize of job (KB)
...
006 (6798767.000.000) 06/18 20:18:24 Image size of job updated: 17433024
	4117  -  MemoryUsage of job (MB)
	4215320  -  ResidentSetSize of job (KB)
...
006 (6798767.000.000) 06/18 20:23:25 Image size of job updated: 17433024
	4135  -  MemoryUsage of job (MB)
	4233376  -  ResidentSetSize of job (KB)
...
006 (6798767.000.000) 06/18 20:28:26 Image size of job updated: 17433280
	4155  -  MemoryUsage of job (MB)
	4254132  -  ResidentSetSize of job (KB)
...
006 (6798767.000.000) 06/18 20:33:26 Image size of job updated: 17434048
	4167  -  MemoryUsage of job (MB)
	4266692  -  ResidentSetSize of job (KB)
...
006 (6798767.000.000) 06/18 20:43:28 Image size of job updated: 17434304
	4205  -  MemoryUsage of job (MB)
	4305072  -  ResidentSetSize of job (KB)
...
006 (6798767.000.000) 06/18 20:48:28 Image size of job updated: 17434304
	4217  -  MemoryUsage of job (MB)
	4318032  -  ResidentSetSize of job (KB)
...
006 (6798767.000.000) 06/18 20:53:28 Image size of job updated: 17434560
	4217  -  MemoryUsage of job (MB)
	4318032  -  ResidentSetSize of job (KB)
...
006 (6798767.000.000) 06/18 21:03:30 Image size of job updated: 17434560
	4263  -  MemoryUsage of job (MB)
	4364540  -  ResidentSetSize of job (KB)
...
006 (6798767.000.000) 06/18 21:08:31 Image size of job updated: 17434816
	4283  -  MemoryUsage of job (MB)
	4385012  -  ResidentSetSize of job (KB)
...
006 (6798767.000.000) 06/18 21:18:32 Image size of job updated: 17435072
	4315  -  MemoryUsage of job (MB)
	4417544  -  ResidentSetSize of job (KB)
...
006 (6798767.000.000) 06/18 21:23:33 Image size of job updated: 17435072
	4324  -  MemoryUsage of job (MB)
	4426880  -  ResidentSetSize of job (KB)
...
006 (6798767.000.000) 06/18 21:28:33 Image size of job updated: 17435072
	4329  -  MemoryUsage of job (MB)
	4432700  -  ResidentSetSize of job (KB)
...
006 (6798767.000.000) 06/18 21:33:33 Image size of job updated: 17435328
	4338  -  MemoryUsage of job (MB)
	4441464  -  ResidentSetSize of job (KB)
...
006 (6798767.000.000) 06/18 21:43:34 Image size of job updated: 17435584
	4363  -  MemoryUsage of job (MB)
	4466724  -  ResidentSetSize of job (KB)
...
006 (6798767.000.000) 06/18 21:58:35 Image size of job updated: 17435840
	4363  -  MemoryUsage of job (MB)
	4466724  -  ResidentSetSize of job (KB)
...
006 (6798767.000.000) 06/18 22:03:35 Image size of job updated: 17435840
	4379  -  MemoryUsage of job (MB)
	4483924  -  ResidentSetSize of job (KB)
...
006 (6798767.000.000) 06/18 22:08:36 Image size of job updated: 17436096
	4379  -  MemoryUsage of job (MB)
	4483924  -  ResidentSetSize of job (KB)
...
006 (6798767.000.000) 06/18 22:13:37 Image size of job updated: 17436096
	4397  -  MemoryUsage of job (MB)
	4502048  -  ResidentSetSize of job (KB)
...
006 (6798767.000.000) 06/18 22:18:37 Image size of job updated: 17436096
	4401  -  MemoryUsage of job (MB)
	4506396  -  ResidentSetSize of job (KB)
...
006 (6798767.000.000) 06/18 22:23:38 Image size of job updated: 17436352
	4401  -  MemoryUsage of job (MB)
	4506396  -  ResidentSetSize of job (KB)
...
006 (6798767.000.000) 06/18 22:28:38 Image size of job updated: 17436352
	4417  -  MemoryUsage of job (MB)
	4522124  -  ResidentSetSize of job (KB)
...
006 (6798767.000.000) 06/18 22:33:38 Image size of job updated: 17436608
	4418  -  MemoryUsage of job (MB)
	4523272  -  ResidentSetSize of job (KB)
...
006 (6798767.000.000) 06/18 22:43:39 Image size of job updated: 17436608
	4437  -  MemoryUsage of job (MB)
	4542524  -  ResidentSetSize of job (KB)
...
006 (6798767.000.000) 06/18 22:48:39 Image size of job updated: 17436864
	4459  -  MemoryUsage of job (MB)
	4565128  -  ResidentSetSize of job (KB)
...
006 (6798761.000.000) 06/18 22:52:12 Image size of job updated: 17431576
	3860  -  MemoryUsage of job (MB)
	3952440  -  ResidentSetSize of job (KB)
...
006 (6798767.000.000) 06/18 22:53:40 Image size of job updated: 17436864
	4461  -  MemoryUsage of job (MB)
	4567184  -  ResidentSetSize of job (KB)
...
006 (6798767.000.000) 06/18 22:58:41 Image size of job updated: 17437120
	4461  -  MemoryUsage of job (MB)
	4567184  -  ResidentSetSize of job (KB)
...
006 (6798761.000.000) 06/18 23:07:15 Image size of job updated: 17431832
	3860  -  MemoryUsage of job (MB)
	3952440  -  ResidentSetSize of job (KB)
...
006 (6798767.000.000) 06/18 23:08:42 Image size of job updated: 17438400
	4461  -  MemoryUsage of job (MB)
	4567184  -  ResidentSetSize of job (KB)
...
006 (6798767.000.000) 06/18 23:18:44 Image size of job updated: 17438400
	4473  -  MemoryUsage of job (MB)
	4579768  -  ResidentSetSize of job (KB)
...
006 (6798761.000.000) 06/18 23:22:16 Image size of job updated: 17432088
	3860  -  MemoryUsage of job (MB)
	3952440  -  ResidentSetSize of job (KB)
...
006 (6798767.000.000) 06/18 23:23:44 Image size of job updated: 17438656
	4524  -  MemoryUsage of job (MB)
	4631976  -  ResidentSetSize of job (KB)
...
006 (6798767.000.000) 06/18 23:28:44 Image size of job updated: 17438912
	4524  -  MemoryUsage of job (MB)
	4632256  -  ResidentSetSize of job (KB)
...
006 (6798767.000.000) 06/18 23:33:45 Image size of job updated: 17438912
	4525  -  MemoryUsage of job (MB)
	4632728  -  ResidentSetSize of job (KB)
...
006 (6798767.000.000) 06/18 23:38:46 Image size of job updated: 17439168
	4533  -  MemoryUsage of job (MB)
	4640972  -  ResidentSetSize of job (KB)
...
006 (6798761.000.000) 06/18 23:42:19 Image size of job updated: 17432600
	3860  -  MemoryUsage of job (MB)
	3952440  -  ResidentSetSize of job (KB)
...
006 (6798767.000.000) 06/18 23:43:46 Image size of job updated: 17439168
	4539  -  MemoryUsage of job (MB)
	4647600  -  ResidentSetSize of job (KB)
...
006 (6798767.000.000) 06/18 23:58:48 Image size of job updated: 17439424
	4549  -  MemoryUsage of job (MB)
	4658148  -  ResidentSetSize of job (KB)
...
006 (6798761.000.000) 06/19 00:02:20 Image size of job updated: 17433112
	3860  -  MemoryUsage of job (MB)
	3952440  -  ResidentSetSize of job (KB)
...
006 (6798767.000.000) 06/19 00:03:48 Image size of job updated: 17439424
	4558  -  MemoryUsage of job (MB)
	4667252  -  ResidentSetSize of job (KB)
...
006 (6798767.000.000) 06/19 00:08:49 Image size of job updated: 17439424
	4559  -  MemoryUsage of job (MB)
	4667484  -  ResidentSetSize of job (KB)
...
006 (6798767.000.000) 06/19 00:13:50 Image size of job updated: 17439680
	4559  -  MemoryUsage of job (MB)
	4667484  -  ResidentSetSize of job (KB)
...
006 (6798767.000.000) 06/19 00:18:50 Image size of job updated: 17439936
	4573  -  MemoryUsage of job (MB)
	4681976  -  ResidentSetSize of job (KB)
...
006 (6798761.000.000) 06/19 00:22:22 Image size of job updated: 17433368
	3860  -  MemoryUsage of job (MB)
	3952440  -  ResidentSetSize of job (KB)
...
006 (6798767.000.000) 06/19 00:23:51 Image size of job updated: 17439936
	4579  -  MemoryUsage of job (MB)
	4688124  -  ResidentSetSize of job (KB)
...
006 (6798767.000.000) 06/19 00:28:52 Image size of job updated: 17439936
	4587  -  MemoryUsage of job (MB)
	4696464  -  ResidentSetSize of job (KB)
...
006 (6798761.000.000) 06/19 00:32:24 Image size of job updated: 17433624
	3860  -  MemoryUsage of job (MB)
	3952440  -  ResidentSetSize of job (KB)
...
006 (6798767.000.000) 06/19 00:33:52 Image size of job updated: 17440192
	4598  -  MemoryUsage of job (MB)
	4707368  -  ResidentSetSize of job (KB)
...
006 (6798767.000.000) 06/19 00:38:52 Image size of job updated: 17440192
	4598  -  MemoryUsage of job (MB)
	4707372  -  ResidentSetSize of job (KB)
...
006 (6798761.000.000) 06/19 00:42:25 Image size of job updated: 17433880
	3860  -  MemoryUsage of job (MB)
	3952440  -  ResidentSetSize of job (KB)
...
006 (6798767.000.000) 06/19 00:43:53 Image size of job updated: 17440448
	4598  -  MemoryUsage of job (MB)
	4707372  -  ResidentSetSize of job (KB)
...
006 (6798767.000.000) 06/19 00:53:53 Image size of job updated: 17440704
	4598  -  MemoryUsage of job (MB)
	4707372  -  ResidentSetSize of job (KB)
...
006 (6798767.000.000) 06/19 00:58:54 Image size of job updated: 17440704
	4626  -  MemoryUsage of job (MB)
	4736268  -  ResidentSetSize of job (KB)
...
006 (6798761.000.000) 06/19 01:02:28 Image size of job updated: 17434136
	3860  -  MemoryUsage of job (MB)
	3952440  -  ResidentSetSize of job (KB)
...
006 (6798767.000.000) 06/19 01:08:55 Image size of job updated: 17440960
	4626  -  MemoryUsage of job (MB)
	4736268  -  ResidentSetSize of job (KB)
...
006 (6798761.000.000) 06/19 01:12:28 Image size of job updated: 17434392
	3860  -  MemoryUsage of job (MB)
	3952440  -  ResidentSetSize of job (KB)
...
006 (6798767.000.000) 06/19 01:18:57 Image size of job updated: 17440960
	4641  -  MemoryUsage of job (MB)
	4751384  -  ResidentSetSize of job (KB)
...
006 (6798767.000.000) 06/19 01:23:57 Image size of job updated: 17441216
	4641  -  MemoryUsage of job (MB)
	4751384  -  ResidentSetSize of job (KB)
...
006 (6798761.000.000) 06/19 01:27:29 Image size of job updated: 17434648
	3860  -  MemoryUsage of job (MB)
	3952440  -  ResidentSetSize of job (KB)
...
006 (6798767.000.000) 06/19 01:28:57 Image size of job updated: 17441216
	4641  -  MemoryUsage of job (MB)
	4751464  -  ResidentSetSize of job (KB)
...
006 (6798767.000.000) 06/19 01:33:58 Image size of job updated: 17441472
	4641  -  MemoryUsage of job (MB)
	4751464  -  ResidentSetSize of job (KB)
...
006 (6798767.000.000) 06/19 01:38:58 Image size of job updated: 17441472
	4647  -  MemoryUsage of job (MB)
	4757684  -  ResidentSetSize of job (KB)
...
006 (6798761.000.000) 06/19 01:42:30 Image size of job updated: 17435672
	3860  -  MemoryUsage of job (MB)
	3952440  -  ResidentSetSize of job (KB)
...
006 (6798767.000.000) 06/19 01:43:58 Image size of job updated: 17441472
	4648  -  MemoryUsage of job (MB)
	4759068  -  ResidentSetSize of job (KB)
...
006 (6798761.000.000) 06/19 01:47:31 Image size of job updated: 17436472
	3860  -  MemoryUsage of job (MB)
	3952440  -  ResidentSetSize of job (KB)
...
006 (6798767.000.000) 06/19 01:48:59 Image size of job updated: 17442240
	4649  -  MemoryUsage of job (MB)
	4760180  -  ResidentSetSize of job (KB)
...
006 (6798767.000.000) 06/19 01:54:00 Image size of job updated: 17442896
	4650  -  MemoryUsage of job (MB)
	4761340  -  ResidentSetSize of job (KB)
...
006 (6798761.000.000) 06/19 01:57:32 Image size of job updated: 17436728
	3860  -  MemoryUsage of job (MB)
	3952440  -  ResidentSetSize of job (KB)
...
006 (6798767.000.000) 06/19 01:59:00 Image size of job updated: 17453672
	4663  -  MemoryUsage of job (MB)
	4774044  -  ResidentSetSize of job (KB)
...
006 (6798767.000.000) 06/19 02:04:01 Image size of job updated: 17453928
	4663  -  MemoryUsage of job (MB)
	4774044  -  ResidentSetSize of job (KB)
...
006 (6798767.000.000) 06/19 02:14:02 Image size of job updated: 17453928
	4663  -  MemoryUsage of job (MB)
	4774572  -  ResidentSetSize of job (KB)
...
006 (6798761.000.000) 06/19 02:17:34 Image size of job updated: 17436984
	3860  -  MemoryUsage of job (MB)
	3952440  -  ResidentSetSize of job (KB)
...
006 (6798767.000.000) 06/19 02:19:03 Image size of job updated: 17454184
	4663  -  MemoryUsage of job (MB)
	4774908  -  ResidentSetSize of job (KB)
...
006 (6798767.000.000) 06/19 02:34:04 Image size of job updated: 17454184
	4667  -  MemoryUsage of job (MB)
	4778796  -  ResidentSetSize of job (KB)
...
006 (6798767.000.000) 06/19 02:39:05 Image size of job updated: 17454184
	4673  -  MemoryUsage of job (MB)
	4784608  -  ResidentSetSize of job (KB)
...
006 (6798761.000.000) 06/19 02:42:36 Image size of job updated: 17437240
	3860  -  MemoryUsage of job (MB)
	3952440  -  ResidentSetSize of job (KB)
...
006 (6798767.000.000) 06/19 02:44:05 Image size of job updated: 17454184
	4679  -  MemoryUsage of job (MB)
	4790664  -  ResidentSetSize of job (KB)
...
006 (6798767.000.000) 06/19 02:49:06 Image size of job updated: 17454184
	4681  -  MemoryUsage of job (MB)
	4792900  -  ResidentSetSize of job (KB)
...
006 (6798767.000.000) 06/19 02:54:07 Image size of job updated: 17454440
	4681  -  MemoryUsage of job (MB)
	4793152  -  ResidentSetSize of job (KB)
...
006 (6798761.000.000) 06/19 02:57:38 Image size of job updated: 17437496
	3860  -  MemoryUsage of job (MB)
	3952440  -  ResidentSetSize of job (KB)
...
006 (6798767.000.000) 06/19 02:59:07 Image size of job updated: 17454696
	4682  -  MemoryUsage of job (MB)
	4794084  -  ResidentSetSize of job (KB)
...
006 (6798767.000.000) 06/19 03:04:08 Image size of job updated: 17454696
	4684  -  MemoryUsage of job (MB)
	4796124  -  ResidentSetSize of job (KB)
...
006 (6798767.000.000) 06/19 03:14:09 Image size of job updated: 17454696
	4689  -  MemoryUsage of job (MB)
	4801152  -  ResidentSetSize of job (KB)
...
006 (6798767.000.000) 06/19 03:19:09 Image size of job updated: 17454952
	4689  -  MemoryUsage of job (MB)
	4801152  -  ResidentSetSize of job (KB)
...
006 (6798761.000.000) 06/19 03:22:41 Image size of job updated: 17437752
	3860  -  MemoryUsage of job (MB)
	3952440  -  ResidentSetSize of job (KB)
...
006 (6798767.000.000) 06/19 03:24:11 Image size of job updated: 17454952
	4689  -  MemoryUsage of job (MB)
	4801160  -  ResidentSetSize of job (KB)
...
006 (6798767.000.000) 06/19 03:29:11 Image size of job updated: 17454952
	4689  -  MemoryUsage of job (MB)
	4801316  -  ResidentSetSize of job (KB)
...
006 (6798767.000.000) 06/19 03:34:11 Image size of job updated: 17455208
	4690  -  MemoryUsage of job (MB)
	4801928  -  ResidentSetSize of job (KB)
...
006 (6798767.000.000) 06/19 03:44:13 Image size of job updated: 17455208
	4690  -  MemoryUsage of job (MB)
	4802108  -  ResidentSetSize of job (KB)
...
006 (6798761.000.000) 06/19 03:47:42 Image size of job updated: 17438008
	3860  -  MemoryUsage of job (MB)
	3952440  -  ResidentSetSize of job (KB)
...
006 (6798767.000.000) 06/19 03:49:13 Image size of job updated: 17455464
	4690  -  MemoryUsage of job (MB)
	4802108  -  ResidentSetSize of job (KB)
...
006 (6798761.000.000) 06/19 03:52:43 Image size of job updated: 17438520
	3860  -  MemoryUsage of job (MB)
	3952440  -  ResidentSetSize of job (KB)
...
006 (6798767.000.000) 06/19 03:54:14 Image size of job updated: 17455464
	4696  -  MemoryUsage of job (MB)
	4807868  -  ResidentSetSize of job (KB)
...
006 (6798767.000.000) 06/19 04:04:15 Image size of job updated: 17455720
	4701  -  MemoryUsage of job (MB)
	4813320  -  ResidentSetSize of job (KB)
...
006 (6798767.000.000) 06/19 04:14:16 Image size of job updated: 17455720
	4701  -  MemoryUsage of job (MB)
	4813760  -  ResidentSetSize of job (KB)
...
006 (6798767.000.000) 06/19 04:19:16 Image size of job updated: 17455976
	4705  -  MemoryUsage of job (MB)
	4817688  -  ResidentSetSize of job (KB)
...
006 (6798767.000.000) 06/19 04:24:16 Image size of job updated: 17455976
	4712  -  MemoryUsage of job (MB)
	4824636  -  ResidentSetSize of job (KB)
...
006 (6798761.000.000) 06/19 04:27:47 Image size of job updated: 17438776
	3860  -  MemoryUsage of job (MB)
	3952440  -  ResidentSetSize of job (KB)
...
006 (6798767.000.000) 06/19 04:34:18 Image size of job updated: 17456232
	4713  -  MemoryUsage of job (MB)
	4825304  -  ResidentSetSize of job (KB)
...
006 (6798767.000.000) 06/19 04:39:18 Image size of job updated: 17456488
	4713  -  MemoryUsage of job (MB)
	4825304  -  ResidentSetSize of job (KB)
...
006 (6798761.000.000) 06/19 04:42:49 Image size of job updated: 17439032
	3860  -  MemoryUsage of job (MB)
	3952440  -  ResidentSetSize of job (KB)
...
006 (6798767.000.000) 06/19 04:44:19 Image size of job updated: 17456488
	4713  -  MemoryUsage of job (MB)
	4825488  -  ResidentSetSize of job (KB)
...
006 (6798767.000.000) 06/19 04:54:20 Image size of job updated: 17456488
	4713  -  MemoryUsage of job (MB)
	4825644  -  ResidentSetSize of job (KB)
...
006 (6798761.000.000) 06/19 04:57:50 Image size of job updated: 17450456
	3860  -  MemoryUsage of job (MB)
	3952440  -  ResidentSetSize of job (KB)
...
006 (6798767.000.000) 06/19 04:59:21 Image size of job updated: 17456744
	4729  -  MemoryUsage of job (MB)
	4841664  -  ResidentSetSize of job (KB)
...
006 (6798767.000.000) 06/19 05:04:22 Image size of job updated: 17457000
	4729  -  MemoryUsage of job (MB)
	4841936  -  ResidentSetSize of job (KB)
...
040 (6798761.000.000) 06/19 05:09:04 Started transferring output files
...
040 (6798761.000.000) 06/19 05:09:09 Finished transferring output files
...
005 (6798761.000.000) 06/19 05:09:11 Job terminated.
	(1) Normal termination (return value 1)
		Usr 0 21:42:03, Sys 0 03:21:04  -  Run Remote Usage
		Usr 0 00:00:00, Sys 0 00:00:00  -  Run Local Usage
		Usr 0 21:42:03, Sys 0 03:21:04  -  Total Remote Usage
		Usr 0 00:00:00, Sys 0 00:00:00  -  Total Local Usage
	91019840  -  Run Bytes Sent By Job
	11085  -  Run Bytes Received By Job
	91019840  -  Total Bytes Sent By Job
	11085  -  Total Bytes Received By Job
	Partitionable Resources :    Usage  Request Allocated 
	   Cpus                 :     2.60        1         1 
	   Disk (KB)            : 88920          12   1250951 
	   Memory (MB)          :  3860        2000      2000 

	Job terminated of its own accord at 2024-06-19T03:09:02Z with exit-code 1.
...
006 (6798767.000.000) 06/19 05:09:22 Image size of job updated: 17457000
	4729  -  MemoryUsage of job (MB)
	4842264  -  ResidentSetSize of job (KB)
...
006 (6798767.000.000) 06/19 05:14:22 Image size of job updated: 17457000
	4734  -  MemoryUsage of job (MB)
	4846816  -  ResidentSetSize of job (KB)
...
006 (6798767.000.000) 06/19 05:19:24 Image size of job updated: 17457000
	4734  -  MemoryUsage of job (MB)
	4846884  -  ResidentSetSize of job (KB)
...
006 (6798767.000.000) 06/19 05:29:24 Image size of job updated: 17457000
	4737  -  MemoryUsage of job (MB)
	4850584  -  ResidentSetSize of job (KB)
...
006 (6798767.000.000) 06/19 05:34:25 Image size of job updated: 17457256
	4738  -  MemoryUsage of job (MB)
	4850768  -  ResidentSetSize of job (KB)
...
006 (6798767.000.000) 06/19 05:39:26 Image size of job updated: 17457256
	4738  -  MemoryUsage of job (MB)
	4851076  -  ResidentSetSize of job (KB)
...
006 (6798767.000.000) 06/19 05:44:26 Image size of job updated: 17457256
	4739  -  MemoryUsage of job (MB)
	4852504  -  ResidentSetSize of job (KB)
...
006 (6798767.000.000) 06/19 05:49:27 Image size of job updated: 17457256
	4740  -  MemoryUsage of job (MB)
	4852940  -  ResidentSetSize of job (KB)
...
006 (6798767.000.000) 06/19 05:54:28 Image size of job updated: 17457512
	4740  -  MemoryUsage of job (MB)
	4852940  -  ResidentSetSize of job (KB)
...
006 (6798767.000.000) 06/19 06:04:29 Image size of job updated: 17457512
	4740  -  MemoryUsage of job (MB)
	4853160  -  ResidentSetSize of job (KB)
...
006 (6798767.000.000) 06/19 06:09:30 Image size of job updated: 17457512
	4744  -  MemoryUsage of job (MB)
	4856892  -  ResidentSetSize of job (KB)
...
040 (6798767.000.000) 06/19 06:16:27 Started transferring output files
...
040 (6798767.000.000) 06/19 06:16:31 Finished transferring output files
...
005 (6798767.000.000) 06/19 06:16:33 Job terminated.
	(1) Normal termination (return value 1)
		Usr 0 23:41:35, Sys 0 03:50:42  -  Run Remote Usage
		Usr 0 00:00:00, Sys 0 00:00:00  -  Run Local Usage
		Usr 0 23:41:35, Sys 0 03:50:42  -  Total Remote Usage
		Usr 0 00:00:00, Sys 0 00:00:00  -  Total Local Usage
	97587624  -  Run Bytes Sent By Job
	11085  -  Run Bytes Received By Job
	97587624  -  Total Bytes Sent By Job
	11085  -  Total Bytes Received By Job
	Partitionable Resources :    Usage  Request Allocated 
	   Cpus                 :     2.69        1         1 
	   Disk (KB)            : 95334          12   1371786 
	   Memory (MB)          :  4744        2000      2000 

	Job terminated of its own accord at 2024-06-19T04:16:26Z with exit-code 1.
...
000 (6802618.000.000) 06/19 12:13:32 Job submitted from host: <137.138.55.115:9618?addrs=137.138.55.115-9618+[2001-1458-d00-17--12a]-9618&alias=bigbird23.cern.ch&noUDP&sock=schedd_23881_f548>
...
040 (6802618.000.000) 06/19 12:28:35 Started transferring input files
	Transferring to host: <128.142.59.65:9618?addrs=128.142.59.65-9618&alias=b7s04p7001.cern.ch&noUDP&sock=slot1_5_6904_3e12_175707>
...
040 (6802618.000.000) 06/19 12:28:35 Finished transferring input files
...
001 (6802618.000.000) 06/19 12:28:36 Job executing on host: <128.142.59.65:9618?addrs=128.142.59.65-9618&alias=b7s04p7001.cern.ch&noUDP&sock=startd_6840_3fe2>
	SlotName: slot1_5@b7s04p7001.cern.ch
...
006 (6802618.000.000) 06/19 12:28:45 Image size of job updated: 612592
	28  -  MemoryUsage of job (MB)
	28516  -  ResidentSetSize of job (KB)
...
006 (6802618.000.000) 06/19 12:33:46 Image size of job updated: 17423760
	2877  -  MemoryUsage of job (MB)
	2945400  -  ResidentSetSize of job (KB)
...
006 (6802618.000.000) 06/19 12:38:47 Image size of job updated: 17426064
	3055  -  MemoryUsage of job (MB)
	3128144  -  ResidentSetSize of job (KB)
...
006 (6802618.000.000) 06/19 12:43:47 Image size of job updated: 17426576
	3269  -  MemoryUsage of job (MB)
	3346864  -  ResidentSetSize of job (KB)
...
006 (6802618.000.000) 06/19 12:48:47 Image size of job updated: 17426832
	3383  -  MemoryUsage of job (MB)
	3463556  -  ResidentSetSize of job (KB)
...
006 (6802618.000.000) 06/19 12:53:48 Image size of job updated: 17426832
	3463  -  MemoryUsage of job (MB)
	3545584  -  ResidentSetSize of job (KB)
...
006 (6802618.000.000) 06/19 12:58:48 Image size of job updated: 17426832
	3551  -  MemoryUsage of job (MB)
	3635940  -  ResidentSetSize of job (KB)
...
006 (6802618.000.000) 06/19 13:03:48 Image size of job updated: 17427088
	3604  -  MemoryUsage of job (MB)
	3690280  -  ResidentSetSize of job (KB)
...
006 (6802618.000.000) 06/19 13:08:49 Image size of job updated: 17427088
	3658  -  MemoryUsage of job (MB)
	3745468  -  ResidentSetSize of job (KB)
...
006 (6802618.000.000) 06/19 13:13:49 Image size of job updated: 17442016
	3725  -  MemoryUsage of job (MB)
	3814180  -  ResidentSetSize of job (KB)
...
006 (6802618.000.000) 06/19 13:18:50 Image size of job updated: 17442016
	3808  -  MemoryUsage of job (MB)
	3898880  -  ResidentSetSize of job (KB)
...
006 (6802618.000.000) 06/19 13:23:50 Image size of job updated: 17442016
	3833  -  MemoryUsage of job (MB)
	3924480  -  ResidentSetSize of job (KB)
...
006 (6802618.000.000) 06/19 13:28:50 Image size of job updated: 17442016
	3847  -  MemoryUsage of job (MB)
	3939184  -  ResidentSetSize of job (KB)
...
006 (6802618.000.000) 06/19 13:33:51 Image size of job updated: 17442016
	3888  -  MemoryUsage of job (MB)
	3980840  -  ResidentSetSize of job (KB)
...
006 (6802618.000.000) 06/19 13:38:51 Image size of job updated: 17442016
	3961  -  MemoryUsage of job (MB)
	4055328  -  ResidentSetSize of job (KB)
...
006 (6802618.000.000) 06/19 13:44:37 Image size of job updated: 17442016
	3972  -  MemoryUsage of job (MB)
	4066456  -  ResidentSetSize of job (KB)
...
006 (6802618.000.000) 06/19 13:48:52 Image size of job updated: 17442016
	4008  -  MemoryUsage of job (MB)
	4104148  -  ResidentSetSize of job (KB)
...
006 (6802618.000.000) 06/19 13:53:53 Image size of job updated: 17442016
	4023  -  MemoryUsage of job (MB)
	4119156  -  ResidentSetSize of job (KB)
...
006 (6802618.000.000) 06/19 13:58:53 Image size of job updated: 17442016
	4082  -  MemoryUsage of job (MB)
	4179440  -  ResidentSetSize of job (KB)
...
006 (6802618.000.000) 06/19 14:33:57 Image size of job updated: 17451760
	4082  -  MemoryUsage of job (MB)
	4179440  -  ResidentSetSize of job (KB)
...
006 (6802618.000.000) 06/19 14:59:00 Image size of job updated: 17453040
	4082  -  MemoryUsage of job (MB)
	4179440  -  ResidentSetSize of job (KB)
...
006 (6802618.000.000) 06/19 15:14:01 Image size of job updated: 17453296
	4082  -  MemoryUsage of job (MB)
	4179440  -  ResidentSetSize of job (KB)
...
006 (6802618.000.000) 06/19 16:29:08 Image size of job updated: 17453296
	4101  -  MemoryUsage of job (MB)
	4198736  -  ResidentSetSize of job (KB)
...
006 (6802618.000.000) 06/19 16:34:09 Image size of job updated: 17453296
	4104  -  MemoryUsage of job (MB)
	4201884  -  ResidentSetSize of job (KB)
...
006 (6802618.000.000) 06/19 16:39:09 Image size of job updated: 17453296
	4114  -  MemoryUsage of job (MB)
	4212592  -  ResidentSetSize of job (KB)
...
006 (6802618.000.000) 06/19 16:49:10 Image size of job updated: 17453296
	4123  -  MemoryUsage of job (MB)
	4221196  -  ResidentSetSize of job (KB)
...
006 (6802618.000.000) 06/19 17:19:13 Image size of job updated: 17453296
	4160  -  MemoryUsage of job (MB)
	4259696  -  ResidentSetSize of job (KB)
...
006 (6802618.000.000) 06/19 17:24:14 Image size of job updated: 17453296
	4163  -  MemoryUsage of job (MB)
	4262444  -  ResidentSetSize of job (KB)
...
006 (6802618.000.000) 06/19 17:29:14 Image size of job updated: 17453296
	4175  -  MemoryUsage of job (MB)
	4274304  -  ResidentSetSize of job (KB)
...
006 (6802618.000.000) 06/19 17:34:14 Image size of job updated: 17453296
	4180  -  MemoryUsage of job (MB)
	4280072  -  ResidentSetSize of job (KB)
...
006 (6802618.000.000) 06/19 17:39:15 Image size of job updated: 17453296
	4180  -  MemoryUsage of job (MB)
	4280100  -  ResidentSetSize of job (KB)
...
006 (6802618.000.000) 06/19 17:54:16 Image size of job updated: 17453296
	4213  -  MemoryUsage of job (MB)
	4313680  -  ResidentSetSize of job (KB)
...
006 (6802618.000.000) 06/19 18:04:17 Image size of job updated: 17453296
	4228  -  MemoryUsage of job (MB)
	4329308  -  ResidentSetSize of job (KB)
...
006 (6802618.000.000) 06/19 18:14:19 Image size of job updated: 17453296
	4237  -  MemoryUsage of job (MB)
	4337916  -  ResidentSetSize of job (KB)
...
006 (6802618.000.000) 06/19 18:19:19 Image size of job updated: 17453296
	4238  -  MemoryUsage of job (MB)
	4339616  -  ResidentSetSize of job (KB)
...
006 (6802618.000.000) 06/19 18:24:20 Image size of job updated: 17453296
	4240  -  MemoryUsage of job (MB)
	4341332  -  ResidentSetSize of job (KB)
...
006 (6802618.000.000) 06/19 18:29:21 Image size of job updated: 17453296
	4246  -  MemoryUsage of job (MB)
	4347116  -  ResidentSetSize of job (KB)
...
006 (6802618.000.000) 06/19 18:34:21 Image size of job updated: 17453296
	4247  -  MemoryUsage of job (MB)
	4347912  -  ResidentSetSize of job (KB)
...
006 (6802618.000.000) 06/19 18:39:21 Image size of job updated: 17453296
	4247  -  MemoryUsage of job (MB)
	4348924  -  ResidentSetSize of job (KB)
...
006 (6802618.000.000) 06/19 18:59:23 Image size of job updated: 17453296
	4276  -  MemoryUsage of job (MB)
	4377728  -  ResidentSetSize of job (KB)
...
006 (6802618.000.000) 06/19 19:04:24 Image size of job updated: 17453296
	4280  -  MemoryUsage of job (MB)
	4382660  -  ResidentSetSize of job (KB)
...
006 (6802618.000.000) 06/19 19:09:24 Image size of job updated: 17453296
	4282  -  MemoryUsage of job (MB)
	4383932  -  ResidentSetSize of job (KB)
...
006 (6802618.000.000) 06/19 19:14:25 Image size of job updated: 17453296
	4283  -  MemoryUsage of job (MB)
	4385072  -  ResidentSetSize of job (KB)
...
006 (6802618.000.000) 06/19 19:34:27 Image size of job updated: 17453296
	4299  -  MemoryUsage of job (MB)
	4401644  -  ResidentSetSize of job (KB)
...
006 (6802618.000.000) 06/19 19:39:27 Image size of job updated: 17453296
	4304  -  MemoryUsage of job (MB)
	4406688  -  ResidentSetSize of job (KB)
...
006 (6802618.000.000) 06/19 19:49:28 Image size of job updated: 17453296
	4310  -  MemoryUsage of job (MB)
	4413156  -  ResidentSetSize of job (KB)
...
006 (6802618.000.000) 06/19 19:59:29 Image size of job updated: 17460976
	4329  -  MemoryUsage of job (MB)
	4432052  -  ResidentSetSize of job (KB)
...
006 (6802618.000.000) 06/19 20:04:30 Image size of job updated: 17460976
	4330  -  MemoryUsage of job (MB)
	4433040  -  ResidentSetSize of job (KB)
...
006 (6802618.000.000) 06/19 20:14:32 Image size of job updated: 17460976
	4331  -  MemoryUsage of job (MB)
	4434912  -  ResidentSetSize of job (KB)
...
006 (6802618.000.000) 06/19 20:19:32 Image size of job updated: 17461232
	4332  -  MemoryUsage of job (MB)
	4435044  -  ResidentSetSize of job (KB)
...
006 (6802618.000.000) 06/19 20:24:32 Image size of job updated: 17461232
	4332  -  MemoryUsage of job (MB)
	4435872  -  ResidentSetSize of job (KB)
...
006 (6802618.000.000) 06/19 20:29:33 Image size of job updated: 17486000
	4358  -  MemoryUsage of job (MB)
	4462380  -  ResidentSetSize of job (KB)
...
006 (6802618.000.000) 06/19 20:34:33 Image size of job updated: 17486000
	4360  -  MemoryUsage of job (MB)
	4464408  -  ResidentSetSize of job (KB)
...
006 (6802618.000.000) 06/19 20:44:34 Image size of job updated: 17510028
	4360  -  MemoryUsage of job (MB)
	4464408  -  ResidentSetSize of job (KB)
...
006 (6802618.000.000) 06/19 20:49:34 Image size of job updated: 17510028
	4367  -  MemoryUsage of job (MB)
	4471420  -  ResidentSetSize of job (KB)
...
006 (6802618.000.000) 06/19 20:54:34 Image size of job updated: 17510028
	4368  -  MemoryUsage of job (MB)
	4472316  -  ResidentSetSize of job (KB)
...
006 (6802618.000.000) 06/19 21:04:35 Image size of job updated: 17510028
	4385  -  MemoryUsage of job (MB)
	4489972  -  ResidentSetSize of job (KB)
...
006 (6802618.000.000) 06/19 21:14:36 Image size of job updated: 17510028
	4389  -  MemoryUsage of job (MB)
	4494304  -  ResidentSetSize of job (KB)
...
006 (6802618.000.000) 06/19 21:24:37 Image size of job updated: 17510028
	4395  -  MemoryUsage of job (MB)
	4499924  -  ResidentSetSize of job (KB)
...
006 (6802618.000.000) 06/19 21:34:38 Image size of job updated: 17510028
	4400  -  MemoryUsage of job (MB)
	4505440  -  ResidentSetSize of job (KB)
...
006 (6802618.000.000) 06/19 21:44:40 Image size of job updated: 17510028
	4401  -  MemoryUsage of job (MB)
	4505944  -  ResidentSetSize of job (KB)
...
006 (6802618.000.000) 06/19 21:49:40 Image size of job updated: 17510028
	4401  -  MemoryUsage of job (MB)
	4506032  -  ResidentSetSize of job (KB)
...
006 (6802618.000.000) 06/19 21:59:41 Image size of job updated: 17510028
	4401  -  MemoryUsage of job (MB)
	4506508  -  ResidentSetSize of job (KB)
...
006 (6802618.000.000) 06/19 22:09:41 Image size of job updated: 17510028
	4409  -  MemoryUsage of job (MB)
	4514052  -  ResidentSetSize of job (KB)
...
006 (6802618.000.000) 06/19 22:19:43 Image size of job updated: 17510028
	4409  -  MemoryUsage of job (MB)
	4514656  -  ResidentSetSize of job (KB)
...
006 (6802618.000.000) 06/19 22:24:43 Image size of job updated: 17510028
	4410  -  MemoryUsage of job (MB)
	4515136  -  ResidentSetSize of job (KB)
...
006 (6802618.000.000) 06/19 22:29:44 Image size of job updated: 17510028
	4415  -  MemoryUsage of job (MB)
	4520528  -  ResidentSetSize of job (KB)
...
006 (6802618.000.000) 06/19 22:34:45 Image size of job updated: 17510028
	4416  -  MemoryUsage of job (MB)
	4521196  -  ResidentSetSize of job (KB)
...
006 (6802618.000.000) 06/19 22:49:47 Image size of job updated: 17510028
	4423  -  MemoryUsage of job (MB)
	4528508  -  ResidentSetSize of job (KB)
...
006 (6802618.000.000) 06/19 22:54:47 Image size of job updated: 17510028
	4425  -  MemoryUsage of job (MB)
	4531036  -  ResidentSetSize of job (KB)
...
006 (6802618.000.000) 06/19 22:59:48 Image size of job updated: 17510028
	4426  -  MemoryUsage of job (MB)
	4531428  -  ResidentSetSize of job (KB)
...
006 (6802618.000.000) 06/19 23:04:49 Image size of job updated: 17510028
	4426  -  MemoryUsage of job (MB)
	4531712  -  ResidentSetSize of job (KB)
...
006 (6802618.000.000) 06/19 23:14:49 Image size of job updated: 17510028
	4431  -  MemoryUsage of job (MB)
	4537168  -  ResidentSetSize of job (KB)
...
006 (6802618.000.000) 06/19 23:19:50 Image size of job updated: 17510028
	4435  -  MemoryUsage of job (MB)
	4540964  -  ResidentSetSize of job (KB)
...
006 (6802618.000.000) 06/19 23:24:51 Image size of job updated: 17510028
	4449  -  MemoryUsage of job (MB)
	4554808  -  ResidentSetSize of job (KB)
...
006 (6802618.000.000) 06/19 23:29:52 Image size of job updated: 17510028
	4449  -  MemoryUsage of job (MB)
	4555492  -  ResidentSetSize of job (KB)
...
006 (6802618.000.000) 06/19 23:39:53 Image size of job updated: 17510028
	4453  -  MemoryUsage of job (MB)
	4559776  -  ResidentSetSize of job (KB)
...
006 (6802618.000.000) 06/19 23:44:54 Image size of job updated: 17510028
	4454  -  MemoryUsage of job (MB)
	4560468  -  ResidentSetSize of job (KB)
...
006 (6802618.000.000) 06/20 00:14:57 Image size of job updated: 17510028
	4455  -  MemoryUsage of job (MB)
	4561356  -  ResidentSetSize of job (KB)
...
006 (6802618.000.000) 06/20 00:19:57 Image size of job updated: 17510028
	4455  -  MemoryUsage of job (MB)
	4561892  -  ResidentSetSize of job (KB)
...
006 (6802618.000.000) 06/20 00:24:57 Image size of job updated: 17510028
	4456  -  MemoryUsage of job (MB)
	4561964  -  ResidentSetSize of job (KB)
...
006 (6802618.000.000) 06/20 00:34:59 Image size of job updated: 17510028
	4456  -  MemoryUsage of job (MB)
	4562136  -  ResidentSetSize of job (KB)
...
006 (6802618.000.000) 06/20 00:45:00 Image size of job updated: 17510028
	4460  -  MemoryUsage of job (MB)
	4566616  -  ResidentSetSize of job (KB)
...
006 (6802618.000.000) 06/20 00:50:01 Image size of job updated: 17510028
	4466  -  MemoryUsage of job (MB)
	4573112  -  ResidentSetSize of job (KB)
...
006 (6802618.000.000) 06/20 00:55:01 Image size of job updated: 17510028
	4472  -  MemoryUsage of job (MB)
	4578400  -  ResidentSetSize of job (KB)
...
006 (6802618.000.000) 06/20 01:00:02 Image size of job updated: 17510028
	4472  -  MemoryUsage of job (MB)
	4579076  -  ResidentSetSize of job (KB)
...
006 (6802618.000.000) 06/20 01:10:03 Image size of job updated: 17510028
	4477  -  MemoryUsage of job (MB)
	4584432  -  ResidentSetSize of job (KB)
...
006 (6802618.000.000) 06/20 01:25:04 Image size of job updated: 17510028
	4481  -  MemoryUsage of job (MB)
	4587756  -  ResidentSetSize of job (KB)
...
006 (6802618.000.000) 06/20 01:30:04 Image size of job updated: 17510028
	4481  -  MemoryUsage of job (MB)
	4587908  -  ResidentSetSize of job (KB)
...
006 (6802618.000.000) 06/20 01:35:05 Image size of job updated: 17510028
	4486  -  MemoryUsage of job (MB)
	4593576  -  ResidentSetSize of job (KB)
...
006 (6802618.000.000) 06/20 01:40:05 Image size of job updated: 17510028
	4491  -  MemoryUsage of job (MB)
	4598528  -  ResidentSetSize of job (KB)
...
006 (6802618.000.000) 06/20 01:45:05 Image size of job updated: 17510028
	4492  -  MemoryUsage of job (MB)
	4598924  -  ResidentSetSize of job (KB)
...
006 (6802618.000.000) 06/20 01:50:06 Image size of job updated: 17510028
	4497  -  MemoryUsage of job (MB)
	4604888  -  ResidentSetSize of job (KB)
...
006 (6802618.000.000) 06/20 02:05:08 Image size of job updated: 17510028
	4498  -  MemoryUsage of job (MB)
	4604980  -  ResidentSetSize of job (KB)
...
006 (6802618.000.000) 06/20 02:10:09 Image size of job updated: 17510028
	4498  -  MemoryUsage of job (MB)
	4605248  -  ResidentSetSize of job (KB)
...
006 (6802618.000.000) 06/20 02:20:10 Image size of job updated: 17510028
	4504  -  MemoryUsage of job (MB)
	4611144  -  ResidentSetSize of job (KB)
...
006 (6802618.000.000) 06/20 02:35:11 Image size of job updated: 17510028
	4504  -  MemoryUsage of job (MB)
	4611176  -  ResidentSetSize of job (KB)
...
006 (6802618.000.000) 06/20 02:40:12 Image size of job updated: 17510028
	4505  -  MemoryUsage of job (MB)
	4612252  -  ResidentSetSize of job (KB)
...
006 (6802618.000.000) 06/20 02:45:12 Image size of job updated: 17510028
	4505  -  MemoryUsage of job (MB)
	4612328  -  ResidentSetSize of job (KB)
...
006 (6802618.000.000) 06/20 02:50:12 Image size of job updated: 17510028
	4505  -  MemoryUsage of job (MB)
	4612360  -  ResidentSetSize of job (KB)
...
006 (6802618.000.000) 06/20 02:55:13 Image size of job updated: 17510028
	4511  -  MemoryUsage of job (MB)
	4618380  -  ResidentSetSize of job (KB)
...
006 (6802618.000.000) 06/20 03:05:13 Image size of job updated: 17510028
	4511  -  MemoryUsage of job (MB)
	4618456  -  ResidentSetSize of job (KB)
...
006 (6802618.000.000) 06/20 03:10:14 Image size of job updated: 17510028
	4517  -  MemoryUsage of job (MB)
	4625072  -  ResidentSetSize of job (KB)
...
006 (6802618.000.000) 06/20 03:15:14 Image size of job updated: 17510028
	4517  -  MemoryUsage of job (MB)
	4625288  -  ResidentSetSize of job (KB)
...
006 (6802618.000.000) 06/20 03:20:14 Image size of job updated: 17510028
	4518  -  MemoryUsage of job (MB)
	4625900  -  ResidentSetSize of job (KB)
...
006 (6802618.000.000) 06/20 03:25:15 Image size of job updated: 17510028
	4530  -  MemoryUsage of job (MB)
	4638640  -  ResidentSetSize of job (KB)
...
006 (6802618.000.000) 06/20 03:30:15 Image size of job updated: 17510028
	4535  -  MemoryUsage of job (MB)
	4643816  -  ResidentSetSize of job (KB)
...
006 (6802618.000.000) 06/20 03:50:16 Image size of job updated: 17510028
	4536  -  MemoryUsage of job (MB)
	4644048  -  ResidentSetSize of job (KB)
...
006 (6802618.000.000) 06/20 03:55:17 Image size of job updated: 17510028
	4536  -  MemoryUsage of job (MB)
	4644160  -  ResidentSetSize of job (KB)
...
006 (6802618.000.000) 06/20 04:05:18 Image size of job updated: 17510028
	4537  -  MemoryUsage of job (MB)
	4645768  -  ResidentSetSize of job (KB)
...
006 (6802618.000.000) 06/20 04:10:19 Image size of job updated: 17510028
	4543  -  MemoryUsage of job (MB)
	4651092  -  ResidentSetSize of job (KB)
...
006 (6802618.000.000) 06/20 04:15:20 Image size of job updated: 17510028
	4543  -  MemoryUsage of job (MB)
	4651816  -  ResidentSetSize of job (KB)
...
006 (6802618.000.000) 06/20 04:20:20 Image size of job updated: 17510028
	4553  -  MemoryUsage of job (MB)
	4661504  -  ResidentSetSize of job (KB)
...
006 (6802618.000.000) 06/20 04:25:21 Image size of job updated: 17510028
	4558  -  MemoryUsage of job (MB)
	4666460  -  ResidentSetSize of job (KB)
...
006 (6802618.000.000) 06/20 04:30:22 Image size of job updated: 17510028
	4558  -  MemoryUsage of job (MB)
	4666468  -  ResidentSetSize of job (KB)
...
006 (6802618.000.000) 06/20 04:40:22 Image size of job updated: 17510028
	4558  -  MemoryUsage of job (MB)
	4667356  -  ResidentSetSize of job (KB)
...
006 (6802618.000.000) 06/20 04:55:23 Image size of job updated: 17510028
	4564  -  MemoryUsage of job (MB)
	4672972  -  ResidentSetSize of job (KB)
...
006 (6802618.000.000) 06/20 05:00:24 Image size of job updated: 17510028
	4564  -  MemoryUsage of job (MB)
	4673256  -  ResidentSetSize of job (KB)
...
006 (6802618.000.000) 06/20 05:05:24 Image size of job updated: 17510028
	4565  -  MemoryUsage of job (MB)
	4673552  -  ResidentSetSize of job (KB)
...
006 (6802618.000.000) 06/20 05:10:25 Image size of job updated: 17510028
	4565  -  MemoryUsage of job (MB)
	4673808  -  ResidentSetSize of job (KB)
...
006 (6802618.000.000) 06/20 05:20:26 Image size of job updated: 17510028
	4566  -  MemoryUsage of job (MB)
	4675236  -  ResidentSetSize of job (KB)
...
006 (6802618.000.000) 06/20 05:25:26 Image size of job updated: 17510028
	4566  -  MemoryUsage of job (MB)
	4675296  -  ResidentSetSize of job (KB)
...
006 (6802618.000.000) 06/20 05:30:27 Image size of job updated: 17510028
	4566  -  MemoryUsage of job (MB)
	4675344  -  ResidentSetSize of job (KB)
...
006 (6802618.000.000) 06/20 05:35:27 Image size of job updated: 17510028
	4566  -  MemoryUsage of job (MB)
	4675352  -  ResidentSetSize of job (KB)
...
006 (6802618.000.000) 06/20 05:45:29 Image size of job updated: 17510028
	4566  -  MemoryUsage of job (MB)
	4675368  -  ResidentSetSize of job (KB)
...
006 (6802618.000.000) 06/20 05:55:30 Image size of job updated: 17510028
	4576  -  MemoryUsage of job (MB)
	4685012  -  ResidentSetSize of job (KB)
...
006 (6802618.000.000) 06/20 06:05:31 Image size of job updated: 17510028
	4581  -  MemoryUsage of job (MB)
	4690060  -  ResidentSetSize of job (KB)
...
006 (6802618.000.000) 06/20 06:15:32 Image size of job updated: 17510028
	4586  -  MemoryUsage of job (MB)
	4695316  -  ResidentSetSize of job (KB)
...
006 (6802618.000.000) 06/20 06:25:32 Image size of job updated: 17512008
	4609  -  MemoryUsage of job (MB)
	4719440  -  ResidentSetSize of job (KB)
...
006 (6802618.000.000) 06/20 06:30:33 Image size of job updated: 17512008
	4619  -  MemoryUsage of job (MB)
	4729292  -  ResidentSetSize of job (KB)
...
006 (6802618.000.000) 06/20 09:00:48 Image size of job updated: 17512008
	4619  -  MemoryUsage of job (MB)
	4729560  -  ResidentSetSize of job (KB)
...
006 (6802618.000.000) 06/20 09:05:48 Image size of job updated: 17512008
	4623  -  MemoryUsage of job (MB)
	4733196  -  ResidentSetSize of job (KB)
...
006 (6802618.000.000) 06/20 09:25:50 Image size of job updated: 17512048
	4647  -  MemoryUsage of job (MB)
	4758312  -  ResidentSetSize of job (KB)
...
006 (6802618.000.000) 06/20 09:30:51 Image size of job updated: 17512048
	4647  -  MemoryUsage of job (MB)
	4758416  -  ResidentSetSize of job (KB)
...
006 (6802618.000.000) 06/20 09:35:51 Image size of job updated: 17512304
	4647  -  MemoryUsage of job (MB)
	4758416  -  ResidentSetSize of job (KB)
...
006 (6802618.000.000) 06/20 09:40:52 Image size of job updated: 17512560
	4647  -  MemoryUsage of job (MB)
	4758416  -  ResidentSetSize of job (KB)
...
006 (6802618.000.000) 06/20 09:50:53 Image size of job updated: 17512560
	4653  -  MemoryUsage of job (MB)
	4764188  -  ResidentSetSize of job (KB)
...
006 (6802618.000.000) 06/20 10:10:55 Image size of job updated: 17512560
	4653  -  MemoryUsage of job (MB)
	4764268  -  ResidentSetSize of job (KB)
...
006 (6802618.000.000) 06/20 10:15:55 Image size of job updated: 17512560
	4655  -  MemoryUsage of job (MB)
	4766664  -  ResidentSetSize of job (KB)
...
006 (6802618.000.000) 06/20 10:20:56 Image size of job updated: 17512560
	4655  -  MemoryUsage of job (MB)
	4766680  -  ResidentSetSize of job (KB)
...
006 (6802618.000.000) 06/20 10:25:56 Image size of job updated: 17512560
	4656  -  MemoryUsage of job (MB)
	4766976  -  ResidentSetSize of job (KB)
...
006 (6802618.000.000) 06/20 10:30:57 Image size of job updated: 17512816
	4656  -  MemoryUsage of job (MB)
	4766976  -  ResidentSetSize of job (KB)
...
006 (6802618.000.000) 06/20 10:35:57 Image size of job updated: 17512816
	4657  -  MemoryUsage of job (MB)
	4767888  -  ResidentSetSize of job (KB)
...
006 (6802618.000.000) 06/20 10:50:58 Image size of job updated: 17512816
	4661  -  MemoryUsage of job (MB)
	4772848  -  ResidentSetSize of job (KB)
...
006 (6802618.000.000) 06/20 10:55:59 Image size of job updated: 17512816
	4662  -  MemoryUsage of job (MB)
	4772872  -  ResidentSetSize of job (KB)
...
006 (6802618.000.000) 06/20 11:01:00 Image size of job updated: 17512816
	4676  -  MemoryUsage of job (MB)
	4787488  -  ResidentSetSize of job (KB)
...
006 (6802618.000.000) 06/20 11:06:00 Image size of job updated: 17513072
	4676  -  MemoryUsage of job (MB)
	4787772  -  ResidentSetSize of job (KB)
...
006 (6802618.000.000) 06/20 11:11:01 Image size of job updated: 17513072
	4677  -  MemoryUsage of job (MB)
	4788460  -  ResidentSetSize of job (KB)
...
006 (6802618.000.000) 06/20 11:16:01 Image size of job updated: 17513072
	4677  -  MemoryUsage of job (MB)
	4788944  -  ResidentSetSize of job (KB)
...
006 (6802618.000.000) 06/20 11:31:04 Image size of job updated: 17513072
	4677  -  MemoryUsage of job (MB)
	4789104  -  ResidentSetSize of job (KB)
...
006 (6802618.000.000) 06/20 11:36:04 Image size of job updated: 17513072
	4678  -  MemoryUsage of job (MB)
	4789280  -  ResidentSetSize of job (KB)
...
006 (6802618.000.000) 06/20 11:41:05 Image size of job updated: 17513328
	4678  -  MemoryUsage of job (MB)
	4789280  -  ResidentSetSize of job (KB)
...
006 (6802618.000.000) 06/20 11:46:05 Image size of job updated: 17513584
	4678  -  MemoryUsage of job (MB)
	4789280  -  ResidentSetSize of job (KB)
...
006 (6802618.000.000) 06/20 11:56:06 Image size of job updated: 17513584
	4681  -  MemoryUsage of job (MB)
	4792676  -  ResidentSetSize of job (KB)
...
006 (6802618.000.000) 06/20 12:01:06 Image size of job updated: 17513584
	4681  -  MemoryUsage of job (MB)
	4792952  -  ResidentSetSize of job (KB)
...
006 (6802618.000.000) 06/20 12:16:07 Image size of job updated: 17513584
	4681  -  MemoryUsage of job (MB)
	4793308  -  ResidentSetSize of job (KB)
...
006 (6802618.000.000) 06/20 12:21:07 Image size of job updated: 17513840
	4681  -  MemoryUsage of job (MB)
	4793308  -  ResidentSetSize of job (KB)
...
006 (6802618.000.000) 06/20 12:46:09 Image size of job updated: 17513840
	4682  -  MemoryUsage of job (MB)
	4793448  -  ResidentSetSize of job (KB)
...
006 (6802618.000.000) 06/20 12:51:09 Image size of job updated: 17513840
	4683  -  MemoryUsage of job (MB)
	4795224  -  ResidentSetSize of job (KB)
...
006 (6802618.000.000) 06/20 12:56:10 Image size of job updated: 17513840
	4683  -  MemoryUsage of job (MB)
	4795360  -  ResidentSetSize of job (KB)
...
006 (6802618.000.000) 06/20 13:01:11 Image size of job updated: 17513840
	4684  -  MemoryUsage of job (MB)
	4795608  -  ResidentSetSize of job (KB)
...
006 (6802618.000.000) 06/20 13:16:12 Image size of job updated: 17513840
	4684  -  MemoryUsage of job (MB)
	4796340  -  ResidentSetSize of job (KB)
...
006 (6802618.000.000) 06/20 13:21:13 Image size of job updated: 17513840
	4690  -  MemoryUsage of job (MB)
	4802408  -  ResidentSetSize of job (KB)
...
006 (6802618.000.000) 06/20 13:31:14 Image size of job updated: 17514352
	4694  -  MemoryUsage of job (MB)
	4805980  -  ResidentSetSize of job (KB)
...
006 (6802618.000.000) 06/20 13:36:15 Image size of job updated: 17514352
	4694  -  MemoryUsage of job (MB)
	4805984  -  ResidentSetSize of job (KB)
...
006 (6802618.000.000) 06/20 13:46:15 Image size of job updated: 17514352
	4699  -  MemoryUsage of job (MB)
	4811216  -  ResidentSetSize of job (KB)
...
006 (6802618.000.000) 06/20 13:51:16 Image size of job updated: 17514352
	4700  -  MemoryUsage of job (MB)
	4812068  -  ResidentSetSize of job (KB)
...
006 (6802618.000.000) 06/20 13:56:16 Image size of job updated: 17514352
	4700  -  MemoryUsage of job (MB)
	4812668  -  ResidentSetSize of job (KB)
...
006 (6802618.000.000) 06/20 14:11:17 Image size of job updated: 17514608
	4700  -  MemoryUsage of job (MB)
	4812668  -  ResidentSetSize of job (KB)
...
006 (6802618.000.000) 06/20 14:26:18 Image size of job updated: 17514608
	4704  -  MemoryUsage of job (MB)
	4816640  -  ResidentSetSize of job (KB)
...
006 (6802618.000.000) 06/20 14:31:18 Image size of job updated: 17514608
	4704  -  MemoryUsage of job (MB)
	4816680  -  ResidentSetSize of job (KB)
...
006 (6802618.000.000) 06/20 14:36:19 Image size of job updated: 17514608
	4705  -  MemoryUsage of job (MB)
	4817124  -  ResidentSetSize of job (KB)
...
006 (6802618.000.000) 06/20 14:41:19 Image size of job updated: 17514608
	4705  -  MemoryUsage of job (MB)
	4817352  -  ResidentSetSize of job (KB)
...
006 (6802618.000.000) 06/20 14:46:19 Image size of job updated: 17514864
	4705  -  MemoryUsage of job (MB)
	4817352  -  ResidentSetSize of job (KB)
...
006 (6802618.000.000) 06/20 14:56:21 Image size of job updated: 17514864
	4706  -  MemoryUsage of job (MB)
	4818932  -  ResidentSetSize of job (KB)
...
006 (6802618.000.000) 06/20 15:31:25 Image size of job updated: 17514864
	4710  -  MemoryUsage of job (MB)
	4822620  -  ResidentSetSize of job (KB)
...
006 (6802618.000.000) 06/20 15:36:26 Image size of job updated: 17514864
	4710  -  MemoryUsage of job (MB)
	4822676  -  ResidentSetSize of job (KB)
...
006 (6802618.000.000) 06/20 15:46:27 Image size of job updated: 17514864
	4711  -  MemoryUsage of job (MB)
	4823248  -  ResidentSetSize of job (KB)
...
006 (6802618.000.000) 06/20 15:51:28 Image size of job updated: 17514864
	4711  -  MemoryUsage of job (MB)
	4823296  -  ResidentSetSize of job (KB)
...
006 (6802618.000.000) 06/20 15:56:28 Image size of job updated: 17514864
	4719  -  MemoryUsage of job (MB)
	4831720  -  ResidentSetSize of job (KB)
...
006 (6802618.000.000) 06/20 16:01:28 Image size of job updated: 17515376
	4719  -  MemoryUsage of job (MB)
	4832052  -  ResidentSetSize of job (KB)
...
006 (6802618.000.000) 06/20 16:06:29 Image size of job updated: 17515376
	4723  -  MemoryUsage of job (MB)
	4835760  -  ResidentSetSize of job (KB)
...
006 (6802618.000.000) 06/20 16:11:30 Image size of job updated: 17515376
	4723  -  MemoryUsage of job (MB)
	4836276  -  ResidentSetSize of job (KB)
...
006 (6802618.000.000) 06/20 16:51:34 Image size of job updated: 17515376
	4729  -  MemoryUsage of job (MB)
	4841740  -  ResidentSetSize of job (KB)
...
006 (6802618.000.000) 06/20 16:56:35 Image size of job updated: 17515376
	4729  -  MemoryUsage of job (MB)
	4841868  -  ResidentSetSize of job (KB)
...
006 (6802618.000.000) 06/20 17:01:35 Image size of job updated: 17515376
	4729  -  MemoryUsage of job (MB)
	4842076  -  ResidentSetSize of job (KB)
...
006 (6802618.000.000) 06/20 17:06:35 Image size of job updated: 17515376
	4729  -  MemoryUsage of job (MB)
	4842496  -  ResidentSetSize of job (KB)
...
006 (6802618.000.000) 06/20 17:11:37 Image size of job updated: 17515376
	4734  -  MemoryUsage of job (MB)
	4847228  -  ResidentSetSize of job (KB)
...
006 (6802618.000.000) 06/20 17:21:37 Image size of job updated: 17515376
	4735  -  MemoryUsage of job (MB)
	4848104  -  ResidentSetSize of job (KB)
...
006 (6802618.000.000) 06/20 17:26:39 Image size of job updated: 17515376
	4735  -  MemoryUsage of job (MB)
	4848128  -  ResidentSetSize of job (KB)
...
006 (6802618.000.000) 06/20 17:31:39 Image size of job updated: 17515376
	4735  -  MemoryUsage of job (MB)
	4848224  -  ResidentSetSize of job (KB)
...
006 (6802618.000.000) 06/20 17:36:39 Image size of job updated: 17515376
	4736  -  MemoryUsage of job (MB)
	4848652  -  ResidentSetSize of job (KB)
...
006 (6802618.000.000) 06/20 17:41:40 Image size of job updated: 17515632
	4736  -  MemoryUsage of job (MB)
	4848844  -  ResidentSetSize of job (KB)
...
006 (6802618.000.000) 06/20 17:51:40 Image size of job updated: 17515632
	4736  -  MemoryUsage of job (MB)
	4849008  -  ResidentSetSize of job (KB)
...
006 (6802618.000.000) 06/20 17:56:41 Image size of job updated: 17515632
	4738  -  MemoryUsage of job (MB)
	4851604  -  ResidentSetSize of job (KB)
...
006 (6802618.000.000) 06/20 18:01:41 Image size of job updated: 17515632
	4739  -  MemoryUsage of job (MB)
	4851728  -  ResidentSetSize of job (KB)
...
006 (6802618.000.000) 06/20 18:21:43 Image size of job updated: 17515632
	4739  -  MemoryUsage of job (MB)
	4851768  -  ResidentSetSize of job (KB)
...
006 (6802618.000.000) 06/20 18:26:44 Image size of job updated: 17515632
	4739  -  MemoryUsage of job (MB)
	4851788  -  ResidentSetSize of job (KB)
...
006 (6802618.000.000) 06/20 18:46:46 Image size of job updated: 17516144
	4739  -  MemoryUsage of job (MB)
	4852728  -  ResidentSetSize of job (KB)
...
006 (6802618.000.000) 06/20 19:11:49 Image size of job updated: 17516144
	4742  -  MemoryUsage of job (MB)
	4855676  -  ResidentSetSize of job (KB)
...
006 (6802618.000.000) 06/20 19:21:50 Image size of job updated: 17516144
	4743  -  MemoryUsage of job (MB)
	4856496  -  ResidentSetSize of job (KB)
...
006 (6802618.000.000) 06/20 19:46:54 Image size of job updated: 17516144
	4743  -  MemoryUsage of job (MB)
	4856656  -  ResidentSetSize of job (KB)
...
006 (6802618.000.000) 06/20 20:11:57 Image size of job updated: 17516400
	4743  -  MemoryUsage of job (MB)
	4856656  -  ResidentSetSize of job (KB)
...
006 (6802618.000.000) 06/21 00:57:28 Image size of job updated: 17516400
	4753  -  MemoryUsage of job (MB)
	4866648  -  ResidentSetSize of job (KB)
...
006 (6802618.000.000) 06/21 01:02:28 Image size of job updated: 17516400
	4753  -  MemoryUsage of job (MB)
	4866656  -  ResidentSetSize of job (KB)
...
006 (6802618.000.000) 06/21 01:17:30 Image size of job updated: 17516400
	4753  -  MemoryUsage of job (MB)
	4866664  -  ResidentSetSize of job (KB)
...
006 (6802618.000.000) 06/21 01:22:30 Image size of job updated: 17516400
	4753  -  MemoryUsage of job (MB)
	4866888  -  ResidentSetSize of job (KB)
...
006 (6802618.000.000) 06/21 02:02:35 Image size of job updated: 17516400
	4757  -  MemoryUsage of job (MB)
	4870492  -  ResidentSetSize of job (KB)
...
006 (6802618.000.000) 06/21 02:07:35 Image size of job updated: 17516400
	4757  -  MemoryUsage of job (MB)
	4870520  -  ResidentSetSize of job (KB)
...
006 (6802618.000.000) 06/21 02:12:36 Image size of job updated: 17516400
	4757  -  MemoryUsage of job (MB)
	4870936  -  ResidentSetSize of job (KB)
...
006 (6802618.000.000) 06/21 02:17:36 Image size of job updated: 17516400
	4759  -  MemoryUsage of job (MB)
	4873044  -  ResidentSetSize of job (KB)
...
006 (6802618.000.000) 06/21 02:22:36 Image size of job updated: 17516400
	4764  -  MemoryUsage of job (MB)
	4877420  -  ResidentSetSize of job (KB)
...
006 (6802618.000.000) 06/21 02:27:37 Image size of job updated: 17516400
	4764  -  MemoryUsage of job (MB)
	4877532  -  ResidentSetSize of job (KB)
...
006 (6802618.000.000) 06/21 02:37:37 Image size of job updated: 17516400
	4769  -  MemoryUsage of job (MB)
	4882688  -  ResidentSetSize of job (KB)
...
006 (6802618.000.000) 06/21 02:42:38 Image size of job updated: 17516400
	4769  -  MemoryUsage of job (MB)
	4882772  -  ResidentSetSize of job (KB)
...
006 (6802618.000.000) 06/21 02:47:38 Image size of job updated: 17516656
	4769  -  MemoryUsage of job (MB)
	4882772  -  ResidentSetSize of job (KB)
...
006 (6802618.000.000) 06/21 03:07:39 Image size of job updated: 17516656
	4774  -  MemoryUsage of job (MB)
	4887876  -  ResidentSetSize of job (KB)
...
006 (6802618.000.000) 06/21 03:12:40 Image size of job updated: 17516656
	4774  -  MemoryUsage of job (MB)
	4888488  -  ResidentSetSize of job (KB)
...
006 (6802618.000.000) 06/21 03:22:40 Image size of job updated: 17516656
	4776  -  MemoryUsage of job (MB)
	4890008  -  ResidentSetSize of job (KB)
...
006 (6802618.000.000) 06/21 03:27:42 Image size of job updated: 17516656
	4780  -  MemoryUsage of job (MB)
	4894024  -  ResidentSetSize of job (KB)
...
006 (6802618.000.000) 06/21 03:32:42 Image size of job updated: 17516656
	4780  -  MemoryUsage of job (MB)
	4894052  -  ResidentSetSize of job (KB)
...
006 (6802618.000.000) 06/21 03:42:43 Image size of job updated: 17516656
	4780  -  MemoryUsage of job (MB)
	4894496  -  ResidentSetSize of job (KB)
...
006 (6802618.000.000) 06/21 03:47:44 Image size of job updated: 17516656
	4780  -  MemoryUsage of job (MB)
	4894504  -  ResidentSetSize of job (KB)
...
006 (6802618.000.000) 06/21 03:57:45 Image size of job updated: 17516656
	4783  -  MemoryUsage of job (MB)
	4897072  -  ResidentSetSize of job (KB)
...
006 (6802618.000.000) 06/21 04:17:48 Image size of job updated: 17516912
	4790  -  MemoryUsage of job (MB)
	4904544  -  ResidentSetSize of job (KB)
...
006 (6802618.000.000) 06/21 04:52:51 Image size of job updated: 17516912
	4795  -  MemoryUsage of job (MB)
	4909500  -  ResidentSetSize of job (KB)
...
006 (6802618.000.000) 06/21 05:02:52 Image size of job updated: 17516912
	4795  -  MemoryUsage of job (MB)
	4909580  -  ResidentSetSize of job (KB)
...
006 (6802618.000.000) 06/21 05:07:52 Image size of job updated: 17516912
	4795  -  MemoryUsage of job (MB)
	4909652  -  ResidentSetSize of job (KB)
...
006 (6802618.000.000) 06/21 05:12:53 Image size of job updated: 17516912
	4795  -  MemoryUsage of job (MB)
	4909800  -  ResidentSetSize of job (KB)
...
006 (6802618.000.000) 06/21 05:37:55 Image size of job updated: 17516912
	4799  -  MemoryUsage of job (MB)
	4913688  -  ResidentSetSize of job (KB)
...
006 (6802618.000.000) 06/21 05:52:56 Image size of job updated: 17517168
	4799  -  MemoryUsage of job (MB)
	4914136  -  ResidentSetSize of job (KB)
...
006 (6802618.000.000) 06/21 05:57:56 Image size of job updated: 17517168
	4800  -  MemoryUsage of job (MB)
	4914224  -  ResidentSetSize of job (KB)
...
006 (6802618.000.000) 06/21 06:07:58 Image size of job updated: 17517168
	4804  -  MemoryUsage of job (MB)
	4918544  -  ResidentSetSize of job (KB)
...
006 (6802618.000.000) 06/21 06:17:59 Image size of job updated: 17517168
	4807  -  MemoryUsage of job (MB)
	4922040  -  ResidentSetSize of job (KB)
...
006 (6802618.000.000) 06/21 06:23:00 Image size of job updated: 17517168
	4807  -  MemoryUsage of job (MB)
	4922288  -  ResidentSetSize of job (KB)
...
006 (6802618.000.000) 06/21 06:28:00 Image size of job updated: 17517168
	4807  -  MemoryUsage of job (MB)
	4922320  -  ResidentSetSize of job (KB)
...
006 (6802618.000.000) 06/21 06:38:02 Image size of job updated: 17517168
	4808  -  MemoryUsage of job (MB)
	4922396  -  ResidentSetSize of job (KB)
...
006 (6802618.000.000) 06/21 06:43:02 Image size of job updated: 17517168
	4808  -  MemoryUsage of job (MB)
	4922448  -  ResidentSetSize of job (KB)
...
006 (6802618.000.000) 06/21 06:48:02 Image size of job updated: 17517168
	4808  -  MemoryUsage of job (MB)
	4922536  -  ResidentSetSize of job (KB)
...
006 (6802618.000.000) 06/21 06:53:03 Image size of job updated: 17517168
	4808  -  MemoryUsage of job (MB)
	4922560  -  ResidentSetSize of job (KB)
...
006 (6802618.000.000) 06/21 06:58:03 Image size of job updated: 17517168
	4808  -  MemoryUsage of job (MB)
	4923144  -  ResidentSetSize of job (KB)
...
006 (6802618.000.000) 06/21 07:18:05 Image size of job updated: 17517168
	4809  -  MemoryUsage of job (MB)
	4923920  -  ResidentSetSize of job (KB)
...
006 (6802618.000.000) 06/21 07:28:07 Image size of job updated: 17517168
	4814  -  MemoryUsage of job (MB)
	4929532  -  ResidentSetSize of job (KB)
...
006 (6802618.000.000) 06/21 07:38:08 Image size of job updated: 17517168
	4815  -  MemoryUsage of job (MB)
	4929664  -  ResidentSetSize of job (KB)
...
006 (6802618.000.000) 06/21 07:43:09 Image size of job updated: 17517424
	4815  -  MemoryUsage of job (MB)
	4929980  -  ResidentSetSize of job (KB)
...
006 (6802618.000.000) 06/21 08:03:11 Image size of job updated: 17517424
	4815  -  MemoryUsage of job (MB)
	4930084  -  ResidentSetSize of job (KB)
...
006 (6802618.000.000) 06/21 08:08:11 Image size of job updated: 17517424
	4815  -  MemoryUsage of job (MB)
	4930496  -  ResidentSetSize of job (KB)
...
006 (6802618.000.000) 06/21 08:18:12 Image size of job updated: 17517680
	4816  -  MemoryUsage of job (MB)
	4930876  -  ResidentSetSize of job (KB)
...
006 (6802618.000.000) 06/21 08:53:14 Image size of job updated: 17517680
	4817  -  MemoryUsage of job (MB)
	4932560  -  ResidentSetSize of job (KB)
...
006 (6802618.000.000) 06/21 09:08:16 Image size of job updated: 17517680
	4818  -  MemoryUsage of job (MB)
	4932908  -  ResidentSetSize of job (KB)
...
006 (6802618.000.000) 06/21 09:23:18 Image size of job updated: 17517680
	4823  -  MemoryUsage of job (MB)
	4938364  -  ResidentSetSize of job (KB)
...
006 (6802618.000.000) 06/21 09:33:20 Image size of job updated: 17517680
	4828  -  MemoryUsage of job (MB)
	4943288  -  ResidentSetSize of job (KB)
...
006 (6802618.000.000) 06/21 09:38:20 Image size of job updated: 17517680
	4828  -  MemoryUsage of job (MB)
	4943296  -  ResidentSetSize of job (KB)
...
006 (6802618.000.000) 06/21 09:43:21 Image size of job updated: 17517680
	4833  -  MemoryUsage of job (MB)
	4948888  -  ResidentSetSize of job (KB)
...
006 (6802618.000.000) 06/21 09:48:22 Image size of job updated: 17517680
	4833  -  MemoryUsage of job (MB)
	4948900  -  ResidentSetSize of job (KB)
...
006 (6802618.000.000) 06/21 09:53:22 Image size of job updated: 17517680
	4834  -  MemoryUsage of job (MB)
	4949000  -  ResidentSetSize of job (KB)
...
006 (6802618.000.000) 06/21 09:58:22 Image size of job updated: 17517680
	4834  -  MemoryUsage of job (MB)
	4949004  -  ResidentSetSize of job (KB)
...
006 (6802618.000.000) 06/21 10:03:23 Image size of job updated: 17517936
	4834  -  MemoryUsage of job (MB)
	4949004  -  ResidentSetSize of job (KB)
...
006 (6802618.000.000) 06/21 10:13:23 Image size of job updated: 17517936
	4834  -  MemoryUsage of job (MB)
	4949532  -  ResidentSetSize of job (KB)
...
006 (6802618.000.000) 06/21 10:38:25 Image size of job updated: 17517936
	4839  -  MemoryUsage of job (MB)
	4954236  -  ResidentSetSize of job (KB)
...
006 (6802618.000.000) 06/21 10:43:25 Image size of job updated: 17517936
	4839  -  MemoryUsage of job (MB)
	4954760  -  ResidentSetSize of job (KB)
...
006 (6802618.000.000) 06/21 10:48:26 Image size of job updated: 17517936
	4839  -  MemoryUsage of job (MB)
	4954948  -  ResidentSetSize of job (KB)
...
006 (6802618.000.000) 06/21 10:58:27 Image size of job updated: 17517936
	4839  -  MemoryUsage of job (MB)
	4954992  -  ResidentSetSize of job (KB)
...
006 (6802618.000.000) 06/21 11:08:29 Image size of job updated: 17517936
	4840  -  MemoryUsage of job (MB)
	4955304  -  ResidentSetSize of job (KB)
...
006 (6802618.000.000) 06/21 11:18:31 Image size of job updated: 17517936
	4840  -  MemoryUsage of job (MB)
	4955616  -  ResidentSetSize of job (KB)
...
006 (6802618.000.000) 06/21 11:28:32 Image size of job updated: 17517936
	4840  -  MemoryUsage of job (MB)
	4955840  -  ResidentSetSize of job (KB)
...
006 (6802618.000.000) 06/21 14:03:48 Image size of job updated: 17518192
	4840  -  MemoryUsage of job (MB)
	4955840  -  ResidentSetSize of job (KB)
...
006 (6802618.000.000) 06/21 18:44:16 Image size of job updated: 17518448
	4840  -  MemoryUsage of job (MB)
	4955840  -  ResidentSetSize of job (KB)
...
006 (6802618.000.000) 06/21 23:09:47 Image size of job updated: 17518704
	4840  -  MemoryUsage of job (MB)
	4955840  -  ResidentSetSize of job (KB)
...
006 (6802618.000.000) 06/22 02:05:05 Image size of job updated: 17518960
	4840  -  MemoryUsage of job (MB)
	4955840  -  ResidentSetSize of job (KB)
...
006 (6802618.000.000) 06/22 02:45:09 Image size of job updated: 17519216
	4840  -  MemoryUsage of job (MB)
	4955840  -  ResidentSetSize of job (KB)
...
006 (6802618.000.000) 06/22 09:00:46 Image size of job updated: 17519472
	4840  -  MemoryUsage of job (MB)
	4955840  -  ResidentSetSize of job (KB)
...
006 (6802618.000.000) 06/22 10:05:53 Image size of job updated: 17519728
	4840  -  MemoryUsage of job (MB)
	4955840  -  ResidentSetSize of job (KB)
...
006 (6802618.000.000) 06/22 18:01:45 Image size of job updated: 17519984
	4840  -  MemoryUsage of job (MB)
	4955840  -  ResidentSetSize of job (KB)
...
000 (6822070.000.000) 06/22 21:05:56 Job submitted from host: <137.138.55.115:9618?addrs=137.138.55.115-9618+[2001-1458-d00-17--12a]-9618&alias=bigbird23.cern.ch&noUDP&sock=schedd_23881_f548>
...
040 (6822070.000.000) 06/22 21:11:37 Started transferring input files
	Transferring to host: <128.142.56.142:9618?addrs=128.142.56.142-9618+[2001-1458-301-6--100-8d]-9618&alias=b7s01p9733.cern.ch&noUDP&sock=slot1_1_11791_9379_497794>
...
040 (6822070.000.000) 06/22 21:11:37 Finished transferring input files
...
001 (6822070.000.000) 06/22 21:11:38 Job executing on host: <128.142.56.142:9618?addrs=128.142.56.142-9618+[2001-1458-301-6--100-8d]-9618&alias=b7s01p9733.cern.ch&noUDP&sock=startd_6859_482f>
	SlotName: slot1_1@b7s01p9733.cern.ch
...
006 (6822070.000.000) 06/22 21:11:46 Image size of job updated: 784056
	147  -  MemoryUsage of job (MB)
	150032  -  ResidentSetSize of job (KB)
...
006 (6822070.000.000) 06/22 21:12:06 Image size of job updated: 1114328
	147  -  MemoryUsage of job (MB)
	150156  -  ResidentSetSize of job (KB)
...
040 (6822070.000.000) 06/22 21:12:06 Started transferring output files
...
040 (6822070.000.000) 06/22 21:12:10 Finished transferring output files
...
005 (6822070.000.000) 06/22 21:12:11 Job terminated.
	(1) Normal termination (return value 1)
		Usr 0 00:00:06, Sys 0 00:00:02  -  Run Remote Usage
		Usr 0 00:00:00, Sys 0 00:00:00  -  Run Local Usage
		Usr 0 00:00:06, Sys 0 00:00:02  -  Total Remote Usage
		Usr 0 00:00:00, Sys 0 00:00:00  -  Total Local Usage
	6977  -  Run Bytes Sent By Job
	11061  -  Run Bytes Received By Job
	6977  -  Total Bytes Sent By Job
	11061  -  Total Bytes Received By Job
	Partitionable Resources :    Usage  Request Allocated 
	   Cpus                 :                 1         1 
	   Disk (KB)            :       31       12   1393516 
	   Memory (MB)          :      147     2000      2000 

	Job terminated of its own accord at 2024-06-22T19:12:06Z with exit-code 1.
...
006 (6802618.000.000) 06/23 00:22:26 Image size of job updated: 17520240
	4840  -  MemoryUsage of job (MB)
	4955840  -  ResidentSetSize of job (KB)
...
040 (6802618.000.000) 06/23 05:46:08 Started transferring output files
...
040 (6802618.000.000) 06/23 05:46:50 Finished transferring output files
...
005 (6802618.000.000) 06/23 05:46:50 Job terminated.
	(1) Normal termination (return value 0)
		Usr 7 08:20:52, Sys 1 03:08:54  -  Run Remote Usage
		Usr 0 00:00:00, Sys 0 00:00:00  -  Run Local Usage
		Usr 7 08:20:52, Sys 1 03:08:54  -  Total Remote Usage
		Usr 0 00:00:00, Sys 0 00:00:00  -  Total Local Usage
	841545472  -  Run Bytes Sent By Job
	11085  -  Run Bytes Received By Job
	841545472  -  Total Bytes Sent By Job
	11085  -  Total Bytes Received By Job
	Partitionable Resources :     Usage  Request Allocated 
	   Cpus                 :      3.02        1         1 
	   Disk (KB)            : 821855          12   1279797 
	   Memory (MB)          :   4840        2000      2000 

	Job terminated of its own accord at 2024-06-23T03:46:08Z with exit-code 0.
...
000 (6823245.000.000) 06/23 11:25:07 Job submitted from host: <137.138.55.115:9618?addrs=137.138.55.115-9618+[2001-1458-d00-17--12a]-9618&alias=bigbird23.cern.ch&noUDP&sock=schedd_23881_f548>
...
040 (6823245.000.000) 06/23 11:31:54 Started transferring input files
	Transferring to host: <128.142.56.142:9618?addrs=128.142.56.142-9618+[2001-1458-301-6--100-8d]-9618&alias=b7s01p9733.cern.ch&noUDP&sock=slot1_1_11791_9379_517993>
...
040 (6823245.000.000) 06/23 11:31:54 Finished transferring input files
...
001 (6823245.000.000) 06/23 11:31:55 Job executing on host: <128.142.56.142:9618?addrs=128.142.56.142-9618+[2001-1458-301-6--100-8d]-9618&alias=b7s01p9733.cern.ch&noUDP&sock=startd_6859_482f>
	SlotName: slot1_1@b7s01p9733.cern.ch
...
006 (6823245.000.000) 06/23 11:32:04 Image size of job updated: 373500
	246  -  MemoryUsage of job (MB)
	251896  -  ResidentSetSize of job (KB)
...
006 (6823245.000.000) 06/23 11:32:06 Image size of job updated: 1632264
	247  -  MemoryUsage of job (MB)
	251928  -  ResidentSetSize of job (KB)
...
040 (6823245.000.000) 06/23 11:32:06 Started transferring output files
...
040 (6823245.000.000) 06/23 11:32:06 Finished transferring output files
...
005 (6823245.000.000) 06/23 11:32:06 Job terminated.
	(1) Normal termination (return value 1)
		Usr 0 00:00:06, Sys 0 00:00:01  -  Run Remote Usage
		Usr 0 00:00:00, Sys 0 00:00:00  -  Run Local Usage
		Usr 0 00:00:06, Sys 0 00:00:01  -  Total Remote Usage
		Usr 0 00:00:00, Sys 0 00:00:00  -  Total Local Usage
	6977  -  Run Bytes Sent By Job
	11061  -  Run Bytes Received By Job
	6977  -  Total Bytes Sent By Job
	11061  -  Total Bytes Received By Job
	Partitionable Resources :    Usage  Request Allocated 
	   Cpus                 :                 1         1 
	   Disk (KB)            :       31       12   1394115 
	   Memory (MB)          :      247     2000      2000 

	Job terminated of its own accord at 2024-06-23T09:32:06Z with exit-code 1.
...
000 (6823266.000.000) 06/23 12:09:14 Job submitted from host: <137.138.55.115:9618?addrs=137.138.55.115-9618+[2001-1458-d00-17--12a]-9618&alias=bigbird23.cern.ch&noUDP&sock=schedd_23881_f548>
...
040 (6823266.000.000) 06/23 12:10:20 Started transferring input files
	Transferring to host: <128.142.56.142:9618?addrs=128.142.56.142-9618+[2001-1458-301-6--100-8d]-9618&alias=b7s01p9733.cern.ch&noUDP&sock=slot1_1_11791_9379_520237>
...
040 (6823266.000.000) 06/23 12:10:20 Finished transferring input files
...
001 (6823266.000.000) 06/23 12:10:21 Job executing on host: <128.142.56.142:9618?addrs=128.142.56.142-9618+[2001-1458-301-6--100-8d]-9618&alias=b7s01p9733.cern.ch&noUDP&sock=startd_6859_482f>
	SlotName: slot1_1@b7s01p9733.cern.ch
...
006 (6823266.000.000) 06/23 12:10:30 Image size of job updated: 805528
	212  -  MemoryUsage of job (MB)
	216928  -  ResidentSetSize of job (KB)
...
040 (6823266.000.000) 06/23 12:10:33 Started transferring output files
...
040 (6823266.000.000) 06/23 12:10:33 Finished transferring output files
...
005 (6823266.000.000) 06/23 12:10:33 Job terminated.
	(1) Normal termination (return value 1)
		Usr 0 00:00:06, Sys 0 00:00:02  -  Run Remote Usage
		Usr 0 00:00:00, Sys 0 00:00:00  -  Run Local Usage
		Usr 0 00:00:06, Sys 0 00:00:02  -  Total Remote Usage
		Usr 0 00:00:00, Sys 0 00:00:00  -  Total Local Usage
	6977  -  Run Bytes Sent By Job
	11061  -  Run Bytes Received By Job
	6977  -  Total Bytes Sent By Job
	11061  -  Total Bytes Received By Job
	Partitionable Resources :    Usage  Request Allocated 
	   Cpus                 :                 1         1 
	   Disk (KB)            :       31       12   1393879 
	   Memory (MB)          :      212     2000      2000 

	Job terminated of its own accord at 2024-06-23T10:10:33Z with exit-code 1.
...
000 (6823272.000.000) 06/23 12:13:49 Job submitted from host: <137.138.55.115:9618?addrs=137.138.55.115-9618+[2001-1458-d00-17--12a]-9618&alias=bigbird23.cern.ch&noUDP&sock=schedd_23881_f548>
...
040 (6823272.000.000) 06/23 12:18:38 Started transferring input files
	Transferring to host: <128.142.56.130:9618?addrs=128.142.56.130-9618&alias=b7s01p5277.cern.ch&noUDP&sock=slot1_17_7445_6d08_173816>
...
040 (6823272.000.000) 06/23 12:18:38 Finished transferring input files
...
001 (6823272.000.000) 06/23 12:18:39 Job executing on host: <128.142.56.130:9618?addrs=128.142.56.130-9618&alias=b7s01p5277.cern.ch&noUDP&sock=startd_7381_549e>
	SlotName: slot1_17@b7s01p5277.cern.ch
...
006 (6823272.000.000) 06/23 12:18:47 Image size of job updated: 18012
	14  -  MemoryUsage of job (MB)
	13888  -  ResidentSetSize of job (KB)
...
006 (6823272.000.000) 06/23 12:20:18 Image size of job updated: 1238884
	14  -  MemoryUsage of job (MB)
	13888  -  ResidentSetSize of job (KB)
...
040 (6823272.000.000) 06/23 12:20:18 Started transferring output files
...
040 (6823272.000.000) 06/23 12:20:18 Finished transferring output files
...
004 (6823272.000.000) 06/23 12:20:18 Job was evicted.
	(0) CPU times
		Usr 0 00:00:08, Sys 0 00:00:03  -  Run Remote Usage
		Usr 0 00:00:00, Sys 0 00:00:00  -  Run Local Usage
	1542  -  Run Bytes Sent By Job
	11061  -  Run Bytes Received By Job
	Partitionable Resources :    Usage  Request Allocated 
	   Cpus                 :                 1         1 
	   Disk (KB)            :       28       12   1202999 
	   Memory (MB)          :       14     2000      2000 
...
009 (6823272.000.000) 06/23 12:20:18 Job was aborted.
	via condor_rm (by user fsalerno)
...
000 (6823285.000.000) 06/23 12:20:39 Job submitted from host: <137.138.55.115:9618?addrs=137.138.55.115-9618+[2001-1458-d00-17--12a]-9618&alias=bigbird23.cern.ch&noUDP&sock=schedd_23881_f548>
...
040 (6823285.000.000) 06/23 12:40:21 Started transferring input files
	Transferring to host: <128.142.56.142:9618?addrs=128.142.56.142-9618+[2001-1458-301-6--100-8d]-9618&alias=b7s01p9733.cern.ch&noUDP&sock=slot1_1_11791_9379_521511>
...
040 (6823285.000.000) 06/23 12:40:21 Finished transferring input files
...
001 (6823285.000.000) 06/23 12:40:22 Job executing on host: <128.142.56.142:9618?addrs=128.142.56.142-9618+[2001-1458-301-6--100-8d]-9618&alias=b7s01p9733.cern.ch&noUDP&sock=startd_6859_482f>
	SlotName: slot1_1@b7s01p9733.cern.ch
...
006 (6823285.000.000) 06/23 12:40:30 Image size of job updated: 300012
	206  -  MemoryUsage of job (MB)
	210508  -  ResidentSetSize of job (KB)
...
006 (6823285.000.000) 06/23 12:40:33 Image size of job updated: 345040
	206  -  MemoryUsage of job (MB)
	210632  -  ResidentSetSize of job (KB)
...
040 (6823285.000.000) 06/23 12:40:33 Started transferring output files
...
040 (6823285.000.000) 06/23 12:40:33 Finished transferring output files
...
005 (6823285.000.000) 06/23 12:40:33 Job terminated.
	(1) Normal termination (return value 1)
		Usr 0 00:00:06, Sys 0 00:00:01  -  Run Remote Usage
		Usr 0 00:00:00, Sys 0 00:00:00  -  Run Local Usage
		Usr 0 00:00:06, Sys 0 00:00:01  -  Total Remote Usage
		Usr 0 00:00:00, Sys 0 00:00:00  -  Total Local Usage
	7249  -  Run Bytes Sent By Job
	11061  -  Run Bytes Received By Job
	7249  -  Total Bytes Sent By Job
	11061  -  Total Bytes Received By Job
	Partitionable Resources :    Usage  Request Allocated 
	   Cpus                 :                 1         1 
	   Disk (KB)            :       32       12   1393860 
	   Memory (MB)          :      206     2000      2000 

	Job terminated of its own accord at 2024-06-23T10:40:33Z with exit-code 1.
...
000 (6823307.000.000) 06/23 12:52:31 Job submitted from host: <137.138.55.115:9618?addrs=137.138.55.115-9618+[2001-1458-d00-17--12a]-9618&alias=bigbird23.cern.ch&noUDP&sock=schedd_23881_f548>
...
040 (6823307.000.000) 06/23 12:53:13 Started transferring input files
	Transferring to host: <128.142.57.123:9618?addrs=128.142.57.123-9618&alias=b7s02p6534.cern.ch&noUDP&sock=slot1_16_6899_b832_178503>
...
040 (6823307.000.000) 06/23 12:53:13 Finished transferring input files
...
001 (6823307.000.000) 06/23 12:53:14 Job executing on host: <128.142.57.123:9618?addrs=128.142.57.123-9618&alias=b7s02p6534.cern.ch&noUDP&sock=startd_6851_cb6d>
	SlotName: slot1_16@b7s02p6534.cern.ch
...
006 (6823307.000.000) 06/23 12:53:22 Image size of job updated: 31524
	23  -  MemoryUsage of job (MB)
	23176  -  ResidentSetSize of job (KB)
...
006 (6823307.000.000) 06/23 12:58:22 Image size of job updated: 15724520
	1196  -  MemoryUsage of job (MB)
	1223716  -  ResidentSetSize of job (KB)
...
006 (6823307.000.000) 06/23 13:03:23 Image size of job updated: 15724520
	1297  -  MemoryUsage of job (MB)
	1327964  -  ResidentSetSize of job (KB)
...
006 (6823307.000.000) 06/23 13:08:23 Image size of job updated: 15725032
	1366  -  MemoryUsage of job (MB)
	1398764  -  ResidentSetSize of job (KB)
...
006 (6823307.000.000) 06/23 13:13:23 Image size of job updated: 15725288
	1408  -  MemoryUsage of job (MB)
	1441060  -  ResidentSetSize of job (KB)
...
006 (6823307.000.000) 06/23 13:18:24 Image size of job updated: 15725544
	1486  -  MemoryUsage of job (MB)
	1520784  -  ResidentSetSize of job (KB)
...
006 (6823307.000.000) 06/23 13:23:24 Image size of job updated: 15725800
	1525  -  MemoryUsage of job (MB)
	1561504  -  ResidentSetSize of job (KB)
...
006 (6823307.000.000) 06/23 13:28:25 Image size of job updated: 15725800
	1549  -  MemoryUsage of job (MB)
	1585452  -  ResidentSetSize of job (KB)
...
006 (6823307.000.000) 06/23 13:33:25 Image size of job updated: 15726312
	1580  -  MemoryUsage of job (MB)
	1617636  -  ResidentSetSize of job (KB)
...
006 (6823307.000.000) 06/23 13:38:26 Image size of job updated: 15726312
	1601  -  MemoryUsage of job (MB)
	1639032  -  ResidentSetSize of job (KB)
...
006 (6823307.000.000) 06/23 13:43:27 Image size of job updated: 15726312
	1613  -  MemoryUsage of job (MB)
	1651364  -  ResidentSetSize of job (KB)
...
000 (6823331.000.000) 06/23 13:46:53 Job submitted from host: <137.138.55.115:9618?addrs=137.138.55.115-9618+[2001-1458-d00-17--12a]-9618&alias=bigbird23.cern.ch&noUDP&sock=schedd_23881_f548>
...
006 (6823307.000.000) 06/23 13:48:28 Image size of job updated: 15726824
	1631  -  MemoryUsage of job (MB)
	1669944  -  ResidentSetSize of job (KB)
...
040 (6823331.000.000) 06/23 13:51:26 Started transferring input files
	Transferring to host: <128.142.57.35:9618?addrs=128.142.57.35-9618+[2001-1458-301-7--100-22]-9618&alias=b7s02p3391.cern.ch&noUDP&sock=slot1_15_65411_b77d_175421>
...
040 (6823331.000.000) 06/23 13:51:26 Finished transferring input files
...
001 (6823331.000.000) 06/23 13:51:27 Job executing on host: <128.142.57.35:9618?addrs=128.142.57.35-9618+[2001-1458-301-7--100-22]-9618&alias=b7s02p3391.cern.ch&noUDP&sock=startd_65372_5543>
	SlotName: slot1_15@b7s02p3391.cern.ch
...
006 (6823331.000.000) 06/23 13:51:35 Image size of job updated: 144264
	70  -  MemoryUsage of job (MB)
	71576  -  ResidentSetSize of job (KB)
...
006 (6823307.000.000) 06/23 13:53:29 Image size of job updated: 15727336
	1649  -  MemoryUsage of job (MB)
	1687980  -  ResidentSetSize of job (KB)
...
006 (6823331.000.000) 06/23 13:56:36 Image size of job updated: 21097956
	1206  -  MemoryUsage of job (MB)
	1234528  -  ResidentSetSize of job (KB)
...
006 (6823307.000.000) 06/23 13:58:30 Image size of job updated: 15727336
	1669  -  MemoryUsage of job (MB)
	1709052  -  ResidentSetSize of job (KB)
...
006 (6823331.000.000) 06/23 14:01:37 Image size of job updated: 21098724
	1346  -  MemoryUsage of job (MB)
	1378260  -  ResidentSetSize of job (KB)
...
006 (6823307.000.000) 06/23 14:03:30 Image size of job updated: 15736296
	1679  -  MemoryUsage of job (MB)
	1718900  -  ResidentSetSize of job (KB)
...
006 (6823331.000.000) 06/23 14:06:37 Image size of job updated: 21099492
	1424  -  MemoryUsage of job (MB)
	1457632  -  ResidentSetSize of job (KB)
...
006 (6823307.000.000) 06/23 14:08:31 Image size of job updated: 15736296
	1695  -  MemoryUsage of job (MB)
	1735276  -  ResidentSetSize of job (KB)
...
006 (6823331.000.000) 06/23 14:11:37 Image size of job updated: 21099492
	1459  -  MemoryUsage of job (MB)
	1493124  -  ResidentSetSize of job (KB)
...
006 (6823307.000.000) 06/23 14:13:32 Image size of job updated: 15737064
	1700  -  MemoryUsage of job (MB)
	1740728  -  ResidentSetSize of job (KB)
...
006 (6823331.000.000) 06/23 14:16:38 Image size of job updated: 21100004
	1489  -  MemoryUsage of job (MB)
	1523972  -  ResidentSetSize of job (KB)
...
006 (6823307.000.000) 06/23 14:18:32 Image size of job updated: 15737320
	1712  -  MemoryUsage of job (MB)
	1752368  -  ResidentSetSize of job (KB)
...
006 (6823331.000.000) 06/23 14:21:39 Image size of job updated: 21100004
	1514  -  MemoryUsage of job (MB)
	1550224  -  ResidentSetSize of job (KB)
...
006 (6823307.000.000) 06/23 14:23:33 Image size of job updated: 15737320
	1724  -  MemoryUsage of job (MB)
	1764556  -  ResidentSetSize of job (KB)
...
006 (6823331.000.000) 06/23 14:26:39 Image size of job updated: 21100772
	1536  -  MemoryUsage of job (MB)
	1572000  -  ResidentSetSize of job (KB)
...
006 (6823307.000.000) 06/23 14:28:34 Image size of job updated: 15737832
	1730  -  MemoryUsage of job (MB)
	1770836  -  ResidentSetSize of job (KB)
...
006 (6823331.000.000) 06/23 14:31:39 Image size of job updated: 21100772
	1557  -  MemoryUsage of job (MB)
	1593696  -  ResidentSetSize of job (KB)
...
006 (6823307.000.000) 06/23 14:33:34 Image size of job updated: 15738088
	1738  -  MemoryUsage of job (MB)
	1778804  -  ResidentSetSize of job (KB)
...
006 (6823331.000.000) 06/23 14:36:40 Image size of job updated: 21100772
	1566  -  MemoryUsage of job (MB)
	1603500  -  ResidentSetSize of job (KB)
...
006 (6823307.000.000) 06/23 14:38:34 Image size of job updated: 15738088
	1748  -  MemoryUsage of job (MB)
	1789692  -  ResidentSetSize of job (KB)
...
006 (6823331.000.000) 06/23 14:41:40 Image size of job updated: 21101796
	1577  -  MemoryUsage of job (MB)
	1614080  -  ResidentSetSize of job (KB)
...
006 (6823307.000.000) 06/23 14:43:35 Image size of job updated: 15738344
	1752  -  MemoryUsage of job (MB)
	1794000  -  ResidentSetSize of job (KB)
...
006 (6823331.000.000) 06/23 14:46:40 Image size of job updated: 21101796
	1599  -  MemoryUsage of job (MB)
	1636380  -  ResidentSetSize of job (KB)
...
006 (6823307.000.000) 06/23 14:48:35 Image size of job updated: 15738344
	1759  -  MemoryUsage of job (MB)
	1800936  -  ResidentSetSize of job (KB)
...
006 (6823331.000.000) 06/23 14:51:42 Image size of job updated: 21101796
	1604  -  MemoryUsage of job (MB)
	1642044  -  ResidentSetSize of job (KB)
...
006 (6823307.000.000) 06/23 14:53:35 Image size of job updated: 15738600
	1763  -  MemoryUsage of job (MB)
	1804712  -  ResidentSetSize of job (KB)
...
006 (6823331.000.000) 06/23 14:56:42 Image size of job updated: 21103844
	1617  -  MemoryUsage of job (MB)
	1655544  -  ResidentSetSize of job (KB)
...
006 (6823307.000.000) 06/23 14:58:36 Image size of job updated: 15738856
	1767  -  MemoryUsage of job (MB)
	1808856  -  ResidentSetSize of job (KB)
...
006 (6823331.000.000) 06/23 15:01:42 Image size of job updated: 21103844
	1628  -  MemoryUsage of job (MB)
	1666668  -  ResidentSetSize of job (KB)
...
006 (6823307.000.000) 06/23 15:03:36 Image size of job updated: 15739368
	1772  -  MemoryUsage of job (MB)
	1813840  -  ResidentSetSize of job (KB)
...
006 (6823331.000.000) 06/23 15:06:43 Image size of job updated: 21104356
	1635  -  MemoryUsage of job (MB)
	1673972  -  ResidentSetSize of job (KB)
...
006 (6823307.000.000) 06/23 15:08:36 Image size of job updated: 15739368
	1775  -  MemoryUsage of job (MB)
	1816780  -  ResidentSetSize of job (KB)
...
006 (6823331.000.000) 06/23 15:11:44 Image size of job updated: 21104356
	1638  -  MemoryUsage of job (MB)
	1677068  -  ResidentSetSize of job (KB)
...
006 (6823307.000.000) 06/23 15:13:37 Image size of job updated: 15740136
	1776  -  MemoryUsage of job (MB)
	1818060  -  ResidentSetSize of job (KB)
...
006 (6823331.000.000) 06/23 15:16:44 Image size of job updated: 21105124
	1641  -  MemoryUsage of job (MB)
	1680172  -  ResidentSetSize of job (KB)
...
006 (6823307.000.000) 06/23 15:18:38 Image size of job updated: 15740904
	1781  -  MemoryUsage of job (MB)
	1823532  -  ResidentSetSize of job (KB)
...
006 (6823331.000.000) 06/23 15:21:45 Image size of job updated: 21105124
	1649  -  MemoryUsage of job (MB)
	1688436  -  ResidentSetSize of job (KB)
...
006 (6823307.000.000) 06/23 15:23:38 Image size of job updated: 15741160
	1793  -  MemoryUsage of job (MB)
	1835912  -  ResidentSetSize of job (KB)
...
006 (6823331.000.000) 06/23 15:26:46 Image size of job updated: 21105636
	1658  -  MemoryUsage of job (MB)
	1697044  -  ResidentSetSize of job (KB)
...
006 (6823307.000.000) 06/23 15:28:39 Image size of job updated: 15741160
	1798  -  MemoryUsage of job (MB)
	1840212  -  ResidentSetSize of job (KB)
...
006 (6823331.000.000) 06/23 15:31:46 Image size of job updated: 21106148
	1661  -  MemoryUsage of job (MB)
	1700000  -  ResidentSetSize of job (KB)
...
006 (6823307.000.000) 06/23 15:33:40 Image size of job updated: 15741160
	1804  -  MemoryUsage of job (MB)
	1846464  -  ResidentSetSize of job (KB)
...
006 (6823331.000.000) 06/23 15:36:46 Image size of job updated: 21106148
	1674  -  MemoryUsage of job (MB)
	1714100  -  ResidentSetSize of job (KB)
...
006 (6823307.000.000) 06/23 15:38:40 Image size of job updated: 15741416
	1804  -  MemoryUsage of job (MB)
	1846600  -  ResidentSetSize of job (KB)
...
006 (6823331.000.000) 06/23 15:41:47 Image size of job updated: 21130752
	1695  -  MemoryUsage of job (MB)
	1735068  -  ResidentSetSize of job (KB)
...
006 (6823307.000.000) 06/23 15:43:41 Image size of job updated: 15741672
	1807  -  MemoryUsage of job (MB)
	1849740  -  ResidentSetSize of job (KB)
...
006 (6823331.000.000) 06/23 15:46:48 Image size of job updated: 21130752
	1696  -  MemoryUsage of job (MB)
	1736120  -  ResidentSetSize of job (KB)
...
006 (6823307.000.000) 06/23 15:48:42 Image size of job updated: 15742440
	1811  -  MemoryUsage of job (MB)
	1853980  -  ResidentSetSize of job (KB)
...
006 (6823331.000.000) 06/23 15:51:48 Image size of job updated: 21131520
	1702  -  MemoryUsage of job (MB)
	1741992  -  ResidentSetSize of job (KB)
...
006 (6823307.000.000) 06/23 15:53:42 Image size of job updated: 15742696
	1815  -  MemoryUsage of job (MB)
	1857816  -  ResidentSetSize of job (KB)
...
006 (6823331.000.000) 06/23 15:56:49 Image size of job updated: 21131776
	1707  -  MemoryUsage of job (MB)
	1747776  -  ResidentSetSize of job (KB)
...
006 (6823307.000.000) 06/23 15:58:42 Image size of job updated: 15742696
	1816  -  MemoryUsage of job (MB)
	1858992  -  ResidentSetSize of job (KB)
...
006 (6823331.000.000) 06/23 16:01:50 Image size of job updated: 21132032
	1711  -  MemoryUsage of job (MB)
	1751692  -  ResidentSetSize of job (KB)
...
006 (6823307.000.000) 06/23 16:03:43 Image size of job updated: 15743208
	1818  -  MemoryUsage of job (MB)
	1860692  -  ResidentSetSize of job (KB)
...
006 (6823331.000.000) 06/23 16:06:50 Image size of job updated: 21135592
	1727  -  MemoryUsage of job (MB)
	1768284  -  ResidentSetSize of job (KB)
...
006 (6823307.000.000) 06/23 16:08:43 Image size of job updated: 15743464
	1818  -  MemoryUsage of job (MB)
	1861324  -  ResidentSetSize of job (KB)
...
006 (6823331.000.000) 06/23 16:11:50 Image size of job updated: 21137524
	1732  -  MemoryUsage of job (MB)
	1773308  -  ResidentSetSize of job (KB)
...
006 (6823307.000.000) 06/23 16:13:43 Image size of job updated: 15743720
	1819  -  MemoryUsage of job (MB)
	1862040  -  ResidentSetSize of job (KB)
...
006 (6823331.000.000) 06/23 16:16:51 Image size of job updated: 21137780
	1736  -  MemoryUsage of job (MB)
	1776664  -  ResidentSetSize of job (KB)
...
006 (6823307.000.000) 06/23 16:18:44 Image size of job updated: 15743720
	1840  -  MemoryUsage of job (MB)
	1883556  -  ResidentSetSize of job (KB)
...
006 (6823331.000.000) 06/23 16:21:52 Image size of job updated: 21138036
	1738  -  MemoryUsage of job (MB)
	1779252  -  ResidentSetSize of job (KB)
...
006 (6823307.000.000) 06/23 16:23:44 Image size of job updated: 15752384
	1841  -  MemoryUsage of job (MB)
	1885028  -  ResidentSetSize of job (KB)
...
006 (6823331.000.000) 06/23 16:24:22 Image size of job updated: 21138292
	1738  -  MemoryUsage of job (MB)
	1779252  -  ResidentSetSize of job (KB)
...
040 (6823331.000.000) 06/23 16:24:22 Started transferring output files
...
040 (6823331.000.000) 06/23 16:24:23 Finished transferring output files
...
005 (6823331.000.000) 06/23 16:24:23 Job terminated.
	(1) Normal termination (return value 1)
		Usr 0 04:29:13, Sys 0 00:43:06  -  Run Remote Usage
		Usr 0 00:00:00, Sys 0 00:00:00  -  Run Local Usage
		Usr 0 04:29:13, Sys 0 00:43:06  -  Total Remote Usage
		Usr 0 00:00:00, Sys 0 00:00:00  -  Total Local Usage
	18747934  -  Run Bytes Sent By Job
	11068  -  Run Bytes Received By Job
	18747934  -  Total Bytes Sent By Job
	11068  -  Total Bytes Received By Job
	Partitionable Resources :    Usage  Request Allocated 
	   Cpus                 :     1.82        1         1 
	   Disk (KB)            : 18343          12   1296774 
	   Memory (MB)          :  1738        2000      2000 

	Job terminated of its own accord at 2024-06-23T14:24:22Z with exit-code 1.
...
006 (6823307.000.000) 06/23 16:28:44 Image size of job updated: 15752904
	1846  -  MemoryUsage of job (MB)
	1890148  -  ResidentSetSize of job (KB)
...
006 (6823307.000.000) 06/23 16:33:45 Image size of job updated: 15753160
	1849  -  MemoryUsage of job (MB)
	1893080  -  ResidentSetSize of job (KB)
...
006 (6823307.000.000) 06/23 16:38:45 Image size of job updated: 15753416
	1852  -  MemoryUsage of job (MB)
	1896312  -  ResidentSetSize of job (KB)
...
006 (6823307.000.000) 06/23 16:43:45 Image size of job updated: 15757984
	1855  -  MemoryUsage of job (MB)
	1898540  -  ResidentSetSize of job (KB)
...
006 (6823307.000.000) 06/23 16:48:46 Image size of job updated: 15758240
	1860  -  MemoryUsage of job (MB)
	1903640  -  ResidentSetSize of job (KB)
...
006 (6823307.000.000) 06/23 16:53:47 Image size of job updated: 15758240
	1860  -  MemoryUsage of job (MB)
	1903764  -  ResidentSetSize of job (KB)
...
006 (6823307.000.000) 06/23 16:58:47 Image size of job updated: 15758752
	1865  -  MemoryUsage of job (MB)
	1909200  -  ResidentSetSize of job (KB)
...
006 (6823307.000.000) 06/23 17:03:48 Image size of job updated: 15759008
	1869  -  MemoryUsage of job (MB)
	1912956  -  ResidentSetSize of job (KB)
...
006 (6823307.000.000) 06/23 17:08:49 Image size of job updated: 15764092
	1872  -  MemoryUsage of job (MB)
	1916804  -  ResidentSetSize of job (KB)
...
006 (6823307.000.000) 06/23 17:13:49 Image size of job updated: 15764348
	1873  -  MemoryUsage of job (MB)
	1917284  -  ResidentSetSize of job (KB)
...
006 (6823307.000.000) 06/23 17:18:49 Image size of job updated: 15764348
	1885  -  MemoryUsage of job (MB)
	1929384  -  ResidentSetSize of job (KB)
...
006 (6823307.000.000) 06/23 17:23:50 Image size of job updated: 15765568
	1887  -  MemoryUsage of job (MB)
	1932236  -  ResidentSetSize of job (KB)
...
006 (6823307.000.000) 06/23 17:28:50 Image size of job updated: 15765568
	1888  -  MemoryUsage of job (MB)
	1932952  -  ResidentSetSize of job (KB)
...
006 (6823307.000.000) 06/23 17:33:50 Image size of job updated: 15765568
	1892  -  MemoryUsage of job (MB)
	1937076  -  ResidentSetSize of job (KB)
...
006 (6823307.000.000) 06/23 17:38:51 Image size of job updated: 15765824
	1894  -  MemoryUsage of job (MB)
	1938672  -  ResidentSetSize of job (KB)
...
006 (6823307.000.000) 06/23 17:43:51 Image size of job updated: 15766080
	1897  -  MemoryUsage of job (MB)
	1941992  -  ResidentSetSize of job (KB)
...
006 (6823307.000.000) 06/23 17:48:51 Image size of job updated: 15766080
	1899  -  MemoryUsage of job (MB)
	1943584  -  ResidentSetSize of job (KB)
...
006 (6823307.000.000) 06/23 17:53:52 Image size of job updated: 15766080
	1900  -  MemoryUsage of job (MB)
	1945184  -  ResidentSetSize of job (KB)
...
006 (6823307.000.000) 06/23 17:58:53 Image size of job updated: 15766336
	1900  -  MemoryUsage of job (MB)
	1945184  -  ResidentSetSize of job (KB)
...
006 (6823307.000.000) 06/23 18:03:53 Image size of job updated: 15766336
	1902  -  MemoryUsage of job (MB)
	1946984  -  ResidentSetSize of job (KB)
...
006 (6823307.000.000) 06/23 18:08:54 Image size of job updated: 15766336
	1905  -  MemoryUsage of job (MB)
	1950464  -  ResidentSetSize of job (KB)
...
006 (6823307.000.000) 06/23 18:13:55 Image size of job updated: 15766592
	1905  -  MemoryUsage of job (MB)
	1950464  -  ResidentSetSize of job (KB)
...
006 (6823307.000.000) 06/23 18:18:55 Image size of job updated: 15766592
	1907  -  MemoryUsage of job (MB)
	1952344  -  ResidentSetSize of job (KB)
...
006 (6823307.000.000) 06/23 18:23:56 Image size of job updated: 15766592
	1910  -  MemoryUsage of job (MB)
	1955756  -  ResidentSetSize of job (KB)
...
006 (6823307.000.000) 06/23 18:28:57 Image size of job updated: 15766592
	1914  -  MemoryUsage of job (MB)
	1959636  -  ResidentSetSize of job (KB)
...
006 (6823307.000.000) 06/23 18:33:57 Image size of job updated: 15766592
	1917  -  MemoryUsage of job (MB)
	1962148  -  ResidentSetSize of job (KB)
...
000 (6823732.000.000) 06/23 18:35:55 Job submitted from host: <137.138.55.115:9618?addrs=137.138.55.115-9618+[2001-1458-d00-17--12a]-9618&alias=bigbird23.cern.ch&noUDP&sock=schedd_23881_f548>
...
040 (6823732.000.000) 06/23 18:38:22 Started transferring input files
	Transferring to host: <128.142.56.86:9618?addrs=128.142.56.86-9618&alias=b7s01p8345.cern.ch&noUDP&sock=slot1_12_3873_a0f7_80720>
...
040 (6823732.000.000) 06/23 18:38:22 Finished transferring input files
...
001 (6823732.000.000) 06/23 18:38:23 Job executing on host: <128.142.56.86:9618?addrs=128.142.56.86-9618&alias=b7s01p8345.cern.ch&noUDP&sock=startd_6856_3966>
	SlotName: slot1_12@b7s01p8345.cern.ch
...
006 (6823732.000.000) 06/23 18:38:32 Image size of job updated: 933084
	27  -  MemoryUsage of job (MB)
	27600  -  ResidentSetSize of job (KB)
...
006 (6823307.000.000) 06/23 18:38:57 Image size of job updated: 15766592
	1919  -  MemoryUsage of job (MB)
	1964468  -  ResidentSetSize of job (KB)
...
006 (6823732.000.000) 06/23 18:43:34 Image size of job updated: 15698412
	1210  -  MemoryUsage of job (MB)
	1238064  -  ResidentSetSize of job (KB)
...
006 (6823307.000.000) 06/23 18:43:58 Image size of job updated: 15766848
	1922  -  MemoryUsage of job (MB)
	1967416  -  ResidentSetSize of job (KB)
...
006 (6823732.000.000) 06/23 18:48:34 Image size of job updated: 15713916
	1336  -  MemoryUsage of job (MB)
	1367588  -  ResidentSetSize of job (KB)
...
006 (6823307.000.000) 06/23 18:48:59 Image size of job updated: 15766848
	1924  -  MemoryUsage of job (MB)
	1969180  -  ResidentSetSize of job (KB)
...
006 (6823732.000.000) 06/23 18:53:34 Image size of job updated: 15722124
	1399  -  MemoryUsage of job (MB)
	1432544  -  ResidentSetSize of job (KB)
...
006 (6823307.000.000) 06/23 18:53:59 Image size of job updated: 15766848
	1926  -  MemoryUsage of job (MB)
	1972200  -  ResidentSetSize of job (KB)
...
006 (6823732.000.000) 06/23 18:58:35 Image size of job updated: 15722124
	1463  -  MemoryUsage of job (MB)
	1497428  -  ResidentSetSize of job (KB)
...
006 (6823307.000.000) 06/23 18:58:59 Image size of job updated: 15766848
	1927  -  MemoryUsage of job (MB)
	1973032  -  ResidentSetSize of job (KB)
...
006 (6823732.000.000) 06/23 19:03:36 Image size of job updated: 15722636
	1523  -  MemoryUsage of job (MB)
	1559428  -  ResidentSetSize of job (KB)
...
006 (6823307.000.000) 06/23 19:04:00 Image size of job updated: 15766848
	1928  -  MemoryUsage of job (MB)
	1973704  -  ResidentSetSize of job (KB)
...
006 (6823732.000.000) 06/23 19:08:36 Image size of job updated: 15722636
	1562  -  MemoryUsage of job (MB)
	1598668  -  ResidentSetSize of job (KB)
...
006 (6823307.000.000) 06/23 19:09:01 Image size of job updated: 15766848
	1930  -  MemoryUsage of job (MB)
	1975576  -  ResidentSetSize of job (KB)
...
006 (6823732.000.000) 06/23 19:13:37 Image size of job updated: 15722636
	1589  -  MemoryUsage of job (MB)
	1626436  -  ResidentSetSize of job (KB)
...
006 (6823307.000.000) 06/23 19:14:01 Image size of job updated: 15766848
	1931  -  MemoryUsage of job (MB)
	1976672  -  ResidentSetSize of job (KB)
...
006 (6823732.000.000) 06/23 19:18:38 Image size of job updated: 15723916
	1613  -  MemoryUsage of job (MB)
	1651672  -  ResidentSetSize of job (KB)
...
006 (6823307.000.000) 06/23 19:19:02 Image size of job updated: 15766848
	1931  -  MemoryUsage of job (MB)
	1977208  -  ResidentSetSize of job (KB)
...
006 (6823732.000.000) 06/23 19:23:38 Image size of job updated: 15723916
	1623  -  MemoryUsage of job (MB)
	1661268  -  ResidentSetSize of job (KB)
...
006 (6823307.000.000) 06/23 19:24:03 Image size of job updated: 15766848
	1932  -  MemoryUsage of job (MB)
	1978192  -  ResidentSetSize of job (KB)
...
006 (6823732.000.000) 06/23 19:28:38 Image size of job updated: 15723916
	1642  -  MemoryUsage of job (MB)
	1681224  -  ResidentSetSize of job (KB)
...
006 (6823307.000.000) 06/23 19:29:03 Image size of job updated: 15766848
	1935  -  MemoryUsage of job (MB)
	1981000  -  ResidentSetSize of job (KB)
...
006 (6823732.000.000) 06/23 19:33:39 Image size of job updated: 15725196
	1670  -  MemoryUsage of job (MB)
	1710012  -  ResidentSetSize of job (KB)
...
006 (6823307.000.000) 06/23 19:34:04 Image size of job updated: 15766848
	1936  -  MemoryUsage of job (MB)
	1982176  -  ResidentSetSize of job (KB)
...
006 (6823732.000.000) 06/23 19:38:39 Image size of job updated: 15725196
	1690  -  MemoryUsage of job (MB)
	1730416  -  ResidentSetSize of job (KB)
...
006 (6823307.000.000) 06/23 19:39:05 Image size of job updated: 15767104
	1939  -  MemoryUsage of job (MB)
	1984728  -  ResidentSetSize of job (KB)
...
006 (6823732.000.000) 06/23 19:43:39 Image size of job updated: 15733968
	1699  -  MemoryUsage of job (MB)
	1739160  -  ResidentSetSize of job (KB)
...
006 (6823307.000.000) 06/23 19:44:05 Image size of job updated: 15767104
	1939  -  MemoryUsage of job (MB)
	1984976  -  ResidentSetSize of job (KB)
...
006 (6823732.000.000) 06/23 19:48:40 Image size of job updated: 15733968
	1715  -  MemoryUsage of job (MB)
	1755172  -  ResidentSetSize of job (KB)
...
006 (6823307.000.000) 06/23 19:49:06 Image size of job updated: 15767104
	1940  -  MemoryUsage of job (MB)
	1985672  -  ResidentSetSize of job (KB)
...
006 (6823732.000.000) 06/23 19:53:40 Image size of job updated: 15734480
	1720  -  MemoryUsage of job (MB)
	1761092  -  ResidentSetSize of job (KB)
...
006 (6823307.000.000) 06/23 19:54:07 Image size of job updated: 15767104
	1941  -  MemoryUsage of job (MB)
	1986628  -  ResidentSetSize of job (KB)
...
006 (6823732.000.000) 06/23 19:58:40 Image size of job updated: 15734736
	1724  -  MemoryUsage of job (MB)
	1765336  -  ResidentSetSize of job (KB)
...
006 (6823307.000.000) 06/23 19:59:07 Image size of job updated: 15767104
	1941  -  MemoryUsage of job (MB)
	1987520  -  ResidentSetSize of job (KB)
...
006 (6823732.000.000) 06/23 20:03:41 Image size of job updated: 15734992
	1729  -  MemoryUsage of job (MB)
	1770096  -  ResidentSetSize of job (KB)
...
006 (6823732.000.000) 06/23 20:08:42 Image size of job updated: 15735248
	1734  -  MemoryUsage of job (MB)
	1775124  -  ResidentSetSize of job (KB)
...
006 (6823307.000.000) 06/23 20:09:08 Image size of job updated: 15767616
	1942  -  MemoryUsage of job (MB)
	1988608  -  ResidentSetSize of job (KB)
...
006 (6823732.000.000) 06/23 20:13:42 Image size of job updated: 15735504
	1742  -  MemoryUsage of job (MB)
	1783648  -  ResidentSetSize of job (KB)
...
006 (6823307.000.000) 06/23 20:14:08 Image size of job updated: 15767616
	1944  -  MemoryUsage of job (MB)
	1990216  -  ResidentSetSize of job (KB)
...
006 (6823732.000.000) 06/23 20:18:43 Image size of job updated: 15735760
	1745  -  MemoryUsage of job (MB)
	1786076  -  ResidentSetSize of job (KB)
...
006 (6823307.000.000) 06/23 20:19:08 Image size of job updated: 15767616
	1944  -  MemoryUsage of job (MB)
	1990400  -  ResidentSetSize of job (KB)
...
006 (6823732.000.000) 06/23 20:23:44 Image size of job updated: 15736016
	1750  -  MemoryUsage of job (MB)
	1791252  -  ResidentSetSize of job (KB)
...
006 (6823307.000.000) 06/23 20:24:10 Image size of job updated: 15767616
	1946  -  MemoryUsage of job (MB)
	1991876  -  ResidentSetSize of job (KB)
...
006 (6823732.000.000) 06/23 20:28:44 Image size of job updated: 15736272
	1752  -  MemoryUsage of job (MB)
	1793060  -  ResidentSetSize of job (KB)
...
006 (6823307.000.000) 06/23 20:29:10 Image size of job updated: 15767872
	1948  -  MemoryUsage of job (MB)
	1994460  -  ResidentSetSize of job (KB)
...
006 (6823732.000.000) 06/23 20:33:44 Image size of job updated: 15736272
	1753  -  MemoryUsage of job (MB)
	1795072  -  ResidentSetSize of job (KB)
...
006 (6823307.000.000) 06/23 20:34:10 Image size of job updated: 15767872
	1951  -  MemoryUsage of job (MB)
	1997120  -  ResidentSetSize of job (KB)
...
006 (6823732.000.000) 06/23 20:38:45 Image size of job updated: 15738064
	1758  -  MemoryUsage of job (MB)
	1799464  -  ResidentSetSize of job (KB)
...
006 (6823307.000.000) 06/23 20:39:11 Image size of job updated: 15768128
	1952  -  MemoryUsage of job (MB)
	1997832  -  ResidentSetSize of job (KB)
...
006 (6823732.000.000) 06/23 20:43:45 Image size of job updated: 15738064
	1760  -  MemoryUsage of job (MB)
	1801892  -  ResidentSetSize of job (KB)
...
006 (6823307.000.000) 06/23 20:44:12 Image size of job updated: 15768384
	1954  -  MemoryUsage of job (MB)
	2000804  -  ResidentSetSize of job (KB)
...
006 (6823732.000.000) 06/23 20:48:45 Image size of job updated: 15738576
	1763  -  MemoryUsage of job (MB)
	1804452  -  ResidentSetSize of job (KB)
...
006 (6823307.000.000) 06/23 20:49:12 Image size of job updated: 15768384
	1956  -  MemoryUsage of job (MB)
	2002080  -  ResidentSetSize of job (KB)
...
006 (6823732.000.000) 06/23 20:53:46 Image size of job updated: 15738576
	1767  -  MemoryUsage of job (MB)
	1808432  -  ResidentSetSize of job (KB)
...
006 (6823307.000.000) 06/23 20:54:13 Image size of job updated: 15768384
	1958  -  MemoryUsage of job (MB)
	2004508  -  ResidentSetSize of job (KB)
...
006 (6823732.000.000) 06/23 20:58:47 Image size of job updated: 15739088
	1768  -  MemoryUsage of job (MB)
	1810400  -  ResidentSetSize of job (KB)
...
006 (6823307.000.000) 06/23 20:59:14 Image size of job updated: 15768640
	1958  -  MemoryUsage of job (MB)
	2004784  -  ResidentSetSize of job (KB)
...
006 (6823732.000.000) 06/23 21:03:47 Image size of job updated: 15739600
	1769  -  MemoryUsage of job (MB)
	1811192  -  ResidentSetSize of job (KB)
...
006 (6823307.000.000) 06/23 21:04:14 Image size of job updated: 15768896
	1964  -  MemoryUsage of job (MB)
	2010968  -  ResidentSetSize of job (KB)
...
006 (6823732.000.000) 06/23 21:08:48 Image size of job updated: 15739600
	1771  -  MemoryUsage of job (MB)
	1813436  -  ResidentSetSize of job (KB)
...
006 (6823307.000.000) 06/23 21:09:14 Image size of job updated: 15768896
	1964  -  MemoryUsage of job (MB)
	2011120  -  ResidentSetSize of job (KB)
...
006 (6823732.000.000) 06/23 21:13:49 Image size of job updated: 15740112
	1777  -  MemoryUsage of job (MB)
	1819196  -  ResidentSetSize of job (KB)
...
006 (6823307.000.000) 06/23 21:14:15 Image size of job updated: 15769152
	1965  -  MemoryUsage of job (MB)
	2011844  -  ResidentSetSize of job (KB)
...
006 (6823732.000.000) 06/23 21:18:49 Image size of job updated: 15740112
	1780  -  MemoryUsage of job (MB)
	1822344  -  ResidentSetSize of job (KB)
...
006 (6823307.000.000) 06/23 21:19:15 Image size of job updated: 15769152
	1967  -  MemoryUsage of job (MB)
	2013384  -  ResidentSetSize of job (KB)
...
006 (6823732.000.000) 06/23 21:23:49 Image size of job updated: 15740624
	1785  -  MemoryUsage of job (MB)
	1827700  -  ResidentSetSize of job (KB)
...
006 (6823307.000.000) 06/23 21:24:15 Image size of job updated: 15769408
	1968  -  MemoryUsage of job (MB)
	2014748  -  ResidentSetSize of job (KB)
...
006 (6823732.000.000) 06/23 21:28:50 Image size of job updated: 15750284
	1804  -  MemoryUsage of job (MB)
	1846944  -  ResidentSetSize of job (KB)
...
006 (6823307.000.000) 06/23 21:29:16 Image size of job updated: 15769408
	1969  -  MemoryUsage of job (MB)
	2015452  -  ResidentSetSize of job (KB)
...
006 (6823732.000.000) 06/23 21:33:50 Image size of job updated: 15750284
	1807  -  MemoryUsage of job (MB)
	1850008  -  ResidentSetSize of job (KB)
...
006 (6823307.000.000) 06/23 21:34:17 Image size of job updated: 15769664
	1970  -  MemoryUsage of job (MB)
	2016848  -  ResidentSetSize of job (KB)
...
006 (6823732.000.000) 06/23 21:38:50 Image size of job updated: 15750284
	1808  -  MemoryUsage of job (MB)
	1850392  -  ResidentSetSize of job (KB)
...
006 (6823307.000.000) 06/23 21:39:17 Image size of job updated: 15769664
	1971  -  MemoryUsage of job (MB)
	2017608  -  ResidentSetSize of job (KB)
...
006 (6823732.000.000) 06/23 21:43:52 Image size of job updated: 15751052
	1809  -  MemoryUsage of job (MB)
	1851652  -  ResidentSetSize of job (KB)
...
006 (6823732.000.000) 06/23 21:48:52 Image size of job updated: 15751564
	1812  -  MemoryUsage of job (MB)
	1854820  -  ResidentSetSize of job (KB)
...
006 (6823307.000.000) 06/23 21:49:19 Image size of job updated: 15769920
	1973  -  MemoryUsage of job (MB)
	2019716  -  ResidentSetSize of job (KB)
...
006 (6823732.000.000) 06/23 21:53:52 Image size of job updated: 15751564
	1817  -  MemoryUsage of job (MB)
	1860576  -  ResidentSetSize of job (KB)
...
006 (6823307.000.000) 06/23 21:54:19 Image size of job updated: 15770176
	1973  -  MemoryUsage of job (MB)
	2019716  -  ResidentSetSize of job (KB)
...
006 (6823732.000.000) 06/23 21:58:53 Image size of job updated: 15752076
	1821  -  MemoryUsage of job (MB)
	1864156  -  ResidentSetSize of job (KB)
...
006 (6823307.000.000) 06/23 21:59:19 Image size of job updated: 15770176
	1974  -  MemoryUsage of job (MB)
	2020784  -  ResidentSetSize of job (KB)
...
006 (6823732.000.000) 06/23 22:03:54 Image size of job updated: 15752076
	1824  -  MemoryUsage of job (MB)
	1866924  -  ResidentSetSize of job (KB)
...
006 (6823307.000.000) 06/23 22:04:20 Image size of job updated: 15770432
	1975  -  MemoryUsage of job (MB)
	2021836  -  ResidentSetSize of job (KB)
...
006 (6823732.000.000) 06/23 22:08:54 Image size of job updated: 15752076
	1828  -  MemoryUsage of job (MB)
	1871388  -  ResidentSetSize of job (KB)
...
006 (6823307.000.000) 06/23 22:09:20 Image size of job updated: 15770432
	1977  -  MemoryUsage of job (MB)
	2023524  -  ResidentSetSize of job (KB)
...
006 (6823732.000.000) 06/23 22:13:55 Image size of job updated: 15752588
	1831  -  MemoryUsage of job (MB)
	1873944  -  ResidentSetSize of job (KB)
...
006 (6823307.000.000) 06/23 22:14:20 Image size of job updated: 15770432
	1977  -  MemoryUsage of job (MB)
	2024100  -  ResidentSetSize of job (KB)
...
006 (6823732.000.000) 06/23 22:18:56 Image size of job updated: 15752588
	1835  -  MemoryUsage of job (MB)
	1878040  -  ResidentSetSize of job (KB)
...
006 (6823307.000.000) 06/23 22:19:21 Image size of job updated: 15770432
	1978  -  MemoryUsage of job (MB)
	2025164  -  ResidentSetSize of job (KB)
...
006 (6823732.000.000) 06/23 22:23:56 Image size of job updated: 15752844
	1836  -  MemoryUsage of job (MB)
	1879352  -  ResidentSetSize of job (KB)
...
006 (6823307.000.000) 06/23 22:24:21 Image size of job updated: 15770432
	1979  -  MemoryUsage of job (MB)
	2026284  -  ResidentSetSize of job (KB)
...
006 (6823732.000.000) 06/23 22:28:57 Image size of job updated: 15752844
	1840  -  MemoryUsage of job (MB)
	1883468  -  ResidentSetSize of job (KB)
...
006 (6823307.000.000) 06/23 22:29:21 Image size of job updated: 15770688
	1979  -  MemoryUsage of job (MB)
	2026284  -  ResidentSetSize of job (KB)
...
006 (6823732.000.000) 06/23 22:33:58 Image size of job updated: 15753100
	1846  -  MemoryUsage of job (MB)
	1889504  -  ResidentSetSize of job (KB)
...
006 (6823307.000.000) 06/23 22:34:22 Image size of job updated: 15770688
	1980  -  MemoryUsage of job (MB)
	2026712  -  ResidentSetSize of job (KB)
...
006 (6823732.000.000) 06/23 22:38:58 Image size of job updated: 15753356
	1848  -  MemoryUsage of job (MB)
	1892272  -  ResidentSetSize of job (KB)
...
006 (6823307.000.000) 06/23 22:39:22 Image size of job updated: 15771200
	1980  -  MemoryUsage of job (MB)
	2026748  -  ResidentSetSize of job (KB)
...
006 (6823732.000.000) 06/23 22:43:58 Image size of job updated: 15753356
	1851  -  MemoryUsage of job (MB)
	1894412  -  ResidentSetSize of job (KB)
...
006 (6823307.000.000) 06/23 22:44:22 Image size of job updated: 15771200
	1981  -  MemoryUsage of job (MB)
	2027624  -  ResidentSetSize of job (KB)
...
006 (6823732.000.000) 06/23 22:48:59 Image size of job updated: 15753356
	1854  -  MemoryUsage of job (MB)
	1898456  -  ResidentSetSize of job (KB)
...
006 (6823307.000.000) 06/23 22:49:23 Image size of job updated: 15771200
	1981  -  MemoryUsage of job (MB)
	2028128  -  ResidentSetSize of job (KB)
...
006 (6823732.000.000) 06/23 22:53:59 Image size of job updated: 15753356
	1856  -  MemoryUsage of job (MB)
	1900140  -  ResidentSetSize of job (KB)
...
006 (6823307.000.000) 06/23 22:54:23 Image size of job updated: 15771200
	1982  -  MemoryUsage of job (MB)
	2028728  -  ResidentSetSize of job (KB)
...
006 (6823732.000.000) 06/23 22:58:59 Image size of job updated: 15753612
	1859  -  MemoryUsage of job (MB)
	1903000  -  ResidentSetSize of job (KB)
...
006 (6823307.000.000) 06/23 22:59:23 Image size of job updated: 15771200
	1983  -  MemoryUsage of job (MB)
	2030416  -  ResidentSetSize of job (KB)
...
006 (6823732.000.000) 06/23 23:04:00 Image size of job updated: 15753612
	1861  -  MemoryUsage of job (MB)
	1905112  -  ResidentSetSize of job (KB)
...
006 (6823307.000.000) 06/23 23:04:25 Image size of job updated: 15771200
	1984  -  MemoryUsage of job (MB)
	2030752  -  ResidentSetSize of job (KB)
...
006 (6823732.000.000) 06/23 23:09:01 Image size of job updated: 15753868
	1866  -  MemoryUsage of job (MB)
	1909948  -  ResidentSetSize of job (KB)
...
006 (6823732.000.000) 06/23 23:14:01 Image size of job updated: 15753868
	1868  -  MemoryUsage of job (MB)
	1912076  -  ResidentSetSize of job (KB)
...
006 (6823307.000.000) 06/23 23:14:25 Image size of job updated: 15771200
	1984  -  MemoryUsage of job (MB)
	2031460  -  ResidentSetSize of job (KB)
...
006 (6823732.000.000) 06/23 23:19:02 Image size of job updated: 15753868
	1871  -  MemoryUsage of job (MB)
	1915512  -  ResidentSetSize of job (KB)
...
006 (6823307.000.000) 06/23 23:19:26 Image size of job updated: 15771200
	1985  -  MemoryUsage of job (MB)
	2031940  -  ResidentSetSize of job (KB)
...
006 (6823732.000.000) 06/23 23:24:03 Image size of job updated: 15753868
	1873  -  MemoryUsage of job (MB)
	1917628  -  ResidentSetSize of job (KB)
...
006 (6823307.000.000) 06/23 23:24:27 Image size of job updated: 15771200
	1985  -  MemoryUsage of job (MB)
	2032044  -  ResidentSetSize of job (KB)
...
006 (6823732.000.000) 06/23 23:29:03 Image size of job updated: 15754124
	1876  -  MemoryUsage of job (MB)
	1920720  -  ResidentSetSize of job (KB)
...
006 (6823307.000.000) 06/23 23:29:27 Image size of job updated: 15771200
	1985  -  MemoryUsage of job (MB)
	2032436  -  ResidentSetSize of job (KB)
...
006 (6823732.000.000) 06/23 23:34:04 Image size of job updated: 15754124
	1881  -  MemoryUsage of job (MB)
	1925480  -  ResidentSetSize of job (KB)
...
006 (6823307.000.000) 06/23 23:34:28 Image size of job updated: 15771456
	1986  -  MemoryUsage of job (MB)
	2032744  -  ResidentSetSize of job (KB)
...
006 (6823732.000.000) 06/23 23:39:05 Image size of job updated: 15754124
	1883  -  MemoryUsage of job (MB)
	1927524  -  ResidentSetSize of job (KB)
...
006 (6823307.000.000) 06/23 23:39:29 Image size of job updated: 15771456
	1987  -  MemoryUsage of job (MB)
	2033968  -  ResidentSetSize of job (KB)
...
006 (6823732.000.000) 06/23 23:44:05 Image size of job updated: 15754124
	1886  -  MemoryUsage of job (MB)
	1930940  -  ResidentSetSize of job (KB)
...
006 (6823307.000.000) 06/23 23:44:29 Image size of job updated: 15771456
	1989  -  MemoryUsage of job (MB)
	2036540  -  ResidentSetSize of job (KB)
...
006 (6823732.000.000) 06/23 23:49:05 Image size of job updated: 15754124
	1889  -  MemoryUsage of job (MB)
	1933460  -  ResidentSetSize of job (KB)
...
006 (6823732.000.000) 06/23 23:54:06 Image size of job updated: 15754124
	1889  -  MemoryUsage of job (MB)
	1934336  -  ResidentSetSize of job (KB)
...
006 (6823732.000.000) 06/23 23:59:06 Image size of job updated: 15754124
	1892  -  MemoryUsage of job (MB)
	1936564  -  ResidentSetSize of job (KB)
...
006 (6823307.000.000) 06/23 23:59:31 Image size of job updated: 15771456
	1990  -  MemoryUsage of job (MB)
	2037024  -  ResidentSetSize of job (KB)
...
006 (6823732.000.000) 06/24 00:04:06 Image size of job updated: 15754124
	1893  -  MemoryUsage of job (MB)
	1938432  -  ResidentSetSize of job (KB)
...
006 (6823307.000.000) 06/24 00:04:32 Image size of job updated: 15771456
	1990  -  MemoryUsage of job (MB)
	2037568  -  ResidentSetSize of job (KB)
...
006 (6823732.000.000) 06/24 00:09:07 Image size of job updated: 15754124
	1895  -  MemoryUsage of job (MB)
	1939568  -  ResidentSetSize of job (KB)
...
006 (6823307.000.000) 06/24 00:09:33 Image size of job updated: 15771712
	1993  -  MemoryUsage of job (MB)
	2040404  -  ResidentSetSize of job (KB)
...
006 (6823307.000.000) 06/24 00:19:33 Image size of job updated: 15771968
	1994  -  MemoryUsage of job (MB)
	2041792  -  ResidentSetSize of job (KB)
...
006 (6823732.000.000) 06/24 00:24:08 Image size of job updated: 15754380
	1897  -  MemoryUsage of job (MB)
	1941684  -  ResidentSetSize of job (KB)
...
006 (6823307.000.000) 06/24 00:24:34 Image size of job updated: 15771968
	1995  -  MemoryUsage of job (MB)
	2042604  -  ResidentSetSize of job (KB)
...
006 (6823732.000.000) 06/24 00:29:08 Image size of job updated: 15754636
	1898  -  MemoryUsage of job (MB)
	1943512  -  ResidentSetSize of job (KB)
...
006 (6823307.000.000) 06/24 00:29:34 Image size of job updated: 15771968
	1996  -  MemoryUsage of job (MB)
	2043584  -  ResidentSetSize of job (KB)
...
006 (6823732.000.000) 06/24 00:34:08 Image size of job updated: 15754636
	1900  -  MemoryUsage of job (MB)
	1944948  -  ResidentSetSize of job (KB)
...
006 (6823307.000.000) 06/24 00:34:34 Image size of job updated: 15771968
	1998  -  MemoryUsage of job (MB)
	2044976  -  ResidentSetSize of job (KB)
...
006 (6823732.000.000) 06/24 00:39:09 Image size of job updated: 15754636
	1901  -  MemoryUsage of job (MB)
	1946020  -  ResidentSetSize of job (KB)
...
006 (6823732.000.000) 06/24 00:49:09 Image size of job updated: 15754636
	1902  -  MemoryUsage of job (MB)
	1946780  -  ResidentSetSize of job (KB)
...
006 (6823307.000.000) 06/24 00:49:35 Image size of job updated: 15771968
	2000  -  MemoryUsage of job (MB)
	2047364  -  ResidentSetSize of job (KB)
...
006 (6823732.000.000) 06/24 00:54:11 Image size of job updated: 15754636
	1905  -  MemoryUsage of job (MB)
	1950464  -  ResidentSetSize of job (KB)
...
006 (6823307.000.000) 06/24 00:54:36 Image size of job updated: 15771968
	2001  -  MemoryUsage of job (MB)
	2048540  -  ResidentSetSize of job (KB)
...
006 (6823732.000.000) 06/24 00:59:11 Image size of job updated: 15754892
	1908  -  MemoryUsage of job (MB)
	1952848  -  ResidentSetSize of job (KB)
...
006 (6823307.000.000) 06/24 00:59:36 Image size of job updated: 15771968
	2002  -  MemoryUsage of job (MB)
	2049552  -  ResidentSetSize of job (KB)
...
006 (6823307.000.000) 06/24 01:04:36 Image size of job updated: 15771968
	2004  -  MemoryUsage of job (MB)
	2051212  -  ResidentSetSize of job (KB)
...
006 (6823732.000.000) 06/24 01:09:12 Image size of job updated: 15755148
	1908  -  MemoryUsage of job (MB)
	1953324  -  ResidentSetSize of job (KB)
...
006 (6823307.000.000) 06/24 01:09:37 Image size of job updated: 15771968
	2006  -  MemoryUsage of job (MB)
	2053412  -  ResidentSetSize of job (KB)
...
006 (6823732.000.000) 06/24 01:14:12 Image size of job updated: 15755148
	1911  -  MemoryUsage of job (MB)
	1956752  -  ResidentSetSize of job (KB)
...
006 (6823307.000.000) 06/24 01:14:38 Image size of job updated: 15771968
	2006  -  MemoryUsage of job (MB)
	2053556  -  ResidentSetSize of job (KB)
...
006 (6823732.000.000) 06/24 01:19:12 Image size of job updated: 15755404
	1912  -  MemoryUsage of job (MB)
	1957068  -  ResidentSetSize of job (KB)
...
006 (6823307.000.000) 06/24 01:19:38 Image size of job updated: 15771968
	2006  -  MemoryUsage of job (MB)
	2053700  -  ResidentSetSize of job (KB)
...
006 (6823732.000.000) 06/24 01:24:14 Image size of job updated: 15755404
	1914  -  MemoryUsage of job (MB)
	1959052  -  ResidentSetSize of job (KB)
...
006 (6823307.000.000) 06/24 01:24:39 Image size of job updated: 15771968
	2007  -  MemoryUsage of job (MB)
	2054880  -  ResidentSetSize of job (KB)
...
006 (6823732.000.000) 06/24 01:29:14 Image size of job updated: 15755660
	1914  -  MemoryUsage of job (MB)
	1959052  -  ResidentSetSize of job (KB)
...
006 (6823307.000.000) 06/24 01:29:40 Image size of job updated: 15771968
	2009  -  MemoryUsage of job (MB)
	2056772  -  ResidentSetSize of job (KB)
...
006 (6823732.000.000) 06/24 01:34:14 Image size of job updated: 15755916
	1915  -  MemoryUsage of job (MB)
	1960008  -  ResidentSetSize of job (KB)
...
006 (6823732.000.000) 06/24 01:39:15 Image size of job updated: 15755916
	1917  -  MemoryUsage of job (MB)
	1962328  -  ResidentSetSize of job (KB)
...
006 (6823307.000.000) 06/24 01:39:41 Image size of job updated: 15771968
	2010  -  MemoryUsage of job (MB)
	2057456  -  ResidentSetSize of job (KB)
...
006 (6823732.000.000) 06/24 01:44:16 Image size of job updated: 15756172
	1917  -  MemoryUsage of job (MB)
	1962708  -  ResidentSetSize of job (KB)
...
006 (6823307.000.000) 06/24 01:44:42 Image size of job updated: 15771968
	2012  -  MemoryUsage of job (MB)
	2059836  -  ResidentSetSize of job (KB)
...
006 (6823732.000.000) 06/24 01:49:16 Image size of job updated: 15756428
	1918  -  MemoryUsage of job (MB)
	1963488  -  ResidentSetSize of job (KB)
...
006 (6823307.000.000) 06/24 01:49:42 Image size of job updated: 15771968
	2012  -  MemoryUsage of job (MB)
	2059840  -  ResidentSetSize of job (KB)
...
006 (6823732.000.000) 06/24 01:54:17 Image size of job updated: 15756428
	1919  -  MemoryUsage of job (MB)
	1964596  -  ResidentSetSize of job (KB)
...
006 (6823307.000.000) 06/24 01:54:42 Image size of job updated: 15771968
	2014  -  MemoryUsage of job (MB)
	2061728  -  ResidentSetSize of job (KB)
...
006 (6823732.000.000) 06/24 01:59:18 Image size of job updated: 15756428
	1920  -  MemoryUsage of job (MB)
	1966012  -  ResidentSetSize of job (KB)
...
006 (6823307.000.000) 06/24 01:59:43 Image size of job updated: 15772224
	2016  -  MemoryUsage of job (MB)
	2063776  -  ResidentSetSize of job (KB)
...
006 (6823732.000.000) 06/24 02:04:18 Image size of job updated: 15756684
	1922  -  MemoryUsage of job (MB)
	1968088  -  ResidentSetSize of job (KB)
...
006 (6823732.000.000) 06/24 02:09:19 Image size of job updated: 15756684
	1923  -  MemoryUsage of job (MB)
	1969060  -  ResidentSetSize of job (KB)
...
006 (6823307.000.000) 06/24 02:09:43 Image size of job updated: 15772224
	2016  -  MemoryUsage of job (MB)
	2064168  -  ResidentSetSize of job (KB)
...
006 (6823732.000.000) 06/24 02:14:20 Image size of job updated: 15756940
	1925  -  MemoryUsage of job (MB)
	1970420  -  ResidentSetSize of job (KB)
...
006 (6823307.000.000) 06/24 02:14:44 Image size of job updated: 15772224
	2016  -  MemoryUsage of job (MB)
	2064276  -  ResidentSetSize of job (KB)
...
006 (6823732.000.000) 06/24 02:19:20 Image size of job updated: 15756940
	1925  -  MemoryUsage of job (MB)
	1971060  -  ResidentSetSize of job (KB)
...
006 (6823307.000.000) 06/24 02:19:44 Image size of job updated: 15772224
	2017  -  MemoryUsage of job (MB)
	2064796  -  ResidentSetSize of job (KB)
...
006 (6823732.000.000) 06/24 02:24:20 Image size of job updated: 15756940
	1928  -  MemoryUsage of job (MB)
	1973904  -  ResidentSetSize of job (KB)
...
006 (6823307.000.000) 06/24 02:24:44 Image size of job updated: 15772480
	2018  -  MemoryUsage of job (MB)
	2066352  -  ResidentSetSize of job (KB)
...
006 (6823732.000.000) 06/24 02:29:21 Image size of job updated: 15756940
	1928  -  MemoryUsage of job (MB)
	1974060  -  ResidentSetSize of job (KB)
...
006 (6823307.000.000) 06/24 02:29:46 Image size of job updated: 15772480
	2019  -  MemoryUsage of job (MB)
	2066684  -  ResidentSetSize of job (KB)
...
006 (6823732.000.000) 06/24 02:34:21 Image size of job updated: 15756940
	1930  -  MemoryUsage of job (MB)
	1975588  -  ResidentSetSize of job (KB)
...
006 (6823307.000.000) 06/24 02:34:46 Image size of job updated: 15772480
	2019  -  MemoryUsage of job (MB)
	2067340  -  ResidentSetSize of job (KB)
...
006 (6823732.000.000) 06/24 02:39:21 Image size of job updated: 15757196
	1932  -  MemoryUsage of job (MB)
	1978088  -  ResidentSetSize of job (KB)
...
006 (6823732.000.000) 06/24 02:44:22 Image size of job updated: 15757452
	1933  -  MemoryUsage of job (MB)
	1978884  -  ResidentSetSize of job (KB)
...
006 (6823307.000.000) 06/24 02:44:47 Image size of job updated: 15772480
	2021  -  MemoryUsage of job (MB)
	2068544  -  ResidentSetSize of job (KB)
...
006 (6823732.000.000) 06/24 02:49:22 Image size of job updated: 15757452
	1935  -  MemoryUsage of job (MB)
	1980628  -  ResidentSetSize of job (KB)
...
006 (6823307.000.000) 06/24 02:49:48 Image size of job updated: 15772480
	2021  -  MemoryUsage of job (MB)
	2069080  -  ResidentSetSize of job (KB)
...
006 (6823732.000.000) 06/24 02:54:22 Image size of job updated: 15757964
	1938  -  MemoryUsage of job (MB)
	1983756  -  ResidentSetSize of job (KB)
...
006 (6823307.000.000) 06/24 02:54:48 Image size of job updated: 15772736
	2024  -  MemoryUsage of job (MB)
	2071692  -  ResidentSetSize of job (KB)
...
006 (6823732.000.000) 06/24 02:59:23 Image size of job updated: 15757964
	1938  -  MemoryUsage of job (MB)
	1983824  -  ResidentSetSize of job (KB)
...
006 (6823307.000.000) 06/24 02:59:49 Image size of job updated: 15772736
	2025  -  MemoryUsage of job (MB)
	2073340  -  ResidentSetSize of job (KB)
...
006 (6823732.000.000) 06/24 03:04:23 Image size of job updated: 15757964
	1942  -  MemoryUsage of job (MB)
	1987636  -  ResidentSetSize of job (KB)
...
006 (6823732.000.000) 06/24 03:09:23 Image size of job updated: 15757964
	1944  -  MemoryUsage of job (MB)
	1990136  -  ResidentSetSize of job (KB)
...
006 (6823307.000.000) 06/24 03:09:50 Image size of job updated: 15772736
	2026  -  MemoryUsage of job (MB)
	2073764  -  ResidentSetSize of job (KB)
...
006 (6823732.000.000) 06/24 03:14:24 Image size of job updated: 15757964
	1944  -  MemoryUsage of job (MB)
	1990392  -  ResidentSetSize of job (KB)
...
006 (6823307.000.000) 06/24 03:14:51 Image size of job updated: 15772736
	2027  -  MemoryUsage of job (MB)
	2074796  -  ResidentSetSize of job (KB)
...
006 (6823732.000.000) 06/24 03:19:24 Image size of job updated: 15758220
	1946  -  MemoryUsage of job (MB)
	1992468  -  ResidentSetSize of job (KB)
...
006 (6823732.000.000) 06/24 03:24:24 Image size of job updated: 15758220
	1947  -  MemoryUsage of job (MB)
	1993672  -  ResidentSetSize of job (KB)
...
006 (6823307.000.000) 06/24 03:24:52 Image size of job updated: 15772992
	2027  -  MemoryUsage of job (MB)
	2075164  -  ResidentSetSize of job (KB)
...
006 (6823732.000.000) 06/24 03:29:25 Image size of job updated: 15758220
	1949  -  MemoryUsage of job (MB)
	1995720  -  ResidentSetSize of job (KB)
...
006 (6823307.000.000) 06/24 03:29:53 Image size of job updated: 15772992
	2028  -  MemoryUsage of job (MB)
	2075760  -  ResidentSetSize of job (KB)
...
006 (6823732.000.000) 06/24 03:34:25 Image size of job updated: 15758476
	1952  -  MemoryUsage of job (MB)
	1997848  -  ResidentSetSize of job (KB)
...
006 (6823307.000.000) 06/24 03:34:54 Image size of job updated: 15772992
	2028  -  MemoryUsage of job (MB)
	2076340  -  ResidentSetSize of job (KB)
...
006 (6823307.000.000) 06/24 03:39:54 Image size of job updated: 15772992
	2030  -  MemoryUsage of job (MB)
	2077700  -  ResidentSetSize of job (KB)
...
006 (6823732.000.000) 06/24 03:44:26 Image size of job updated: 15758476
	1953  -  MemoryUsage of job (MB)
	1999768  -  ResidentSetSize of job (KB)
...
006 (6823307.000.000) 06/24 03:44:54 Image size of job updated: 15772992
	2030  -  MemoryUsage of job (MB)
	2078120  -  ResidentSetSize of job (KB)
...
006 (6823732.000.000) 06/24 03:49:26 Image size of job updated: 15758732
	1954  -  MemoryUsage of job (MB)
	1999952  -  ResidentSetSize of job (KB)
...
006 (6823732.000.000) 06/24 03:54:26 Image size of job updated: 15758732
	1954  -  MemoryUsage of job (MB)
	2000164  -  ResidentSetSize of job (KB)
...
006 (6823307.000.000) 06/24 03:54:55 Image size of job updated: 15772992
	2032  -  MemoryUsage of job (MB)
	2080428  -  ResidentSetSize of job (KB)
...
006 (6823732.000.000) 06/24 03:59:27 Image size of job updated: 15758732
	1956  -  MemoryUsage of job (MB)
	2002080  -  ResidentSetSize of job (KB)
...
006 (6823307.000.000) 06/24 03:59:55 Image size of job updated: 15772992
	2033  -  MemoryUsage of job (MB)
	2081708  -  ResidentSetSize of job (KB)
...
006 (6823732.000.000) 06/24 04:04:27 Image size of job updated: 15758732
	1956  -  MemoryUsage of job (MB)
	2002100  -  ResidentSetSize of job (KB)
...
006 (6823307.000.000) 06/24 04:04:56 Image size of job updated: 15773248
	2035  -  MemoryUsage of job (MB)
	2083360  -  ResidentSetSize of job (KB)
...
006 (6823732.000.000) 06/24 04:09:27 Image size of job updated: 15758732
	1956  -  MemoryUsage of job (MB)
	2002476  -  ResidentSetSize of job (KB)
...
006 (6823307.000.000) 06/24 04:09:56 Image size of job updated: 15773248
	2036  -  MemoryUsage of job (MB)
	2084080  -  ResidentSetSize of job (KB)
...
006 (6823732.000.000) 06/24 04:14:29 Image size of job updated: 15758732
	1958  -  MemoryUsage of job (MB)
	2004896  -  ResidentSetSize of job (KB)
...
006 (6823307.000.000) 06/24 04:14:56 Image size of job updated: 15773248
	2036  -  MemoryUsage of job (MB)
	2084428  -  ResidentSetSize of job (KB)
...
006 (6823732.000.000) 06/24 04:19:29 Image size of job updated: 15758732
	1960  -  MemoryUsage of job (MB)
	2006556  -  ResidentSetSize of job (KB)
...
006 (6823307.000.000) 06/24 04:19:57 Image size of job updated: 15773248
	2036  -  MemoryUsage of job (MB)
	2084564  -  ResidentSetSize of job (KB)
...
006 (6823732.000.000) 06/24 04:24:29 Image size of job updated: 15758732
	1964  -  MemoryUsage of job (MB)
	2010524  -  ResidentSetSize of job (KB)
...
006 (6823307.000.000) 06/24 04:24:57 Image size of job updated: 15773248
	2036  -  MemoryUsage of job (MB)
	2084812  -  ResidentSetSize of job (KB)
...
006 (6823732.000.000) 06/24 04:29:30 Image size of job updated: 15758732
	1966  -  MemoryUsage of job (MB)
	2012212  -  ResidentSetSize of job (KB)
...
006 (6823307.000.000) 06/24 04:29:57 Image size of job updated: 15773504
	2037  -  MemoryUsage of job (MB)
	2084912  -  ResidentSetSize of job (KB)
...
006 (6823732.000.000) 06/24 04:34:31 Image size of job updated: 15758988
	1967  -  MemoryUsage of job (MB)
	2013356  -  ResidentSetSize of job (KB)
...
006 (6823307.000.000) 06/24 04:34:59 Image size of job updated: 15773504
	2037  -  MemoryUsage of job (MB)
	2085852  -  ResidentSetSize of job (KB)
...
006 (6823732.000.000) 06/24 04:39:31 Image size of job updated: 15758988
	1967  -  MemoryUsage of job (MB)
	2013564  -  ResidentSetSize of job (KB)
...
006 (6823307.000.000) 06/24 04:39:59 Image size of job updated: 15773504
	2038  -  MemoryUsage of job (MB)
	2086032  -  ResidentSetSize of job (KB)
...
006 (6823732.000.000) 06/24 04:44:32 Image size of job updated: 15758988
	1968  -  MemoryUsage of job (MB)
	2014568  -  ResidentSetSize of job (KB)
...
006 (6823307.000.000) 06/24 04:44:59 Image size of job updated: 15773504
	2038  -  MemoryUsage of job (MB)
	2086520  -  ResidentSetSize of job (KB)
...
006 (6823732.000.000) 06/24 04:49:33 Image size of job updated: 15758988
	1969  -  MemoryUsage of job (MB)
	2015416  -  ResidentSetSize of job (KB)
...
006 (6823307.000.000) 06/24 04:50:01 Image size of job updated: 15773504
	2038  -  MemoryUsage of job (MB)
	2086556  -  ResidentSetSize of job (KB)
...
006 (6823732.000.000) 06/24 04:54:33 Image size of job updated: 15758988
	1969  -  MemoryUsage of job (MB)
	2015812  -  ResidentSetSize of job (KB)
...
006 (6823732.000.000) 06/24 04:59:33 Image size of job updated: 15758988
	1969  -  MemoryUsage of job (MB)
	2016012  -  ResidentSetSize of job (KB)
...
006 (6823307.000.000) 06/24 05:00:01 Image size of job updated: 15773504
	2038  -  MemoryUsage of job (MB)
	2086592  -  ResidentSetSize of job (KB)
...
006 (6823732.000.000) 06/24 05:04:34 Image size of job updated: 15758988
	1972  -  MemoryUsage of job (MB)
	2018760  -  ResidentSetSize of job (KB)
...
006 (6823732.000.000) 06/24 05:09:34 Image size of job updated: 15758988
	1973  -  MemoryUsage of job (MB)
	2019660  -  ResidentSetSize of job (KB)
...
006 (6823307.000.000) 06/24 05:10:03 Image size of job updated: 15773504
	2039  -  MemoryUsage of job (MB)
	2087408  -  ResidentSetSize of job (KB)
...
006 (6823732.000.000) 06/24 05:14:35 Image size of job updated: 15758988
	1973  -  MemoryUsage of job (MB)
	2020316  -  ResidentSetSize of job (KB)
...
006 (6823732.000.000) 06/24 05:19:36 Image size of job updated: 15758988
	1976  -  MemoryUsage of job (MB)
	2022504  -  ResidentSetSize of job (KB)
...
006 (6823307.000.000) 06/24 05:20:04 Image size of job updated: 15773504
	2039  -  MemoryUsage of job (MB)
	2087720  -  ResidentSetSize of job (KB)
...
006 (6823732.000.000) 06/24 05:24:36 Image size of job updated: 15758988
	1976  -  MemoryUsage of job (MB)
	2022908  -  ResidentSetSize of job (KB)
...
006 (6823307.000.000) 06/24 05:25:05 Image size of job updated: 15773504
	2039  -  MemoryUsage of job (MB)
	2087788  -  ResidentSetSize of job (KB)
...
006 (6823732.000.000) 06/24 05:29:36 Image size of job updated: 15758988
	1977  -  MemoryUsage of job (MB)
	2023856  -  ResidentSetSize of job (KB)
...
006 (6823307.000.000) 06/24 05:30:05 Image size of job updated: 15773504
	2040  -  MemoryUsage of job (MB)
	2087996  -  ResidentSetSize of job (KB)
...
006 (6823732.000.000) 06/24 05:34:37 Image size of job updated: 15758988
	1977  -  MemoryUsage of job (MB)
	2023864  -  ResidentSetSize of job (KB)
...
006 (6823307.000.000) 06/24 05:35:05 Image size of job updated: 15773504
	2041  -  MemoryUsage of job (MB)
	2089772  -  ResidentSetSize of job (KB)
...
006 (6823732.000.000) 06/24 05:39:37 Image size of job updated: 15758988
	1979  -  MemoryUsage of job (MB)
	2026172  -  ResidentSetSize of job (KB)
...
006 (6823732.000.000) 06/24 05:49:39 Image size of job updated: 15758988
	1980  -  MemoryUsage of job (MB)
	2027396  -  ResidentSetSize of job (KB)
...
006 (6823307.000.000) 06/24 05:50:06 Image size of job updated: 15773760
	2042  -  MemoryUsage of job (MB)
	2090068  -  ResidentSetSize of job (KB)
...
006 (6823732.000.000) 06/24 05:54:39 Image size of job updated: 15758988
	1981  -  MemoryUsage of job (MB)
	2027536  -  ResidentSetSize of job (KB)
...
006 (6823307.000.000) 06/24 05:55:07 Image size of job updated: 15773760
	2043  -  MemoryUsage of job (MB)
	2091040  -  ResidentSetSize of job (KB)
...
006 (6823732.000.000) 06/24 05:59:39 Image size of job updated: 15759244
	1981  -  MemoryUsage of job (MB)
	2027704  -  ResidentSetSize of job (KB)
...
006 (6823307.000.000) 06/24 06:00:07 Image size of job updated: 15773760
	2043  -  MemoryUsage of job (MB)
	2091552  -  ResidentSetSize of job (KB)
...
006 (6823307.000.000) 06/24 06:05:07 Image size of job updated: 15773760
	2044  -  MemoryUsage of job (MB)
	2092700  -  ResidentSetSize of job (KB)
...
006 (6823732.000.000) 06/24 06:09:41 Image size of job updated: 15759244
	1981  -  MemoryUsage of job (MB)
	2028500  -  ResidentSetSize of job (KB)
...
006 (6823307.000.000) 06/24 06:10:08 Image size of job updated: 15773760
	2045  -  MemoryUsage of job (MB)
	2093320  -  ResidentSetSize of job (KB)
...
006 (6823307.000.000) 06/24 06:15:08 Image size of job updated: 15773760
	2047  -  MemoryUsage of job (MB)
	2095736  -  ResidentSetSize of job (KB)
...
006 (6823732.000.000) 06/24 06:19:42 Image size of job updated: 15759244
	1983  -  MemoryUsage of job (MB)
	2030120  -  ResidentSetSize of job (KB)
...
006 (6823307.000.000) 06/24 06:20:08 Image size of job updated: 15773760
	2047  -  MemoryUsage of job (MB)
	2095876  -  ResidentSetSize of job (KB)
...
006 (6823732.000.000) 06/24 06:24:43 Image size of job updated: 15759500
	1986  -  MemoryUsage of job (MB)
	2032764  -  ResidentSetSize of job (KB)
...
006 (6823307.000.000) 06/24 06:25:10 Image size of job updated: 15773760
	2047  -  MemoryUsage of job (MB)
	2096004  -  ResidentSetSize of job (KB)
...
006 (6823732.000.000) 06/24 06:29:43 Image size of job updated: 15759500
	1986  -  MemoryUsage of job (MB)
	2033208  -  ResidentSetSize of job (KB)
...
006 (6823732.000.000) 06/24 06:34:44 Image size of job updated: 15759500
	1986  -  MemoryUsage of job (MB)
	2033368  -  ResidentSetSize of job (KB)
...
006 (6823307.000.000) 06/24 06:35:10 Image size of job updated: 15773760
	2049  -  MemoryUsage of job (MB)
	2097780  -  ResidentSetSize of job (KB)
...
006 (6823732.000.000) 06/24 06:39:45 Image size of job updated: 15759500
	1987  -  MemoryUsage of job (MB)
	2033756  -  ResidentSetSize of job (KB)
...
006 (6823307.000.000) 06/24 06:40:11 Image size of job updated: 15773760
	2050  -  MemoryUsage of job (MB)
	2098244  -  ResidentSetSize of job (KB)
...
006 (6823732.000.000) 06/24 06:49:46 Image size of job updated: 15759500
	1987  -  MemoryUsage of job (MB)
	2033840  -  ResidentSetSize of job (KB)
...
006 (6823307.000.000) 06/24 06:50:12 Image size of job updated: 15773760
	2050  -  MemoryUsage of job (MB)
	2098352  -  ResidentSetSize of job (KB)
...
006 (6823732.000.000) 06/24 06:54:47 Image size of job updated: 15759756
	1987  -  MemoryUsage of job (MB)
	2034368  -  ResidentSetSize of job (KB)
...
006 (6823307.000.000) 06/24 06:55:13 Image size of job updated: 15774016
	2051  -  MemoryUsage of job (MB)
	2099264  -  ResidentSetSize of job (KB)
...
006 (6823732.000.000) 06/24 06:59:47 Image size of job updated: 15759756
	1987  -  MemoryUsage of job (MB)
	2034512  -  ResidentSetSize of job (KB)
...
006 (6823307.000.000) 06/24 07:00:14 Image size of job updated: 15774016
	2052  -  MemoryUsage of job (MB)
	2100328  -  ResidentSetSize of job (KB)
...
006 (6823732.000.000) 06/24 07:04:47 Image size of job updated: 15759756
	1988  -  MemoryUsage of job (MB)
	2035032  -  ResidentSetSize of job (KB)
...
006 (6823307.000.000) 06/24 07:05:14 Image size of job updated: 15774016
	2053  -  MemoryUsage of job (MB)
	2101328  -  ResidentSetSize of job (KB)
...
006 (6823732.000.000) 06/24 07:09:48 Image size of job updated: 15759756
	1988  -  MemoryUsage of job (MB)
	2035196  -  ResidentSetSize of job (KB)
...
006 (6823732.000.000) 06/24 07:14:48 Image size of job updated: 15760012
	1989  -  MemoryUsage of job (MB)
	2035864  -  ResidentSetSize of job (KB)
...
006 (6823307.000.000) 06/24 07:15:16 Image size of job updated: 15774016
	2053  -  MemoryUsage of job (MB)
	2101468  -  ResidentSetSize of job (KB)
...
006 (6823732.000.000) 06/24 07:19:48 Image size of job updated: 15760012
	1991  -  MemoryUsage of job (MB)
	2038064  -  ResidentSetSize of job (KB)
...
006 (6823307.000.000) 06/24 07:20:16 Image size of job updated: 15774016
	2054  -  MemoryUsage of job (MB)
	2102828  -  ResidentSetSize of job (KB)
...
006 (6823732.000.000) 06/24 07:24:50 Image size of job updated: 15760012
	1991  -  MemoryUsage of job (MB)
	2038172  -  ResidentSetSize of job (KB)
...
006 (6823732.000.000) 06/24 07:29:50 Image size of job updated: 15760012
	1994  -  MemoryUsage of job (MB)
	2040912  -  ResidentSetSize of job (KB)
...
006 (6823732.000.000) 06/24 07:34:50 Image size of job updated: 15760012
	1994  -  MemoryUsage of job (MB)
	2041152  -  ResidentSetSize of job (KB)
...
006 (6823307.000.000) 06/24 07:35:17 Image size of job updated: 15774016
	2054  -  MemoryUsage of job (MB)
	2102960  -  ResidentSetSize of job (KB)
...
006 (6823732.000.000) 06/24 07:39:51 Image size of job updated: 15760268
	1994  -  MemoryUsage of job (MB)
	2041152  -  ResidentSetSize of job (KB)
...
006 (6823307.000.000) 06/24 07:40:17 Image size of job updated: 15774016
	2055  -  MemoryUsage of job (MB)
	2103368  -  ResidentSetSize of job (KB)
...
006 (6823732.000.000) 06/24 07:44:52 Image size of job updated: 15760268
	1995  -  MemoryUsage of job (MB)
	2041968  -  ResidentSetSize of job (KB)
...
006 (6823732.000.000) 06/24 07:49:52 Image size of job updated: 15760268
	1996  -  MemoryUsage of job (MB)
	2043600  -  ResidentSetSize of job (KB)
...
006 (6823307.000.000) 06/24 07:50:18 Image size of job updated: 15774016
	2056  -  MemoryUsage of job (MB)
	2104632  -  ResidentSetSize of job (KB)
...
006 (6823732.000.000) 06/24 07:54:53 Image size of job updated: 15760268
	2001  -  MemoryUsage of job (MB)
	2048788  -  ResidentSetSize of job (KB)
...
006 (6823307.000.000) 06/24 07:55:18 Image size of job updated: 15774016
	2056  -  MemoryUsage of job (MB)
	2104688  -  ResidentSetSize of job (KB)
...
006 (6823732.000.000) 06/24 07:59:54 Image size of job updated: 15760268
	2003  -  MemoryUsage of job (MB)
	2050324  -  ResidentSetSize of job (KB)
...
006 (6823307.000.000) 06/24 08:00:19 Image size of job updated: 15774272
	2057  -  MemoryUsage of job (MB)
	2106084  -  ResidentSetSize of job (KB)
...
006 (6823732.000.000) 06/24 08:04:54 Image size of job updated: 15760268
	2003  -  MemoryUsage of job (MB)
	2050516  -  ResidentSetSize of job (KB)
...
006 (6823307.000.000) 06/24 08:05:19 Image size of job updated: 15774272
	2058  -  MemoryUsage of job (MB)
	2106948  -  ResidentSetSize of job (KB)
...
006 (6823732.000.000) 06/24 08:09:55 Image size of job updated: 15760268
	2005  -  MemoryUsage of job (MB)
	2052676  -  ResidentSetSize of job (KB)
...
006 (6823307.000.000) 06/24 08:10:19 Image size of job updated: 15774272
	2060  -  MemoryUsage of job (MB)
	2109208  -  ResidentSetSize of job (KB)
...
006 (6823732.000.000) 06/24 08:14:56 Image size of job updated: 15760268
	2006  -  MemoryUsage of job (MB)
	2053452  -  ResidentSetSize of job (KB)
...
006 (6823307.000.000) 06/24 08:15:20 Image size of job updated: 15774272
	2061  -  MemoryUsage of job (MB)
	2110344  -  ResidentSetSize of job (KB)
...
006 (6823732.000.000) 06/24 08:19:56 Image size of job updated: 15760524
	2006  -  MemoryUsage of job (MB)
	2053452  -  ResidentSetSize of job (KB)
...
006 (6823307.000.000) 06/24 08:20:21 Image size of job updated: 15774272
	2063  -  MemoryUsage of job (MB)
	2111876  -  ResidentSetSize of job (KB)
...
006 (6823732.000.000) 06/24 08:24:56 Image size of job updated: 15760524
	2006  -  MemoryUsage of job (MB)
	2054036  -  ResidentSetSize of job (KB)
...
006 (6823732.000.000) 06/24 08:29:57 Image size of job updated: 15760524
	2007  -  MemoryUsage of job (MB)
	2054984  -  ResidentSetSize of job (KB)
...
006 (6823732.000.000) 06/24 08:34:57 Image size of job updated: 15760780
	2008  -  MemoryUsage of job (MB)
	2055880  -  ResidentSetSize of job (KB)
...
006 (6823307.000.000) 06/24 08:35:23 Image size of job updated: 15774528
	2063  -  MemoryUsage of job (MB)
	2111876  -  ResidentSetSize of job (KB)
...
006 (6823732.000.000) 06/24 08:39:57 Image size of job updated: 15760780
	2009  -  MemoryUsage of job (MB)
	2056472  -  ResidentSetSize of job (KB)
...
006 (6823732.000.000) 06/24 08:49:58 Image size of job updated: 15760780
	2009  -  MemoryUsage of job (MB)
	2056592  -  ResidentSetSize of job (KB)
...
006 (6823307.000.000) 06/24 08:50:25 Image size of job updated: 15774528
	2064  -  MemoryUsage of job (MB)
	2113016  -  ResidentSetSize of job (KB)
...
006 (6823732.000.000) 06/24 08:54:58 Image size of job updated: 15760780
	2009  -  MemoryUsage of job (MB)
	2056668  -  ResidentSetSize of job (KB)
...
006 (6823307.000.000) 06/24 08:55:25 Image size of job updated: 15774528
	2064  -  MemoryUsage of job (MB)
	2113096  -  ResidentSetSize of job (KB)
...
006 (6823732.000.000) 06/24 08:59:59 Image size of job updated: 15760780
	2014  -  MemoryUsage of job (MB)
	2061612  -  ResidentSetSize of job (KB)
...
006 (6823307.000.000) 06/24 09:00:26 Image size of job updated: 15774528
	2066  -  MemoryUsage of job (MB)
	2114980  -  ResidentSetSize of job (KB)
...
006 (6823307.000.000) 06/24 09:05:27 Image size of job updated: 15774784
	2067  -  MemoryUsage of job (MB)
	2116116  -  ResidentSetSize of job (KB)
...
006 (6823732.000.000) 06/24 09:09:59 Image size of job updated: 15760780
	2014  -  MemoryUsage of job (MB)
	2061624  -  ResidentSetSize of job (KB)
...
006 (6823307.000.000) 06/24 09:10:27 Image size of job updated: 15774784
	2068  -  MemoryUsage of job (MB)
	2116928  -  ResidentSetSize of job (KB)
...
006 (6823732.000.000) 06/24 09:15:00 Image size of job updated: 15760780
	2014  -  MemoryUsage of job (MB)
	2061664  -  ResidentSetSize of job (KB)
...
006 (6823307.000.000) 06/24 09:15:27 Image size of job updated: 15774784
	2068  -  MemoryUsage of job (MB)
	2116984  -  ResidentSetSize of job (KB)
...
006 (6823732.000.000) 06/24 09:20:00 Image size of job updated: 15760780
	2014  -  MemoryUsage of job (MB)
	2061760  -  ResidentSetSize of job (KB)
...
006 (6823307.000.000) 06/24 09:20:28 Image size of job updated: 15774784
	2068  -  MemoryUsage of job (MB)
	2117104  -  ResidentSetSize of job (KB)
...
006 (6823307.000.000) 06/24 09:25:28 Image size of job updated: 15774784
	2069  -  MemoryUsage of job (MB)
	2117876  -  ResidentSetSize of job (KB)
...
006 (6823732.000.000) 06/24 09:30:02 Image size of job updated: 15760780
	2016  -  MemoryUsage of job (MB)
	2063664  -  ResidentSetSize of job (KB)
...
006 (6823307.000.000) 06/24 09:30:28 Image size of job updated: 15774784
	2070  -  MemoryUsage of job (MB)
	2118668  -  ResidentSetSize of job (KB)
...
006 (6823732.000.000) 06/24 09:40:02 Image size of job updated: 15760780
	2016  -  MemoryUsage of job (MB)
	2063712  -  ResidentSetSize of job (KB)
...
006 (6823732.000.000) 06/24 09:45:03 Image size of job updated: 15760780
	2018  -  MemoryUsage of job (MB)
	2066020  -  ResidentSetSize of job (KB)
...
006 (6823307.000.000) 06/24 09:45:30 Image size of job updated: 15775040
	2070  -  MemoryUsage of job (MB)
	2119148  -  ResidentSetSize of job (KB)
...
006 (6823732.000.000) 06/24 09:50:04 Image size of job updated: 15760780
	2020  -  MemoryUsage of job (MB)
	2067468  -  ResidentSetSize of job (KB)
...
006 (6823307.000.000) 06/24 09:50:31 Image size of job updated: 15775040
	2070  -  MemoryUsage of job (MB)
	2119536  -  ResidentSetSize of job (KB)
...
006 (6823732.000.000) 06/24 09:55:04 Image size of job updated: 15760780
	2020  -  MemoryUsage of job (MB)
	2067536  -  ResidentSetSize of job (KB)
...
006 (6823307.000.000) 06/24 10:00:32 Image size of job updated: 15775040
	2071  -  MemoryUsage of job (MB)
	2119844  -  ResidentSetSize of job (KB)
...
006 (6823732.000.000) 06/24 10:05:06 Image size of job updated: 15761036
	2020  -  MemoryUsage of job (MB)
	2067536  -  ResidentSetSize of job (KB)
...
006 (6823307.000.000) 06/24 10:05:33 Image size of job updated: 15775040
	2071  -  MemoryUsage of job (MB)
	2120452  -  ResidentSetSize of job (KB)
...
006 (6823732.000.000) 06/24 10:10:06 Image size of job updated: 15761036
	2020  -  MemoryUsage of job (MB)
	2067576  -  ResidentSetSize of job (KB)
...
006 (6823307.000.000) 06/24 10:10:34 Image size of job updated: 15775040
	2071  -  MemoryUsage of job (MB)
	2120616  -  ResidentSetSize of job (KB)
...
006 (6823732.000.000) 06/24 10:15:07 Image size of job updated: 15761036
	2020  -  MemoryUsage of job (MB)
	2067700  -  ResidentSetSize of job (KB)
...
006 (6823307.000.000) 06/24 10:15:34 Image size of job updated: 15775040
	2072  -  MemoryUsage of job (MB)
	2121488  -  ResidentSetSize of job (KB)
...
006 (6823732.000.000) 06/24 10:20:08 Image size of job updated: 15761036
	2020  -  MemoryUsage of job (MB)
	2068320  -  ResidentSetSize of job (KB)
...
006 (6823307.000.000) 06/24 10:20:35 Image size of job updated: 15775040
	2072  -  MemoryUsage of job (MB)
	2121496  -  ResidentSetSize of job (KB)
...
006 (6823732.000.000) 06/24 10:25:08 Image size of job updated: 15761036
	2021  -  MemoryUsage of job (MB)
	2068960  -  ResidentSetSize of job (KB)
...
006 (6823307.000.000) 06/24 10:25:36 Image size of job updated: 15775040
	2073  -  MemoryUsage of job (MB)
	2121776  -  ResidentSetSize of job (KB)
...
006 (6823732.000.000) 06/24 10:30:09 Image size of job updated: 15761036
	2021  -  MemoryUsage of job (MB)
	2069004  -  ResidentSetSize of job (KB)
...
006 (6823732.000.000) 06/24 10:35:10 Image size of job updated: 15761036
	2022  -  MemoryUsage of job (MB)
	2070084  -  ResidentSetSize of job (KB)
...
006 (6823307.000.000) 06/24 10:35:36 Image size of job updated: 15775040
	2074  -  MemoryUsage of job (MB)
	2123128  -  ResidentSetSize of job (KB)
...
006 (6823732.000.000) 06/24 10:40:10 Image size of job updated: 15761036
	2024  -  MemoryUsage of job (MB)
	2071916  -  ResidentSetSize of job (KB)
...
006 (6823307.000.000) 06/24 10:40:37 Image size of job updated: 15775040
	2075  -  MemoryUsage of job (MB)
	2124076  -  ResidentSetSize of job (KB)
...
006 (6823732.000.000) 06/24 10:45:11 Image size of job updated: 15761036
	2024  -  MemoryUsage of job (MB)
	2072024  -  ResidentSetSize of job (KB)
...
006 (6823307.000.000) 06/24 10:45:37 Image size of job updated: 15775040
	2075  -  MemoryUsage of job (MB)
	2124412  -  ResidentSetSize of job (KB)
...
006 (6823732.000.000) 06/24 10:50:12 Image size of job updated: 15761036
	2024  -  MemoryUsage of job (MB)
	2072240  -  ResidentSetSize of job (KB)
...
006 (6823307.000.000) 06/24 10:50:37 Image size of job updated: 15775040
	2076  -  MemoryUsage of job (MB)
	2124892  -  ResidentSetSize of job (KB)
...
006 (6823307.000.000) 06/24 11:00:39 Image size of job updated: 15775040
	2076  -  MemoryUsage of job (MB)
	2125788  -  ResidentSetSize of job (KB)
...
006 (6823732.000.000) 06/24 11:05:14 Image size of job updated: 15761036
	2026  -  MemoryUsage of job (MB)
	2073840  -  ResidentSetSize of job (KB)
...
006 (6823307.000.000) 06/24 11:05:39 Image size of job updated: 15775040
	2078  -  MemoryUsage of job (MB)
	2127036  -  ResidentSetSize of job (KB)
...
006 (6823732.000.000) 06/24 11:10:14 Image size of job updated: 15761036
	2026  -  MemoryUsage of job (MB)
	2074096  -  ResidentSetSize of job (KB)
...
006 (6823732.000.000) 06/24 11:15:15 Image size of job updated: 15761292
	2026  -  MemoryUsage of job (MB)
	2074360  -  ResidentSetSize of job (KB)
...
006 (6823307.000.000) 06/24 11:15:41 Image size of job updated: 15775040
	2078  -  MemoryUsage of job (MB)
	2127720  -  ResidentSetSize of job (KB)
...
006 (6823732.000.000) 06/24 11:20:16 Image size of job updated: 15761292
	2027  -  MemoryUsage of job (MB)
	2075060  -  ResidentSetSize of job (KB)
...
006 (6823307.000.000) 06/24 11:20:41 Image size of job updated: 15775040
	2078  -  MemoryUsage of job (MB)
	2127816  -  ResidentSetSize of job (KB)
...
006 (6823732.000.000) 06/24 11:25:16 Image size of job updated: 15761292
	2027  -  MemoryUsage of job (MB)
	2075452  -  ResidentSetSize of job (KB)
...
006 (6823307.000.000) 06/24 11:25:42 Image size of job updated: 15775040
	2083  -  MemoryUsage of job (MB)
	2132124  -  ResidentSetSize of job (KB)
...
006 (6823732.000.000) 06/24 11:30:17 Image size of job updated: 15761292
	2028  -  MemoryUsage of job (MB)
	2075704  -  ResidentSetSize of job (KB)
...
006 (6823732.000.000) 06/24 11:35:18 Image size of job updated: 15761292
	2028  -  MemoryUsage of job (MB)
	2075708  -  ResidentSetSize of job (KB)
...
006 (6823307.000.000) 06/24 11:35:43 Image size of job updated: 15775040
	2083  -  MemoryUsage of job (MB)
	2132136  -  ResidentSetSize of job (KB)
...
006 (6823732.000.000) 06/24 11:45:18 Image size of job updated: 15761548
	2028  -  MemoryUsage of job (MB)
	2075776  -  ResidentSetSize of job (KB)
...
006 (6823732.000.000) 06/24 11:55:19 Image size of job updated: 15761548
	2029  -  MemoryUsage of job (MB)
	2077348  -  ResidentSetSize of job (KB)
...
006 (6823307.000.000) 06/24 11:55:44 Image size of job updated: 15775040
	2083  -  MemoryUsage of job (MB)
	2132160  -  ResidentSetSize of job (KB)
...
006 (6823732.000.000) 06/24 12:05:20 Image size of job updated: 15761548
	2030  -  MemoryUsage of job (MB)
	2078468  -  ResidentSetSize of job (KB)
...
006 (6823732.000.000) 06/24 12:10:20 Image size of job updated: 15761548
	2031  -  MemoryUsage of job (MB)
	2078848  -  ResidentSetSize of job (KB)
...
006 (6823307.000.000) 06/24 12:10:45 Image size of job updated: 15775040
	2083  -  MemoryUsage of job (MB)
	2132400  -  ResidentSetSize of job (KB)
...
006 (6823732.000.000) 06/24 12:15:20 Image size of job updated: 15761548
	2031  -  MemoryUsage of job (MB)
	2079404  -  ResidentSetSize of job (KB)
...
006 (6823732.000.000) 06/24 12:20:22 Image size of job updated: 15761548
	2031  -  MemoryUsage of job (MB)
	2079728  -  ResidentSetSize of job (KB)
...
006 (6823732.000.000) 06/24 12:25:22 Image size of job updated: 15761548
	2032  -  MemoryUsage of job (MB)
	2080000  -  ResidentSetSize of job (KB)
...
006 (6823732.000.000) 06/24 12:30:22 Image size of job updated: 15761548
	2032  -  MemoryUsage of job (MB)
	2080240  -  ResidentSetSize of job (KB)
...
006 (6823732.000.000) 06/24 12:35:23 Image size of job updated: 15761548
	2032  -  MemoryUsage of job (MB)
	2080384  -  ResidentSetSize of job (KB)
...
006 (6823732.000.000) 06/24 12:40:24 Image size of job updated: 15761548
	2033  -  MemoryUsage of job (MB)
	2080852  -  ResidentSetSize of job (KB)
...
006 (6823307.000.000) 06/24 12:50:49 Image size of job updated: 15775040
	2084  -  MemoryUsage of job (MB)
	2133296  -  ResidentSetSize of job (KB)
...
006 (6823307.000.000) 06/24 13:00:51 Image size of job updated: 15775040
	2085  -  MemoryUsage of job (MB)
	2134160  -  ResidentSetSize of job (KB)
...
006 (6823732.000.000) 06/24 13:05:26 Image size of job updated: 15761548
	2033  -  MemoryUsage of job (MB)
	2080860  -  ResidentSetSize of job (KB)
...
006 (6823307.000.000) 06/24 13:05:51 Image size of job updated: 15775040
	2085  -  MemoryUsage of job (MB)
	2134924  -  ResidentSetSize of job (KB)
...
006 (6823732.000.000) 06/24 13:10:28 Image size of job updated: 15761548
	2033  -  MemoryUsage of job (MB)
	2081280  -  ResidentSetSize of job (KB)
...
006 (6823732.000.000) 06/24 13:15:28 Image size of job updated: 15761548
	2033  -  MemoryUsage of job (MB)
	2081716  -  ResidentSetSize of job (KB)
...
006 (6823307.000.000) 06/24 13:15:52 Image size of job updated: 15775040
	2086  -  MemoryUsage of job (MB)
	2135292  -  ResidentSetSize of job (KB)
...
006 (6823732.000.000) 06/24 13:20:28 Image size of job updated: 15761548
	2035  -  MemoryUsage of job (MB)
	2083496  -  ResidentSetSize of job (KB)
...
006 (6823307.000.000) 06/24 13:20:52 Image size of job updated: 15775040
	2086  -  MemoryUsage of job (MB)
	2135392  -  ResidentSetSize of job (KB)
...
006 (6823732.000.000) 06/24 13:25:29 Image size of job updated: 15761548
	2036  -  MemoryUsage of job (MB)
	2084608  -  ResidentSetSize of job (KB)
...
006 (6823307.000.000) 06/24 13:25:52 Image size of job updated: 15775040
	2086  -  MemoryUsage of job (MB)
	2135968  -  ResidentSetSize of job (KB)
...
006 (6823732.000.000) 06/24 13:30:30 Image size of job updated: 15762060
	2036  -  MemoryUsage of job (MB)
	2084808  -  ResidentSetSize of job (KB)
...
006 (6823732.000.000) 06/24 13:35:30 Image size of job updated: 15762060
	2037  -  MemoryUsage of job (MB)
	2085172  -  ResidentSetSize of job (KB)
...
006 (6823307.000.000) 06/24 13:40:53 Image size of job updated: 15775296
	2087  -  MemoryUsage of job (MB)
	2136144  -  ResidentSetSize of job (KB)
...
006 (6823732.000.000) 06/24 13:45:32 Image size of job updated: 15762060
	2037  -  MemoryUsage of job (MB)
	2085608  -  ResidentSetSize of job (KB)
...
006 (6823307.000.000) 06/24 13:45:54 Image size of job updated: 15775296
	2088  -  MemoryUsage of job (MB)
	2137144  -  ResidentSetSize of job (KB)
...
006 (6823307.000.000) 06/24 13:50:55 Image size of job updated: 15775552
	2090  -  MemoryUsage of job (MB)
	2139292  -  ResidentSetSize of job (KB)
...
006 (6823732.000.000) 06/24 13:55:32 Image size of job updated: 15762060
	2038  -  MemoryUsage of job (MB)
	2085948  -  ResidentSetSize of job (KB)
...
006 (6823732.000.000) 06/24 14:00:33 Image size of job updated: 15762060
	2038  -  MemoryUsage of job (MB)
	2086028  -  ResidentSetSize of job (KB)
...
006 (6823732.000.000) 06/24 14:05:33 Image size of job updated: 15762060
	2038  -  MemoryUsage of job (MB)
	2086676  -  ResidentSetSize of job (KB)
...
006 (6823732.000.000) 06/24 14:10:33 Image size of job updated: 15762060
	2039  -  MemoryUsage of job (MB)
	2087140  -  ResidentSetSize of job (KB)
...
006 (6823307.000.000) 06/24 14:10:57 Image size of job updated: 15775552
	2090  -  MemoryUsage of job (MB)
	2139804  -  ResidentSetSize of job (KB)
...
006 (6823732.000.000) 06/24 14:15:35 Image size of job updated: 15762060
	2040  -  MemoryUsage of job (MB)
	2088056  -  ResidentSetSize of job (KB)
...
006 (6823307.000.000) 06/24 14:15:57 Image size of job updated: 15775552
	2090  -  MemoryUsage of job (MB)
	2139848  -  ResidentSetSize of job (KB)
...
006 (6823732.000.000) 06/24 14:20:35 Image size of job updated: 15762060
	2040  -  MemoryUsage of job (MB)
	2088616  -  ResidentSetSize of job (KB)
...
006 (6823307.000.000) 06/24 14:20:58 Image size of job updated: 15775552
	2092  -  MemoryUsage of job (MB)
	2141692  -  ResidentSetSize of job (KB)
...
006 (6823732.000.000) 06/24 14:25:35 Image size of job updated: 15762060
	2040  -  MemoryUsage of job (MB)
	2088644  -  ResidentSetSize of job (KB)
...
006 (6823732.000.000) 06/24 14:30:36 Image size of job updated: 15762060
	2040  -  MemoryUsage of job (MB)
	2088668  -  ResidentSetSize of job (KB)
...
006 (6823732.000.000) 06/24 14:35:37 Image size of job updated: 15762060
	2040  -  MemoryUsage of job (MB)
	2088680  -  ResidentSetSize of job (KB)
...
006 (6823732.000.000) 06/24 14:40:37 Image size of job updated: 15762060
	2041  -  MemoryUsage of job (MB)
	2089556  -  ResidentSetSize of job (KB)
...
006 (6823732.000.000) 06/24 14:45:38 Image size of job updated: 15762060
	2041  -  MemoryUsage of job (MB)
	2089936  -  ResidentSetSize of job (KB)
...
006 (6823732.000.000) 06/24 14:50:39 Image size of job updated: 15762060
	2042  -  MemoryUsage of job (MB)
	2090320  -  ResidentSetSize of job (KB)
...
006 (6823307.000.000) 06/24 15:01:02 Image size of job updated: 15775552
	2092  -  MemoryUsage of job (MB)
	2141744  -  ResidentSetSize of job (KB)
...
040 (6823307.000.000) 06/24 15:03:01 Started transferring output files
...
040 (6823307.000.000) 06/24 15:03:14 Finished transferring output files
...
005 (6823307.000.000) 06/24 15:03:14 Job terminated.
	(1) Normal termination (return value 0)
		Usr 1 17:28:13, Sys 0 05:06:46  -  Run Remote Usage
		Usr 0 00:00:00, Sys 0 00:00:00  -  Run Local Usage
		Usr 1 17:28:13, Sys 0 05:06:46  -  Total Remote Usage
		Usr 0 00:00:00, Sys 0 00:00:00  -  Total Local Usage
	221269040  -  Run Bytes Sent By Job
	11061  -  Run Bytes Received By Job
	221269040  -  Total Bytes Sent By Job
	11061  -  Total Bytes Received By Job
	Partitionable Resources :     Usage  Request Allocated 
	   Cpus                 :      2.05        1         1 
	   Disk (KB)            : 216116          12   1246020 
	   Memory (MB)          :   2092        2000      2000 

	Job terminated of its own accord at 2024-06-24T13:03:00Z with exit-code 0.
...
006 (6823732.000.000) 06/24 15:05:40 Image size of job updated: 15762316
	2042  -  MemoryUsage of job (MB)
	2090456  -  ResidentSetSize of job (KB)
...
006 (6823732.000.000) 06/24 15:15:40 Image size of job updated: 15762316
	2042  -  MemoryUsage of job (MB)
	2090608  -  ResidentSetSize of job (KB)
...
006 (6823732.000.000) 06/24 15:20:41 Image size of job updated: 15762316
	2043  -  MemoryUsage of job (MB)
	2091192  -  ResidentSetSize of job (KB)
...
006 (6823732.000.000) 06/24 15:25:41 Image size of job updated: 15762316
	2043  -  MemoryUsage of job (MB)
	2091688  -  ResidentSetSize of job (KB)
...
006 (6823732.000.000) 06/24 15:30:41 Image size of job updated: 15762316
	2044  -  MemoryUsage of job (MB)
	2092900  -  ResidentSetSize of job (KB)
...
006 (6823732.000.000) 06/24 15:35:42 Image size of job updated: 15762316
	2045  -  MemoryUsage of job (MB)
	2093260  -  ResidentSetSize of job (KB)
...
006 (6823732.000.000) 06/24 15:40:42 Image size of job updated: 15762316
	2046  -  MemoryUsage of job (MB)
	2094292  -  ResidentSetSize of job (KB)
...
006 (6823732.000.000) 06/24 15:45:42 Image size of job updated: 15762316
	2046  -  MemoryUsage of job (MB)
	2094400  -  ResidentSetSize of job (KB)
...
006 (6823732.000.000) 06/24 15:55:43 Image size of job updated: 15762316
	2046  -  MemoryUsage of job (MB)
	2094444  -  ResidentSetSize of job (KB)
...
006 (6823732.000.000) 06/24 16:10:45 Image size of job updated: 15762316
	2046  -  MemoryUsage of job (MB)
	2094660  -  ResidentSetSize of job (KB)
...
006 (6823732.000.000) 06/24 16:15:45 Image size of job updated: 15762316
	2047  -  MemoryUsage of job (MB)
	2095548  -  ResidentSetSize of job (KB)
...
006 (6823732.000.000) 06/24 16:25:47 Image size of job updated: 15762316
	2047  -  MemoryUsage of job (MB)
	2095572  -  ResidentSetSize of job (KB)
...
006 (6823732.000.000) 06/24 16:40:49 Image size of job updated: 15762316
	2048  -  MemoryUsage of job (MB)
	2096548  -  ResidentSetSize of job (KB)
...
006 (6823732.000.000) 06/24 16:45:49 Image size of job updated: 15762316
	2048  -  MemoryUsage of job (MB)
	2096576  -  ResidentSetSize of job (KB)
...
006 (6823732.000.000) 06/24 16:50:50 Image size of job updated: 15762316
	2049  -  MemoryUsage of job (MB)
	2097400  -  ResidentSetSize of job (KB)
...
006 (6823732.000.000) 06/24 17:10:52 Image size of job updated: 15762316
	2049  -  MemoryUsage of job (MB)
	2097644  -  ResidentSetSize of job (KB)
...
006 (6823732.000.000) 06/24 17:15:52 Image size of job updated: 15762316
	2049  -  MemoryUsage of job (MB)
	2097700  -  ResidentSetSize of job (KB)
...
006 (6823732.000.000) 06/24 17:30:54 Image size of job updated: 15762316
	2050  -  MemoryUsage of job (MB)
	2098336  -  ResidentSetSize of job (KB)
...
006 (6823732.000.000) 06/24 17:35:55 Image size of job updated: 15762316
	2051  -  MemoryUsage of job (MB)
	2099232  -  ResidentSetSize of job (KB)
...
006 (6823732.000.000) 06/24 17:40:56 Image size of job updated: 15762316
	2052  -  MemoryUsage of job (MB)
	2100292  -  ResidentSetSize of job (KB)
...
000 (6825773.000.000) 06/24 17:45:16 Job submitted from host: <137.138.55.115:9618?addrs=137.138.55.115-9618+[2001-1458-d00-17--12a]-9618&alias=bigbird23.cern.ch&noUDP&sock=schedd_23881_f548>
...
006 (6823732.000.000) 06/24 17:45:56 Image size of job updated: 15762572
	2052  -  MemoryUsage of job (MB)
	2100312  -  ResidentSetSize of job (KB)
...
006 (6823732.000.000) 06/24 17:55:57 Image size of job updated: 15762572
	2052  -  MemoryUsage of job (MB)
	2101044  -  ResidentSetSize of job (KB)
...
040 (6825773.000.000) 06/24 17:57:43 Started transferring input files
	Transferring to host: <128.142.57.34:9618?addrs=128.142.57.34-9618&alias=b7s02p9579.cern.ch&noUDP&sock=slot1_57_6920_8412_176412>
...
040 (6825773.000.000) 06/24 17:57:43 Finished transferring input files
...
001 (6825773.000.000) 06/24 17:57:44 Job executing on host: <128.142.57.34:9618?addrs=128.142.57.34-9618&alias=b7s02p9579.cern.ch&noUDP&sock=startd_6832_c320>
	SlotName: slot1_57@b7s02p9579.cern.ch
...
006 (6825773.000.000) 06/24 17:57:53 Image size of job updated: 650744
	39  -  MemoryUsage of job (MB)
	39792  -  ResidentSetSize of job (KB)
...
006 (6825773.000.000) 06/24 18:02:54 Image size of job updated: 15699120
	1205  -  MemoryUsage of job (MB)
	1233188  -  ResidentSetSize of job (KB)
...
006 (6823732.000.000) 06/24 18:05:59 Image size of job updated: 15762572
	2053  -  MemoryUsage of job (MB)
	2101288  -  ResidentSetSize of job (KB)
...
006 (6825773.000.000) 06/24 18:07:55 Image size of job updated: 15724364
	1341  -  MemoryUsage of job (MB)
	1372208  -  ResidentSetSize of job (KB)
...
006 (6823732.000.000) 06/24 18:10:59 Image size of job updated: 15762828
	2053  -  MemoryUsage of job (MB)
	2101380  -  ResidentSetSize of job (KB)
...
006 (6825773.000.000) 06/24 18:12:55 Image size of job updated: 15724620
	1404  -  MemoryUsage of job (MB)
	1436900  -  ResidentSetSize of job (KB)
...
006 (6825773.000.000) 06/24 18:17:55 Image size of job updated: 15724620
	1455  -  MemoryUsage of job (MB)
	1489636  -  ResidentSetSize of job (KB)
...
006 (6823732.000.000) 06/24 18:21:01 Image size of job updated: 15762828
	2053  -  MemoryUsage of job (MB)
	2101680  -  ResidentSetSize of job (KB)
...
006 (6825773.000.000) 06/24 18:22:56 Image size of job updated: 15725132
	1506  -  MemoryUsage of job (MB)
	1541856  -  ResidentSetSize of job (KB)
...
006 (6825773.000.000) 06/24 18:27:56 Image size of job updated: 15725388
	1544  -  MemoryUsage of job (MB)
	1580768  -  ResidentSetSize of job (KB)
...
006 (6825773.000.000) 06/24 18:32:56 Image size of job updated: 15725644
	1566  -  MemoryUsage of job (MB)
	1603352  -  ResidentSetSize of job (KB)
...
006 (6825773.000.000) 06/24 18:37:57 Image size of job updated: 15726156
	1587  -  MemoryUsage of job (MB)
	1624948  -  ResidentSetSize of job (KB)
...
006 (6823732.000.000) 06/24 18:41:02 Image size of job updated: 15762828
	2054  -  MemoryUsage of job (MB)
	2102764  -  ResidentSetSize of job (KB)
...
006 (6825773.000.000) 06/24 18:42:57 Image size of job updated: 15726156
	1604  -  MemoryUsage of job (MB)
	1641788  -  ResidentSetSize of job (KB)
...
006 (6825773.000.000) 06/24 18:47:58 Image size of job updated: 15726668
	1621  -  MemoryUsage of job (MB)
	1659752  -  ResidentSetSize of job (KB)
...
006 (6825773.000.000) 06/24 18:52:59 Image size of job updated: 15727436
	1636  -  MemoryUsage of job (MB)
	1675060  -  ResidentSetSize of job (KB)
...
006 (6823732.000.000) 06/24 18:56:03 Image size of job updated: 15762828
	2054  -  MemoryUsage of job (MB)
	2103292  -  ResidentSetSize of job (KB)
...
006 (6825773.000.000) 06/24 18:57:59 Image size of job updated: 15727692
	1653  -  MemoryUsage of job (MB)
	1692264  -  ResidentSetSize of job (KB)
...
006 (6825773.000.000) 06/24 19:03:01 Image size of job updated: 15727692
	1667  -  MemoryUsage of job (MB)
	1706324  -  ResidentSetSize of job (KB)
...
006 (6825773.000.000) 06/24 19:08:01 Image size of job updated: 15728460
	1684  -  MemoryUsage of job (MB)
	1723876  -  ResidentSetSize of job (KB)
...
006 (6823732.000.000) 06/24 19:11:04 Image size of job updated: 15762828
	2055  -  MemoryUsage of job (MB)
	2103968  -  ResidentSetSize of job (KB)
...
006 (6825773.000.000) 06/24 19:13:01 Image size of job updated: 15728460
	1692  -  MemoryUsage of job (MB)
	1732032  -  ResidentSetSize of job (KB)
...
040 (6823732.000.000) 06/24 19:15:05 Started transferring output files
...
040 (6823732.000.000) 06/24 19:15:23 Finished transferring output files
...
005 (6823732.000.000) 06/24 19:15:23 Job terminated.
	(1) Normal termination (return value 0)
		Usr 1 16:24:21, Sys 0 05:12:15  -  Run Remote Usage
		Usr 0 00:00:00, Sys 0 00:00:00  -  Run Local Usage
		Usr 1 16:24:21, Sys 0 05:12:15  -  Total Remote Usage
		Usr 0 00:00:00, Sys 0 00:00:00  -  Total Local Usage
	209274016  -  Run Bytes Sent By Job
	11083  -  Run Bytes Received By Job
	209274016  -  Total Bytes Sent By Job
	11083  -  Total Bytes Received By Job
	Partitionable Resources :     Usage  Request Allocated 
	   Cpus                 :      2.24        1         1 
	   Disk (KB)            : 204402          12   1359528 
	   Memory (MB)          :   2055        2000      2000 

	Job terminated of its own accord at 2024-06-24T17:15:05Z with exit-code 0.
...
006 (6825773.000.000) 06/24 19:18:02 Image size of job updated: 15728716
	1698  -  MemoryUsage of job (MB)
	1737764  -  ResidentSetSize of job (KB)
...
006 (6825773.000.000) 06/24 19:23:03 Image size of job updated: 15728716
	1710  -  MemoryUsage of job (MB)
	1750564  -  ResidentSetSize of job (KB)
...
006 (6825773.000.000) 06/24 19:28:03 Image size of job updated: 15729228
	1716  -  MemoryUsage of job (MB)
	1756416  -  ResidentSetSize of job (KB)
...
006 (6825773.000.000) 06/24 19:33:04 Image size of job updated: 15729484
	1723  -  MemoryUsage of job (MB)
	1763932  -  ResidentSetSize of job (KB)
...
006 (6825773.000.000) 06/24 19:38:05 Image size of job updated: 15729484
	1726  -  MemoryUsage of job (MB)
	1767420  -  ResidentSetSize of job (KB)
...
006 (6825773.000.000) 06/24 19:43:05 Image size of job updated: 15729740
	1730  -  MemoryUsage of job (MB)
	1770776  -  ResidentSetSize of job (KB)
...
006 (6825773.000.000) 06/24 19:48:06 Image size of job updated: 15730252
	1731  -  MemoryUsage of job (MB)
	1772104  -  ResidentSetSize of job (KB)
...
006 (6825773.000.000) 06/24 19:53:07 Image size of job updated: 15730764
	1735  -  MemoryUsage of job (MB)
	1776508  -  ResidentSetSize of job (KB)
...
006 (6825773.000.000) 06/24 19:58:07 Image size of job updated: 15731788
	1738  -  MemoryUsage of job (MB)
	1779552  -  ResidentSetSize of job (KB)
...
006 (6825773.000.000) 06/24 20:03:07 Image size of job updated: 15731788
	1747  -  MemoryUsage of job (MB)
	1788488  -  ResidentSetSize of job (KB)
...
006 (6825773.000.000) 06/24 20:08:07 Image size of job updated: 15732044
	1751  -  MemoryUsage of job (MB)
	1792340  -  ResidentSetSize of job (KB)
...
006 (6825773.000.000) 06/24 20:13:09 Image size of job updated: 15732812
	1756  -  MemoryUsage of job (MB)
	1797420  -  ResidentSetSize of job (KB)
...
006 (6825773.000.000) 06/24 20:18:09 Image size of job updated: 15733068
	1760  -  MemoryUsage of job (MB)
	1801844  -  ResidentSetSize of job (KB)
...
006 (6825773.000.000) 06/24 20:23:09 Image size of job updated: 15733068
	1763  -  MemoryUsage of job (MB)
	1805268  -  ResidentSetSize of job (KB)
...
006 (6825773.000.000) 06/24 20:28:10 Image size of job updated: 15733580
	1767  -  MemoryUsage of job (MB)
	1808860  -  ResidentSetSize of job (KB)
...
006 (6825773.000.000) 06/24 20:33:11 Image size of job updated: 15733836
	1771  -  MemoryUsage of job (MB)
	1813036  -  ResidentSetSize of job (KB)
...
006 (6825773.000.000) 06/24 20:38:11 Image size of job updated: 15734092
	1773  -  MemoryUsage of job (MB)
	1815484  -  ResidentSetSize of job (KB)
...
006 (6825773.000.000) 06/24 20:43:11 Image size of job updated: 15734092
	1778  -  MemoryUsage of job (MB)
	1820600  -  ResidentSetSize of job (KB)
...
006 (6825773.000.000) 06/24 20:48:12 Image size of job updated: 15734604
	1784  -  MemoryUsage of job (MB)
	1826452  -  ResidentSetSize of job (KB)
...
006 (6825773.000.000) 06/24 20:53:12 Image size of job updated: 15734860
	1788  -  MemoryUsage of job (MB)
	1829988  -  ResidentSetSize of job (KB)
...
006 (6825773.000.000) 06/24 20:58:12 Image size of job updated: 15734860
	1797  -  MemoryUsage of job (MB)
	1840012  -  ResidentSetSize of job (KB)
...
006 (6825773.000.000) 06/24 21:03:14 Image size of job updated: 15753212
	1825  -  MemoryUsage of job (MB)
	1867824  -  ResidentSetSize of job (KB)
...
006 (6825773.000.000) 06/24 21:08:14 Image size of job updated: 15753212
	1831  -  MemoryUsage of job (MB)
	1874020  -  ResidentSetSize of job (KB)
...
006 (6825773.000.000) 06/24 21:13:14 Image size of job updated: 15753468
	1837  -  MemoryUsage of job (MB)
	1880212  -  ResidentSetSize of job (KB)
...
006 (6825773.000.000) 06/24 21:18:15 Image size of job updated: 15753724
	1841  -  MemoryUsage of job (MB)
	1884872  -  ResidentSetSize of job (KB)
...
006 (6825773.000.000) 06/24 21:23:15 Image size of job updated: 15753724
	1845  -  MemoryUsage of job (MB)
	1889008  -  ResidentSetSize of job (KB)
...
006 (6825773.000.000) 06/24 21:28:15 Image size of job updated: 15753980
	1854  -  MemoryUsage of job (MB)
	1898328  -  ResidentSetSize of job (KB)
...
006 (6825773.000.000) 06/24 21:33:16 Image size of job updated: 15754236
	1856  -  MemoryUsage of job (MB)
	1899744  -  ResidentSetSize of job (KB)
...
006 (6825773.000.000) 06/24 21:38:17 Image size of job updated: 15754236
	1860  -  MemoryUsage of job (MB)
	1904416  -  ResidentSetSize of job (KB)
...
006 (6825773.000.000) 06/24 21:43:17 Image size of job updated: 15761056
	1860  -  MemoryUsage of job (MB)
	1904448  -  ResidentSetSize of job (KB)
...
006 (6825773.000.000) 06/24 21:48:18 Image size of job updated: 15761312
	1864  -  MemoryUsage of job (MB)
	1907920  -  ResidentSetSize of job (KB)
...
006 (6825773.000.000) 06/24 21:53:19 Image size of job updated: 15761568
	1864  -  MemoryUsage of job (MB)
	1908352  -  ResidentSetSize of job (KB)
...
006 (6825773.000.000) 06/24 21:58:19 Image size of job updated: 15761568
	1866  -  MemoryUsage of job (MB)
	1909880  -  ResidentSetSize of job (KB)
...
006 (6825773.000.000) 06/24 22:03:19 Image size of job updated: 15762080
	1867  -  MemoryUsage of job (MB)
	1911728  -  ResidentSetSize of job (KB)
...
006 (6825773.000.000) 06/24 22:08:20 Image size of job updated: 15762080
	1870  -  MemoryUsage of job (MB)
	1914716  -  ResidentSetSize of job (KB)
...
006 (6825773.000.000) 06/24 22:13:20 Image size of job updated: 15762080
	1875  -  MemoryUsage of job (MB)
	1919176  -  ResidentSetSize of job (KB)
...
006 (6825773.000.000) 06/24 22:18:20 Image size of job updated: 15762336
	1880  -  MemoryUsage of job (MB)
	1924612  -  ResidentSetSize of job (KB)
...
006 (6825773.000.000) 06/24 22:23:21 Image size of job updated: 15762592
	1884  -  MemoryUsage of job (MB)
	1928588  -  ResidentSetSize of job (KB)
...
006 (6825773.000.000) 06/24 22:28:21 Image size of job updated: 15762592
	1892  -  MemoryUsage of job (MB)
	1936664  -  ResidentSetSize of job (KB)
...
006 (6825773.000.000) 06/24 22:33:21 Image size of job updated: 15762592
	1896  -  MemoryUsage of job (MB)
	1941284  -  ResidentSetSize of job (KB)
...
006 (6825773.000.000) 06/24 22:38:22 Image size of job updated: 15762592
	1900  -  MemoryUsage of job (MB)
	1944888  -  ResidentSetSize of job (KB)
...
006 (6825773.000.000) 06/24 22:43:23 Image size of job updated: 15762848
	1902  -  MemoryUsage of job (MB)
	1946648  -  ResidentSetSize of job (KB)
...
006 (6825773.000.000) 06/24 22:48:23 Image size of job updated: 15762848
	1904  -  MemoryUsage of job (MB)
	1949288  -  ResidentSetSize of job (KB)
...
006 (6825773.000.000) 06/24 22:53:24 Image size of job updated: 15762848
	1908  -  MemoryUsage of job (MB)
	1953316  -  ResidentSetSize of job (KB)
...
006 (6825773.000.000) 06/24 22:58:25 Image size of job updated: 15763104
	1910  -  MemoryUsage of job (MB)
	1955664  -  ResidentSetSize of job (KB)
...
006 (6825773.000.000) 06/24 23:03:25 Image size of job updated: 15763104
	1912  -  MemoryUsage of job (MB)
	1957884  -  ResidentSetSize of job (KB)
...
006 (6825773.000.000) 06/24 23:08:25 Image size of job updated: 15763104
	1916  -  MemoryUsage of job (MB)
	1961544  -  ResidentSetSize of job (KB)
...
006 (6825773.000.000) 06/24 23:13:26 Image size of job updated: 15763104
	1923  -  MemoryUsage of job (MB)
	1969104  -  ResidentSetSize of job (KB)
...
006 (6825773.000.000) 06/24 23:18:26 Image size of job updated: 15763104
	1929  -  MemoryUsage of job (MB)
	1974536  -  ResidentSetSize of job (KB)
...
006 (6825773.000.000) 06/24 23:23:26 Image size of job updated: 15763360
	1930  -  MemoryUsage of job (MB)
	1975848  -  ResidentSetSize of job (KB)
...
006 (6825773.000.000) 06/24 23:28:27 Image size of job updated: 15763360
	1933  -  MemoryUsage of job (MB)
	1979008  -  ResidentSetSize of job (KB)
...
006 (6825773.000.000) 06/24 23:33:28 Image size of job updated: 15763360
	1936  -  MemoryUsage of job (MB)
	1981648  -  ResidentSetSize of job (KB)
...
006 (6825773.000.000) 06/24 23:38:28 Image size of job updated: 15763360
	1938  -  MemoryUsage of job (MB)
	1984240  -  ResidentSetSize of job (KB)
...
006 (6825773.000.000) 06/24 23:43:29 Image size of job updated: 15763360
	1938  -  MemoryUsage of job (MB)
	1984348  -  ResidentSetSize of job (KB)
...
006 (6825773.000.000) 06/24 23:48:30 Image size of job updated: 15763360
	1942  -  MemoryUsage of job (MB)
	1987704  -  ResidentSetSize of job (KB)
...
006 (6825773.000.000) 06/24 23:53:30 Image size of job updated: 15763360
	1942  -  MemoryUsage of job (MB)
	1987864  -  ResidentSetSize of job (KB)
...
006 (6825773.000.000) 06/24 23:58:31 Image size of job updated: 15763360
	1944  -  MemoryUsage of job (MB)
	1990432  -  ResidentSetSize of job (KB)
...
006 (6825773.000.000) 06/25 00:03:32 Image size of job updated: 15763360
	1945  -  MemoryUsage of job (MB)
	1991624  -  ResidentSetSize of job (KB)
...
006 (6825773.000.000) 06/25 00:08:32 Image size of job updated: 15763360
	1949  -  MemoryUsage of job (MB)
	1995216  -  ResidentSetSize of job (KB)
...
006 (6825773.000.000) 06/25 00:13:33 Image size of job updated: 15763360
	1950  -  MemoryUsage of job (MB)
	1996056  -  ResidentSetSize of job (KB)
...
006 (6825773.000.000) 06/25 00:23:34 Image size of job updated: 15763616
	1953  -  MemoryUsage of job (MB)
	1999020  -  ResidentSetSize of job (KB)
...
006 (6825773.000.000) 06/25 00:28:35 Image size of job updated: 15763872
	1955  -  MemoryUsage of job (MB)
	2001392  -  ResidentSetSize of job (KB)
...
006 (6825773.000.000) 06/25 00:33:36 Image size of job updated: 15763872
	1955  -  MemoryUsage of job (MB)
	2001636  -  ResidentSetSize of job (KB)
...
006 (6825773.000.000) 06/25 00:38:36 Image size of job updated: 15763872
	1956  -  MemoryUsage of job (MB)
	2002396  -  ResidentSetSize of job (KB)
...
006 (6825773.000.000) 06/25 00:43:37 Image size of job updated: 15763872
	1957  -  MemoryUsage of job (MB)
	2002948  -  ResidentSetSize of job (KB)
...
006 (6825773.000.000) 06/25 00:48:38 Image size of job updated: 15763872
	1959  -  MemoryUsage of job (MB)
	2005580  -  ResidentSetSize of job (KB)
...
006 (6825773.000.000) 06/25 00:53:38 Image size of job updated: 15763872
	1960  -  MemoryUsage of job (MB)
	2006584  -  ResidentSetSize of job (KB)
...
006 (6825773.000.000) 06/25 00:58:38 Image size of job updated: 15763872
	1963  -  MemoryUsage of job (MB)
	2009448  -  ResidentSetSize of job (KB)
...
006 (6825773.000.000) 06/25 01:03:39 Image size of job updated: 15763872
	1963  -  MemoryUsage of job (MB)
	2009928  -  ResidentSetSize of job (KB)
...
006 (6825773.000.000) 06/25 01:08:39 Image size of job updated: 15764384
	1967  -  MemoryUsage of job (MB)
	2013312  -  ResidentSetSize of job (KB)
...
006 (6825773.000.000) 06/25 01:13:39 Image size of job updated: 15764384
	1968  -  MemoryUsage of job (MB)
	2014756  -  ResidentSetSize of job (KB)
...
006 (6825773.000.000) 06/25 01:18:40 Image size of job updated: 15764384
	1969  -  MemoryUsage of job (MB)
	2016220  -  ResidentSetSize of job (KB)
...
006 (6825773.000.000) 06/25 01:23:40 Image size of job updated: 15764640
	1971  -  MemoryUsage of job (MB)
	2017404  -  ResidentSetSize of job (KB)
...
006 (6825773.000.000) 06/25 01:28:40 Image size of job updated: 15764640
	1971  -  MemoryUsage of job (MB)
	2017472  -  ResidentSetSize of job (KB)
...
006 (6825773.000.000) 06/25 01:33:41 Image size of job updated: 15764896
	1973  -  MemoryUsage of job (MB)
	2020064  -  ResidentSetSize of job (KB)
...
006 (6825773.000.000) 06/25 01:38:42 Image size of job updated: 15765152
	1974  -  MemoryUsage of job (MB)
	2020768  -  ResidentSetSize of job (KB)
...
006 (6825773.000.000) 06/25 01:48:43 Image size of job updated: 15765152
	1975  -  MemoryUsage of job (MB)
	2022336  -  ResidentSetSize of job (KB)
...
006 (6825773.000.000) 06/25 01:53:44 Image size of job updated: 15765664
	1977  -  MemoryUsage of job (MB)
	2024304  -  ResidentSetSize of job (KB)
...
006 (6825773.000.000) 06/25 01:58:44 Image size of job updated: 15765664
	1978  -  MemoryUsage of job (MB)
	2024856  -  ResidentSetSize of job (KB)
...
006 (6825773.000.000) 06/25 02:03:44 Image size of job updated: 15765664
	1980  -  MemoryUsage of job (MB)
	2026832  -  ResidentSetSize of job (KB)
...
006 (6825773.000.000) 06/25 02:08:45 Image size of job updated: 15765920
	1981  -  MemoryUsage of job (MB)
	2028408  -  ResidentSetSize of job (KB)
...
006 (6825773.000.000) 06/25 02:13:45 Image size of job updated: 15766176
	1983  -  MemoryUsage of job (MB)
	2030304  -  ResidentSetSize of job (KB)
...
006 (6825773.000.000) 06/25 02:18:45 Image size of job updated: 15766432
	1984  -  MemoryUsage of job (MB)
	2031468  -  ResidentSetSize of job (KB)
...
006 (6825773.000.000) 06/25 02:23:46 Image size of job updated: 15766688
	1985  -  MemoryUsage of job (MB)
	2032552  -  ResidentSetSize of job (KB)
...
006 (6825773.000.000) 06/25 02:28:47 Image size of job updated: 15766944
	1989  -  MemoryUsage of job (MB)
	2035984  -  ResidentSetSize of job (KB)
...
006 (6825773.000.000) 06/25 02:43:49 Image size of job updated: 15766944
	1989  -  MemoryUsage of job (MB)
	2036732  -  ResidentSetSize of job (KB)
...
006 (6825773.000.000) 06/25 02:48:49 Image size of job updated: 15767200
	1991  -  MemoryUsage of job (MB)
	2038768  -  ResidentSetSize of job (KB)
...
006 (6825773.000.000) 06/25 02:53:49 Image size of job updated: 15767456
	1993  -  MemoryUsage of job (MB)
	2039892  -  ResidentSetSize of job (KB)
...
006 (6825773.000.000) 06/25 02:58:51 Image size of job updated: 15767456
	1993  -  MemoryUsage of job (MB)
	2040400  -  ResidentSetSize of job (KB)
...
006 (6825773.000.000) 06/25 03:08:51 Image size of job updated: 15767456
	1993  -  MemoryUsage of job (MB)
	2040660  -  ResidentSetSize of job (KB)
...
006 (6825773.000.000) 06/25 03:13:52 Image size of job updated: 15767968
	1996  -  MemoryUsage of job (MB)
	2042956  -  ResidentSetSize of job (KB)
...
006 (6825773.000.000) 06/25 03:18:53 Image size of job updated: 15767968
	1998  -  MemoryUsage of job (MB)
	2045244  -  ResidentSetSize of job (KB)
...
006 (6825773.000.000) 06/25 03:23:53 Image size of job updated: 15767968
	1999  -  MemoryUsage of job (MB)
	2046636  -  ResidentSetSize of job (KB)
...
006 (6825773.000.000) 06/25 03:28:53 Image size of job updated: 15767968
	2000  -  MemoryUsage of job (MB)
	2047572  -  ResidentSetSize of job (KB)
...
006 (6825773.000.000) 06/25 03:33:54 Image size of job updated: 15767968
	2000  -  MemoryUsage of job (MB)
	2047884  -  ResidentSetSize of job (KB)
...
006 (6825773.000.000) 06/25 03:38:54 Image size of job updated: 15767968
	2003  -  MemoryUsage of job (MB)
	2050160  -  ResidentSetSize of job (KB)
...
006 (6825773.000.000) 06/25 03:43:54 Image size of job updated: 15767968
	2004  -  MemoryUsage of job (MB)
	2051140  -  ResidentSetSize of job (KB)
...
006 (6825773.000.000) 06/25 03:48:55 Image size of job updated: 15767968
	2005  -  MemoryUsage of job (MB)
	2052296  -  ResidentSetSize of job (KB)
...
006 (6825773.000.000) 06/25 03:53:55 Image size of job updated: 15767968
	2005  -  MemoryUsage of job (MB)
	2053004  -  ResidentSetSize of job (KB)
...
006 (6825773.000.000) 06/25 03:58:55 Image size of job updated: 15767968
	2006  -  MemoryUsage of job (MB)
	2053928  -  ResidentSetSize of job (KB)
...
006 (6825773.000.000) 06/25 04:03:56 Image size of job updated: 15768224
	2006  -  MemoryUsage of job (MB)
	2053928  -  ResidentSetSize of job (KB)
...
006 (6825773.000.000) 06/25 04:08:57 Image size of job updated: 15768224
	2008  -  MemoryUsage of job (MB)
	2055404  -  ResidentSetSize of job (KB)
...
006 (6825773.000.000) 06/25 04:13:57 Image size of job updated: 15768224
	2009  -  MemoryUsage of job (MB)
	2057144  -  ResidentSetSize of job (KB)
...
006 (6825773.000.000) 06/25 04:18:58 Image size of job updated: 15768224
	2011  -  MemoryUsage of job (MB)
	2058712  -  ResidentSetSize of job (KB)
...
006 (6825773.000.000) 06/25 04:23:59 Image size of job updated: 15768224
	2012  -  MemoryUsage of job (MB)
	2059980  -  ResidentSetSize of job (KB)
...
006 (6825773.000.000) 06/25 04:28:59 Image size of job updated: 15768224
	2013  -  MemoryUsage of job (MB)
	2061292  -  ResidentSetSize of job (KB)
...
006 (6825773.000.000) 06/25 04:33:59 Image size of job updated: 15768224
	2015  -  MemoryUsage of job (MB)
	2063276  -  ResidentSetSize of job (KB)
...
006 (6825773.000.000) 06/25 04:39:01 Image size of job updated: 15768224
	2016  -  MemoryUsage of job (MB)
	2063460  -  ResidentSetSize of job (KB)
...
006 (6825773.000.000) 06/25 04:44:01 Image size of job updated: 15768224
	2017  -  MemoryUsage of job (MB)
	2064900  -  ResidentSetSize of job (KB)
...
006 (6825773.000.000) 06/25 04:49:01 Image size of job updated: 15768224
	2017  -  MemoryUsage of job (MB)
	2065200  -  ResidentSetSize of job (KB)
...
006 (6825773.000.000) 06/25 05:04:03 Image size of job updated: 15768224
	2019  -  MemoryUsage of job (MB)
	2066672  -  ResidentSetSize of job (KB)
...
006 (6825773.000.000) 06/25 05:09:03 Image size of job updated: 15768224
	2021  -  MemoryUsage of job (MB)
	2068808  -  ResidentSetSize of job (KB)
...
006 (6825773.000.000) 06/25 05:14:04 Image size of job updated: 15768224
	2022  -  MemoryUsage of job (MB)
	2070236  -  ResidentSetSize of job (KB)
...
006 (6825773.000.000) 06/25 05:19:04 Image size of job updated: 15768480
	2024  -  MemoryUsage of job (MB)
	2072244  -  ResidentSetSize of job (KB)
...
006 (6825773.000.000) 06/25 05:24:04 Image size of job updated: 15768480
	2027  -  MemoryUsage of job (MB)
	2075560  -  ResidentSetSize of job (KB)
...
006 (6825773.000.000) 06/25 05:29:05 Image size of job updated: 15768736
	2027  -  MemoryUsage of job (MB)
	2075560  -  ResidentSetSize of job (KB)
...
006 (6825773.000.000) 06/25 05:34:06 Image size of job updated: 15768736
	2030  -  MemoryUsage of job (MB)
	2077760  -  ResidentSetSize of job (KB)
...
006 (6825773.000.000) 06/25 05:39:06 Image size of job updated: 15768736
	2030  -  MemoryUsage of job (MB)
	2078396  -  ResidentSetSize of job (KB)
...
006 (6825773.000.000) 06/25 05:44:07 Image size of job updated: 15768736
	2030  -  MemoryUsage of job (MB)
	2078652  -  ResidentSetSize of job (KB)
...
006 (6825773.000.000) 06/25 05:49:08 Image size of job updated: 15768736
	2031  -  MemoryUsage of job (MB)
	2078880  -  ResidentSetSize of job (KB)
...
006 (6825773.000.000) 06/25 05:54:08 Image size of job updated: 15768736
	2031  -  MemoryUsage of job (MB)
	2078928  -  ResidentSetSize of job (KB)
...
006 (6825773.000.000) 06/25 05:59:08 Image size of job updated: 15768992
	2031  -  MemoryUsage of job (MB)
	2079536  -  ResidentSetSize of job (KB)
...
006 (6825773.000.000) 06/25 06:04:09 Image size of job updated: 15768992
	2033  -  MemoryUsage of job (MB)
	2081792  -  ResidentSetSize of job (KB)
...
006 (6825773.000.000) 06/25 06:09:09 Image size of job updated: 15768992
	2036  -  MemoryUsage of job (MB)
	2084660  -  ResidentSetSize of job (KB)
...
006 (6825773.000.000) 06/25 06:14:09 Image size of job updated: 15768992
	2037  -  MemoryUsage of job (MB)
	2085312  -  ResidentSetSize of job (KB)
...
006 (6825773.000.000) 06/25 06:19:11 Image size of job updated: 15768992
	2039  -  MemoryUsage of job (MB)
	2087780  -  ResidentSetSize of job (KB)
...
006 (6825773.000.000) 06/25 06:24:11 Image size of job updated: 15768992
	2042  -  MemoryUsage of job (MB)
	2090784  -  ResidentSetSize of job (KB)
...
006 (6825773.000.000) 06/25 06:29:11 Image size of job updated: 15769248
	2045  -  MemoryUsage of job (MB)
	2093112  -  ResidentSetSize of job (KB)
...
006 (6825773.000.000) 06/25 06:34:12 Image size of job updated: 15769248
	2045  -  MemoryUsage of job (MB)
	2093408  -  ResidentSetSize of job (KB)
...
006 (6825773.000.000) 06/25 06:39:13 Image size of job updated: 15769248
	2045  -  MemoryUsage of job (MB)
	2093884  -  ResidentSetSize of job (KB)
...
006 (6825773.000.000) 06/25 06:44:13 Image size of job updated: 15769248
	2047  -  MemoryUsage of job (MB)
	2096012  -  ResidentSetSize of job (KB)
...
006 (6825773.000.000) 06/25 06:49:14 Image size of job updated: 15769248
	2049  -  MemoryUsage of job (MB)
	2097348  -  ResidentSetSize of job (KB)
...
006 (6825773.000.000) 06/25 06:54:15 Image size of job updated: 15769504
	2049  -  MemoryUsage of job (MB)
	2097348  -  ResidentSetSize of job (KB)
...
006 (6825773.000.000) 06/25 06:59:15 Image size of job updated: 15769504
	2049  -  MemoryUsage of job (MB)
	2097680  -  ResidentSetSize of job (KB)
...
006 (6825773.000.000) 06/25 07:04:15 Image size of job updated: 15769504
	2049  -  MemoryUsage of job (MB)
	2098088  -  ResidentSetSize of job (KB)
...
006 (6825773.000.000) 06/25 07:09:16 Image size of job updated: 15769504
	2050  -  MemoryUsage of job (MB)
	2098676  -  ResidentSetSize of job (KB)
...
006 (6825773.000.000) 06/25 07:14:16 Image size of job updated: 15769504
	2051  -  MemoryUsage of job (MB)
	2099428  -  ResidentSetSize of job (KB)
...
006 (6825773.000.000) 06/25 07:19:16 Image size of job updated: 15769504
	2051  -  MemoryUsage of job (MB)
	2099432  -  ResidentSetSize of job (KB)
...
006 (6825773.000.000) 06/25 07:24:17 Image size of job updated: 15769504
	2052  -  MemoryUsage of job (MB)
	2100320  -  ResidentSetSize of job (KB)
...
006 (6825773.000.000) 06/25 07:29:17 Image size of job updated: 15769504
	2053  -  MemoryUsage of job (MB)
	2102264  -  ResidentSetSize of job (KB)
...
006 (6825773.000.000) 06/25 07:34:17 Image size of job updated: 15769760
	2057  -  MemoryUsage of job (MB)
	2105368  -  ResidentSetSize of job (KB)
...
006 (6825773.000.000) 06/25 07:39:18 Image size of job updated: 15769760
	2057  -  MemoryUsage of job (MB)
	2105452  -  ResidentSetSize of job (KB)
...
006 (6825773.000.000) 06/25 07:44:18 Image size of job updated: 15770016
	2058  -  MemoryUsage of job (MB)
	2107116  -  ResidentSetSize of job (KB)
...
006 (6825773.000.000) 06/25 07:59:20 Image size of job updated: 15770016
	2058  -  MemoryUsage of job (MB)
	2107148  -  ResidentSetSize of job (KB)
...
006 (6825773.000.000) 06/25 08:04:20 Image size of job updated: 15770016
	2059  -  MemoryUsage of job (MB)
	2108004  -  ResidentSetSize of job (KB)
...
006 (6825773.000.000) 06/25 08:09:21 Image size of job updated: 15770016
	2061  -  MemoryUsage of job (MB)
	2110048  -  ResidentSetSize of job (KB)
...
006 (6825773.000.000) 06/25 08:14:21 Image size of job updated: 15770016
	2064  -  MemoryUsage of job (MB)
	2112724  -  ResidentSetSize of job (KB)
...
006 (6825773.000.000) 06/25 08:19:21 Image size of job updated: 15770016
	2064  -  MemoryUsage of job (MB)
	2112796  -  ResidentSetSize of job (KB)
...
006 (6825773.000.000) 06/25 08:24:22 Image size of job updated: 15770016
	2064  -  MemoryUsage of job (MB)
	2113040  -  ResidentSetSize of job (KB)
...
006 (6825773.000.000) 06/25 08:29:22 Image size of job updated: 15770016
	2064  -  MemoryUsage of job (MB)
	2113112  -  ResidentSetSize of job (KB)
...
006 (6825773.000.000) 06/25 08:39:23 Image size of job updated: 15770016
	2065  -  MemoryUsage of job (MB)
	2114208  -  ResidentSetSize of job (KB)
...
006 (6825773.000.000) 06/25 08:49:23 Image size of job updated: 15770016
	2066  -  MemoryUsage of job (MB)
	2114712  -  ResidentSetSize of job (KB)
...
006 (6825773.000.000) 06/25 08:54:24 Image size of job updated: 15770016
	2067  -  MemoryUsage of job (MB)
	2115772  -  ResidentSetSize of job (KB)
...
006 (6825773.000.000) 06/25 08:59:24 Image size of job updated: 15770016
	2067  -  MemoryUsage of job (MB)
	2115844  -  ResidentSetSize of job (KB)
...
006 (6825773.000.000) 06/25 09:09:25 Image size of job updated: 15770016
	2068  -  MemoryUsage of job (MB)
	2116864  -  ResidentSetSize of job (KB)
...
006 (6825773.000.000) 06/25 09:14:25 Image size of job updated: 15770272
	2072  -  MemoryUsage of job (MB)
	2121016  -  ResidentSetSize of job (KB)
...
006 (6825773.000.000) 06/25 09:19:25 Image size of job updated: 15770272
	2072  -  MemoryUsage of job (MB)
	2121716  -  ResidentSetSize of job (KB)
...
006 (6825773.000.000) 06/25 09:24:26 Image size of job updated: 15770272
	2073  -  MemoryUsage of job (MB)
	2122160  -  ResidentSetSize of job (KB)
...
006 (6825773.000.000) 06/25 09:29:26 Image size of job updated: 15770272
	2073  -  MemoryUsage of job (MB)
	2122440  -  ResidentSetSize of job (KB)
...
006 (6825773.000.000) 06/25 09:54:29 Image size of job updated: 15770272
	2073  -  MemoryUsage of job (MB)
	2122456  -  ResidentSetSize of job (KB)
...
006 (6825773.000.000) 06/25 09:59:30 Image size of job updated: 15770272
	2074  -  MemoryUsage of job (MB)
	2123136  -  ResidentSetSize of job (KB)
...
006 (6825773.000.000) 06/25 10:04:30 Image size of job updated: 15770272
	2074  -  MemoryUsage of job (MB)
	2123192  -  ResidentSetSize of job (KB)
...
006 (6825773.000.000) 06/25 10:09:31 Image size of job updated: 15770272
	2074  -  MemoryUsage of job (MB)
	2123288  -  ResidentSetSize of job (KB)
...
006 (6825773.000.000) 06/25 10:14:32 Image size of job updated: 15770272
	2076  -  MemoryUsage of job (MB)
	2125304  -  ResidentSetSize of job (KB)
...
006 (6825773.000.000) 06/25 10:19:32 Image size of job updated: 15770528
	2077  -  MemoryUsage of job (MB)
	2126380  -  ResidentSetSize of job (KB)
...
006 (6825773.000.000) 06/25 10:34:34 Image size of job updated: 15770528
	2078  -  MemoryUsage of job (MB)
	2127196  -  ResidentSetSize of job (KB)
...
006 (6825773.000.000) 06/25 10:39:35 Image size of job updated: 15770528
	2078  -  MemoryUsage of job (MB)
	2127296  -  ResidentSetSize of job (KB)
...
006 (6825773.000.000) 06/25 10:44:36 Image size of job updated: 15770528
	2078  -  MemoryUsage of job (MB)
	2127520  -  ResidentSetSize of job (KB)
...
006 (6825773.000.000) 06/25 10:49:36 Image size of job updated: 15770528
	2078  -  MemoryUsage of job (MB)
	2127540  -  ResidentSetSize of job (KB)
...
006 (6825773.000.000) 06/25 10:54:36 Image size of job updated: 15770528
	2078  -  MemoryUsage of job (MB)
	2127868  -  ResidentSetSize of job (KB)
...
006 (6825773.000.000) 06/25 10:59:37 Image size of job updated: 15770528
	2079  -  MemoryUsage of job (MB)
	2127956  -  ResidentSetSize of job (KB)
...
006 (6825773.000.000) 06/25 11:09:37 Image size of job updated: 15770528
	2080  -  MemoryUsage of job (MB)
	2129360  -  ResidentSetSize of job (KB)
...
006 (6825773.000.000) 06/25 11:14:39 Image size of job updated: 15770784
	2080  -  MemoryUsage of job (MB)
	2129644  -  ResidentSetSize of job (KB)
...
006 (6825773.000.000) 06/25 11:19:39 Image size of job updated: 15770784
	2080  -  MemoryUsage of job (MB)
	2129904  -  ResidentSetSize of job (KB)
...
006 (6825773.000.000) 06/25 11:24:39 Image size of job updated: 15770784
	2081  -  MemoryUsage of job (MB)
	2130328  -  ResidentSetSize of job (KB)
...
006 (6825773.000.000) 06/25 11:29:40 Image size of job updated: 15770784
	2081  -  MemoryUsage of job (MB)
	2130852  -  ResidentSetSize of job (KB)
...
006 (6825773.000.000) 06/25 11:44:42 Image size of job updated: 15770784
	2083  -  MemoryUsage of job (MB)
	2132712  -  ResidentSetSize of job (KB)
...
006 (6825773.000.000) 06/25 11:49:43 Image size of job updated: 15770784
	2083  -  MemoryUsage of job (MB)
	2132716  -  ResidentSetSize of job (KB)
...
006 (6825773.000.000) 06/25 11:54:43 Image size of job updated: 15770784
	2083  -  MemoryUsage of job (MB)
	2132928  -  ResidentSetSize of job (KB)
...
006 (6825773.000.000) 06/25 12:09:45 Image size of job updated: 15770784
	2084  -  MemoryUsage of job (MB)
	2133184  -  ResidentSetSize of job (KB)
...
006 (6825773.000.000) 06/25 12:29:47 Image size of job updated: 15771296
	2084  -  MemoryUsage of job (MB)
	2133292  -  ResidentSetSize of job (KB)
...
006 (6825773.000.000) 06/25 12:34:49 Image size of job updated: 15771296
	2084  -  MemoryUsage of job (MB)
	2133676  -  ResidentSetSize of job (KB)
...
006 (6825773.000.000) 06/25 12:39:49 Image size of job updated: 15771296
	2084  -  MemoryUsage of job (MB)
	2133952  -  ResidentSetSize of job (KB)
...
006 (6825773.000.000) 06/25 12:44:49 Image size of job updated: 15771296
	2084  -  MemoryUsage of job (MB)
	2133996  -  ResidentSetSize of job (KB)
...
006 (6825773.000.000) 06/25 12:49:50 Image size of job updated: 15771296
	2085  -  MemoryUsage of job (MB)
	2134472  -  ResidentSetSize of job (KB)
...
006 (6825773.000.000) 06/25 12:59:51 Image size of job updated: 15771296
	2085  -  MemoryUsage of job (MB)
	2134928  -  ResidentSetSize of job (KB)
...
006 (6825773.000.000) 06/25 13:09:52 Image size of job updated: 15771296
	2085  -  MemoryUsage of job (MB)
	2134972  -  ResidentSetSize of job (KB)
...
006 (6825773.000.000) 06/25 13:19:53 Image size of job updated: 15771296
	2086  -  MemoryUsage of job (MB)
	2135132  -  ResidentSetSize of job (KB)
...
006 (6825773.000.000) 06/25 13:24:53 Image size of job updated: 15771296
	2086  -  MemoryUsage of job (MB)
	2135760  -  ResidentSetSize of job (KB)
...
006 (6825773.000.000) 06/25 13:29:54 Image size of job updated: 15771296
	2087  -  MemoryUsage of job (MB)
	2136876  -  ResidentSetSize of job (KB)
...
006 (6825773.000.000) 06/25 14:04:58 Image size of job updated: 15771296
	2089  -  MemoryUsage of job (MB)
	2138500  -  ResidentSetSize of job (KB)
...
006 (6825773.000.000) 06/25 14:14:59 Image size of job updated: 15771296
	2089  -  MemoryUsage of job (MB)
	2138672  -  ResidentSetSize of job (KB)
...
006 (6825773.000.000) 06/25 14:30:00 Image size of job updated: 15771552
	2089  -  MemoryUsage of job (MB)
	2138672  -  ResidentSetSize of job (KB)
...
006 (6825773.000.000) 06/25 14:40:02 Image size of job updated: 15771552
	2089  -  MemoryUsage of job (MB)
	2138872  -  ResidentSetSize of job (KB)
...
006 (6825773.000.000) 06/25 14:50:03 Image size of job updated: 15771552
	2089  -  MemoryUsage of job (MB)
	2138936  -  ResidentSetSize of job (KB)
...
006 (6825773.000.000) 06/25 15:10:06 Image size of job updated: 15771552
	2090  -  MemoryUsage of job (MB)
	2139716  -  ResidentSetSize of job (KB)
...
006 (6825773.000.000) 06/25 15:15:06 Image size of job updated: 15771552
	2091  -  MemoryUsage of job (MB)
	2140232  -  ResidentSetSize of job (KB)
...
006 (6825773.000.000) 06/25 15:30:08 Image size of job updated: 15771552
	2091  -  MemoryUsage of job (MB)
	2140268  -  ResidentSetSize of job (KB)
...
006 (6825773.000.000) 06/25 15:35:08 Image size of job updated: 15771552
	2091  -  MemoryUsage of job (MB)
	2140700  -  ResidentSetSize of job (KB)
...
006 (6825773.000.000) 06/25 15:40:09 Image size of job updated: 15771552
	2092  -  MemoryUsage of job (MB)
	2141984  -  ResidentSetSize of job (KB)
...
006 (6825773.000.000) 06/25 15:50:10 Image size of job updated: 15771808
	2093  -  MemoryUsage of job (MB)
	2142388  -  ResidentSetSize of job (KB)
...
006 (6825773.000.000) 06/25 15:55:10 Image size of job updated: 15771808
	2093  -  MemoryUsage of job (MB)
	2142940  -  ResidentSetSize of job (KB)
...
006 (6825773.000.000) 06/25 16:40:14 Image size of job updated: 15771808
	2094  -  MemoryUsage of job (MB)
	2143344  -  ResidentSetSize of job (KB)
...
006 (6825773.000.000) 06/25 16:45:14 Image size of job updated: 15771808
	2094  -  MemoryUsage of job (MB)
	2144052  -  ResidentSetSize of job (KB)
...
006 (6825773.000.000) 06/25 16:50:15 Image size of job updated: 15771808
	2095  -  MemoryUsage of job (MB)
	2144312  -  ResidentSetSize of job (KB)
...
006 (6825773.000.000) 06/25 16:55:15 Image size of job updated: 15771808
	2095  -  MemoryUsage of job (MB)
	2144892  -  ResidentSetSize of job (KB)
...
006 (6825773.000.000) 06/25 17:00:16 Image size of job updated: 15771808
	2095  -  MemoryUsage of job (MB)
	2145176  -  ResidentSetSize of job (KB)
...
006 (6825773.000.000) 06/25 17:05:16 Image size of job updated: 15771808
	2096  -  MemoryUsage of job (MB)
	2145364  -  ResidentSetSize of job (KB)
...
006 (6825773.000.000) 06/25 17:10:16 Image size of job updated: 15771808
	2096  -  MemoryUsage of job (MB)
	2145532  -  ResidentSetSize of job (KB)
...
006 (6825773.000.000) 06/25 17:30:19 Image size of job updated: 15771808
	2096  -  MemoryUsage of job (MB)
	2145632  -  ResidentSetSize of job (KB)
...
006 (6825773.000.000) 06/25 17:35:20 Image size of job updated: 15772064
	2097  -  MemoryUsage of job (MB)
	2146324  -  ResidentSetSize of job (KB)
...
006 (6825773.000.000) 06/25 17:55:21 Image size of job updated: 15772064
	2097  -  MemoryUsage of job (MB)
	2146336  -  ResidentSetSize of job (KB)
...
040 (6825773.000.000) 06/25 17:57:49 Started transferring output files
...
040 (6825773.000.000) 06/25 17:58:21 Finished transferring output files
...
005 (6825773.000.000) 06/25 17:58:21 Job terminated.
	(1) Normal termination (return value 0)
		Usr 1 16:29:29, Sys 0 05:16:02  -  Run Remote Usage
		Usr 0 00:00:00, Sys 0 00:00:00  -  Run Local Usage
		Usr 1 16:29:29, Sys 0 05:16:02  -  Total Remote Usage
		Usr 0 00:00:00, Sys 0 00:00:00  -  Total Local Usage
	204119664  -  Run Bytes Sent By Job
	11081  -  Run Bytes Received By Job
	204119664  -  Total Bytes Sent By Job
	11081  -  Total Bytes Received By Job
	Partitionable Resources :     Usage  Request Allocated 
	   Cpus                 :      1.94        1         1 
	   Disk (KB)            : 199369          12   1274646 
	   Memory (MB)          :   2097        2000      2000 

	Job terminated of its own accord at 2024-06-25T15:57:49Z with exit-code 0.
...
