DEBUG 2025-03-17 15:44:40.123 UTC: 	 CRAB Client version: v3.250217
DEBUG 2025-03-17 15:44:40.123 UTC: 	 Running on: Linux lxplus968.cern.ch 5.14.0-503.23.2.el9_5.x86_64 #1 SMP PREEMPT_DYNAMIC Fri Feb 7 15:07:19 EST 2025 x86_64 x86_64 x86_64 GNU/Linux
DEBUG 2025-03-17 15:44:40.123 UTC: 	 Not using Singularity
DEBUG 2025-03-17 15:44:40.123 UTC: 	 Operating System: Red Hat Enterprise Linux 9.5 (Plow)
DEBUG 2025-03-17 15:44:40.123 UTC: 	 Executing command: 'submit'
DEBUG 2025-03-17 15:44:40.128 UTC: 	 Found CRAB cache file /afs/cern.ch/user/f/fsalerno/.crab3
INFO 2025-03-17 15:44:40.131 UTC: 	 Will use CRAB configuration file crab_cfg.py
DEBUG 2025-03-17 15:44:40.131 UTC: 	 Loading CRAB configuration file.
DEBUG 2025-03-17 15:44:40.135 UTC: 	 Will use CRAB plugin ANALYSIS (i.e. will run an analysis job type).
DEBUG 2025-03-17 15:44:40.153 UTC: 	 Checking credentials
DEBUG 2025-03-17 15:44:40.168 UTC: 	 Proxy file /tmp/x509up_u171405 not found
DEBUG 2025-03-17 15:44:40.168 UTC: 	 Creating new proxy for 172:00 hours
DEBUG 2025-03-17 15:44:40.168 UTC: 	 Executing command :
 voms-proxy-init --rfc --cert ~/.globus/usercert.pem --key ~/.globus/userkey.pem --out /tmp/x509up_u171405 --valid 192:00 --voms cms:/cms
DEBUG 2025-03-17 15:44:50.104 UTC: 	 output : 
 error: 
 retcode : 0
DEBUG 2025-03-17 15:44:50.104 UTC: 	 Executing command :
 voms-proxy-info --actimeleft --timeleft --file /tmp/x509up_u171405
DEBUG 2025-03-17 15:44:50.484 UTC: 	 output : 691198
691198

 error: 
 retcode : 0
DEBUG 2025-03-17 15:44:50.485 UTC: 	 Proxy created.
DEBUG 2025-03-17 15:44:50.485 UTC: 	 Encoded data for curl request: subresource=delegatedn
DEBUG 2025-03-17 15:44:50.758 UTC: 	 Registering user credentials on myproxy for /DC=ch/DC=cern/OU=computers/CN=crab-(preprod|prod)-tw(01|02).cern.ch|/DC=ch/DC=cern/OU=computers/CN=crab-dev-tw(01|02|03|04).cern.ch|/DC=ch/DC=cern/OU=Organic Units/OU=Users/CN=cmscrab/CN=(817881|373708)/CN=Robot: cms crab|/DC=ch/DC=cern/OU=Organic Units/OU=Users/CN=crabint1/CN=373708/CN=Robot: CMS CRAB Integration 1
DEBUG 2025-03-17 15:44:50.758 UTC: 	 Executing command :
 voms-proxy-info --identity --file /tmp/x509up_u171405
DEBUG 2025-03-17 15:44:51.173 UTC: 	 output : /DC=ch/DC=cern/OU=Organic Units/OU=Users/CN=fsalerno/CN=877142/CN=Fabrizio Salerno

 error: 
 retcode : 0
DEBUG 2025-03-17 15:44:51.173 UTC: 	 Getting myproxy life time left for d0c919b7aa07194beeacf2d8e4e15990a1f3f217
DEBUG 2025-03-17 15:44:51.173 UTC: 	 Executing command :
 myproxy-info -s myproxy.cern.ch -l d0c919b7aa07194beeacf2d8e4e15990a1f3f217
DEBUG 2025-03-17 15:44:51.465 UTC: 	 output : username: d0c919b7aa07194beeacf2d8e4e15990a1f3f217
owner: /DC=ch/DC=cern/OU=Organic Units/OU=Users/CN=fsalerno/CN=877142/CN=Fabrizio Salerno
  renewal policy: /DC=ch/DC=cern/OU=computers/CN=crab-(preprod|prod)-tw(01|02).cern.ch|/DC=ch/DC=cern/OU=computers/CN=crab-dev-tw(01|02|03|04).cern.ch|/DC=ch/DC=cern/OU=Organic Units/OU=Users/CN=cmscrab/CN=(817881|373708)/CN=Robot: cms crab|/DC=ch/DC=cern/OU=Organic Units/OU=Users/CN=crabint1/CN=373708/CN=Robot: CMS CRAB Integration 1
  trusted retrieval policy: /DC=ch/DC=cern/OU=computers/CN=crab-(preprod|prod)-tw(01|02).cern.ch|/DC=ch/DC=cern/OU=computers/CN=crab-dev-tw(01|02|03|04).cern.ch|/DC=ch/DC=cern/OU=Organic Units/OU=Users/CN=cmscrab/CN=(817881|373708)/CN=Robot: cms crab|/DC=ch/DC=cern/OU=Organic Units/OU=Users/CN=crabint1/CN=373708/CN=Robot: CMS CRAB Integration 1
  timeleft: 597:46:09  (24.9 days)

 error: 
 retcode : 0
DEBUG 2025-03-17 15:44:51.466 UTC: 	 Myproxy is valid: 2151960
DEBUG 2025-03-17 15:44:51.466 UTC: 	 Result of myproxy credential check:
  Credential exists on myproxy: username: d0c919b7aa07194beeacf2d8e4e15990a1f3f217  - validity: 24 days, 21:46:00
DEBUG 2025-03-17 15:44:51.466 UTC: 	 Command use: submit
DEBUG 2025-03-17 15:44:51.466 UTC: 	 Options use: ['-c', 'crab_cfg.py']
DEBUG 2025-03-17 15:44:51.466 UTC: 	 Encoded data for curl request: subresource=version
DEBUG 2025-03-17 15:44:51.594 UTC: 	 CRABClient version: v3.250217
DEBUG 2025-03-17 15:44:51.594 UTC: 	 Instance is prod
DEBUG 2025-03-17 15:44:51.594 UTC: 	 Server base url is cmsweb.cern.ch
DEBUG 2025-03-17 15:44:51.594 UTC: 	 Command api workflow
DEBUG 2025-03-17 15:44:51.594 UTC: 	 Started submission
DEBUG 2025-03-17 15:44:51.594 UTC: 	 Working on /afs/cern.ch/user/f/fsalerno/CMSSW_13_2_11/src/PhysicsTools/NanoAODTools/crab/crab_TT_inclusive_2022_topcand_hadd
DEBUG 2025-03-17 15:44:51.594 UTC: 	 Encoded data for curl request: subresource=backendurls
DEBUG 2025-03-17 15:44:51.821 UTC: 	 Loading required information from the environment
DEBUG 2025-03-17 15:44:51.821 UTC: 	 Found CMSSW_13_2_11 for el9_amd64_gcc11 with base /afs/cern.ch/user/f/fsalerno/CMSSW_13_2_11
DEBUG 2025-03-17 15:44:51.821 UTC: 	 Loading required information from the environment
DEBUG 2025-03-17 15:44:51.821 UTC: 	 Found CMSSW_13_2_11 for el9_amd64_gcc11 with base /afs/cern.ch/user/f/fsalerno/CMSSW_13_2_11
DEBUG 2025-03-17 15:44:51.821 UTC: 	 UNIQUE NAME: tarUUID feec81fa-194e-4dbf-a00e-c514e0b2a0c9 
DEBUG 2025-03-17 15:44:51.821 UTC: 	 self.config: from WMCore.Configuration import Configuration
config = Configuration()
config.section_('General')
config.General.requestName = 'TT_inclusive_2022_topcand_hadd'
config.General.transferLogs = True
config.section_('JobType')
config.JobType.inputFiles = ['crab_script.py', '../scripts/haddnano.py', '../scripts/keep_and_drop.txt']
config.JobType.pluginName = 'Analysis'
config.JobType.maxJobRuntimeMin = 2700
config.JobType.psetName = 'PSet.py'
config.JobType.scriptExe = 'crab_script.sh'
config.section_('Data')
config.Data.outLFNDirBase = '/store/user/fsalerno/topcand'
config.Data.publication = True
config.Data.splitting = 'FileBased'
config.Data.outputDatasetTag = 'TT_inclusive_2022_topcand_hadd'
config.Data.publishDBS = 'phys03'
config.Data.inputDataset = '/TT_TuneCP5_13p6TeV_powheg-pythia8/fsalerno-TT_inclusive_2022-0fa328e40e38f44cd311b92489b92b5b/USER'
config.Data.allowNonValidInputDataset = True
config.Data.inputDBS = 'phys03'
config.Data.unitsPerJob = 1
config.section_('Site')
config.Site.storageSite = 'T2_IT_Pisa'

DEBUG 2025-03-17 15:44:51.821 UTC: 	 self.config.JobType.psetName: PSet.py
INFO 2025-03-17 15:44:51.821 UTC: 	 Importing CMSSW configuration PSet.py
INFO 2025-03-17 15:44:52.075 UTC: 	 Finished importing CMSSW configuration PSet.py
DEBUG 2025-03-17 15:44:52.075 UTC: 	 Writing CMSSW configuration to /afs/cern.ch/user/f/fsalerno/CMSSW_13_2_11/src/PhysicsTools/NanoAODTools/crab/crab_TT_inclusive_2022_topcand_hadd/inputs/PSet.py
DEBUG 2025-03-17 15:44:52.087 UTC: 	 The following EDM output files will be collected: ['tree.root']
DEBUG 2025-03-17 15:44:52.087 UTC: 	 The following TFile output files will be collected: []
DEBUG 2025-03-17 15:44:52.087 UTC: 	 The following user output files (not listed as PoolOuputModule or TFileService in the CMSSW PSet) will be collected: 
DEBUG 2025-03-17 15:44:52.087 UTC: 	 Loading required information from the environment
DEBUG 2025-03-17 15:44:52.087 UTC: 	 Found CMSSW_13_2_11 for el9_amd64_gcc11 with base /afs/cern.ch/user/f/fsalerno/CMSSW_13_2_11
DEBUG 2025-03-17 15:44:52.087 UTC: 	 Making tarball in /afs/cern.ch/user/f/fsalerno/CMSSW_13_2_11/src/PhysicsTools/NanoAODTools/crab/crab_TT_inclusive_2022_topcand_hadd/inputs/feec81fa-194e-4dbf-a00e-c514e0b2a0c9default.tgz
DEBUG 2025-03-17 15:44:52.088 UTC: 	 Checking directory /afs/cern.ch/user/f/fsalerno/CMSSW_13_2_11/bin
DEBUG 2025-03-17 15:44:52.088 UTC: 	 Adding directory /afs/cern.ch/user/f/fsalerno/CMSSW_13_2_11/bin to tarball
DEBUG 2025-03-17 15:44:52.095 UTC: 	 Checking directory /afs/cern.ch/user/f/fsalerno/CMSSW_13_2_11/python
DEBUG 2025-03-17 15:44:52.095 UTC: 	 Adding directory /afs/cern.ch/user/f/fsalerno/CMSSW_13_2_11/python to tarball
DEBUG 2025-03-17 15:44:52.111 UTC: 	 Checking directory /afs/cern.ch/user/f/fsalerno/CMSSW_13_2_11/cfipython
DEBUG 2025-03-17 15:44:52.112 UTC: 	 Adding directory /afs/cern.ch/user/f/fsalerno/CMSSW_13_2_11/cfipython to tarball
DEBUG 2025-03-17 15:44:52.114 UTC: 	 Checking directory /afs/cern.ch/user/f/fsalerno/CMSSW_13_2_11/lib
DEBUG 2025-03-17 15:44:52.115 UTC: 	 Adding directory /afs/cern.ch/user/f/fsalerno/CMSSW_13_2_11/lib to tarball
DEBUG 2025-03-17 15:44:52.143 UTC: 	 Checking directory /afs/cern.ch/user/f/fsalerno/CMSSW_13_2_11/biglib
DEBUG 2025-03-17 15:44:52.143 UTC: 	 Adding directory /afs/cern.ch/user/f/fsalerno/CMSSW_13_2_11/biglib to tarball
DEBUG 2025-03-17 15:44:52.145 UTC: 	 Checking directory /afs/cern.ch/user/f/fsalerno/CMSSW_13_2_11/module
DEBUG 2025-03-17 15:44:52.145 UTC: 	 Checking directory /afs/cern.ch/user/f/fsalerno/CMSSW_13_2_11/config/SCRAM/hooks
DEBUG 2025-03-17 15:44:52.145 UTC: 	 Adding directory /afs/cern.ch/user/f/fsalerno/CMSSW_13_2_11/config/SCRAM/hooks to tarball
DEBUG 2025-03-17 15:44:57.196 UTC: 	 Adding directory /afs/cern.ch/user/f/fsalerno/CMSSW_13_2_11/src/PhysicsTools/NanoAODTools/data to tarball
DEBUG 2025-03-17 15:45:10.494 UTC: 	 Adding directory /afs/cern.ch/user/f/fsalerno/CMSSW_13_2_11/src/PhysicsTools/NanoAODTools/interface to tarball
DEBUG 2025-03-17 15:45:10.540 UTC: 	 Adding directory /afs/cern.ch/user/f/fsalerno/CMSSW_13_2_11/src/PhysicsTools/NanoAODTools/python to tarball
DEBUG 2025-03-17 15:45:44.968 UTC: 	 Adding directory /afs/cern.ch/user/f/fsalerno/CMSSW_13_2_11/src/PhysicsTools/NanoAODTools/python/postprocessing/data to tarball
DEBUG 2025-03-17 15:45:47.887 UTC: 	 Adding file crab_script.py to tarball
DEBUG 2025-03-17 15:45:47.890 UTC: 	 Adding file ../scripts/haddnano.py to tarball
DEBUG 2025-03-17 15:45:47.891 UTC: 	 Adding file ../scripts/keep_and_drop.txt to tarball
DEBUG 2025-03-17 15:45:52.984 UTC: 	 Uploading archive /afs/cern.ch/user/f/fsalerno/CMSSW_13_2_11/src/PhysicsTools/NanoAODTools/crab/crab_TT_inclusive_2022_topcand_hadd/inputs/feec81fa-194e-4dbf-a00e-c514e0b2a0c9default.tgz (92 MB) to the CRAB cache. Using URI https://cmsweb.cern.ch/S3/crabcache_prod
DEBUG 2025-03-17 15:46:08.539 UTC: 	 Encoded data for curl request: subresource=upload&objecttype=sandbox&tarballname=799bd0210f879b5c83adf2eef595227720cb416a60fc3134b2d1646c503448ca.tar.gz
DEBUG 2025-03-17 15:46:08.597 UTC: 	 Will execute:
curl -f -v -X POST  -H "User-Agent: CRAB" -F "key=fsalerno/sandboxes/799bd0210f879b5c83adf2eef595227720cb416a60fc3134b2d1646c503448ca.tar.gz" -F "AWSAccessKeyId=715203df6482458ba839e73e6dab634b" -F "policy=eyJleHBpcmF0aW9uIjogIjIwMjUtMDMtMTdUMTY6NDY6MDhaIiwgImNvbmRpdGlvbnMiOiBbeyJidWNrZXQiOiAiY3JhYmNhY2hlX3Byb2QifSwgeyJrZXkiOiAiZnNhbGVybm8vc2FuZGJveGVzLzc5OWJkMDIxMGY4NzliNWM4M2FkZjJlZWY1OTUyMjc3MjBjYjQxNmE2MGZjMzEzNGIyZDE2NDZjNTAzNDQ4Y2EudGFyLmd6In1dfQ==" -F "signature=U9jysIwke9z65yZn8IYSO07CA1w=" -F "file=@/afs/cern.ch/user/f/fsalerno/CMSSW_13_2_11/src/PhysicsTools/NanoAODTools/crab/crab_TT_inclusive_2022_topcand_hadd/inputs/feec81fa-194e-4dbf-a00e-c514e0b2a0c9default.tgz" "https://s3.cern.ch/crabcache_prod"
DEBUG 2025-03-17 15:46:10.362 UTC: 	 exitcode: 0
stdout: b''
DEBUG 2025-03-17 15:46:10.363 UTC: 	 upload to S3 of sandbox /afs/cern.ch/user/f/fsalerno/CMSSW_13_2_11/src/PhysicsTools/NanoAODTools/crab/crab_TT_inclusive_2022_topcand_hadd/inputs/feec81fa-194e-4dbf-a00e-c514e0b2a0c9default.tgz completed
DEBUG 2025-03-17 15:46:10.363 UTC: 	 make sure that object is ready for retrieve
DEBUG 2025-03-17 15:46:11.364 UTC: 	 Encoded data for curl request: subresource=download&objecttype=sandbox&tarballname=799bd0210f879b5c83adf2eef595227720cb416a60fc3134b2d1646c503448ca.tar.gz&clientmethod=head_object
DEBUG 2025-03-17 15:46:11.506 UTC: 	 PreSignedUrl to download sandbox received OK
DEBUG 2025-03-17 15:46:11.510 UTC: 	 Will execute:
 curl -v -s -f -o /dev/null --head  "https://s3.cern.ch/crabcache_prod/fsalerno/sandboxes/799bd0210f879b5c83adf2eef595227720cb416a60fc3134b2d1646c503448ca.tar.gz?AWSAccessKeyId=715203df6482458ba839e73e6dab634b&Signature=2UsLDtqUyquQcOvcMqatst%2F0Gi8%3D&Expires=1742229971"
DEBUG 2025-03-17 15:46:11.543 UTC: 	 exitcode: 0
stdout: b''
DEBUG 2025-03-17 15:46:11.543 UTC: 	 sandbox /afs/cern.ch/user/f/fsalerno/CMSSW_13_2_11/src/PhysicsTools/NanoAODTools/crab/crab_TT_inclusive_2022_topcand_hadd/inputs/feec81fa-194e-4dbf-a00e-c514e0b2a0c9default.tgz successfully uploaded to S3
DEBUG 2025-03-17 15:46:11.543 UTC: 	 Loading required information from the environment
DEBUG 2025-03-17 15:46:11.543 UTC: 	 Found CMSSW_13_2_11 for el9_amd64_gcc11 with base /afs/cern.ch/user/f/fsalerno/CMSSW_13_2_11
DEBUG 2025-03-17 15:46:11.543 UTC: 	 Making tarball in /afs/cern.ch/user/f/fsalerno/CMSSW_13_2_11/src/PhysicsTools/NanoAODTools/crab/crab_TT_inclusive_2022_topcand_hadd/inputs/debugFiles.tgz
DEBUG 2025-03-17 15:46:11.554 UTC: 	 Uploading archive /afs/cern.ch/user/f/fsalerno/CMSSW_13_2_11/src/PhysicsTools/NanoAODTools/crab/crab_TT_inclusive_2022_topcand_hadd/inputs/debugFiles.tgz (1 KB) to the CRAB cache. Using URI https://cmsweb.cern.ch/S3/crabcache_prod
DEBUG 2025-03-17 15:46:11.556 UTC: 	 Encoded data for curl request: subresource=upload&objecttype=sandbox&tarballname=be4be4c1d6fa6c6429afe8f68997fdee39bbab9f11d282fbd7e54e35c348387e.tar.gz
DEBUG 2025-03-17 15:46:11.605 UTC: 	 Will execute:
curl -f -v -X POST  -H "User-Agent: CRAB" -F "key=fsalerno/sandboxes/be4be4c1d6fa6c6429afe8f68997fdee39bbab9f11d282fbd7e54e35c348387e.tar.gz" -F "AWSAccessKeyId=715203df6482458ba839e73e6dab634b" -F "policy=eyJleHBpcmF0aW9uIjogIjIwMjUtMDMtMTdUMTY6NDY6MTFaIiwgImNvbmRpdGlvbnMiOiBbeyJidWNrZXQiOiAiY3JhYmNhY2hlX3Byb2QifSwgeyJrZXkiOiAiZnNhbGVybm8vc2FuZGJveGVzL2JlNGJlNGMxZDZmYTZjNjQyOWFmZThmNjg5OTdmZGVlMzliYmFiOWYxMWQyODJmYmQ3ZTU0ZTM1YzM0ODM4N2UudGFyLmd6In1dfQ==" -F "signature=J4HKU9A440qSwObXasXKtYgT4s0=" -F "file=@/afs/cern.ch/user/f/fsalerno/CMSSW_13_2_11/src/PhysicsTools/NanoAODTools/crab/crab_TT_inclusive_2022_topcand_hadd/inputs/debugFiles.tgz" "https://s3.cern.ch/crabcache_prod"
DEBUG 2025-03-17 15:46:11.645 UTC: 	 exitcode: 0
stdout: b''
DEBUG 2025-03-17 15:46:11.646 UTC: 	 upload to S3 of sandbox /afs/cern.ch/user/f/fsalerno/CMSSW_13_2_11/src/PhysicsTools/NanoAODTools/crab/crab_TT_inclusive_2022_topcand_hadd/inputs/debugFiles.tgz completed
DEBUG 2025-03-17 15:46:11.646 UTC: 	 make sure that object is ready for retrieve
DEBUG 2025-03-17 15:46:12.647 UTC: 	 Encoded data for curl request: subresource=download&objecttype=sandbox&tarballname=be4be4c1d6fa6c6429afe8f68997fdee39bbab9f11d282fbd7e54e35c348387e.tar.gz&clientmethod=head_object
DEBUG 2025-03-17 15:46:12.704 UTC: 	 PreSignedUrl to download sandbox received OK
DEBUG 2025-03-17 15:46:12.707 UTC: 	 Will execute:
 curl -v -s -f -o /dev/null --head  "https://s3.cern.ch/crabcache_prod/fsalerno/sandboxes/be4be4c1d6fa6c6429afe8f68997fdee39bbab9f11d282fbd7e54e35c348387e.tar.gz?AWSAccessKeyId=715203df6482458ba839e73e6dab634b&Signature=IWxBkH%2FRLg0FZ0gVpeNBMP1Fpug%3D&Expires=1742229972"
DEBUG 2025-03-17 15:46:12.735 UTC: 	 exitcode: 0
stdout: b''
DEBUG 2025-03-17 15:46:12.736 UTC: 	 sandbox /afs/cern.ch/user/f/fsalerno/CMSSW_13_2_11/src/PhysicsTools/NanoAODTools/crab/crab_TT_inclusive_2022_topcand_hadd/inputs/debugFiles.tgz successfully uploaded to S3
DEBUG 2025-03-17 15:46:12.736 UTC: 	 Result uploading input files: 799bd0210f879b5c83adf2eef595227720cb416a60fc3134b2d1646c503448ca.tar.gz 
DEBUG 2025-03-17 15:46:12.738 UTC: 	 submit() - self.configuration from WMCore.Configuration import Configuration
config = Configuration()
config.section_('General')
config.General.requestName = 'TT_inclusive_2022_topcand_hadd'
config.General.transferLogs = True
config.section_('JobType')
config.JobType.inputFiles = ['crab_script.py', '../scripts/haddnano.py', '../scripts/keep_and_drop.txt']
config.JobType.pluginName = 'Analysis'
config.JobType.maxJobRuntimeMin = 2700
config.JobType.psetName = 'PSet.py'
config.JobType.scriptExe = 'crab_script.sh'
config.section_('Data')
config.Data.outLFNDirBase = '/store/user/fsalerno/topcand'
config.Data.publication = True
config.Data.splitting = 'FileBased'
config.Data.outputDatasetTag = 'TT_inclusive_2022_topcand_hadd'
config.Data.publishDBS = 'phys03'
config.Data.inputDataset = '/TT_TuneCP5_13p6TeV_powheg-pythia8/fsalerno-TT_inclusive_2022-0fa328e40e38f44cd311b92489b92b5b/USER'
config.Data.allowNonValidInputDataset = True
config.Data.inputDBS = 'phys03'
config.Data.unitsPerJob = 1
config.section_('Site')
config.Site.storageSite = 'T2_IT_Pisa'

DEBUG 2025-03-17 15:46:12.738 UTC: 	 submit() - self.configreq {'dryrun': 0, 'workflow': 'crab_TT_inclusive_2022_topcand_hadd', 'saveoutput': 1, 'savelogsflag': 1, 'inputdata': '/TT_TuneCP5_13p6TeV_powheg-pythia8/fsalerno-TT_inclusive_2022-0fa328e40e38f44cd311b92489b92b5b/USER', 'nonvaliddata': 1, 'userfiles': [], 'dbsurl': 'https://cmsweb.cern.ch/dbs/prod/phys03/DBSReader', 'useparent': 0, 'ignorelocality': 0, 'splitalgo': 'FileBased', 'algoargs': 1, 'totalunits': 0, 'lfn': '/store/user/fsalerno/topcand', 'publication': 1, 'publishdbsurl': 'https://cmsweb.cern.ch/dbs/prod/phys03/DBSWriter', 'publishname2': 'TT_inclusive_2022_topcand_hadd', 'jobtype': 'Analysis', 'generator': 'pythia', 'addoutputfiles': [], 'maxjobruntime': 2700, 'numcores': 1, 'maxmemory': 2000, 'priority': 10, 'nonprodsw': 0, 'scriptexe': 'crab_script.sh', 'asyncdest': 'T2_IT_Pisa', 'requireaccelerator': 0, 'oneEventMode': 0, 'extrajdl': [], 'ignoreglobalblacklist': 0, 'partialdataset': 0, 'inputblocks': []}
DEBUG 2025-03-17 15:46:12.738 UTC: 	 submit() - jobconfig {'addoutputfiles': [], 'tfileoutfiles': [], 'edmoutfiles': ['tree.root'], 'jobarch': 'el9_amd64_gcc11', 'jobminuarch': 'any', 'jobsw': 'CMSSW_13_2_11', 'inputdata': '/TT_TuneCP5_13p6TeV_powheg-pythia8/fsalerno-TT_inclusive_2022-0fa328e40e38f44cd311b92489b92b5b/USER', 'cacheurl': 'https://cmsweb.cern.ch/S3/crabcache_prod', 'cachefilename': '799bd0210f879b5c83adf2eef595227720cb416a60fc3134b2d1646c503448ca.tar.gz', 'debugfilename': 'be4be4c1d6fa6c6429afe8f68997fdee39bbab9f11d282fbd7e54e35c348387e.tar.gz', 'jobtype': 'Analysis'}
INFO 2025-03-17 15:46:12.738 UTC: 	 Sending the request to the server at cmsweb.cern.ch
DEBUG 2025-03-17 15:46:12.738 UTC: 	 Submitting {'dryrun': 0, 'workflow': 'crab_TT_inclusive_2022_topcand_hadd', 'saveoutput': 1, 'savelogsflag': 1, 'inputdata': '/TT_TuneCP5_13p6TeV_powheg-pythia8/fsalerno-TT_inclusive_2022-0fa328e40e38f44cd311b92489b92b5b/USER', 'nonvaliddata': 1, 'userfiles': [], 'dbsurl': 'https://cmsweb.cern.ch/dbs/prod/phys03/DBSReader', 'useparent': 0, 'ignorelocality': 0, 'splitalgo': 'FileBased', 'algoargs': 1, 'totalunits': 0, 'lfn': '/store/user/fsalerno/topcand', 'publication': 1, 'publishdbsurl': 'https://cmsweb.cern.ch/dbs/prod/phys03/DBSWriter', 'publishname2': 'TT_inclusive_2022_topcand_hadd', 'jobtype': 'Analysis', 'generator': 'pythia', 'addoutputfiles': [], 'maxjobruntime': 2700, 'numcores': 1, 'maxmemory': 2000, 'priority': 10, 'nonprodsw': 0, 'scriptexe': 'crab_script.sh', 'asyncdest': 'T2_IT_Pisa', 'requireaccelerator': 0, 'oneEventMode': 0, 'extrajdl': [], 'ignoreglobalblacklist': 0, 'partialdataset': 0, 'inputblocks': [], 'tfileoutfiles': [], 'edmoutfiles': ['tree.root'], 'jobarch': 'el9_amd64_gcc11', 'jobminuarch': 'any', 'jobsw': 'CMSSW_13_2_11', 'cacheurl': 'https://cmsweb.cern.ch/S3/crabcache_prod', 'cachefilename': '799bd0210f879b5c83adf2eef595227720cb416a60fc3134b2d1646c503448ca.tar.gz', 'debugfilename': 'be4be4c1d6fa6c6429afe8f68997fdee39bbab9f11d282fbd7e54e35c348387e.tar.gz'} 
DEBUG 2025-03-17 15:46:12.739 UTC: 	 Encoded data for curl request: dryrun=0&workflow=crab_TT_inclusive_2022_topcand_hadd&saveoutput=1&savelogsflag=1&inputdata=%2FTT_TuneCP5_13p6TeV_powheg-pythia8%2Ffsalerno-TT_inclusive_2022-0fa328e40e38f44cd311b92489b92b5b%2FUSER&nonvaliddata=1&dbsurl=https%3A%2F%2Fcmsweb.cern.ch%2Fdbs%2Fprod%2Fphys03%2FDBSReader&useparent=0&ignorelocality=0&splitalgo=FileBased&algoargs=1&totalunits=0&lfn=%2Fstore%2Fuser%2Ffsalerno%2Ftopcand&publication=1&publishdbsurl=https%3A%2F%2Fcmsweb.cern.ch%2Fdbs%2Fprod%2Fphys03%2FDBSWriter&publishname2=TT_inclusive_2022_topcand_hadd&jobtype=Analysis&generator=pythia&maxjobruntime=2700&numcores=1&maxmemory=2000&priority=10&nonprodsw=0&scriptexe=crab_script.sh&asyncdest=T2_IT_Pisa&requireaccelerator=0&oneEventMode=0&ignoreglobalblacklist=0&partialdataset=0&jobarch=el9_amd64_gcc11&jobminuarch=any&jobsw=CMSSW_13_2_11&cacheurl=https%3A%2F%2Fcmsweb.cern.ch%2FS3%2Fcrabcache_prod&cachefilename=799bd0210f879b5c83adf2eef595227720cb416a60fc3134b2d1646c503448ca.tar.gz&debugfilename=be4be4c1d6fa6c6429afe8f68997fdee39bbab9f11d282fbd7e54e35c348387e.tar.gz&edmoutfiles=tree.root
DEBUG 2025-03-17 15:46:12.891 UTC: 	 Result: {'result': [{'RequestName': '250317_154612:fsalerno_crab_TT_inclusive_2022_topcand_hadd'}]}
INFO 2025-03-17 15:46:12.898 UTC: 	 Success: Your task has been delivered to the prod CRAB3 server.
INFO 2025-03-17 15:46:12.898 UTC: 	 Task name: 250317_154612:fsalerno_crab_TT_inclusive_2022_topcand_hadd
INFO 2025-03-17 15:46:12.898 UTC: 	 Project dir: ./crab_TT_inclusive_2022_topcand_hadd
INFO 2025-03-17 15:46:12.898 UTC: 	 Please use ' crab status -d ./crab_TT_inclusive_2022_topcand_hadd ' to check how the submission process proceeds.
DEBUG 2025-03-17 15:46:12.898 UTC: 	 About to return
INFO 2025-03-17 15:46:12.900 UTC: 	 Log file is /afs/cern.ch/user/f/fsalerno/CMSSW_13_2_11/src/PhysicsTools/NanoAODTools/crab/crab_TT_inclusive_2022_topcand_hadd/crab.log
DEBUG 2025-03-17 15:46:40.990 UTC: 	 CRAB Client version: v3.250217
DEBUG 2025-03-17 15:46:40.991 UTC: 	 Running on: Linux lxplus968.cern.ch 5.14.0-503.23.2.el9_5.x86_64 #1 SMP PREEMPT_DYNAMIC Fri Feb 7 15:07:19 EST 2025 x86_64 x86_64 x86_64 GNU/Linux
DEBUG 2025-03-17 15:46:40.991 UTC: 	 Not using Singularity
DEBUG 2025-03-17 15:46:40.991 UTC: 	 Operating System: Red Hat Enterprise Linux 9.5 (Plow)
DEBUG 2025-03-17 15:46:40.991 UTC: 	 Executing command: 'status'
DEBUG 2025-03-17 15:46:40.991 UTC: 	 Found CRAB cache file /afs/cern.ch/user/f/fsalerno/.crab3
DEBUG 2025-03-17 15:46:40.995 UTC: 	 Checking credentials
DEBUG 2025-03-17 15:46:40.995 UTC: 	 Found proxy file /tmp/x509up_u171405
DEBUG 2025-03-17 15:46:40.995 UTC: 	 Making sure it has proper VOMS extension
DEBUG 2025-03-17 15:46:40.995 UTC: 	 Executing command :
 voms-proxy-info --vo --file /tmp/x509up_u171405
DEBUG 2025-03-17 15:46:41.477 UTC: 	 output : cms

 error: 
 retcode : 0
DEBUG 2025-03-17 15:46:41.477 UTC: 	 Getting proxy life time left
DEBUG 2025-03-17 15:46:41.477 UTC: 	 Executing command :
 voms-proxy-info --actimeleft --timeleft --file /tmp/x509up_u171405
DEBUG 2025-03-17 15:46:41.858 UTC: 	 output : 691087
691087

 error: 
 retcode : 0
DEBUG 2025-03-17 15:46:41.858 UTC: 	 Proxy valid for 191:58:07 hours
DEBUG 2025-03-17 15:46:41.858 UTC: 	 Encoded data for curl request: subresource=delegatedn
DEBUG 2025-03-17 15:46:41.924 UTC: 	 Registering user credentials on myproxy for /DC=ch/DC=cern/OU=computers/CN=crab-(preprod|prod)-tw(01|02).cern.ch|/DC=ch/DC=cern/OU=computers/CN=crab-dev-tw(01|02|03|04).cern.ch|/DC=ch/DC=cern/OU=Organic Units/OU=Users/CN=cmscrab/CN=(817881|373708)/CN=Robot: cms crab|/DC=ch/DC=cern/OU=Organic Units/OU=Users/CN=crabint1/CN=373708/CN=Robot: CMS CRAB Integration 1
DEBUG 2025-03-17 15:46:41.924 UTC: 	 Executing command :
 voms-proxy-info --identity --file /tmp/x509up_u171405
DEBUG 2025-03-17 15:46:42.416 UTC: 	 output : /DC=ch/DC=cern/OU=Organic Units/OU=Users/CN=fsalerno/CN=877142/CN=Fabrizio Salerno

 error: 
 retcode : 0
DEBUG 2025-03-17 15:46:42.417 UTC: 	 Getting myproxy life time left for d0c919b7aa07194beeacf2d8e4e15990a1f3f217
DEBUG 2025-03-17 15:46:42.417 UTC: 	 Executing command :
 myproxy-info -s myproxy.cern.ch -l d0c919b7aa07194beeacf2d8e4e15990a1f3f217
DEBUG 2025-03-17 15:46:42.692 UTC: 	 output : username: d0c919b7aa07194beeacf2d8e4e15990a1f3f217
owner: /DC=ch/DC=cern/OU=Organic Units/OU=Users/CN=fsalerno/CN=877142/CN=Fabrizio Salerno
  renewal policy: /DC=ch/DC=cern/OU=computers/CN=crab-(preprod|prod)-tw(01|02).cern.ch|/DC=ch/DC=cern/OU=computers/CN=crab-dev-tw(01|02|03|04).cern.ch|/DC=ch/DC=cern/OU=Organic Units/OU=Users/CN=cmscrab/CN=(817881|373708)/CN=Robot: cms crab|/DC=ch/DC=cern/OU=Organic Units/OU=Users/CN=crabint1/CN=373708/CN=Robot: CMS CRAB Integration 1
  trusted retrieval policy: /DC=ch/DC=cern/OU=computers/CN=crab-(preprod|prod)-tw(01|02).cern.ch|/DC=ch/DC=cern/OU=computers/CN=crab-dev-tw(01|02|03|04).cern.ch|/DC=ch/DC=cern/OU=Organic Units/OU=Users/CN=cmscrab/CN=(817881|373708)/CN=Robot: cms crab|/DC=ch/DC=cern/OU=Organic Units/OU=Users/CN=crabint1/CN=373708/CN=Robot: CMS CRAB Integration 1
  timeleft: 597:44:18  (24.9 days)

 error: 
 retcode : 0
DEBUG 2025-03-17 15:46:42.692 UTC: 	 Myproxy is valid: 2151840
DEBUG 2025-03-17 15:46:42.692 UTC: 	 Result of myproxy credential check:
  Credential exists on myproxy: username: d0c919b7aa07194beeacf2d8e4e15990a1f3f217  - validity: 24 days, 21:44:00
DEBUG 2025-03-17 15:46:42.692 UTC: 	 Retrieving username ...
DEBUG 2025-03-17 15:46:42.692 UTC: 	 Retrieving username from CRIC...
DEBUG 2025-03-17 15:46:43.354 UTC: 	 username is fsalerno
INFO 2025-03-17 15:46:44.087 UTC: 	 Rucio client intialized for account fsalerno
DEBUG 2025-03-17 15:46:44.088 UTC: 	 Command use: status
DEBUG 2025-03-17 15:46:44.089 UTC: 	 Options use: ['-d', './crab_TT_inclusive_2022_topcand_hadd']
DEBUG 2025-03-17 15:46:44.089 UTC: 	 Encoded data for curl request: subresource=version
DEBUG 2025-03-17 15:46:44.134 UTC: 	 CRABClient version: v3.250217
DEBUG 2025-03-17 15:46:44.134 UTC: 	 Instance is prod
DEBUG 2025-03-17 15:46:44.134 UTC: 	 Server base url is cmsweb.cern.ch
DEBUG 2025-03-17 15:46:44.134 UTC: 	 Command api workflow
DEBUG 2025-03-17 15:46:44.134 UTC: 	 Encoded data for curl request: subresource=search&workflow=250317_154612%3Afsalerno_crab_TT_inclusive_2022_topcand_hadd
DEBUG 2025-03-17 15:46:44.181 UTC: 	 Got information from server oracle database: {'desc': {'columns': ['tm_taskname', 'tm_activity', 'tm_task_status', 'tm_task_command', 'tm_start_time', 'tm_start_injection', 'tm_end_injection', 'tm_task_failure', 'tm_job_sw', 'tm_job_arch', 'tm_input_dataset', 'tm_nonvalid_input_dataset', 'tm_use_parent', 'tm_site_whitelist', 'tm_site_blacklist', 'tm_split_algo', 'tm_split_args', 'tm_user_sandbox', 'tm_cache_url', 'tm_username', 'tm_user_dn', 'tm_user_vo', 'tm_user_role', 'tm_user_group', 'tm_publish_name', 'tm_publish_groupname', 'tm_asyncdest', 'tm_dbs_url', 'tm_publish_dbs_url', 'tm_publication', 'tm_outfiles', 'tm_tfile_outfiles', 'tm_edm_outfiles', 'tm_job_type', 'tm_generator', 'tm_events_per_lumi', 'tm_arguments', 'tm_save_logs', 'tw_name', 'tm_user_infiles', 'tm_maxjobruntime', 'tm_numcores', 'tm_maxmemory', 'tm_priority', 'tm_output_dataset', 'tm_task_warnings', 'tm_user_webdir', 'tm_scriptexe', 'tm_scriptargs', 'tm_extrajdl', 'tm_collector', 'tm_schedd', 'tm_dry_run', 'tm_user_files', 'tm_transfer_outputs', 'tm_output_lfn', 'tm_ignore_locality', 'tm_fail_limit', 'tm_one_event_mode', 'tm_secondary_input_dataset', 'tm_primary_dataset', 'tm_last_publication', 'tm_debug_files', 'clusterid', 'tm_ignore_global_blacklist', 'tm_submitter_ip_addr', 'tm_totalunits', 'tm_ddm_reqid', 'tm_user_config', 'tm_transfer_container', 'tm_transfer_rule', 'tm_publish_rule', 'tm_multipub_rule', 'tm_job_min_microarch']}, 'result': ['250317_154612:fsalerno_crab_TT_inclusive_2022_topcand_hadd', 'None', 'HOLDING', 'SUBMIT', '2025-03-17 15:46:12.884493', 'None', 'None', 'None', 'CMSSW_13_2_11', 'el9_amd64_gcc11', '/TT_TuneCP5_13p6TeV_powheg-pythia8/fsalerno-TT_inclusive_2022-0fa328e40e38f44cd311b92489b92b5b/USER', 'T', '0', '[]', '[]', 'FileBased', "{'halt_job_on_file_boundaries': False, 'splitOnRun': False, 'files_per_job': 1, 'runs': [], 'lumis': []}", '799bd0210f879b5c83adf2eef595227720cb416a60fc3134b2d1646c503448ca.tar.gz', 'https://cmsweb.cern.ch/S3/crabcache_prod', 'fsalerno', '/DC=ch/DC=cern/OU=Organic Units/OU=Users/CN=fsalerno/CN=877142/CN=Fabrizio Salerno', 'cms', 'None', 'None', 'TT_inclusive_2022_topcand_hadd-00000000000000000000000000000000', 'F', 'T2_IT_Pisa', 'https://cmsweb.cern.ch/dbs/prod/phys03/DBSReader', 'https://cmsweb.cern.ch/dbs/prod/phys03/DBSWriter', 'T', '[]', '[]', "['tree.root']", 'Analysis', 'pythia', 'None', '{}', 'T', 'crab-prod-tw01', '[]', '2700', '1', '2000', '10', 'None', '[]', 'None', 'crab_script.sh', '[]', '[]', 'cmsgwms-collector-global.cern.ch:9620,cmsgwms-collector-global.fnal.gov:9620', 'None', 'F', '[]', 'T', '/store/user/fsalerno/topcand', 'F', 'None', 'F', 'None', 'TT_TuneCP5_13p6TeV_powheg-pythia8', 'None', 'be4be4c1d6fa6c6429afe8f68997fdee39bbab9f11d282fbd7e54e35c348387e.tar.gz', 'None', 'F', '188.185.101.116', '0.0', 'None', '{"partialdataset": false, "requireaccelerator": false, "acceleratorparams": null, "inputblocks": null}', 'None', 'None', 'None', 'None', 'any']}
INFO 2025-03-17 15:46:44.181 UTC: 	 CRAB project directory:		/afs/cern.ch/user/f/fsalerno/CMSSW_13_2_11/src/PhysicsTools/NanoAODTools/crab/crab_TT_inclusive_2022_topcand_hadd
INFO 2025-03-17 15:46:44.182 UTC: 	 Task name:			250317_154612:fsalerno_crab_TT_inclusive_2022_topcand_hadd
INFO 2025-03-17 15:46:44.182 UTC: 	 Grid scheduler - Task Worker:	N/A yet - crab-prod-tw01
INFO 2025-03-17 15:46:44.183 UTC: 	 Status on the CRAB server:	HOLDING on command SUBMIT
INFO 2025-03-17 15:46:44.183 UTC: 	 Task URL to use for HELP:	https://cmsweb.cern.ch/crabserver/ui/task/250317_154612%3Afsalerno_crab_TT_inclusive_2022_topcand_hadd
INFO 2025-03-17 15:46:44.193 UTC: 	 Dashboard monitoring URL:	https://monit-grafana.cern.ch/d/cmsTMDetail/cms-task-monitoring-task-view?orgId=11&var-user=fsalerno&var-task=250317_154612%3Afsalerno_crab_TT_inclusive_2022_topcand_hadd&from=1742222772000&to=now
DEBUG 2025-03-17 15:46:44.194 UTC: 	 The task has not been submitted to the Grid scheduler yet. Not printing job information.
INFO 2025-03-17 15:46:44.195 UTC: 	 Log file is /afs/cern.ch/user/f/fsalerno/CMSSW_13_2_11/src/PhysicsTools/NanoAODTools/crab/crab_TT_inclusive_2022_topcand_hadd/crab.log
DEBUG 2025-03-17 17:32:35.588 UTC: 	 CRAB Client version: v3.250217
DEBUG 2025-03-17 17:32:35.588 UTC: 	 Running on: Linux lxplus968.cern.ch 5.14.0-503.23.2.el9_5.x86_64 #1 SMP PREEMPT_DYNAMIC Fri Feb 7 15:07:19 EST 2025 x86_64 x86_64 x86_64 GNU/Linux
DEBUG 2025-03-17 17:32:35.588 UTC: 	 Not using Singularity
DEBUG 2025-03-17 17:32:35.588 UTC: 	 Operating System: Red Hat Enterprise Linux 9.5 (Plow)
DEBUG 2025-03-17 17:32:35.588 UTC: 	 Executing command: 'status'
DEBUG 2025-03-17 17:32:35.588 UTC: 	 Found CRAB cache file /afs/cern.ch/user/f/fsalerno/.crab3
DEBUG 2025-03-17 17:32:35.610 UTC: 	 Checking credentials
DEBUG 2025-03-17 17:32:35.610 UTC: 	 Found proxy file /tmp/x509up_u171405
DEBUG 2025-03-17 17:32:35.610 UTC: 	 Making sure it has proper VOMS extension
DEBUG 2025-03-17 17:32:35.610 UTC: 	 Executing command :
 voms-proxy-info --vo --file /tmp/x509up_u171405
DEBUG 2025-03-17 17:32:35.989 UTC: 	 output : cms

 error: 
 retcode : 0
DEBUG 2025-03-17 17:32:35.989 UTC: 	 Getting proxy life time left
DEBUG 2025-03-17 17:32:35.989 UTC: 	 Executing command :
 voms-proxy-info --actimeleft --timeleft --file /tmp/x509up_u171405
DEBUG 2025-03-17 17:32:36.327 UTC: 	 output : 684732
684732

 error: 
 retcode : 0
DEBUG 2025-03-17 17:32:36.327 UTC: 	 Proxy valid for 190:12:12 hours
DEBUG 2025-03-17 17:32:36.327 UTC: 	 Encoded data for curl request: subresource=delegatedn
DEBUG 2025-03-17 17:32:36.375 UTC: 	 Registering user credentials on myproxy for /DC=ch/DC=cern/OU=computers/CN=crab-(preprod|prod)-tw(01|02).cern.ch|/DC=ch/DC=cern/OU=computers/CN=crab-dev-tw(01|02|03|04).cern.ch|/DC=ch/DC=cern/OU=Organic Units/OU=Users/CN=cmscrab/CN=(817881|373708)/CN=Robot: cms crab|/DC=ch/DC=cern/OU=Organic Units/OU=Users/CN=crabint1/CN=373708/CN=Robot: CMS CRAB Integration 1
DEBUG 2025-03-17 17:32:36.375 UTC: 	 Executing command :
 voms-proxy-info --identity --file /tmp/x509up_u171405
DEBUG 2025-03-17 17:32:36.757 UTC: 	 output : /DC=ch/DC=cern/OU=Organic Units/OU=Users/CN=fsalerno/CN=877142/CN=Fabrizio Salerno

 error: 
 retcode : 0
DEBUG 2025-03-17 17:32:36.758 UTC: 	 Getting myproxy life time left for d0c919b7aa07194beeacf2d8e4e15990a1f3f217
DEBUG 2025-03-17 17:32:36.758 UTC: 	 Executing command :
 myproxy-info -s myproxy.cern.ch -l d0c919b7aa07194beeacf2d8e4e15990a1f3f217
DEBUG 2025-03-17 17:32:37.019 UTC: 	 output : username: d0c919b7aa07194beeacf2d8e4e15990a1f3f217
owner: /DC=ch/DC=cern/OU=Organic Units/OU=Users/CN=fsalerno/CN=877142/CN=Fabrizio Salerno
  renewal policy: /DC=ch/DC=cern/OU=computers/CN=crab-(preprod|prod)-tw(01|02).cern.ch|/DC=ch/DC=cern/OU=computers/CN=crab-dev-tw(01|02|03|04).cern.ch|/DC=ch/DC=cern/OU=Organic Units/OU=Users/CN=cmscrab/CN=(817881|373708)/CN=Robot: cms crab|/DC=ch/DC=cern/OU=Organic Units/OU=Users/CN=crabint1/CN=373708/CN=Robot: CMS CRAB Integration 1
  trusted retrieval policy: /DC=ch/DC=cern/OU=computers/CN=crab-(preprod|prod)-tw(01|02).cern.ch|/DC=ch/DC=cern/OU=computers/CN=crab-dev-tw(01|02|03|04).cern.ch|/DC=ch/DC=cern/OU=Organic Units/OU=Users/CN=cmscrab/CN=(817881|373708)/CN=Robot: cms crab|/DC=ch/DC=cern/OU=Organic Units/OU=Users/CN=crabint1/CN=373708/CN=Robot: CMS CRAB Integration 1
  timeleft: 595:58:23  (24.8 days)

 error: 
 retcode : 0
DEBUG 2025-03-17 17:32:37.020 UTC: 	 Myproxy is valid: 2145480
DEBUG 2025-03-17 17:32:37.020 UTC: 	 Result of myproxy credential check:
  Credential exists on myproxy: username: d0c919b7aa07194beeacf2d8e4e15990a1f3f217  - validity: 24 days, 19:58:00
DEBUG 2025-03-17 17:32:37.020 UTC: 	 Retrieving username ...
DEBUG 2025-03-17 17:32:37.020 UTC: 	 Retrieving username from CRIC...
DEBUG 2025-03-17 17:32:37.722 UTC: 	 username is fsalerno
INFO 2025-03-17 17:32:38.778 UTC: 	 Rucio client intialized for account fsalerno
DEBUG 2025-03-17 17:32:38.778 UTC: 	 Command use: status
DEBUG 2025-03-17 17:32:38.778 UTC: 	 Options use: ['-d', './crab_TT_inclusive_2022_topcand_hadd/']
DEBUG 2025-03-17 17:32:38.778 UTC: 	 Encoded data for curl request: subresource=version
DEBUG 2025-03-17 17:32:38.822 UTC: 	 CRABClient version: v3.250217
DEBUG 2025-03-17 17:32:38.822 UTC: 	 Instance is prod
DEBUG 2025-03-17 17:32:38.822 UTC: 	 Server base url is cmsweb.cern.ch
DEBUG 2025-03-17 17:32:38.822 UTC: 	 Command api workflow
DEBUG 2025-03-17 17:32:38.822 UTC: 	 Encoded data for curl request: subresource=search&workflow=250317_154612%3Afsalerno_crab_TT_inclusive_2022_topcand_hadd
DEBUG 2025-03-17 17:32:38.866 UTC: 	 Got information from server oracle database: {'desc': {'columns': ['tm_taskname', 'tm_activity', 'tm_task_status', 'tm_task_command', 'tm_start_time', 'tm_start_injection', 'tm_end_injection', 'tm_task_failure', 'tm_job_sw', 'tm_job_arch', 'tm_input_dataset', 'tm_nonvalid_input_dataset', 'tm_use_parent', 'tm_site_whitelist', 'tm_site_blacklist', 'tm_split_algo', 'tm_split_args', 'tm_user_sandbox', 'tm_cache_url', 'tm_username', 'tm_user_dn', 'tm_user_vo', 'tm_user_role', 'tm_user_group', 'tm_publish_name', 'tm_publish_groupname', 'tm_asyncdest', 'tm_dbs_url', 'tm_publish_dbs_url', 'tm_publication', 'tm_outfiles', 'tm_tfile_outfiles', 'tm_edm_outfiles', 'tm_job_type', 'tm_generator', 'tm_events_per_lumi', 'tm_arguments', 'tm_save_logs', 'tw_name', 'tm_user_infiles', 'tm_maxjobruntime', 'tm_numcores', 'tm_maxmemory', 'tm_priority', 'tm_output_dataset', 'tm_task_warnings', 'tm_user_webdir', 'tm_scriptexe', 'tm_scriptargs', 'tm_extrajdl', 'tm_collector', 'tm_schedd', 'tm_dry_run', 'tm_user_files', 'tm_transfer_outputs', 'tm_output_lfn', 'tm_ignore_locality', 'tm_fail_limit', 'tm_one_event_mode', 'tm_secondary_input_dataset', 'tm_primary_dataset', 'tm_last_publication', 'tm_debug_files', 'clusterid', 'tm_ignore_global_blacklist', 'tm_submitter_ip_addr', 'tm_totalunits', 'tm_ddm_reqid', 'tm_user_config', 'tm_transfer_container', 'tm_transfer_rule', 'tm_publish_rule', 'tm_multipub_rule', 'tm_job_min_microarch']}, 'result': ['250317_154612:fsalerno_crab_TT_inclusive_2022_topcand_hadd', 'None', 'SUBMITTED', 'SUBMIT', '2025-03-17 15:46:12.884493', 'None', '2025-03-17 15:47:08.841609', 'None', 'CMSSW_13_2_11', 'el9_amd64_gcc11', '/TT_TuneCP5_13p6TeV_powheg-pythia8/fsalerno-TT_inclusive_2022-0fa328e40e38f44cd311b92489b92b5b/USER', 'T', '0', '[]', '[]', 'FileBased', "{'halt_job_on_file_boundaries': False, 'splitOnRun': False, 'files_per_job': 1, 'runs': [], 'lumis': []}", '799bd0210f879b5c83adf2eef595227720cb416a60fc3134b2d1646c503448ca.tar.gz', 'https://cmsweb.cern.ch/S3/crabcache_prod', 'fsalerno', '/DC=ch/DC=cern/OU=Organic Units/OU=Users/CN=fsalerno/CN=877142/CN=Fabrizio Salerno', 'cms', 'None', 'None', 'TT_inclusive_2022_topcand_hadd-00000000000000000000000000000000', 'F', 'T2_IT_Pisa', 'https://cmsweb.cern.ch/dbs/prod/phys03/DBSReader', 'https://cmsweb.cern.ch/dbs/prod/phys03/DBSWriter', 'T', '[]', '[]', "['tree.root']", 'Analysis', 'pythia', 'None', '{}', 'T', 'crab-prod-tw01', '[]', '2700', '1', '2000', '10', 'None', '[]', 'http://vocms0199.cern.ch/mon/fsalerno/250317_154612:fsalerno_crab_TT_inclusive_2022_topcand_hadd', 'crab_script.sh', '[]', '[]', 'cmsgwms-collector-global.cern.ch:9620,cmsgwms-collector-global.fnal.gov:9620', 'crab3@vocms0199.cern.ch', 'F', '[]', 'T', '/store/user/fsalerno/topcand', 'F', 'None', 'F', 'None', 'TT_TuneCP5_13p6TeV_powheg-pythia8', 'None', 'be4be4c1d6fa6c6429afe8f68997fdee39bbab9f11d282fbd7e54e35c348387e.tar.gz', '78943617', 'F', '188.185.101.116', '0.0', 'None', '{"partialdataset": false, "requireaccelerator": false, "acceleratorparams": null, "inputblocks": null}', 'None', 'None', 'None', 'None', 'any']}
INFO 2025-03-17 17:32:38.866 UTC: 	 CRAB project directory:		/afs/cern.ch/user/f/fsalerno/CMSSW_13_2_11/src/PhysicsTools/NanoAODTools/crab/crab_TT_inclusive_2022_topcand_hadd
INFO 2025-03-17 17:32:38.867 UTC: 	 Task name:			250317_154612:fsalerno_crab_TT_inclusive_2022_topcand_hadd
INFO 2025-03-17 17:32:38.867 UTC: 	 Grid scheduler - Task Worker:	crab3@vocms0199.cern.ch - crab-prod-tw01
INFO 2025-03-17 17:32:38.867 UTC: 	 Status on the CRAB server:	SUBMITTED
INFO 2025-03-17 17:32:38.867 UTC: 	 Task URL to use for HELP:	https://cmsweb.cern.ch/crabserver/ui/task/250317_154612%3Afsalerno_crab_TT_inclusive_2022_topcand_hadd
INFO 2025-03-17 17:32:38.873 UTC: 	 Dashboard monitoring URL:	https://monit-grafana.cern.ch/d/cmsTMDetail/cms-task-monitoring-task-view?orgId=11&var-user=fsalerno&var-task=250317_154612%3Afsalerno_crab_TT_inclusive_2022_topcand_hadd&from=1742222772000&to=now
DEBUG 2025-03-17 17:32:38.874 UTC: 	 The CRAB server submitted your task to the Grid scheduler (cluster ID: 78943617)
DEBUG 2025-03-17 17:32:38.874 UTC: 	 Webdir is located at http://vocms0199.cern.ch/mon/fsalerno/250317_154612:fsalerno_crab_TT_inclusive_2022_topcand_hadd
DEBUG 2025-03-17 17:32:38.874 UTC: 	 Encoded data for curl request: subresource=webdirprx&workflow=250317_154612%3Afsalerno_crab_TT_inclusive_2022_topcand_hadd
DEBUG 2025-03-17 17:32:38.928 UTC: 	 Proxied webdir is located at https://cmsweb.cern.ch:8443/scheddmon/0199/fsalerno/250317_154612:fsalerno_crab_TT_inclusive_2022_topcand_hadd
DEBUG 2025-03-17 17:32:38.929 UTC: 	 Retrieving 'status_cache' file from https://cmsweb.cern.ch:8443/scheddmon/0199/fsalerno/250317_154612:fsalerno_crab_TT_inclusive_2022_topcand_hadd/status_cache.pkl
DEBUG 2025-03-17 17:32:38.929 UTC: 	 Will execute:
curl -sS --capath /etc/grid-security/certificates --cert /tmp/x509up_u171405 --key /tmp/x509up_u171405 -o /tmp/crab_status-cache-tl9n8y3_.pkl -w %"{http_code}" "https://cmsweb.cern.ch:8443/scheddmon/0199/fsalerno/250317_154612:fsalerno_crab_TT_inclusive_2022_topcand_hadd/status_cache.pkl"
DEBUG 2025-03-17 17:32:38.929 UTC: 	 Executing command :
 curl -sS --capath /etc/grid-security/certificates --cert /tmp/x509up_u171405 --key /tmp/x509up_u171405 -o /tmp/crab_status-cache-tl9n8y3_.pkl -w %"{http_code}" "https://cmsweb.cern.ch:8443/scheddmon/0199/fsalerno/250317_154612:fsalerno_crab_TT_inclusive_2022_topcand_hadd/status_cache.pkl"
DEBUG 2025-03-17 17:32:38.966 UTC: 	 output : 200
 error: 
 retcode : 0
DEBUG 2025-03-17 17:32:38.966 UTC: 	 exitcode: 0
stdout: 200
stderr: 
error details: 
DEBUG 2025-03-17 17:32:38.971 UTC: 	 Got information from status cache file: {'2': {'Retries': 2, 'Restarts': 0, 'SiteHistory': ['Unknown', 'T2_IT_Pisa', 'T2_IT_Pisa', 'T2_IT_Pisa', 'T2_IT_Pisa', 'T2_IT_Pisa', 'T2_IT_Pisa'], 'ResidentSetSize': [38616, 68644, 73912], 'SubmitTimes': [1742226498.0, 1742231416.0, 1742231643.0], 'StartTimes': [1742231252.0, 1742231442.0, 1742231813.0], 'EndTimes': [1742231344.0, 1742231512.0, 1742231909.0], 'TotalUserCpuTimeHistory': [36, 27, 51.0], 'TotalSysCpuTimeHistory': [0, 0, 1.0], 'WallDurations': [92.0, 115.59663248062134, 115.59663248062134, 70.0, 96.0, 156.4244658946991, 156.4244658946991], 'JobIds': ['78943633.0', '78963476.0', '78963541.0'], 'State': 'failed', 'RecordedSite': True, 'Error': [50115, 'BadFWJRXML', {}]}, '3': {'Retries': 2, 'Restarts': 0, 'SiteHistory': ['Unknown', 'T2_IT_Pisa', 'T2_IT_Pisa', 'T2_IT_Pisa', 'T2_IT_Pisa', 'T2_IT_Pisa', 'T2_IT_Pisa'], 'ResidentSetSize': [208904, 3812, 3640], 'SubmitTimes': [1742226498.0, 1742231426.0, 1742231735.0], 'StartTimes': [1742231251.0, 1742231496.0, 1742231821.0], 'EndTimes': [1742231358.0, 1742231607.0, 1742231932.0], 'TotalUserCpuTimeHistory': [28, 25, 44.0], 'TotalSysCpuTimeHistory': [1, 0, 1.0], 'WallDurations': [107.0, 116.59663248062134, 116.59663248062134, 111.0, 172.86786198616028, 111.0, 148.4244658946991], 'JobIds': ['78943634.0', '78963479.0', '78963591.0'], 'State': 'failed', 'RecordedSite': True, 'Error': [50115, 'BadFWJRXML', {}]}, '10': {'Retries': 2, 'Restarts': 0, 'SiteHistory': ['T2_IT_Pisa', 'T2_IT_Pisa', 'T2_IT_Pisa', 'T2_IT_Pisa', 'T2_IT_Pisa', 'T2_IT_Pisa'], 'ResidentSetSize': [26496, 4264, 102660], 'SubmitTimes': [1742226498.0, 1742226770.0, 1742227137.0], 'StartTimes': [1742226549.0, 1742226859.0, 1742227205.0], 'EndTimes': [1742226702.0, 1742227006.0, 1742227301.0], 'TotalUserCpuTimeHistory': [31, 28, 41], 'TotalSysCpuTimeHistory': [1, 0, 0], 'WallDurations': [0, 153.0, 147.0, 96.0, 254.91317892074585, 254.91317892074585], 'JobIds': ['78943635.0', '78946393.0', '78947678.0'], 'State': 'failed', 'RecordedSite': True, 'Error': [50115, 'BadFWJRXML', {}]}, '5': {'Retries': 2, 'Restarts': 0, 'SiteHistory': ['Unknown', 'T2_IT_Pisa', 'T2_IT_Pisa', 'T2_IT_Pisa', 'T2_IT_Pisa', 'T2_IT_Pisa', 'T2_IT_Pisa'], 'ResidentSetSize': [48788, 36992, 51452], 'SubmitTimes': [1742226498.0, 1742231462.0, 1742231705.0], 'StartTimes': [1742231254.0, 1742231510.0, 1742231814.0], 'EndTimes': [1742231394.0, 1742231581.0, 1742231928.0], 'TotalUserCpuTimeHistory': [51, 20, 39.0], 'TotalSysCpuTimeHistory': [0, 0, 1.0], 'WallDurations': [8.0, 113.59663248062134, 140.0, 71.0, 158.86786198616028, 114.0, 155.4244658946991], 'JobIds': ['78943636.0', '78963503.0', '78963581.0'], 'State': 'failed', 'RecordedSite': True, 'Error': [50115, 'BadFWJRXML', {}]}, '1': {'Retries': 2, 'Restarts': 0, 'SiteHistory': ['Unknown', 'T2_IT_Pisa', 'T2_IT_Pisa', 'T2_IT_Pisa', 'T2_IT_Pisa', 'T2_IT_Pisa', 'T2_IT_Pisa'], 'ResidentSetSize': [53704, 3812, 4296], 'SubmitTimes': [1742226498.0, 1742231437.0, 1742231710.0], 'StartTimes': [1742231253.0, 1742231510.0, 1742231814.0], 'EndTimes': [1742231367.0, 1742231581.0, 1742231998.0], 'TotalUserCpuTimeHistory': [50, 15, 46.0], 'TotalSysCpuTimeHistory': [0, 0, 0.0], 'WallDurations': [114.0, 114.59663248062134, 114.59663248062134, 71.0, 158.86786198616028, 9.0, 184.0], 'JobIds': ['78943637.0', '78963494.0', '78963584.0'], 'State': 'failed', 'RecordedSite': True, 'Error': [50115, 'BadFWJRXML', {}]}, '20': {'Retries': 2, 'Restarts': 0, 'SiteHistory': ['T2_IT_Pisa', 'T2_IT_Pisa', 'T2_IT_Pisa', 'T2_IT_Pisa', 'T2_IT_Pisa', 'T2_IT_Pisa'], 'ResidentSetSize': [50188, 52096, 65148], 'SubmitTimes': [1742226498.0, 1742226728.0, 1742227010.0], 'StartTimes': [1742226548.0, 1742226774.0, 1742227104.0], 'EndTimes': [1742226661.0, 1742226878.0, 1742227200.0], 'TotalUserCpuTimeHistory': [35, 39, 29], 'TotalSysCpuTimeHistory': [1, 0, 0], 'WallDurations': [8.0, 113.0, 8.0, 104.0, 9.0, 96.0], 'JobIds': ['78943638.0', '78946202.0', '78947248.0'], 'State': 'failed', 'RecordedSite': True, 'Error': [50115, 'BadFWJRXML', {}]}, '11': {'Retries': 2, 'Restarts': 0, 'SiteHistory': ['T2_IT_Pisa', 'T2_IT_Pisa', 'T2_IT_Pisa', 'T2_IT_Pisa', 'T2_IT_Pisa', 'T2_IT_Pisa'], 'ResidentSetSize': [21876, 30288, 12260], 'SubmitTimes': [1742226498.0, 1742226734.0, 1742227100.0], 'StartTimes': [1742226548.0, 1742226820.0, 1742227125.0], 'EndTimes': [1742226665.0, 1742226967.0, 1742227261.0], 'TotalUserCpuTimeHistory': [52, 32, 34], 'TotalSysCpuTimeHistory': [0, 0, 0], 'WallDurations': [8.0, 117.0, 9.0, 147.0, 8.0, 136.0], 'JobIds': ['78943639.0', '78946216.0', '78947540.0'], 'State': 'failed', 'RecordedSite': True, 'Error': [50115, 'BadFWJRXML', {}]}, '16': {'Retries': 2, 'Restarts': 0, 'SiteHistory': ['T2_IT_Pisa', 'T2_IT_Pisa', 'T2_IT_Pisa', 'T2_IT_Pisa', 'T2_IT_Pisa', 'T2_IT_Pisa'], 'ResidentSetSize': [50288, 53392, 70572], 'SubmitTimes': [1742226498.0, 1742226728.0, 1742227018.0], 'StartTimes': [1742226549.0, 1742226778.0, 1742227104.0], 'EndTimes': [1742226661.0, 1742226884.0, 1742227200.0], 'TotalUserCpuTimeHistory': [49, 42, 30], 'TotalSysCpuTimeHistory': [1, 0, 0], 'WallDurations': [8.0, 112.0, 9.0, 106.0, 10.0, 96.0], 'JobIds': ['78943640.0', '78946200.0', '78947305.0'], 'State': 'failed', 'RecordedSite': True, 'Error': [50115, 'BadFWJRXML', {}]}, '8': {'Retries': 2, 'Restarts': 0, 'SiteHistory': ['T2_IT_Pisa', 'T2_IT_Pisa', 'T2_IT_Pisa', 'T2_IT_Pisa', 'T2_IT_Pisa', 'T2_IT_Pisa'], 'ResidentSetSize': [48796, 24220, 4256], 'SubmitTimes': [1742226498.0, 1742226734.0, 1742227100.0], 'StartTimes': [1742226550.0, 1742226817.0, 1742227137.0], 'EndTimes': [1742226664.0, 1742226968.0, 1742227278.0], 'TotalUserCpuTimeHistory': [40, 31, 49], 'TotalSysCpuTimeHistory': [1, 0, 1], 'WallDurations': [8.0, 114.0, 9.0, 151.0, 8.0, 141.0], 'JobIds': ['78943641.0', '78946214.0', '78947544.0'], 'State': 'failed', 'RecordedSite': True, 'Error': [50115, 'BadFWJRXML', {}]}, '6': {'Retries': 2, 'Restarts': 0, 'SiteHistory': ['T2_IT_Pisa', 'T2_IT_Pisa', 'T2_IT_Pisa', 'T2_IT_Pisa', 'T2_IT_Pisa', 'T2_IT_Pisa'], 'ResidentSetSize': [208148, 5816, 67440], 'SubmitTimes': [1742226498.0, 1742226770.0, 1742227131.0], 'StartTimes': [1742226550.0, 1742226855.0, 1742227157.0], 'EndTimes': [1742226702.0, 1742227000.0, 1742227306.0], 'TotalUserCpuTimeHistory': [31, 28, 33], 'TotalSysCpuTimeHistory': [1, 1, 1], 'WallDurations': [0, 152.0, 0, 145.0, 0, 149.0], 'JobIds': ['78943642.0', '78946389.0', '78947656.0'], 'State': 'failed', 'RecordedSite': True, 'Error': [50115, 'BadFWJRXML', {}]}, '4': {'Retries': 2, 'Restarts': 0, 'SiteHistory': ['Unknown', 'T2_IT_Pisa', 'T2_IT_Pisa', 'T2_IT_Pisa', 'T2_IT_Pisa', 'T2_IT_Pisa', 'T2_IT_Pisa'], 'ResidentSetSize': [4084, 47276, 33932], 'SubmitTimes': [1742226498.0, 1742231437.0, 1742231770.0], 'StartTimes': [1742231253.0, 1742231498.0, 1742231814.0], 'EndTimes': [1742231367.0, 1742231639.0, 1742231934.0], 'TotalUserCpuTimeHistory': [32, 52, 37.0], 'TotalSysCpuTimeHistory': [0, 4, 1.0], 'WallDurations': [113.0, 114.59663248062134, 114.0, 141.0, 170.86786198616028, 120.0, 155.4244658946991], 'JobIds': ['78943643.0', '78963497.0', '78963601.0'], 'State': 'failed', 'RecordedSite': True, 'Error': [50115, 'BadFWJRXML', {}]}, '19': {'Retries': 2, 'Restarts': 0, 'SiteHistory': ['T2_IT_Pisa', 'T2_IT_Pisa', 'T2_IT_Pisa', 'T2_IT_Pisa', 'T2_IT_Pisa', 'T2_IT_Pisa'], 'ResidentSetSize': [50836, 20884, 44668], 'SubmitTimes': [1742226498.0, 1742226740.0, 1742227111.0], 'StartTimes': [1742226550.0, 1742226827.0, 1742227138.0], 'EndTimes': [1742226664.0, 1742226976.0, 1742227277.0], 'TotalUserCpuTimeHistory': [39, 41, 38], 'TotalSysCpuTimeHistory': [1, 0, 0], 'WallDurations': [8.0, 114.0, 9.0, 149.0, 8.0, 139.0], 'JobIds': ['78943644.0', '78946259.0', '78947582.0'], 'State': 'failed', 'RecordedSite': True, 'Error': [50115, 'BadFWJRXML', {}]}, '13': {'Retries': 2, 'Restarts': 0, 'SiteHistory': ['T2_IT_Pisa', 'T2_IT_Pisa', 'T2_IT_Pisa', 'T2_IT_Pisa', 'T2_IT_Pisa', 'T2_IT_Pisa'], 'ResidentSetSize': [208080, 53284, 67380], 'SubmitTimes': [1742226498.0, 1742226770.0, 1742227131.0], 'StartTimes': [1742226552.0, 1742226854.0, 1742227162.0], 'EndTimes': [1742226702.0, 1742227000.0, 1742227303.0], 'TotalUserCpuTimeHistory': [31, 40, 27], 'TotalSysCpuTimeHistory': [1, 0, 1], 'WallDurations': [0, 150.0, 0, 146.0, 141.0, 297.91317892074585], 'JobIds': ['78943645.0', '78946391.0', '78947659.0'], 'State': 'failed', 'RecordedSite': True, 'Error': [50115, 'BadFWJRXML', {}]}, '9': {'Retries': 2, 'Restarts': 0, 'SiteHistory': ['T2_IT_Pisa', 'T2_IT_Pisa', 'T2_IT_Pisa', 'T2_IT_Pisa', 'T2_IT_Pisa', 'T2_IT_Pisa'], 'ResidentSetSize': [18540, 23580, 44920], 'SubmitTimes': [1742226498.0, 1742226734.0, 1742227100.0], 'StartTimes': [1742226550.0, 1742226816.0, 1742227124.0], 'EndTimes': [1742226665.0, 1742226967.0, 1742227261.0], 'TotalUserCpuTimeHistory': [54, 36, 47], 'TotalSysCpuTimeHistory': [1, 0, 0], 'WallDurations': [8.0, 115.0, 9.0, 151.0, 9.0, 137.0], 'JobIds': ['78943646.0', '78946213.0', '78947542.0'], 'State': 'failed', 'RecordedSite': True, 'Error': [50115, 'BadFWJRXML', {}]}, '12': {'Retries': 2, 'Restarts': 0, 'SiteHistory': ['Unknown', 'T2_IT_Pisa', 'T2_IT_Pisa', 'T2_IT_Pisa', 'T2_IT_Pisa', 'T2_IT_Pisa', 'T2_IT_Pisa'], 'ResidentSetSize': [13612, 48716, 103984], 'SubmitTimes': [1742226498.0, 1742226846.0, 1742227131.0], 'StartTimes': [1742226665.0, 1742226899.0, 1742227205.0], 'EndTimes': [1742226771.0, 1742227000.0, 1742227299.0], 'TotalUserCpuTimeHistory': [36, 34, 40], 'TotalSysCpuTimeHistory': [0, 0, 0], 'WallDurations': [106.0, 0, 101.0, 0, 94.0, 254.91317892074585, 254.91317892074585], 'JobIds': ['78943647.0', '78946712.0', '78947661.0'], 'State': 'failed', 'RecordedSite': True, 'Error': [50115, 'BadFWJRXML', {}]}, '17': {'Retries': 2, 'Restarts': 0, 'SiteHistory': ['Unknown', 'T2_IT_Pisa', 'T2_IT_Pisa', 'T2_IT_Pisa', 'T2_IT_Pisa', 'T2_IT_Pisa', 'T2_IT_Pisa'], 'ResidentSetSize': [45920, 62152, 55088], 'SubmitTimes': [1742226498.0, 1742226840.0, 1742227121.0], 'StartTimes': [1742226664.0, 1742226887.0, 1742227161.0], 'EndTimes': [1742226768.0, 1742226992.0, 1742227306.0], 'TotalUserCpuTimeHistory': [41, 31, 29], 'TotalSysCpuTimeHistory': [0, 0, 1], 'WallDurations': [104.0, 0, 105.0, 0, 272.364887714386, 145.0, 298.91317892074585], 'JobIds': ['78943648.0', '78946688.0', '78947618.0'], 'State': 'failed', 'RecordedSite': True, 'Error': [50115, 'BadFWJRXML', {}]}, '15': {'Retries': 2, 'Restarts': 0, 'SiteHistory': ['Unknown', 'T2_IT_Pisa', 'T2_IT_Pisa', 'T2_IT_Pisa', 'T2_IT_Pisa', 'T2_IT_Pisa', 'T2_IT_Pisa'], 'ResidentSetSize': [4072, 13132, 4072], 'SubmitTimes': [1742226498.0, 1742226892.0, 1742227254.0], 'StartTimes': [1742226686.0, 1742226979.0, 1742227317.0], 'EndTimes': [1742226822.0, 1742227123.0, 1742227523.0], 'TotalUserCpuTimeHistory': [44, 34, 46], 'TotalSysCpuTimeHistory': [0, 0, 0], 'WallDurations': [136.0, 172.88839983940125, 172.88839983940125, 144.0, 180.364887714386, 9.0, 206.0], 'JobIds': ['78943649.0', '78946800.0', '78947773.0'], 'State': 'failed', 'RecordedSite': True, 'Error': [50115, 'BadFWJRXML', {}]}, '18': {'Retries': 2, 'Restarts': 0, 'SiteHistory': ['Unknown', 'T2_IT_Pisa', 'T2_IT_Pisa', 'T2_IT_Pisa', 'T2_IT_Pisa', 'T2_IT_Pisa', 'T2_IT_Pisa'], 'ResidentSetSize': [6496, 6664, 4072], 'SubmitTimes': [1742226499.0, 1742226887.0, 1742227248.0], 'StartTimes': [1742226683.0, 1742226972.0, 1742227282.0], 'EndTimes': [1742226817.0, 1742227119.0, 1742227429.0], 'TotalUserCpuTimeHistory': [50, 42, 50], 'TotalSysCpuTimeHistory': [1, 0, 0], 'WallDurations': [134.0, 175.88839983940125, 175.88839983940125, 147.0, 187.364887714386, 147.0, 177.91317892074585], 'JobIds': ['78943650.0', '78946799.0', '78947771.0'], 'State': 'failed', 'RecordedSite': True, 'Error': [50115, 'BadFWJRXML', {}]}, '7': {'Retries': 2, 'Restarts': 0, 'SiteHistory': ['Unknown', 'T2_IT_Pisa', 'T2_IT_Pisa', 'T2_IT_Pisa', 'T2_IT_Pisa', 'T2_IT_Pisa', 'T2_IT_Pisa'], 'ResidentSetSize': [4072, 4204, 132176], 'SubmitTimes': [1742226499.0, 1742226887.0, 1742227260.0], 'StartTimes': [1742226669.0, 1742226987.0, 1742227323.0], 'EndTimes': [1742226812.0, 1742227127.0, 1742227524.0], 'TotalUserCpuTimeHistory': [45, 41, 39], 'TotalSysCpuTimeHistory': [0, 1, 0], 'WallDurations': [143.0, 189.88839983940125, 189.88839983940125, 140.0, 172.364887714386, 9.0, 201.0], 'JobIds': ['78943651.0', '78946797.0', '78947774.0'], 'State': 'failed', 'RecordedSite': True, 'Error': [50115, 'BadFWJRXML', {}]}, '24': {'Retries': 2, 'Restarts': 0, 'SiteHistory': ['Unknown', 'T2_IT_Pisa', 'T2_IT_Pisa', 'T2_IT_Pisa', 'T2_IT_Pisa', 'T2_IT_Pisa', 'T2_IT_Pisa'], 'ResidentSetSize': [38476, 53660, 2288], 'SubmitTimes': [1742226499.0, 1742226887.0, 1742227248.0], 'StartTimes': [1742226669.0, 1742226972.0, 1742227281.0], 'EndTimes': [1742226812.0, 1742227120.0, 1742227429.0], 'TotalUserCpuTimeHistory': [42, 42, 39], 'TotalSysCpuTimeHistory': [0, 0, 1], 'WallDurations': [143.0, 189.88839983940125, 189.88839983940125, 148.0, 187.364887714386, 148.0, 178.91317892074585], 'JobIds': ['78943652.0', '78946798.0', '78947770.0'], 'State': 'failed', 'RecordedSite': True, 'Error': [50115, 'BadFWJRXML', {}]}, '14': {'Retries': 2, 'Restarts': 0, 'SiteHistory': ['Unknown', 'T2_IT_Pisa', 'T2_IT_Pisa', 'T2_IT_Pisa', 'T2_IT_Pisa', 'T2_IT_Pisa', 'T2_IT_Pisa'], 'ResidentSetSize': [4808, 37136, 132316], 'SubmitTimes': [1742226499.0, 1742226922.0, 1742227285.0], 'StartTimes': [1742226711.0, 1742227005.0, 1742227330.0], 'EndTimes': [1742226851.0, 1742227153.0, 1742227524.0], 'TotalUserCpuTimeHistory': [29, 35, 46], 'TotalSysCpuTimeHistory': [1, 0, 0], 'WallDurations': [140.0, 147.88839983940125, 147.88839983940125, 148.0, 154.364887714386, 10.0, 194.0], 'JobIds': ['78943653.0', '78946830.0', '78947777.0'], 'State': 'failed', 'RecordedSite': True, 'Error': [50115, 'BadFWJRXML', {}]}, '23': {'Retries': 2, 'Restarts': 0, 'SiteHistory': ['Unknown', 'T2_IT_Pisa', 'T2_IT_Pisa', 'T2_IT_Pisa', 'T2_IT_Pisa', 'T2_IT_Pisa', 'T2_IT_Pisa'], 'ResidentSetSize': [67372, 53392, 50824], 'SubmitTimes': [1742226499.0, 1742226917.0, 1742227238.0], 'StartTimes': [1742226709.0, 1742226995.0, 1742227265.0], 'EndTimes': [1742226850.0, 1742227100.0, 1742227428.0], 'TotalUserCpuTimeHistory': [31, 30, 44], 'TotalSysCpuTimeHistory': [1, 0, 0], 'WallDurations': [141.0, 149.88839983940125, 149.88839983940125, 105.0, 164.364887714386, 163.0, 194.91317892074585], 'JobIds': ['78943654.0', '78946804.0', '78947768.0'], 'State': 'failed', 'RecordedSite': True, 'Error': [50115, 'BadFWJRXML', {}]}, '31': {'Retries': 2, 'Restarts': 0, 'SiteHistory': ['Unknown', 'T2_IT_Pisa', 'T2_IT_Pisa', 'T2_IT_Pisa', 'T2_IT_Pisa', 'T2_IT_Pisa', 'T2_IT_Pisa'], 'ResidentSetSize': [23544, 82664, 3804], 'SubmitTimes': [1742226499.0, 1742226922.0, 1742227233.0], 'StartTimes': [1742226707.0, 1742227003.0, 1742227266.0], 'EndTimes': [1742226852.0, 1742227101.0, 1742227428.0], 'TotalUserCpuTimeHistory': [28, 42, 41], 'TotalSysCpuTimeHistory': [1, 0, 0], 'WallDurations': [145.0, 151.88839983940125, 151.88839983940125, 98.0, 156.364887714386, 162.0, 193.91317892074585], 'JobIds': ['78943655.0', '78946831.0', '78947766.0'], 'State': 'failed', 'RecordedSite': True, 'Error': [50115, 'BadFWJRXML', {}]}, '25': {'Retries': 2, 'Restarts': 0, 'SiteHistory': ['Unknown', 'T2_IT_Pisa', 'T2_IT_Pisa', 'T2_IT_Pisa', 'T2_IT_Pisa', 'T2_IT_Pisa', 'T2_IT_Pisa'], 'ResidentSetSize': [6772, 38560, 6516], 'SubmitTimes': [1742226499.0, 1742227228.0, 1742227519.0], 'StartTimes': [1742227005.0, 1742227305.0, 1742227528.0], 'EndTimes': [1742227153.0, 1742227391.0, 1742227713.0], 'TotalUserCpuTimeHistory': [33, 28, 53], 'TotalSysCpuTimeHistory': [0, 0, 1], 'WallDurations': [148.0, 154.364887714386, 154.364887714386, 86.0, 154.91317892074585, 185.0, 232.6409022808075], 'JobIds': ['78943656.0', '78947764.0', '78949125.0'], 'State': 'failed', 'RecordedSite': True, 'Error': [50115, 'BadFWJRXML', {}]}, '29': {'Retries': 2, 'Restarts': 0, 'SiteHistory': ['Unknown', 'T2_IT_Pisa', 'T2_IT_Pisa', 'T2_IT_Pisa', 'T2_IT_Pisa', 'T2_IT_Pisa', 'T2_IT_Pisa'], 'ResidentSetSize': [3816, 66268, 32960], 'SubmitTimes': [1742226499.0, 1742227227.0, 1742227519.0], 'StartTimes': [1742227010.0, 1742227303.0, 1742227527.0], 'EndTimes': [1742227153.0, 1742227390.0, 1742227711.0], 'TotalUserCpuTimeHistory': [31, 34, 43], 'TotalSysCpuTimeHistory': [0, 0, 0], 'WallDurations': [143.0, 149.364887714386, 149.364887714386, 87.0, 156.91317892074585, 184.0, 233.6409022808075], 'JobIds': ['78943657.0', '78947763.0', '78949117.0'], 'State': 'failed', 'RecordedSite': True, 'Error': [50115, 'BadFWJRXML', {}]}, '22': {'Retries': 2, 'Restarts': 0, 'SiteHistory': ['Unknown', 'T2_IT_Pisa', 'T2_IT_Pisa', 'T2_IT_Pisa', 'T2_IT_Pisa', 'T2_IT_Pisa', 'T2_IT_Pisa'], 'ResidentSetSize': [71088, 67900, 4232], 'SubmitTimes': [1742226499.0, 1742227518.0, 1742227817.0], 'StartTimes': [1742227307.0, 1742227578.0, 1742227868.0], 'EndTimes': [1742227443.0, 1742227679.0, 1742227993.0], 'TotalUserCpuTimeHistory': [27, 39, 30], 'TotalSysCpuTimeHistory': [0, 0, 0], 'WallDurations': [136.0, 152.91317892074585, 152.91317892074585, 101.0, 182.6409022808075, 125.0, 193.0539059638977], 'JobIds': ['78943658.0', '78949109.0', '78952281.0'], 'State': 'failed', 'RecordedSite': True, 'Error': [50115, 'BadFWJRXML', {}]}, '26': {'Retries': 2, 'Restarts': 0, 'SiteHistory': ['Unknown', 'T2_IT_Pisa', 'T2_IT_Pisa', 'T2_IT_Pisa', 'T2_IT_Pisa', 'T2_IT_Pisa', 'T2_IT_Pisa'], 'ResidentSetSize': [71096, 32864, 67920], 'SubmitTimes': [1742226499.0, 1742227518.0, 1742227812.0], 'StartTimes': [1742227311.0, 1742227578.0, 1742227863.0], 'EndTimes': [1742227444.0, 1742227678.0, 1742227993.0], 'TotalUserCpuTimeHistory': [26, 39, 35], 'TotalSysCpuTimeHistory': [0, 0, 0], 'WallDurations': [133.0, 148.91317892074585, 148.91317892074585, 100.0, 182.6409022808075, 130.0, 198.0539059638977], 'JobIds': ['78943659.0', '78949112.0', '78952241.0'], 'State': 'failed', 'RecordedSite': True, 'Error': [50115, 'BadFWJRXML', {}]}, '27': {'Retries': 2, 'Restarts': 0, 'SiteHistory': ['Unknown', 'T2_IT_Pisa', 'T2_IT_Pisa', 'T2_IT_Pisa', 'T2_IT_Pisa', 'T2_IT_Pisa', 'T2_IT_Pisa'], 'ResidentSetSize': [71084, 70356, 12224], 'SubmitTimes': [1742226499.0, 1742227517.0, 1742227848.0], 'StartTimes': [1742227310.0, 1742227529.0, 1742227865.0], 'EndTimes': [1742227443.0, 1742227711.0, 1742227993.0], 'TotalUserCpuTimeHistory': [27, 43, 34], 'TotalSysCpuTimeHistory': [0, 0, 0], 'WallDurations': [133.0, 149.91317892074585, 149.91317892074585, 182.0, 231.6409022808075, 128.0, 196.0539059638977], 'JobIds': ['78943660.0', '78949105.0', '78952656.0'], 'State': 'failed', 'RecordedSite': True, 'Error': [50115, 'BadFWJRXML', {}]}, '33': {'Retries': 2, 'Restarts': 0, 'SiteHistory': ['Unknown', 'T2_IT_Pisa', 'T2_IT_Pisa', 'T2_IT_Pisa', 'T2_IT_Pisa', 'T2_IT_Pisa', 'T2_IT_Pisa'], 'ResidentSetSize': [69228, 52108, 17552], 'SubmitTimes': [1742226499.0, 1742227546.0, 1742227863.0], 'StartTimes': [1742227393.0, 1742227583.0, 1742227879.0], 'EndTimes': [1742227476.0, 1742227733.0, 1742228009.0], 'TotalUserCpuTimeHistory': [27, 43, 40], 'TotalSysCpuTimeHistory': [0, 0, 0], 'WallDurations': [8.0, 66.91317892074585, 83.0, 150.0, 177.6409022808075, 130.0, 182.0539059638977], 'JobIds': ['78943661.0', '78949384.0', '78952862.0'], 'State': 'failed', 'RecordedSite': True, 'Error': [50115, 'BadFWJRXML', {}]}, '36': {'Retries': 2, 'Restarts': 0, 'SiteHistory': ['Unknown', 'T2_IT_Pisa', 'T2_IT_Pisa', 'T2_IT_Pisa', 'T2_IT_Pisa', 'T2_IT_Pisa', 'T2_IT_Pisa'], 'ResidentSetSize': [195596, 48312, 54116], 'SubmitTimes': [1742226499.0, 1742227552.0, 1742227863.0], 'StartTimes': [1742227394.0, 1742227582.0, 1742227877.0], 'EndTimes': [1742227481.0, 1742227733.0, 1742227966.0], 'TotalUserCpuTimeHistory': [37, 44, 36], 'TotalSysCpuTimeHistory': [0, 0, 1], 'WallDurations': [8.0, 65.91317892074585, 87.0, 151.0, 178.6409022808075, 89.0, 184.0539059638977], 'JobIds': ['78943662.0', '78949441.0', '78952859.0'], 'State': 'failed', 'RecordedSite': True, 'Error': [50115, 'BadFWJRXML', {}]}, '32': {'Retries': 2, 'Restarts': 0, 'SiteHistory': ['Unknown', 'T2_IT_Pisa', 'T2_IT_Pisa', 'T2_IT_Pisa', 'T2_IT_Pisa', 'Unknown', 'T2_IT_Pisa', 'T2_IT_Pisa'], 'ResidentSetSize': [94124, 150548, 36596], 'SubmitTimes': [1742226499.0, 1742227652.0, 1742228042.0], 'StartTimes': [1742227432.0, 1742227716.0, 1742228069.0], 'EndTimes': [1742227578.0, 1742227913.0, 1742228164.0], 'TotalUserCpuTimeHistory': [31, 47, 38], 'TotalSysCpuTimeHistory': [0, 1, 0], 'WallDurations': [8.0, 27.91317892074585, 146.0, 10.0, 197.0, 95.0, 292.52693486213684, 292.52693486213684], 'JobIds': ['78943663.0', '78950545.0', '78953588.0'], 'State': 'failed', 'RecordedSite': True, 'Error': [50115, 'BadFWJRXML', {}]}, '40': {'Retries': 2, 'Restarts': 0, 'SiteHistory': ['Unknown', 'T2_IT_Pisa', 'T2_IT_Pisa', 'T2_IT_Pisa', 'T2_IT_Pisa', 'Unknown', 'T2_IT_Pisa', 'T2_IT_Pisa'], 'ResidentSetSize': [96760, 201132, 67728], 'SubmitTimes': [1742226499.0, 1742227659.0, 1742228052.0], 'StartTimes': [1742227431.0, 1742227732.0, 1742228114.0], 'EndTimes': [1742227578.0, 1742227921.0, 1742228293.0], 'TotalUserCpuTimeHistory': [30, 49, 40], 'TotalSysCpuTimeHistory': [0, 1, 0], 'WallDurations': [8.0, 28.91317892074585, 147.0, 10.0, 189.0, 179.0, 247.52693486213684, 247.52693486213684], 'JobIds': ['78943664.0', '78950620.0', '78953591.0'], 'State': 'failed', 'RecordedSite': True, 'Error': [50115, 'BadFWJRXML', {}]}, '34': {'Retries': 2, 'Restarts': 0, 'SiteHistory': ['Unknown', 'T2_IT_Pisa', 'T2_IT_Pisa', 'T2_IT_Pisa', 'T2_IT_Pisa', 'T2_IT_Pisa', 'T2_IT_Pisa'], 'ResidentSetSize': [209432, 37952, 207944], 'SubmitTimes': [1742226499.0, 1742227671.0, 1742228006.0], 'StartTimes': [1742227445.0, 1742227738.0, 1742228044.0], 'EndTimes': [1742227587.0, 1742227875.0, 1742228170.0], 'TotalUserCpuTimeHistory': [26, 32, 28], 'TotalSysCpuTimeHistory': [0, 0, 0], 'WallDurations': [9.0, 14.91317892074585, 142.0, 9.0, 137.0, 9.0, 126.0], 'JobIds': ['78943665.0', '78950789.0', '78953584.0'], 'State': 'failed', 'RecordedSite': True, 'Error': [50115, 'BadFWJRXML', {}]}, '38': {'Retries': 2, 'Restarts': 0, 'SiteHistory': ['Unknown', 'T2_IT_Pisa', 'T2_IT_Pisa', 'T2_IT_Pisa', 'T2_IT_Pisa', 'T2_IT_Pisa', 'T2_IT_Pisa'], 'ResidentSetSize': [5592, 20240, 150716], 'SubmitTimes': [1742226499.0, 1742227664.0, 1742227991.0], 'StartTimes': [1742227443.0, 1742227731.0, 1742228036.0], 'EndTimes': [1742227587.0, 1742227859.0, 1742228160.0], 'TotalUserCpuTimeHistory': [29, 34, 45], 'TotalSysCpuTimeHistory': [0, 1, 0], 'WallDurations': [9.0, 16.91317892074585, 144.0, 9.0, 128.0, 9.0, 124.0], 'JobIds': ['78943666.0', '78950704.0', '78953583.0'], 'State': 'failed', 'RecordedSite': True, 'Error': [50115, 'BadFWJRXML', {}]}, '30': {'Retries': 2, 'Restarts': 0, 'SiteHistory': ['Unknown', 'T2_IT_Pisa', 'T2_IT_Pisa', 'T2_IT_Pisa', 'T2_IT_Pisa', 'T2_IT_Pisa', 'T2_IT_Pisa'], 'ResidentSetSize': [12748, 5748, 51552], 'SubmitTimes': [1742226499.0, 1742227659.0, 1742227991.0], 'StartTimes': [1742227452.0, 1742227728.0, 1742228012.0], 'EndTimes': [1742227582.0, 1742227859.0, 1742228152.0], 'TotalUserCpuTimeHistory': [30, 24, 50], 'TotalSysCpuTimeHistory': [1, 0, 0], 'WallDurations': [0, 7.91317892074585, 130.0, 9.0, 131.0, 8.0, 140.0], 'JobIds': ['78943667.0', '78950624.0', '78953581.0'], 'State': 'failed', 'RecordedSite': True, 'Error': [50115, 'BadFWJRXML', {}]}, '28': {'Retries': 2, 'Restarts': 0, 'SiteHistory': ['Unknown', 'T2_IT_Pisa', 'T2_IT_Pisa', 'T2_IT_Pisa', 'T2_IT_Pisa', 'T2_IT_Pisa', 'T2_IT_Pisa'], 'ResidentSetSize': [13488, 63708, 38564], 'SubmitTimes': [1742226499.0, 1742227659.0, 1742227991.0], 'StartTimes': [1742227449.0, 1742227730.0, 1742228027.0], 'EndTimes': [1742227583.0, 1742227859.0, 1742228153.0], 'TotalUserCpuTimeHistory': [33, 25, 33], 'TotalSysCpuTimeHistory': [1, 0, 0], 'WallDurations': [9.0, 10.91317892074585, 134.0, 8.0, 129.0, 9.0, 126.0], 'JobIds': ['78943668.0', '78950628.0', '78953582.0'], 'State': 'failed', 'RecordedSite': True, 'Error': [50115, 'BadFWJRXML', {}]}, '43': {'Retries': 2, 'Restarts': 0, 'SiteHistory': ['Unknown', 'T2_IT_Pisa', 'T2_IT_Pisa', 'T2_IT_Pisa', 'T2_IT_Pisa', 'Unknown', 'T2_IT_Pisa', 'T2_IT_Pisa'], 'ResidentSetSize': [15376, 12312, 51856], 'SubmitTimes': [1742226500.0, 1742227653.0, 1742228042.0], 'StartTimes': [1742227449.0, 1742227725.0, 1742228069.0], 'EndTimes': [1742227582.0, 1742227912.0, 1742228164.0], 'TotalUserCpuTimeHistory': [33, 48, 38], 'TotalSysCpuTimeHistory': [1, 0, 0], 'WallDurations': [8.0, 10.91317892074585, 133.0, 9.0, 187.0, 95.0, 292.52693486213684, 292.52693486213684], 'JobIds': ['78943669.0', '78950547.0', '78953589.0'], 'State': 'failed', 'RecordedSite': True, 'Error': [50115, 'BadFWJRXML', {}]}, '35': {'Retries': 2, 'Restarts': 0, 'SiteHistory': ['Unknown', 'T2_IT_Pisa', 'T2_IT_Pisa', 'T2_IT_Pisa', 'T2_IT_Pisa', 'T2_IT_Pisa', 'T2_IT_Pisa'], 'ResidentSetSize': [68772, 4072, 207988], 'SubmitTimes': [1742226500.0, 1742227652.0, 1742227914.0], 'StartTimes': [1742227483.0, 1742227684.0, 1742227925.0], 'EndTimes': [1742227574.0, 1742227778.0, 1742228121.0], 'TotalUserCpuTimeHistory': [31, 37, 50], 'TotalSysCpuTimeHistory': [0, 0, 0], 'WallDurations': [91.0, 10.0, 76.6409022808075, 76.6409022808075, 94.0, 9.0, 196.0], 'JobIds': ['78943670.0', '78950542.0', '78953382.0'], 'State': 'failed', 'RecordedSite': True, 'Error': [50115, 'BadFWJRXML', {}]}, '44': {'Retries': 2, 'Restarts': 0, 'SiteHistory': ['Unknown', 'T2_IT_Pisa', 'T2_IT_Pisa', 'T2_IT_Pisa', 'T2_IT_Pisa', 'T2_IT_Pisa', 'T2_IT_Pisa'], 'ResidentSetSize': [123812, 69288, 147136], 'SubmitTimes': [1742226500.0, 1742227647.0, 1742227904.0], 'StartTimes': [1742227486.0, 1742227681.0, 1742227917.0], 'EndTimes': [1742227575.0, 1742227774.0, 1742228105.0], 'TotalUserCpuTimeHistory': [40, 45, 43], 'TotalSysCpuTimeHistory': [0, 0, 1], 'WallDurations': [89.0, 8.0, 79.6409022808075, 79.6409022808075, 93.0, 8.0, 188.0], 'JobIds': ['78943671.0', '78950404.0', '78953285.0'], 'State': 'failed', 'RecordedSite': True, 'Error': [50115, 'BadFWJRXML', {}]}, '37': {'Retries': 2, 'Restarts': 0, 'SiteHistory': ['Unknown', 'T2_IT_Pisa', 'T2_IT_Pisa', 'T2_IT_Pisa', 'T2_IT_Pisa', 'T2_IT_Pisa', 'T2_IT_Pisa'], 'ResidentSetSize': [38932, 48928, 22208], 'SubmitTimes': [1742226500.0, 1742227801.0, 1742228138.0], 'StartTimes': [1742227588.0, 1742227879.0, 1742228156.0], 'EndTimes': [1742227725.0, 1742228008.0, 1742228319.0], 'TotalUserCpuTimeHistory': [26, 41, 53], 'TotalSysCpuTimeHistory': [0, 0, 1], 'WallDurations': [137.0, 172.6409022808075, 172.6409022808075, 129.0, 182.0539059638977, 163.0, 205.52693486213684], 'JobIds': ['78943672.0', '78952115.0', '78953890.0'], 'State': 'failed', 'RecordedSite': True, 'Error': [50115, 'BadFWJRXML', {}]}, '39': {'Retries': 2, 'Restarts': 0, 'SiteHistory': ['Unknown', 'T2_IT_Pisa', 'T2_IT_Pisa', 'T2_IT_Pisa', 'T2_IT_Pisa', 'T2_IT_Pisa', 'T2_IT_Pisa'], 'ResidentSetSize': [51948, 26564, 45920], 'SubmitTimes': [1742226500.0, 1742227802.0, 1742228163.0], 'StartTimes': [1742227588.0, 1742227902.0, 1742228267.0], 'EndTimes': [1742227725.0, 1742228033.0, 1742228365.0], 'TotalUserCpuTimeHistory': [37, 47, 39], 'TotalSysCpuTimeHistory': [1, 0, 0], 'WallDurations': [137.0, 172.6409022808075, 172.6409022808075, 131.0, 159.0539059638977, 9.0, 98.0], 'JobIds': ['78943673.0', '78952119.0', '78954362.0'], 'State': 'failed', 'RecordedSite': True, 'Error': [50115, 'BadFWJRXML', {}]}, '42': {'Retries': 2, 'Restarts': 0, 'SiteHistory': ['Unknown', 'T2_IT_Pisa', 'T2_IT_Pisa', 'T2_IT_Pisa', 'T2_IT_Pisa', 'T2_IT_Pisa', 'T2_IT_Pisa'], 'ResidentSetSize': [51936, 68372, 62436], 'SubmitTimes': [1742226500.0, 1742227802.0, 1742228098.0], 'StartTimes': [1742227586.0, 1742227880.0, 1742228114.0], 'EndTimes': [1742227724.0, 1742227966.0, 1742228293.0], 'TotalUserCpuTimeHistory': [26, 31, 42], 'TotalSysCpuTimeHistory': [0, 0, 0], 'WallDurations': [138.0, 174.6409022808075, 174.6409022808075, 86.0, 181.0539059638977, 179.0, 247.52693486213684], 'JobIds': ['78943674.0', '78952117.0', '78953701.0'], 'State': 'failed', 'RecordedSite': True, 'Error': [50115, 'BadFWJRXML', {}]}, '46': {'Retries': 2, 'Restarts': 0, 'SiteHistory': ['Unknown', 'T2_IT_Pisa', 'T2_IT_Pisa', 'T2_IT_Pisa', 'T2_IT_Pisa', 'T2_IT_Pisa', 'T2_IT_Pisa'], 'ResidentSetSize': [48716, 45068, 53832], 'SubmitTimes': [1742226500.0, 1742227812.0, 1742228234.0], 'StartTimes': [1742227596.0, 1742227916.0, 1742228271.0], 'EndTimes': [1742227740.0, 1742228107.0, 1742228407.0], 'TotalUserCpuTimeHistory': [48, 55, 34], 'TotalSysCpuTimeHistory': [0, 1, 0], 'WallDurations': [144.0, 164.6409022808075, 164.6409022808075, 8.0, 191.0, 8.0, 136.0], 'JobIds': ['78943675.0', '78952240.0', '78954918.0'], 'State': 'failed', 'RecordedSite': True, 'Error': [50115, 'BadFWJRXML', {}]}, '55': {'Retries': 2, 'Restarts': 0, 'SiteHistory': ['Unknown', 'T2_IT_Pisa', 'T2_IT_Pisa', 'T2_IT_Pisa', 'T2_IT_Pisa', 'T2_IT_Pisa', 'T2_IT_Pisa'], 'ResidentSetSize': [175684, 54404, 197060], 'SubmitTimes': [1742226500.0, 1742227812.0, 1742228163.0], 'StartTimes': [1742227592.0, 1742227902.0, 1742228174.0], 'EndTimes': [1742227737.0, 1742228032.0, 1742228325.0], 'TotalUserCpuTimeHistory': [36, 46, 36], 'TotalSysCpuTimeHistory': [1, 0, 0], 'WallDurations': [145.0, 168.6409022808075, 168.6409022808075, 130.0, 159.0539059638977, 151.0, 187.52693486213684], 'JobIds': ['78943676.0', '78952239.0', '78954360.0'], 'State': 'failed', 'RecordedSite': True}, '50': {'Retries': 2, 'Restarts': 0, 'SiteHistory': ['Unknown', 'T2_IT_Pisa', 'T2_IT_Pisa', 'T2_IT_Pisa', 'T2_IT_Pisa', 'T2_IT_Pisa', 'T2_IT_Pisa'], 'ResidentSetSize': [13452, 37152, 35068], 'SubmitTimes': [1742226500.0, 1742227965.0, 1742228260.0], 'StartTimes': [1742227759.0, 1742227997.0, 1742228299.0], 'EndTimes': [1742227895.0, 1742228130.0, 1742228489.0], 'TotalUserCpuTimeHistory': [40, 37, 39], 'TotalSysCpuTimeHistory': [0, 1, 0], 'WallDurations': [0, 1.6409022808074951, 136.0, 9.0, 133.0, 8.0, 190.0], 'JobIds': ['78943678.0', '78953579.0', '78954924.0'], 'State': 'failed', 'RecordedSite': True, 'Error': [50115, 'BadFWJRXML', {}]}, '53': {'Retries': 2, 'Restarts': 0, 'SiteHistory': ['Unknown', 'T2_IT_Pisa', 'T2_IT_Pisa', 'T2_IT_Pisa', 'T2_IT_Pisa', 'T2_IT_Pisa', 'T2_IT_Pisa'], 'ResidentSetSize': [52616, 51040, 195600], 'SubmitTimes': [1742226500.0, 1742227950.0, 1742228260.0], 'StartTimes': [1742227741.0, 1742227997.0, 1742228298.0], 'EndTimes': [1742227876.0, 1742228130.0, 1742228490.0], 'TotalUserCpuTimeHistory': [30, 24, 46], 'TotalSysCpuTimeHistory': [0, 0, 1], 'WallDurations': [8.0, 19.640902280807495, 135.0, 9.0, 133.0, 10.0, 192.0], 'JobIds': ['78943679.0', '78953577.0', '78954922.0'], 'State': 'failed', 'RecordedSite': True, 'Error': [50115, 'BadFWJRXML', {}]}, '49': {'Retries': 2, 'Restarts': 0, 'SiteHistory': ['Unknown', 'T2_IT_Pisa', 'T2_IT_Pisa', 'T2_IT_Pisa', 'T2_IT_Pisa', 'T2_IT_Pisa', 'T2_IT_Pisa'], 'ResidentSetSize': [42828, 49104, 3816], 'SubmitTimes': [1742226500.0, 1742227950.0, 1742228259.0], 'StartTimes': [1742227750.0, 1742227998.0, 1742228276.0], 'EndTimes': [1742227882.0, 1742228129.0, 1742228407.0], 'TotalUserCpuTimeHistory': [33, 26, 35], 'TotalSysCpuTimeHistory': [0, 0, 1], 'WallDurations': [9.0, 10.640902280807495, 132.0, 9.0, 131.0, 9.0, 131.0], 'JobIds': ['78943680.0', '78953578.0', '78954921.0'], 'State': 'failed', 'RecordedSite': True, 'Error': [50115, 'BadFWJRXML', {}]}, '54': {'Retries': 2, 'Restarts': 0, 'SiteHistory': ['Unknown', 'T2_IT_Pisa', 'T2_IT_Pisa', 'T2_IT_Pisa', 'T2_IT_Pisa', 'T2_IT_Pisa', 'T2_IT_Pisa'], 'ResidentSetSize': [36940, 66912, 45928], 'SubmitTimes': [1742226500.0, 1742227950.0, 1742228193.0], 'StartTimes': [1742227788.0, 1742227970.0, 1742228267.0], 'EndTimes': [1742227877.0, 1742228065.0, 1742228364.0], 'TotalUserCpuTimeHistory': [44, 45, 38], 'TotalSysCpuTimeHistory': [0, 1, 0], 'WallDurations': [89.0, 9.0, 91.0539059638977, 91.0539059638977, 95.0, 9.0, 97.0], 'JobIds': ['78943681.0', '78953576.0', '78954709.0'], 'State': 'failed', 'RecordedSite': True, 'Error': [50115, 'BadFWJRXML', {}]}, '52': {'Retries': 2, 'Restarts': 0, 'SiteHistory': ['Unknown', 'T2_IT_Pisa', 'T2_IT_Pisa', 'T2_IT_Pisa', 'T2_IT_Pisa', 'T2_IT_Pisa', 'T2_IT_Pisa'], 'ResidentSetSize': [44632, 66916, 52496], 'SubmitTimes': [1742226500.0, 1742227940.0, 1742228193.0], 'StartTimes': [1742227781.0, 1742227969.0, 1742228272.0], 'EndTimes': [1742227873.0, 1742228065.0, 1742228407.0], 'TotalUserCpuTimeHistory': [34, 46, 34], 'TotalSysCpuTimeHistory': [0, 0, 0], 'WallDurations': [92.0, 8.0, 92.0539059638977, 92.0539059638977, 96.0, 10.0, 135.0], 'JobIds': ['78943682.0', '78953573.0', '78954710.0'], 'State': 'failed', 'RecordedSite': True, 'Error': [50115, 'BadFWJRXML', {}]}, '45': {'Retries': 2, 'Restarts': 0, 'SiteHistory': ['Unknown', 'T2_IT_Pisa', 'T2_IT_Pisa', 'T2_IT_Pisa', 'T2_IT_Pisa', 'T2_IT_Pisa', 'T2_IT_Pisa'], 'ResidentSetSize': [5444, 19248, 51648], 'SubmitTimes': [1742226500.0, 1742228368.0, 1742228685.0], 'StartTimes': [1742228124.0, 1742228413.0, 1742228692.0], 'EndTimes': [1742228297.0, 1742228551.0, 1742228760.0], 'TotalUserCpuTimeHistory': [51, 32, 26], 'TotalSysCpuTimeHistory': [1, 0, 1], 'WallDurations': [173.0, 237.52693486213684, 237.52693486213684, 138.0, 249.19376349449158, 68.0, 270.70829343795776], 'JobIds': ['78943683.0', '78955749.0', '78959468.0'], 'State': 'failed', 'RecordedSite': True, 'Error': [50115, 'BadFWJRXML', {}]}, '62': {'Retries': 2, 'Restarts': 0, 'SiteHistory': ['Unknown', 'T2_IT_Pisa', 'T2_IT_Pisa', 'T2_IT_Pisa', 'T2_IT_Pisa', 'T2_IT_Pisa', 'T2_IT_Pisa'], 'ResidentSetSize': [7016, 72084, 70040], 'SubmitTimes': [1742226500.0, 1742228336.0, 1742228580.0], 'StartTimes': [1742228132.0, 1742228388.0, 1742228595.0], 'EndTimes': [1742228267.0, 1742228454.0, 1742228670.0], 'TotalUserCpuTimeHistory': [37, 28, 15], 'TotalSysCpuTimeHistory': [1, 2, 0], 'WallDurations': [135.0, 0, 66.0, 8.0, 67.19376349449158, 67.19376349449158, 75.0], 'JobIds': ['78943684.0', '78955395.0', '78958287.0'], 'State': 'failed', 'RecordedSite': True, 'Error': [50115, 'BadFWJRXML', {}]}, '63': {'Retries': 2, 'Restarts': 0, 'SiteHistory': ['Unknown', 'T2_IT_Pisa', 'T2_IT_Pisa', 'T2_IT_Pisa', 'T2_IT_Pisa', 'T2_IT_Pisa', 'T2_IT_Pisa'], 'ResidentSetSize': [62376, 22420, 52060], 'SubmitTimes': [1742226500.0, 1742228336.0, 1742228685.0], 'StartTimes': [1742228135.0, 1742228411.0, 1742228704.0], 'EndTimes': [1742228267.0, 1742228550.0, 1742228843.0], 'TotalUserCpuTimeHistory': [36, 32, 28], 'TotalSysCpuTimeHistory': [0, 0, 0], 'WallDurations': [132.0, 0, 139.0, 251.19376349449158, 251.19376349449158, 139.0, 258.70829343795776], 'JobIds': ['78943685.0', '78955398.0', '78959469.0'], 'State': 'failed', 'RecordedSite': True, 'Error': [50115, 'BadFWJRXML', {}]}, '56': {'Retries': 2, 'Restarts': 0, 'SiteHistory': ['Unknown', 'T2_IT_Pisa', 'T2_IT_Pisa', 'T2_IT_Pisa', 'T2_IT_Pisa', 'T2_IT_Pisa', 'T2_IT_Pisa'], 'ResidentSetSize': [52640, 44396, 9160], 'SubmitTimes': [1742226500.0, 1742228336.0, 1742228590.0], 'StartTimes': [1742228134.0, 1742228388.0, 1742228596.0], 'EndTimes': [1742228267.0, 1742228458.0, 1742228746.0], 'TotalUserCpuTimeHistory': [36, 26, 56], 'TotalSysCpuTimeHistory': [0, 2, 2], 'WallDurations': [133.0, 0, 70.0, 8.0, 66.19376349449158, 66.19376349449158, 150.0], 'JobIds': ['78943686.0', '78955392.0', '78958384.0'], 'State': 'failed', 'RecordedSite': True, 'Error': [50115, 'BadFWJRXML', {}]}, '57': {'Retries': 2, 'Restarts': 0, 'SiteHistory': ['Unknown', 'T2_IT_Pisa', 'T2_IT_Pisa', 'T2_IT_Pisa', 'T2_IT_Pisa', 'T2_IT_Pisa', 'T2_IT_Pisa'], 'ResidentSetSize': [5760, 49368, 44604], 'SubmitTimes': [1742226500.0, 1742228389.0, 1742228686.0], 'StartTimes': [1742228169.0, 1742228415.0, 1742228697.0], 'EndTimes': [1742228319.0, 1742228550.0, 1742228839.0], 'TotalUserCpuTimeHistory': [38, 32, 20], 'TotalSysCpuTimeHistory': [0, 0, 0], 'WallDurations': [150.0, 192.52693486213684, 192.52693486213684, 135.0, 247.19376349449158, 142.0, 265.70829343795776], 'JobIds': ['78943687.0', '78955906.0', '78959470.0'], 'State': 'failed', 'RecordedSite': True, 'Error': [50115, 'BadFWJRXML', {}]}, '61': {'Retries': 2, 'Restarts': 0, 'SiteHistory': ['Unknown', 'T2_IT_Pisa', 'T2_IT_Pisa', 'T2_IT_Pisa', 'T2_IT_Pisa', 'T2_IT_Pisa', 'T2_IT_Pisa'], 'ResidentSetSize': [38500, 39716, 45904], 'SubmitTimes': [1742226500.0, 1742228389.0, 1742228659.0], 'StartTimes': [1742228167.0, 1742228422.0, 1742228679.0], 'EndTimes': [1742228318.0, 1742228527.0, 1742228757.0], 'TotalUserCpuTimeHistory': [39, 8, 26], 'TotalSysCpuTimeHistory': [0, 0, 2], 'WallDurations': [151.0, 194.52693486213684, 194.52693486213684, 105.0, 78.0, 283.70829343795776, 283.70829343795776], 'JobIds': ['78943688.0', '78955910.0', '78959165.0'], 'State': 'failed', 'RecordedSite': True, 'Error': [50115, 'BadFWJRXML', {}]}, '60': {'Retries': 2, 'Restarts': 0, 'SiteHistory': ['Unknown', 'T2_IT_Pisa', 'T2_IT_Pisa', 'T2_IT_Pisa', 'T2_IT_Pisa', 'T2_IT_Pisa', 'T2_IT_Pisa'], 'ResidentSetSize': [11428, 58456, 17848], 'SubmitTimes': [1742226500.0, 1742228336.0, 1742228596.0], 'StartTimes': [1742228169.0, 1742228368.0, 1742228607.0], 'EndTimes': [1742228264.0, 1742228461.0, 1742228747.0], 'TotalUserCpuTimeHistory': [36, 36, 41], 'TotalSysCpuTimeHistory': [1, 1, 0], 'WallDurations': [95.0, 0, 93.0, 8.0, 55.19376349449158, 55.19376349449158, 140.0], 'JobIds': ['78943689.0', '78955390.0', '78958455.0'], 'State': 'failed', 'RecordedSite': True, 'Error': [50115, 'BadFWJRXML', {}]}, '48': {'Retries': 2, 'Restarts': 0, 'SiteHistory': ['Unknown', 'T2_IT_Pisa', 'T2_IT_Pisa', 'T2_IT_Pisa', 'T2_IT_Pisa', 'T2_IT_Pisa', 'T2_IT_Pisa'], 'ResidentSetSize': [35360, 72004, 38672], 'SubmitTimes': [1742226500.0, 1742228331.0, 1742228595.0], 'StartTimes': [1742228167.0, 1742228367.0, 1742228604.0], 'EndTimes': [1742228265.0, 1742228461.0, 1742228679.0], 'TotalUserCpuTimeHistory': [38, 48, 27], 'TotalSysCpuTimeHistory': [1, 1, 2], 'WallDurations': [98.0, 0, 94.0, 8.0, 58.19376349449158, 58.19376349449158, 75.0], 'JobIds': ['78943690.0', '78955342.0', '78958454.0'], 'State': 'failed', 'RecordedSite': True, 'Error': [50115, 'BadFWJRXML', {}]}, '64': {'Retries': 2, 'Restarts': 0, 'SiteHistory': ['Unknown', 'T2_IT_Pisa', 'T2_IT_Pisa', 'T2_IT_Pisa', 'T2_IT_Pisa', 'T2_IT_Pisa', 'T2_IT_Pisa'], 'ResidentSetSize': [197428, 32944, 67364], 'SubmitTimes': [1742226500.0, 1742228559.0, 1742228846.0], 'StartTimes': [1742228300.0, 1742228589.0, 1742228873.0], 'EndTimes': [1742228490.0, 1742228717.0, 1742229000.0], 'TotalUserCpuTimeHistory': [45, 41, 33], 'TotalSysCpuTimeHistory': [0, 2, 0], 'WallDurations': [9.0, 61.52693486213684, 190.0, 9.0, 128.0, 9.0, 127.0], 'JobIds': ['78943691.0', '78958078.0', '78960122.0'], 'State': 'failed', 'RecordedSite': True, 'Error': [50115, 'BadFWJRXML', {}]}, '41': {'Retries': 2, 'Restarts': 0, 'SiteHistory': ['Unknown', 'T2_IT_Pisa', 'T2_IT_Pisa', 'T2_IT_Pisa', 'T2_IT_Pisa', 'T2_IT_Pisa', 'T2_IT_Pisa'], 'ResidentSetSize': [33016, 73132, 68868], 'SubmitTimes': [1742226500.0, 1742228533.0, 1742228751.0], 'StartTimes': [1742228303.0, 1742228557.0, 1742228761.0], 'EndTimes': [1742228463.0, 1742228619.0, 1742228842.0], 'TotalUserCpuTimeHistory': [42, 21, 36], 'TotalSysCpuTimeHistory': [2, 1, 2], 'WallDurations': [8.0, 58.52693486213684, 160.0, 62.0, 105.19376349449158, 81.0, 201.70829343795776], 'JobIds': ['78943692.0', '78957828.0', '78960083.0'], 'State': 'failed', 'RecordedSite': True, 'Error': [50115, 'BadFWJRXML', {}]}, '69': {'Retries': 2, 'Restarts': 0, 'SiteHistory': ['Unknown', 'T2_IT_Pisa', 'T2_IT_Pisa', 'T2_IT_Pisa', 'T2_IT_Pisa', 'T2_IT_Pisa', 'T2_IT_Pisa'], 'ResidentSetSize': [66104, 44644, 45164], 'SubmitTimes': [1742226501.0, 1742228543.0, 1742228788.0], 'StartTimes': [1742228303.0, 1742228560.0, 1742228800.0], 'EndTimes': [1742228470.0, 1742228656.0, 1742228929.0], 'TotalUserCpuTimeHistory': [43, 38, 39], 'TotalSysCpuTimeHistory': [0, 0, 0], 'WallDurations': [9.0, 58.52693486213684, 167.0, 96.0, 102.19376349449158, 129.0, 162.70829343795776], 'JobIds': ['78943694.0', '78957916.0', '78960093.0'], 'State': 'failed', 'RecordedSite': True}, '51': {'Retries': 2, 'Restarts': 0, 'SiteHistory': ['Unknown', 'T2_IT_Pisa', 'T2_IT_Pisa', 'T2_IT_Pisa', 'T2_IT_Pisa', 'T2_IT_Pisa', 'T2_IT_Pisa'], 'ResidentSetSize': [53468, 67428, 44888], 'SubmitTimes': [1742226501.0, 1742228532.0, 1742228856.0], 'StartTimes': [1742228303.0, 1742228558.0, 1742228874.0], 'EndTimes': [1742228459.0, 1742228728.0, 1742229011.0], 'TotalUserCpuTimeHistory': [43, 16, 49], 'TotalSysCpuTimeHistory': [0, 0, 2], 'WallDurations': [9.0, 58.52693486213684, 156.0, 8.0, 170.0, 8.0, 137.0], 'JobIds': ['78943696.0', '78957825.0', '78960230.0'], 'State': 'failed', 'RecordedSite': True, 'Error': [50115, 'BadFWJRXML', {}]}, '70': {'Retries': 2, 'Restarts': 0, 'SiteHistory': ['Unknown', 'T2_IT_Pisa', 'T2_IT_Pisa', 'T2_IT_Pisa', 'T2_IT_Pisa', 'T2_IT_Pisa', 'T2_IT_Pisa'], 'ResidentSetSize': [36944, 4092, 51444], 'SubmitTimes': [1742226501.0, 1742228455.0, 1742228729.0], 'StartTimes': [1742228302.0, 1742228461.0, 1742228749.0], 'EndTimes': [1742228383.0, 1742228597.0, 1742228920.0], 'TotalUserCpuTimeHistory': [29, 52, 44], 'TotalSysCpuTimeHistory': [0, 2, 0], 'WallDurations': [8.0, 59.52693486213684, 81.0, 136.0, 201.19376349449158, 171.0, 213.70829343795776], 'JobIds': ['78943698.0', '78956702.0', '78960078.0'], 'State': 'failed', 'RecordedSite': True, 'Error': [50115, 'BadFWJRXML', {}]}, '65': {'Retries': 2, 'Restarts': 0, 'SiteHistory': ['Unknown', 'T2_IT_Pisa', 'T2_IT_Pisa', 'T2_IT_Pisa', 'T2_IT_Pisa', 'T2_IT_Pisa', 'T2_IT_Pisa'], 'ResidentSetSize': [4072, 4356, 39060], 'SubmitTimes': [1742226501.0, 1742228553.0, 1742228794.0], 'StartTimes': [1742228328.0, 1742228562.0, 1742228812.0], 'EndTimes': [1742228482.0, 1742228661.0, 1742228917.0], 'TotalUserCpuTimeHistory': [21, 35, 39], 'TotalSysCpuTimeHistory': [0, 0, 3], 'WallDurations': [9.0, 33.52693486213684, 154.0, 99.0, 100.19376349449158, 105.0, 150.70829343795776], 'JobIds': ['78943700.0', '78958035.0', '78960095.0'], 'State': 'failed', 'RecordedSite': True, 'Error': [50115, 'BadFWJRXML', {}]}, '75': {'Retries': 2, 'Restarts': 0, 'SiteHistory': ['Unknown', 'T2_IT_Pisa', 'T2_IT_Pisa', 'T2_IT_Pisa', 'T2_IT_Pisa', 'T2_IT_Pisa', 'T2_IT_Pisa'], 'ResidentSetSize': [56620, 146832, 67388], 'SubmitTimes': [1742226501.0, 1742228486.0, 1742228824.0], 'StartTimes': [1742228302.0, 1742228505.0, 1742228848.0], 'EndTimes': [1742228418.0, 1742228695.0, 1742228919.0], 'TotalUserCpuTimeHistory': [31, 40, 16], 'TotalSysCpuTimeHistory': [1, 0, 0], 'WallDurations': [8.0, 59.52693486213684, 116.0, 9.0, 190.0, 71.0, 114.70829343795776], 'JobIds': ['78943702.0', '78957120.0', '78960099.0'], 'State': 'failed', 'RecordedSite': True, 'Error': [50115, 'BadFWJRXML', {}]}, '74': {'Retries': 2, 'Restarts': 0, 'SiteHistory': ['Unknown', 'T2_IT_Pisa', 'T2_IT_Pisa', 'T2_IT_Pisa', 'T2_IT_Pisa', 'T2_IT_Pisa', 'T2_IT_Pisa'], 'ResidentSetSize': [69624, 49172, 46264], 'SubmitTimes': [1742226501.0, 1742228570.0, 1742228856.0], 'StartTimes': [1742228314.0, 1742228587.0, 1742228873.0], 'EndTimes': [1742228500.0, 1742228724.0, 1742228974.0], 'TotalUserCpuTimeHistory': [37, 55, 15], 'TotalSysCpuTimeHistory': [1, 3, 0], 'WallDurations': [8.0, 47.52693486213684, 186.0, 9.0, 137.0, 8.0, 101.0], 'JobIds': ['78943703.0', '78958186.0', '78960224.0'], 'State': 'failed', 'RecordedSite': True, 'Error': [50115, 'BadFWJRXML', {}]}, '68': {'Retries': 2, 'Restarts': 0, 'SiteHistory': ['Unknown', 'T2_IT_Pisa', 'T2_IT_Pisa', 'T2_IT_Pisa', 'T2_IT_Pisa', 'T2_IT_Pisa', 'T2_IT_Pisa'], 'ResidentSetSize': [73088, 41108, 48840], 'SubmitTimes': [1742226501.0, 1742228516.0, 1742228824.0], 'StartTimes': [1742228324.0, 1742228562.0, 1742228842.0], 'EndTimes': [1742228445.0, 1742228693.0, 1742228990.0], 'TotalUserCpuTimeHistory': [18, 28, 33], 'TotalSysCpuTimeHistory': [0, 0, 0], 'WallDurations': [8.0, 37.52693486213684, 121.0, 8.0, 131.0, 9.0, 148.0], 'JobIds': ['78943704.0', '78957575.0', '78960100.0'], 'State': 'failed', 'RecordedSite': True, 'Error': [50115, 'BadFWJRXML', {}]}, '76': {'Retries': 2, 'Restarts': 0, 'SiteHistory': ['Unknown', 'T2_IT_Pisa', 'T2_IT_Pisa', 'T2_IT_Pisa', 'T2_IT_Pisa', 'T2_IT_Pisa', 'T2_IT_Pisa'], 'ResidentSetSize': [97736, 53820, 48840], 'SubmitTimes': [1742226501.0, 1742228521.0, 1742228829.0], 'StartTimes': [1742228302.0, 1742228558.0, 1742228844.0], 'EndTimes': [1742228447.0, 1742228693.0, 1742228990.0], 'TotalUserCpuTimeHistory': [43, 32, 33], 'TotalSysCpuTimeHistory': [1, 0, 0], 'WallDurations': [8.0, 59.52693486213684, 145.0, 9.0, 135.0, 9.0, 146.0], 'JobIds': ['78943705.0', '78957696.0', '78960102.0'], 'State': 'failed', 'RecordedSite': True, 'Error': [50115, 'BadFWJRXML', {}]}, '67': {'Retries': 2, 'Restarts': 0, 'SiteHistory': ['Unknown', 'T2_IT_Pisa', 'T2_IT_Pisa', 'T2_IT_Pisa', 'T2_IT_Pisa', 'T2_IT_Pisa', 'T2_IT_Pisa'], 'ResidentSetSize': [51380, 280684, 67368], 'SubmitTimes': [1742226501.0, 1742228553.0, 1742228846.0], 'StartTimes': [1742228332.0, 1742228567.0, 1742228875.0], 'EndTimes': [1742228484.0, 1742228715.0, 1742229000.0], 'TotalUserCpuTimeHistory': [47, 26, 32], 'TotalSysCpuTimeHistory': [0, 0, 1], 'WallDurations': [9.0, 29.52693486213684, 152.0, 8.0, 148.0, 9.0, 125.0], 'JobIds': ['78943706.0', '78958038.0', '78960119.0'], 'State': 'failed', 'RecordedSite': True, 'Error': [50115, 'BadFWJRXML', {}]}, '66': {'Retries': 2, 'Restarts': 0, 'SiteHistory': ['Unknown', 'T2_IT_Pisa', 'T2_IT_Pisa', 'T2_IT_Pisa', 'T2_IT_Pisa', 'T2_IT_Pisa', 'T2_IT_Pisa'], 'ResidentSetSize': [62600, 99512, 54600], 'SubmitTimes': [1742226501.0, 1742228511.0, 1742228756.0], 'StartTimes': [1742228303.0, 1742228530.0, 1742228767.0], 'EndTimes': [1742228434.0, 1742228627.0, 1742228870.0], 'TotalUserCpuTimeHistory': [26, 15, 22], 'TotalSysCpuTimeHistory': [0, 0, 0], 'WallDurations': [9.0, 58.52693486213684, 131.0, 97.0, 132.19376349449158, 103.0, 195.70829343795776], 'JobIds': ['78943707.0', '78957546.0', '78960084.0'], 'State': 'failed', 'RecordedSite': True, 'Error': [50115, 'BadFWJRXML', {}]}, '47': {'Retries': 2, 'Restarts': 0, 'SiteHistory': ['Unknown', 'T2_IT_Pisa', 'T2_IT_Pisa', 'T2_IT_Pisa', 'T2_IT_Pisa', 'T2_IT_Pisa', 'T2_IT_Pisa'], 'ResidentSetSize': [98688, 210104, 97772], 'SubmitTimes': [1742226501.0, 1742228521.0, 1742228872.0], 'StartTimes': [1742228303.0, 1742228558.0, 1742228882.0], 'EndTimes': [1742228452.0, 1742228745.0, 1742228974.0], 'TotalUserCpuTimeHistory': [50, 34, 25], 'TotalSysCpuTimeHistory': [1, 0, 0], 'WallDurations': [8.0, 58.52693486213684, 149.0, 8.0, 187.0, 10.0, 92.0], 'JobIds': ['78943708.0', '78957700.0', '78960455.0'], 'State': 'failed', 'RecordedSite': True, 'Error': [50115, 'BadFWJRXML', {}]}, '73': {'Retries': 2, 'Restarts': 0, 'SiteHistory': ['Unknown', 'T2_IT_Pisa', 'T2_IT_Pisa', 'T2_IT_Pisa', 'T2_IT_Pisa', 'T2_IT_Pisa', 'T2_IT_Pisa'], 'ResidentSetSize': [9584, 48756, 65716], 'SubmitTimes': [1742226501.0, 1742228553.0, 1742228835.0], 'StartTimes': [1742228324.0, 1742228573.0, 1742228846.0], 'EndTimes': [1742228486.0, 1742228705.0, 1742228938.0], 'TotalUserCpuTimeHistory': [48, 45, 37], 'TotalSysCpuTimeHistory': [0, 2, 1], 'WallDurations': [9.0, 37.52693486213684, 162.0, 9.0, 132.0, 92.0, 116.70829343795776], 'JobIds': ['78943709.0', '78958041.0', '78960105.0'], 'State': 'failed', 'RecordedSite': True}, '78': {'Retries': 2, 'Restarts': 0, 'SiteHistory': ['Unknown', 'T2_IT_Pisa', 'T2_IT_Pisa', 'T2_IT_Pisa', 'T2_IT_Pisa', 'T2_IT_Pisa', 'T2_IT_Pisa'], 'ResidentSetSize': [38468, 68916, 93332], 'SubmitTimes': [1742226501.0, 1742228511.0, 1742228724.0], 'StartTimes': [1742228308.0, 1742228527.0, 1742228731.0], 'EndTimes': [1742228435.0, 1742228592.0, 1742228809.0], 'TotalUserCpuTimeHistory': [40, 30, 8], 'TotalSysCpuTimeHistory': [1, 2, 0], 'WallDurations': [8.0, 53.52693486213684, 127.0, 65.0, 135.19376349449158, 78.0, 231.70829343795776], 'JobIds': ['78943710.0', '78957544.0', '78959982.0'], 'State': 'failed', 'RecordedSite': True, 'Error': [50115, 'BadFWJRXML', {}]}, '71': {'Retries': 2, 'Restarts': 0, 'SiteHistory': ['Unknown', 'T2_IT_Pisa', 'T2_IT_Pisa', 'T2_IT_Pisa', 'T2_IT_Pisa', 'T2_IT_Pisa', 'T2_IT_Pisa'], 'ResidentSetSize': [44648, 54896, 67888], 'SubmitTimes': [1742226501.0, 1742228521.0, 1742228829.0], 'StartTimes': [1742228308.0, 1742228558.0, 1742228845.0], 'EndTimes': [1742228449.0, 1742228693.0, 1742228927.0], 'TotalUserCpuTimeHistory': [45, 32, 33], 'TotalSysCpuTimeHistory': [2, 0, 2], 'WallDurations': [8.0, 53.52693486213684, 141.0, 9.0, 135.0, 82.0, 117.70829343795776], 'JobIds': ['78943711.0', '78957698.0', '78960103.0'], 'State': 'failed', 'RecordedSite': True, 'Error': [50115, 'BadFWJRXML', {}]}, '72': {'Retries': 2, 'Restarts': 0, 'SiteHistory': ['Unknown', 'T2_IT_Pisa', 'T2_IT_Pisa', 'T2_IT_Pisa', 'T2_IT_Pisa', 'T2_IT_Pisa', 'T2_IT_Pisa'], 'ResidentSetSize': [46316, 52484, 207716], 'SubmitTimes': [1742226502.0, 1742228553.0, 1742228840.0], 'StartTimes': [1742228334.0, 1742228593.0, 1742228845.0], 'EndTimes': [1742228485.0, 1742228711.0, 1742228940.0], 'TotalUserCpuTimeHistory': [48, 19, 46], 'TotalSysCpuTimeHistory': [0, 0, 1], 'WallDurations': [9.0, 27.52693486213684, 151.0, 9.0, 118.0, 95.0, 117.70829343795776], 'JobIds': ['78943712.0', '78958044.0', '78960109.0'], 'State': 'failed', 'RecordedSite': True}, '80': {'Retries': 2, 'Restarts': 0, 'SiteHistory': ['Unknown', 'T2_IT_Pisa', 'T2_IT_Pisa', 'T2_IT_Pisa', 'T2_IT_Pisa', 'T2_IT_Pisa', 'T2_IT_Pisa'], 'ResidentSetSize': [38464, 164320, 214704], 'SubmitTimes': [1742226502.0, 1742228454.0, 1742228654.0], 'StartTimes': [1742228302.0, 1742228462.0, 1742228664.0], 'EndTimes': [1742228383.0, 1742228523.0, 1742228754.0], 'TotalUserCpuTimeHistory': [38, 18, 43], 'TotalSysCpuTimeHistory': [3, 0, 0], 'WallDurations': [9.0, 59.52693486213684, 81.0, 61.0, 90.0, 298.70829343795776, 298.70829343795776], 'JobIds': ['78943713.0', '78956696.0', '78959105.0'], 'State': 'failed', 'RecordedSite': True, 'Error': [50115, 'BadFWJRXML', {}]}, '79': {'Retries': 2, 'Restarts': 0, 'SiteHistory': ['Unknown', 'T2_IT_Pisa', 'T2_IT_Pisa', 'T2_IT_Pisa', 'T2_IT_Pisa', 'T2_IT_Pisa', 'T2_IT_Pisa'], 'ResidentSetSize': [44660, 44388, 51992], 'SubmitTimes': [1742226502.0, 1742228506.0, 1742228735.0], 'StartTimes': [1742228302.0, 1742228535.0, 1742228748.0], 'EndTimes': [1742228435.0, 1742228601.0, 1742228896.0], 'TotalUserCpuTimeHistory': [48, 14, 41], 'TotalSysCpuTimeHistory': [3, 0, 2], 'WallDurations': [10.0, 59.52693486213684, 133.0, 66.0, 127.19376349449158, 148.0, 214.70829343795776], 'JobIds': ['78943714.0', '78957379.0', '78960079.0'], 'State': 'failed', 'RecordedSite': True, 'Error': [50115, 'BadFWJRXML', {}]}, '59': {'Retries': 2, 'Restarts': 0, 'SiteHistory': ['Unknown', 'T2_IT_Pisa', 'T2_IT_Pisa', 'T2_IT_Pisa', 'T2_IT_Pisa', 'T2_IT_Pisa', 'T2_IT_Pisa'], 'ResidentSetSize': [37644, 8216, 201128], 'SubmitTimes': [1742226502.0, 1742228532.0, 1742228982.0], 'StartTimes': [1742228312.0, 1742228558.0, 1742228988.0], 'EndTimes': [1742228458.0, 1742228854.0, 1742229121.0], 'TotalUserCpuTimeHistory': [48, 18, 37], 'TotalSysCpuTimeHistory': [1, 0, 1], 'WallDurations': [9.0, 49.52693486213684, 146.0, 9.0, 296.0, 133.0, 275.18350648880005], 'JobIds': ['78943715.0', '78957826.0', '78960695.0'], 'State': 'failed', 'RecordedSite': True, 'Error': [50115, 'BadFWJRXML', {}]}, '77': {'Retries': 2, 'Restarts': 0, 'SiteHistory': ['Unknown', 'T2_IT_Pisa', 'T2_IT_Pisa', 'T2_IT_Pisa', 'T2_IT_Pisa', 'T2_IT_Pisa', 'T2_IT_Pisa'], 'ResidentSetSize': [31412, 51948, 65932], 'SubmitTimes': [1742226502.0, 1742228533.0, 1742228793.0], 'StartTimes': [1742228328.0, 1742228558.0, 1742228814.0], 'EndTimes': [1742228464.0, 1742228663.0, 1742228919.0], 'TotalUserCpuTimeHistory': [42, 25, 49], 'TotalSysCpuTimeHistory': [0, 0, 3], 'WallDurations': [10.0, 33.52693486213684, 136.0, 10.0, 105.0, 105.0, 148.70829343795776], 'JobIds': ['78943716.0', '78957829.0', '78960094.0'], 'State': 'failed', 'RecordedSite': True, 'Error': [50115, 'BadFWJRXML', {}]}, '58': {'Retries': 2, 'Restarts': 0, 'SiteHistory': ['Unknown', 'T2_IT_Pisa', 'T2_IT_Pisa', 'T2_IT_Pisa', 'T2_IT_Pisa', 'T2_IT_Pisa', 'T2_IT_Pisa'], 'ResidentSetSize': [4072, 49148, 37320], 'SubmitTimes': [1742226502.0, 1742228538.0, 1742228862.0], 'StartTimes': [1742228335.0, 1742228562.0, 1742228889.0], 'EndTimes': [1742228467.0, 1742228735.0, 1742229048.0], 'TotalUserCpuTimeHistory': [37, 46, 10], 'TotalSysCpuTimeHistory': [0, 0, 0], 'WallDurations': [8.0, 26.52693486213684, 132.0, 8.0, 173.0, 9.0, 159.0], 'JobIds': ['78943717.0', '78957900.0', '78960308.0'], 'State': 'failed', 'RecordedSite': True, 'Error': [50115, 'BadFWJRXML', {}]}, '84': {'Retries': 2, 'Restarts': 0, 'SiteHistory': ['Unknown', 'T2_IT_Pisa', 'T2_IT_Pisa', 'T2_IT_Pisa', 'T2_IT_Pisa', 'T2_IT_Pisa', 'T2_IT_Pisa'], 'ResidentSetSize': [6624, 197920, 49096], 'SubmitTimes': [1742226502.0, 1742228543.0, 1742228829.0], 'StartTimes': [1742228332.0, 1742228577.0, 1742228845.0], 'EndTimes': [1742228466.0, 1742228700.0, 1742228990.0], 'TotalUserCpuTimeHistory': [38, 25, 22], 'TotalSysCpuTimeHistory': [0, 0, 0], 'WallDurations': [8.0, 29.52693486213684, 134.0, 8.0, 123.0, 9.0, 145.0], 'JobIds': ['78943718.0', '78957914.0', '78960104.0'], 'State': 'failed', 'RecordedSite': True, 'Error': [50115, 'BadFWJRXML', {}]}, '82': {'Retries': 2, 'Restarts': 0, 'SiteHistory': ['Unknown', 'T2_IT_Pisa', 'T2_IT_Pisa', 'T2_IT_Pisa', 'T2_IT_Pisa', 'T2_IT_Pisa', 'T2_IT_Pisa'], 'ResidentSetSize': [30292, 41392, 57260], 'SubmitTimes': [1742226502.0, 1742228532.0, 1742228856.0], 'StartTimes': [1742228329.0, 1742228558.0, 1742228873.0], 'EndTimes': [1742228464.0, 1742228728.0, 1742229065.0], 'TotalUserCpuTimeHistory': [47, 44, 34], 'TotalSysCpuTimeHistory': [0, 0, 0], 'WallDurations': [9.0, 32.52693486213684, 135.0, 9.0, 170.0, 10.0, 192.0], 'JobIds': ['78943719.0', '78957827.0', '78960227.0'], 'State': 'failed', 'RecordedSite': True, 'Error': [50115, 'BadFWJRXML', {}]}, '88': {'Retries': 2, 'Restarts': 0, 'SiteHistory': ['Unknown', 'T2_IT_Pisa', 'T2_IT_Pisa', 'T2_IT_Pisa', 'T2_IT_Pisa', 'T2_IT_Pisa', 'T2_IT_Pisa'], 'ResidentSetSize': [71208, 34716, 38552], 'SubmitTimes': [1742226502.0, 1742228632.0, 1742228913.0], 'StartTimes': [1742228438.0, 1742228651.0, 1742228920.0], 'EndTimes': [1742228564.0, 1742228783.0, 1742229020.0], 'TotalUserCpuTimeHistory': [25, 43, 52], 'TotalSysCpuTimeHistory': [0, 0, 3], 'WallDurations': [126.0, 8.0, 11.193763494491577, 11.193763494491577, 132.0, 8.0, 100.0], 'JobIds': ['78943720.0', '78958850.0', '78960676.0'], 'State': 'failed', 'RecordedSite': True, 'Error': [50115, 'BadFWJRXML', {}]}, '81': {'Retries': 2, 'Restarts': 0, 'SiteHistory': ['Unknown', 'T2_IT_Pisa', 'T2_IT_Pisa', 'T2_IT_Pisa', 'T2_IT_Pisa', 'T2_IT_Pisa', 'T2_IT_Pisa'], 'ResidentSetSize': [37244, 66484, 92496], 'SubmitTimes': [1742226502.0, 1742228642.0, 1742228893.0], 'StartTimes': [1742228440.0, 1742228668.0, 1742228903.0], 'EndTimes': [1742228569.0, 1742228764.0, 1742228983.0], 'TotalUserCpuTimeHistory': [42, 29, 14], 'TotalSysCpuTimeHistory': [1, 1, 0], 'WallDurations': [129.0, 0, 96.0, 8.0, 59.708293437957764, 59.708293437957764, 80.0], 'JobIds': ['78943721.0', '78958994.0', '78960504.0'], 'State': 'failed', 'RecordedSite': True, 'Error': [50115, 'BadFWJRXML', {}]}, '85': {'Retries': 2, 'Restarts': 0, 'SiteHistory': ['Unknown', 'T2_IT_Pisa', 'T2_IT_Pisa', 'T2_IT_Pisa', 'T2_IT_Pisa', 'T2_IT_Pisa', 'T2_IT_Pisa'], 'ResidentSetSize': [25708, 38172, 64804], 'SubmitTimes': [1742226502.0, 1742228642.0, 1742228888.0], 'StartTimes': [1742228439.0, 1742228683.0, 1742228902.0], 'EndTimes': [1742228571.0, 1742228757.0, 1742229081.0], 'TotalUserCpuTimeHistory': [42, 20, 45], 'TotalSysCpuTimeHistory': [1, 0, 0], 'WallDurations': [132.0, 0, 74.0, 9.0, 60.708293437957764, 60.708293437957764, 179.0], 'JobIds': ['78943722.0', '78959003.0', '78960502.0'], 'State': 'failed', 'RecordedSite': True, 'Error': [50115, 'BadFWJRXML', {}]}, '83': {'Retries': 2, 'Restarts': 0, 'SiteHistory': ['Unknown', 'T2_IT_Pisa', 'T2_IT_Pisa', 'T2_IT_Pisa', 'T2_IT_Pisa', 'T2_IT_Pisa', 'T2_IT_Pisa'], 'ResidentSetSize': [150508, 71316, 36604], 'SubmitTimes': [1742226502.0, 1742228637.0, 1742228883.0], 'StartTimes': [1742228469.0, 1742228659.0, 1742228896.0], 'EndTimes': [1742228569.0, 1742228752.0, 1742229044.0], 'TotalUserCpuTimeHistory': [8, 39, 34], 'TotalSysCpuTimeHistory': [0, 1, 0], 'WallDurations': [100.0, 0, 3.193763494491577, 3.193763494491577, 93.0, 8.0, 148.0], 'JobIds': ['78943723.0', '78958933.0', '78960501.0'], 'State': 'failed', 'RecordedSite': True, 'Error': [50115, 'BadFWJRXML', {}]}, '87': {'Retries': 2, 'Restarts': 0, 'SiteHistory': ['Unknown', 'T2_IT_Pisa', 'T2_IT_Pisa', 'T2_IT_Pisa', 'T2_IT_Pisa', 'T2_IT_Pisa', 'T2_IT_Pisa'], 'ResidentSetSize': [27012, 196628, 38752], 'SubmitTimes': [1742226502.0, 1742228654.0, 1742229021.0], 'StartTimes': [1742228451.0, 1742228713.0, 1742229026.0], 'EndTimes': [1742228585.0, 1742228893.0, 1742229129.0], 'TotalUserCpuTimeHistory': [50, 36, 29], 'TotalSysCpuTimeHistory': [2, 0, 0], 'WallDurations': [134.0, 0, 180.0, 249.70829343795776, 249.70829343795776, 103.0, 237.18350648880005], 'JobIds': ['78943724.0', '78959108.0', '78960702.0'], 'State': 'failed', 'RecordedSite': True, 'Error': [50115, 'BadFWJRXML', {}]}, '89': {'Retries': 2, 'Restarts': 0, 'SiteHistory': ['Unknown', 'T2_IT_Pisa', 'T2_IT_Pisa', 'T2_IT_Pisa', 'T2_IT_Pisa', 'T2_IT_Pisa', 'T2_IT_Pisa'], 'ResidentSetSize': [50228, 44608, 61864], 'SubmitTimes': [1742226502.0, 1742228664.0, 1742228970.0], 'StartTimes': [1742228453.0, 1742228698.0, 1742228977.0], 'EndTimes': [1742228593.0, 1742228839.0, 1742229151.0], 'TotalUserCpuTimeHistory': [43, 24, 24], 'TotalSysCpuTimeHistory': [1, 0, 0], 'WallDurations': [140.0, 209.19376349449158, 209.19376349449158, 141.0, 264.70829343795776, 174.0, 286.18350648880005], 'JobIds': ['78943725.0', '78959186.0', '78960690.0'], 'State': 'failed', 'RecordedSite': True, 'Error': [50115, 'BadFWJRXML', {}]}, '86': {'Retries': 2, 'Restarts': 0, 'SiteHistory': ['Unknown', 'T2_IT_Pisa', 'T2_IT_Pisa', 'T2_IT_Pisa', 'T2_IT_Pisa', 'T2_IT_Pisa', 'T2_IT_Pisa'], 'ResidentSetSize': [65320, 5136, 6416], 'SubmitTimes': [1742226502.0, 1742228675.0, 1742229031.0], 'StartTimes': [1742228456.0, 1742228699.0, 1742229071.0], 'EndTimes': [1742228601.0, 1742228903.0, 1742229226.0], 'TotalUserCpuTimeHistory': [44, 48, 42], 'TotalSysCpuTimeHistory': [1, 1, 0], 'WallDurations': [145.0, 206.19376349449158, 206.19376349449158, 204.0, 263.70829343795776, 155.0, 192.18350648880005], 'JobIds': ['78943726.0', '78959304.0', '78960709.0'], 'State': 'failed', 'RecordedSite': True, 'Error': [50115, 'BadFWJRXML', {}]}, '90': {'Retries': 2, 'Restarts': 0, 'SiteHistory': ['Unknown', 'T2_IT_Pisa', 'T2_IT_Pisa', 'T2_IT_Pisa', 'T2_IT_Pisa', 'T2_IT_Pisa', 'T2_IT_Pisa'], 'ResidentSetSize': [66404, 53376, 43332], 'SubmitTimes': [1742226503.0, 1742228590.0, 1742228872.0], 'StartTimes': [1742228457.0, 1742228599.0, 1742228877.0], 'EndTimes': [1742228520.0, 1742228745.0, 1742229003.0], 'TotalUserCpuTimeHistory': [27, 43, 34], 'TotalSysCpuTimeHistory': [0, 0, 0], 'WallDurations': [63.0, 9.0, 63.19376349449158, 63.19376349449158, 146.0, 9.0, 126.0], 'JobIds': ['78943727.0', '78958381.0', '78960452.0'], 'State': 'failed', 'RecordedSite': True, 'Error': [50115, 'BadFWJRXML', {}]}, '93': {'Retries': 2, 'Restarts': 0, 'SiteHistory': ['Unknown', 'T2_IT_Pisa', 'T2_IT_Pisa', 'T2_IT_Pisa', 'T2_IT_Pisa', 'T2_IT_Pisa', 'T2_IT_Pisa'], 'ResidentSetSize': [40360, 53888, 100800], 'SubmitTimes': [1742226503.0, 1742228675.0, 1742229031.0], 'StartTimes': [1742228462.0, 1742228714.0, 1742229049.0], 'EndTimes': [1742228605.0, 1742228903.0, 1742229165.0], 'TotalUserCpuTimeHistory': [33, 45, 36], 'TotalSysCpuTimeHistory': [0, 0, 0], 'WallDurations': [143.0, 200.19376349449158, 200.19376349449158, 189.0, 248.70829343795776, 116.0, 214.18350648880005], 'JobIds': ['78943729.0', '78959307.0', '78960707.0'], 'State': 'failed', 'RecordedSite': True, 'Error': [50115, 'BadFWJRXML', {}]}, '91': {'Retries': 2, 'Restarts': 0, 'SiteHistory': ['Unknown', 'T2_IT_Pisa', 'T2_IT_Pisa', 'T2_IT_Pisa', 'T2_IT_Pisa', 'T2_IT_Pisa', 'T2_IT_Pisa'], 'ResidentSetSize': [72196, 45864, 52780], 'SubmitTimes': [1742226503.0, 1742228627.0, 1742228908.0], 'StartTimes': [1742228466.0, 1742228658.0, 1742228915.0], 'EndTimes': [1742228557.0, 1742228780.0, 1742229058.0], 'TotalUserCpuTimeHistory': [33, 32, 52], 'TotalSysCpuTimeHistory': [1, 0, 1], 'WallDurations': [91.0, 0, 4.193763494491577, 4.193763494491577, 122.0, 9.0, 143.0], 'JobIds': ['78943731.0', '78958776.0', '78960610.0'], 'State': 'failed', 'RecordedSite': True, 'Error': [50115, 'BadFWJRXML', {}]}, '94': {'Retries': 2, 'Restarts': 0, 'SiteHistory': ['Unknown', 'T2_IT_Pisa', 'T2_IT_Pisa', 'T2_IT_Pisa', 'T2_IT_Pisa', 'T2_IT_Pisa', 'T2_IT_Pisa'], 'ResidentSetSize': [52860, 38476, 140280], 'SubmitTimes': [1742226503.0, 1742228632.0, 1742228923.0], 'StartTimes': [1742228473.0, 1742228663.0, 1742228929.0], 'EndTimes': [1742228559.0, 1742228796.0, 1742229013.0], 'TotalUserCpuTimeHistory': [32, 44, 35], 'TotalSysCpuTimeHistory': [0, 0, 0], 'WallDurations': [86.0, 0, 189.19376349449158, 133.0, 9.0, 33.708293437957764, 84.0], 'JobIds': ['78943733.0', '78958846.0', '78960679.0'], 'State': 'failed', 'RecordedSite': True, 'Error': [50115, 'BadFWJRXML', {}]}, '95': {'Retries': 2, 'Restarts': 0, 'SiteHistory': ['Unknown', 'T2_IT_Pisa', 'T2_IT_Pisa', 'T2_IT_Pisa', 'T2_IT_Pisa', 'T2_IT_Pisa', 'T2_IT_Pisa'], 'ResidentSetSize': [38468, 38468, 133356], 'SubmitTimes': [1742226503.0, 1742228709.0, 1742228999.0], 'StartTimes': [1742228468.0, 1742228727.0, 1742229013.0], 'EndTimes': [1742228634.0, 1742228871.0, 1742229151.0], 'TotalUserCpuTimeHistory': [55, 35, 27], 'TotalSysCpuTimeHistory': [3, 1, 0], 'WallDurations': [166.0, 194.19376349449158, 194.19376349449158, 144.0, 235.70829343795776, 138.0, 250.18350648880005], 'JobIds': ['78943736.0', '78959751.0', '78960699.0'], 'State': 'failed', 'RecordedSite': True, 'Error': [50115, 'BadFWJRXML', {}]}, '92': {'Retries': 2, 'Restarts': 0, 'SiteHistory': ['Unknown', 'T2_IT_Pisa', 'T2_IT_Pisa', 'T2_IT_Pisa', 'T2_IT_Pisa', 'T2_IT_Pisa', 'T2_IT_Pisa'], 'ResidentSetSize': [49176, 70444, 69988], 'SubmitTimes': [1742226503.0, 1742228697.0, 1742228918.0], 'StartTimes': [1742228479.0, 1742228714.0, 1742228930.0], 'EndTimes': [1742228622.0, 1742228788.0, 1742229008.0], 'TotalUserCpuTimeHistory': [38, 10, 26], 'TotalSysCpuTimeHistory': [1, 0, 0], 'WallDurations': [143.0, 183.19376349449158, 183.19376349449158, 74.0, 8.0, 32.708293437957764, 78.0], 'JobIds': ['78943737.0', '78959582.0', '78960678.0'], 'State': 'failed', 'RecordedSite': True, 'Error': [50115, 'BadFWJRXML', {}]}, '96': {'Retries': 2, 'Restarts': 0, 'SiteHistory': ['Unknown', 'T2_IT_Pisa', 'T2_IT_Pisa', 'T2_IT_Pisa', 'T2_IT_Pisa', 'T2_IT_Pisa', 'T2_IT_Pisa'], 'ResidentSetSize': [32900, 89412, 4084], 'SubmitTimes': [1742226503.0, 1742228703.0, 1742228999.0], 'StartTimes': [1742228489.0, 1742228719.0, 1742229015.0], 'EndTimes': [1742228628.0, 1742228871.0, 1742229151.0], 'TotalUserCpuTimeHistory': [39, 30, 22], 'TotalSysCpuTimeHistory': [0, 1, 0], 'WallDurations': [139.0, 173.19376349449158, 173.19376349449158, 152.0, 243.70829343795776, 136.0, 248.18350648880005], 'JobIds': ['78943738.0', '78959697.0', '78960700.0'], 'State': 'failed', 'RecordedSite': True, 'Error': [50115, 'BadFWJRXML', {}]}, '97': {'Retries': 2, 'Restarts': 0, 'SiteHistory': ['Unknown', 'T2_IT_Pisa', 'T2_IT_Pisa', 'T2_IT_Pisa', 'T2_IT_Pisa', 'T2_IT_Pisa', 'T2_IT_Pisa'], 'ResidentSetSize': [36864, 45968, 38528], 'SubmitTimes': [1742226503.0, 1742228696.0, 1742228983.0], 'StartTimes': [1742228477.0, 1742228716.0, 1742228990.0], 'EndTimes': [1742228623.0, 1742228854.0, 1742229119.0], 'TotalUserCpuTimeHistory': [39, 44, 36], 'TotalSysCpuTimeHistory': [0, 3, 1], 'WallDurations': [146.0, 185.19376349449158, 185.19376349449158, 138.0, 246.70829343795776, 129.0, 273.18350648880005], 'JobIds': ['78943739.0', '78959580.0', '78960696.0'], 'State': 'failed', 'RecordedSite': True, 'Error': [50115, 'BadFWJRXML', {}]}, '101': {'Retries': 2, 'Restarts': 0, 'SiteHistory': ['Unknown', 'T2_IT_Pisa', 'T2_IT_Pisa', 'T2_IT_Pisa', 'T2_IT_Pisa', 'T2_IT_Pisa', 'T2_IT_Pisa'], 'ResidentSetSize': [43932, 154904, 291680], 'SubmitTimes': [1742226503.0, 1742228697.0, 1742228982.0], 'StartTimes': [1742228488.0, 1742228729.0, 1742228987.0], 'EndTimes': [1742228622.0, 1742228849.0, 1742229076.0], 'TotalUserCpuTimeHistory': [42, 25, 4], 'TotalSysCpuTimeHistory': [0, 0, 0], 'WallDurations': [134.0, 174.19376349449158, 174.19376349449158, 120.0, 233.70829343795776, 89.0, 276.18350648880005], 'JobIds': ['78943740.0', '78959581.0', '78960694.0'], 'State': 'failed', 'RecordedSite': True, 'Error': [50115, 'BadFWJRXML', {}]}, '104': {'Retries': 2, 'Restarts': 0, 'SiteHistory': ['Unknown', 'T2_IT_Pisa', 'T2_IT_Pisa', 'T2_IT_Pisa', 'T2_IT_Pisa', 'T2_IT_Pisa', 'T2_IT_Pisa'], 'ResidentSetSize': [44120, 5832, 210396], 'SubmitTimes': [1742226503.0, 1742228680.0, 1742229031.0], 'StartTimes': [1742228474.0, 1742228699.0, 1742229045.0], 'EndTimes': [1742228614.0, 1742228903.0, 1742229162.0], 'TotalUserCpuTimeHistory': [44, 48, 46], 'TotalSysCpuTimeHistory': [0, 1, 2], 'WallDurations': [140.0, 188.19376349449158, 188.19376349449158, 204.0, 263.70829343795776, 117.0, 218.18350648880005], 'JobIds': ['78943741.0', '78959393.0', '78960705.0'], 'State': 'failed', 'RecordedSite': True, 'Error': [50115, 'BadFWJRXML', {}]}, '100': {'Retries': 2, 'Restarts': 0, 'SiteHistory': ['Unknown', 'T2_IT_Pisa', 'T2_IT_Pisa', 'T2_IT_Pisa', 'T2_IT_Pisa', 'T2_IT_Pisa', 'T2_IT_Pisa'], 'ResidentSetSize': [13664, 59368, 55252], 'SubmitTimes': [1742226504.0, 1742228768.0, 1742229031.0], 'StartTimes': [1742228518.0, 1742228792.0, 1742229061.0], 'EndTimes': [1742228697.0, 1742228900.0, 1742229217.0], 'TotalUserCpuTimeHistory': [25, 17, 24], 'TotalSysCpuTimeHistory': [0, 0, 0], 'WallDurations': [8.0, 144.19376349449158, 179.0, 108.0, 170.70829343795776, 156.0, 202.18350648880005], 'JobIds': ['78943742.0', '78960090.0', '78960708.0'], 'State': 'failed', 'RecordedSite': True, 'Error': [50115, 'BadFWJRXML', {}]}, '98': {'Retries': 2, 'Restarts': 0, 'SiteHistory': ['Unknown', 'T2_IT_Pisa', 'T2_IT_Pisa', 'T2_IT_Pisa', 'T2_IT_Pisa', 'T2_IT_Pisa', 'T2_IT_Pisa'], 'ResidentSetSize': [49428, 12320, 30268], 'SubmitTimes': [1742226509.0, 1742228703.0, 1742228983.0], 'StartTimes': [1742228505.0, 1742228721.0, 1742229000.0], 'EndTimes': [1742228631.0, 1742228854.0, 1742229135.0], 'TotalUserCpuTimeHistory': [41, 39, 31], 'TotalSysCpuTimeHistory': [0, 1, 1], 'WallDurations': [126.0, 157.19376349449158, 157.19376349449158, 133.0, 241.70829343795776, 135.0, 263.18350648880005], 'JobIds': ['78943757.0', '78959700.0', '78960697.0'], 'State': 'failed', 'RecordedSite': True, 'Error': [50115, 'BadFWJRXML', {}]}, '103': {'Retries': 2, 'Restarts': 0, 'SiteHistory': ['Unknown', 'T2_IT_Pisa', 'T2_IT_Pisa', 'T2_IT_Pisa', 'T2_IT_Pisa', 'T2_IT_Pisa', 'T2_IT_Pisa'], 'ResidentSetSize': [6408, 52480, 68372], 'SubmitTimes': [1742226509.0, 1742228714.0, 1742229021.0], 'StartTimes': [1742228503.0, 1742228732.0, 1742229032.0], 'EndTimes': [1742228638.0, 1742228896.0, 1742229103.0], 'TotalUserCpuTimeHistory': [32, 49, 15], 'TotalSysCpuTimeHistory': [0, 1, 0], 'WallDurations': [135.0, 159.19376349449158, 159.19376349449158, 164.0, 230.70829343795776, 71.0, 231.18350648880005], 'JobIds': ['78943759.0', '78959855.0', '78960703.0'], 'State': 'failed', 'RecordedSite': True, 'Error': [50115, 'BadFWJRXML', {}]}, '99': {'Retries': 2, 'Restarts': 0, 'SiteHistory': ['Unknown', 'T2_IT_Pisa', 'T2_IT_Pisa', 'T2_IT_Pisa', 'T2_IT_Pisa', 'T2_IT_Pisa', 'T2_IT_Pisa'], 'ResidentSetSize': [52120, 44888, 3004], 'SubmitTimes': [1742226509.0, 1742228714.0, 1742229053.0], 'StartTimes': [1742228508.0, 1742228749.0, 1742229071.0], 'EndTimes': [1742228638.0, 1742228928.0, 1742229176.0], 'TotalUserCpuTimeHistory': [52, 42, 33], 'TotalSysCpuTimeHistory': [1, 0, 0], 'WallDurations': [130.0, 154.19376349449158, 154.19376349449158, 179.0, 213.70829343795776, 105.0, 192.18350648880005], 'JobIds': ['78943761.0', '78959856.0', '78960716.0'], 'State': 'failed', 'RecordedSite': True, 'Error': [50115, 'BadFWJRXML', {}]}, '102': {'Retries': 2, 'Restarts': 0, 'SiteHistory': ['Unknown', 'T2_IT_Pisa', 'T2_IT_Pisa', 'T2_IT_Pisa', 'T2_IT_Pisa', 'T2_IT_Pisa', 'T2_IT_Pisa'], 'ResidentSetSize': [92804, 133680, 49756], 'SubmitTimes': [1742226509.0, 1742228768.0, 1742229031.0], 'StartTimes': [1742228494.0, 1742228787.0, 1742229062.0], 'EndTimes': [1742228695.0, 1742228901.0, 1742229209.0], 'TotalUserCpuTimeHistory': [53, 42, 49], 'TotalSysCpuTimeHistory': [0, 0, 1], 'WallDurations': [10.0, 168.19376349449158, 201.0, 114.0, 175.70829343795776, 147.0, 201.18350648880005], 'JobIds': ['78943763.0', '78960088.0', '78960706.0'], 'State': 'failed', 'RecordedSite': True, 'Error': [50115, 'BadFWJRXML', {}]}, '105': {'Retries': 2, 'Restarts': 0, 'SiteHistory': ['Unknown', 'T2_IT_Pisa', 'T2_IT_Pisa', 'T2_IT_Pisa', 'T2_IT_Pisa', 'T2_IT_Pisa', 'T2_IT_Pisa'], 'ResidentSetSize': [6696, 49900, 70896], 'SubmitTimes': [1742226509.0, 1742228768.0, 1742229036.0], 'StartTimes': [1742228504.0, 1742228787.0, 1742229062.0], 'EndTimes': [1742228695.0, 1742228912.0, 1742229226.0], 'TotalUserCpuTimeHistory': [41, 40, 39], 'TotalSysCpuTimeHistory': [0, 0, 0], 'WallDurations': [9.0, 158.19376349449158, 191.0, 125.0, 175.70829343795776, 164.0, 201.18350648880005], 'JobIds': ['78943765.0', '78960089.0', '78960710.0'], 'State': 'failed', 'RecordedSite': True, 'Error': [50115, 'BadFWJRXML', {}]}, '110': {'Retries': 2, 'Restarts': 0, 'SiteHistory': ['Unknown', 'T2_IT_Pisa', 'T2_IT_Pisa', 'T2_IT_Pisa', 'T2_IT_Pisa', 'T2_IT_Pisa', 'T2_IT_Pisa'], 'ResidentSetSize': [201128, 54644, 46984], 'SubmitTimes': [1742226509.0, 1742228767.0, 1742229047.0], 'StartTimes': [1742228513.0, 1742228776.0, 1742229068.0], 'EndTimes': [1742228693.0, 1742228918.0, 1742229231.0], 'TotalUserCpuTimeHistory': [42, 51, 17], 'TotalSysCpuTimeHistory': [0, 0, 0], 'WallDurations': [8.0, 149.19376349449158, 180.0, 142.0, 186.70829343795776, 163.0, 195.18350648880005], 'JobIds': ['78943767.0', '78960087.0', '78960714.0'], 'State': 'failed', 'RecordedSite': True, 'Error': [50115, 'BadFWJRXML', {}]}, '106': {'Retries': 2, 'Restarts': 0, 'SiteHistory': ['Unknown', 'T2_IT_Pisa', 'T2_IT_Pisa', 'T2_IT_Pisa', 'T2_IT_Pisa', 'T2_IT_Pisa', 'T2_IT_Pisa'], 'ResidentSetSize': [41152, 198760, 7588], 'SubmitTimes': [1742226509.0, 1742228814.0, 1742229149.0], 'StartTimes': [1742228618.0, 1742228825.0, 1742229154.0], 'EndTimes': [1742228748.0, 1742229019.0, 1742229405.0], 'TotalUserCpuTimeHistory': [45, 40, 26], 'TotalSysCpuTimeHistory': [0, 0, 0], 'WallDurations': [8.0, 44.19376349449158, 130.0, 8.0, 194.0, 8.0, 251.0], 'JobIds': ['78943769.0', '78960097.0', '78960727.0'], 'State': 'failed', 'RecordedSite': True, 'Error': [50115, 'BadFWJRXML', {}]}, '109': {'Retries': 2, 'Restarts': 0, 'SiteHistory': ['Unknown', 'T2_IT_Pisa', 'T2_IT_Pisa', 'T2_IT_Pisa', 'T2_IT_Pisa', 'T2_IT_Pisa', 'T2_IT_Pisa'], 'ResidentSetSize': [44932, 44660, 92800], 'SubmitTimes': [1742226509.0, 1742228888.0, 1742229223.0], 'StartTimes': [1742228634.0, 1742228912.0, 1742229249.0], 'EndTimes': [1742228821.0, 1742229096.0, 1742229403.0], 'TotalUserCpuTimeHistory': [32, 50, 30], 'TotalSysCpuTimeHistory': [0, 1, 0], 'WallDurations': [9.0, 28.193763494491577, 187.0, 8.0, 184.0, 9.0, 154.0], 'JobIds': ['78943771.0', '78960503.0', '78960753.0'], 'State': 'failed', 'RecordedSite': True, 'Error': [50115, 'BadFWJRXML', {}]}, '118': {'Retries': 2, 'Restarts': 0, 'SiteHistory': ['Unknown', 'T2_IT_Pisa', 'T2_IT_Pisa', 'T2_IT_Pisa', 'T2_IT_Pisa', 'T2_IT_Pisa', 'T2_IT_Pisa'], 'ResidentSetSize': [72144, 4436, 97504], 'SubmitTimes': [1742226509.0, 1742228757.0, 1742229047.0], 'StartTimes': [1742228623.0, 1742228774.0, 1742229063.0], 'EndTimes': [1742228689.0, 1742228918.0, 1742229229.0], 'TotalUserCpuTimeHistory': [11, 52, 34], 'TotalSysCpuTimeHistory': [0, 1, 0], 'WallDurations': [9.0, 39.19376349449158, 66.0, 144.0, 188.70829343795776, 166.0, 200.18350648880005], 'JobIds': ['78943773.0', '78960085.0', '78960713.0'], 'State': 'failed', 'RecordedSite': True, 'Error': [50115, 'BadFWJRXML', {}]}, '107': {'Retries': 2, 'Restarts': 0, 'SiteHistory': ['Unknown', 'T2_IT_Pisa', 'T2_IT_Pisa', 'T2_IT_Pisa', 'T2_IT_Pisa', 'T2_IT_Pisa', 'T2_IT_Pisa'], 'ResidentSetSize': [47412, 44924, 63628], 'SubmitTimes': [1742226509.0, 1742228862.0, 1742229169.0], 'StartTimes': [1742228649.0, 1742228900.0, 1742229180.0], 'EndTimes': [1742228791.0, 1742229041.0, 1742229268.0], 'TotalUserCpuTimeHistory': [51, 39, 27], 'TotalSysCpuTimeHistory': [1, 1, 0], 'WallDurations': [8.0, 13.193763494491577, 142.0, 8.0, 141.0, 9.0, 88.0], 'JobIds': ['78943775.0', '78960307.0', '78960733.0'], 'State': 'failed', 'RecordedSite': True, 'Error': [50115, 'BadFWJRXML', {}]}, '108': {'Retries': 2, 'Restarts': 0, 'SiteHistory': ['Unknown', 'T2_IT_Pisa', 'T2_IT_Pisa', 'T2_IT_Pisa', 'T2_IT_Pisa', 'T2_IT_Pisa', 'T2_IT_Pisa'], 'ResidentSetSize': [53704, 281012, 5700], 'SubmitTimes': [1742226509.0, 1742228840.0, 1742229206.0], 'StartTimes': [1742228634.0, 1742228857.0, 1742229223.0], 'EndTimes': [1742228770.0, 1742229074.0, 1742229419.0], 'TotalUserCpuTimeHistory': [43, 24, 49], 'TotalSysCpuTimeHistory': [0, 0, 1], 'WallDurations': [8.0, 28.193763494491577, 136.0, 9.0, 217.0, 9.0, 196.0], 'JobIds': ['78943777.0', '78960108.0', '78960748.0'], 'State': 'failed', 'RecordedSite': True, 'Error': [50115, 'BadFWJRXML', {}]}, '111': {'Retries': 2, 'Restarts': 0, 'SiteHistory': ['Unknown', 'T2_IT_Pisa', 'T2_IT_Pisa', 'T2_IT_Pisa', 'T2_IT_Pisa', 'T2_IT_Pisa', 'T2_IT_Pisa'], 'ResidentSetSize': [53652, 67948, 36504], 'SubmitTimes': [1742226509.0, 1742228840.0, 1742229053.0], 'StartTimes': [1742228632.0, 1742228847.0, 1742229072.0], 'EndTimes': [1742228771.0, 1742228927.0, 1742229176.0], 'TotalUserCpuTimeHistory': [47, 30, 36], 'TotalSysCpuTimeHistory': [0, 2, 0], 'WallDurations': [9.0, 30.193763494491577, 139.0, 80.0, 115.70829343795776, 104.0, 191.18350648880005], 'JobIds': ['78943779.0', '78960107.0', '78960715.0'], 'State': 'failed', 'RecordedSite': True, 'Error': [50115, 'BadFWJRXML', {}]}, '112': {'Retries': 2, 'Restarts': 0, 'SiteHistory': ['Unknown', 'T2_IT_Pisa', 'T2_IT_Pisa', 'T2_IT_Pisa', 'T2_IT_Pisa', 'T2_IT_Pisa', 'T2_IT_Pisa'], 'ResidentSetSize': [86688, 195580, 90208], 'SubmitTimes': [1742226509.0, 1742228783.0, 1742229063.0], 'StartTimes': [1742228630.0, 1742228792.0, 1742229078.0], 'EndTimes': [1742228711.0, 1742228937.0, 1742229209.0], 'TotalUserCpuTimeHistory': [9, 46, 30], 'TotalSysCpuTimeHistory': [0, 0, 0], 'WallDurations': [8.0, 32.19376349449158, 81.0, 145.0, 170.70829343795776, 131.0, 185.18350648880005], 'JobIds': ['78943781.0', '78960092.0', '78960719.0'], 'State': 'failed', 'RecordedSite': True, 'Error': [50115, 'BadFWJRXML', {}]}, '113': {'Retries': 2, 'Restarts': 0, 'SiteHistory': ['Unknown', 'T2_IT_Pisa', 'T2_IT_Pisa', 'T2_IT_Pisa', 'T2_IT_Pisa', 'T2_IT_Pisa', 'T2_IT_Pisa'], 'ResidentSetSize': [45140, 51344, 71560], 'SubmitTimes': [1742226509.0, 1742228862.0, 1742229190.0], 'StartTimes': [1742228648.0, 1742228900.0, 1742229201.0], 'EndTimes': [1742228788.0, 1742229059.0, 1742229277.0], 'TotalUserCpuTimeHistory': [52, 30, 36], 'TotalSysCpuTimeHistory': [1, 0, 3], 'WallDurations': [9.0, 14.193763494491577, 140.0, 9.0, 159.0, 9.0, 76.0], 'JobIds': ['78943783.0', '78960305.0', '78960742.0'], 'State': 'failed', 'RecordedSite': True, 'Error': [50115, 'BadFWJRXML', {}]}, '114': {'Retries': 2, 'Restarts': 0, 'SiteHistory': ['Unknown', 'T2_IT_Pisa', 'T2_IT_Pisa', 'T2_IT_Pisa', 'T2_IT_Pisa', 'T2_IT_Pisa', 'T2_IT_Pisa'], 'ResidentSetSize': [47972, 67188, 51592], 'SubmitTimes': [1742226510.0, 1742228877.0, 1742229185.0], 'StartTimes': [1742228638.0, 1742228912.0, 1742229193.0], 'EndTimes': [1742228810.0, 1742229057.0, 1742229285.0], 'TotalUserCpuTimeHistory': [40, 37, 39], 'TotalSysCpuTimeHistory': [2, 0, 0], 'WallDurations': [9.0, 24.193763494491577, 172.0, 8.0, 145.0, 9.0, 92.0], 'JobIds': ['78943785.0', '78960487.0', '78960740.0'], 'State': 'failed', 'RecordedSite': True, 'Error': [50115, 'BadFWJRXML', {}]}, '115': {'Retries': 2, 'Restarts': 0, 'SiteHistory': ['Unknown', 'T2_IT_Pisa', 'T2_IT_Pisa', 'T2_IT_Pisa', 'T2_IT_Pisa', 'T2_IT_Pisa', 'T2_IT_Pisa'], 'ResidentSetSize': [63700, 41720, 37024], 'SubmitTimes': [1742226510.0, 1742228938.0, 1742229211.0], 'StartTimes': [1742228712.0, 1742228947.0, 1742229243.0], 'EndTimes': [1742228871.0, 1742229083.0, 1742229403.0], 'TotalUserCpuTimeHistory': [17, 38, 47], 'TotalSysCpuTimeHistory': [0, 0, 0], 'WallDurations': [159.0, 8.0, 15.708293437957764, 15.708293437957764, 136.0, 8.0, 160.0], 'JobIds': ['78943787.0', '78960682.0', '78960751.0'], 'State': 'failed', 'RecordedSite': True, 'Error': [50115, 'BadFWJRXML', {}]}, '116': {'Retries': 2, 'Restarts': 0, 'SiteHistory': ['Unknown', 'T2_IT_Pisa', 'T2_IT_Pisa', 'T2_IT_Pisa', 'T2_IT_Pisa', 'T2_IT_Pisa', 'T2_IT_Pisa'], 'ResidentSetSize': [17352, 39280, 44616], 'SubmitTimes': [1742226510.0, 1742228918.0, 1742229228.0], 'StartTimes': [1742228723.0, 1742228932.0, 1742229232.0], 'EndTimes': [1742228850.0, 1742229101.0, 1742229394.0], 'TotalUserCpuTimeHistory': [33, 45, 31], 'TotalSysCpuTimeHistory': [1, 0, 0], 'WallDurations': [127.0, 9.0, 30.708293437957764, 30.708293437957764, 169.0, 8.0, 162.0], 'JobIds': ['78943789.0', '78960677.0', '78960754.0'], 'State': 'failed', 'RecordedSite': True, 'Error': [50115, 'BadFWJRXML', {}]}, '117': {'Retries': 2, 'Restarts': 0, 'SiteHistory': ['Unknown', 'T2_IT_Pisa', 'T2_IT_Pisa', 'T2_IT_Pisa', 'T2_IT_Pisa', 'T2_IT_Pisa', 'T2_IT_Pisa'], 'ResidentSetSize': [37740, 5776, 68536], 'SubmitTimes': [1742226510.0, 1742228977.0, 1742229263.0], 'StartTimes': [1742228750.0, 1742228997.0, 1742229272.0], 'EndTimes': [1742228907.0, 1742229135.0, 1742229377.0], 'TotalUserCpuTimeHistory': [49, 39, 11], 'TotalSysCpuTimeHistory': [0, 1, 0], 'WallDurations': [157.0, 212.70829343795776, 212.70829343795776, 138.0, 266.18350648880005, 105.0, 291.6768398284912], 'JobIds': ['78943791.0', '78960691.0', '78960763.0'], 'State': 'failed', 'RecordedSite': True, 'Error': [50115, 'BadFWJRXML', {}]}, '119': {'Retries': 2, 'Restarts': 0, 'SiteHistory': ['Unknown', 'T2_IT_Pisa', 'T2_IT_Pisa', 'T2_IT_Pisa', 'T2_IT_Pisa', 'T2_IT_Pisa', 'T2_IT_Pisa'], 'ResidentSetSize': [37520, 38576, 4092], 'SubmitTimes': [1742226510.0, 1742228960.0, 1742229263.0], 'StartTimes': [1742228751.0, 1742228994.0, 1742229280.0], 'EndTimes': [1742228893.0, 1742229135.0, 1742229407.0], 'TotalUserCpuTimeHistory': [57, 32, 29], 'TotalSysCpuTimeHistory': [1, 0, 0], 'WallDurations': [142.0, 0, 141.0, 269.18350648880005, 269.18350648880005, 127.0, 283.6768398284912], 'JobIds': ['78943793.0', '78960688.0', '78960764.0'], 'State': 'failed', 'RecordedSite': True, 'Error': [50115, 'BadFWJRXML', {}]}, '120': {'Retries': 2, 'Restarts': 0, 'SiteHistory': ['Unknown', 'T2_IT_Pisa', 'T2_IT_Pisa', 'T2_IT_Pisa', 'T2_IT_Pisa', 'T2_IT_Pisa', 'T2_IT_Pisa'], 'ResidentSetSize': [5540, 97768, 36412], 'SubmitTimes': [1742226510.0, 1742228943.0, 1742229205.0], 'StartTimes': [1742228752.0, 1742228977.0, 1742229230.0], 'EndTimes': [1742228874.0, 1742229076.0, 1742229341.0], 'TotalUserCpuTimeHistory': [45, 30, 17], 'TotalSysCpuTimeHistory': [0, 1, 0], 'WallDurations': [122.0, 0, 99.0, 9.0, 33.18350648880005, 33.18350648880005, 111.0], 'JobIds': ['78943795.0', '78960683.0', '78960747.0'], 'State': 'failed', 'RecordedSite': True, 'Error': [50115, 'BadFWJRXML', {}]}, '121': {'Retries': 2, 'Restarts': 0, 'SiteHistory': ['Unknown', 'T2_IT_Pisa', 'T2_IT_Pisa', 'T2_IT_Pisa', 'T2_IT_Pisa', 'T2_IT_Pisa', 'T2_IT_Pisa'], 'ResidentSetSize': [66288, 198480, 44880], 'SubmitTimes': [1742226510.0, 1742228913.0, 1742229149.0], 'StartTimes': [1742228755.0, 1742228923.0, 1742229173.0], 'EndTimes': [1742228843.0, 1742229022.0, 1742229316.0], 'TotalUserCpuTimeHistory': [33, 45, 21], 'TotalSysCpuTimeHistory': [1, 2, 0], 'WallDurations': [88.0, 8.0, 39.708293437957764, 39.708293437957764, 99.0, 9.0, 143.0], 'JobIds': ['78943797.0', '78960674.0', '78960728.0'], 'State': 'failed', 'RecordedSite': True, 'Error': [50115, 'BadFWJRXML', {}]}, '122': {'Retries': 2, 'Restarts': 0, 'SiteHistory': ['Unknown', 'T2_IT_Pisa', 'T2_IT_Pisa', 'T2_IT_Pisa', 'T2_IT_Pisa', 'T2_IT_Pisa', 'T2_IT_Pisa'], 'ResidentSetSize': [208352, 38672, 17972], 'SubmitTimes': [1742226510.0, 1742228913.0, 1742229129.0], 'StartTimes': [1742228758.0, 1742228932.0, 1742229139.0], 'EndTimes': [1742228843.0, 1742229004.0, 1742229274.0], 'TotalUserCpuTimeHistory': [42, 26, 30], 'TotalSysCpuTimeHistory': [0, 2, 0], 'WallDurations': [85.0, 9.0, 30.708293437957764, 30.708293437957764, 72.0, 8.0, 135.0], 'JobIds': ['78943799.0', '78960675.0', '78960726.0'], 'State': 'failed', 'RecordedSite': True, 'Error': [50115, 'BadFWJRXML', {}]}, '123': {'Retries': 2, 'Restarts': 0, 'SiteHistory': ['Unknown', 'T2_IT_Pisa', 'T2_IT_Pisa', 'T2_IT_Pisa', 'T2_IT_Pisa', 'T2_IT_Pisa', 'T2_IT_Pisa'], 'ResidentSetSize': [198972, 44008, 32912], 'SubmitTimes': [1742226510.0, 1742228913.0, 1742229200.0], 'StartTimes': [1742228760.0, 1742228932.0, 1742229213.0], 'EndTimes': [1742228843.0, 1742229068.0, 1742229359.0], 'TotalUserCpuTimeHistory': [37, 41, 34], 'TotalSysCpuTimeHistory': [2, 0, 0], 'WallDurations': [83.0, 9.0, 30.708293437957764, 30.708293437957764, 136.0, 8.0, 146.0], 'JobIds': ['78943801.0', '78960673.0', '78960745.0'], 'State': 'failed', 'RecordedSite': True, 'Error': [50115, 'BadFWJRXML', {}]}, '124': {'Retries': 2, 'Restarts': 0, 'SiteHistory': ['Unknown', 'T2_IT_Pisa', 'T2_IT_Pisa', 'T2_IT_Pisa', 'T2_IT_Pisa', 'T2_IT_Pisa', 'T2_IT_Pisa'], 'ResidentSetSize': [94388, 44652, 42648], 'SubmitTimes': [1742226510.0, 1742228908.0, 1742229200.0], 'StartTimes': [1742228764.0, 1742228923.0, 1742229212.0], 'EndTimes': [1742228837.0, 1742229069.0, 1742229300.0], 'TotalUserCpuTimeHistory': [20, 50, 24], 'TotalSysCpuTimeHistory': [0, 0, 0], 'WallDurations': [73.0, 8.0, 39.708293437957764, 39.708293437957764, 146.0, 8.0, 88.0], 'JobIds': ['78943803.0', '78960612.0', '78960746.0'], 'State': 'failed', 'RecordedSite': True, 'Error': [50115, 'BadFWJRXML', {}]}, '125': {'Retries': 2, 'Restarts': 0, 'SiteHistory': ['Unknown', 'T2_IT_Pisa', 'T2_IT_Pisa', 'T2_IT_Pisa', 'T2_IT_Pisa', 'T2_IT_Pisa', 'T2_IT_Pisa'], 'ResidentSetSize': [32956, 46824, 286492], 'SubmitTimes': [1742226510.0, 1742229011.0, 1742229228.0], 'StartTimes': [1742228796.0, 1742229017.0, 1742229234.0], 'EndTimes': [1742228942.0, 1742229100.0, 1742229388.0], 'TotalUserCpuTimeHistory': [41, 36, 18], 'TotalSysCpuTimeHistory': [0, 2, 0], 'WallDurations': [146.0, 166.70829343795776, 166.70829343795776, 83.0, 9.0, 29.18350648880005, 154.0], 'JobIds': ['78943805.0', '78960701.0', '78960755.0'], 'State': 'failed', 'RecordedSite': True, 'Error': [50115, 'BadFWJRXML', {}]}, '126': {'Retries': 2, 'Restarts': 0, 'SiteHistory': ['Unknown', 'T2_IT_Pisa', 'T2_IT_Pisa', 'T2_IT_Pisa', 'T2_IT_Pisa', 'T2_IT_Pisa', 'T2_IT_Pisa'], 'ResidentSetSize': [86928, 119596, 201080], 'SubmitTimes': [1742226510.0, 1742228949.0, 1742229278.0], 'StartTimes': [1742228811.0, 1742228985.0, 1742229287.0], 'EndTimes': [1742228880.0, 1742229152.0, 1742229455.0], 'TotalUserCpuTimeHistory': [3, 38, 37], 'TotalSysCpuTimeHistory': [0, 1, 0], 'WallDurations': [69.0, 0, 167.0, 278.18350648880005, 278.18350648880005, 168.0, 276.6768398284912], 'JobIds': ['78943807.0', '78960685.0', '78960766.0'], 'State': 'failed', 'RecordedSite': True, 'Error': [50115, 'BadFWJRXML', {}]}, '127': {'Retries': 2, 'Restarts': 0, 'SiteHistory': ['Unknown', 'T2_IT_Pisa', 'T2_IT_Pisa', 'T2_IT_Pisa', 'T2_IT_Pisa', 'T2_IT_Pisa', 'T2_IT_Pisa'], 'ResidentSetSize': [39128, 36796, 44612], 'SubmitTimes': [1742226510.0, 1742229047.0, 1742229303.0], 'StartTimes': [1742228813.0, 1742229079.0, 1742229312.0], 'EndTimes': [1742228981.0, 1742229173.0, 1742229467.0], 'TotalUserCpuTimeHistory': [48, 6, 56], 'TotalSysCpuTimeHistory': [1, 0, 1], 'WallDurations': [8.0, 149.70829343795776, 168.0, 94.0, 184.18350648880005, 155.0, 251.6768398284912], 'JobIds': ['78943809.0', '78960712.0', '78960768.0'], 'State': 'failed', 'RecordedSite': True, 'Error': [50115, 'BadFWJRXML', {}]}, '129': {'Retries': 2, 'Restarts': 0, 'SiteHistory': ['Unknown', 'T2_IT_Pisa', 'T2_IT_Pisa', 'T2_IT_Pisa', 'T2_IT_Pisa', 'T2_IT_Pisa', 'T2_IT_Pisa'], 'ResidentSetSize': [38160, 53056, 207700], 'SubmitTimes': [1742226510.0, 1742229053.0, 1742229314.0], 'StartTimes': [1742228857.0, 1742229079.0, 1742229329.0], 'EndTimes': [1742228985.0, 1742229181.0, 1742229409.0], 'TotalUserCpuTimeHistory': [43, 26, 40], 'TotalSysCpuTimeHistory': [0, 0, 0], 'WallDurations': [9.0, 105.70829343795776, 128.0, 102.0, 184.18350648880005, 80.0, 234.6768398284912], 'JobIds': ['78943811.0', '78960717.0', '78960772.0'], 'State': 'failed', 'RecordedSite': True, 'Error': [50115, 'BadFWJRXML', {}]}, '130': {'Retries': 2, 'Restarts': 0, 'SiteHistory': ['Unknown', 'T2_IT_Pisa', 'T2_IT_Pisa', 'T2_IT_Pisa', 'T2_IT_Pisa', 'T2_IT_Pisa', 'T2_IT_Pisa'], 'ResidentSetSize': [4348, 16732, 207980], 'SubmitTimes': [1742226510.0, 1742229053.0, 1742229408.0], 'StartTimes': [1742228859.0, 1742229091.0, 1742229422.0], 'EndTimes': [1742228986.0, 1742229274.0, 1742229613.0], 'TotalUserCpuTimeHistory': [54, 41, 44], 'TotalSysCpuTimeHistory': [3, 0, 0], 'WallDurations': [8.0, 103.70829343795776, 127.0, 9.0, 183.0, 8.0, 191.0], 'JobIds': ['78943813.0', '78960718.0', '78960877.0'], 'State': 'failed', 'RecordedSite': True, 'Error': [50115, 'BadFWJRXML', {}]}, '143': {'Retries': 2, 'Restarts': 0, 'SiteHistory': ['Unknown', 'T2_IT_Pisa', 'T2_IT_Pisa', 'T2_IT_Pisa', 'T2_IT_Pisa', 'T2_IT_Pisa', 'T2_IT_Pisa'], 'ResidentSetSize': [32952, 67884, 82396], 'SubmitTimes': [1742226510.0, 1742229164.0, 1742229408.0], 'StartTimes': [1742228906.0, 1742229180.0, 1742229417.0], 'EndTimes': [1742229096.0, 1742229275.0, 1742229571.0], 'TotalUserCpuTimeHistory': [47, 36, 35], 'TotalSysCpuTimeHistory': [0, 0, 2], 'WallDurations': [9.0, 56.708293437957764, 190.0, 9.0, 95.0, 8.0, 154.0], 'JobIds': ['78943815.0', '78960731.0', '78960876.0'], 'State': 'failed', 'RecordedSite': True, 'Error': [50115, 'BadFWJRXML', {}]}, '131': {'Retries': 2, 'Restarts': 0, 'SiteHistory': ['Unknown', 'T2_IT_Pisa', 'T2_IT_Pisa', 'T2_IT_Pisa', 'T2_IT_Pisa', 'T2_IT_Pisa', 'T2_IT_Pisa'], 'ResidentSetSize': [51376, 52132, 44928], 'SubmitTimes': [1742226510.0, 1742229180.0, 1742229465.0], 'StartTimes': [1742228923.0, 1742229242.0, 1742229478.0], 'EndTimes': [1742229108.0, 1742229338.0, 1742229648.0], 'TotalUserCpuTimeHistory': [35, 38, 38], 'TotalSysCpuTimeHistory': [0, 2, 0], 'WallDurations': [10.0, 39.708293437957764, 185.0, 9.0, 96.0, 9.0, 170.0], 'JobIds': ['78943817.0', '78960738.0', '78960893.0'], 'State': 'failed', 'RecordedSite': True, 'Error': [50115, 'BadFWJRXML', {}]}, '133': {'Retries': 2, 'Restarts': 0, 'SiteHistory': ['Unknown', 'T2_IT_Pisa', 'T2_IT_Pisa', 'T2_IT_Pisa', 'T2_IT_Pisa', 'T2_IT_Pisa', 'T2_IT_Pisa'], 'ResidentSetSize': [208360, 4924, 69696], 'SubmitTimes': [1742226511.0, 1742229114.0, 1742229385.0], 'StartTimes': [1742228911.0, 1742229123.0, 1742229391.0], 'EndTimes': [1742229046.0, 1742229254.0, 1742229521.0], 'TotalUserCpuTimeHistory': [51, 47, 30], 'TotalSysCpuTimeHistory': [2, 0, 1], 'WallDurations': [8.0, 51.708293437957764, 135.0, 131.0, 140.18350648880005, 130.0, 172.6768398284912], 'JobIds': ['78943819.0', '78960724.0', '78960870.0'], 'State': 'failed', 'RecordedSite': True, 'Error': [50115, 'BadFWJRXML', {}]}, '134': {'Retries': 2, 'Restarts': 0, 'SiteHistory': ['Unknown', 'T2_IT_Pisa', 'T2_IT_Pisa', 'T2_IT_Pisa', 'T2_IT_Pisa', 'T2_IT_Pisa', 'T2_IT_Pisa'], 'ResidentSetSize': [65120, 68540, 87876], 'SubmitTimes': [1742226511.0, 1742229169.0, 1742229390.0], 'StartTimes': [1742228934.0, 1742229183.0, 1742229398.0], 'EndTimes': [1742229100.0, 1742229260.0, 1742229477.0], 'TotalUserCpuTimeHistory': [42, 41, 34], 'TotalSysCpuTimeHistory': [1, 3, 0], 'WallDurations': [9.0, 28.708293437957764, 166.0, 77.0, 80.18350648880005, 79.0, 165.6768398284912], 'JobIds': ['78943821.0', '78960734.0', '78960872.0'], 'State': 'failed', 'RecordedSite': True, 'Error': [50115, 'BadFWJRXML', {}]}, '139': {'Retries': 2, 'Restarts': 0, 'SiteHistory': ['Unknown', 'T2_IT_Pisa', 'T2_IT_Pisa', 'T2_IT_Pisa', 'T2_IT_Pisa', 'T2_IT_Pisa', 'T2_IT_Pisa'], 'ResidentSetSize': [96500, 41192, 198744], 'SubmitTimes': [1742226511.0, 1742229175.0, 1742229423.0], 'StartTimes': [1742228946.0, 1742229204.0, 1742229452.0], 'EndTimes': [1742229104.0, 1742229298.0, 1742229552.0], 'TotalUserCpuTimeHistory': [37, 48, 45], 'TotalSysCpuTimeHistory': [0, 0, 2], 'WallDurations': [9.0, 16.708293437957764, 158.0, 8.0, 94.0, 100.0, 111.67683982849121], 'JobIds': ['78943823.0', '78960736.0', '78960882.0'], 'State': 'failed', 'RecordedSite': True, 'Error': [50115, 'BadFWJRXML', {}]}, '147': {'Retries': 2, 'Restarts': 0, 'SiteHistory': ['Unknown', 'T2_IT_Pisa', 'T2_IT_Pisa', 'T2_IT_Pisa', 'T2_IT_Pisa', 'T2_IT_Pisa', 'T2_IT_Pisa'], 'ResidentSetSize': [4224, 39072, 46272], 'SubmitTimes': [1742226511.0, 1742229159.0, 1742229423.0], 'StartTimes': [1742228953.0, 1742229169.0, 1742229472.0], 'EndTimes': [1742229088.0, 1742229295.0, 1742229571.0], 'TotalUserCpuTimeHistory': [39, 42, 13], 'TotalSysCpuTimeHistory': [1, 1, 0], 'WallDurations': [0, 9.708293437957764, 135.0, 10.0, 126.0, 9.0, 99.0], 'JobIds': ['78943825.0', '78960730.0', '78960883.0'], 'State': 'failed', 'RecordedSite': True, 'Error': [50115, 'BadFWJRXML', {}]}, '135': {'Retries': 2, 'Restarts': 0, 'SiteHistory': ['Unknown', 'T2_IT_Pisa', 'T2_IT_Pisa', 'T2_IT_Pisa', 'T2_IT_Pisa', 'T2_IT_Pisa', 'T2_IT_Pisa'], 'ResidentSetSize': [13612, 75576, 50604], 'SubmitTimes': [1742226511.0, 1742229098.0, 1742229370.0], 'StartTimes': [1742228942.0, 1742229105.0, 1742229380.0], 'EndTimes': [1742229027.0, 1742229243.0, 1742229487.0], 'TotalUserCpuTimeHistory': [31, 22, 28], 'TotalSysCpuTimeHistory': [0, 0, 0], 'WallDurations': [8.0, 20.708293437957764, 85.0, 138.0, 158.18350648880005, 107.0, 183.6768398284912], 'JobIds': ['78943827.0', '78960721.0', '78960865.0'], 'State': 'failed', 'RecordedSite': True, 'Error': [50115, 'BadFWJRXML', {}]}, '137': {'Retries': 2, 'Restarts': 0, 'SiteHistory': ['Unknown', 'T2_IT_Pisa', 'T2_IT_Pisa', 'T2_IT_Pisa', 'T2_IT_Pisa', 'T2_IT_Pisa', 'T2_IT_Pisa'], 'ResidentSetSize': [72720, 36912, 71452], 'SubmitTimes': [1742226511.0, 1742229098.0, 1742229408.0], 'StartTimes': [1742228942.0, 1742229104.0, 1742229445.0], 'EndTimes': [1742229027.0, 1742229283.0, 1742229549.0], 'TotalUserCpuTimeHistory': [32, 49, 33], 'TotalSysCpuTimeHistory': [1, 0, 0], 'WallDurations': [9.0, 20.708293437957764, 85.0, 8.0, 179.0, 104.0, 118.67683982849121], 'JobIds': ['78943829.0', '78960720.0', '78960879.0'], 'State': 'failed', 'RecordedSite': True, 'Error': [50115, 'BadFWJRXML', {}]}, '148': {'Retries': 2, 'Restarts': 0, 'SiteHistory': ['Unknown', 'T2_IT_Pisa', 'T2_IT_Pisa', 'T2_IT_Pisa', 'T2_IT_Pisa', 'T2_IT_Pisa', 'T2_IT_Pisa'], 'ResidentSetSize': [34404, 32884, 46576], 'SubmitTimes': [1742226511.0, 1742229206.0, 1742229470.0], 'StartTimes': [1742229018.0, 1742229242.0, 1742229493.0], 'EndTimes': [1742229137.0, 1742229344.0, 1742229589.0], 'TotalUserCpuTimeHistory': [43, 39, 25], 'TotalSysCpuTimeHistory': [0, 0, 0], 'WallDurations': [119.0, 8.0, 21.18350648880005, 21.18350648880005, 102.0, 9.0, 96.0], 'JobIds': ['78943831.0', '78960749.0', '78960896.0'], 'State': 'failed', 'RecordedSite': True, 'Error': [50115, 'BadFWJRXML', {}]}, '138': {'Retries': 2, 'Restarts': 0, 'SiteHistory': ['Unknown', 'T2_IT_Pisa', 'T2_IT_Pisa', 'T2_IT_Pisa', 'T2_IT_Pisa', 'T2_IT_Pisa', 'T2_IT_Pisa'], 'ResidentSetSize': [46584, 69388, 48616], 'SubmitTimes': [1742226511.0, 1742229154.0, 1742229370.0], 'StartTimes': [1742229007.0, 1742229171.0, 1742229402.0], 'EndTimes': [1742229084.0, 1742229240.0, 1742229486.0], 'TotalUserCpuTimeHistory': [30, 10, 32], 'TotalSysCpuTimeHistory': [2, 0, 0], 'WallDurations': [77.0, 69.0, 92.18350648880005, 92.18350648880005, 92.18350648880005, 84.0, 161.6768398284912], 'JobIds': ['78943833.0', '78960729.0', '78960866.0'], 'State': 'failed', 'RecordedSite': True, 'Error': [50115, 'BadFWJRXML', {}]}, '146': {'Retries': 2, 'Restarts': 0, 'SiteHistory': ['Unknown', 'T2_IT_Pisa', 'T2_IT_Pisa', 'T2_IT_Pisa', 'T2_IT_Pisa', 'T2_IT_Pisa', 'T2_IT_Pisa'], 'ResidentSetSize': [55080, 69400, 72120], 'SubmitTimes': [1742226511.0, 1742229164.0, 1742229408.0], 'StartTimes': [1742229012.0, 1742229180.0, 1742229426.0], 'EndTimes': [1742229096.0, 1742229275.0, 1742229518.0], 'TotalUserCpuTimeHistory': [39, 36, 34], 'TotalSysCpuTimeHistory': [2, 0, 3], 'WallDurations': [84.0, 9.0, 83.18350648880005, 83.18350648880005, 95.0, 92.0, 137.6768398284912], 'JobIds': ['78943835.0', '78960732.0', '78960878.0'], 'State': 'failed', 'RecordedSite': True, 'Error': [50115, 'BadFWJRXML', {}]}, '132': {'Retries': 2, 'Restarts': 0, 'SiteHistory': ['Unknown', 'T2_IT_Pisa', 'T2_IT_Pisa', 'T2_IT_Pisa', 'T2_IT_Pisa', 'T2_IT_Pisa', 'T2_IT_Pisa'], 'ResidentSetSize': [44872, 51468, 48916], 'SubmitTimes': [1742226511.0, 1742229206.0, 1742229438.0], 'StartTimes': [1742229014.0, 1742229242.0, 1742229456.0], 'EndTimes': [1742229136.0, 1742229312.0, 1742229542.0], 'TotalUserCpuTimeHistory': [36, 23, 40], 'TotalSysCpuTimeHistory': [1, 1, 2], 'WallDurations': [122.0, 9.0, 21.18350648880005, 21.18350648880005, 70.0, 86.0, 107.67683982849121], 'JobIds': ['78943837.0', '78960750.0', '78960885.0'], 'State': 'failed', 'RecordedSite': True, 'Error': [50115, 'BadFWJRXML', {}]}, '144': {'Retries': 2, 'Restarts': 0, 'SiteHistory': ['Unknown', 'T2_IT_Pisa', 'T2_IT_Pisa', 'T2_IT_Pisa', 'T2_IT_Pisa', 'T2_IT_Pisa', 'T2_IT_Pisa'], 'ResidentSetSize': [52560, 5420, 39068], 'SubmitTimes': [1742226511.0, 1742229288.0, 1742229570.0], 'StartTimes': [1742229022.0, 1742229312.0, 1742229603.0], 'EndTimes': [1742229219.0, 1742229441.0, 1742229717.0], 'TotalUserCpuTimeHistory': [37, 39, 33], 'TotalSysCpuTimeHistory': [0, 1, 0], 'WallDurations': [197.0, 241.18350648880005, 241.18350648880005, 129.0, 251.6768398284912, 114.0, 261.22687292099], 'JobIds': ['78943839.0', '78960767.0', '78960922.0'], 'State': 'failed', 'RecordedSite': True, 'Error': [50115, 'BadFWJRXML', {}]}, '141': {'Retries': 2, 'Restarts': 0, 'SiteHistory': ['Unknown', 'T2_IT_Pisa', 'T2_IT_Pisa', 'T2_IT_Pisa', 'T2_IT_Pisa', 'T2_IT_Pisa', 'T2_IT_Pisa'], 'ResidentSetSize': [205608, 211840, 46568], 'SubmitTimes': [1742226511.0, 1742229195.0, 1742229470.0], 'StartTimes': [1742229023.0, 1742229248.0, 1742229479.0], 'EndTimes': [1742229128.0, 1742229342.0, 1742229576.0], 'TotalUserCpuTimeHistory': [33, 28, 43], 'TotalSysCpuTimeHistory': [0, 0, 1], 'WallDurations': [105.0, 9.0, 15.183506488800049, 15.183506488800049, 94.0, 9.0, 97.0], 'JobIds': ['78943841.0', '78960743.0', '78960897.0'], 'State': 'failed', 'RecordedSite': True, 'Error': [50115, 'BadFWJRXML', {}]}, '136': {'Retries': 2, 'Restarts': 0, 'SiteHistory': ['Unknown', 'T2_IT_Pisa', 'T2_IT_Pisa', 'T2_IT_Pisa', 'T2_IT_Pisa', 'T2_IT_Pisa', 'T2_IT_Pisa'], 'ResidentSetSize': [207964, 34756, 51504], 'SubmitTimes': [1742226511.0, 1742229175.0, 1742229413.0], 'StartTimes': [1742229029.0, 1742229183.0, 1742229453.0], 'EndTimes': [1742229107.0, 1742229287.0, 1742229605.0], 'TotalUserCpuTimeHistory': [32, 15, 45], 'TotalSysCpuTimeHistory': [0, 0, 2], 'WallDurations': [78.0, 9.0, 80.18350648880005, 80.18350648880005, 104.0, 8.0, 152.0], 'JobIds': ['78943843.0', '78960735.0', '78960880.0'], 'State': 'failed', 'RecordedSite': True, 'Error': [50115, 'BadFWJRXML', {}]}, '140': {'Retries': 2, 'Restarts': 0, 'SiteHistory': ['Unknown', 'T2_IT_Pisa', 'T2_IT_Pisa', 'T2_IT_Pisa', 'T2_IT_Pisa', 'T2_IT_Pisa', 'T2_IT_Pisa'], 'ResidentSetSize': [7320, 209976, 76624], 'SubmitTimes': [1742226511.0, 1742229263.0, 1742229606.0], 'StartTimes': [1742229088.0, 1742229286.0, 1742229623.0], 'EndTimes': [1742229192.0, 1742229478.0, 1742229689.0], 'TotalUserCpuTimeHistory': [44, 52, 29], 'TotalSysCpuTimeHistory': [1, 1, 2], 'WallDurations': [104.0, 175.18350648880005, 175.18350648880005, 192.0, 277.6768398284912, 66.0, 241.22687292099], 'JobIds': ['78943845.0', '78960761.0', '78960934.0'], 'State': 'failed', 'RecordedSite': True, 'Error': [50115, 'BadFWJRXML', {}]}, '149': {'Retries': 2, 'Restarts': 0, 'SiteHistory': ['Unknown', 'T2_IT_Pisa', 'T2_IT_Pisa', 'T2_IT_Pisa', 'T2_IT_Pisa', 'T2_IT_Pisa', 'T2_IT_Pisa'], 'ResidentSetSize': [38668, 4072, 65228], 'SubmitTimes': [1742226511.0, 1742229223.0, 1742229460.0], 'StartTimes': [1742229087.0, 1742229247.0, 1742229474.0], 'EndTimes': [1742229159.0, 1742229330.0, 1742229549.0], 'TotalUserCpuTimeHistory': [26, 25, 27], 'TotalSysCpuTimeHistory': [2, 0, 0], 'WallDurations': [72.0, 9.0, 16.18350648880005, 16.18350648880005, 83.0, 75.0, 89.67683982849121], 'JobIds': ['78943847.0', '78960752.0', '78960890.0'], 'State': 'failed', 'RecordedSite': True, 'Error': [50115, 'BadFWJRXML', {}]}, '154': {'Retries': 2, 'Restarts': 0, 'SiteHistory': ['Unknown', 'T2_IT_Pisa', 'T2_IT_Pisa', 'T2_IT_Pisa', 'T2_IT_Pisa', 'T2_IT_Pisa', 'T2_IT_Pisa'], 'ResidentSetSize': [56160, 44772, 46588], 'SubmitTimes': [1742226511.0, 1742229258.0, 1742229460.0], 'StartTimes': [1742229092.0, 1742229263.0, 1742229469.0], 'EndTimes': [1742229189.0, 1742229332.0, 1742229601.0], 'TotalUserCpuTimeHistory': [33, 31, 43], 'TotalSysCpuTimeHistory': [0, 1, 1], 'WallDurations': [97.0, 0, 171.18350648880005, 69.0, 9.0, 94.67683982849121, 132.0], 'JobIds': ['78943849.0', '78960759.0', '78960891.0'], 'State': 'failed', 'RecordedSite': True, 'Error': [50115, 'BadFWJRXML', {}]}, '142': {'Retries': 2, 'Restarts': 0, 'SiteHistory': ['Unknown', 'T2_IT_Pisa', 'T2_IT_Pisa', 'T2_IT_Pisa', 'T2_IT_Pisa', 'T2_IT_Pisa', 'T2_IT_Pisa'], 'ResidentSetSize': [150672, 48244, 43192], 'SubmitTimes': [1742226511.0, 1742229375.0, 1742229591.0], 'StartTimes': [1742229109.0, 1742229393.0, 1742229607.0], 'EndTimes': [1742229308.0, 1742229465.0, 1742229725.0], 'TotalUserCpuTimeHistory': [41, 22, 40], 'TotalSysCpuTimeHistory': [0, 1, 3], 'WallDurations': [9.0, 154.18350648880005, 199.0, 72.0, 170.6768398284912, 118.0, 257.22687292099], 'JobIds': ['78943851.0', '78960867.0', '78960927.0'], 'State': 'failed', 'RecordedSite': True, 'Error': [50115, 'BadFWJRXML', {}]}, '151': {'Retries': 2, 'Restarts': 0, 'SiteHistory': ['Unknown', 'T2_IT_Pisa', 'T2_IT_Pisa', 'T2_IT_Pisa', 'T2_IT_Pisa', 'T2_IT_Pisa', 'T2_IT_Pisa'], 'ResidentSetSize': [56020, 44920, 47768], 'SubmitTimes': [1742226511.0, 1742229253.0, 1742229517.0], 'StartTimes': [1742229100.0, 1742229273.0, 1742229531.0], 'EndTimes': [1742229181.0, 1742229390.0, 1742229635.0], 'TotalUserCpuTimeHistory': [26, 36, 26], 'TotalSysCpuTimeHistory': [1, 0, 0], 'WallDurations': [81.0, 0, 163.18350648880005, 117.0, 9.0, 32.67683982849121, 104.0], 'JobIds': ['78943853.0', '78960758.0', '78960905.0'], 'State': 'failed', 'RecordedSite': True, 'Error': [50115, 'BadFWJRXML', {}]}, '145': {'Retries': 2, 'Restarts': 0, 'SiteHistory': ['Unknown', 'T2_IT_Pisa', 'T2_IT_Pisa', 'T2_IT_Pisa', 'T2_IT_Pisa', 'T2_IT_Pisa', 'T2_IT_Pisa'], 'ResidentSetSize': [197052, 378964, 215764], 'SubmitTimes': [1742226511.0, 1742229375.0, 1742229648.0], 'StartTimes': [1742229113.0, 1742229394.0, 1742229653.0], 'EndTimes': [1742229309.0, 1742229518.0, 1742229752.0], 'TotalUserCpuTimeHistory': [52, 40, 50], 'TotalSysCpuTimeHistory': [1, 1, 3], 'WallDurations': [9.0, 150.18350648880005, 196.0, 124.0, 169.6768398284912, 99.0, 211.22687292099], 'JobIds': ['78943855.0', '78960868.0', '78960958.0'], 'State': 'failed', 'RecordedSite': True, 'Error': [50115, 'BadFWJRXML', {}]}, '153': {'Retries': 2, 'Restarts': 0, 'SiteHistory': ['Unknown', 'T2_IT_Pisa', 'T2_IT_Pisa', 'T2_IT_Pisa', 'T2_IT_Pisa', 'T2_IT_Pisa', 'T2_IT_Pisa'], 'ResidentSetSize': [44652, 4076, 49876], 'SubmitTimes': [1742226511.0, 1742229354.0, 1742229601.0], 'StartTimes': [1742229114.0, 1742229393.0, 1742229617.0], 'EndTimes': [1742229285.0, 1742229475.0, 1742229693.0], 'TotalUserCpuTimeHistory': [35, 36, 21], 'TotalSysCpuTimeHistory': [0, 1, 0], 'WallDurations': [8.0, 149.18350648880005, 171.0, 82.0, 170.6768398284912, 76.0, 247.22687292099], 'JobIds': ['78943856.0', '78960864.0', '78960933.0'], 'State': 'failed', 'RecordedSite': True, 'Error': [50115, 'BadFWJRXML', {}]}, '161': {'Retries': 2, 'Restarts': 0, 'SiteHistory': ['Unknown', 'T2_IT_Pisa', 'T2_IT_Pisa', 'T2_IT_Pisa', 'T2_IT_Pisa', 'T2_IT_Pisa', 'T2_IT_Pisa'], 'ResidentSetSize': [68932, 3368, 45848], 'SubmitTimes': [1742226511.0, 1742229268.0, 1742229533.0], 'StartTimes': [1742229116.0, 1742229278.0, 1742229543.0], 'EndTimes': [1742229199.0, 1742229406.0, 1742229679.0], 'TotalUserCpuTimeHistory': [26, 24, 42], 'TotalSysCpuTimeHistory': [1, 0, 1], 'WallDurations': [83.0, 147.18350648880005, 147.18350648880005, 128.0, 9.0, 20.67683982849121, 136.0], 'JobIds': ['78943858.0', '78960765.0', '78960909.0'], 'State': 'failed', 'RecordedSite': True, 'Error': [50115, 'BadFWJRXML', {}]}, '155': {'Retries': 2, 'Restarts': 0, 'SiteHistory': ['Unknown', 'T2_IT_Pisa', 'T2_IT_Pisa', 'T2_IT_Pisa', 'T2_IT_Pisa', 'T2_IT_Pisa', 'T2_IT_Pisa'], 'ResidentSetSize': [51380, 91752, 67832], 'SubmitTimes': [1742226512.0, 1742229344.0, 1742229627.0], 'StartTimes': [1742229108.0, 1742229362.0, 1742229636.0], 'EndTimes': [1742229275.0, 1742229501.0, 1742229716.0], 'TotalUserCpuTimeHistory': [45, 35, 35], 'TotalSysCpuTimeHistory': [0, 0, 0], 'WallDurations': [8.0, 155.18350648880005, 167.0, 139.0, 201.6768398284912, 80.0, 228.22687292099], 'JobIds': ['78943860.0', '78960861.0', '78960938.0'], 'State': 'failed', 'RecordedSite': True, 'Error': [50115, 'BadFWJRXML', {}]}, '157': {'Retries': 2, 'Restarts': 0, 'SiteHistory': ['Unknown', 'T2_IT_Pisa', 'T2_IT_Pisa', 'T2_IT_Pisa', 'T2_IT_Pisa', 'T2_IT_Pisa', 'T2_IT_Pisa'], 'ResidentSetSize': [66024, 53800, 201084], 'SubmitTimes': [1742226512.0, 1742229314.0, 1742229627.0], 'StartTimes': [1742229109.0, 1742229333.0, 1742229640.0], 'EndTimes': [1742229244.0, 1742229500.0, 1742229746.0], 'TotalUserCpuTimeHistory': [29, 41, 24], 'TotalSysCpuTimeHistory': [0, 2, 0], 'WallDurations': [135.0, 154.18350648880005, 154.18350648880005, 167.0, 230.6768398284912, 106.0, 224.22687292099], 'JobIds': ['78943862.0', '78960773.0', '78960939.0'], 'State': 'failed', 'RecordedSite': True, 'Error': [50115, 'BadFWJRXML', {}]}, '150': {'Retries': 2, 'Restarts': 0, 'SiteHistory': ['Unknown', 'T2_IT_Pisa', 'T2_IT_Pisa', 'T2_IT_Pisa', 'T2_IT_Pisa', 'T2_IT_Pisa', 'T2_IT_Pisa'], 'ResidentSetSize': [197760, 65536, 44916], 'SubmitTimes': [1742226512.0, 1742229375.0, 1742229695.0], 'StartTimes': [1742229112.0, 1742229398.0, 1742229706.0], 'EndTimes': [1742229308.0, 1742229566.0, 1742229851.0], 'TotalUserCpuTimeHistory': [49, 30, 39], 'TotalSysCpuTimeHistory': [1, 0, 0], 'WallDurations': [9.0, 151.18350648880005, 196.0, 9.0, 168.0, 145.0, 158.22687292099], 'JobIds': ['78943864.0', '78960869.0', '78961231.0'], 'State': 'failed', 'RecordedSite': True}, '159': {'Retries': 2, 'Restarts': 0, 'SiteHistory': ['Unknown', 'T2_IT_Pisa', 'T2_IT_Pisa', 'T2_IT_Pisa', 'T2_IT_Pisa', 'T2_IT_Pisa', 'T2_IT_Pisa'], 'ResidentSetSize': [4252, 73200, 46444], 'SubmitTimes': [1742226512.0, 1742229324.0, 1742229538.0], 'StartTimes': [1742229124.0, 1742229332.0, 1742229551.0], 'EndTimes': [1742229253.0, 1742229408.0, 1742229620.0], 'TotalUserCpuTimeHistory': [46, 23, 19], 'TotalSysCpuTimeHistory': [0, 0, 0], 'WallDurations': [129.0, 139.18350648880005, 139.18350648880005, 76.0, 9.0, 12.676839828491211, 69.0], 'JobIds': ['78943866.0', '78960775.0', '78960911.0'], 'State': 'failed', 'RecordedSite': True, 'Error': [50115, 'BadFWJRXML', {}]}, '158': {'Retries': 2, 'Restarts': 0, 'SiteHistory': ['Unknown', 'T2_IT_Pisa', 'T2_IT_Pisa', 'T2_IT_Pisa', 'T2_IT_Pisa', 'T2_IT_Pisa', 'T2_IT_Pisa'], 'ResidentSetSize': [68368, 46064, 201140], 'SubmitTimes': [1742226512.0, 1742229304.0, 1742229596.0], 'StartTimes': [1742229132.0, 1742229312.0, 1742229607.0], 'EndTimes': [1742229234.0, 1742229466.0, 1742229724.0], 'TotalUserCpuTimeHistory': [37, 39, 39], 'TotalSysCpuTimeHistory': [1, 0, 1], 'WallDurations': [102.0, 131.18350648880005, 131.18350648880005, 154.0, 251.6768398284912, 117.0, 257.22687292099], 'JobIds': ['78943867.0', '78960769.0', '78960930.0'], 'State': 'failed', 'RecordedSite': True, 'Error': [50115, 'BadFWJRXML', {}]}, '152': {'Retries': 2, 'Restarts': 0, 'SiteHistory': ['Unknown', 'T2_IT_Pisa', 'T2_IT_Pisa', 'T2_IT_Pisa', 'T2_IT_Pisa', 'T2_IT_Pisa', 'T2_IT_Pisa'], 'ResidentSetSize': [72252, 12476, 53384], 'SubmitTimes': [1742226512.0, 1742229304.0, 1742229596.0], 'StartTimes': [1742229133.0, 1742229312.0, 1742229604.0], 'EndTimes': [1742229234.0, 1742229467.0, 1742229678.0], 'TotalUserCpuTimeHistory': [35, 40, 34], 'TotalSysCpuTimeHistory': [1, 0, 3], 'WallDurations': [101.0, 130.18350648880005, 130.18350648880005, 155.0, 251.6768398284912, 74.0, 260.22687292099], 'JobIds': ['78943868.0', '78960770.0', '78960929.0'], 'State': 'failed', 'RecordedSite': True, 'Error': [50115, 'BadFWJRXML', {}]}, '166': {'Retries': 2, 'Restarts': 0, 'SiteHistory': ['Unknown', 'T2_IT_Pisa', 'T2_IT_Pisa', 'T2_IT_Pisa', 'T2_IT_Pisa', 'T2_IT_Pisa', 'T2_IT_Pisa'], 'ResidentSetSize': [37148, 215784, 67940], 'SubmitTimes': [1742226512.0, 1742229344.0, 1742229611.0], 'StartTimes': [1742229145.0, 1742229402.0, 1742229633.0], 'EndTimes': [1742229274.0, 1742229485.0, 1742229715.0], 'TotalUserCpuTimeHistory': [29, 32, 40], 'TotalSysCpuTimeHistory': [1, 0, 3], 'WallDurations': [9.0, 118.18350648880005, 129.0, 83.0, 161.6768398284912, 82.0, 231.22687292099], 'JobIds': ['78943869.0', '78960862.0', '78960936.0'], 'State': 'failed', 'RecordedSite': True, 'Error': [50115, 'BadFWJRXML', {}]}, '156': {'Retries': 2, 'Restarts': 0, 'SiteHistory': ['Unknown', 'T2_IT_Pisa', 'T2_IT_Pisa', 'T2_IT_Pisa', 'T2_IT_Pisa', 'T2_IT_Pisa', 'T2_IT_Pisa'], 'ResidentSetSize': [5676, 73236, 38560], 'SubmitTimes': [1742226512.0, 1742229344.0, 1742229581.0], 'StartTimes': [1742229141.0, 1742229362.0, 1742229603.0], 'EndTimes': [1742229274.0, 1742229454.0, 1742229719.0], 'TotalUserCpuTimeHistory': [27, 43, 33], 'TotalSysCpuTimeHistory': [0, 2, 0], 'WallDurations': [8.0, 122.18350648880005, 133.0, 92.0, 201.6768398284912, 116.0, 261.22687292099], 'JobIds': ['78943870.0', '78960860.0', '78960924.0'], 'State': 'failed', 'RecordedSite': True, 'Error': [50115, 'BadFWJRXML', {}]}, '169': {'Retries': 2, 'Restarts': 0, 'SiteHistory': ['Unknown', 'T2_IT_Pisa', 'T2_IT_Pisa', 'T2_IT_Pisa', 'T2_IT_Pisa', 'T2_IT_Pisa', 'T2_IT_Pisa'], 'ResidentSetSize': [62428, 38560, 209732], 'SubmitTimes': [1742226512.0, 1742229309.0, 1742229518.0], 'StartTimes': [1742229139.0, 1742229317.0, 1742229537.0], 'EndTimes': [1742229240.0, 1742229389.0, 1742229635.0], 'TotalUserCpuTimeHistory': [46, 24, 28], 'TotalSysCpuTimeHistory': [2, 1, 1], 'WallDurations': [101.0, 124.18350648880005, 124.18350648880005, 72.0, 9.0, 26.67683982849121, 98.0], 'JobIds': ['78943871.0', '78960771.0', '78960907.0'], 'State': 'failed', 'RecordedSite': True, 'Error': [50115, 'BadFWJRXML', {}]}, '162': {'Retries': 2, 'Restarts': 0, 'SiteHistory': ['Unknown', 'T2_IT_Pisa', 'T2_IT_Pisa', 'T2_IT_Pisa', 'T2_IT_Pisa', 'T2_IT_Pisa', 'T2_IT_Pisa'], 'ResidentSetSize': [73160, 38568, 3796], 'SubmitTimes': [1742226512.0, 1742229324.0, 1742229549.0], 'StartTimes': [1742229140.0, 1742229336.0, 1742229555.0], 'EndTimes': [1742229256.0, 1742229422.0, 1742229652.0], 'TotalUserCpuTimeHistory': [36, 42, 35], 'TotalSysCpuTimeHistory': [0, 2, 0], 'WallDurations': [116.0, 123.18350648880005, 123.18350648880005, 86.0, 8.0, 8.676839828491211, 97.0], 'JobIds': ['78943872.0', '78960776.0', '78960917.0'], 'State': 'failed', 'RecordedSite': True, 'Error': [50115, 'BadFWJRXML', {}]}, '165': {'Retries': 2, 'Restarts': 0, 'SiteHistory': ['Unknown', 'T2_IT_Pisa', 'T2_IT_Pisa', 'T2_IT_Pisa', 'T2_IT_Pisa', 'T2_IT_Pisa', 'T2_IT_Pisa'], 'ResidentSetSize': [6096, 43508, 65228], 'SubmitTimes': [1742226512.0, 1742229385.0, 1742229669.0], 'StartTimes': [1742229166.0, 1742229402.0, 1742229681.0], 'EndTimes': [1742229316.0, 1742229539.0, 1742229762.0], 'TotalUserCpuTimeHistory': [22, 46, 27], 'TotalSysCpuTimeHistory': [0, 0, 1], 'WallDurations': [9.0, 97.18350648880005, 150.0, 137.0, 161.6768398284912, 81.0, 183.22687292099], 'JobIds': ['78943873.0', '78960871.0', '78961188.0'], 'State': 'failed', 'RecordedSite': True, 'Error': [50115, 'BadFWJRXML', {}]}, '172': {'Retries': 2, 'Restarts': 0, 'SiteHistory': ['Unknown', 'T2_IT_Pisa', 'T2_IT_Pisa', 'T2_IT_Pisa', 'T2_IT_Pisa', 'T2_IT_Pisa', 'T2_IT_Pisa'], 'ResidentSetSize': [63760, 297764, 214088], 'SubmitTimes': [1742226512.0, 1742229402.0, 1742229768.0], 'StartTimes': [1742229156.0, 1742229408.0, 1742229797.0], 'EndTimes': [1742229329.0, 1742229641.0, 1742229930.0], 'TotalUserCpuTimeHistory': [43, 16, 23], 'TotalSysCpuTimeHistory': [2, 0, 0], 'WallDurations': [8.0, 107.18350648880005, 173.0, 9.0, 233.0, 9.0, 133.0], 'JobIds': ['78943874.0', '78960874.0', '78961351.0'], 'State': 'failed', 'RecordedSite': True, 'Error': [50115, 'BadFWJRXML', {}]}, '164': {'Retries': 2, 'Restarts': 0, 'SiteHistory': ['Unknown', 'T2_IT_Pisa', 'T2_IT_Pisa', 'T2_IT_Pisa', 'T2_IT_Pisa', 'T2_IT_Pisa', 'T2_IT_Pisa'], 'ResidentSetSize': [65144, 53264, 201280], 'SubmitTimes': [1742226512.0, 1742229349.0, 1742229601.0], 'StartTimes': [1742229166.0, 1742229388.0, 1742229616.0], 'EndTimes': [1742229283.0, 1742229474.0, 1742229803.0], 'TotalUserCpuTimeHistory': [52, 30, 34], 'TotalSysCpuTimeHistory': [2, 0, 0], 'WallDurations': [8.0, 97.18350648880005, 117.0, 86.0, 175.6768398284912, 187.0, 248.22687292099], 'JobIds': ['78943875.0', '78960863.0', '78960932.0'], 'State': 'failed', 'RecordedSite': True, 'Error': [50115, 'BadFWJRXML', {}]}, '167': {'Retries': 2, 'Restarts': 0, 'SiteHistory': ['Unknown', 'T2_IT_Pisa', 'T2_IT_Pisa', 'T2_IT_Pisa', 'T2_IT_Pisa', 'T2_IT_Pisa', 'T2_IT_Pisa'], 'ResidentSetSize': [53308, 32956, 52096], 'SubmitTimes': [1742226512.0, 1742229395.0, 1742229701.0], 'StartTimes': [1742229246.0, 1742229409.0, 1742229719.0], 'EndTimes': [1742229325.0, 1742229574.0, 1742229809.0], 'TotalUserCpuTimeHistory': [31, 40, 34], 'TotalSysCpuTimeHistory': [0, 0, 0], 'WallDurations': [8.0, 17.18350648880005, 79.0, 9.0, 165.0, 90.0, 145.22687292099], 'JobIds': ['78943876.0', '78960873.0', '78961233.0'], 'State': 'failed', 'RecordedSite': True, 'Error': [50115, 'BadFWJRXML', {}]}, '173': {'Retries': 2, 'Restarts': 0, 'SiteHistory': ['Unknown', 'T2_IT_Pisa', 'T2_IT_Pisa', 'T2_IT_Pisa', 'T2_IT_Pisa', 'T2_IT_Pisa', 'T2_IT_Pisa'], 'ResidentSetSize': [49276, 6388, 46576], 'SubmitTimes': [1742226512.0, 1742229470.0, 1742229789.0], 'StartTimes': [1742229265.0, 1742229488.0, 1742229811.0], 'EndTimes': [1742229396.0, 1742229660.0, 1742229941.0], 'TotalUserCpuTimeHistory': [43, 53, 36], 'TotalSysCpuTimeHistory': [2, 1, 0], 'WallDurations': [0, 131.0, 9.0, 75.67683982849121, 172.0, 8.0, 130.0], 'JobIds': ['78943877.0', '78960895.0', '78961359.0'], 'State': 'failed', 'RecordedSite': True, 'Error': [50115, 'BadFWJRXML', {}]}, '160': {'Retries': 2, 'Restarts': 0, 'SiteHistory': ['Unknown', 'T2_IT_Pisa', 'T2_IT_Pisa', 'T2_IT_Pisa', 'T2_IT_Pisa', 'T2_IT_Pisa', 'T2_IT_Pisa'], 'ResidentSetSize': [49136, 44620, 69136], 'SubmitTimes': [1742226513.0, 1742229470.0, 1742229768.0], 'StartTimes': [1742229257.0, 1742229493.0, 1742229785.0], 'EndTimes': [1742229396.0, 1742229641.0, 1742229870.0], 'TotalUserCpuTimeHistory': [54, 17, 13], 'TotalSysCpuTimeHistory': [4, 0, 0], 'WallDurations': [0, 6.183506488800049, 139.0, 8.0, 148.0, 9.0, 85.0], 'JobIds': ['78943878.0', '78960894.0', '78961350.0'], 'State': 'failed', 'RecordedSite': True, 'Error': [50115, 'BadFWJRXML', {}]}, '181': {'Retries': 2, 'Restarts': 0, 'SiteHistory': ['Unknown', 'T2_IT_Pisa', 'T2_IT_Pisa', 'T2_IT_Pisa', 'T2_IT_Pisa', 'T2_IT_Pisa', 'T2_IT_Pisa'], 'ResidentSetSize': [4300, 4064, 44924], 'SubmitTimes': [1742226513.0, 1742229475.0, 1742229789.0], 'StartTimes': [1742229277.0, 1742229496.0, 1742229815.0], 'EndTimes': [1742229406.0, 1742229659.0, 1742229950.0], 'TotalUserCpuTimeHistory': [33, 46, 45], 'TotalSysCpuTimeHistory': [0, 0, 0], 'WallDurations': [129.0, 9.0, 67.67683982849121, 67.67683982849121, 163.0, 8.0, 135.0], 'JobIds': ['78943879.0', '78960898.0', '78961360.0'], 'State': 'failed', 'RecordedSite': True, 'Error': [50115, 'BadFWJRXML', {}]}, '168': {'Retries': 2, 'Restarts': 0, 'SiteHistory': ['Unknown', 'T2_IT_Pisa', 'T2_IT_Pisa', 'T2_IT_Pisa', 'T2_IT_Pisa', 'T2_IT_Pisa', 'T2_IT_Pisa'], 'ResidentSetSize': [147140, 180116, 44732], 'SubmitTimes': [1742226513.0, 1742229543.0, 1742229845.0], 'StartTimes': [1742229293.0, 1742229554.0, 1742229851.0], 'EndTimes': [1742229474.0, 1742229721.0, 1742229962.0], 'TotalUserCpuTimeHistory': [54, 22, 48], 'TotalSysCpuTimeHistory': [1, 0, 2], 'WallDurations': [181.0, 9.0, 9.676839828491211, 9.676839828491211, 167.0, 8.0, 111.0], 'JobIds': ['78943880.0', '78960912.0', '78961374.0'], 'State': 'failed', 'RecordedSite': True, 'Error': [50115, 'BadFWJRXML', {}]}, '174': {'Retries': 2, 'Restarts': 0, 'SiteHistory': ['Unknown', 'T2_IT_Pisa', 'T2_IT_Pisa', 'T2_IT_Pisa', 'T2_IT_Pisa', 'T2_IT_Pisa', 'T2_IT_Pisa'], 'ResidentSetSize': [51016, 7912, 52588], 'SubmitTimes': [1742226513.0, 1742229444.0, 1742229732.0], 'StartTimes': [1742229281.0, 1742229469.0, 1742229742.0], 'EndTimes': [1742229378.0, 1742229606.0, 1742229879.0], 'TotalUserCpuTimeHistory': [33, 40, 38], 'TotalSysCpuTimeHistory': [0, 0, 1], 'WallDurations': [97.0, 9.0, 94.67683982849121, 94.67683982849121, 137.0, 9.0, 137.0], 'JobIds': ['78943881.0', '78960886.0', '78961257.0'], 'State': 'failed', 'RecordedSite': True, 'Error': [50115, 'BadFWJRXML', {}]}, '176': {'Retries': 2, 'Restarts': 0, 'SiteHistory': ['Unknown', 'T2_IT_Pisa', 'T2_IT_Pisa', 'T2_IT_Pisa', 'T2_IT_Pisa', 'T2_IT_Pisa', 'T2_IT_Pisa'], 'ResidentSetSize': [38768, 46436, 62324], 'SubmitTimes': [1742226513.0, 1742229449.0, 1742229732.0], 'StartTimes': [1742229294.0, 1742229470.0, 1742229742.0], 'EndTimes': [1742229381.0, 1742229606.0, 1742229827.0], 'TotalUserCpuTimeHistory': [28, 43, 25], 'TotalSysCpuTimeHistory': [0, 0, 0], 'WallDurations': [87.0, 10.0, 93.67683982849121, 93.67683982849121, 136.0, 85.0, 122.22687292098999], 'JobIds': ['78943882.0', '78960888.0', '78961255.0'], 'State': 'failed', 'RecordedSite': True, 'Error': [50115, 'BadFWJRXML', {}]}, '163': {'Retries': 2, 'Restarts': 0, 'SiteHistory': ['Unknown', 'T2_IT_Pisa', 'T2_IT_Pisa', 'T2_IT_Pisa', 'T2_IT_Pisa', 'T2_IT_Pisa', 'T2_IT_Pisa'], 'ResidentSetSize': [66140, 73004, 5692], 'SubmitTimes': [1742226513.0, 1742229423.0, 1742229758.0], 'StartTimes': [1742229281.0, 1742229458.0, 1742229764.0], 'EndTimes': [1742229359.0, 1742229627.0, 1742229879.0], 'TotalUserCpuTimeHistory': [44, 36, 30], 'TotalSysCpuTimeHistory': [2, 0, 0], 'WallDurations': [78.0, 8.0, 105.67683982849121, 105.67683982849121, 169.0, 9.0, 115.0], 'JobIds': ['78943883.0', '78960884.0', '78961347.0'], 'State': 'failed', 'RecordedSite': True, 'Error': [50115, 'BadFWJRXML', {}]}, '171': {'Retries': 2, 'Restarts': 0, 'SiteHistory': ['Unknown', 'T2_IT_Pisa', 'T2_IT_Pisa', 'T2_IT_Pisa', 'T2_IT_Pisa', 'T2_IT_Pisa', 'T2_IT_Pisa'], 'ResidentSetSize': [70080, 38764, 35028], 'SubmitTimes': [1742226513.0, 1742229482.0, 1742229732.0], 'StartTimes': [1742229287.0, 1742229507.0, 1742229749.0], 'EndTimes': [1742229412.0, 1742229602.0, 1742229906.0], 'TotalUserCpuTimeHistory': [35, 25, 21], 'TotalSysCpuTimeHistory': [1, 0, 0], 'WallDurations': [125.0, 9.0, 56.67683982849121, 56.67683982849121, 95.0, 9.0, 157.0], 'JobIds': ['78943884.0', '78960901.0', '78961261.0'], 'State': 'failed', 'RecordedSite': True, 'Error': [50115, 'BadFWJRXML', {}]}, '186': {'Retries': 2, 'Restarts': 0, 'SiteHistory': ['Unknown', 'T2_IT_Pisa', 'T2_IT_Pisa', 'T2_IT_Pisa', 'T2_IT_Pisa', 'T2_IT_Pisa', 'T2_IT_Pisa'], 'ResidentSetSize': [211528, 48536, 50148], 'SubmitTimes': [1742226513.0, 1742229549.0, 1742229773.0], 'StartTimes': [1742229308.0, 1742229566.0, 1742229809.0], 'EndTimes': [1742229478.0, 1742229646.0, 1742229926.0], 'TotalUserCpuTimeHistory': [42, 24, 20], 'TotalSysCpuTimeHistory': [0, 0, 0], 'WallDurations': [170.0, 0, 80.0, 9.0, 55.22687292098999, 55.22687292098999, 117.0], 'JobIds': ['78943885.0', '78960916.0', '78961354.0'], 'State': 'failed', 'RecordedSite': True, 'Error': [50115, 'BadFWJRXML', {}]}, '189': {'Retries': 2, 'Restarts': 0, 'SiteHistory': ['Unknown', 'T2_IT_Pisa', 'T2_IT_Pisa', 'T2_IT_Pisa', 'T2_IT_Pisa', 'T2_IT_Pisa', 'T2_IT_Pisa'], 'ResidentSetSize': [84880, 49568, 36896], 'SubmitTimes': [1742226513.0, 1742229444.0, 1742229732.0], 'StartTimes': [1742229288.0, 1742229471.0, 1742229746.0], 'EndTimes': [1742229380.0, 1742229603.0, 1742229885.0], 'TotalUserCpuTimeHistory': [34, 37, 42], 'TotalSysCpuTimeHistory': [0, 0, 0], 'WallDurations': [92.0, 8.0, 92.67683982849121, 92.67683982849121, 132.0, 9.0, 139.0], 'JobIds': ['78943886.0', '78960887.0', '78961259.0'], 'State': 'failed', 'RecordedSite': True, 'Error': [50115, 'BadFWJRXML', {}]}, '182': {'Retries': 2, 'Restarts': 0, 'SiteHistory': ['Unknown', 'T2_IT_Pisa', 'T2_IT_Pisa', 'T2_IT_Pisa', 'T2_IT_Pisa', 'T2_IT_Pisa', 'T2_IT_Pisa'], 'ResidentSetSize': [209928, 41124, 70528], 'SubmitTimes': [1742226513.0, 1742229476.0, 1742229727.0], 'StartTimes': [1742229289.0, 1742229501.0, 1742229740.0], 'EndTimes': [1742229403.0, 1742229600.0, 1742229817.0], 'TotalUserCpuTimeHistory': [25, 38, 18], 'TotalSysCpuTimeHistory': [0, 1, 0], 'WallDurations': [114.0, 8.0, 62.67683982849121, 62.67683982849121, 99.0, 77.0, 124.22687292098999], 'JobIds': ['78943887.0', '78960899.0', '78961239.0'], 'State': 'failed', 'RecordedSite': True, 'Error': [50115, 'BadFWJRXML', {}]}, '183': {'Retries': 2, 'Restarts': 0, 'SiteHistory': ['Unknown', 'T2_IT_Pisa', 'T2_IT_Pisa', 'T2_IT_Pisa', 'T2_IT_Pisa', 'T2_IT_Pisa', 'T2_IT_Pisa'], 'ResidentSetSize': [45976, 59372, 59796], 'SubmitTimes': [1742226513.0, 1742229455.0, 1742229690.0], 'StartTimes': [1742229301.0, 1742229480.0, 1742229696.0], 'EndTimes': [1742229388.0, 1742229559.0, 1742229783.0], 'TotalUserCpuTimeHistory': [43, 28, 28], 'TotalSysCpuTimeHistory': [0, 0, 1], 'WallDurations': [87.0, 79.0, 83.67683982849121, 83.67683982849121, 83.67683982849121, 87.0, 168.22687292099], 'JobIds': ['78943888.0', '78960889.0', '78961230.0'], 'State': 'failed', 'RecordedSite': True, 'Error': [50115, 'BadFWJRXML', {}]}, '180': {'Retries': 2, 'Restarts': 0, 'SiteHistory': ['Unknown', 'T2_IT_Pisa', 'T2_IT_Pisa', 'T2_IT_Pisa', 'T2_IT_Pisa', 'T2_IT_Pisa', 'T2_IT_Pisa'], 'ResidentSetSize': [60648, 36904, 46200], 'SubmitTimes': [1742226513.0, 1742229460.0, 1742229768.0], 'StartTimes': [1742229304.0, 1742229490.0, 1742229802.0], 'EndTimes': [1742229393.0, 1742229641.0, 1742229930.0], 'TotalUserCpuTimeHistory': [27, 21, 18], 'TotalSysCpuTimeHistory': [0, 0, 0], 'WallDurations': [89.0, 8.0, 73.67683982849121, 73.67683982849121, 151.0, 9.0, 128.0], 'JobIds': ['78943889.0', '78960892.0', '78961352.0'], 'State': 'failed', 'RecordedSite': True, 'Error': [50115, 'BadFWJRXML', {}]}, '184': {'Retries': 2, 'Restarts': 0, 'SiteHistory': ['Unknown', 'T2_IT_Pisa', 'T2_IT_Pisa', 'T2_IT_Pisa', 'T2_IT_Pisa', 'T2_IT_Pisa', 'T2_IT_Pisa'], 'ResidentSetSize': [197652, 59396, 67784], 'SubmitTimes': [1742226513.0, 1742229549.0, 1742229784.0], 'StartTimes': [1742229332.0, 1742229563.0, 1742229801.0], 'EndTimes': [1742229478.0, 1742229656.0, 1742229882.0], 'TotalUserCpuTimeHistory': [20, 14, 26], 'TotalSysCpuTimeHistory': [0, 0, 0], 'WallDurations': [146.0, 0, 231.6768398284912, 93.0, 9.0, 63.22687292098999, 81.0], 'JobIds': ['78943890.0', '78960915.0', '78961357.0'], 'State': 'failed', 'RecordedSite': True, 'Error': [50115, 'BadFWJRXML', {}]}, '178': {'Retries': 2, 'Restarts': 0, 'SiteHistory': ['Unknown', 'T2_IT_Pisa', 'T2_IT_Pisa', 'T2_IT_Pisa', 'T2_IT_Pisa', 'T2_IT_Pisa', 'T2_IT_Pisa'], 'ResidentSetSize': [199240, 48740, 50200], 'SubmitTimes': [1742226513.0, 1742229549.0, 1742229763.0], 'StartTimes': [1742229333.0, 1742229560.0, 1742229771.0], 'EndTimes': [1742229478.0, 1742229633.0, 1742229895.0], 'TotalUserCpuTimeHistory': [19, 25, 28], 'TotalSysCpuTimeHistory': [0, 0, 0], 'WallDurations': [145.0, 0, 3.676839828491211, 3.676839828491211, 73.0, 9.0, 124.0], 'JobIds': ['78943891.0', '78960914.0', '78961348.0'], 'State': 'failed', 'RecordedSite': True, 'Error': [50115, 'BadFWJRXML', {}]}, '175': {'Retries': 2, 'Restarts': 0, 'SiteHistory': ['Unknown', 'T2_IT_Pisa', 'T2_IT_Pisa', 'T2_IT_Pisa', 'T2_IT_Pisa', 'T2_IT_Pisa', 'T2_IT_Pisa'], 'ResidentSetSize': [73620, 104192, 65736], 'SubmitTimes': [1742226513.0, 1742229512.0, 1742229768.0], 'StartTimes': [1742229340.0, 1742229521.0, 1742229797.0], 'EndTimes': [1742229440.0, 1742229640.0, 1742229984.0], 'TotalUserCpuTimeHistory': [30, 19, 12], 'TotalSysCpuTimeHistory': [0, 0, 0], 'WallDurations': [100.0, 8.0, 42.67683982849121, 42.67683982849121, 119.0, 9.0, 187.0], 'JobIds': ['78943892.0', '78960904.0', '78961353.0'], 'State': 'failed', 'RecordedSite': True, 'Error': [50115, 'BadFWJRXML', {}]}, '185': {'Retries': 2, 'Restarts': 0, 'SiteHistory': ['Unknown', 'T2_IT_Pisa', 'T2_IT_Pisa', 'T2_IT_Pisa', 'T2_IT_Pisa', 'T2_IT_Pisa', 'T2_IT_Pisa'], 'ResidentSetSize': [40904, 71840, 36928], 'SubmitTimes': [1742226513.0, 1742229523.0, 1742229753.0], 'StartTimes': [1742229360.0, 1742229547.0, 1742229758.0], 'EndTimes': [1742229450.0, 1742229625.0, 1742229932.0], 'TotalUserCpuTimeHistory': [5, 36, 48], 'TotalSysCpuTimeHistory': [0, 0, 1], 'WallDurations': [90.0, 9.0, 16.67683982849121, 16.67683982849121, 78.0, 8.0, 174.0], 'JobIds': ['78943893.0', '78960908.0', '78961345.0'], 'State': 'failed', 'RecordedSite': True, 'Error': [50115, 'BadFWJRXML', {}]}, '179': {'Retries': 2, 'Restarts': 0, 'SiteHistory': ['Unknown', 'T2_IT_Pisa', 'T2_IT_Pisa', 'T2_IT_Pisa', 'T2_IT_Pisa', 'T2_IT_Pisa', 'T2_IT_Pisa'], 'ResidentSetSize': [51380, 31412, 49248], 'SubmitTimes': [1742226514.0, 1742229518.0, 1742229809.0], 'StartTimes': [1742229345.0, 1742229542.0, 1742229821.0], 'EndTimes': [1742229448.0, 1742229679.0, 1742229892.0], 'TotalUserCpuTimeHistory': [45, 41, 19], 'TotalSysCpuTimeHistory': [2, 2, 0], 'WallDurations': [103.0, 9.0, 21.67683982849121, 21.67683982849121, 137.0, 9.0, 71.0], 'JobIds': ['78943894.0', '78960906.0', '78961365.0'], 'State': 'failed', 'RecordedSite': True, 'Error': [50115, 'BadFWJRXML', {}]}, '170': {'Retries': 2, 'Restarts': 0, 'SiteHistory': ['Unknown', 'T2_IT_Pisa', 'T2_IT_Pisa', 'T2_IT_Pisa', 'T2_IT_Pisa', 'T2_IT_Pisa', 'T2_IT_Pisa'], 'ResidentSetSize': [47720, 71240, 6660], 'SubmitTimes': [1742226519.0, 1742229533.0, 1742229779.0], 'StartTimes': [1742229347.0, 1742229552.0, 1742229803.0], 'EndTimes': [1742229466.0, 1742229650.0, 1742229978.0], 'TotalUserCpuTimeHistory': [41, 39, 28], 'TotalSysCpuTimeHistory': [1, 1, 0], 'WallDurations': [119.0, 9.0, 11.676839828491211, 11.676839828491211, 98.0, 8.0, 175.0], 'JobIds': ['78943926.0', '78960910.0', '78961355.0'], 'State': 'failed', 'RecordedSite': True, 'Error': [50115, 'BadFWJRXML', {}]}, '177': {'Retries': 2, 'Restarts': 0, 'SiteHistory': ['Unknown', 'T2_IT_Pisa', 'T2_IT_Pisa', 'T2_IT_Pisa', 'T2_IT_Pisa', 'T2_IT_Pisa', 'T2_IT_Pisa'], 'ResidentSetSize': [7456, 5460, 34796], 'SubmitTimes': [1742226519.0, 1742229611.0, 1742229880.0], 'StartTimes': [1742229398.0, 1742229644.0, 1742229889.0], 'EndTimes': [1742229540.0, 1742229747.0, 1742230015.0], 'TotalUserCpuTimeHistory': [37, 29, 36], 'TotalSysCpuTimeHistory': [1, 0, 0], 'WallDurations': [142.0, 165.6768398284912, 165.6768398284912, 103.0, 220.22687292099, 126.0, 275.78613686561584], 'JobIds': ['78943928.0', '78960935.0', '78961386.0'], 'State': 'failed', 'RecordedSite': True, 'Error': [50115, 'BadFWJRXML', {}]}, '187': {'Retries': 2, 'Restarts': 0, 'SiteHistory': ['Unknown', 'T2_IT_Pisa', 'T2_IT_Pisa', 'T2_IT_Pisa', 'T2_IT_Pisa', 'T2_IT_Pisa', 'T2_IT_Pisa'], 'ResidentSetSize': [88344, 38768, 49612], 'SubmitTimes': [1742226519.0, 1742229684.0, 1742229926.0], 'StartTimes': [1742229490.0, 1742229719.0, 1742229944.0], 'EndTimes': [1742229614.0, 1742229799.0, 1742230074.0], 'TotalUserCpuTimeHistory': [17, 23, 28], 'TotalSysCpuTimeHistory': [0, 0, 0], 'WallDurations': [8.0, 73.67683982849121, 124.0, 80.0, 145.22687292099, 130.0, 220.78613686561584], 'JobIds': ['78943930.0', '78961229.0', '78961401.0'], 'State': 'failed', 'RecordedSite': True, 'Error': [50115, 'BadFWJRXML', {}]}, '188': {'Retries': 2, 'Restarts': 0, 'SiteHistory': ['Unknown', 'T2_IT_Pisa', 'T2_IT_Pisa', 'T2_IT_Pisa', 'T2_IT_Pisa', 'T2_IT_Pisa', 'T2_IT_Pisa'], 'ResidentSetSize': [215712, 37232, 50788], 'SubmitTimes': [1742226519.0, 1742229591.0, 1742229865.0], 'StartTimes': [1742229406.0, 1742229611.0, 1742229872.0], 'EndTimes': [1742229518.0, 1742229738.0, 1742229951.0], 'TotalUserCpuTimeHistory': [22, 50, 2], 'TotalSysCpuTimeHistory': [0, 2, 0], 'WallDurations': [112.0, 157.6768398284912, 157.6768398284912, 127.0, 253.22687292099, 79.0, 292.78613686561584], 'JobIds': ['78943932.0', '78960926.0', '78961381.0'], 'State': 'failed', 'RecordedSite': True, 'Error': [50115, 'BadFWJRXML', {}]}, '190': {'Retries': 2, 'Restarts': 0, 'SiteHistory': ['Unknown', 'T2_IT_Pisa', 'T2_IT_Pisa', 'T2_IT_Pisa', 'T2_IT_Pisa', 'T2_IT_Pisa', 'T2_IT_Pisa'], 'ResidentSetSize': [215712, 69776, 4292], 'SubmitTimes': [1742226519.0, 1742229601.0, 1742229926.0], 'StartTimes': [1742229417.0, 1742229630.0, 1742229949.0], 'EndTimes': [1742229533.0, 1742229798.0, 1742230075.0], 'TotalUserCpuTimeHistory': [26, 28, 19], 'TotalSysCpuTimeHistory': [0, 0, 0], 'WallDurations': [116.0, 146.6768398284912, 146.6768398284912, 168.0, 234.22687292099, 126.0, 215.78613686561584], 'JobIds': ['78943934.0', '78960931.0', '78961402.0'], 'State': 'failed', 'RecordedSite': True, 'Error': [50115, 'BadFWJRXML', {}]}, '191': {'Retries': 2, 'Restarts': 0, 'SiteHistory': ['Unknown', 'T2_IT_Pisa', 'T2_IT_Pisa', 'T2_IT_Pisa', 'T2_IT_Pisa', 'T2_IT_Pisa', 'T2_IT_Pisa'], 'ResidentSetSize': [197116, 44924, 37048], 'SubmitTimes': [1742226519.0, 1742229586.0, 1742229870.0], 'StartTimes': [1742229411.0, 1742229607.0, 1742229894.0], 'EndTimes': [1742229521.0, 1742229743.0, 1742230034.0], 'TotalUserCpuTimeHistory': [19, 41, 48], 'TotalSysCpuTimeHistory': [0, 0, 0], 'WallDurations': [110.0, 152.6768398284912, 152.6768398284912, 136.0, 257.22687292099, 140.0, 270.78613686561584], 'JobIds': ['78943936.0', '78960925.0', '78961384.0'], 'State': 'failed', 'RecordedSite': True, 'Error': [50115, 'BadFWJRXML', {}]}, '192': {'Retries': 2, 'Restarts': 0, 'SiteHistory': ['Unknown', 'T2_IT_Pisa', 'T2_IT_Pisa', 'T2_IT_Pisa', 'T2_IT_Pisa', 'T2_IT_Pisa', 'T2_IT_Pisa'], 'ResidentSetSize': [31376, 36912, 4668], 'SubmitTimes': [1742226519.0, 1742229596.0, 1742229880.0], 'StartTimes': [1742229410.0, 1742229610.0, 1742229894.0], 'EndTimes': [1742229527.0, 1742229749.0, 1742230037.0], 'TotalUserCpuTimeHistory': [35, 43, 50], 'TotalSysCpuTimeHistory': [1, 0, 0], 'WallDurations': [117.0, 153.6768398284912, 153.6768398284912, 139.0, 254.22687292099, 143.0, 270.78613686561584], 'JobIds': ['78943938.0', '78960928.0', '78961388.0'], 'State': 'failed', 'RecordedSite': True, 'Error': [50115, 'BadFWJRXML', {}]}, '193': {'Retries': 2, 'Restarts': 0, 'SiteHistory': ['Unknown', 'T2_IT_Pisa', 'T2_IT_Pisa', 'T2_IT_Pisa', 'T2_IT_Pisa', 'T2_IT_Pisa', 'T2_IT_Pisa'], 'ResidentSetSize': [59544, 66608, 197560], 'SubmitTimes': [1742226519.0, 1742229559.0, 1742229885.0], 'StartTimes': [1742229411.0, 1742229569.0, 1742229895.0], 'EndTimes': [1742229487.0, 1742229754.0, 1742230023.0], 'TotalUserCpuTimeHistory': [28, 37, 48], 'TotalSysCpuTimeHistory': [0, 1, 0], 'WallDurations': [76.0, 0, 185.0, 295.22687292099, 295.22687292099, 128.0, 269.78613686561584], 'JobIds': ['78943940.0', '78960920.0', '78961389.0'], 'State': 'failed', 'RecordedSite': True, 'Error': [50115, 'BadFWJRXML', {}]}, '194': {'Retries': 2, 'Restarts': 0, 'SiteHistory': ['Unknown', 'T2_IT_Pisa', 'T2_IT_Pisa', 'T2_IT_Pisa', 'T2_IT_Pisa', 'T2_IT_Pisa', 'T2_IT_Pisa'], 'ResidentSetSize': [187548, 66080, 215712], 'SubmitTimes': [1742226519.0, 1742229564.0, 1742229814.0], 'StartTimes': [1742229412.0, 1742229589.0, 1742229833.0], 'EndTimes': [1742229493.0, 1742229689.0, 1742229943.0], 'TotalUserCpuTimeHistory': [31, 4, 28], 'TotalSysCpuTimeHistory': [0, 0, 1], 'WallDurations': [81.0, 151.6768398284912, 151.6768398284912, 100.0, 10.0, 31.22687292098999, 110.0], 'JobIds': ['78943942.0', '78960921.0', '78961366.0'], 'State': 'failed', 'RecordedSite': True, 'Error': [50115, 'BadFWJRXML', {}]}, '195': {'Retries': 2, 'Restarts': 0, 'SiteHistory': ['Unknown', 'T2_IT_Pisa', 'T2_IT_Pisa', 'T2_IT_Pisa', 'T2_IT_Pisa', 'T2_IT_Pisa', 'T2_IT_Pisa'], 'ResidentSetSize': [38660, 12388, 102916], 'SubmitTimes': [1742226519.0, 1742229627.0, 1742229880.0], 'StartTimes': [1742229491.0, 1742229646.0, 1742229893.0], 'EndTimes': [1742229557.0, 1742229752.0, 1742230024.0], 'TotalUserCpuTimeHistory': [14, 25, 53], 'TotalSysCpuTimeHistory': [0, 0, 1], 'WallDurations': [66.0, 72.67683982849121, 72.67683982849121, 106.0, 218.22687292099, 131.0, 271.78613686561584], 'JobIds': ['78943944.0', '78960937.0', '78961387.0'], 'State': 'failed', 'RecordedSite': True, 'Error': [50115, 'BadFWJRXML', {}]}, '196': {'Retries': 2, 'Restarts': 0, 'SiteHistory': ['Unknown', 'T2_IT_Pisa', 'T2_IT_Pisa', 'T2_IT_Pisa', 'T2_IT_Pisa', 'T2_IT_Pisa', 'T2_IT_Pisa'], 'ResidentSetSize': [38776, 41964, 199564], 'SubmitTimes': [1742226519.0, 1742229632.0, 1742229890.0], 'StartTimes': [1742229496.0, 1742229644.0, 1742229903.0], 'EndTimes': [1742229564.0, 1742229759.0, 1742230019.0], 'TotalUserCpuTimeHistory': [19, 21, 46], 'TotalSysCpuTimeHistory': [0, 0, 1], 'WallDurations': [67.0, 67.67683982849121, 68.0, 115.0, 220.22687292099, 116.0, 261.78613686561584], 'JobIds': ['78943946.0', '78960941.0', '78961390.0'], 'State': 'failed', 'RecordedSite': True, 'Error': [50115, 'BadFWJRXML', {}]}, '197': {'Retries': 2, 'Restarts': 0, 'SiteHistory': ['Unknown', 'T2_IT_Pisa', 'T2_IT_Pisa', 'T2_IT_Pisa', 'T2_IT_Pisa', 'T2_IT_Pisa', 'T2_IT_Pisa'], 'ResidentSetSize': [6756, 67952, 82380], 'SubmitTimes': [1742226520.0, 1742229758.0, 1742229989.0], 'StartTimes': [1742229504.0, 1742229770.0, 1742229996.0], 'EndTimes': [1742229685.0, 1742229861.0, 1742230152.0], 'TotalUserCpuTimeHistory': [52, 39, 24], 'TotalSysCpuTimeHistory': [3, 3, 0], 'WallDurations': [9.0, 59.67683982849121, 181.0, 91.0, 94.22687292098999, 156.0, 168.78613686561584], 'JobIds': ['78943948.0', '78961346.0', '78961620.0'], 'State': 'failed', 'RecordedSite': True}, '198': {'Retries': 2, 'Restarts': 0, 'SiteHistory': ['Unknown', 'T2_IT_Pisa', 'T2_IT_Pisa', 'T2_IT_Pisa', 'T2_IT_Pisa', 'T2_IT_Pisa', 'T2_IT_Pisa'], 'ResidentSetSize': [44660, 19032, 44656], 'SubmitTimes': [1742226520.0, 1742229727.0, 1742230034.0], 'StartTimes': [1742229504.0, 1742229751.0, 1742230043.0], 'EndTimes': [1742229655.0, 1742229906.0, 1742230160.0], 'TotalUserCpuTimeHistory': [48, 21, 29], 'TotalSysCpuTimeHistory': [1, 0, 0], 'WallDurations': [9.0, 59.67683982849121, 151.0, 8.0, 155.0, 117.0, 121.78613686561584], 'JobIds': ['78943950.0', '78961238.0', '78961631.0'], 'State': 'failed', 'RecordedSite': True, 'Error': [50115, 'BadFWJRXML', {}]}, '199': {'Retries': 2, 'Restarts': 0, 'SiteHistory': ['Unknown', 'T2_IT_Pisa', 'T2_IT_Pisa', 'T2_IT_Pisa', 'T2_IT_Pisa', 'T2_IT_Pisa', 'T2_IT_Pisa'], 'ResidentSetSize': [52600, 56636, 168288], 'SubmitTimes': [1742226520.0, 1742229674.0, 1742229968.0], 'StartTimes': [1742229523.0, 1742229689.0, 1742229980.0], 'EndTimes': [1742229602.0, 1742229840.0, 1742230099.0], 'TotalUserCpuTimeHistory': [32, 47, 43], 'TotalSysCpuTimeHistory': [3, 3, 3], 'WallDurations': [8.0, 40.67683982849121, 79.0, 151.0, 175.22687292099, 119.0, 184.78613686561584], 'JobIds': ['78943952.0', '78961227.0', '78961479.0'], 'State': 'failed', 'RecordedSite': True, 'Error': [50115, 'BadFWJRXML', {}]}, '200': {'Retries': 2, 'Restarts': 0, 'SiteHistory': ['Unknown', 'T2_IT_Pisa', 'T2_IT_Pisa', 'T2_IT_Pisa', 'T2_IT_Pisa', 'T2_IT_Pisa', 'T2_IT_Pisa'], 'ResidentSetSize': [39072, 62424, 142904], 'SubmitTimes': [1742226520.0, 1742229707.0, 1742230004.0], 'StartTimes': [1742229522.0, 1742229721.0, 1742230019.0], 'EndTimes': [1742229641.0, 1742229876.0, 1742230222.0], 'TotalUserCpuTimeHistory': [40, 59, 46], 'TotalSysCpuTimeHistory': [0, 1, 0], 'WallDurations': [8.0, 41.67683982849121, 119.0, 9.0, 155.0, 8.0, 203.0], 'JobIds': ['78943954.0', '78961235.0', '78961624.0'], 'State': 'failed', 'RecordedSite': True, 'Error': [50115, 'BadFWJRXML', {}]}, '201': {'Retries': 2, 'Restarts': 0, 'SiteHistory': ['Unknown', 'T2_IT_Pisa', 'T2_IT_Pisa', 'T2_IT_Pisa', 'T2_IT_Pisa', 'T2_IT_Pisa', 'T2_IT_Pisa'], 'ResidentSetSize': [50152, 14232, 51140], 'SubmitTimes': [1742226520.0, 1742229707.0, 1742230014.0], 'StartTimes': [1742229526.0, 1742229734.0, 1742230019.0], 'EndTimes': [1742229635.0, 1742229889.0, 1742230133.0], 'TotalUserCpuTimeHistory': [32, 43, 40], 'TotalSysCpuTimeHistory': [0, 0, 1], 'WallDurations': [8.0, 37.67683982849121, 109.0, 8.0, 155.0, 114.0, 145.78613686561584], 'JobIds': ['78943956.0', '78961234.0', '78961625.0'], 'State': 'failed', 'RecordedSite': True, 'Error': [50115, 'BadFWJRXML', {}]}, '202': {'Retries': 2, 'Restarts': 0, 'SiteHistory': ['Unknown', 'T2_IT_Pisa', 'T2_IT_Pisa', 'T2_IT_Pisa', 'T2_IT_Pisa', 'T2_IT_Pisa', 'T2_IT_Pisa'], 'ResidentSetSize': [93104, 50184, 70252], 'SubmitTimes': [1742226520.0, 1742229865.0, 1742230121.0], 'StartTimes': [1742229524.0, 1742229876.0, 1742230136.0], 'EndTimes': [1742229794.0, 1742229991.0, 1742230198.0], 'TotalUserCpuTimeHistory': [29, 45, 19], 'TotalSysCpuTimeHistory': [1, 0, 0], 'WallDurations': [10.0, 39.67683982849121, 270.0, 115.0, 8.0, 28.786136865615845, 62.0], 'JobIds': ['78943958.0', '78961380.0', '78962256.0'], 'State': 'failed', 'RecordedSite': True, 'Error': [50115, 'BadFWJRXML', {}]}, '203': {'Retries': 2, 'Restarts': 0, 'SiteHistory': ['Unknown', 'T2_IT_Pisa', 'T2_IT_Pisa', 'T2_IT_Pisa', 'T2_IT_Pisa', 'T2_IT_Pisa', 'T2_IT_Pisa'], 'ResidentSetSize': [11480, 48384, 29880], 'SubmitTimes': [1742226520.0, 1742229717.0, 1742229984.0], 'StartTimes': [1742229554.0, 1742229724.0, 1742229993.0], 'EndTimes': [1742229652.0, 1742229855.0, 1742230075.0], 'TotalUserCpuTimeHistory': [6, 46, 31], 'TotalSysCpuTimeHistory': [0, 2, 0], 'WallDurations': [8.0, 9.676839828491211, 98.0, 131.0, 140.22687292099, 82.0, 171.78613686561584], 'JobIds': ['78943960.0', '78961236.0', '78961615.0'], 'State': 'failed', 'RecordedSite': True, 'Error': [50115, 'BadFWJRXML', {}]}, '204': {'Retries': 2, 'Restarts': 0, 'SiteHistory': ['Unknown', 'T2_IT_Pisa', 'T2_IT_Pisa', 'T2_IT_Pisa', 'T2_IT_Pisa', 'T2_IT_Pisa', 'T2_IT_Pisa'], 'ResidentSetSize': [5420, 49004, 7056], 'SubmitTimes': [1742226520.0, 1742229789.0, 1742230019.0], 'StartTimes': [1742229574.0, 1742229810.0, 1742230027.0], 'EndTimes': [1742229721.0, 1742229892.0, 1742230138.0], 'TotalUserCpuTimeHistory': [55, 36, 34], 'TotalSysCpuTimeHistory': [3, 1, 0], 'WallDurations': [147.0, 8.0, 54.22687292098999, 54.22687292098999, 82.0, 111.0, 137.78613686561584], 'JobIds': ['78943962.0', '78961358.0', '78961628.0'], 'State': 'failed', 'RecordedSite': True, 'Error': [50115, 'BadFWJRXML', {}]}, '205': {'Retries': 2, 'Restarts': 0, 'SiteHistory': ['Unknown', 'T2_IT_Pisa', 'T2_IT_Pisa', 'T2_IT_Pisa', 'T2_IT_Pisa', 'T2_IT_Pisa', 'T2_IT_Pisa'], 'ResidentSetSize': [45076, 66396, 73356], 'SubmitTimes': [1742226520.0, 1742229820.0, 1742230044.0], 'StartTimes': [1742229577.0, 1742229841.0, 1742230062.0], 'EndTimes': [1742229750.0, 1742229915.0, 1742230246.0], 'TotalUserCpuTimeHistory': [50, 27, 42], 'TotalSysCpuTimeHistory': [0, 0, 0], 'WallDurations': [173.0, 8.0, 23.22687292098999, 23.22687292098999, 74.0, 9.0, 184.0], 'JobIds': ['78943964.0', '78961368.0', '78961733.0'], 'State': 'failed', 'RecordedSite': True, 'Error': [50115, 'BadFWJRXML', {}]}, '213': {'Retries': 2, 'Restarts': 0, 'SiteHistory': ['Unknown', 'T2_IT_Pisa', 'T2_IT_Pisa', 'T2_IT_Pisa', 'T2_IT_Pisa', 'T2_IT_Pisa', 'T2_IT_Pisa'], 'ResidentSetSize': [65592, 160740, 51008], 'SubmitTimes': [1742226520.0, 1742229768.0, 1742230147.0], 'StartTimes': [1742229579.0, 1742229807.0, 1742230159.0], 'EndTimes': [1742229697.0, 1742230015.0, 1742230319.0], 'TotalUserCpuTimeHistory': [48, 39, 21], 'TotalSysCpuTimeHistory': [0, 0, 0], 'WallDurations': [118.0, 9.0, 57.22687292098999, 57.22687292098999, 208.0, 0, 160.0], 'JobIds': ['78943966.0', '78961349.0', '78962264.0'], 'State': 'failed', 'RecordedSite': True, 'Error': [50115, 'BadFWJRXML', {}]}, '209': {'Retries': 2, 'Restarts': 0, 'SiteHistory': ['Unknown', 'T2_IT_Pisa', 'T2_IT_Pisa', 'T2_IT_Pisa', 'T2_IT_Pisa', 'T2_IT_Pisa', 'T2_IT_Pisa'], 'ResidentSetSize': [12480, 60548, 150620], 'SubmitTimes': [1742226520.0, 1742229819.0, 1742230152.0], 'StartTimes': [1742229610.0, 1742229833.0, 1742230165.0], 'EndTimes': [1742229751.0, 1742230020.0, 1742230279.0], 'TotalUserCpuTimeHistory': [54, 31, 43], 'TotalSysCpuTimeHistory': [1, 0, 0], 'WallDurations': [141.0, 9.0, 31.22687292098999, 31.22687292098999, 187.0, 114.0, 300.4199719429016], 'JobIds': ['78943968.0', '78961367.0', '78962267.0'], 'State': 'failed', 'RecordedSite': True, 'Error': [50115, 'BadFWJRXML', {}]}, '211': {'Retries': 2, 'Restarts': 0, 'SiteHistory': ['Unknown', 'T2_IT_Pisa', 'T2_IT_Pisa', 'T2_IT_Pisa', 'T2_IT_Pisa', 'T2_IT_Pisa', 'T2_IT_Pisa'], 'ResidentSetSize': [66648, 115688, 44928], 'SubmitTimes': [1742226520.0, 1742229840.0, 1742230258.0], 'StartTimes': [1742229645.0, 1742229852.0, 1742230263.0], 'EndTimes': [1742229768.0, 1742230128.0, 1742230353.0], 'TotalUserCpuTimeHistory': [46, 25, 40], 'TotalSysCpuTimeHistory': [0, 0, 1], 'WallDurations': [123.0, 9.0, 12.22687292098999, 12.22687292098999, 276.0, 90.0, 202.4199719429016], 'JobIds': ['78943970.0', '78961371.0', '78962309.0'], 'State': 'failed', 'RecordedSite': True, 'Error': [50115, 'BadFWJRXML', {}]}, '208': {'Retries': 2, 'Restarts': 0, 'SiteHistory': ['Unknown', 'T2_IT_Pisa', 'T2_IT_Pisa', 'T2_IT_Pisa', 'T2_IT_Pisa', 'T2_IT_Pisa', 'T2_IT_Pisa'], 'ResidentSetSize': [4648, 53888, 36948], 'SubmitTimes': [1742226520.0, 1742229850.0, 1742230079.0], 'StartTimes': [1742229660.0, 1742229865.0, 1742230102.0], 'EndTimes': [1742229783.0, 1742229947.0, 1742230224.0], 'TotalUserCpuTimeHistory': [17, 37, 47], 'TotalSysCpuTimeHistory': [0, 3, 0], 'WallDurations': [123.0, 0, 204.22687292099, 82.0, 10.0, 62.786136865615845, 122.0], 'JobIds': ['78943972.0', '78961377.0', '78961971.0'], 'State': 'failed', 'RecordedSite': True, 'Error': [50115, 'BadFWJRXML', {}]}, '218': {'Retries': 2, 'Restarts': 0, 'SiteHistory': ['Unknown', 'T2_IT_Pisa', 'T2_IT_Pisa', 'T2_IT_Pisa', 'T2_IT_Pisa', 'T2_IT_Pisa', 'T2_IT_Pisa'], 'ResidentSetSize': [201520, 22164, 71844], 'SubmitTimes': [1742226520.0, 1742229916.0, 1742230215.0], 'StartTimes': [1742229644.0, 1742229940.0, 1742230219.0], 'EndTimes': [1742229848.0, 1742230085.0, 1742230292.0], 'TotalUserCpuTimeHistory': [22, 12, 13], 'TotalSysCpuTimeHistory': [0, 0, 0], 'WallDurations': [204.0, 220.22687292099, 220.22687292099, 145.0, 224.78613686561584, 73.0, 246.4199719429016], 'JobIds': ['78943974.0', '78961399.0', '78962295.0'], 'State': 'failed', 'RecordedSite': True, 'Error': [50115, 'BadFWJRXML', {}]}, '212': {'Retries': 2, 'Restarts': 0, 'SiteHistory': ['Unknown', 'T2_IT_Pisa', 'T2_IT_Pisa', 'T2_IT_Pisa', 'T2_IT_Pisa', 'T2_IT_Pisa', 'T2_IT_Pisa'], 'ResidentSetSize': [150404, 41920, 65868], 'SubmitTimes': [1742226520.0, 1742229850.0, 1742230136.0], 'StartTimes': [1742229662.0, 1742229864.0, 1742230143.0], 'EndTimes': [1742229783.0, 1742230005.0, 1742230216.0], 'TotalUserCpuTimeHistory': [26, 36, 29], 'TotalSysCpuTimeHistory': [0, 0, 0], 'WallDurations': [121.0, 0, 202.22687292099, 141.0, 8.0, 21.786136865615845, 73.0], 'JobIds': ['78943976.0', '78961376.0', '78962262.0'], 'State': 'failed', 'RecordedSite': True, 'Error': [50115, 'BadFWJRXML', {}]}, '216': {'Retries': 2, 'Restarts': 0, 'SiteHistory': ['Unknown', 'T2_IT_Pisa', 'T2_IT_Pisa', 'T2_IT_Pisa', 'T2_IT_Pisa', 'T2_IT_Pisa', 'T2_IT_Pisa'], 'ResidentSetSize': [51540, 53888, 143548], 'SubmitTimes': [1742226520.0, 1742229794.0, 1742230034.0], 'StartTimes': [1742229650.0, 1742229813.0, 1742230040.0], 'EndTimes': [1742229722.0, 1742229903.0, 1742230164.0], 'TotalUserCpuTimeHistory': [25, 35, 29], 'TotalSysCpuTimeHistory': [0, 0, 0], 'WallDurations': [72.0, 8.0, 51.22687292098999, 51.22687292098999, 90.0, 124.0, 124.78613686561584], 'JobIds': ['78943978.0', '78961361.0', '78961630.0'], 'State': 'failed', 'RecordedSite': True, 'Error': [50115, 'BadFWJRXML', {}]}, '219': {'Retries': 2, 'Restarts': 0, 'SiteHistory': ['Unknown', 'T2_IT_Pisa', 'T2_IT_Pisa', 'T2_IT_Pisa', 'T2_IT_Pisa', 'T2_IT_Pisa', 'T2_IT_Pisa'], 'ResidentSetSize': [44928, 86224, 46260], 'SubmitTimes': [1742226520.0, 1742229799.0, 1742230064.0], 'StartTimes': [1742229658.0, 1742229829.0, 1742230088.0], 'EndTimes': [1742229729.0, 1742229938.0, 1742230222.0], 'TotalUserCpuTimeHistory': [23, 28, 22], 'TotalSysCpuTimeHistory': [0, 0, 0], 'WallDurations': [71.0, 8.0, 35.22687292098999, 35.22687292098999, 109.0, 8.0, 134.0], 'JobIds': ['78943980.0', '78961362.0', '78961839.0'], 'State': 'failed', 'RecordedSite': True, 'Error': [50115, 'BadFWJRXML', {}]}, '221': {'Retries': 2, 'Restarts': 0, 'SiteHistory': ['Unknown', 'T2_IT_Pisa', 'T2_IT_Pisa', 'T2_IT_Pisa', 'T2_IT_Pisa', 'T2_IT_Pisa', 'T2_IT_Pisa'], 'ResidentSetSize': [52720, 17532, 20124], 'SubmitTimes': [1742226520.0, 1742229901.0, 1742230179.0], 'StartTimes': [1742229662.0, 1742229908.0, 1742230196.0], 'EndTimes': [1742229830.0, 1742230048.0, 1742230335.0], 'TotalUserCpuTimeHistory': [50, 36, 40], 'TotalSysCpuTimeHistory': [0, 1, 1], 'WallDurations': [168.0, 202.22687292099, 202.22687292099, 140.0, 256.78613686561584, 139.0, 269.4199719429016], 'JobIds': ['78943982.0', '78961393.0', '78962279.0'], 'State': 'failed', 'RecordedSite': True, 'Error': [50115, 'BadFWJRXML', {}]}, '224': {'Retries': 2, 'Restarts': 0, 'SiteHistory': ['Unknown', 'T2_IT_Pisa', 'T2_IT_Pisa', 'T2_IT_Pisa', 'T2_IT_Pisa', 'T2_IT_Pisa', 'T2_IT_Pisa'], 'ResidentSetSize': [8160, 46928, 143872], 'SubmitTimes': [1742226520.0, 1742229804.0, 1742230049.0], 'StartTimes': [1742229655.0, 1742229830.0, 1742230064.0], 'EndTimes': [1742229737.0, 1742229921.0, 1742230148.0], 'TotalUserCpuTimeHistory': [17, 17, 34], 'TotalSysCpuTimeHistory': [0, 0, 0], 'WallDurations': [82.0, 8.0, 34.22687292098999, 34.22687292098999, 91.0, 84.0, 100.78613686561584], 'JobIds': ['78943984.0', '78961363.0', '78961792.0'], 'State': 'failed', 'RecordedSite': True}, '215': {'Retries': 2, 'Restarts': 0, 'SiteHistory': ['Unknown', 'T2_IT_Pisa', 'T2_IT_Pisa', 'T2_IT_Pisa', 'T2_IT_Pisa', 'T2_IT_Pisa', 'T2_IT_Pisa'], 'ResidentSetSize': [44916, 68156, 44880], 'SubmitTimes': [1742226520.0, 1742229825.0, 1742230106.0], 'StartTimes': [1742229656.0, 1742229849.0, 1742230126.0], 'EndTimes': [1742229755.0, 1742229978.0, 1742230261.0], 'TotalUserCpuTimeHistory': [43, 54, 47], 'TotalSysCpuTimeHistory': [2, 4, 1], 'WallDurations': [99.0, 8.0, 15.22687292098999, 15.22687292098999, 129.0, 9.0, 135.0], 'JobIds': ['78943986.0', '78961369.0', '78962150.0'], 'State': 'failed', 'RecordedSite': True, 'Error': [50115, 'BadFWJRXML', {}]}, '223': {'Retries': 2, 'Restarts': 0, 'SiteHistory': ['Unknown', 'T2_IT_Pisa', 'T2_IT_Pisa', 'T2_IT_Pisa', 'T2_IT_Pisa', 'T2_IT_Pisa', 'T2_IT_Pisa'], 'ResidentSetSize': [69404, 51996, 90684], 'SubmitTimes': [1742226520.0, 1742229840.0, 1742230121.0], 'StartTimes': [1742229659.0, 1742229854.0, 1742230132.0], 'EndTimes': [1742229772.0, 1742229989.0, 1742230207.0], 'TotalUserCpuTimeHistory': [46, 32, 24], 'TotalSysCpuTimeHistory': [1, 2, 0], 'WallDurations': [113.0, 8.0, 10.22687292098999, 10.22687292098999, 135.0, 8.0, 75.0], 'JobIds': ['78943988.0', '78961372.0', '78962254.0'], 'State': 'failed', 'RecordedSite': True, 'Error': [50115, 'BadFWJRXML', {}]}, '207': {'Retries': 2, 'Restarts': 0, 'SiteHistory': ['Unknown', 'T2_IT_Pisa', 'T2_IT_Pisa', 'T2_IT_Pisa', 'T2_IT_Pisa', 'T2_IT_Pisa', 'T2_IT_Pisa'], 'ResidentSetSize': [56736, 140548, 99568], 'SubmitTimes': [1742226521.0, 1742229890.0, 1742230121.0], 'StartTimes': [1742229659.0, 1742229906.0, 1742230143.0], 'EndTimes': [1742229824.0, 1742229993.0, 1742230320.0], 'TotalUserCpuTimeHistory': [23, 39, 29], 'TotalSysCpuTimeHistory': [0, 1, 0], 'WallDurations': [165.0, 205.22687292099, 205.22687292099, 87.0, 8.0, 21.786136865615845, 177.0], 'JobIds': ['78943990.0', '78961391.0', '78962259.0'], 'State': 'failed', 'RecordedSite': True, 'Error': [50115, 'BadFWJRXML', {}]}, '214': {'Retries': 2, 'Restarts': 0, 'SiteHistory': ['Unknown', 'T2_IT_Pisa', 'T2_IT_Pisa', 'T2_IT_Pisa', 'T2_IT_Pisa', 'T2_IT_Pisa', 'T2_IT_Pisa'], 'ResidentSetSize': [20868, 3800, 38476], 'SubmitTimes': [1742226521.0, 1742229870.0, 1742230121.0], 'StartTimes': [1742229672.0, 1742229883.0, 1742230140.0], 'EndTimes': [1742229802.0, 1742229993.0, 1742230260.0], 'TotalUserCpuTimeHistory': [51, 25, 35], 'TotalSysCpuTimeHistory': [0, 0, 0], 'WallDurations': [130.0, 192.22687292099, 192.22687292099, 110.0, 10.0, 24.786136865615845, 120.0], 'JobIds': ['78943992.0', '78961383.0', '78962258.0'], 'State': 'failed', 'RecordedSite': True, 'Error': [50115, 'BadFWJRXML', {}]}, '225': {'Retries': 2, 'Restarts': 0, 'SiteHistory': ['Unknown', 'T2_IT_Pisa', 'T2_IT_Pisa', 'T2_IT_Pisa', 'T2_IT_Pisa', 'T2_IT_Pisa', 'T2_IT_Pisa'], 'ResidentSetSize': [34728, 43564, 51848], 'SubmitTimes': [1742226521.0, 1742229870.0, 1742230121.0], 'StartTimes': [1742229675.0, 1742229882.0, 1742230137.0], 'EndTimes': [1742229802.0, 1742229990.0, 1742230261.0], 'TotalUserCpuTimeHistory': [43, 29, 39], 'TotalSysCpuTimeHistory': [0, 0, 0], 'WallDurations': [127.0, 189.22687292099, 189.22687292099, 108.0, 9.0, 27.786136865615845, 124.0], 'JobIds': ['78943994.0', '78961382.0', '78962257.0'], 'State': 'failed', 'RecordedSite': True, 'Error': [50115, 'BadFWJRXML', {}]}, '210': {'Retries': 2, 'Restarts': 0, 'SiteHistory': ['Unknown', 'T2_IT_Pisa', 'T2_IT_Pisa', 'T2_IT_Pisa', 'T2_IT_Pisa', 'T2_IT_Pisa', 'T2_IT_Pisa'], 'ResidentSetSize': [55808, 55204, 44580], 'SubmitTimes': [1742226521.0, 1742229906.0, 1742230121.0], 'StartTimes': [1742229687.0, 1742229917.0, 1742230134.0], 'EndTimes': [1742229840.0, 1742229991.0, 1742230299.0], 'TotalUserCpuTimeHistory': [52, 12, 46], 'TotalSysCpuTimeHistory': [3, 0, 0], 'WallDurations': [153.0, 177.22687292099, 177.22687292099, 74.0, 8.0, 30.786136865615845, 165.0], 'JobIds': ['78943996.0', '78961395.0', '78962255.0'], 'State': 'failed', 'RecordedSite': True, 'Error': [50115, 'BadFWJRXML', {}]}, '227': {'Retries': 2, 'Restarts': 0, 'SiteHistory': ['Unknown', 'T2_IT_Pisa', 'T2_IT_Pisa', 'T2_IT_Pisa', 'T2_IT_Pisa', 'T2_IT_Pisa', 'T2_IT_Pisa'], 'ResidentSetSize': [53380, 68256, 129460], 'SubmitTimes': [1742226521.0, 1742229916.0, 1742230226.0], 'StartTimes': [1742229688.0, 1742229929.0, 1742230245.0], 'EndTimes': [1742229848.0, 1742230098.0, 1742230344.0], 'TotalUserCpuTimeHistory': [46, 34, 44], 'TotalSysCpuTimeHistory': [3, 0, 2], 'WallDurations': [160.0, 176.22687292099, 176.22687292099, 169.0, 235.78613686561584, 99.0, 220.4199719429016], 'JobIds': ['78943998.0', '78961398.0', '78962299.0'], 'State': 'failed', 'RecordedSite': True, 'Error': [50115, 'BadFWJRXML', {}]}, '226': {'Retries': 2, 'Restarts': 0, 'SiteHistory': ['Unknown', 'T2_IT_Pisa', 'T2_IT_Pisa', 'T2_IT_Pisa', 'T2_IT_Pisa', 'T2_IT_Pisa', 'T2_IT_Pisa'], 'ResidentSetSize': [65900, 67684, 46584], 'SubmitTimes': [1742226521.0, 1742229830.0, 1742230106.0], 'StartTimes': [1742229693.0, 1742229847.0, 1742230125.0], 'EndTimes': [1742229762.0, 1742229978.0, 1742230232.0], 'TotalUserCpuTimeHistory': [24, 55, 39], 'TotalSysCpuTimeHistory': [0, 4, 1], 'WallDurations': [69.0, 9.0, 17.22687292098999, 17.22687292098999, 131.0, 10.0, 107.0], 'JobIds': ['78944000.0', '78961370.0', '78962151.0'], 'State': 'failed', 'RecordedSite': True, 'Error': [50115, 'BadFWJRXML', {}]}, '229': {'Retries': 2, 'Restarts': 0, 'SiteHistory': ['Unknown', 'T2_IT_Pisa', 'T2_IT_Pisa', 'T2_IT_Pisa', 'T2_IT_Pisa', 'T2_IT_Pisa', 'T2_IT_Pisa'], 'ResidentSetSize': [4336, 12232, 150572], 'SubmitTimes': [1742226521.0, 1742229890.0, 1742230179.0], 'StartTimes': [1742229708.0, 1742229910.0, 1742230203.0], 'EndTimes': [1742229820.0, 1742230048.0, 1742230364.0], 'TotalUserCpuTimeHistory': [25, 24, 36], 'TotalSysCpuTimeHistory': [0, 0, 0], 'WallDurations': [112.0, 156.22687292099, 156.22687292099, 138.0, 254.78613686561584, 161.0, 262.4199719429016], 'JobIds': ['78944002.0', '78961392.0', '78962277.0'], 'State': 'failed', 'RecordedSite': True, 'Error': [50115, 'BadFWJRXML', {}]}, '220': {'Retries': 2, 'Restarts': 0, 'SiteHistory': ['Unknown', 'T2_IT_Pisa', 'T2_IT_Pisa', 'T2_IT_Pisa', 'T2_IT_Pisa', 'T2_IT_Pisa', 'T2_IT_Pisa'], 'ResidentSetSize': [43280, 38480, 212328], 'SubmitTimes': [1742226521.0, 1742229952.0, 1742230194.0], 'StartTimes': [1742229725.0, 1742229966.0, 1742230202.0], 'EndTimes': [1742229881.0, 1742230065.0, 1742230298.0], 'TotalUserCpuTimeHistory': [22, 33, 36], 'TotalSysCpuTimeHistory': [0, 2, 1], 'WallDurations': [8.0, 139.22687292099, 156.0, 99.0, 198.78613686561584, 96.0, 263.4199719429016], 'JobIds': ['78944004.0', '78961407.0', '78962283.0'], 'State': 'failed', 'RecordedSite': True, 'Error': [50115, 'BadFWJRXML', {}]}, '231': {'Retries': 2, 'Restarts': 0, 'SiteHistory': ['Unknown', 'T2_IT_Pisa', 'T2_IT_Pisa', 'T2_IT_Pisa', 'T2_IT_Pisa', 'T2_IT_Pisa', 'T2_IT_Pisa'], 'ResidentSetSize': [48720, 36368, 150524], 'SubmitTimes': [1742226521.0, 1742229875.0, 1742230152.0], 'StartTimes': [1742229725.0, 1742229883.0, 1742230166.0], 'EndTimes': [1742229806.0, 1742230023.0, 1742230279.0], 'TotalUserCpuTimeHistory': [38, 37, 39], 'TotalSysCpuTimeHistory': [0, 1, 0], 'WallDurations': [81.0, 139.22687292099, 139.22687292099, 140.0, 0, 113.0, 299.4199719429016], 'JobIds': ['78944006.0', '78961385.0', '78962266.0'], 'State': 'failed', 'RecordedSite': True, 'Error': [50115, 'BadFWJRXML', {}]}, '217': {'Retries': 2, 'Restarts': 0, 'SiteHistory': ['Unknown', 'T2_IT_Pisa', 'T2_IT_Pisa', 'T2_IT_Pisa', 'T2_IT_Pisa', 'T2_IT_Pisa', 'T2_IT_Pisa'], 'ResidentSetSize': [209428, 55796, 38748], 'SubmitTimes': [1742226521.0, 1742229953.0, 1742230248.0], 'StartTimes': [1742229726.0, 1742229995.0, 1742230253.0], 'EndTimes': [1742229880.0, 1742230119.0, 1742230340.0], 'TotalUserCpuTimeHistory': [50, 42, 38], 'TotalSysCpuTimeHistory': [0, 2, 3], 'WallDurations': [9.0, 138.22687292099, 154.0, 124.0, 169.78613686561584, 87.0, 212.4199719429016], 'JobIds': ['78944008.0', '78961408.0', '78962308.0'], 'State': 'failed', 'RecordedSite': True, 'Error': [50115, 'BadFWJRXML', {}]}, '232': {'Retries': 2, 'Restarts': 0, 'SiteHistory': ['Unknown', 'T2_IT_Pisa', 'T2_IT_Pisa', 'T2_IT_Pisa', 'T2_IT_Pisa', 'T2_IT_Pisa', 'T2_IT_Pisa'], 'ResidentSetSize': [66668, 48468, 150508], 'SubmitTimes': [1742226521.0, 1742229916.0, 1742230152.0], 'StartTimes': [1742229728.0, 1742229924.0, 1742230164.0], 'EndTimes': [1742229850.0, 1742230019.0, 1742230279.0], 'TotalUserCpuTimeHistory': [47, 28, 45], 'TotalSysCpuTimeHistory': [2, 1, 0], 'WallDurations': [122.0, 136.22687292099, 136.22687292099, 95.0, 0, 115.0, 301.4199719429016], 'JobIds': ['78944010.0', '78961397.0', '78962265.0'], 'State': 'failed', 'RecordedSite': True, 'Error': [50115, 'BadFWJRXML', {}]}, '230': {'Retries': 2, 'Restarts': 0, 'SiteHistory': ['Unknown', 'T2_IT_Pisa', 'T2_IT_Pisa', 'T2_IT_Pisa', 'T2_IT_Pisa', 'T2_IT_Pisa', 'T2_IT_Pisa'], 'ResidentSetSize': [43052, 4244, 45968], 'SubmitTimes': [1742226521.0, 1742229958.0, 1742230278.0], 'StartTimes': [1742229753.0, 1742229983.0, 1742230287.0], 'EndTimes': [1742229889.0, 1742230150.0, 1742230374.0], 'TotalUserCpuTimeHistory': [43, 39, 33], 'TotalSysCpuTimeHistory': [0, 0, 0], 'WallDurations': [9.0, 111.22687292098999, 136.0, 167.0, 181.78613686561584, 87.0, 178.4199719429016], 'JobIds': ['78944012.0', '78961409.0', '78962316.0'], 'State': 'failed', 'RecordedSite': True, 'Error': [50115, 'BadFWJRXML', {}]}, '222': {'Retries': 2, 'Restarts': 0, 'SiteHistory': ['Unknown', 'T2_IT_Pisa', 'T2_IT_Pisa', 'T2_IT_Pisa', 'T2_IT_Pisa', 'T2_IT_Pisa', 'T2_IT_Pisa'], 'ResidentSetSize': [198744, 44336, 57540], 'SubmitTimes': [1742226521.0, 1742229994.0, 1742230278.0], 'StartTimes': [1742229754.0, 1742230008.0, 1742230295.0], 'EndTimes': [1742229926.0, 1742230149.0, 1742230370.0], 'TotalUserCpuTimeHistory': [40, 40, 29], 'TotalSysCpuTimeHistory': [0, 1, 0], 'WallDurations': [9.0, 110.22687292098999, 172.0, 141.0, 156.78613686561584, 75.0, 170.4199719429016], 'JobIds': ['78944014.0', '78961622.0', '78962318.0'], 'State': 'failed', 'RecordedSite': True, 'Error': [50115, 'BadFWJRXML', {}]}, '238': {'Retries': 2, 'Restarts': 0, 'SiteHistory': ['Unknown', 'T2_IT_Pisa', 'T2_IT_Pisa', 'T2_IT_Pisa', 'T2_IT_Pisa', 'T2_IT_Pisa', 'T2_IT_Pisa'], 'ResidentSetSize': [4628, 105572, 59220], 'SubmitTimes': [1742226521.0, 1742229963.0, 1742230205.0], 'StartTimes': [1742229755.0, 1742229984.0, 1742230211.0], 'EndTimes': [1742229892.0, 1742230075.0, 1742231335.0], 'TotalUserCpuTimeHistory': [37, 43, 21], 'TotalSysCpuTimeHistory': [0, 0, 0], 'WallDurations': [9.0, 109.22687292098999, 137.0, 91.0, 180.78613686561584, 9.0, 1124.0], 'JobIds': ['78944016.0', '78961410.0', '78962287.0'], 'State': 'failed', 'RecordedSite': True, 'Error': [50115, 'BadFWJRXML', {}]}, '241': {'Retries': 2, 'Restarts': 0, 'SiteHistory': ['Unknown', 'T2_IT_Pisa', 'T2_IT_Pisa', 'T2_IT_Pisa', 'T2_IT_Pisa', 'T2_IT_Pisa', 'T2_IT_Pisa'], 'ResidentSetSize': [22800, 69984, 5752], 'SubmitTimes': [1742226521.0, 1742229978.0, 1742230184.0], 'StartTimes': [1742229755.0, 1742229985.0, 1742230197.0], 'EndTimes': [1742229911.0, 1742230057.0, 1742230335.0], 'TotalUserCpuTimeHistory': [37, 28, 28], 'TotalSysCpuTimeHistory': [1, 0, 0], 'WallDurations': [10.0, 109.22687292098999, 156.0, 72.0, 179.78613686561584, 138.0, 268.4199719429016], 'JobIds': ['78944018.0', '78961594.0', '78962281.0'], 'State': 'failed', 'RecordedSite': True, 'Error': [50115, 'BadFWJRXML', {}]}, '228': {'Retries': 2, 'Restarts': 0, 'SiteHistory': ['Unknown', 'T2_IT_Pisa', 'T2_IT_Pisa', 'T2_IT_Pisa', 'T2_IT_Pisa', 'T2_IT_Pisa', 'T2_IT_Pisa'], 'ResidentSetSize': [131304, 51628, 86092], 'SubmitTimes': [1742226521.0, 1742229946.0, 1742230210.0], 'StartTimes': [1742229769.0, 1742229966.0, 1742230215.0], 'EndTimes': [1742229877.0, 1742230083.0, 1742230389.0], 'TotalUserCpuTimeHistory': [36, 41, 21], 'TotalSysCpuTimeHistory': [1, 1, 0], 'WallDurations': [8.0, 95.22687292098999, 108.0, 117.0, 198.78613686561584, 174.0, 250.4199719429016], 'JobIds': ['78944020.0', '78961406.0', '78962290.0'], 'State': 'failed', 'RecordedSite': True, 'Error': [50115, 'BadFWJRXML', {}]}, '234': {'Retries': 2, 'Restarts': 0, 'SiteHistory': ['Unknown', 'T2_IT_Pisa', 'T2_IT_Pisa', 'T2_IT_Pisa', 'T2_IT_Pisa', 'T2_IT_Pisa', 'T2_IT_Pisa'], 'ResidentSetSize': [60932, 69244, 44348], 'SubmitTimes': [1742226521.0, 1742229941.0, 1742230152.0], 'StartTimes': [1742229759.0, 1742229950.0, 1742230164.0], 'EndTimes': [1742229873.0, 1742230020.0, 1742230247.0], 'TotalUserCpuTimeHistory': [52, 22, 24], 'TotalSysCpuTimeHistory': [3, 0, 0], 'WallDurations': [9.0, 105.22687292098999, 114.0, 70.0, 0, 83.0, 301.4199719429016], 'JobIds': ['78944022.0', '78961405.0', '78962268.0'], 'State': 'failed', 'RecordedSite': True, 'Error': [50115, 'BadFWJRXML', {}]}, '236': {'Retries': 2, 'Restarts': 0, 'SiteHistory': ['Unknown', 'T2_IT_Pisa', 'T2_IT_Pisa', 'T2_IT_Pisa', 'T2_IT_Pisa', 'T2_IT_Pisa', 'T2_IT_Pisa'], 'ResidentSetSize': [59796, 22628, 71008], 'SubmitTimes': [1742226521.0, 1742229906.0, 1742230179.0], 'StartTimes': [1742229769.0, 1742229915.0, 1742230195.0], 'EndTimes': [1742229838.0, 1742230048.0, 1742230283.0], 'TotalUserCpuTimeHistory': [13, 29, 38], 'TotalSysCpuTimeHistory': [0, 1, 3], 'WallDurations': [69.0, 95.22687292098999, 95.22687292098999, 133.0, 249.78613686561584, 88.0, 270.4199719429016], 'JobIds': ['78944024.0', '78961394.0', '78962278.0'], 'State': 'failed', 'RecordedSite': True, 'Error': [50115, 'BadFWJRXML', {}]}, '240': {'Retries': 2, 'Restarts': 0, 'SiteHistory': ['Unknown', 'T2_IT_Pisa', 'T2_IT_Pisa', 'T2_IT_Pisa', 'T2_IT_Pisa', 'T2_IT_Pisa', 'T2_IT_Pisa'], 'ResidentSetSize': [151604, 32652, 209988], 'SubmitTimes': [1742226521.0, 1742230019.0, 1742230289.0], 'StartTimes': [1742229776.0, 1742230039.0, 1742230300.0], 'EndTimes': [1742229949.0, 1742230160.0, 1742230397.0], 'TotalUserCpuTimeHistory': [35, 48, 40], 'TotalSysCpuTimeHistory': [0, 0, 3], 'WallDurations': [9.0, 88.22687292098999, 173.0, 121.0, 125.78613686561584, 97.0, 165.4199719429016], 'JobIds': ['78944026.0', '78961627.0', '78962322.0'], 'State': 'failed', 'RecordedSite': True, 'Error': [50115, 'BadFWJRXML', {}]}, '235': {'Retries': 2, 'Restarts': 0, 'SiteHistory': ['Unknown', 'T2_IT_Pisa', 'T2_IT_Pisa', 'T2_IT_Pisa', 'T2_IT_Pisa', 'T2_IT_Pisa', 'T2_IT_Pisa'], 'ResidentSetSize': [46132, 3756, 55928], 'SubmitTimes': [1742226521.0, 1742230085.0, 1742230326.0], 'StartTimes': [1742229854.0, 1742230092.0, 1742230340.0], 'EndTimes': [1742230016.0, 1742230198.0, 1742230426.0], 'TotalUserCpuTimeHistory': [50, 37, 43], 'TotalSysCpuTimeHistory': [0, 1, 2], 'WallDurations': [8.0, 10.22687292098999, 162.0, 9.0, 106.0, 86.0, 125.41997194290161], 'JobIds': ['78944028.0', '78961993.0', '78962334.0'], 'State': 'failed', 'RecordedSite': True, 'Error': [50115, 'BadFWJRXML', {}]}, '237': {'Retries': 2, 'Restarts': 0, 'SiteHistory': ['Unknown', 'T2_IT_Pisa', 'T2_IT_Pisa', 'T2_IT_Pisa', 'T2_IT_Pisa', 'T2_IT_Pisa', 'T2_IT_Pisa'], 'ResidentSetSize': [5536, 43756, 48396], 'SubmitTimes': [1742226521.0, 1742230106.0, 1742230412.0], 'StartTimes': [1742229885.0, 1742230146.0, 1742230424.0], 'EndTimes': [1742230037.0, 1742230289.0, 1742230503.0], 'TotalUserCpuTimeHistory': [45, 46, 34], 'TotalSysCpuTimeHistory': [0, 2, 0], 'WallDurations': [152.0, 8.0, 18.786136865615845, 18.786136865615845, 143.0, 8.0, 79.0], 'JobIds': ['78944030.0', '78962153.0', '78962551.0'], 'State': 'failed', 'RecordedSite': True, 'Error': [50115, 'BadFWJRXML', {}]}, '233': {'Retries': 2, 'Restarts': 0, 'SiteHistory': ['Unknown', 'T2_IT_Pisa', 'T2_IT_Pisa', 'T2_IT_Pisa', 'T2_IT_Pisa', 'T2_IT_Pisa', 'T2_IT_Pisa'], 'ResidentSetSize': [58692, 215756, 53080], 'SubmitTimes': [1742226521.0, 1742230106.0, 1742230387.0], 'StartTimes': [1742229884.0, 1742230145.0, 1742230398.0], 'EndTimes': [1742230036.0, 1742230262.0, 1742230513.0], 'TotalUserCpuTimeHistory': [28, 30, 51], 'TotalSysCpuTimeHistory': [0, 0, 1], 'WallDurations': [152.0, 9.0, 19.786136865615845, 19.786136865615845, 117.0, 9.0, 115.0], 'JobIds': ['78944032.0', '78962152.0', '78962375.0'], 'State': 'failed', 'RecordedSite': True, 'Error': [50115, 'BadFWJRXML', {}]}, '239': {'Retries': 2, 'Restarts': 0, 'SiteHistory': ['Unknown', 'T2_IT_Pisa', 'T2_IT_Pisa', 'T2_IT_Pisa', 'T2_IT_Pisa', 'T2_IT_Pisa', 'T2_IT_Pisa'], 'ResidentSetSize': [45512, 73044, 56056], 'SubmitTimes': [1742226521.0, 1742230049.0, 1742230372.0], 'StartTimes': [1742229884.0, 1742230064.0, 1742230377.0], 'EndTimes': [1742229980.0, 1742230246.0, 1742230487.0], 'TotalUserCpuTimeHistory': [31, 42, 36], 'TotalSysCpuTimeHistory': [0, 0, 0], 'WallDurations': [96.0, 8.0, 100.78613686561584, 100.78613686561584, 182.0, 8.0, 110.0], 'JobIds': ['78944034.0', '78961796.0', '78962340.0'], 'State': 'failed', 'RecordedSite': True, 'Error': [50115, 'BadFWJRXML', {}]}, '248': {'Retries': 2, 'Restarts': 0, 'SiteHistory': ['Unknown', 'T2_IT_Pisa', 'T2_IT_Pisa', 'T2_IT_Pisa', 'T2_IT_Pisa', 'T2_IT_Pisa', 'T2_IT_Pisa'], 'ResidentSetSize': [38772, 62604, 44928], 'SubmitTimes': [1742226522.0, 1742230059.0, 1742230289.0], 'StartTimes': [1742229896.0, 1742230077.0, 1742230300.0], 'EndTimes': [1742229989.0, 1742230162.0, 1742230436.0], 'TotalUserCpuTimeHistory': [38, 31, 27], 'TotalSysCpuTimeHistory': [0, 0, 0], 'WallDurations': [93.0, 85.0, 87.78613686561584, 87.78613686561584, 87.78613686561584, 136.0, 165.4199719429016], 'JobIds': ['78944036.0', '78961838.0', '78962321.0'], 'State': 'failed', 'RecordedSite': True, 'Error': [50115, 'BadFWJRXML', {}]}, '250': {'Retries': 2, 'Restarts': 0, 'SiteHistory': ['Unknown', 'T2_IT_Pisa', 'T2_IT_Pisa', 'T2_IT_Pisa', 'T2_IT_Pisa', 'T2_IT_Pisa', 'T2_IT_Pisa'], 'ResidentSetSize': [66444, 132908, 63760], 'SubmitTimes': [1742226522.0, 1742230049.0, 1742230278.0], 'StartTimes': [1742229894.0, 1742230063.0, 1742230292.0], 'EndTimes': [1742229983.0, 1742230148.0, 1742230448.0], 'TotalUserCpuTimeHistory': [34, 35, 33], 'TotalSysCpuTimeHistory': [0, 0, 0], 'WallDurations': [89.0, 85.0, 101.78613686561584, 101.78613686561584, 101.78613686561584, 156.0, 173.4199719429016], 'JobIds': ['78944038.0', '78961794.0', '78962317.0'], 'State': 'failed', 'RecordedSite': True, 'Error': [50115, 'BadFWJRXML', {}]}, '246': {'Retries': 2, 'Restarts': 0, 'SiteHistory': ['Unknown', 'T2_IT_Pisa', 'T2_IT_Pisa', 'T2_IT_Pisa', 'T2_IT_Pisa', 'T2_IT_Pisa', 'T2_IT_Pisa'], 'ResidentSetSize': [62296, 70088, 37636], 'SubmitTimes': [1742226522.0, 1742230200.0, 1742230453.0], 'StartTimes': [1742229935.0, 1742230224.0, 1742230479.0], 'EndTimes': [1742230130.0, 1742230325.0, 1742230591.0], 'TotalUserCpuTimeHistory': [46, 37, 15], 'TotalSysCpuTimeHistory': [0, 4, 0], 'WallDurations': [195.0, 229.78613686561584, 229.78613686561584, 101.0, 0, 112.0, 287.0861990451813], 'JobIds': ['78944040.0', '78962285.0', '78962557.0'], 'State': 'failed', 'RecordedSite': True, 'Error': [50115, 'BadFWJRXML', {}]}, '242': {'Retries': 2, 'Restarts': 0, 'SiteHistory': ['Unknown', 'T2_IT_Pisa', 'T2_IT_Pisa', 'T2_IT_Pisa', 'T2_IT_Pisa', 'T2_IT_Pisa', 'T2_IT_Pisa'], 'ResidentSetSize': [40796, 46440, 39656], 'SubmitTimes': [1742226522.0, 1742230221.0, 1742230458.0], 'StartTimes': [1742229942.0, 1742230242.0, 1742230466.0], 'EndTimes': [1742230155.0, 1742230327.0, 1742230588.0], 'TotalUserCpuTimeHistory': [30, 34, 17], 'TotalSysCpuTimeHistory': [0, 2, 0], 'WallDurations': [213.0, 222.78613686561584, 222.78613686561584, 85.0, 0, 122.0, 300.0861990451813], 'JobIds': ['78944042.0', '78962297.0', '78962562.0'], 'State': 'failed', 'RecordedSite': True, 'Error': [50115, 'BadFWJRXML', {}]}, '244': {'Retries': 2, 'Restarts': 0, 'SiteHistory': ['Unknown', 'T2_IT_Pisa', 'T2_IT_Pisa', 'T2_IT_Pisa', 'T2_IT_Pisa', 'T2_IT_Pisa', 'T2_IT_Pisa'], 'ResidentSetSize': [37052, 96932, 197860], 'SubmitTimes': [1742226522.0, 1742230152.0, 1742230407.0], 'StartTimes': [1742229958.0, 1742230167.0, 1742230414.0], 'EndTimes': [1742230084.0, 1742230279.0, 1742230532.0], 'TotalUserCpuTimeHistory': [42, 22, 41], 'TotalSysCpuTimeHistory': [0, 0, 1], 'WallDurations': [126.0, 0, 112.0, 8.0, 51.41997194290161, 51.41997194290161, 118.0], 'JobIds': ['78944044.0', '78962270.0', '78962541.0'], 'State': 'failed', 'RecordedSite': True, 'Error': [50115, 'BadFWJRXML', {}]}, '243': {'Retries': 2, 'Restarts': 0, 'SiteHistory': ['Unknown', 'T2_IT_Pisa', 'T2_IT_Pisa', 'T2_IT_Pisa', 'T2_IT_Pisa', 'T2_IT_Pisa', 'T2_IT_Pisa'], 'ResidentSetSize': [209924, 38684, 52680], 'SubmitTimes': [1742226522.0, 1742230157.0, 1742230387.0], 'StartTimes': [1742229955.0, 1742230172.0, 1742230397.0], 'EndTimes': [1742230090.0, 1742230260.0, 1742230513.0], 'TotalUserCpuTimeHistory': [17, 36, 48], 'TotalSysCpuTimeHistory': [0, 1, 3], 'WallDurations': [135.0, 0, 88.0, 9.0, 68.41997194290161, 68.41997194290161, 116.0], 'JobIds': ['78944045.0', '78962273.0', '78962373.0'], 'State': 'failed', 'RecordedSite': True, 'Error': [50115, 'BadFWJRXML', {}]}, '247': {'Retries': 2, 'Restarts': 0, 'SiteHistory': ['Unknown', 'T2_IT_Pisa', 'T2_IT_Pisa', 'T2_IT_Pisa', 'T2_IT_Pisa', 'T2_IT_Pisa', 'T2_IT_Pisa'], 'ResidentSetSize': [49160, 195588, 50292], 'SubmitTimes': [1742226522.0, 1742230184.0, 1742230417.0], 'StartTimes': [1742229953.0, 1742230196.0, 1742230431.0], 'EndTimes': [1742230112.0, 1742230292.0, 1742230531.0], 'TotalUserCpuTimeHistory': [44, 47, 35], 'TotalSysCpuTimeHistory': [1, 2, 1], 'WallDurations': [159.0, 211.78613686561584, 211.78613686561584, 96.0, 9.0, 34.41997194290161, 100.0], 'JobIds': ['78944046.0', '78962280.0', '78962553.0'], 'State': 'failed', 'RecordedSite': True, 'Error': [50115, 'BadFWJRXML', {}]}, '249': {'Retries': 2, 'Restarts': 0, 'SiteHistory': ['Unknown', 'T2_IT_Pisa', 'T2_IT_Pisa', 'T2_IT_Pisa', 'T2_IT_Pisa', 'T2_IT_Pisa', 'T2_IT_Pisa'], 'ResidentSetSize': [8140, 8192, 50296], 'SubmitTimes': [1742226522.0, 1742230121.0, 1742230453.0], 'StartTimes': [1742229958.0, 1742230148.0, 1742230465.0], 'EndTimes': [1742230044.0, 1742230321.0, 1742230599.0], 'TotalUserCpuTimeHistory': [23, 21, 51], 'TotalSysCpuTimeHistory': [0, 0, 2], 'WallDurations': [86.0, 8.0, 16.786136865615845, 16.786136865615845, 173.0, 134.0, 301.0861990451813], 'JobIds': ['78944047.0', '78962260.0', '78962558.0'], 'State': 'failed', 'RecordedSite': True, 'Error': [50115, 'BadFWJRXML', {}]}, '252': {'Retries': 2, 'Restarts': 0, 'SiteHistory': ['Unknown', 'T2_IT_Pisa', 'T2_IT_Pisa', 'T2_IT_Pisa', 'T2_IT_Pisa', 'T2_IT_Pisa', 'T2_IT_Pisa'], 'ResidentSetSize': [157396, 71368, 49000], 'SubmitTimes': [1742226522.0, 1742230284.0, 1742230521.0], 'StartTimes': [1742229989.0, 1742230296.0, 1742230540.0], 'EndTimes': [1742230212.0, 1742230393.0, 1742230672.0], 'TotalUserCpuTimeHistory': [13, 36, 51], 'TotalSysCpuTimeHistory': [0, 0, 2], 'WallDurations': [8.0, 175.78613686561584, 223.0, 97.0, 169.4199719429016, 132.0, 226.08619904518127], 'JobIds': ['78944048.0', '78962319.0', '78962593.0'], 'State': 'failed', 'RecordedSite': True, 'Error': [50115, 'BadFWJRXML', {}]}, '255': {'Retries': 2, 'Restarts': 0, 'SiteHistory': ['Unknown', 'T2_IT_Pisa', 'T2_IT_Pisa', 'T2_IT_Pisa', 'T2_IT_Pisa', 'T2_IT_Pisa', 'T2_IT_Pisa'], 'ResidentSetSize': [66124, 195584, 38676], 'SubmitTimes': [1742226522.0, 1742230210.0, 1742230527.0], 'StartTimes': [1742229993.0, 1742230227.0, 1742230535.0], 'EndTimes': [1742230142.0, 1742230401.0, 1742230652.0], 'TotalUserCpuTimeHistory': [48, 45, 37], 'TotalSysCpuTimeHistory': [3, 3, 0], 'WallDurations': [149.0, 171.78613686561584, 171.78613686561584, 174.0, 238.4199719429016, 117.0, 231.08619904518127], 'JobIds': ['78944049.0', '78962291.0', '78962599.0'], 'State': 'failed', 'RecordedSite': True, 'Error': [50115, 'BadFWJRXML', {}]}, '253': {'Retries': 2, 'Restarts': 0, 'SiteHistory': ['Unknown', 'T2_IT_Pisa', 'T2_IT_Pisa', 'T2_IT_Pisa', 'T2_IT_Pisa', 'T2_IT_Pisa', 'T2_IT_Pisa'], 'ResidentSetSize': [188068, 41204, 17548], 'SubmitTimes': [1742226522.0, 1742230157.0, 1742230448.0], 'StartTimes': [1742229994.0, 1742230168.0, 1742230474.0], 'EndTimes': [1742230089.0, 1742230320.0, 1742230591.0], 'TotalUserCpuTimeHistory': [49, 52, 18], 'TotalSysCpuTimeHistory': [3, 2, 0], 'WallDurations': [95.0, 0, 152.0, 0, 297.4199719429016, 117.0, 292.0861990451813], 'JobIds': ['78944050.0', '78962271.0', '78962556.0'], 'State': 'failed', 'RecordedSite': True, 'Error': [50115, 'BadFWJRXML', {}]}, '251': {'Retries': 2, 'Restarts': 0, 'SiteHistory': ['Unknown', 'T2_IT_Pisa', 'T2_IT_Pisa', 'T2_IT_Pisa', 'T2_IT_Pisa', 'T2_IT_Pisa', 'T2_IT_Pisa'], 'ResidentSetSize': [71588, 213036, 152812], 'SubmitTimes': [1742226522.0, 1742230157.0, 1742230372.0], 'StartTimes': [1742229994.0, 1742230168.0, 1742230390.0], 'EndTimes': [1742230088.0, 1742230247.0, 1742230507.0], 'TotalUserCpuTimeHistory': [36, 32, 38], 'TotalSysCpuTimeHistory': [3, 1, 0], 'WallDurations': [94.0, 0, 79.0, 8.0, 75.41997194290161, 75.41997194290161, 117.0], 'JobIds': ['78944051.0', '78962272.0', '78962341.0'], 'State': 'failed', 'RecordedSite': True, 'Error': [50115, 'BadFWJRXML', {}]}, '245': {'Retries': 2, 'Restarts': 0, 'SiteHistory': ['Unknown', 'T2_IT_Pisa', 'T2_IT_Pisa', 'T2_IT_Pisa', 'T2_IT_Pisa', 'T2_IT_Pisa', 'T2_IT_Pisa'], 'ResidentSetSize': [71436, 208100, 38464], 'SubmitTimes': [1742226522.0, 1742230131.0, 1742230423.0], 'StartTimes': [1742229995.0, 1742230149.0, 1742230438.0], 'EndTimes': [1742230062.0, 1742230295.0, 1742230542.0], 'TotalUserCpuTimeHistory': [23, 52, 49], 'TotalSysCpuTimeHistory': [0, 1, 0], 'WallDurations': [67.0, 9.0, 15.786136865615845, 15.786136865615845, 146.0, 8.0, 104.0], 'JobIds': ['78944052.0', '78962261.0', '78962554.0'], 'State': 'failed', 'RecordedSite': True, 'Error': [50115, 'BadFWJRXML', {}]}, '258': {'Retries': 2, 'Restarts': 0, 'SiteHistory': ['Unknown', 'T2_IT_Pisa', 'T2_IT_Pisa', 'T2_IT_Pisa', 'T2_IT_Pisa', 'T2_IT_Pisa', 'T2_IT_Pisa'], 'ResidentSetSize': [52104, 36944, 48324], 'SubmitTimes': [1742226522.0, 1742230152.0, 1742230417.0], 'StartTimes': [1742230004.0, 1742230179.0, 1742230429.0], 'EndTimes': [1742230080.0, 1742230292.0, 1742230531.0], 'TotalUserCpuTimeHistory': [24, 40, 29], 'TotalSysCpuTimeHistory': [1, 0, 0], 'WallDurations': [76.0, 0, 113.0, 9.0, 36.41997194290161, 36.41997194290161, 102.0], 'JobIds': ['78944053.0', '78962269.0', '78962552.0'], 'State': 'failed', 'RecordedSite': True, 'Error': [50115, 'BadFWJRXML', {}]}, '263': {'Retries': 2, 'Restarts': 0, 'SiteHistory': ['Unknown', 'T2_IT_Pisa', 'T2_IT_Pisa', 'T2_IT_Pisa', 'T2_IT_Pisa', 'T2_IT_Pisa', 'T2_IT_Pisa'], 'ResidentSetSize': [6012, 6796, 49424], 'SubmitTimes': [1742226522.0, 1742230232.0, 1742230558.0], 'StartTimes': [1742230038.0, 1742230250.0, 1742230567.0], 'EndTimes': [1742230162.0, 1742230430.0, 1742230715.0], 'TotalUserCpuTimeHistory': [45, 34, 45], 'TotalSysCpuTimeHistory': [0, 0, 1], 'WallDurations': [124.0, 126.78613686561584, 126.78613686561584, 180.0, 215.4199719429016, 148.0, 199.08619904518127], 'JobIds': ['78944054.0', '78962303.0', '78962615.0'], 'State': 'failed', 'RecordedSite': True, 'Error': [50115, 'BadFWJRXML', {}]}, '260': {'Retries': 2, 'Restarts': 0, 'SiteHistory': ['Unknown', 'T2_IT_Pisa', 'T2_IT_Pisa', 'T2_IT_Pisa', 'T2_IT_Pisa', 'T2_IT_Pisa', 'T2_IT_Pisa'], 'ResidentSetSize': [71548, 54348, 45824], 'SubmitTimes': [1742226522.0, 1742230215.0, 1742230527.0], 'StartTimes': [1742230022.0, 1742230239.0, 1742230535.0], 'EndTimes': [1742230146.0, 1742230398.0, 1742230644.0], 'TotalUserCpuTimeHistory': [45, 19, 29], 'TotalSysCpuTimeHistory': [0, 0, 0], 'WallDurations': [124.0, 142.78613686561584, 142.78613686561584, 159.0, 226.4199719429016, 109.0, 231.08619904518127], 'JobIds': ['78944055.0', '78962294.0', '78962598.0'], 'State': 'failed', 'RecordedSite': True, 'Error': [50115, 'BadFWJRXML', {}]}, '261': {'Retries': 2, 'Restarts': 0, 'SiteHistory': ['Unknown', 'T2_IT_Pisa', 'T2_IT_Pisa', 'T2_IT_Pisa', 'T2_IT_Pisa', 'T2_IT_Pisa', 'T2_IT_Pisa'], 'ResidentSetSize': [59688, 48836, 71808], 'SubmitTimes': [1742226523.0, 1742230205.0, 1742230475.0], 'StartTimes': [1742230024.0, 1742230239.0, 1742230485.0], 'EndTimes': [1742230140.0, 1742230344.0, 1742230644.0], 'TotalUserCpuTimeHistory': [29, 27, 37], 'TotalSysCpuTimeHistory': [0, 0, 1], 'WallDurations': [116.0, 140.78613686561584, 140.78613686561584, 105.0, 226.4199719429016, 159.0, 281.0861990451813], 'JobIds': ['78944056.0', '78962288.0', '78962577.0'], 'State': 'failed', 'RecordedSite': True, 'Error': [50115, 'BadFWJRXML', {}]}, '267': {'Retries': 2, 'Restarts': 0, 'SiteHistory': ['Unknown', 'T2_IT_Pisa', 'T2_IT_Pisa', 'T2_IT_Pisa', 'T2_IT_Pisa', 'T2_IT_Pisa', 'T2_IT_Pisa'], 'ResidentSetSize': [44660, 25680, 72616], 'SubmitTimes': [1742226523.0, 1742230172.0, 1742230464.0], 'StartTimes': [1742230022.0, 1742230201.0, 1742230475.0], 'EndTimes': [1742230104.0, 1742230335.0, 1742230620.0], 'TotalUserCpuTimeHistory': [32, 34, 27], 'TotalSysCpuTimeHistory': [0, 1, 0], 'WallDurations': [82.0, 142.78613686561584, 142.78613686561584, 134.0, 145.0, 291.0861990451813, 291.0861990451813], 'JobIds': ['78944057.0', '78962276.0', '78962565.0'], 'State': 'failed', 'RecordedSite': True, 'Error': [50115, 'BadFWJRXML', {}]}, '262': {'Retries': 2, 'Restarts': 0, 'SiteHistory': ['Unknown', 'T2_IT_Pisa', 'T2_IT_Pisa', 'T2_IT_Pisa', 'T2_IT_Pisa', 'T2_IT_Pisa', 'T2_IT_Pisa'], 'ResidentSetSize': [17864, 4464, 4076], 'SubmitTimes': [1742226524.0, 1742230263.0, 1742230542.0], 'StartTimes': [1742230030.0, 1742230300.0, 1742230554.0], 'EndTimes': [1742230189.0, 1742230415.0, 1742230665.0], 'TotalUserCpuTimeHistory': [40, 42, 45], 'TotalSysCpuTimeHistory': [0, 1, 0], 'WallDurations': [8.0, 134.78613686561584, 159.0, 115.0, 165.4199719429016, 111.0, 212.08619904518127], 'JobIds': ['78944058.0', '78962312.0', '78962605.0'], 'State': 'failed', 'RecordedSite': True, 'Error': [50115, 'BadFWJRXML', {}]}, '269': {'Retries': 2, 'Restarts': 0, 'SiteHistory': ['Unknown', 'T2_IT_Pisa', 'T2_IT_Pisa', 'T2_IT_Pisa', 'T2_IT_Pisa', 'T2_IT_Pisa', 'T2_IT_Pisa'], 'ResidentSetSize': [7540, 48976, 50188], 'SubmitTimes': [1742226524.0, 1742230210.0, 1742230486.0], 'StartTimes': [1742230027.0, 1742230231.0, 1742230494.0], 'EndTimes': [1742230141.0, 1742230358.0, 1742230575.0], 'TotalUserCpuTimeHistory': [33, 38, 33], 'TotalSysCpuTimeHistory': [0, 1, 0], 'WallDurations': [114.0, 137.78613686561584, 137.78613686561584, 127.0, 234.4199719429016, 81.0, 272.0861990451813], 'JobIds': ['78944059.0', '78962293.0', '78962581.0'], 'State': 'failed', 'RecordedSite': True, 'Error': [50115, 'BadFWJRXML', {}]}, '259': {'Retries': 2, 'Restarts': 0, 'SiteHistory': ['Unknown', 'T2_IT_Pisa', 'T2_IT_Pisa', 'T2_IT_Pisa', 'T2_IT_Pisa', 'T2_IT_Pisa', 'T2_IT_Pisa'], 'ResidentSetSize': [44860, 198748, 43332], 'SubmitTimes': [1742226524.0, 1742230232.0, 1742230558.0], 'StartTimes': [1742230028.0, 1742230249.0, 1742230570.0], 'EndTimes': [1742230165.0, 1742230430.0, 1742230711.0], 'TotalUserCpuTimeHistory': [52, 35, 54], 'TotalSysCpuTimeHistory': [2, 0, 3], 'WallDurations': [9.0, 136.78613686561584, 137.0, 181.0, 216.4199719429016, 141.0, 196.08619904518127], 'JobIds': ['78944060.0', '78962304.0', '78962616.0'], 'State': 'failed', 'RecordedSite': True, 'Error': [50115, 'BadFWJRXML', {}]}, '257': {'Retries': 2, 'Restarts': 0, 'SiteHistory': ['Unknown', 'T2_IT_Pisa', 'T2_IT_Pisa', 'T2_IT_Pisa', 'T2_IT_Pisa', 'T2_IT_Pisa', 'T2_IT_Pisa'], 'ResidentSetSize': [68652, 94384, 72628], 'SubmitTimes': [1742226524.0, 1742230227.0, 1742230464.0], 'StartTimes': [1742230040.0, 1742230243.0, 1742230479.0], 'EndTimes': [1742230160.0, 1742230332.0, 1742230620.0], 'TotalUserCpuTimeHistory': [49, 44, 34], 'TotalSysCpuTimeHistory': [0, 1, 1], 'WallDurations': [120.0, 124.78613686561584, 124.78613686561584, 89.0, 141.0, 287.0861990451813, 287.0861990451813], 'JobIds': ['78944061.0', '78962300.0', '78962566.0'], 'State': 'failed', 'RecordedSite': True, 'Error': [50115, 'BadFWJRXML', {}]}, '254': {'Retries': 2, 'Restarts': 0, 'SiteHistory': ['Unknown', 'T2_IT_Pisa', 'T2_IT_Pisa', 'T2_IT_Pisa', 'T2_IT_Pisa', 'T2_IT_Pisa', 'T2_IT_Pisa'], 'ResidentSetSize': [39736, 353068, 38776], 'SubmitTimes': [1742226524.0, 1742230210.0, 1742230491.0], 'StartTimes': [1742230047.0, 1742230231.0, 1742230496.0], 'EndTimes': [1742230145.0, 1742230364.0, 1742230581.0], 'TotalUserCpuTimeHistory': [8, 41, 40], 'TotalSysCpuTimeHistory': [0, 1, 1], 'WallDurations': [98.0, 117.78613686561584, 117.78613686561584, 133.0, 234.4199719429016, 85.0, 270.0861990451813], 'JobIds': ['78944062.0', '78962292.0', '78962582.0'], 'State': 'failed', 'RecordedSite': True, 'Error': [50115, 'BadFWJRXML', {}]}, '264': {'Retries': 2, 'Restarts': 0, 'SiteHistory': ['Unknown', 'T2_IT_Pisa', 'T2_IT_Pisa', 'T2_IT_Pisa', 'T2_IT_Pisa', 'T2_IT_Pisa', 'T2_IT_Pisa'], 'ResidentSetSize': [4244, 50280, 64244], 'SubmitTimes': [1742226524.0, 1742230263.0, 1742230527.0], 'StartTimes': [1742230051.0, 1742230282.0, 1742230534.0], 'EndTimes': [1742230192.0, 1742230401.0, 1742230644.0], 'TotalUserCpuTimeHistory': [33, 36, 44], 'TotalSysCpuTimeHistory': [0, 0, 0], 'WallDurations': [9.0, 113.78613686561584, 141.0, 119.0, 183.4199719429016, 110.0, 232.08619904518127], 'JobIds': ['78944063.0', '78962314.0', '78962596.0'], 'State': 'failed', 'RecordedSite': True, 'Error': [50115, 'BadFWJRXML', {}]}, '272': {'Retries': 2, 'Restarts': 0, 'SiteHistory': ['Unknown', 'T2_IT_Pisa', 'T2_IT_Pisa', 'T2_IT_Pisa', 'T2_IT_Pisa', 'T2_IT_Pisa', 'T2_IT_Pisa'], 'ResidentSetSize': [47652, 20280, 45928], 'SubmitTimes': [1742226524.0, 1742230263.0, 1742230569.0], 'StartTimes': [1742230053.0, 1742230279.0, 1742230575.0], 'EndTimes': [1742230192.0, 1742230441.0, 1742230720.0], 'TotalUserCpuTimeHistory': [34, 50, 53], 'TotalSysCpuTimeHistory': [0, 0, 3], 'WallDurations': [9.0, 111.78613686561584, 139.0, 162.0, 186.4199719429016, 145.0, 191.08619904518127], 'JobIds': ['78944064.0', '78962310.0', '78962621.0'], 'State': 'failed', 'RecordedSite': True, 'Error': [50115, 'BadFWJRXML', {}]}, '256': {'Retries': 2, 'Restarts': 0, 'SiteHistory': ['Unknown', 'T2_IT_Pisa', 'T2_IT_Pisa', 'T2_IT_Pisa', 'T2_IT_Pisa', 'T2_IT_Pisa', 'T2_IT_Pisa'], 'ResidentSetSize': [4060, 52592, 53892], 'SubmitTimes': [1742226524.0, 1742230263.0, 1742230537.0], 'StartTimes': [1742230052.0, 1742230290.0, 1742230554.0], 'EndTimes': [1742230192.0, 1742230411.0, 1742230656.0], 'TotalUserCpuTimeHistory': [32, 41, 48], 'TotalSysCpuTimeHistory': [0, 0, 3], 'WallDurations': [9.0, 112.78613686561584, 140.0, 121.0, 175.4199719429016, 102.0, 212.08619904518127], 'JobIds': ['78944065.0', '78962311.0', '78962602.0'], 'State': 'failed', 'RecordedSite': True, 'Error': [50115, 'BadFWJRXML', {}]}, '271': {'Retries': 2, 'Restarts': 0, 'SiteHistory': ['Unknown', 'T2_IT_Pisa', 'T2_IT_Pisa', 'T2_IT_Pisa', 'T2_IT_Pisa', 'T2_IT_Pisa', 'T2_IT_Pisa'], 'ResidentSetSize': [6552, 34768, 31580], 'SubmitTimes': [1742226524.0, 1742230305.0, 1742230627.0], 'StartTimes': [1742230062.0, 1742230315.0, 1742230650.0], 'EndTimes': [1742230236.0, 1742230501.0, 1742230770.0], 'TotalUserCpuTimeHistory': [18, 54, 54], 'TotalSysCpuTimeHistory': [0, 1, 1], 'WallDurations': [10.0, 102.78613686561584, 174.0, 9.0, 186.0, 8.0, 120.0], 'JobIds': ['78944066.0', '78962328.0', '78962661.0'], 'State': 'failed', 'RecordedSite': True, 'Error': [50115, 'BadFWJRXML', {}]}, '266': {'Retries': 2, 'Restarts': 0, 'SiteHistory': ['Unknown', 'T2_IT_Pisa', 'T2_IT_Pisa', 'T2_IT_Pisa', 'T2_IT_Pisa', 'T2_IT_Pisa', 'T2_IT_Pisa'], 'ResidentSetSize': [6396, 138424, 69820], 'SubmitTimes': [1742226524.0, 1742230305.0, 1742230558.0], 'StartTimes': [1742230063.0, 1742230315.0, 1742230568.0], 'EndTimes': [1742230236.0, 1742230432.0, 1742230681.0], 'TotalUserCpuTimeHistory': [27, 37, 33], 'TotalSysCpuTimeHistory': [0, 0, 0], 'WallDurations': [9.0, 101.78613686561584, 173.0, 117.0, 150.4199719429016, 113.0, 198.08619904518127], 'JobIds': ['78944067.0', '78962327.0', '78962614.0'], 'State': 'failed', 'RecordedSite': True, 'Error': [50115, 'BadFWJRXML', {}]}, '273': {'Retries': 2, 'Restarts': 0, 'SiteHistory': ['Unknown', 'T2_IT_Pisa', 'T2_IT_Pisa', 'T2_IT_Pisa', 'T2_IT_Pisa', 'T2_IT_Pisa', 'T2_IT_Pisa'], 'ResidentSetSize': [38648, 49368, 38576], 'SubmitTimes': [1742226524.0, 1742230221.0, 1742230527.0], 'StartTimes': [1742230064.0, 1742230240.0, 1742230534.0], 'EndTimes': [1742230149.0, 1742230397.0, 1742230645.0], 'TotalUserCpuTimeHistory': [34, 31, 42], 'TotalSysCpuTimeHistory': [0, 1, 0], 'WallDurations': [85.0, 100.78613686561584, 100.78613686561584, 157.0, 225.4199719429016, 111.0, 232.08619904518127], 'JobIds': ['78944068.0', '78962296.0', '78962597.0'], 'State': 'failed', 'RecordedSite': True, 'Error': [50115, 'BadFWJRXML', {}]}, '275': {'Retries': 2, 'Restarts': 0, 'SiteHistory': ['Unknown', 'T2_IT_Pisa', 'T2_IT_Pisa', 'T2_IT_Pisa', 'T2_IT_Pisa', 'T2_IT_Pisa', 'T2_IT_Pisa'], 'ResidentSetSize': [48740, 73148, 53324], 'SubmitTimes': [1742226524.0, 1742230200.0, 1742230563.0], 'StartTimes': [1742230061.0, 1742230224.0, 1742230575.0], 'EndTimes': [1742230133.0, 1742230435.0, 1742230740.0], 'TotalUserCpuTimeHistory': [23, 60, 20], 'TotalSysCpuTimeHistory': [0, 1, 0], 'WallDurations': [72.0, 103.78613686561584, 103.78613686561584, 211.0, 241.4199719429016, 165.0, 191.08619904518127], 'JobIds': ['78944069.0', '78962286.0', '78962619.0'], 'State': 'failed', 'RecordedSite': True}, '277': {'Retries': 2, 'Restarts': 0, 'SiteHistory': ['Unknown', 'T2_IT_Pisa', 'T2_IT_Pisa', 'T2_IT_Pisa', 'T2_IT_Pisa', 'T2_IT_Pisa', 'T2_IT_Pisa'], 'ResidentSetSize': [57036, 44612, 83456], 'SubmitTimes': [1742226525.0, 1742230205.0, 1742230475.0], 'StartTimes': [1742230065.0, 1742230238.0, 1742230487.0], 'EndTimes': [1742230140.0, 1742230344.0, 1742230628.0], 'TotalUserCpuTimeHistory': [17, 29, 38], 'TotalSysCpuTimeHistory': [0, 0, 1], 'WallDurations': [75.0, 99.78613686561584, 99.78613686561584, 106.0, 227.4199719429016, 141.0, 279.0861990451813], 'JobIds': ['78944070.0', '78962289.0', '78962578.0'], 'State': 'failed', 'RecordedSite': True, 'Error': [50115, 'BadFWJRXML', {}]}, '274': {'Retries': 2, 'Restarts': 0, 'SiteHistory': ['Unknown', 'T2_IT_Pisa', 'T2_IT_Pisa', 'T2_IT_Pisa', 'T2_IT_Pisa', 'T2_IT_Pisa', 'T2_IT_Pisa'], 'ResidentSetSize': [5416, 36904, 35284], 'SubmitTimes': [1742226530.0, 1742230294.0, 1742230595.0], 'StartTimes': [1742230069.0, 1742230304.0, 1742230604.0], 'EndTimes': [1742230223.0, 1742230464.0, 1742230741.0], 'TotalUserCpuTimeHistory': [47, 48, 55], 'TotalSysCpuTimeHistory': [1, 0, 4], 'WallDurations': [8.0, 95.78613686561584, 154.0, 160.0, 161.4199719429016, 137.0, 162.08619904518127], 'JobIds': ['78944127.0', '78962323.0', '78962638.0'], 'State': 'failed', 'RecordedSite': True}, '270': {'Retries': 2, 'Restarts': 0, 'SiteHistory': ['Unknown', 'T2_IT_Pisa', 'T2_IT_Pisa', 'T2_IT_Pisa', 'T2_IT_Pisa', 'T2_IT_Pisa', 'T2_IT_Pisa'], 'ResidentSetSize': [44564, 172172, 37952], 'SubmitTimes': [1742226530.0, 1742230294.0, 1742230574.0], 'StartTimes': [1742230087.0, 1742230314.0, 1742230585.0], 'EndTimes': [1742230222.0, 1742230446.0, 1742230726.0], 'TotalUserCpuTimeHistory': [24, 32, 49], 'TotalSysCpuTimeHistory': [0, 0, 3], 'WallDurations': [8.0, 77.78613686561584, 135.0, 132.0, 151.4199719429016, 141.0, 181.08619904518127], 'JobIds': ['78944129.0', '78962325.0', '78962624.0'], 'State': 'failed', 'RecordedSite': True, 'Error': [50115, 'BadFWJRXML', {}]}, '285': {'Retries': 2, 'Restarts': 0, 'SiteHistory': ['Unknown', 'T2_IT_Pisa', 'T2_IT_Pisa', 'T2_IT_Pisa', 'T2_IT_Pisa', 'T2_IT_Pisa', 'T2_IT_Pisa'], 'ResidentSetSize': [38648, 49776, 72620], 'SubmitTimes': [1742226530.0, 1742230232.0, 1742230470.0], 'StartTimes': [1742230079.0, 1742230250.0, 1742230481.0], 'EndTimes': [1742230165.0, 1742230340.0, 1742230620.0], 'TotalUserCpuTimeHistory': [34, 33, 31], 'TotalSysCpuTimeHistory': [0, 0, 1], 'WallDurations': [9.0, 85.78613686561584, 86.0, 90.0, 215.4199719429016, 139.0, 285.0861990451813], 'JobIds': ['78944131.0', '78962305.0', '78962574.0'], 'State': 'failed', 'RecordedSite': True, 'Error': [50115, 'BadFWJRXML', {}]}, '268': {'Retries': 2, 'Restarts': 0, 'SiteHistory': ['Unknown', 'T2_IT_Pisa', 'T2_IT_Pisa', 'T2_IT_Pisa', 'T2_IT_Pisa', 'T2_IT_Pisa', 'T2_IT_Pisa'], 'ResidentSetSize': [46444, 44876, 20852], 'SubmitTimes': [1742226530.0, 1742230237.0, 1742230470.0], 'StartTimes': [1742230083.0, 1742230251.0, 1742230482.0], 'EndTimes': [1742230169.0, 1742230341.0, 1742230621.0], 'TotalUserCpuTimeHistory': [37, 33, 41], 'TotalSysCpuTimeHistory': [3, 0, 0], 'WallDurations': [9.0, 81.78613686561584, 86.0, 90.0, 214.4199719429016, 139.0, 284.0861990451813], 'JobIds': ['78944133.0', '78962306.0', '78962572.0'], 'State': 'failed', 'RecordedSite': True, 'Error': [50115, 'BadFWJRXML', {}]}, '280': {'Retries': 2, 'Restarts': 0, 'SiteHistory': ['Unknown', 'T2_IT_Pisa', 'T2_IT_Pisa', 'T2_IT_Pisa', 'T2_IT_Pisa', 'T2_IT_Pisa', 'T2_IT_Pisa'], 'ResidentSetSize': [215768, 52496, 206872], 'SubmitTimes': [1742226530.0, 1742230294.0, 1742230600.0], 'StartTimes': [1742230105.0, 1742230315.0, 1742230640.0], 'EndTimes': [1742230224.0, 1742230471.0, 1742230807.0], 'TotalUserCpuTimeHistory': [48, 31, 28], 'TotalSysCpuTimeHistory': [0, 0, 0], 'WallDurations': [9.0, 59.786136865615845, 119.0, 9.0, 156.0, 8.0, 167.0], 'JobIds': ['78944135.0', '78962324.0', '78962644.0'], 'State': 'failed', 'RecordedSite': True, 'Error': [50115, 'BadFWJRXML', {}]}, '286': {'Retries': 2, 'Restarts': 0, 'SiteHistory': ['Unknown', 'T2_IT_Pisa', 'T2_IT_Pisa', 'T2_IT_Pisa', 'T2_IT_Pisa', 'T2_IT_Pisa', 'T2_IT_Pisa'], 'ResidentSetSize': [53836, 8384, 137904], 'SubmitTimes': [1742226530.0, 1742230337.0, 1742230579.0], 'StartTimes': [1742230099.0, 1742230348.0, 1742230592.0], 'EndTimes': [1742230264.0, 1742230451.0, 1742230731.0], 'TotalUserCpuTimeHistory': [25, 42, 18], 'TotalSysCpuTimeHistory': [0, 0, 0], 'WallDurations': [8.0, 65.78613686561584, 165.0, 103.0, 117.41997194290161, 139.0, 174.08619904518127], 'JobIds': ['78944137.0', '78962335.0', '78962630.0'], 'State': 'failed', 'RecordedSite': True, 'Error': [50115, 'BadFWJRXML', {}]}, '265': {'Retries': 2, 'Restarts': 0, 'SiteHistory': ['Unknown', 'T2_IT_Pisa', 'T2_IT_Pisa', 'T2_IT_Pisa', 'T2_IT_Pisa', 'T2_IT_Pisa', 'T2_IT_Pisa'], 'ResidentSetSize': [56032, 74212, 33132], 'SubmitTimes': [1742226530.0, 1742230263.0, 1742230553.0], 'StartTimes': [1742230093.0, 1742230314.0, 1742230575.0], 'EndTimes': [1742230193.0, 1742230425.0, 1742230697.0], 'TotalUserCpuTimeHistory': [43, 35, 19], 'TotalSysCpuTimeHistory': [2, 0, 0], 'WallDurations': [8.0, 71.78613686561584, 100.0, 111.0, 151.4199719429016, 122.0, 191.08619904518127], 'JobIds': ['78944139.0', '78962315.0', '78962612.0'], 'State': 'failed', 'RecordedSite': True, 'Error': [50115, 'BadFWJRXML', {}]}, '289': {'Retries': 2, 'Restarts': 0, 'SiteHistory': ['Unknown', 'T2_IT_Pisa', 'T2_IT_Pisa', 'T2_IT_Pisa', 'T2_IT_Pisa', 'T2_IT_Pisa', 'T2_IT_Pisa'], 'ResidentSetSize': [44336, 48748, 38668], 'SubmitTimes': [1742226530.0, 1742230337.0, 1742230574.0], 'StartTimes': [1742230104.0, 1742230344.0, 1742230585.0], 'EndTimes': [1742230264.0, 1742230447.0, 1742230667.0], 'TotalUserCpuTimeHistory': [19, 27, 34], 'TotalSysCpuTimeHistory': [0, 0, 0], 'WallDurations': [9.0, 60.786136865615845, 160.0, 103.0, 121.41997194290161, 82.0, 181.08619904518127], 'JobIds': ['78944141.0', '78962337.0', '78962625.0'], 'State': 'failed', 'RecordedSite': True, 'Error': [50115, 'BadFWJRXML', {}]}, '281': {'Retries': 2, 'Restarts': 0, 'SiteHistory': ['Unknown', 'T2_IT_Pisa', 'T2_IT_Pisa', 'T2_IT_Pisa', 'T2_IT_Pisa', 'T2_IT_Pisa', 'T2_IT_Pisa'], 'ResidentSetSize': [43496, 71092, 130824], 'SubmitTimes': [1742226530.0, 1742230337.0, 1742230579.0], 'StartTimes': [1742230115.0, 1742230349.0, 1742230592.0], 'EndTimes': [1742230268.0, 1742230452.0, 1742230731.0], 'TotalUserCpuTimeHistory': [49, 34, 19], 'TotalSysCpuTimeHistory': [0, 0, 0], 'WallDurations': [9.0, 49.786136865615845, 153.0, 103.0, 116.41997194290161, 139.0, 174.08619904518127], 'JobIds': ['78944143.0', '78962338.0', '78962629.0'], 'State': 'failed', 'RecordedSite': True, 'Error': [50115, 'BadFWJRXML', {}]}, '276': {'Retries': 2, 'Restarts': 0, 'SiteHistory': ['Unknown', 'T2_IT_Pisa', 'T2_IT_Pisa', 'T2_IT_Pisa', 'T2_IT_Pisa', 'T2_IT_Pisa', 'T2_IT_Pisa'], 'ResidentSetSize': [52132, 74316, 4300], 'SubmitTimes': [1742226530.0, 1742230289.0, 1742230607.0], 'StartTimes': [1742230102.0, 1742230303.0, 1742230638.0], 'EndTimes': [1742230219.0, 1742230480.0, 1742230807.0], 'TotalUserCpuTimeHistory': [48, 43, 29], 'TotalSysCpuTimeHistory': [4, 0, 0], 'WallDurations': [9.0, 62.786136865615845, 117.0, 9.0, 177.0, 9.0, 169.0], 'JobIds': ['78944145.0', '78962320.0', '78962646.0'], 'State': 'failed', 'RecordedSite': True, 'Error': [50115, 'BadFWJRXML', {}]}, '278': {'Retries': 2, 'Restarts': 0, 'SiteHistory': ['Unknown', 'T2_IT_Pisa', 'T2_IT_Pisa', 'T2_IT_Pisa', 'T2_IT_Pisa', 'T2_IT_Pisa', 'T2_IT_Pisa'], 'ResidentSetSize': [58948, 93444, 73808], 'SubmitTimes': [1742226530.0, 1742230263.0, 1742230521.0], 'StartTimes': [1742230107.0, 1742230284.0, 1742230528.0], 'EndTimes': [1742230191.0, 1742230391.0, 1742230669.0], 'TotalUserCpuTimeHistory': [41, 25, 45], 'TotalSysCpuTimeHistory': [1, 0, 2], 'WallDurations': [8.0, 57.786136865615845, 84.0, 107.0, 181.4199719429016, 141.0, 238.08619904518127], 'JobIds': ['78944147.0', '78962313.0', '78962592.0'], 'State': 'failed', 'RecordedSite': True, 'Error': [50115, 'BadFWJRXML', {}]}, '279': {'Retries': 2, 'Restarts': 0, 'SiteHistory': ['Unknown', 'T2_IT_Pisa', 'T2_IT_Pisa', 'T2_IT_Pisa', 'T2_IT_Pisa', 'T2_IT_Pisa', 'T2_IT_Pisa'], 'ResidentSetSize': [38744, 44332, 201128], 'SubmitTimes': [1742226530.0, 1742230320.0, 1742230627.0], 'StartTimes': [1742230160.0, 1742230328.0, 1742230644.0], 'EndTimes': [1742230250.0, 1742230498.0, 1742230849.0], 'TotalUserCpuTimeHistory': [38, 16, 54], 'TotalSysCpuTimeHistory': [2, 0, 1], 'WallDurations': [0, 4.786136865615845, 90.0, 9.0, 170.0, 9.0, 205.0], 'JobIds': ['78944149.0', '78962332.0', '78962662.0'], 'State': 'failed', 'RecordedSite': True, 'Error': [50115, 'BadFWJRXML', {}]}, '282': {'Retries': 2, 'Restarts': 0, 'SiteHistory': ['Unknown', 'T2_IT_Pisa', 'T2_IT_Pisa', 'T2_IT_Pisa', 'T2_IT_Pisa', 'T2_IT_Pisa', 'T2_IT_Pisa'], 'ResidentSetSize': [212348, 6200, 50180], 'SubmitTimes': [1742226530.0, 1742230310.0, 1742230627.0], 'StartTimes': [1742230151.0, 1742230314.0, 1742230643.0], 'EndTimes': [1742230241.0, 1742230501.0, 1742230767.0], 'TotalUserCpuTimeHistory': [43, 43, 34], 'TotalSysCpuTimeHistory': [2, 0, 0], 'WallDurations': [10.0, 13.786136865615845, 90.0, 9.0, 187.0, 9.0, 124.0], 'JobIds': ['78944151.0', '78962329.0', '78962660.0'], 'State': 'failed', 'RecordedSite': True, 'Error': [50115, 'BadFWJRXML', {}]}, '283': {'Retries': 2, 'Restarts': 0, 'SiteHistory': ['Unknown', 'T2_IT_Pisa', 'T2_IT_Pisa', 'T2_IT_Pisa', 'T2_IT_Pisa', 'T2_IT_Pisa', 'T2_IT_Pisa'], 'ResidentSetSize': [6032, 3804, 48748], 'SubmitTimes': [1742226530.0, 1742230310.0, 1742230552.0], 'StartTimes': [1742230151.0, 1742230314.0, 1742230564.0], 'EndTimes': [1742230239.0, 1742230424.0, 1742230672.0], 'TotalUserCpuTimeHistory': [42, 37, 32], 'TotalSysCpuTimeHistory': [2, 1, 0], 'WallDurations': [9.0, 13.786136865615845, 88.0, 110.0, 151.4199719429016, 108.0, 202.08619904518127], 'JobIds': ['78944153.0', '78962330.0', '78962611.0'], 'State': 'failed', 'RecordedSite': True, 'Error': [50115, 'BadFWJRXML', {}]}, '284': {'Retries': 2, 'Restarts': 0, 'SiteHistory': ['Unknown', 'T2_IT_Pisa', 'T2_IT_Pisa', 'T2_IT_Pisa', 'T2_IT_Pisa', 'T2_IT_Pisa', 'T2_IT_Pisa'], 'ResidentSetSize': [53368, 152928, 44912], 'SubmitTimes': [1742226530.0, 1742230372.0, 1742230637.0], 'StartTimes': [1742230152.0, 1742230390.0, 1742230647.0], 'EndTimes': [1742230300.0, 1742230507.0, 1742230780.0], 'TotalUserCpuTimeHistory': [34, 36, 44], 'TotalSysCpuTimeHistory': [0, 0, 3], 'WallDurations': [9.0, 12.786136865615845, 148.0, 9.0, 117.0, 8.0, 133.0], 'JobIds': ['78944155.0', '78962339.0', '78962667.0'], 'State': 'failed', 'RecordedSite': True, 'Error': [50115, 'BadFWJRXML', {}]}, '287': {'Retries': 2, 'Restarts': 0, 'SiteHistory': ['Unknown', 'T2_IT_Pisa', 'T2_IT_Pisa', 'T2_IT_Pisa', 'T2_IT_Pisa', 'T2_IT_Pisa', 'T2_IT_Pisa'], 'ResidentSetSize': [43120, 208124, 72604], 'SubmitTimes': [1742226530.0, 1742230387.0, 1742230642.0], 'StartTimes': [1742230154.0, 1742230403.0, 1742230655.0], 'EndTimes': [1742230316.0, 1742230512.0, 1742230761.0], 'TotalUserCpuTimeHistory': [42, 37, 30], 'TotalSysCpuTimeHistory': [0, 1, 0], 'WallDurations': [9.0, 10.786136865615845, 162.0, 9.0, 109.0, 106.0, 111.08619904518127], 'JobIds': ['78944157.0', '78962371.0', '78962671.0'], 'State': 'failed', 'RecordedSite': True}, '288': {'Retries': 2, 'Restarts': 0, 'SiteHistory': ['Unknown', 'T2_IT_Pisa', 'T2_IT_Pisa', 'T2_IT_Pisa', 'T2_IT_Pisa', 'T2_IT_Pisa', 'T2_IT_Pisa'], 'ResidentSetSize': [67912, 63608, 38396], 'SubmitTimes': [1742226530.0, 1742230392.0, 1742230612.0], 'StartTimes': [1742230154.0, 1742230403.0, 1742230630.0], 'EndTimes': [1742230324.0, 1742230486.0, 1742230739.0], 'TotalUserCpuTimeHistory': [19, 11, 39], 'TotalSysCpuTimeHistory': [0, 0, 0], 'WallDurations': [10.0, 10.786136865615845, 170.0, 9.0, 83.0, 109.0, 136.08619904518127], 'JobIds': ['78944159.0', '78962447.0', '78962649.0'], 'State': 'failed', 'RecordedSite': True}, '290': {'Retries': 2, 'Restarts': 0, 'SiteHistory': ['Unknown', 'T2_IT_Pisa', 'T2_IT_Pisa', 'T2_IT_Pisa', 'T2_IT_Pisa', 'T2_IT_Pisa', 'T2_IT_Pisa'], 'ResidentSetSize': [14504, 53264, 5664], 'SubmitTimes': [1742226530.0, 1742230337.0, 1742230569.0], 'StartTimes': [1742230202.0, 1742230344.0, 1742230576.0], 'EndTimes': [1742230265.0, 1742230442.0, 1742230740.0], 'TotalUserCpuTimeHistory': [23, 41, 24], 'TotalSysCpuTimeHistory': [0, 3, 0], 'WallDurations': [63.0, 98.0, 121.41997194290161, 121.41997194290161, 121.41997194290161, 164.0, 190.08619904518127], 'JobIds': ['78944161.0', '78962336.0', '78962620.0'], 'State': 'failed', 'RecordedSite': True}, '291': {'Retries': 2, 'Restarts': 0, 'SiteHistory': ['Unknown', 'T2_IT_Pisa', 'T2_IT_Pisa', 'T2_IT_Pisa', 'T2_IT_Pisa', 'T2_IT_Pisa', 'T2_IT_Pisa'], 'ResidentSetSize': [22708, 89088, 46776], 'SubmitTimes': [1742226530.0, 1742230453.0, 1742230718.0], 'StartTimes': [1742230264.0, 1742230468.0, 1742230725.0], 'EndTimes': [1742230386.0, 1742230588.0, 1742230940.0], 'TotalUserCpuTimeHistory': [52, 25, 25], 'TotalSysCpuTimeHistory': [1, 0, 0], 'WallDurations': [122.0, 0, 120.0, 8.0, 41.086199045181274, 41.086199045181274, 215.0], 'JobIds': ['78944163.0', '78962559.0', '78962685.0'], 'State': 'failed', 'RecordedSite': True, 'Error': [50115, 'BadFWJRXML', {}]}, '292': {'Retries': 2, 'Restarts': 0, 'SiteHistory': ['Unknown', 'T2_IT_Pisa', 'T2_IT_Pisa', 'T2_IT_Pisa', 'T2_IT_Pisa', 'T2_IT_Pisa', 'T2_IT_Pisa'], 'ResidentSetSize': [51540, 56808, 44296], 'SubmitTimes': [1742226530.0, 1742230463.0, 1742230735.0], 'StartTimes': [1742230270.0, 1742230484.0, 1742230747.0], 'EndTimes': [1742230394.0, 1742230601.0, 1742230872.0], 'TotalUserCpuTimeHistory': [51, 14, 21], 'TotalSysCpuTimeHistory': [1, 0, 0], 'WallDurations': [124.0, 0, 117.0, 9.0, 19.086199045181274, 19.086199045181274, 125.0], 'JobIds': ['78944165.0', '78962564.0', '78962692.0'], 'State': 'failed', 'RecordedSite': True, 'Error': [50115, 'BadFWJRXML', {}]}, '293': {'Retries': 2, 'Restarts': 0, 'SiteHistory': ['Unknown', 'T2_IT_Pisa', 'T2_IT_Pisa', 'T2_IT_Pisa', 'T2_IT_Pisa', 'T2_IT_Pisa', 'T2_IT_Pisa'], 'ResidentSetSize': [53896, 186188, 65804], 'SubmitTimes': [1742226531.0, 1742230481.0, 1742230814.0], 'StartTimes': [1742230264.0, 1742230506.0, 1742230821.0], 'EndTimes': [1742230412.0, 1742230687.0, 1742230990.0], 'TotalUserCpuTimeHistory': [43, 49, 37], 'TotalSysCpuTimeHistory': [1, 0, 1], 'WallDurations': [148.0, 201.4199719429016, 201.4199719429016, 181.0, 260.0861990451813, 169.0, 245.87473464012146], 'JobIds': ['78944167.0', '78962579.0', '78962833.0'], 'State': 'failed', 'RecordedSite': True, 'Error': [50115, 'BadFWJRXML', {}]}, '294': {'Retries': 2, 'Restarts': 0, 'SiteHistory': ['Unknown', 'T2_IT_Pisa', 'T2_IT_Pisa', 'T2_IT_Pisa', 'T2_IT_Pisa', 'T2_IT_Pisa', 'T2_IT_Pisa'], 'ResidentSetSize': [71244, 41836, 21468], 'SubmitTimes': [1742226531.0, 1742230453.0, 1742230750.0], 'StartTimes': [1742230266.0, 1742230467.0, 1742230758.0], 'EndTimes': [1742230386.0, 1742230620.0, 1742230874.0], 'TotalUserCpuTimeHistory': [53, 39, 43], 'TotalSysCpuTimeHistory': [1, 1, 2], 'WallDurations': [120.0, 0, 153.0, 0, 8.086199045181274, 8.086199045181274, 116.0], 'JobIds': ['78944169.0', '78962560.0', '78962697.0'], 'State': 'failed', 'RecordedSite': True, 'Error': [50115, 'BadFWJRXML', {}]}, '295': {'Retries': 2, 'Restarts': 0, 'SiteHistory': ['Unknown', 'T2_IT_Pisa', 'T2_IT_Pisa', 'T2_IT_Pisa', 'T2_IT_Pisa', 'T2_IT_Pisa', 'T2_IT_Pisa'], 'ResidentSetSize': [32924, 38420, 48744], 'SubmitTimes': [1742226531.0, 1742230527.0, 1742230786.0], 'StartTimes': [1742230278.0, 1742230542.0, 1742230793.0], 'EndTimes': [1742230439.0, 1742230655.0, 1742230893.0], 'TotalUserCpuTimeHistory': [25, 33, 42], 'TotalSysCpuTimeHistory': [0, 1, 0], 'WallDurations': [161.0, 187.4199719429016, 187.4199719429016, 113.0, 224.08619904518127, 100.0, 273.87473464012146], 'JobIds': ['78944171.0', '78962595.0', '78962784.0'], 'State': 'failed', 'RecordedSite': True, 'Error': [50115, 'BadFWJRXML', {}]}, '296': {'Retries': 2, 'Restarts': 0, 'SiteHistory': ['Unknown', 'T2_IT_Pisa', 'T2_IT_Pisa', 'T2_IT_Pisa', 'T2_IT_Pisa', 'T2_IT_Pisa', 'T2_IT_Pisa'], 'ResidentSetSize': [32924, 39876, 38544], 'SubmitTimes': [1742226531.0, 1742230506.0, 1742230852.0], 'StartTimes': [1742230278.0, 1742230525.0, 1742230861.0], 'EndTimes': [1742230439.0, 1742230720.0, 1742230949.0], 'TotalUserCpuTimeHistory': [27, 18, 29], 'TotalSysCpuTimeHistory': [0, 0, 0], 'WallDurations': [161.0, 187.4199719429016, 187.4199719429016, 195.0, 241.08619904518127, 88.0, 205.87473464012146], 'JobIds': ['78944173.0', '78962591.0', '78962991.0'], 'State': 'failed', 'RecordedSite': True, 'Error': [50115, 'BadFWJRXML', {}]}, '297': {'Retries': 2, 'Restarts': 0, 'SiteHistory': ['Unknown', 'T2_IT_Pisa', 'T2_IT_Pisa', 'T2_IT_Pisa', 'T2_IT_Pisa', 'T2_IT_Pisa', 'T2_IT_Pisa'], 'ResidentSetSize': [68700, 44256, 22172], 'SubmitTimes': [1742226531.0, 1742230407.0, 1742230693.0], 'StartTimes': [1742230269.0, 1742230415.0, 1742230718.0], 'EndTimes': [1742230338.0, 1742230564.0, 1742230822.0], 'TotalUserCpuTimeHistory': [27, 58, 21], 'TotalSysCpuTimeHistory': [0, 2, 0], 'WallDurations': [69.0, 8.0, 50.41997194290161, 50.41997194290161, 149.0, 9.0, 104.0], 'JobIds': ['78944175.0', '78962539.0', '78962679.0'], 'State': 'failed', 'RecordedSite': True, 'Error': [50115, 'BadFWJRXML', {}]}, '298': {'Retries': 2, 'Restarts': 0, 'SiteHistory': ['Unknown', 'T2_IT_Pisa', 'T2_IT_Pisa', 'T2_IT_Pisa', 'T2_IT_Pisa', 'T2_IT_Pisa', 'T2_IT_Pisa'], 'ResidentSetSize': [5028, 4068, 201108], 'SubmitTimes': [1742226531.0, 1742230496.0, 1742230814.0], 'StartTimes': [1742230317.0, 1742230511.0, 1742230831.0], 'EndTimes': [1742230428.0, 1742230687.0, 1742230925.0], 'TotalUserCpuTimeHistory': [32, 47, 13], 'TotalSysCpuTimeHistory': [0, 0, 0], 'WallDurations': [111.0, 148.4199719429016, 148.4199719429016, 176.0, 255.08619904518127, 94.0, 235.87473464012146], 'JobIds': ['78944177.0', '78962586.0', '78962834.0'], 'State': 'failed', 'RecordedSite': True, 'Error': [50115, 'BadFWJRXML', {}]}, '299': {'Retries': 2, 'Restarts': 0, 'SiteHistory': ['Unknown', 'T2_IT_Pisa', 'T2_IT_Pisa', 'T2_IT_Pisa', 'T2_IT_Pisa', 'T2_IT_Pisa', 'T2_IT_Pisa'], 'ResidentSetSize': [67560, 22688, 72892], 'SubmitTimes': [1742226531.0, 1742230579.0, 1742230862.0], 'StartTimes': [1742230320.0, 1742230607.0, 1742230880.0], 'EndTimes': [1742230507.0, 1742230731.0, 1742230999.0], 'TotalUserCpuTimeHistory': [42, 31, 40], 'TotalSysCpuTimeHistory': [0, 1, 0], 'WallDurations': [9.0, 145.4199719429016, 187.0, 124.0, 159.08619904518127, 119.0, 186.87473464012146], 'JobIds': ['78944179.0', '78962627.0', '78963037.0'], 'State': 'failed', 'RecordedSite': True, 'Error': [50115, 'BadFWJRXML', {}]}, '300': {'Retries': 2, 'Restarts': 0, 'SiteHistory': ['Unknown', 'T2_IT_Pisa', 'T2_IT_Pisa', 'T2_IT_Pisa', 'T2_IT_Pisa', 'T2_IT_Pisa', 'T2_IT_Pisa'], 'ResidentSetSize': [2916, 38672, 44412], 'SubmitTimes': [1742226531.0, 1742230496.0, 1742230771.0], 'StartTimes': [1742230314.0, 1742230512.0, 1742230780.0], 'EndTimes': [1742230425.0, 1742230640.0, 1742230871.0], 'TotalUserCpuTimeHistory': [36, 45, 41], 'TotalSysCpuTimeHistory': [1, 0, 0], 'WallDurations': [111.0, 151.4199719429016, 151.4199719429016, 128.0, 254.08619904518127, 91.0, 286.87473464012146], 'JobIds': ['78944181.0', '78962583.0', '78962706.0'], 'State': 'failed', 'RecordedSite': True, 'Error': [50115, 'BadFWJRXML', {}]}, '308': {'Retries': 2, 'Restarts': 0, 'SiteHistory': ['Unknown', 'T2_IT_Pisa', 'T2_IT_Pisa', 'T2_IT_Pisa', 'T2_IT_Pisa', 'T2_IT_Pisa', 'T2_IT_Pisa'], 'ResidentSetSize': [67840, 100192, 195588], 'SubmitTimes': [1742226531.0, 1742230469.0, 1742230745.0], 'StartTimes': [1742230314.0, 1742230491.0, 1742230757.0], 'EndTimes': [1742230398.0, 1742230619.0, 1742230873.0], 'TotalUserCpuTimeHistory': [31, 42, 43], 'TotalSysCpuTimeHistory': [0, 3, 2], 'WallDurations': [84.0, 151.4199719429016, 151.4199719429016, 128.0, 0, 9.086199045181274, 116.0], 'JobIds': ['78944183.0', '78962569.0', '78962696.0'], 'State': 'failed', 'RecordedSite': True, 'Error': [50115, 'BadFWJRXML', {}]}, '303': {'Retries': 2, 'Restarts': 0, 'SiteHistory': ['Unknown', 'T2_IT_Pisa', 'T2_IT_Pisa', 'T2_IT_Pisa', 'T2_IT_Pisa', 'T2_IT_Pisa', 'T2_IT_Pisa'], 'ResidentSetSize': [66616, 53332, 45972], 'SubmitTimes': [1742226531.0, 1742230469.0, 1742230781.0], 'StartTimes': [1742230313.0, 1742230484.0, 1742230788.0], 'EndTimes': [1742230397.0, 1742230652.0, 1742230904.0], 'TotalUserCpuTimeHistory': [31, 32, 53], 'TotalSysCpuTimeHistory': [0, 0, 1], 'WallDurations': [84.0, 152.4199719429016, 152.4199719429016, 168.0, 282.0861990451813, 116.0, 278.87473464012146], 'JobIds': ['78944185.0', '78962567.0', '78962730.0'], 'State': 'failed', 'RecordedSite': True, 'Error': [50115, 'BadFWJRXML', {}]}, '305': {'Retries': 2, 'Restarts': 0, 'SiteHistory': ['Unknown', 'T2_IT_Pisa', 'T2_IT_Pisa', 'T2_IT_Pisa', 'T2_IT_Pisa', 'T2_IT_Pisa', 'T2_IT_Pisa'], 'ResidentSetSize': [215764, 66924, 52112], 'SubmitTimes': [1742226531.0, 1742230469.0, 1742230776.0], 'StartTimes': [1742230314.0, 1742230490.0, 1742230783.0], 'EndTimes': [1742230399.0, 1742230647.0, 1742230923.0], 'TotalUserCpuTimeHistory': [27, 21, 48], 'TotalSysCpuTimeHistory': [0, 0, 3], 'WallDurations': [85.0, 151.4199719429016, 151.4199719429016, 157.0, 276.0861990451813, 140.0, 283.87473464012146], 'JobIds': ['78944187.0', '78962568.0', '78962711.0'], 'State': 'failed', 'RecordedSite': True, 'Error': [50115, 'BadFWJRXML', {}]}, '304': {'Retries': 2, 'Restarts': 0, 'SiteHistory': ['Unknown', 'T2_IT_Pisa', 'T2_IT_Pisa', 'T2_IT_Pisa', 'T2_IT_Pisa', 'T2_IT_Pisa', 'T2_IT_Pisa'], 'ResidentSetSize': [8388, 45060, 53456], 'SubmitTimes': [1742226531.0, 1742230470.0, 1742230718.0], 'StartTimes': [1742230315.0, 1742230505.0, 1742230729.0], 'EndTimes': [1742230397.0, 1742230590.0, 1742230850.0], 'TotalUserCpuTimeHistory': [27, 43, 41], 'TotalSysCpuTimeHistory': [0, 0, 3], 'WallDurations': [82.0, 150.4199719429016, 150.4199719429016, 85.0, 8.0, 37.086199045181274, 121.0], 'JobIds': ['78944189.0', '78962571.0', '78962686.0'], 'State': 'failed', 'RecordedSite': True, 'Error': [50115, 'BadFWJRXML', {}]}, '306': {'Retries': 2, 'Restarts': 0, 'SiteHistory': ['Unknown', 'T2_IT_Pisa', 'T2_IT_Pisa', 'T2_IT_Pisa', 'T2_IT_Pisa', 'T2_IT_Pisa', 'T2_IT_Pisa'], 'ResidentSetSize': [47860, 51288, 4440], 'SubmitTimes': [1742226531.0, 1742230574.0, 1742230857.0], 'StartTimes': [1742230314.0, 1742230607.0, 1742230863.0], 'EndTimes': [1742230507.0, 1742230726.0, 1742230988.0], 'TotalUserCpuTimeHistory': [52, 33, 45], 'TotalSysCpuTimeHistory': [0, 1, 2], 'WallDurations': [9.0, 151.4199719429016, 193.0, 119.0, 159.08619904518127, 125.0, 203.87473464012146], 'JobIds': ['78944191.0', '78962626.0', '78963010.0'], 'State': 'failed', 'RecordedSite': True, 'Error': [50115, 'BadFWJRXML', {}]}, '307': {'Retries': 2, 'Restarts': 0, 'SiteHistory': ['Unknown', 'T2_IT_Pisa', 'T2_IT_Pisa', 'T2_IT_Pisa', 'T2_IT_Pisa', 'T2_IT_Pisa', 'T2_IT_Pisa'], 'ResidentSetSize': [6008, 50296, 46440], 'SubmitTimes': [1742226531.0, 1742230496.0, 1742230781.0], 'StartTimes': [1742230315.0, 1742230516.0, 1742230793.0], 'EndTimes': [1742230425.0, 1742230652.0, 1742230908.0], 'TotalUserCpuTimeHistory': [40, 53, 51], 'TotalSysCpuTimeHistory': [1, 3, 4], 'WallDurations': [110.0, 150.4199719429016, 150.4199719429016, 136.0, 250.08619904518127, 115.0, 273.87473464012146], 'JobIds': ['78944193.0', '78962587.0', '78962731.0'], 'State': 'failed', 'RecordedSite': True, 'Error': [50115, 'BadFWJRXML', {}]}, '315': {'Retries': 2, 'Restarts': 0, 'SiteHistory': ['Unknown', 'T2_IT_Pisa', 'T2_IT_Pisa', 'T2_IT_Pisa', 'T2_IT_Pisa', 'T2_IT_Pisa', 'T2_IT_Pisa'], 'ResidentSetSize': [138596, 62420, 215780], 'SubmitTimes': [1742226531.0, 1742230501.0, 1742230791.0], 'StartTimes': [1742230316.0, 1742230522.0, 1742230807.0], 'EndTimes': [1742230432.0, 1742230664.0, 1742230928.0], 'TotalUserCpuTimeHistory': [38, 30, 39], 'TotalSysCpuTimeHistory': [0, 0, 3], 'WallDurations': [116.0, 149.4199719429016, 149.4199719429016, 142.0, 244.08619904518127, 121.0, 259.87473464012146], 'JobIds': ['78944195.0', '78962590.0', '78962824.0'], 'State': 'failed', 'RecordedSite': True, 'Error': [50115, 'BadFWJRXML', {}]}, '313': {'Retries': 2, 'Restarts': 0, 'SiteHistory': ['Unknown', 'T2_IT_Pisa', 'T2_IT_Pisa', 'T2_IT_Pisa', 'T2_IT_Pisa', 'T2_IT_Pisa', 'T2_IT_Pisa'], 'ResidentSetSize': [63580, 52700, 45968], 'SubmitTimes': [1742226531.0, 1742230470.0, 1742230831.0], 'StartTimes': [1742230316.0, 1742230507.0, 1742230843.0], 'EndTimes': [1742230398.0, 1742230699.0, 1742230954.0], 'TotalUserCpuTimeHistory': [30, 53, 37], 'TotalSysCpuTimeHistory': [0, 1, 4], 'WallDurations': [82.0, 149.4199719429016, 149.4199719429016, 192.0, 259.0861990451813, 111.0, 223.87473464012146], 'JobIds': ['78944197.0', '78962575.0', '78962918.0'], 'State': 'failed', 'RecordedSite': True, 'Error': [50115, 'BadFWJRXML', {}]}, '309': {'Retries': 2, 'Restarts': 0, 'SiteHistory': ['Unknown', 'T2_IT_Pisa', 'T2_IT_Pisa', 'T2_IT_Pisa', 'T2_IT_Pisa', 'T2_IT_Pisa', 'T2_IT_Pisa'], 'ResidentSetSize': [44924, 65600, 9264], 'SubmitTimes': [1742226531.0, 1742230496.0, 1742230814.0], 'StartTimes': [1742230315.0, 1742230511.0, 1742230821.0], 'EndTimes': [1742230426.0, 1742230687.0, 1742231002.0], 'TotalUserCpuTimeHistory': [37, 55, 42], 'TotalSysCpuTimeHistory': [0, 1, 0], 'WallDurations': [111.0, 150.4199719429016, 150.4199719429016, 176.0, 255.08619904518127, 181.0, 245.87473464012146], 'JobIds': ['78944199.0', '78962585.0', '78962832.0'], 'State': 'failed', 'RecordedSite': True, 'Error': [50115, 'BadFWJRXML', {}]}, '312': {'Retries': 2, 'Restarts': 0, 'SiteHistory': ['Unknown', 'T2_IT_Pisa', 'T2_IT_Pisa', 'T2_IT_Pisa', 'T2_IT_Pisa', 'T2_IT_Pisa', 'T2_IT_Pisa'], 'ResidentSetSize': [49580, 5960, 32964], 'SubmitTimes': [1742226532.0, 1742230475.0, 1742230830.0], 'StartTimes': [1742230315.0, 1742230504.0, 1742230842.0], 'EndTimes': [1742230403.0, 1742230699.0, 1742230992.0], 'TotalUserCpuTimeHistory': [38, 54, 39], 'TotalSysCpuTimeHistory': [3, 1, 0], 'WallDurations': [88.0, 150.4199719429016, 150.4199719429016, 195.0, 262.0861990451813, 150.0, 224.87473464012146], 'JobIds': ['78944201.0', '78962576.0', '78962914.0'], 'State': 'failed', 'RecordedSite': True, 'Error': [50115, 'BadFWJRXML', {}]}, '314': {'Retries': 2, 'Restarts': 0, 'SiteHistory': ['Unknown', 'T2_IT_Pisa', 'T2_IT_Pisa', 'T2_IT_Pisa', 'T2_IT_Pisa', 'T2_IT_Pisa', 'T2_IT_Pisa'], 'ResidentSetSize': [70136, 5452, 52124], 'SubmitTimes': [1742226532.0, 1742230496.0, 1742230776.0], 'StartTimes': [1742230316.0, 1742230517.0, 1742230783.0], 'EndTimes': [1742230398.0, 1742230644.0, 1742230904.0], 'TotalUserCpuTimeHistory': [28, 49, 45], 'TotalSysCpuTimeHistory': [0, 0, 3], 'WallDurations': [82.0, 149.4199719429016, 149.4199719429016, 127.0, 249.08619904518127, 121.0, 283.87473464012146], 'JobIds': ['78944203.0', '78962589.0', '78962712.0'], 'State': 'failed', 'RecordedSite': True, 'Error': [50115, 'BadFWJRXML', {}]}, '310': {'Retries': 2, 'Restarts': 0, 'SiteHistory': ['Unknown', 'T2_IT_Pisa', 'T2_IT_Pisa', 'T2_IT_Pisa', 'T2_IT_Pisa', 'T2_IT_Pisa', 'T2_IT_Pisa'], 'ResidentSetSize': [38876, 214704, 4076], 'SubmitTimes': [1742226532.0, 1742230496.0, 1742230766.0], 'StartTimes': [1742230316.0, 1742230520.0, 1742230778.0], 'EndTimes': [1742230424.0, 1742230639.0, 1742230882.0], 'TotalUserCpuTimeHistory': [38, 47, 37], 'TotalSysCpuTimeHistory': [1, 0, 0], 'WallDurations': [108.0, 149.4199719429016, 149.4199719429016, 119.0, 246.08619904518127, 104.0, 288.87473464012146], 'JobIds': ['78944205.0', '78962584.0', '78962705.0'], 'State': 'failed', 'RecordedSite': True, 'Error': [50115, 'BadFWJRXML', {}]}, '302': {'Retries': 2, 'Restarts': 0, 'SiteHistory': ['Unknown', 'T2_IT_Pisa', 'T2_IT_Pisa', 'T2_IT_Pisa', 'T2_IT_Pisa', 'T2_IT_Pisa', 'T2_IT_Pisa'], 'ResidentSetSize': [46448, 38680, 55316], 'SubmitTimes': [1742226532.0, 1742230469.0, 1742230703.0], 'StartTimes': [1742230318.0, 1742230492.0, 1742230715.0], 'EndTimes': [1742230398.0, 1742230578.0, 1742230840.0], 'TotalUserCpuTimeHistory': [30, 31, 54], 'TotalSysCpuTimeHistory': [0, 0, 3], 'WallDurations': [80.0, 147.4199719429016, 147.4199719429016, 86.0, 8.0, 51.086199045181274, 125.0], 'JobIds': ['78944207.0', '78962570.0', '78962681.0'], 'State': 'failed', 'RecordedSite': True, 'Error': [50115, 'BadFWJRXML', {}]}, '316': {'Retries': 2, 'Restarts': 0, 'SiteHistory': ['Unknown', 'T2_IT_Pisa', 'T2_IT_Pisa', 'T2_IT_Pisa', 'T2_IT_Pisa', 'T2_IT_Pisa', 'T2_IT_Pisa'], 'ResidentSetSize': [54592, 188980, 70092], 'SubmitTimes': [1742226532.0, 1742230574.0, 1742230797.0], 'StartTimes': [1742230320.0, 1742230592.0, 1742230824.0], 'EndTimes': [1742230502.0, 1742230672.0, 1742230940.0], 'TotalUserCpuTimeHistory': [50, 36, 42], 'TotalSysCpuTimeHistory': [1, 1, 0], 'WallDurations': [8.0, 145.4199719429016, 182.0, 80.0, 174.08619904518127, 116.0, 242.87473464012146], 'JobIds': ['78944209.0', '78962623.0', '78962826.0'], 'State': 'failed', 'RecordedSite': True, 'Error': [50115, 'BadFWJRXML', {}]}, '311': {'Retries': 2, 'Restarts': 0, 'SiteHistory': ['Unknown', 'T2_IT_Pisa', 'T2_IT_Pisa', 'T2_IT_Pisa', 'T2_IT_Pisa', 'T2_IT_Pisa', 'T2_IT_Pisa'], 'ResidentSetSize': [8444, 62376, 52872], 'SubmitTimes': [1742226532.0, 1742230470.0, 1742230802.0], 'StartTimes': [1742230322.0, 1742230501.0, 1742230825.0], 'EndTimes': [1742230401.0, 1742230675.0, 1742231001.0], 'TotalUserCpuTimeHistory': [16, 23, 31], 'TotalSysCpuTimeHistory': [0, 0, 0], 'WallDurations': [79.0, 143.4199719429016, 143.4199719429016, 174.0, 265.0861990451813, 176.0, 241.87473464012146], 'JobIds': ['78944211.0', '78962573.0', '78962827.0'], 'State': 'failed', 'RecordedSite': True, 'Error': [50115, 'BadFWJRXML', {}]}, '320': {'Retries': 2, 'Restarts': 0, 'SiteHistory': ['Unknown', 'T2_IT_Pisa', 'T2_IT_Pisa', 'T2_IT_Pisa', 'T2_IT_Pisa', 'T2_IT_Pisa', 'T2_IT_Pisa'], 'ResidentSetSize': [299112, 44160, 197180], 'SubmitTimes': [1742226532.0, 1742230547.0, 1742230803.0], 'StartTimes': [1742230324.0, 1742230559.0, 1742230813.0], 'EndTimes': [1742230462.0, 1742230676.0, 1742230937.0], 'TotalUserCpuTimeHistory': [21, 32, 41], 'TotalSysCpuTimeHistory': [0, 0, 2], 'WallDurations': [138.0, 141.4199719429016, 141.4199719429016, 117.0, 207.08619904518127, 124.0, 253.87473464012146], 'JobIds': ['78944213.0', '78962606.0', '78962829.0'], 'State': 'failed', 'RecordedSite': True, 'Error': [50115, 'BadFWJRXML', {}]}, '318': {'Retries': 2, 'Restarts': 0, 'SiteHistory': ['Unknown', 'T2_IT_Pisa', 'T2_IT_Pisa', 'T2_IT_Pisa', 'T2_IT_Pisa', 'T2_IT_Pisa', 'T2_IT_Pisa'], 'ResidentSetSize': [200332, 38472, 215736], 'SubmitTimes': [1742226532.0, 1742230569.0, 1742230814.0], 'StartTimes': [1742230325.0, 1742230601.0, 1742230836.0], 'EndTimes': [1742230483.0, 1742230686.0, 1742230928.0], 'TotalUserCpuTimeHistory': [47, 35, 28], 'TotalSysCpuTimeHistory': [2, 0, 0], 'WallDurations': [8.0, 140.4199719429016, 158.0, 85.0, 165.08619904518127, 92.0, 230.87473464012146], 'JobIds': ['78944215.0', '78962622.0', '78962835.0'], 'State': 'failed', 'RecordedSite': True, 'Error': [50115, 'BadFWJRXML', {}]}, '317': {'Retries': 2, 'Restarts': 0, 'SiteHistory': ['Unknown', 'T2_IT_Pisa', 'T2_IT_Pisa', 'T2_IT_Pisa', 'T2_IT_Pisa', 'T2_IT_Pisa', 'T2_IT_Pisa'], 'ResidentSetSize': [9216, 17840, 33008], 'SubmitTimes': [1742226532.0, 1742230547.0, 1742230831.0], 'StartTimes': [1742230324.0, 1742230582.0, 1742230852.0], 'EndTimes': [1742230463.0, 1742230701.0, 1742230992.0], 'TotalUserCpuTimeHistory': [20, 22, 54], 'TotalSysCpuTimeHistory': [0, 0, 1], 'WallDurations': [139.0, 141.4199719429016, 141.4199719429016, 119.0, 184.08619904518127, 140.0, 214.87473464012146], 'JobIds': ['78944216.0', '78962610.0', '78962916.0'], 'State': 'failed', 'RecordedSite': True, 'Error': [50115, 'BadFWJRXML', {}]}, '321': {'Retries': 2, 'Restarts': 0, 'SiteHistory': ['Unknown', 'T2_IT_Pisa', 'T2_IT_Pisa', 'T2_IT_Pisa', 'T2_IT_Pisa', 'T2_IT_Pisa', 'T2_IT_Pisa'], 'ResidentSetSize': [38596, 4080, 35328], 'SubmitTimes': [1742226532.0, 1742230579.0, 1742230929.0], 'StartTimes': [1742230328.0, 1742230618.0, 1742230941.0], 'EndTimes': [1742230434.0, 1742230799.0, 1742231069.0], 'TotalUserCpuTimeHistory': [43, 46, 36], 'TotalSysCpuTimeHistory': [3, 0, 1], 'WallDurations': [106.0, 137.4199719429016, 137.4199719429016, 10.0, 181.0, 9.0, 128.0], 'JobIds': ['78944217.0', '78962631.0', '78963239.0'], 'State': 'failed', 'RecordedSite': True, 'Error': [50115, 'BadFWJRXML', {}]}, '319': {'Retries': 2, 'Restarts': 0, 'SiteHistory': ['Unknown', 'T2_IT_Pisa', 'T2_IT_Pisa', 'T2_IT_Pisa', 'T2_IT_Pisa', 'T2_IT_Pisa', 'T2_IT_Pisa'], 'ResidentSetSize': [63744, 51488, 4080], 'SubmitTimes': [1742226532.0, 1742230496.0, 1742230791.0], 'StartTimes': [1742230330.0, 1742230522.0, 1742230803.0], 'EndTimes': [1742230415.0, 1742230662.0, 1742230975.0], 'TotalUserCpuTimeHistory': [39, 56, 48], 'TotalSysCpuTimeHistory': [2, 3, 0], 'WallDurations': [85.0, 135.4199719429016, 135.4199719429016, 140.0, 244.08619904518127, 172.0, 263.87473464012146], 'JobIds': ['78944218.0', '78962588.0', '78962820.0'], 'State': 'failed', 'RecordedSite': True, 'Error': [50115, 'BadFWJRXML', {}]}, '322': {'Retries': 2, 'Restarts': 0, 'SiteHistory': ['Unknown', 'T2_IT_Pisa', 'T2_IT_Pisa', 'T2_IT_Pisa', 'T2_IT_Pisa', 'T2_IT_Pisa', 'T2_IT_Pisa'], 'ResidentSetSize': [5124, 51696, 50040], 'SubmitTimes': [1742226532.0, 1742230547.0, 1742230786.0], 'StartTimes': [1742230338.0, 1742230559.0, 1742230791.0], 'EndTimes': [1742230478.0, 1742230656.0, 1742230893.0], 'TotalUserCpuTimeHistory': [28, 24, 45], 'TotalSysCpuTimeHistory': [1, 0, 0], 'WallDurations': [9.0, 127.41997194290161, 140.0, 97.0, 207.08619904518127, 102.0, 275.87473464012146], 'JobIds': ['78944219.0', '78962609.0', '78962782.0'], 'State': 'failed', 'RecordedSite': True, 'Error': [50115, 'BadFWJRXML', {}]}, '331': {'Retries': 2, 'Restarts': 0, 'SiteHistory': ['Unknown', 'T2_IT_Pisa', 'T2_IT_Pisa', 'T2_IT_Pisa', 'T2_IT_Pisa', 'T2_IT_Pisa', 'T2_IT_Pisa'], 'ResidentSetSize': [35036, 4228, 123920], 'SubmitTimes': [1742226532.0, 1742230547.0, 1742230867.0], 'StartTimes': [1742230339.0, 1742230575.0, 1742230875.0], 'EndTimes': [1742230476.0, 1742230736.0, 1742230968.0], 'TotalUserCpuTimeHistory': [27, 28, 36], 'TotalSysCpuTimeHistory': [0, 1, 0], 'WallDurations': [10.0, 126.41997194290161, 137.0, 161.0, 191.08619904518127, 93.0, 191.87473464012146], 'JobIds': ['78944220.0', '78962607.0', '78963092.0'], 'State': 'failed', 'RecordedSite': True, 'Error': [50115, 'BadFWJRXML', {}]}, '330': {'Retries': 2, 'Restarts': 0, 'SiteHistory': ['Unknown', 'T2_IT_Pisa', 'T2_IT_Pisa', 'T2_IT_Pisa', 'T2_IT_Pisa', 'T2_IT_Pisa', 'T2_IT_Pisa'], 'ResidentSetSize': [22684, 208912, 3020], 'SubmitTimes': [1742226532.0, 1742230547.0, 1742230802.0], 'StartTimes': [1742230341.0, 1742230574.0, 1742230831.0], 'EndTimes': [1742230477.0, 1742230673.0, 1742231001.0], 'TotalUserCpuTimeHistory': [38, 40, 18], 'TotalSysCpuTimeHistory': [0, 2, 0], 'WallDurations': [8.0, 124.41997194290161, 136.0, 99.0, 192.08619904518127, 170.0, 235.87473464012146], 'JobIds': ['78944221.0', '78962608.0', '78962828.0'], 'State': 'failed', 'RecordedSite': True, 'Error': [50115, 'BadFWJRXML', {}]}, '325': {'Retries': 2, 'Restarts': 0, 'SiteHistory': ['Unknown', 'T2_IT_Pisa', 'T2_IT_Pisa', 'T2_IT_Pisa', 'T2_IT_Pisa', 'T2_IT_Pisa', 'T2_IT_Pisa'], 'ResidentSetSize': [69844, 45448, 211216], 'SubmitTimes': [1742226532.0, 1742230486.0, 1742230718.0], 'StartTimes': [1742230342.0, 1742230506.0, 1742230722.0], 'EndTimes': [1742230420.0, 1742230589.0, 1742230856.0], 'TotalUserCpuTimeHistory': [27, 43, 41], 'TotalSysCpuTimeHistory': [0, 1, 1], 'WallDurations': [78.0, 123.41997194290161, 123.41997194290161, 83.0, 10.0, 44.086199045181274, 134.0], 'JobIds': ['78944222.0', '78962580.0', '78962684.0'], 'State': 'failed', 'RecordedSite': True, 'Error': [50115, 'BadFWJRXML', {}]}, '341': {'Retries': 2, 'Restarts': 0, 'SiteHistory': ['Unknown', 'T2_IT_Pisa', 'T2_IT_Pisa', 'T2_IT_Pisa', 'T2_IT_Pisa', 'T2_IT_Pisa', 'T2_IT_Pisa'], 'ResidentSetSize': [96440, 54828, 215880], 'SubmitTimes': [1742226532.0, 1742230522.0, 1742230940.0], 'StartTimes': [1742230357.0, 1742230550.0, 1742230953.0], 'EndTimes': [1742230455.0, 1742230662.0, 1742231034.0], 'TotalUserCpuTimeHistory': [27, 50, 29], 'TotalSysCpuTimeHistory': [0, 0, 1], 'WallDurations': [98.0, 108.41997194290161, 108.41997194290161, 112.0, 216.08619904518127, 81.0, 113.87473464012146], 'JobIds': ['78944223.0', '78962594.0', '78963246.0'], 'State': 'failed', 'RecordedSite': True, 'Error': [50115, 'BadFWJRXML', {}]}, '324': {'Retries': 2, 'Restarts': 0, 'SiteHistory': ['Unknown', 'T2_IT_Pisa', 'T2_IT_Pisa', 'T2_IT_Pisa', 'T2_IT_Pisa', 'T2_IT_Pisa', 'T2_IT_Pisa'], 'ResidentSetSize': [96448, 46112, 62420], 'SubmitTimes': [1742226532.0, 1742230537.0, 1742230803.0], 'StartTimes': [1742230359.0, 1742230578.0, 1742230821.0], 'EndTimes': [1742230455.0, 1742230674.0, 1742231002.0], 'TotalUserCpuTimeHistory': [28, 13, 41], 'TotalSysCpuTimeHistory': [0, 0, 0], 'WallDurations': [96.0, 106.41997194290161, 106.41997194290161, 96.0, 188.08619904518127, 181.0, 245.87473464012146], 'JobIds': ['78944224.0', '78962603.0', '78962830.0'], 'State': 'failed', 'RecordedSite': True, 'Error': [50115, 'BadFWJRXML', {}]}, '333': {'Retries': 2, 'Restarts': 0, 'SiteHistory': ['Unknown', 'T2_IT_Pisa', 'T2_IT_Pisa', 'T2_IT_Pisa', 'T2_IT_Pisa', 'T2_IT_Pisa', 'T2_IT_Pisa'], 'ResidentSetSize': [198224, 32624, 73156], 'SubmitTimes': [1742226533.0, 1742230532.0, 1742230781.0], 'StartTimes': [1742230355.0, 1742230540.0, 1742230792.0], 'EndTimes': [1742230461.0, 1742230655.0, 1742230909.0], 'TotalUserCpuTimeHistory': [44, 47, 45], 'TotalSysCpuTimeHistory': [2, 1, 3], 'WallDurations': [106.0, 110.41997194290161, 110.41997194290161, 115.0, 226.08619904518127, 117.0, 274.87473464012146], 'JobIds': ['78944225.0', '78962601.0', '78962732.0'], 'State': 'failed', 'RecordedSite': True, 'Error': [50115, 'BadFWJRXML', {}]}, '329': {'Retries': 2, 'Restarts': 0, 'SiteHistory': ['Unknown', 'T2_IT_Pisa', 'T2_IT_Pisa', 'T2_IT_Pisa', 'T2_IT_Pisa', 'T2_IT_Pisa', 'T2_IT_Pisa'], 'ResidentSetSize': [47308, 53900, 93396], 'SubmitTimes': [1742226533.0, 1742230585.0, 1742230924.0], 'StartTimes': [1742230370.0, 1742230618.0, 1742230936.0], 'EndTimes': [1742230514.0, 1742230796.0, 1742231023.0], 'TotalUserCpuTimeHistory': [37, 48, 22], 'TotalSysCpuTimeHistory': [0, 0, 0], 'WallDurations': [9.0, 95.41997194290161, 144.0, 9.0, 178.0, 87.0, 130.87473464012146], 'JobIds': ['78944226.0', '78962632.0', '78963236.0'], 'State': 'failed', 'RecordedSite': True, 'Error': [50115, 'BadFWJRXML', {}]}, '332': {'Retries': 2, 'Restarts': 0, 'SiteHistory': ['Unknown', 'T2_IT_Pisa', 'T2_IT_Pisa', 'T2_IT_Pisa', 'T2_IT_Pisa', 'T2_IT_Pisa', 'T2_IT_Pisa'], 'ResidentSetSize': [34780, 215720, 210240], 'SubmitTimes': [1742226533.0, 1742230627.0, 1742230887.0], 'StartTimes': [1742230393.0, 1742230662.0, 1742230898.0], 'EndTimes': [1742230558.0, 1742230756.0, 1742231011.0], 'TotalUserCpuTimeHistory': [31, 27, 45], 'TotalSysCpuTimeHistory': [0, 0, 0], 'WallDurations': [9.0, 72.41997194290161, 165.0, 94.0, 104.08619904518127, 113.0, 168.87473464012146], 'JobIds': ['78944227.0', '78962657.0', '78963198.0'], 'State': 'failed', 'RecordedSite': True, 'Error': [50115, 'BadFWJRXML', {}]}, '327': {'Retries': 2, 'Restarts': 0, 'SiteHistory': ['Unknown', 'T2_IT_Pisa', 'T2_IT_Pisa', 'T2_IT_Pisa', 'T2_IT_Pisa', 'T2_IT_Pisa', 'T2_IT_Pisa'], 'ResidentSetSize': [65396, 38868, 38680], 'SubmitTimes': [1742226533.0, 1742230590.0, 1742230882.0], 'StartTimes': [1742230378.0, 1742230623.0, 1742230891.0], 'EndTimes': [1742230521.0, 1742230754.0, 1742231011.0], 'TotalUserCpuTimeHistory': [54, 43, 32], 'TotalSysCpuTimeHistory': [1, 2, 0], 'WallDurations': [8.0, 87.41997194290161, 143.0, 131.0, 143.08619904518127, 120.0, 175.87473464012146], 'JobIds': ['78944228.0', '78962634.0', '78963195.0'], 'State': 'failed', 'RecordedSite': True, 'Error': [50115, 'BadFWJRXML', {}]}, '326': {'Retries': 2, 'Restarts': 0, 'SiteHistory': ['Unknown', 'T2_IT_Pisa', 'T2_IT_Pisa', 'T2_IT_Pisa', 'T2_IT_Pisa', 'T2_IT_Pisa', 'T2_IT_Pisa'], 'ResidentSetSize': [37192, 39248, 44116], 'SubmitTimes': [1742226533.0, 1742230627.0, 1742230945.0], 'StartTimes': [1742230377.0, 1742230666.0, 1742230956.0], 'EndTimes': [1742230483.0, 1742230756.0, 1742231031.0], 'TotalUserCpuTimeHistory': [24, 37, 27], 'TotalSysCpuTimeHistory': [0, 0, 1], 'WallDurations': [8.0, 88.41997194290161, 106.0, 90.0, 100.08619904518127, 75.0, 110.87473464012146], 'JobIds': ['78944229.0', '78962659.0', '78963250.0'], 'State': 'failed', 'RecordedSite': True, 'Error': [50115, 'BadFWJRXML', {}]}, '339': {'Retries': 2, 'Restarts': 0, 'SiteHistory': ['Unknown', 'T2_IT_Pisa', 'T2_IT_Pisa', 'T2_IT_Pisa', 'T2_IT_Pisa', 'T2_IT_Pisa', 'T2_IT_Pisa'], 'ResidentSetSize': [301756, 7556, 51720], 'SubmitTimes': [1742226533.0, 1742230590.0, 1742230904.0], 'StartTimes': [1742230391.0, 1742230627.0, 1742230927.0], 'EndTimes': [1742230520.0, 1742230773.0, 1742231053.0], 'TotalUserCpuTimeHistory': [20, 33, 39], 'TotalSysCpuTimeHistory': [0, 0, 1], 'WallDurations': [9.0, 74.41997194290161, 129.0, 9.0, 146.0, 126.0, 139.87473464012146], 'JobIds': ['78944230.0', '78962635.0', '78963224.0'], 'State': 'failed', 'RecordedSite': True}, '338': {'Retries': 2, 'Restarts': 0, 'SiteHistory': ['Unknown', 'T2_IT_Pisa', 'T2_IT_Pisa', 'T2_IT_Pisa', 'T2_IT_Pisa', 'T2_IT_Pisa', 'T2_IT_Pisa'], 'ResidentSetSize': [7892, 68552, 56756], 'SubmitTimes': [1742226533.0, 1742230558.0, 1742230791.0], 'StartTimes': [1742230394.0, 1742230579.0, 1742230806.0], 'EndTimes': [1742230479.0, 1742230662.0, 1742230915.0], 'TotalUserCpuTimeHistory': [17, 44, 50], 'TotalSysCpuTimeHistory': [0, 0, 3], 'WallDurations': [9.0, 71.41997194290161, 85.0, 83.0, 187.08619904518127, 109.0, 260.87473464012146], 'JobIds': ['78944231.0', '78962617.0', '78962821.0'], 'State': 'failed', 'RecordedSite': True, 'Error': [50115, 'BadFWJRXML', {}]}, '337': {'Retries': 2, 'Restarts': 0, 'SiteHistory': ['Unknown', 'T2_IT_Pisa', 'T2_IT_Pisa', 'T2_IT_Pisa', 'T2_IT_Pisa', 'T2_IT_Pisa', 'T2_IT_Pisa'], 'ResidentSetSize': [44144, 73524, 52108], 'SubmitTimes': [1742226533.0, 1742230607.0, 1742230892.0], 'StartTimes': [1742230416.0, 1742230647.0, 1742230906.0], 'EndTimes': [1742230539.0, 1742230764.0, 1742231025.0], 'TotalUserCpuTimeHistory': [37, 47, 38], 'TotalSysCpuTimeHistory': [0, 0, 3], 'WallDurations': [9.0, 49.41997194290161, 123.0, 117.0, 119.08619904518127, 119.0, 160.87473464012146], 'JobIds': ['78944232.0', '78962647.0', '78963205.0'], 'State': 'failed', 'RecordedSite': True, 'Error': [50115, 'BadFWJRXML', {}]}, '340': {'Retries': 2, 'Restarts': 0, 'SiteHistory': ['Unknown', 'T2_IT_Pisa', 'T2_IT_Pisa', 'T2_IT_Pisa', 'T2_IT_Pisa', 'T2_IT_Pisa', 'T2_IT_Pisa'], 'ResidentSetSize': [150736, 150548, 38084], 'SubmitTimes': [1742226533.0, 1742230642.0, 1742230924.0], 'StartTimes': [1742230401.0, 1742230664.0, 1742230935.0], 'EndTimes': [1742230572.0, 1742230792.0, 1742231023.0], 'TotalUserCpuTimeHistory': [22, 49, 24], 'TotalSysCpuTimeHistory': [0, 3, 0], 'WallDurations': [9.0, 64.41997194290161, 171.0, 10.0, 128.0, 88.0, 131.87473464012146], 'JobIds': ['78944233.0', '78962668.0', '78963235.0'], 'State': 'failed', 'RecordedSite': True, 'Error': [50115, 'BadFWJRXML', {}]}, '323': {'Retries': 2, 'Restarts': 0, 'SiteHistory': ['Unknown', 'T2_IT_Pisa', 'T2_IT_Pisa', 'T2_IT_Pisa', 'T2_IT_Pisa', 'T2_IT_Pisa', 'T2_IT_Pisa'], 'ResidentSetSize': [4068, 12304, 69636], 'SubmitTimes': [1742226533.0, 1742230595.0, 1742230903.0], 'StartTimes': [1742230400.0, 1742230626.0, 1742230933.0], 'EndTimes': [1742230525.0, 1742230772.0, 1742231069.0], 'TotalUserCpuTimeHistory': [50, 39, 48], 'TotalSysCpuTimeHistory': [3, 0, 3], 'WallDurations': [8.0, 65.41997194290161, 125.0, 8.0, 146.0, 9.0, 136.0], 'JobIds': ['78944234.0', '78962637.0', '78963223.0'], 'State': 'failed', 'RecordedSite': True, 'Error': [50115, 'BadFWJRXML', {}]}, '328': {'Retries': 2, 'Restarts': 0, 'SiteHistory': ['Unknown', 'T2_IT_Pisa', 'T2_IT_Pisa', 'T2_IT_Pisa', 'T2_IT_Pisa', 'T2_IT_Pisa', 'T2_IT_Pisa'], 'ResidentSetSize': [3620, 38660, 36652], 'SubmitTimes': [1742226533.0, 1742230642.0, 1742230909.0], 'StartTimes': [1742230401.0, 1742230666.0, 1742230931.0], 'EndTimes': [1742230572.0, 1742230758.0, 1742231050.0], 'TotalUserCpuTimeHistory': [20, 34, 37], 'TotalSysCpuTimeHistory': [0, 0, 1], 'WallDurations': [8.0, 64.41997194290161, 171.0, 92.0, 100.08619904518127, 119.0, 135.87473464012146], 'JobIds': ['78944235.0', '78962670.0', '78963227.0'], 'State': 'failed', 'RecordedSite': True}, '334': {'Retries': 2, 'Restarts': 0, 'SiteHistory': ['Unknown', 'T2_IT_Pisa', 'T2_IT_Pisa', 'T2_IT_Pisa', 'T2_IT_Pisa', 'T2_IT_Pisa', 'T2_IT_Pisa'], 'ResidentSetSize': [38660, 70612, 49140], 'SubmitTimes': [1742226533.0, 1742230563.0, 1742230791.0], 'StartTimes': [1742230411.0, 1742230580.0, 1742230804.0], 'EndTimes': [1742230493.0, 1742230662.0, 1742230929.0], 'TotalUserCpuTimeHistory': [30, 33, 41], 'TotalSysCpuTimeHistory': [0, 0, 0], 'WallDurations': [9.0, 54.41997194290161, 82.0, 82.0, 186.08619904518127, 125.0, 262.87473464012146], 'JobIds': ['78944236.0', '78962618.0', '78962822.0'], 'State': 'failed', 'RecordedSite': True, 'Error': [50115, 'BadFWJRXML', {}]}, '336': {'Retries': 2, 'Restarts': 0, 'SiteHistory': ['Unknown', 'T2_IT_Pisa', 'T2_IT_Pisa', 'T2_IT_Pisa', 'T2_IT_Pisa', 'T2_IT_Pisa', 'T2_IT_Pisa'], 'ResidentSetSize': [70464, 12460, 3236], 'SubmitTimes': [1742226533.0, 1742230595.0, 1742230903.0], 'StartTimes': [1742230409.0, 1742230625.0, 1742230926.0], 'EndTimes': [1742230490.0, 1742230773.0, 1742231060.0], 'TotalUserCpuTimeHistory': [34, 29, 42], 'TotalSysCpuTimeHistory': [0, 1, 1], 'WallDurations': [8.0, 56.41997194290161, 81.0, 8.0, 148.0, 134.0, 140.87473464012146], 'JobIds': ['78944237.0', '78962639.0', '78963219.0'], 'State': 'failed', 'RecordedSite': True}, '344': {'Retries': 2, 'Restarts': 0, 'SiteHistory': ['Unknown', 'T2_IT_Pisa', 'T2_IT_Pisa', 'T2_IT_Pisa', 'T2_IT_Pisa', 'T2_IT_Pisa', 'T2_IT_Pisa'], 'ResidentSetSize': [11684, 91844, 12476], 'SubmitTimes': [1742226533.0, 1742230579.0, 1742230862.0], 'StartTimes': [1742230410.0, 1742230607.0, 1742230879.0], 'EndTimes': [1742230494.0, 1742230731.0, 1742230992.0], 'TotalUserCpuTimeHistory': [31, 28, 45], 'TotalSysCpuTimeHistory': [0, 0, 0], 'WallDurations': [9.0, 55.41997194290161, 84.0, 124.0, 159.08619904518127, 113.0, 187.87473464012146], 'JobIds': ['78944238.0', '78962628.0', '78963039.0'], 'State': 'failed', 'RecordedSite': True, 'Error': [50115, 'BadFWJRXML', {}]}, '335': {'Retries': 2, 'Restarts': 0, 'SiteHistory': ['Unknown', 'T2_IT_Pisa', 'T2_IT_Pisa', 'T2_IT_Pisa', 'T2_IT_Pisa', 'T2_IT_Pisa', 'T2_IT_Pisa'], 'ResidentSetSize': [70576, 44660, 49256], 'SubmitTimes': [1742226533.0, 1742230558.0, 1742230820.0], 'StartTimes': [1742230406.0, 1742230569.0, 1742230830.0], 'EndTimes': [1742230489.0, 1742230692.0, 1742230991.0], 'TotalUserCpuTimeHistory': [36, 35, 48], 'TotalSysCpuTimeHistory': [0, 0, 0], 'WallDurations': [8.0, 59.41997194290161, 83.0, 123.0, 197.08619904518127, 161.0, 236.87473464012146], 'JobIds': ['78944239.0', '78962613.0', '78962836.0'], 'State': 'failed', 'RecordedSite': True, 'Error': [50115, 'BadFWJRXML', {}]}, '347': {'Retries': 2, 'Restarts': 0, 'SiteHistory': ['Unknown', 'T2_IT_Pisa', 'T2_IT_Pisa', 'T2_IT_Pisa', 'T2_IT_Pisa', 'T2_IT_Pisa', 'T2_IT_Pisa'], 'ResidentSetSize': [44668, 72900, 54136], 'SubmitTimes': [1742226533.0, 1742230590.0, 1742230887.0], 'StartTimes': [1742230402.0, 1742230623.0, 1742230909.0], 'EndTimes': [1742230521.0, 1742230760.0, 1742231019.0], 'TotalUserCpuTimeHistory': [42, 46, 42], 'TotalSysCpuTimeHistory': [3, 3, 1], 'WallDurations': [8.0, 63.41997194290161, 119.0, 137.0, 143.08619904518127, 110.0, 157.87473464012146], 'JobIds': ['78944240.0', '78962633.0', '78963199.0'], 'State': 'failed', 'RecordedSite': True, 'Error': [50115, 'BadFWJRXML', {}]}, '345': {'Retries': 2, 'Restarts': 0, 'SiteHistory': ['Unknown', 'T2_IT_Pisa', 'T2_IT_Pisa', 'T2_IT_Pisa', 'T2_IT_Pisa', 'T2_IT_Pisa', 'T2_IT_Pisa'], 'ResidentSetSize': [53324, 48912, 68496], 'SubmitTimes': [1742226534.0, 1742230600.0, 1742230898.0], 'StartTimes': [1742230405.0, 1742230646.0, 1742230912.0], 'EndTimes': [1742230528.0, 1742230767.0, 1742231043.0], 'TotalUserCpuTimeHistory': [46, 34, 39], 'TotalSysCpuTimeHistory': [0, 0, 2], 'WallDurations': [9.0, 60.41997194290161, 123.0, 9.0, 121.0, 131.0, 154.87473464012146], 'JobIds': ['78944241.0', '78962643.0', '78963215.0'], 'State': 'failed', 'RecordedSite': True, 'Error': [50115, 'BadFWJRXML', {}]}, '346': {'Retries': 2, 'Restarts': 0, 'SiteHistory': ['Unknown', 'T2_IT_Pisa', 'T2_IT_Pisa', 'T2_IT_Pisa', 'T2_IT_Pisa', 'T2_IT_Pisa', 'T2_IT_Pisa'], 'ResidentSetSize': [17852, 37732, 59904], 'SubmitTimes': [1742226534.0, 1742230642.0, 1742230903.0], 'StartTimes': [1742230405.0, 1742230666.0, 1742230915.0], 'EndTimes': [1742230573.0, 1742230773.0, 1742231055.0], 'TotalUserCpuTimeHistory': [47, 41, 22], 'TotalSysCpuTimeHistory': [2, 0, 0], 'WallDurations': [9.0, 60.41997194290161, 168.0, 9.0, 107.0, 140.0, 151.87473464012146], 'JobIds': ['78944242.0', '78962669.0', '78963221.0'], 'State': 'failed', 'RecordedSite': True}, '342': {'Retries': 2, 'Restarts': 0, 'SiteHistory': ['Unknown', 'T2_IT_Pisa', 'T2_IT_Pisa', 'T2_IT_Pisa', 'T2_IT_Pisa', 'T2_IT_Pisa', 'T2_IT_Pisa'], 'ResidentSetSize': [215780, 12304, 44624], 'SubmitTimes': [1742226534.0, 1742230595.0, 1742230903.0], 'StartTimes': [1742230406.0, 1742230623.0, 1742230920.0], 'EndTimes': [1742230522.0, 1742230772.0, 1742231054.0], 'TotalUserCpuTimeHistory': [30, 28, 55], 'TotalSysCpuTimeHistory': [2, 0, 3], 'WallDurations': [8.0, 59.41997194290161, 116.0, 9.0, 149.0, 134.0, 146.87473464012146], 'JobIds': ['78944243.0', '78962636.0', '78963222.0'], 'State': 'failed', 'RecordedSite': True}, '352': {'Retries': 2, 'Restarts': 0, 'SiteHistory': ['Unknown', 'T2_IT_Pisa', 'T2_IT_Pisa', 'T2_IT_Pisa', 'T2_IT_Pisa', 'T2_IT_Pisa', 'T2_IT_Pisa'], 'ResidentSetSize': [52524, 19100, 38680], 'SubmitTimes': [1742226534.0, 1742230600.0, 1742230882.0], 'StartTimes': [1742230419.0, 1742230631.0, 1742230890.0], 'EndTimes': [1742230527.0, 1742230755.0, 1742231012.0], 'TotalUserCpuTimeHistory': [37, 37, 33], 'TotalSysCpuTimeHistory': [2, 1, 0], 'WallDurations': [8.0, 46.41997194290161, 108.0, 124.0, 135.08619904518127, 122.0, 176.87473464012146], 'JobIds': ['78944244.0', '78962642.0', '78963196.0'], 'State': 'failed', 'RecordedSite': True, 'Error': [50115, 'BadFWJRXML', {}]}, '349': {'Retries': 2, 'Restarts': 0, 'SiteHistory': ['Unknown', 'T2_IT_Pisa', 'T2_IT_Pisa', 'T2_IT_Pisa', 'T2_IT_Pisa', 'T2_IT_Pisa', 'T2_IT_Pisa'], 'ResidentSetSize': [101864, 38676, 38476], 'SubmitTimes': [1742226534.0, 1742230607.0, 1742230897.0], 'StartTimes': [1742230420.0, 1742230649.0, 1742230911.0], 'EndTimes': [1742230539.0, 1742230766.0, 1742231034.0], 'TotalUserCpuTimeHistory': [46, 43, 42], 'TotalSysCpuTimeHistory': [0, 0, 0], 'WallDurations': [9.0, 45.41997194290161, 119.0, 8.0, 117.0, 123.0, 155.87473464012146], 'JobIds': ['78944245.0', '78962648.0', '78963214.0'], 'State': 'failed', 'RecordedSite': True, 'Error': [50115, 'BadFWJRXML', {}]}, '350': {'Retries': 2, 'Restarts': 0, 'SiteHistory': ['Unknown', 'T2_IT_Pisa', 'T2_IT_Pisa', 'T2_IT_Pisa', 'T2_IT_Pisa', 'T2_IT_Pisa', 'T2_IT_Pisa'], 'ResidentSetSize': [50288, 63756, 43036], 'SubmitTimes': [1742226534.0, 1742230600.0, 1742230945.0], 'StartTimes': [1742230429.0, 1742230631.0, 1742230954.0], 'EndTimes': [1742230531.0, 1742230817.0, 1742231031.0], 'TotalUserCpuTimeHistory': [28, 54, 31], 'TotalSysCpuTimeHistory': [0, 1, 1], 'WallDurations': [9.0, 36.41997194290161, 102.0, 8.0, 186.0, 77.0, 112.87473464012146], 'JobIds': ['78944246.0', '78962641.0', '78963251.0'], 'State': 'failed', 'RecordedSite': True, 'Error': [50115, 'BadFWJRXML', {}]}, '353': {'Retries': 2, 'Restarts': 0, 'SiteHistory': ['Unknown', 'T2_IT_Pisa', 'T2_IT_Pisa', 'T2_IT_Pisa', 'T2_IT_Pisa', 'T2_IT_Pisa', 'T2_IT_Pisa'], 'ResidentSetSize': [8112, 56024, 207980], 'SubmitTimes': [1742226534.0, 1742230617.0, 1742230977.0], 'StartTimes': [1742230436.0, 1742230651.0, 1742230992.0], 'EndTimes': [1742230551.0, 1742230852.0, 1742231119.0], 'TotalUserCpuTimeHistory': [41, 23, 37], 'TotalSysCpuTimeHistory': [0, 0, 1], 'WallDurations': [8.0, 29.41997194290161, 115.0, 8.0, 201.0, 9.0, 127.0], 'JobIds': ['78944247.0', '78962651.0', '78963274.0'], 'State': 'failed', 'RecordedSite': True, 'Error': [50115, 'BadFWJRXML', {}]}, '343': {'Retries': 2, 'Restarts': 0, 'SiteHistory': ['Unknown', 'T2_IT_Pisa', 'T2_IT_Pisa', 'T2_IT_Pisa', 'T2_IT_Pisa', 'T2_IT_Pisa', 'T2_IT_Pisa'], 'ResidentSetSize': [37488, 60824, 63744], 'SubmitTimes': [1742226534.0, 1742230622.0, 1742230898.0], 'StartTimes': [1742230446.0, 1742230662.0, 1742230910.0], 'EndTimes': [1742230557.0, 1742230769.0, 1742231090.0], 'TotalUserCpuTimeHistory': [45, 38, 46], 'TotalSysCpuTimeHistory': [0, 0, 0], 'WallDurations': [8.0, 19.41997194290161, 111.0, 9.0, 107.0, 9.0, 180.0], 'JobIds': ['78944248.0', '78962655.0', '78963216.0'], 'State': 'failed', 'RecordedSite': True, 'Error': [50115, 'BadFWJRXML', {}]}, '358': {'Retries': 2, 'Restarts': 0, 'SiteHistory': ['Unknown', 'T2_IT_Pisa', 'T2_IT_Pisa', 'T2_IT_Pisa', 'T2_IT_Pisa', 'T2_IT_Pisa', 'T2_IT_Pisa'], 'ResidentSetSize': [39408, 208124, 60356], 'SubmitTimes': [1742226534.0, 1742230637.0, 1742230909.0], 'StartTimes': [1742230429.0, 1742230661.0, 1742230947.0], 'EndTimes': [1742230565.0, 1742230780.0, 1742231034.0], 'TotalUserCpuTimeHistory': [53, 44, 21], 'TotalSysCpuTimeHistory': [3, 3, 0], 'WallDurations': [8.0, 36.41997194290161, 136.0, 8.0, 119.0, 87.0, 119.87473464012146], 'JobIds': ['78944249.0', '78962666.0', '78963226.0'], 'State': 'failed', 'RecordedSite': True, 'Error': [50115, 'BadFWJRXML', {}]}, '360': {'Retries': 2, 'Restarts': 0, 'SiteHistory': ['Unknown', 'T2_IT_Pisa', 'T2_IT_Pisa', 'T2_IT_Pisa', 'T2_IT_Pisa', 'T2_IT_Pisa', 'T2_IT_Pisa'], 'ResidentSetSize': [46444, 215720, 8112], 'SubmitTimes': [1742226534.0, 1742230622.0, 1742230903.0], 'StartTimes': [1742230445.0, 1742230660.0, 1742230915.0], 'EndTimes': [1742230557.0, 1742230771.0, 1742231034.0], 'TotalUserCpuTimeHistory': [47, 39, 36], 'TotalSysCpuTimeHistory': [0, 0, 0], 'WallDurations': [9.0, 20.41997194290161, 112.0, 9.0, 111.0, 119.0, 151.87473464012146], 'JobIds': ['78944250.0', '78962656.0', '78963220.0'], 'State': 'failed', 'RecordedSite': True, 'Error': [50115, 'BadFWJRXML', {}]}, '362': {'Retries': 2, 'Restarts': 0, 'SiteHistory': ['Unknown', 'T2_IT_Pisa', 'T2_IT_Pisa', 'T2_IT_Pisa', 'T2_IT_Pisa', 'T2_IT_Pisa', 'T2_IT_Pisa'], 'ResidentSetSize': [20412, 55128, 65228], 'SubmitTimes': [1742226534.0, 1742230683.0, 1742230929.0], 'StartTimes': [1742230433.0, 1742230690.0, 1742230941.0], 'EndTimes': [1742230614.0, 1742230799.0, 1742231057.0], 'TotalUserCpuTimeHistory': [49, 54, 49], 'TotalSysCpuTimeHistory': [1, 3, 3], 'WallDurations': [9.0, 32.41997194290161, 181.0, 8.0, 109.0, 116.0, 125.87473464012146], 'JobIds': ['78944251.0', '78962675.0', '78963238.0'], 'State': 'failed', 'RecordedSite': True}, '363': {'Retries': 2, 'Restarts': 0, 'SiteHistory': ['Unknown', 'T2_IT_Pisa', 'T2_IT_Pisa', 'T2_IT_Pisa', 'T2_IT_Pisa', 'T2_IT_Pisa', 'T2_IT_Pisa'], 'ResidentSetSize': [20272, 212316, 53060], 'SubmitTimes': [1742226535.0, 1742230683.0, 1742230971.0], 'StartTimes': [1742230434.0, 1742230692.0, 1742230998.0], 'EndTimes': [1742230613.0, 1742230839.0, 1742231112.0], 'TotalUserCpuTimeHistory': [48, 53, 15], 'TotalSysCpuTimeHistory': [0, 1, 0], 'WallDurations': [8.0, 31.41997194290161, 179.0, 9.0, 147.0, 8.0, 114.0], 'JobIds': ['78944252.0', '78962678.0', '78963267.0'], 'State': 'failed', 'RecordedSite': True, 'Error': [50115, 'BadFWJRXML', {}]}, '359': {'Retries': 2, 'Restarts': 0, 'SiteHistory': ['Unknown', 'T2_IT_Pisa', 'T2_IT_Pisa', 'T2_IT_Pisa', 'T2_IT_Pisa', 'T2_IT_Pisa', 'T2_IT_Pisa'], 'ResidentSetSize': [38636, 38656, 73304], 'SubmitTimes': [1742226535.0, 1742230607.0, 1742230892.0], 'StartTimes': [1742230437.0, 1742230648.0, 1742230908.0], 'EndTimes': [1742230535.0, 1742230764.0, 1742231032.0], 'TotalUserCpuTimeHistory': [34, 46, 47], 'TotalSysCpuTimeHistory': [0, 0, 0], 'WallDurations': [9.0, 28.41997194290161, 98.0, 116.0, 118.08619904518127, 124.0, 158.87473464012146], 'JobIds': ['78944253.0', '78962645.0', '78963206.0'], 'State': 'failed', 'RecordedSite': True, 'Error': [50115, 'BadFWJRXML', {}]}, '355': {'Retries': 2, 'Restarts': 0, 'SiteHistory': ['Unknown', 'T2_IT_Pisa', 'T2_IT_Pisa', 'T2_IT_Pisa', 'T2_IT_Pisa', 'T2_IT_Pisa', 'T2_IT_Pisa'], 'ResidentSetSize': [200280, 37200, 38752], 'SubmitTimes': [1742226535.0, 1742230617.0, 1742230960.0], 'StartTimes': [1742230436.0, 1742230656.0, 1742230966.0], 'EndTimes': [1742230537.0, 1742230826.0, 1742231059.0], 'TotalUserCpuTimeHistory': [33, 32, 37], 'TotalSysCpuTimeHistory': [0, 0, 0], 'WallDurations': [9.0, 29.41997194290161, 101.0, 9.0, 170.0, 93.0, 100.87473464012146], 'JobIds': ['78944254.0', '78962653.0', '78963258.0'], 'State': 'failed', 'RecordedSite': True}, '357': {'Retries': 2, 'Restarts': 0, 'SiteHistory': ['Unknown', 'T2_IT_Pisa', 'T2_IT_Pisa', 'T2_IT_Pisa', 'T2_IT_Pisa', 'T2_IT_Pisa', 'T2_IT_Pisa'], 'ResidentSetSize': [49184, 20892, 51340], 'SubmitTimes': [1742226535.0, 1742230617.0, 1742230909.0], 'StartTimes': [1742230437.0, 1742230656.0, 1742230944.0], 'EndTimes': [1742230549.0, 1742230780.0, 1742231033.0], 'TotalUserCpuTimeHistory': [44, 38, 27], 'TotalSysCpuTimeHistory': [3, 0, 0], 'WallDurations': [9.0, 28.41997194290161, 112.0, 8.0, 124.0, 89.0, 122.87473464012146], 'JobIds': ['78944255.0', '78962652.0', '78963225.0'], 'State': 'failed', 'RecordedSite': True, 'Error': [50115, 'BadFWJRXML', {}]}, '351': {'Retries': 2, 'Restarts': 0, 'SiteHistory': ['Unknown', 'T2_IT_Pisa', 'T2_IT_Pisa', 'T2_IT_Pisa', 'T2_IT_Pisa', 'T2_IT_Pisa', 'T2_IT_Pisa'], 'ResidentSetSize': [146876, 72904, 52104], 'SubmitTimes': [1742226535.0, 1742230708.0, 1742230995.0], 'StartTimes': [1742230440.0, 1742230718.0, 1742231002.0], 'EndTimes': [1742230641.0, 1742230863.0, 1742231119.0], 'TotalUserCpuTimeHistory': [55, 36, 44], 'TotalSysCpuTimeHistory': [1, 0, 2], 'WallDurations': [8.0, 25.41997194290161, 201.0, 8.0, 145.0, 9.0, 117.0], 'JobIds': ['78944256.0', '78962682.0', '78963285.0'], 'State': 'failed', 'RecordedSite': True, 'Error': [50115, 'BadFWJRXML', {}]}, '354': {'Retries': 2, 'Restarts': 0, 'SiteHistory': ['Unknown', 'T2_IT_Pisa', 'T2_IT_Pisa', 'T2_IT_Pisa', 'T2_IT_Pisa', 'T2_IT_Pisa', 'T2_IT_Pisa'], 'ResidentSetSize': [70616, 52552, 200828], 'SubmitTimes': [1742226535.0, 1742230632.0, 1742230909.0], 'StartTimes': [1742230440.0, 1742230677.0, 1742230950.0], 'EndTimes': [1742230566.0, 1742230785.0, 1742231037.0], 'TotalUserCpuTimeHistory': [49, 37, 16], 'TotalSysCpuTimeHistory': [1, 3, 0], 'WallDurations': [8.0, 25.41997194290161, 126.0, 8.0, 108.0, 87.0, 116.87473464012146], 'JobIds': ['78944257.0', '78962665.0', '78963230.0'], 'State': 'failed', 'RecordedSite': True, 'Error': [50115, 'BadFWJRXML', {}]}, '361': {'Retries': 2, 'Restarts': 0, 'SiteHistory': ['Unknown', 'T2_IT_Pisa', 'T2_IT_Pisa', 'T2_IT_Pisa', 'T2_IT_Pisa', 'T2_IT_Pisa', 'T2_IT_Pisa'], 'ResidentSetSize': [3804, 208364, 38680], 'SubmitTimes': [1742226535.0, 1742230683.0, 1742230971.0], 'StartTimes': [1742230455.0, 1742230690.0, 1742230983.0], 'EndTimes': [1742230613.0, 1742230839.0, 1742231098.0], 'TotalUserCpuTimeHistory': [23, 44, 27], 'TotalSysCpuTimeHistory': [0, 0, 0], 'WallDurations': [9.0, 10.419971942901611, 158.0, 9.0, 149.0, 10.0, 115.0], 'JobIds': ['78944258.0', '78962676.0', '78963266.0'], 'State': 'failed', 'RecordedSite': True, 'Error': [50115, 'BadFWJRXML', {}]}, '356': {'Retries': 2, 'Restarts': 0, 'SiteHistory': ['Unknown', 'T2_IT_Pisa', 'T2_IT_Pisa', 'T2_IT_Pisa', 'T2_IT_Pisa', 'T2_IT_Pisa', 'T2_IT_Pisa'], 'ResidentSetSize': [72884, 46184, 3804], 'SubmitTimes': [1742226535.0, 1742230683.0, 1742230903.0], 'StartTimes': [1742230453.0, 1742230689.0, 1742230914.0], 'EndTimes': [1742230613.0, 1742230776.0, 1742231066.0], 'TotalUserCpuTimeHistory': [16, 34, 21], 'TotalSysCpuTimeHistory': [0, 0, 0], 'WallDurations': [8.0, 12.419971942901611, 160.0, 8.0, 87.0, 152.0, 152.87473464012146], 'JobIds': ['78944259.0', '78962674.0', '78963218.0'], 'State': 'failed', 'RecordedSite': True, 'Error': [50115, 'BadFWJRXML', {}]}, '365': {'Retries': 2, 'Restarts': 0, 'SiteHistory': ['Unknown', 'T2_IT_Pisa', 'T2_IT_Pisa', 'T2_IT_Pisa', 'T2_IT_Pisa', 'T2_IT_Pisa', 'T2_IT_Pisa'], 'ResidentSetSize': [197340, 20280, 62424], 'SubmitTimes': [1742226535.0, 1742230698.0, 1742230950.0], 'StartTimes': [1742230458.0, 1742230719.0, 1742230959.0], 'EndTimes': [1742230628.0, 1742230822.0, 1742231084.0], 'TotalUserCpuTimeHistory': [52, 33, 51], 'TotalSysCpuTimeHistory': [1, 1, 2], 'WallDurations': [0, 7.419971942901611, 170.0, 8.0, 103.0, 8.0, 125.0], 'JobIds': ['78944260.0', '78962680.0', '78963253.0'], 'State': 'failed', 'RecordedSite': True, 'Error': [50115, 'BadFWJRXML', {}]}, '348': {'Retries': 2, 'Restarts': 0, 'SiteHistory': ['Unknown', 'T2_IT_Pisa', 'T2_IT_Pisa', 'T2_IT_Pisa', 'T2_IT_Pisa', 'T2_IT_Pisa', 'T2_IT_Pisa'], 'ResidentSetSize': [49156, 195584, 50292], 'SubmitTimes': [1742226535.0, 1742230653.0, 1742230892.0], 'StartTimes': [1742230448.0, 1742230670.0, 1742230907.0], 'EndTimes': [1742230580.0, 1742230762.0, 1742231030.0], 'TotalUserCpuTimeHistory': [50, 38, 47], 'TotalSysCpuTimeHistory': [3, 0, 3], 'WallDurations': [8.0, 17.41997194290161, 132.0, 92.0, 96.08619904518127, 123.0, 159.87473464012146], 'JobIds': ['78944261.0', '78962672.0', '78963208.0'], 'State': 'failed', 'RecordedSite': True, 'Error': [50115, 'BadFWJRXML', {}]}, '367': {'Retries': 2, 'Restarts': 0, 'SiteHistory': ['Unknown', 'T2_IT_Pisa', 'T2_IT_Pisa', 'T2_IT_Pisa', 'T2_IT_Pisa', 'T2_IT_Pisa', 'T2_IT_Pisa'], 'ResidentSetSize': [66384, 105304, 37948], 'SubmitTimes': [1742226535.0, 1742230632.0, 1742230909.0], 'StartTimes': [1742230448.0, 1742230663.0, 1742230934.0], 'EndTimes': [1742230564.0, 1742230784.0, 1742231063.0], 'TotalUserCpuTimeHistory': [29, 48, 54], 'TotalSysCpuTimeHistory': [0, 1, 3], 'WallDurations': [9.0, 17.41997194290161, 116.0, 9.0, 121.0, 129.0, 132.87473464012146], 'JobIds': ['78944262.0', '78962664.0', '78963229.0'], 'State': 'failed', 'RecordedSite': True, 'Error': [50115, 'BadFWJRXML', {}]}, '372': {'Retries': 2, 'Restarts': 0, 'SiteHistory': ['Unknown', 'T2_IT_Pisa', 'T2_IT_Pisa', 'T2_IT_Pisa', 'T2_IT_Pisa', 'T2_IT_Pisa', 'T2_IT_Pisa'], 'ResidentSetSize': [37536, 50252, 69552], 'SubmitTimes': [1742226535.0, 1742230622.0, 1742230887.0], 'StartTimes': [1742230451.0, 1742230668.0, 1742230904.0], 'EndTimes': [1742230557.0, 1742230759.0, 1742231084.0], 'TotalUserCpuTimeHistory': [39, 31, 41], 'TotalSysCpuTimeHistory': [1, 0, 0], 'WallDurations': [8.0, 14.419971942901611, 106.0, 91.0, 98.08619904518127, 9.0, 180.0], 'JobIds': ['78944263.0', '78962654.0', '78963200.0'], 'State': 'failed', 'RecordedSite': True, 'Error': [50115, 'BadFWJRXML', {}]}, '366': {'Retries': 2, 'Restarts': 0, 'SiteHistory': ['Unknown', 'T2_IT_Pisa', 'T2_IT_Pisa', 'T2_IT_Pisa', 'T2_IT_Pisa', 'T2_IT_Pisa', 'T2_IT_Pisa'], 'ResidentSetSize': [3032, 3248, 99080], 'SubmitTimes': [1742226536.0, 1742230683.0, 1742231005.0], 'StartTimes': [1742230469.0, 1742230691.0, 1742231014.0], 'EndTimes': [1742230616.0, 1742230874.0, 1742231197.0], 'TotalUserCpuTimeHistory': [39, 31, 21], 'TotalSysCpuTimeHistory': [3, 0, 0], 'WallDurations': [0, 147.0, 9.0, 75.08619904518127, 183.0, 8.0, 183.0], 'JobIds': ['78944264.0', '78962677.0', '78963294.0'], 'State': 'failed', 'RecordedSite': True, 'Error': [50115, 'BadFWJRXML', {}]}, '373': {'Retries': 2, 'Restarts': 0, 'SiteHistory': ['Unknown', 'T2_IT_Pisa', 'T2_IT_Pisa', 'T2_IT_Pisa', 'T2_IT_Pisa', 'T2_IT_Pisa', 'T2_IT_Pisa'], 'ResidentSetSize': [140268, 4868, 66116], 'SubmitTimes': [1742226541.0, 1742230627.0, 1742230909.0], 'StartTimes': [1742230455.0, 1742230659.0, 1742230933.0], 'EndTimes': [1742230560.0, 1742230781.0, 1742231068.0], 'TotalUserCpuTimeHistory': [41, 37, 28], 'TotalSysCpuTimeHistory': [0, 0, 0], 'WallDurations': [8.0, 10.419971942901611, 105.0, 9.0, 122.0, 8.0, 135.0], 'JobIds': ['78944325.0', '78962663.0', '78963228.0'], 'State': 'failed', 'RecordedSite': True, 'Error': [50115, 'BadFWJRXML', {}]}, '371': {'Retries': 2, 'Restarts': 0, 'SiteHistory': ['Unknown', 'T2_IT_Pisa', 'T2_IT_Pisa', 'T2_IT_Pisa', 'T2_IT_Pisa', 'T2_IT_Pisa', 'T2_IT_Pisa'], 'ResidentSetSize': [54536, 198756, 196560], 'SubmitTimes': [1742226541.0, 1742230627.0, 1742230897.0], 'StartTimes': [1742230455.0, 1742230667.0, 1742230912.0], 'EndTimes': [1742230557.0, 1742230769.0, 1742231065.0], 'TotalUserCpuTimeHistory': [45, 41, 14], 'TotalSysCpuTimeHistory': [3, 0, 0], 'WallDurations': [8.0, 10.419971942901611, 102.0, 8.0, 102.0, 153.0, 154.87473464012146], 'JobIds': ['78944327.0', '78962658.0', '78963213.0'], 'State': 'failed', 'RecordedSite': True, 'Error': [50115, 'BadFWJRXML', {}]}, '364': {'Retries': 2, 'Restarts': 0, 'SiteHistory': ['Unknown', 'T2_IT_Pisa', 'T2_IT_Pisa', 'T2_IT_Pisa', 'T2_IT_Pisa', 'T2_IT_Pisa', 'T2_IT_Pisa'], 'ResidentSetSize': [209424, 53204, 24148], 'SubmitTimes': [1742226541.0, 1742230771.0, 1742231031.0], 'StartTimes': [1742230537.0, 1742230784.0, 1742231056.0], 'EndTimes': [1742230667.0, 1742230903.0, 1742231160.0], 'TotalUserCpuTimeHistory': [41, 47, 30], 'TotalSysCpuTimeHistory': [0, 3, 0], 'WallDurations': [130.0, 229.08619904518127, 229.08619904518127, 119.0, 8.0, 10.87473464012146, 104.0], 'JobIds': ['78944329.0', '78962707.0', '78963299.0'], 'State': 'failed', 'RecordedSite': True, 'Error': [50115, 'BadFWJRXML', {}]}, '370': {'Retries': 2, 'Restarts': 0, 'SiteHistory': ['Unknown', 'T2_IT_Pisa', 'T2_IT_Pisa', 'T2_IT_Pisa', 'T2_IT_Pisa', 'T2_IT_Pisa', 'T2_IT_Pisa'], 'ResidentSetSize': [4328, 207920, 201080], 'SubmitTimes': [1742226541.0, 1742230723.0, 1742230977.0], 'StartTimes': [1742230525.0, 1742230744.0, 1742230989.0], 'EndTimes': [1742230657.0, 1742230852.0, 1742231088.0], 'TotalUserCpuTimeHistory': [39, 26, 27], 'TotalSysCpuTimeHistory': [0, 0, 0], 'WallDurations': [132.0, 8.0, 22.086199045181274, 22.086199045181274, 108.0, 9.0, 99.0], 'JobIds': ['78944331.0', '78962690.0', '78963272.0'], 'State': 'failed', 'RecordedSite': True, 'Error': [50115, 'BadFWJRXML', {}]}, '368': {'Retries': 2, 'Restarts': 0, 'SiteHistory': ['Unknown', 'T2_IT_Pisa', 'T2_IT_Pisa', 'T2_IT_Pisa', 'T2_IT_Pisa', 'T2_IT_Pisa', 'T2_IT_Pisa'], 'ResidentSetSize': [199824, 59816, 63700], 'SubmitTimes': [1742226541.0, 1742230723.0, 1742230966.0], 'StartTimes': [1742230526.0, 1742230735.0, 1742230988.0], 'EndTimes': [1742230656.0, 1742230832.0, 1742231099.0], 'TotalUserCpuTimeHistory': [39, 21, 22], 'TotalSysCpuTimeHistory': [1, 0, 0], 'WallDurations': [130.0, 9.0, 31.086199045181274, 31.086199045181274, 97.0, 10.0, 111.0], 'JobIds': ['78944333.0', '78962689.0', '78963263.0'], 'State': 'failed', 'RecordedSite': True, 'Error': [50115, 'BadFWJRXML', {}]}, '382': {'Retries': 2, 'Restarts': 0, 'SiteHistory': ['Unknown', 'T2_IT_Pisa', 'T2_IT_Pisa', 'T2_IT_Pisa', 'T2_IT_Pisa', 'T2_IT_Pisa', 'T2_IT_Pisa'], 'ResidentSetSize': [37932, 4488, 48748], 'SubmitTimes': [1742226541.0, 1742230756.0, 1742230982.0], 'StartTimes': [1742230541.0, 1742230764.0, 1742230994.0], 'EndTimes': [1742230685.0, 1742230855.0, 1742231141.0], 'TotalUserCpuTimeHistory': [53, 37, 28], 'TotalSysCpuTimeHistory': [3, 1, 0], 'WallDurations': [144.0, 0, 2.0861990451812744, 2.0861990451812744, 91.0, 9.0, 147.0], 'JobIds': ['78944335.0', '78962700.0', '78963278.0'], 'State': 'failed', 'RecordedSite': True, 'Error': [50115, 'BadFWJRXML', {}]}, '369': {'Retries': 2, 'Restarts': 0, 'SiteHistory': ['Unknown', 'T2_IT_Pisa', 'T2_IT_Pisa', 'T2_IT_Pisa', 'T2_IT_Pisa', 'T2_IT_Pisa', 'T2_IT_Pisa'], 'ResidentSetSize': [195100, 119020, 200344], 'SubmitTimes': [1742226541.0, 1742230723.0, 1742230977.0], 'StartTimes': [1742230541.0, 1742230740.0, 1742230991.0], 'EndTimes': [1742230656.0, 1742230850.0, 1742231116.0], 'TotalUserCpuTimeHistory': [37, 31, 41], 'TotalSysCpuTimeHistory': [0, 1, 2], 'WallDurations': [115.0, 9.0, 26.086199045181274, 26.086199045181274, 110.0, 8.0, 125.0], 'JobIds': ['78944337.0', '78962687.0', '78963273.0'], 'State': 'failed', 'RecordedSite': True, 'Error': [50115, 'BadFWJRXML', {}]}, '380': {'Retries': 2, 'Restarts': 0, 'SiteHistory': ['Unknown', 'T2_IT_Pisa', 'T2_IT_Pisa', 'T2_IT_Pisa', 'T2_IT_Pisa', 'T2_IT_Pisa', 'T2_IT_Pisa'], 'ResidentSetSize': [37952, 7524, 48252], 'SubmitTimes': [1742226541.0, 1742230723.0, 1742231036.0], 'StartTimes': [1742230546.0, 1742230733.0, 1742231045.0], 'EndTimes': [1742230656.0, 1742230908.0, 1742231190.0], 'TotalUserCpuTimeHistory': [36, 37, 39], 'TotalSysCpuTimeHistory': [1, 0, 1], 'WallDurations': [110.0, 8.0, 33.086199045181274, 33.086199045181274, 175.0, 9.0, 145.0], 'JobIds': ['78944339.0', '78962688.0', '78963303.0'], 'State': 'failed', 'RecordedSite': True, 'Error': [50115, 'BadFWJRXML', {}]}, '378': {'Retries': 2, 'Restarts': 0, 'SiteHistory': ['Unknown', 'T2_IT_Pisa', 'T2_IT_Pisa', 'T2_IT_Pisa', 'T2_IT_Pisa', 'T2_IT_Pisa', 'T2_IT_Pisa'], 'ResidentSetSize': [31148, 37952, 34924], 'SubmitTimes': [1742226541.0, 1742230791.0, 1742231067.0], 'StartTimes': [1742230575.0, 1742230823.0, 1742231089.0], 'EndTimes': [1742230697.0, 1742230937.0, 1742231237.0], 'TotalUserCpuTimeHistory': [20, 34, 29], 'TotalSysCpuTimeHistory': [0, 0, 0], 'WallDurations': [122.0, 191.08619904518127, 191.08619904518127, 114.0, 243.87473464012146, 148.0, 278.59663248062134], 'JobIds': ['78944341.0', '78962823.0', '78963319.0'], 'State': 'failed', 'RecordedSite': True, 'Error': [50115, 'BadFWJRXML', {}]}, '377': {'Retries': 2, 'Restarts': 0, 'SiteHistory': ['Unknown', 'T2_IT_Pisa', 'T2_IT_Pisa', 'T2_IT_Pisa', 'T2_IT_Pisa', 'T2_IT_Pisa', 'T2_IT_Pisa'], 'ResidentSetSize': [4084, 353072, 34716], 'SubmitTimes': [1742226541.0, 1742230808.0, 1742231062.0], 'StartTimes': [1742230577.0, 1742230840.0, 1742231073.0], 'EndTimes': [1742230736.0, 1742230931.0, 1742231193.0], 'TotalUserCpuTimeHistory': [22, 21, 45], 'TotalSysCpuTimeHistory': [0, 0, 0], 'WallDurations': [159.0, 189.08619904518127, 189.08619904518127, 91.0, 120.0, 294.59663248062134, 294.59663248062134], 'JobIds': ['78944343.0', '78962831.0', '78963318.0'], 'State': 'failed', 'RecordedSite': True, 'Error': [50115, 'BadFWJRXML', {}]}, '383': {'Retries': 2, 'Restarts': 0, 'SiteHistory': ['Unknown', 'T2_IT_Pisa', 'T2_IT_Pisa', 'T2_IT_Pisa', 'T2_IT_Pisa', 'T2_IT_Pisa', 'T2_IT_Pisa'], 'ResidentSetSize': [5720, 7140, 50192], 'SubmitTimes': [1742226541.0, 1742230750.0, 1742230983.0], 'StartTimes': [1742230559.0, 1742230762.0, 1742230995.0], 'EndTimes': [1742230678.0, 1742230855.0, 1742231110.0], 'TotalUserCpuTimeHistory': [33, 30, 41], 'TotalSysCpuTimeHistory': [0, 0, 0], 'WallDurations': [119.0, 0, 4.086199045181274, 4.086199045181274, 93.0, 9.0, 115.0], 'JobIds': ['78944345.0', '78962698.0', '78963280.0'], 'State': 'failed', 'RecordedSite': True, 'Error': [50115, 'BadFWJRXML', {}]}, '384': {'Retries': 2, 'Restarts': 0, 'SiteHistory': ['Unknown', 'T2_IT_Pisa', 'T2_IT_Pisa', 'T2_IT_Pisa', 'T2_IT_Pisa', 'T2_IT_Pisa', 'T2_IT_Pisa'], 'ResidentSetSize': [49144, 71676, 48756], 'SubmitTimes': [1742226541.0, 1742230771.0, 1742231016.0], 'StartTimes': [1742230564.0, 1742230784.0, 1742231022.0], 'EndTimes': [1742230655.0, 1742230891.0, 1742231154.0], 'TotalUserCpuTimeHistory': [26, 32, 53], 'TotalSysCpuTimeHistory': [0, 0, 4], 'WallDurations': [91.0, 202.08619904518127, 202.08619904518127, 107.0, 9.0, 44.87473464012146, 132.0], 'JobIds': ['78944347.0', '78962708.0', '78963298.0'], 'State': 'failed', 'RecordedSite': True, 'Error': [50115, 'BadFWJRXML', {}]}, '376': {'Retries': 2, 'Restarts': 0, 'SiteHistory': ['Unknown', 'T2_IT_Pisa', 'T2_IT_Pisa', 'T2_IT_Pisa', 'T2_IT_Pisa', 'T2_IT_Pisa', 'T2_IT_Pisa'], 'ResidentSetSize': [5516, 208368, 51468], 'SubmitTimes': [1742226541.0, 1742230756.0, 1742231011.0], 'StartTimes': [1742230567.0, 1742230763.0, 1742231018.0], 'EndTimes': [1742230663.0, 1742230881.0, 1742231167.0], 'TotalUserCpuTimeHistory': [26, 54, 39], 'TotalSysCpuTimeHistory': [0, 4, 0], 'WallDurations': [96.0, 0, 3.0861990451812744, 3.0861990451812744, 118.0, 9.0, 149.0], 'JobIds': ['78944349.0', '78962701.0', '78963295.0'], 'State': 'failed', 'RecordedSite': True, 'Error': [50115, 'BadFWJRXML', {}]}, '374': {'Retries': 2, 'Restarts': 0, 'SiteHistory': ['Unknown', 'T2_IT_Pisa', 'T2_IT_Pisa', 'T2_IT_Pisa', 'T2_IT_Pisa', 'T2_IT_Pisa', 'T2_IT_Pisa'], 'ResidentSetSize': [26684, 45828, 67972], 'SubmitTimes': [1742226541.0, 1742230761.0, 1742230990.0], 'StartTimes': [1742230575.0, 1742230766.0, 1742231004.0], 'EndTimes': [1742230697.0, 1742230862.0, 1742231107.0], 'TotalUserCpuTimeHistory': [21, 38, 33], 'TotalSysCpuTimeHistory': [0, 0, 0], 'WallDurations': [122.0, 0, 191.08619904518127, 96.0, 8.0, 62.87473464012146, 103.0], 'JobIds': ['78944351.0', '78962704.0', '78963284.0'], 'State': 'failed', 'RecordedSite': True, 'Error': [50115, 'BadFWJRXML', {}]}, '385': {'Retries': 2, 'Restarts': 0, 'SiteHistory': ['Unknown', 'T2_IT_Pisa', 'T2_IT_Pisa', 'T2_IT_Pisa', 'T2_IT_Pisa', 'T2_IT_Pisa', 'T2_IT_Pisa'], 'ResidentSetSize': [51812, 67124, 71804], 'SubmitTimes': [1742226541.0, 1742230723.0, 1742230966.0], 'StartTimes': [1742230560.0, 1742230735.0, 1742230980.0], 'EndTimes': [1742230655.0, 1742230832.0, 1742231178.0], 'TotalUserCpuTimeHistory': [31, 20, 54], 'TotalSysCpuTimeHistory': [0, 0, 1], 'WallDurations': [95.0, 9.0, 31.086199045181274, 31.086199045181274, 97.0, 8.0, 198.0], 'JobIds': ['78944353.0', '78962691.0', '78963264.0'], 'State': 'failed', 'RecordedSite': True, 'Error': [50115, 'BadFWJRXML', {}]}, '379': {'Retries': 2, 'Restarts': 0, 'SiteHistory': ['Unknown', 'T2_IT_Pisa', 'T2_IT_Pisa', 'T2_IT_Pisa', 'T2_IT_Pisa', 'T2_IT_Pisa', 'T2_IT_Pisa'], 'ResidentSetSize': [62936, 73812, 107408], 'SubmitTimes': [1742226541.0, 1742230771.0, 1742231042.0], 'StartTimes': [1742230561.0, 1742230790.0, 1742231053.0], 'EndTimes': [1742230677.0, 1742230911.0, 1742231177.0], 'TotalUserCpuTimeHistory': [34, 38, 51], 'TotalSysCpuTimeHistory': [0, 3, 2], 'WallDurations': [116.0, 205.08619904518127, 205.08619904518127, 121.0, 8.0, 13.87473464012146, 124.0], 'JobIds': ['78944355.0', '78962709.0', '78963308.0'], 'State': 'failed', 'RecordedSite': True, 'Error': [50115, 'BadFWJRXML', {}]}, '375': {'Retries': 2, 'Restarts': 0, 'SiteHistory': ['Unknown', 'T2_IT_Pisa', 'T2_IT_Pisa', 'T2_IT_Pisa', 'T2_IT_Pisa', 'T2_IT_Pisa', 'T2_IT_Pisa'], 'ResidentSetSize': [62408, 45912, 44668], 'SubmitTimes': [1742226541.0, 1742230755.0, 1742230995.0], 'StartTimes': [1742230569.0, 1742230768.0, 1742231002.0], 'EndTimes': [1742230687.0, 1742230862.0, 1742231107.0], 'TotalUserCpuTimeHistory': [42, 35, 36], 'TotalSysCpuTimeHistory': [0, 0, 0], 'WallDurations': [118.0, 0, 197.08619904518127, 94.0, 8.0, 64.87473464012146, 105.0], 'JobIds': ['78944357.0', '78962699.0', '78963286.0'], 'State': 'failed', 'RecordedSite': True, 'Error': [50115, 'BadFWJRXML', {}]}, '391': {'Retries': 2, 'Restarts': 0, 'SiteHistory': ['Unknown', 'T2_IT_Pisa', 'T2_IT_Pisa', 'T2_IT_Pisa', 'T2_IT_Pisa', 'T2_IT_Pisa', 'T2_IT_Pisa'], 'ResidentSetSize': [44904, 38144, 63704], 'SubmitTimes': [1742226541.0, 1742230740.0, 1742230982.0], 'StartTimes': [1742230560.0, 1742230760.0, 1742230995.0], 'EndTimes': [1742230668.0, 1742230856.0, 1742231159.0], 'TotalUserCpuTimeHistory': [51, 19, 32], 'TotalSysCpuTimeHistory': [1, 0, 0], 'WallDurations': [108.0, 0, 6.086199045181274, 6.086199045181274, 96.0, 9.0, 164.0], 'JobIds': ['78944359.0', '78962693.0', '78963279.0'], 'State': 'failed', 'RecordedSite': True, 'Error': [50115, 'BadFWJRXML', {}]}, '381': {'Retries': 2, 'Restarts': 0, 'SiteHistory': ['Unknown', 'T2_IT_Pisa', 'T2_IT_Pisa', 'T2_IT_Pisa', 'T2_IT_Pisa', 'T2_IT_Pisa', 'T2_IT_Pisa'], 'ResidentSetSize': [44404, 49356, 44620], 'SubmitTimes': [1742226542.0, 1742230892.0, 1742231216.0], 'StartTimes': [1742230580.0, 1742230940.0, 1742231221.0], 'EndTimes': [1742230686.0, 1742231084.0, 1742231366.0], 'TotalUserCpuTimeHistory': [52, 29, 45], 'TotalSysCpuTimeHistory': [3, 1, 1], 'WallDurations': [106.0, 186.08619904518127, 186.08619904518127, 9.0, 144.0, 145.0, 146.59663248062134], 'JobIds': ['78944361.0', '78963204.0', '78963355.0'], 'State': 'failed', 'RecordedSite': True, 'Error': [50115, 'BadFWJRXML', {}]}, '386': {'Retries': 2, 'Restarts': 0, 'SiteHistory': ['Unknown', 'T2_IT_Pisa', 'T2_IT_Pisa', 'T2_IT_Pisa', 'T2_IT_Pisa', 'T2_IT_Pisa', 'T2_IT_Pisa'], 'ResidentSetSize': [148644, 130456, 4668], 'SubmitTimes': [1742226542.0, 1742230797.0, 1742231062.0], 'StartTimes': [1742230561.0, 1742230845.0, 1742231070.0], 'EndTimes': [1742230729.0, 1742230933.0, 1742231230.0], 'TotalUserCpuTimeHistory': [44, 12, 26], 'TotalSysCpuTimeHistory': [0, 0, 0], 'WallDurations': [168.0, 205.08619904518127, 205.08619904518127, 88.0, 160.0, 297.59663248062134, 297.59663248062134], 'JobIds': ['78944363.0', '78962825.0', '78963316.0'], 'State': 'failed', 'RecordedSite': True, 'Error': [50115, 'BadFWJRXML', {}]}, '387': {'Retries': 2, 'Restarts': 0, 'SiteHistory': ['Unknown', 'T2_IT_Pisa', 'T2_IT_Pisa', 'T2_IT_Pisa', 'T2_IT_Pisa', 'T2_IT_Pisa', 'T2_IT_Pisa'], 'ResidentSetSize': [195592, 56804, 38564], 'SubmitTimes': [1742226542.0, 1742230745.0, 1742230982.0], 'StartTimes': [1742230564.0, 1742230759.0, 1742230992.0], 'EndTimes': [1742230674.0, 1742230855.0, 1742231111.0], 'TotalUserCpuTimeHistory': [39, 33, 46], 'TotalSysCpuTimeHistory': [0, 0, 0], 'WallDurations': [110.0, 0, 7.086199045181274, 7.086199045181274, 96.0, 9.0, 119.0], 'JobIds': ['78944365.0', '78962695.0', '78963277.0'], 'State': 'failed', 'RecordedSite': True, 'Error': [50115, 'BadFWJRXML', {}]}, '388': {'Retries': 2, 'Restarts': 0, 'SiteHistory': ['Unknown', 'T2_IT_Pisa', 'T2_IT_Pisa', 'T2_IT_Pisa', 'T2_IT_Pisa', 'T2_IT_Pisa', 'T2_IT_Pisa'], 'ResidentSetSize': [215888, 55128, 5664], 'SubmitTimes': [1742226542.0, 1742230820.0, 1742231062.0], 'StartTimes': [1742230667.0, 1742230838.0, 1742231068.0], 'EndTimes': [1742230755.0, 1742230931.0, 1742231230.0], 'TotalUserCpuTimeHistory': [21, 12, 27], 'TotalSysCpuTimeHistory': [0, 0, 1], 'WallDurations': [88.0, 99.08619904518127, 99.08619904518127, 93.0, 162.0, 299.59663248062134, 299.59663248062134], 'JobIds': ['78944367.0', '78962837.0', '78963317.0'], 'State': 'failed', 'RecordedSite': True, 'Error': [50115, 'BadFWJRXML', {}]}, '389': {'Retries': 2, 'Restarts': 0, 'SiteHistory': ['Unknown', 'T2_IT_Pisa', 'T2_IT_Pisa', 'T2_IT_Pisa', 'T2_IT_Pisa', 'T2_IT_Pisa', 'T2_IT_Pisa'], 'ResidentSetSize': [13684, 39924, 7844], 'SubmitTimes': [1742226542.0, 1742230892.0, 1742231325.0], 'StartTimes': [1742230684.0, 1742230944.0, 1742231338.0], 'EndTimes': [1742230816.0, 1742231126.0, 1742231468.0], 'TotalUserCpuTimeHistory': [42, 26, 44], 'TotalSysCpuTimeHistory': [0, 1, 2], 'WallDurations': [9.0, 82.08619904518127, 132.0, 8.0, 182.0, 8.0, 130.0], 'JobIds': ['78944369.0', '78963211.0', '78963418.0'], 'State': 'failed', 'RecordedSite': True, 'Error': [50115, 'BadFWJRXML', {}]}, '390': {'Retries': 2, 'Restarts': 0, 'SiteHistory': ['Unknown', 'T2_IT_Pisa', 'T2_IT_Pisa', 'T2_IT_Pisa', 'T2_IT_Pisa', 'T2_IT_Pisa', 'T2_IT_Pisa'], 'ResidentSetSize': [195592, 67384, 4260], 'SubmitTimes': [1742226542.0, 1742230887.0, 1742231216.0], 'StartTimes': [1742230674.0, 1742230900.0, 1742231230.0], 'EndTimes': [1742230767.0, 1742231084.0, 1742231389.0], 'TotalUserCpuTimeHistory': [32, 42, 39], 'TotalSysCpuTimeHistory': [0, 0, 0], 'WallDurations': [8.0, 92.08619904518127, 93.0, 8.0, 184.0, 8.0, 159.0], 'JobIds': ['78944371.0', '78963201.0', '78963358.0'], 'State': 'failed', 'RecordedSite': True, 'Error': [50115, 'BadFWJRXML', {}]}, '392': {'Retries': 2, 'Restarts': 0, 'SiteHistory': ['Unknown', 'T2_IT_Pisa', 'T2_IT_Pisa', 'T2_IT_Pisa', 'T2_IT_Pisa', 'T2_IT_Pisa', 'T2_IT_Pisa'], 'ResidentSetSize': [201116, 4564, 48400], 'SubmitTimes': [1742226542.0, 1742230882.0, 1742231195.0], 'StartTimes': [1742230670.0, 1742230893.0, 1742231216.0], 'EndTimes': [1742230762.0, 1742231063.0, 1742231361.0], 'TotalUserCpuTimeHistory': [37, 42, 50], 'TotalSysCpuTimeHistory': [0, 0, 1], 'WallDurations': [92.0, 96.08619904518127, 96.08619904518127, 170.0, 173.87473464012146, 145.0, 151.59663248062134], 'JobIds': ['78944374.0', '78963197.0', '78963351.0'], 'State': 'failed', 'RecordedSite': True}, '393': {'Retries': 2, 'Restarts': 0, 'SiteHistory': ['Unknown', 'T2_IT_Pisa', 'T2_IT_Pisa', 'T2_IT_Pisa', 'T2_IT_Pisa', 'T2_IT_Pisa', 'T2_IT_Pisa'], 'ResidentSetSize': [53884, 62432, 131296], 'SubmitTimes': [1742226542.0, 1742230940.0, 1742231300.0], 'StartTimes': [1742230684.0, 1742230995.0, 1742231324.0], 'EndTimes': [1742230813.0, 1742231173.0, 1742231449.0], 'TotalUserCpuTimeHistory': [44, 41, 39], 'TotalSysCpuTimeHistory': [0, 0, 1], 'WallDurations': [8.0, 82.08619904518127, 129.0, 9.0, 178.0, 9.0, 125.0], 'JobIds': ['78944376.0', '78963245.0', '78963399.0'], 'State': 'failed', 'RecordedSite': True, 'Error': [50115, 'BadFWJRXML', {}]}, '394': {'Retries': 2, 'Restarts': 0, 'SiteHistory': ['Unknown', 'T2_IT_Pisa', 'T2_IT_Pisa', 'T2_IT_Pisa', 'T2_IT_Pisa', 'T2_IT_Pisa', 'T2_IT_Pisa'], 'ResidentSetSize': [51996, 52004, 26668], 'SubmitTimes': [1742226542.0, 1742230852.0, 1742231077.0], 'StartTimes': [1742230672.0, 1742230866.0, 1742231096.0], 'EndTimes': [1742230781.0, 1742230949.0, 1742231238.0], 'TotalUserCpuTimeHistory': [43, 23, 32], 'TotalSysCpuTimeHistory': [0, 0, 0], 'WallDurations': [9.0, 94.08619904518127, 109.0, 83.0, 200.87473464012146, 142.0, 271.59663248062134], 'JobIds': ['78944378.0', '78962993.0', '78963326.0'], 'State': 'failed', 'RecordedSite': True, 'Error': [50115, 'BadFWJRXML', {}]}, '395': {'Retries': 2, 'Restarts': 0, 'SiteHistory': ['Unknown', 'T2_IT_Pisa', 'T2_IT_Pisa', 'T2_IT_Pisa', 'T2_IT_Pisa', 'T2_IT_Pisa', 'T2_IT_Pisa'], 'ResidentSetSize': [83448, 44856, 43760], 'SubmitTimes': [1742226542.0, 1742230892.0, 1742231216.0], 'StartTimes': [1742230672.0, 1742230940.0, 1742231224.0], 'EndTimes': [1742230808.0, 1742231084.0, 1742231323.0], 'TotalUserCpuTimeHistory': [48, 29, 9], 'TotalSysCpuTimeHistory': [0, 1, 0], 'WallDurations': [9.0, 94.08619904518127, 136.0, 9.0, 144.0, 99.0, 143.59663248062134], 'JobIds': ['78944380.0', '78963207.0', '78963356.0'], 'State': 'failed', 'RecordedSite': True, 'Error': [50115, 'BadFWJRXML', {}]}, '396': {'Retries': 2, 'Restarts': 0, 'SiteHistory': ['Unknown', 'T2_IT_Pisa', 'T2_IT_Pisa', 'T2_IT_Pisa', 'T2_IT_Pisa', 'T2_IT_Pisa', 'T2_IT_Pisa'], 'ResidentSetSize': [67952, 51908, 215740], 'SubmitTimes': [1742226542.0, 1742230862.0, 1742231114.0], 'StartTimes': [1742230675.0, 1742230875.0, 1742231126.0], 'EndTimes': [1742230785.0, 1742230989.0, 1742231243.0], 'TotalUserCpuTimeHistory': [43, 49, 30], 'TotalSysCpuTimeHistory': [2, 0, 0], 'WallDurations': [8.0, 91.08619904518127, 110.0, 114.0, 191.87473464012146, 117.0, 241.59663248062134], 'JobIds': ['78944382.0', '78963041.0', '78963333.0'], 'State': 'failed', 'RecordedSite': True, 'Error': [50115, 'BadFWJRXML', {}]}, '397': {'Retries': 2, 'Restarts': 0, 'SiteHistory': ['Unknown', 'T2_IT_Pisa', 'T2_IT_Pisa', 'T2_IT_Pisa', 'T2_IT_Pisa', 'T2_IT_Pisa', 'T2_IT_Pisa'], 'ResidentSetSize': [45920, 48584, 136252], 'SubmitTimes': [1742226542.0, 1742230887.0, 1742231134.0], 'StartTimes': [1742230675.0, 1742230912.0, 1742231166.0], 'EndTimes': [1742230804.0, 1742231010.0, 1742231232.0], 'TotalUserCpuTimeHistory': [48, 9, 19], 'TotalSysCpuTimeHistory': [3, 0, 0], 'WallDurations': [9.0, 91.08619904518127, 129.0, 98.0, 154.87473464012146, 66.0, 201.59663248062134], 'JobIds': ['78944384.0', '78963202.0', '78963339.0'], 'State': 'failed', 'RecordedSite': True, 'Error': [50115, 'BadFWJRXML', {}]}, '398': {'Retries': 2, 'Restarts': 0, 'SiteHistory': ['Unknown', 'T2_IT_Pisa', 'T2_IT_Pisa', 'T2_IT_Pisa', 'T2_IT_Pisa', 'T2_IT_Pisa', 'T2_IT_Pisa'], 'ResidentSetSize': [197704, 67448, 215244], 'SubmitTimes': [1742226542.0, 1742230837.0, 1742231159.0], 'StartTimes': [1742230676.0, 1742230848.0, 1742231170.0], 'EndTimes': [1742230768.0, 1742231029.0, 1742231301.0], 'TotalUserCpuTimeHistory': [38, 45, 34], 'TotalSysCpuTimeHistory': [1, 0, 0], 'WallDurations': [9.0, 90.08619904518127, 92.0, 181.0, 218.87473464012146, 131.0, 197.59663248062134], 'JobIds': ['78944386.0', '78962942.0', '78963343.0'], 'State': 'failed', 'RecordedSite': True, 'Error': [50115, 'BadFWJRXML', {}]}, '399': {'Retries': 2, 'Restarts': 0, 'SiteHistory': ['Unknown', 'T2_IT_Pisa', 'T2_IT_Pisa', 'T2_IT_Pisa', 'T2_IT_Pisa', 'T2_IT_Pisa', 'T2_IT_Pisa'], 'ResidentSetSize': [63836, 51168, 209392], 'SubmitTimes': [1742226542.0, 1742230919.0, 1742231190.0], 'StartTimes': [1742230679.0, 1742230966.0, 1742231201.0], 'EndTimes': [1742230796.0, 1742231059.0, 1742231377.0], 'TotalUserCpuTimeHistory': [37, 37, 22], 'TotalSysCpuTimeHistory': [1, 0, 0], 'WallDurations': [8.0, 87.08619904518127, 117.0, 93.0, 100.87473464012146, 8.0, 176.0], 'JobIds': ['78944388.0', '78963233.0', '78963350.0'], 'State': 'failed', 'RecordedSite': True, 'Error': [50115, 'BadFWJRXML', {}]}, '400': {'Retries': 2, 'Restarts': 0, 'SiteHistory': ['Unknown', 'T2_IT_Pisa', 'T2_IT_Pisa', 'T2_IT_Pisa', 'T2_IT_Pisa', 'T2_IT_Pisa', 'T2_IT_Pisa'], 'ResidentSetSize': [52644, 13364, 199756], 'SubmitTimes': [1742226542.0, 1742230966.0, 1742231315.0], 'StartTimes': [1742230701.0, 1742231014.0, 1742231348.0], 'EndTimes': [1742230792.0, 1742231133.0, 1742231414.0], 'TotalUserCpuTimeHistory': [18, 49, 26], 'TotalSysCpuTimeHistory': [0, 0, 0], 'WallDurations': [8.0, 65.08619904518127, 91.0, 9.0, 119.0, 8.0, 66.0], 'JobIds': ['78944390.0', '78963265.0', '78963411.0'], 'State': 'failed', 'RecordedSite': True, 'Error': [50115, 'BadFWJRXML', {}]}, '401': {'Retries': 2, 'Restarts': 0, 'SiteHistory': ['Unknown', 'T2_IT_Pisa', 'T2_IT_Pisa', 'T2_IT_Pisa', 'T2_IT_Pisa', 'T2_IT_Pisa', 'T2_IT_Pisa'], 'ResidentSetSize': [209680, 41916, 57780], 'SubmitTimes': [1742226542.0, 1742230867.0, 1742231099.0], 'StartTimes': [1742230677.0, 1742230887.0, 1742231110.0], 'EndTimes': [1742230785.0, 1742230968.0, 1742231212.0], 'TotalUserCpuTimeHistory': [34, 16, 35], 'TotalSysCpuTimeHistory': [0, 0, 0], 'WallDurations': [8.0, 89.08619904518127, 108.0, 81.0, 179.87473464012146, 102.0, 257.59663248062134], 'JobIds': ['78944392.0', '78963091.0', '78963332.0'], 'State': 'failed', 'RecordedSite': True, 'Error': [50115, 'BadFWJRXML', {}]}, '402': {'Retries': 2, 'Restarts': 0, 'SiteHistory': ['Unknown', 'T2_IT_Pisa', 'T2_IT_Pisa', 'T2_IT_Pisa', 'T2_IT_Pisa', 'T2_IT_Pisa', 'T2_IT_Pisa'], 'ResidentSetSize': [162684, 74484, 48856], 'SubmitTimes': [1742226542.0, 1742231000.0, 1742231279.0], 'StartTimes': [1742230679.0, 1742231042.0, 1742231313.0], 'EndTimes': [1742230851.0, 1742231154.0, 1742231423.0], 'TotalUserCpuTimeHistory': [21, 37, 23], 'TotalSysCpuTimeHistory': [0, 0, 0], 'WallDurations': [9.0, 87.08619904518127, 172.0, 9.0, 112.0, 8.0, 110.0], 'JobIds': ['78944394.0', '78963293.0', '78963387.0'], 'State': 'failed', 'RecordedSite': True, 'Error': [50115, 'BadFWJRXML', {}]}, '403': {'Retries': 2, 'Restarts': 0, 'SiteHistory': ['Unknown', 'T2_IT_Pisa', 'T2_IT_Pisa', 'T2_IT_Pisa', 'T2_IT_Pisa', 'T2_IT_Pisa', 'T2_IT_Pisa'], 'ResidentSetSize': [140524, 44860, 146872], 'SubmitTimes': [1742226542.0, 1742230892.0, 1742231216.0], 'StartTimes': [1742230701.0, 1742230939.0, 1742231240.0], 'EndTimes': [1742230806.0, 1742231085.0, 1742231354.0], 'TotalUserCpuTimeHistory': [36, 37, 42], 'TotalSysCpuTimeHistory': [0, 1, 1], 'WallDurations': [8.0, 65.08619904518127, 105.0, 8.0, 146.0, 114.0, 127.59663248062134], 'JobIds': ['78944396.0', '78963203.0', '78963357.0'], 'State': 'failed', 'RecordedSite': True, 'Error': [50115, 'BadFWJRXML', {}]}, '404': {'Retries': 2, 'Restarts': 0, 'SiteHistory': ['Unknown', 'T2_IT_Pisa', 'T2_IT_Pisa', 'T2_IT_Pisa', 'T2_IT_Pisa', 'T2_IT_Pisa', 'T2_IT_Pisa'], 'ResidentSetSize': [71028, 201132, 4084], 'SubmitTimes': [1742226542.0, 1742230867.0, 1742231129.0], 'StartTimes': [1742230691.0, 1742230876.0, 1742231137.0], 'EndTimes': [1742230789.0, 1742231002.0, 1742231250.0], 'TotalUserCpuTimeHistory': [28, 43, 42], 'TotalSysCpuTimeHistory': [0, 2, 0], 'WallDurations': [9.0, 75.08619904518127, 98.0, 126.0, 190.87473464012146, 113.0, 230.59663248062134], 'JobIds': ['78944398.0', '78963094.0', '78963337.0'], 'State': 'failed', 'RecordedSite': True, 'Error': [50115, 'BadFWJRXML', {}]}, '410': {'Retries': 2, 'Restarts': 0, 'SiteHistory': ['Unknown', 'T2_IT_Pisa', 'T2_IT_Pisa', 'T2_IT_Pisa', 'T2_IT_Pisa', 'T2_IT_Pisa', 'T2_IT_Pisa'], 'ResidentSetSize': [68692, 66376, 67892], 'SubmitTimes': [1742226542.0, 1742230867.0, 1742231099.0], 'StartTimes': [1742230682.0, 1742230888.0, 1742231111.0], 'EndTimes': [1742230788.0, 1742230967.0, 1742231212.0], 'TotalUserCpuTimeHistory': [25, 19, 33], 'TotalSysCpuTimeHistory': [0, 0, 0], 'WallDurations': [8.0, 84.08619904518127, 106.0, 79.0, 178.87473464012146, 101.0, 256.59663248062134], 'JobIds': ['78944400.0', '78963093.0', '78963331.0'], 'State': 'failed', 'RecordedSite': True, 'Error': [50115, 'BadFWJRXML', {}]}, '415': {'Retries': 2, 'Restarts': 0, 'SiteHistory': ['Unknown', 'T2_IT_Pisa', 'T2_IT_Pisa', 'T2_IT_Pisa', 'T2_IT_Pisa', 'T2_IT_Pisa', 'T2_IT_Pisa'], 'ResidentSetSize': [104392, 32644, 45456], 'SubmitTimes': [1742226542.0, 1742230930.0, 1742231184.0], 'StartTimes': [1742230686.0, 1742230986.0, 1742231197.0], 'EndTimes': [1742230800.0, 1742231054.0, 1742231334.0], 'TotalUserCpuTimeHistory': [36, 10, 40], 'TotalSysCpuTimeHistory': [0, 0, 4], 'WallDurations': [8.0, 80.08619904518127, 114.0, 68.0, 80.87473464012146, 137.0, 170.59663248062134], 'JobIds': ['78944402.0', '78963240.0', '78963347.0'], 'State': 'failed', 'RecordedSite': True, 'Error': [50115, 'BadFWJRXML', {}]}, '406': {'Retries': 2, 'Restarts': 0, 'SiteHistory': ['Unknown', 'T2_IT_Pisa', 'T2_IT_Pisa', 'T2_IT_Pisa', 'T2_IT_Pisa', 'T2_IT_Pisa', 'T2_IT_Pisa'], 'ResidentSetSize': [12324, 52012, 48400], 'SubmitTimes': [1742226542.0, 1742230892.0, 1742231195.0], 'StartTimes': [1742230688.0, 1742230944.0, 1742231208.0], 'EndTimes': [1742230820.0, 1742231071.0, 1742231328.0], 'TotalUserCpuTimeHistory': [43, 42, 50], 'TotalSysCpuTimeHistory': [0, 1, 2], 'WallDurations': [9.0, 78.08619904518127, 132.0, 9.0, 127.0, 120.0, 159.59663248062134], 'JobIds': ['78944404.0', '78963212.0', '78963353.0'], 'State': 'failed', 'RecordedSite': True, 'Error': [50115, 'BadFWJRXML', {}]}, '419': {'Retries': 2, 'Restarts': 0, 'SiteHistory': ['Unknown', 'T2_IT_Pisa', 'T2_IT_Pisa', 'T2_IT_Pisa', 'T2_IT_Pisa', 'T2_IT_Pisa', 'T2_IT_Pisa'], 'ResidentSetSize': [213016, 54528, 65296], 'SubmitTimes': [1742226543.0, 1742230983.0, 1742231330.0], 'StartTimes': [1742230691.0, 1742231032.0, 1742231338.0], 'EndTimes': [1742230792.0, 1742231204.0, 1742231521.0], 'TotalUserCpuTimeHistory': [39, 53, 47], 'TotalSysCpuTimeHistory': [1, 1, 0], 'WallDurations': [9.0, 75.08619904518127, 101.0, 9.0, 172.0, 8.0, 183.0], 'JobIds': ['78944406.0', '78963282.0', '78963422.0'], 'State': 'failed', 'RecordedSite': True, 'Error': [50115, 'BadFWJRXML', {}]}, '416': {'Retries': 2, 'Restarts': 0, 'SiteHistory': ['Unknown', 'T2_IT_Pisa', 'T2_IT_Pisa', 'T2_IT_Pisa', 'T2_IT_Pisa', 'T2_IT_Pisa', 'T2_IT_Pisa'], 'ResidentSetSize': [71152, 215880, 53260], 'SubmitTimes': [1742226543.0, 1742230914.0, 1742231169.0], 'StartTimes': [1742230705.0, 1742230958.0, 1742231184.0], 'EndTimes': [1742230844.0, 1742231039.0, 1742231292.0], 'TotalUserCpuTimeHistory': [44, 24, 34], 'TotalSysCpuTimeHistory': [1, 0, 2], 'WallDurations': [8.0, 61.086199045181274, 139.0, 81.0, 108.87473464012146, 108.0, 183.59663248062134], 'JobIds': ['78944407.0', '78963231.0', '78963345.0'], 'State': 'failed', 'RecordedSite': True, 'Error': [50115, 'BadFWJRXML', {}]}, '418': {'Retries': 2, 'Restarts': 0, 'SiteHistory': ['Unknown', 'T2_IT_Pisa', 'T2_IT_Pisa', 'T2_IT_Pisa', 'T2_IT_Pisa', 'T2_IT_Pisa', 'T2_IT_Pisa'], 'ResidentSetSize': [5752, 22184, 215772], 'SubmitTimes': [1742226543.0, 1742230892.0, 1742231169.0], 'StartTimes': [1742230716.0, 1742230949.0, 1742231181.0], 'EndTimes': [1742230819.0, 1742231039.0, 1742231291.0], 'TotalUserCpuTimeHistory': [16, 17, 38], 'TotalSysCpuTimeHistory': [0, 0, 2], 'WallDurations': [8.0, 50.086199045181274, 103.0, 90.0, 117.87473464012146, 110.0, 186.59663248062134], 'JobIds': ['78944408.0', '78963210.0', '78963344.0'], 'State': 'failed', 'RecordedSite': True, 'Error': [50115, 'BadFWJRXML', {}]}, '425': {'Retries': 2, 'Restarts': 0, 'SiteHistory': ['Unknown', 'T2_IT_Pisa', 'T2_IT_Pisa', 'T2_IT_Pisa', 'T2_IT_Pisa', 'T2_IT_Pisa', 'T2_IT_Pisa'], 'ResidentSetSize': [20864, 44876, 49364], 'SubmitTimes': [1742226543.0, 1742230892.0, 1742231216.0], 'StartTimes': [1742230715.0, 1742230935.0, 1742231232.0], 'EndTimes': [1742230819.0, 1742231084.0, 1742231393.0], 'TotalUserCpuTimeHistory': [17, 35, 27], 'TotalSysCpuTimeHistory': [0, 1, 1], 'WallDurations': [8.0, 51.086199045181274, 104.0, 10.0, 149.0, 9.0, 161.0], 'JobIds': ['78944409.0', '78963209.0', '78963359.0'], 'State': 'failed', 'RecordedSite': True, 'Error': [50115, 'BadFWJRXML', {}]}, '417': {'Retries': 2, 'Restarts': 0, 'SiteHistory': ['Unknown', 'T2_IT_Pisa', 'T2_IT_Pisa', 'T2_IT_Pisa', 'T2_IT_Pisa', 'T2_IT_Pisa', 'T2_IT_Pisa'], 'ResidentSetSize': [4988, 3792, 13548], 'SubmitTimes': [1742226543.0, 1742230960.0, 1742231336.0], 'StartTimes': [1742230702.0, 1742231025.0, 1742231353.0], 'EndTimes': [1742230889.0, 1742231208.0, 1742231456.0], 'TotalUserCpuTimeHistory': [49, 49, 40], 'TotalSysCpuTimeHistory': [0, 1, 0], 'WallDurations': [9.0, 64.08619904518127, 187.0, 8.0, 183.0, 9.0, 103.0], 'JobIds': ['78944410.0', '78963257.0', '78963427.0'], 'State': 'failed', 'RecordedSite': True, 'Error': [50115, 'BadFWJRXML', {}]}, '422': {'Retries': 2, 'Restarts': 0, 'SiteHistory': ['Unknown', 'T2_IT_Pisa', 'T2_IT_Pisa', 'T2_IT_Pisa', 'T2_IT_Pisa', 'T2_IT_Pisa', 'T2_IT_Pisa'], 'ResidentSetSize': [52536, 46420, 201124], 'SubmitTimes': [1742226543.0, 1742230971.0, 1742231263.0], 'StartTimes': [1742230705.0, 1742231014.0, 1742231274.0], 'EndTimes': [1742230886.0, 1742231130.0, 1742231398.0], 'TotalUserCpuTimeHistory': [46, 49, 51], 'TotalSysCpuTimeHistory': [0, 1, 1], 'WallDurations': [9.0, 61.086199045181274, 181.0, 9.0, 116.0, 8.0, 124.0], 'JobIds': ['78944411.0', '78963268.0', '78963370.0'], 'State': 'failed', 'RecordedSite': True, 'Error': [50115, 'BadFWJRXML', {}]}, '421': {'Retries': 2, 'Restarts': 0, 'SiteHistory': ['Unknown', 'T2_IT_Pisa', 'T2_IT_Pisa', 'T2_IT_Pisa', 'T2_IT_Pisa', 'T2_IT_Pisa', 'T2_IT_Pisa'], 'ResidentSetSize': [291096, 56404, 25048], 'SubmitTimes': [1742226543.0, 1742230977.0, 1742231247.0], 'StartTimes': [1742230735.0, 1742231026.0, 1742231254.0], 'EndTimes': [1742230912.0, 1742231118.0, 1742231346.0], 'TotalUserCpuTimeHistory': [10, 5, 31], 'TotalSysCpuTimeHistory': [0, 0, 0], 'WallDurations': [10.0, 31.086199045181274, 177.0, 9.0, 92.0, 92.0, 113.59663248062134], 'JobIds': ['78944412.0', '78963275.0', '78963363.0'], 'State': 'failed', 'RecordedSite': True, 'Error': [50115, 'BadFWJRXML', {}]}, '420': {'Retries': 2, 'Restarts': 0, 'SiteHistory': ['Unknown', 'T2_IT_Pisa', 'T2_IT_Pisa', 'T2_IT_Pisa', 'T2_IT_Pisa', 'T2_IT_Pisa', 'T2_IT_Pisa'], 'ResidentSetSize': [4484, 4212, 33000], 'SubmitTimes': [1742226543.0, 1742230940.0, 1742231299.0], 'StartTimes': [1742230750.0, 1742231001.0, 1742231310.0], 'EndTimes': [1742230873.0, 1742231173.0, 1742231506.0], 'TotalUserCpuTimeHistory': [26, 47, 51], 'TotalSysCpuTimeHistory': [0, 0, 0], 'WallDurations': [9.0, 16.086199045181274, 123.0, 9.0, 172.0, 9.0, 196.0], 'JobIds': ['78944413.0', '78963247.0', '78963398.0'], 'State': 'failed', 'RecordedSite': True, 'Error': [50115, 'BadFWJRXML', {}]}, '423': {'Retries': 2, 'Restarts': 0, 'SiteHistory': ['Unknown', 'T2_IT_Pisa', 'T2_IT_Pisa', 'T2_IT_Pisa', 'T2_IT_Pisa', 'T2_IT_Pisa', 'T2_IT_Pisa'], 'ResidentSetSize': [51492, 51860, 64692], 'SubmitTimes': [1742226543.0, 1742230919.0, 1742231190.0], 'StartTimes': [1742230742.0, 1742230966.0, 1742231203.0], 'EndTimes': [1742230851.0, 1742231059.0, 1742231361.0], 'TotalUserCpuTimeHistory': [34, 37, 44], 'TotalSysCpuTimeHistory': [2, 0, 0], 'WallDurations': [9.0, 24.086199045181274, 109.0, 93.0, 100.87473464012146, 158.0, 164.59663248062134], 'JobIds': ['78944414.0', '78963232.0', '78963348.0'], 'State': 'failed', 'RecordedSite': True}, '413': {'Retries': 2, 'Restarts': 0, 'SiteHistory': ['Unknown', 'T2_IT_Pisa', 'T2_IT_Pisa', 'T2_IT_Pisa', 'T2_IT_Pisa', 'T2_IT_Pisa', 'T2_IT_Pisa'], 'ResidentSetSize': [52472, 4480, 38476], 'SubmitTimes': [1742226543.0, 1742230977.0, 1742231263.0], 'StartTimes': [1742230742.0, 1742231016.0, 1742231286.0], 'EndTimes': [1742230908.0, 1742231133.0, 1742231423.0], 'TotalUserCpuTimeHistory': [24, 51, 33], 'TotalSysCpuTimeHistory': [0, 1, 0], 'WallDurations': [9.0, 24.086199045181274, 166.0, 9.0, 117.0, 9.0, 137.0], 'JobIds': ['78944415.0', '78963269.0', '78963371.0'], 'State': 'failed', 'RecordedSite': True, 'Error': [50115, 'BadFWJRXML', {}]}, '411': {'Retries': 2, 'Restarts': 0, 'SiteHistory': ['Unknown', 'T2_IT_Pisa', 'T2_IT_Pisa', 'T2_IT_Pisa', 'T2_IT_Pisa', 'T2_IT_Pisa', 'T2_IT_Pisa'], 'ResidentSetSize': [4236, 52564, 142648], 'SubmitTimes': [1742226543.0, 1742230977.0, 1742231278.0], 'StartTimes': [1742230744.0, 1742231023.0, 1742231292.0], 'EndTimes': [1742230908.0, 1742231144.0, 1742231405.0], 'TotalUserCpuTimeHistory': [22, 34, 41], 'TotalSysCpuTimeHistory': [0, 0, 3], 'WallDurations': [8.0, 22.086199045181274, 164.0, 8.0, 121.0, 8.0, 113.0], 'JobIds': ['78944416.0', '78963270.0', '78963381.0'], 'State': 'failed', 'RecordedSite': True, 'Error': [50115, 'BadFWJRXML', {}]}, '412': {'Retries': 2, 'Restarts': 0, 'SiteHistory': ['Unknown', 'T2_IT_Pisa', 'T2_IT_Pisa', 'T2_IT_Pisa', 'T2_IT_Pisa', 'T2_IT_Pisa', 'T2_IT_Pisa'], 'ResidentSetSize': [49164, 213400, 57488], 'SubmitTimes': [1742226543.0, 1742230929.0, 1742231279.0], 'StartTimes': [1742230744.0, 1742230985.0, 1742231295.0], 'EndTimes': [1742230858.0, 1742231097.0, 1742231406.0], 'TotalUserCpuTimeHistory': [36, 36, 50], 'TotalSysCpuTimeHistory': [0, 0, 3], 'WallDurations': [8.0, 22.086199045181274, 114.0, 8.0, 112.0, 8.0, 111.0], 'JobIds': ['78944417.0', '78963237.0', '78963385.0'], 'State': 'failed', 'RecordedSite': True, 'Error': [50115, 'BadFWJRXML', {}]}, '409': {'Retries': 2, 'Restarts': 0, 'SiteHistory': ['Unknown', 'T2_IT_Pisa', 'T2_IT_Pisa', 'T2_IT_Pisa', 'T2_IT_Pisa', 'T2_IT_Pisa', 'T2_IT_Pisa'], 'ResidentSetSize': [54820, 72164, 207992], 'SubmitTimes': [1742226543.0, 1742230935.0, 1742231184.0], 'StartTimes': [1742230765.0, 1742230986.0, 1742231194.0], 'EndTimes': [1742230863.0, 1742231054.0, 1742231335.0], 'TotalUserCpuTimeHistory': [32, 10, 52], 'TotalSysCpuTimeHistory': [0, 0, 4], 'WallDurations': [0, 1.0861990451812744, 98.0, 68.0, 80.87473464012146, 141.0, 173.59663248062134], 'JobIds': ['78944418.0', '78963241.0', '78963346.0'], 'State': 'failed', 'RecordedSite': True, 'Error': [50115, 'BadFWJRXML', {}]}, '407': {'Retries': 2, 'Restarts': 0, 'SiteHistory': ['Unknown', 'T2_IT_Pisa', 'T2_IT_Pisa', 'T2_IT_Pisa', 'T2_IT_Pisa', 'T2_IT_Pisa', 'T2_IT_Pisa'], 'ResidentSetSize': [38756, 38420, 49608], 'SubmitTimes': [1742226543.0, 1742230945.0, 1742231242.0], 'StartTimes': [1742230780.0, 1742231003.0, 1742231249.0], 'EndTimes': [1742230873.0, 1742231111.0, 1742231367.0], 'TotalUserCpuTimeHistory': [39, 33, 34], 'TotalSysCpuTimeHistory': [0, 1, 1], 'WallDurations': [0, 93.0, 8.0, 63.87473464012146, 108.0, 118.0, 118.0], 'JobIds': ['78944419.0', '78963249.0', '78963362.0'], 'State': 'failed', 'RecordedSite': True, 'Error': [50115, 'BadFWJRXML', {}]}, '408': {'Retries': 2, 'Restarts': 0, 'SiteHistory': ['Unknown', 'T2_IT_Pisa', 'T2_IT_Pisa', 'T2_IT_Pisa', 'T2_IT_Pisa', 'T2_IT_Pisa', 'T2_IT_Pisa'], 'ResidentSetSize': [206148, 6356, 68332], 'SubmitTimes': [1742226543.0, 1742230960.0, 1742231336.0], 'StartTimes': [1742230767.0, 1742231021.0, 1742231378.0], 'EndTimes': [1742230890.0, 1742231208.0, 1742231442.0], 'TotalUserCpuTimeHistory': [33, 50, 26], 'TotalSysCpuTimeHistory': [0, 1, 0], 'WallDurations': [123.0, 9.0, 45.87473464012146, 45.87473464012146, 187.0, 64.0, 290.8678619861603], 'JobIds': ['78944420.0', '78963256.0', '78963426.0'], 'State': 'failed', 'RecordedSite': True, 'Error': [50115, 'BadFWJRXML', {}]}, '414': {'Retries': 2, 'Restarts': 0, 'SiteHistory': ['Unknown', 'T2_IT_Pisa', 'T2_IT_Pisa', 'T2_IT_Pisa', 'T2_IT_Pisa', 'T2_IT_Pisa', 'T2_IT_Pisa'], 'ResidentSetSize': [53656, 68188, 3800], 'SubmitTimes': [1742226543.0, 1742230950.0, 1742231310.0], 'StartTimes': [1742230768.0, 1742231019.0, 1742231322.0], 'EndTimes': [1742230886.0, 1742231179.0, 1742231430.0], 'TotalUserCpuTimeHistory': [35, 21, 38], 'TotalSysCpuTimeHistory': [0, 0, 0], 'WallDurations': [118.0, 9.0, 47.87473464012146, 47.87473464012146, 160.0, 9.0, 108.0], 'JobIds': ['78944421.0', '78963255.0', '78963405.0'], 'State': 'failed', 'RecordedSite': True, 'Error': [50115, 'BadFWJRXML', {}]}, '424': {'Retries': 2, 'Restarts': 0, 'SiteHistory': ['Unknown', 'T2_IT_Pisa', 'T2_IT_Pisa', 'T2_IT_Pisa', 'T2_IT_Pisa', 'T2_IT_Pisa', 'T2_IT_Pisa'], 'ResidentSetSize': [53896, 13532, 49420], 'SubmitTimes': [1742226543.0, 1742230950.0, 1742231310.0], 'StartTimes': [1742230770.0, 1742231020.0, 1742231318.0], 'EndTimes': [1742230886.0, 1742231180.0, 1742231427.0], 'TotalUserCpuTimeHistory': [33, 9, 40], 'TotalSysCpuTimeHistory': [0, 0, 0], 'WallDurations': [116.0, 9.0, 46.87473464012146, 46.87473464012146, 160.0, 9.0, 109.0], 'JobIds': ['78944422.0', '78963254.0', '78963403.0'], 'State': 'failed', 'RecordedSite': True, 'Error': [50115, 'BadFWJRXML', {}]}, '435': {'Retries': 2, 'Restarts': 0, 'SiteHistory': ['Unknown', 'T2_IT_Pisa', 'T2_IT_Pisa', 'T2_IT_Pisa', 'T2_IT_Pisa', 'T2_IT_Pisa', 'T2_IT_Pisa'], 'ResidentSetSize': [46860, 201068, 53884], 'SubmitTimes': [1742226544.0, 1742230966.0, 1742231320.0], 'StartTimes': [1742230775.0, 1742231015.0, 1742231332.0], 'EndTimes': [1742230894.0, 1742231195.0, 1742231465.0], 'TotalUserCpuTimeHistory': [44, 20, 55], 'TotalSysCpuTimeHistory': [0, 0, 2], 'WallDurations': [119.0, 9.0, 51.87473464012146, 51.87473464012146, 180.0, 9.0, 133.0], 'JobIds': ['78944423.0', '78963262.0', '78963417.0'], 'State': 'failed', 'RecordedSite': True, 'Error': [50115, 'BadFWJRXML', {}]}, '428': {'Retries': 2, 'Restarts': 0, 'SiteHistory': ['Unknown', 'T2_IT_Pisa', 'T2_IT_Pisa', 'T2_IT_Pisa', 'T2_IT_Pisa', 'T2_IT_Pisa', 'T2_IT_Pisa'], 'ResidentSetSize': [38680, 37524, 139456], 'SubmitTimes': [1742226544.0, 1742230966.0, 1742231299.0], 'StartTimes': [1742230780.0, 1742231037.0, 1742231311.0], 'EndTimes': [1742230897.0, 1742231171.0, 1742231502.0], 'TotalUserCpuTimeHistory': [43, 13, 40], 'TotalSysCpuTimeHistory': [1, 0, 0], 'WallDurations': [117.0, 9.0, 29.87473464012146, 29.87473464012146, 134.0, 9.0, 191.0], 'JobIds': ['78944424.0', '78963260.0', '78963397.0'], 'State': 'failed', 'RecordedSite': True, 'Error': [50115, 'BadFWJRXML', {}]}, '432': {'Retries': 2, 'Restarts': 0, 'SiteHistory': ['Unknown', 'T2_IT_Pisa', 'T2_IT_Pisa', 'T2_IT_Pisa', 'T2_IT_Pisa', 'T2_IT_Pisa', 'T2_IT_Pisa'], 'ResidentSetSize': [215252, 23704, 9596], 'SubmitTimes': [1742226544.0, 1742230945.0, 1742231247.0], 'StartTimes': [1742230776.0, 1742231001.0, 1742231269.0], 'EndTimes': [1742230872.0, 1742231118.0, 1742231456.0], 'TotalUserCpuTimeHistory': [31, 39, 50], 'TotalSysCpuTimeHistory': [0, 1, 1], 'WallDurations': [96.0, 9.0, 65.87473464012146, 65.87473464012146, 117.0, 9.0, 187.0], 'JobIds': ['78944425.0', '78963248.0', '78963365.0'], 'State': 'failed', 'RecordedSite': True, 'Error': [50115, 'BadFWJRXML', {}]}, '426': {'Retries': 2, 'Restarts': 0, 'SiteHistory': ['Unknown', 'T2_IT_Pisa', 'T2_IT_Pisa', 'T2_IT_Pisa', 'T2_IT_Pisa', 'T2_IT_Pisa', 'T2_IT_Pisa'], 'ResidentSetSize': [71244, 5188, 70496], 'SubmitTimes': [1742226544.0, 1742230935.0, 1742231195.0], 'StartTimes': [1742230770.0, 1742230972.0, 1742231207.0], 'EndTimes': [1742230862.0, 1742231064.0, 1742231391.0], 'TotalUserCpuTimeHistory': [30, 39, 35], 'TotalSysCpuTimeHistory': [0, 1, 0], 'WallDurations': [92.0, 92.0, 94.87473464012146, 94.87473464012146, 94.87473464012146, 9.0, 184.0], 'JobIds': ['78944426.0', '78963242.0', '78963352.0'], 'State': 'failed', 'RecordedSite': True, 'Error': [50115, 'BadFWJRXML', {}]}, '427': {'Retries': 2, 'Restarts': 0, 'SiteHistory': ['Unknown', 'T2_IT_Pisa', 'T2_IT_Pisa', 'T2_IT_Pisa', 'T2_IT_Pisa', 'T2_IT_Pisa', 'T2_IT_Pisa'], 'ResidentSetSize': [49980, 3200, 50220], 'SubmitTimes': [1742226544.0, 1742230935.0, 1742231190.0], 'StartTimes': [1742230772.0, 1742230972.0, 1742231198.0], 'EndTimes': [1742230871.0, 1742231062.0, 1742231329.0], 'TotalUserCpuTimeHistory': [29, 39, 46], 'TotalSysCpuTimeHistory': [0, 1, 2], 'WallDurations': [99.0, 90.0, 94.87473464012146, 94.87473464012146, 94.87473464012146, 131.0, 169.59663248062134], 'JobIds': ['78944427.0', '78963243.0', '78963349.0'], 'State': 'failed', 'RecordedSite': True, 'Error': [50115, 'BadFWJRXML', {}]}, '434': {'Retries': 2, 'Restarts': 0, 'SiteHistory': ['Unknown', 'T2_IT_Pisa', 'T2_IT_Pisa', 'T2_IT_Pisa', 'T2_IT_Pisa', 'T2_IT_Pisa', 'T2_IT_Pisa'], 'ResidentSetSize': [46384, 44152, 37660], 'SubmitTimes': [1742226544.0, 1742230950.0, 1742231268.0], 'StartTimes': [1742230772.0, 1742231003.0, 1742231287.0], 'EndTimes': [1742230882.0, 1742231143.0, 1742231420.0], 'TotalUserCpuTimeHistory': [40, 42, 47], 'TotalSysCpuTimeHistory': [0, 3, 0], 'WallDurations': [110.0, 9.0, 63.87473464012146, 63.87473464012146, 140.0, 8.0, 133.0], 'JobIds': ['78944428.0', '78963252.0', '78963376.0'], 'State': 'failed', 'RecordedSite': True, 'Error': [50115, 'BadFWJRXML', {}]}, '436': {'Retries': 2, 'Restarts': 0, 'SiteHistory': ['Unknown', 'T2_IT_Pisa', 'T2_IT_Pisa', 'T2_IT_Pisa', 'T2_IT_Pisa', 'T2_IT_Pisa', 'T2_IT_Pisa'], 'ResidentSetSize': [35488, 68296, 48484], 'SubmitTimes': [1742226544.0, 1742230966.0, 1742231268.0], 'StartTimes': [1742230774.0, 1742231015.0, 1742231276.0], 'EndTimes': [1742230894.0, 1742231134.0, 1742231419.0], 'TotalUserCpuTimeHistory': [38, 30, 36], 'TotalSysCpuTimeHistory': [0, 0, 0], 'WallDurations': [120.0, 9.0, 51.87473464012146, 51.87473464012146, 119.0, 8.0, 143.0], 'JobIds': ['78944429.0', '78963261.0', '78963373.0'], 'State': 'failed', 'RecordedSite': True, 'Error': [50115, 'BadFWJRXML', {}]}, '433': {'Retries': 2, 'Restarts': 0, 'SiteHistory': ['Unknown', 'T2_IT_Pisa', 'T2_IT_Pisa', 'T2_IT_Pisa', 'T2_IT_Pisa', 'T2_IT_Pisa', 'T2_IT_Pisa'], 'ResidentSetSize': [20852, 38660, 188976], 'SubmitTimes': [1742226544.0, 1742231000.0, 1742231247.0], 'StartTimes': [1742230780.0, 1742231039.0, 1742231273.0], 'EndTimes': [1742230933.0, 1742231123.0, 1742231451.0], 'TotalUserCpuTimeHistory': [29, 32, 48], 'TotalSysCpuTimeHistory': [1, 1, 1], 'WallDurations': [153.0, 9.0, 27.87473464012146, 27.87473464012146, 84.0, 8.0, 178.0], 'JobIds': ['78944430.0', '78963288.0', '78963366.0'], 'State': 'failed', 'RecordedSite': True, 'Error': [50115, 'BadFWJRXML', {}]}, '438': {'Retries': 2, 'Restarts': 0, 'SiteHistory': ['Unknown', 'T2_IT_Pisa', 'T2_IT_Pisa', 'T2_IT_Pisa', 'T2_IT_Pisa', 'T2_IT_Pisa', 'T2_IT_Pisa'], 'ResidentSetSize': [197004, 50144, 52564], 'SubmitTimes': [1742226544.0, 1742231000.0, 1742231284.0], 'StartTimes': [1742230778.0, 1742231054.0, 1742231304.0], 'EndTimes': [1742230933.0, 1742231158.0, 1742231414.0], 'TotalUserCpuTimeHistory': [44, 21, 35], 'TotalSysCpuTimeHistory': [1, 0, 0], 'WallDurations': [155.0, 8.0, 12.87473464012146, 12.87473464012146, 104.0, 10.0, 110.0], 'JobIds': ['78944431.0', '78963290.0', '78963391.0'], 'State': 'failed', 'RecordedSite': True, 'Error': [50115, 'BadFWJRXML', {}]}, '430': {'Retries': 2, 'Restarts': 0, 'SiteHistory': ['Unknown', 'T2_IT_Pisa', 'T2_IT_Pisa', 'T2_IT_Pisa', 'T2_IT_Pisa', 'T2_IT_Pisa', 'T2_IT_Pisa'], 'ResidentSetSize': [195296, 38660, 55432], 'SubmitTimes': [1742226544.0, 1742231000.0, 1742231273.0], 'StartTimes': [1742230776.0, 1742231041.0, 1742231284.0], 'EndTimes': [1742230933.0, 1742231146.0, 1742231399.0], 'TotalUserCpuTimeHistory': [33, 38, 40], 'TotalSysCpuTimeHistory': [1, 0, 1], 'WallDurations': [157.0, 8.0, 25.87473464012146, 25.87473464012146, 105.0, 8.0, 115.0], 'JobIds': ['78944432.0', '78963287.0', '78963379.0'], 'State': 'failed', 'RecordedSite': True, 'Error': [50115, 'BadFWJRXML', {}]}, '431': {'Retries': 2, 'Restarts': 0, 'SiteHistory': ['Unknown', 'T2_IT_Pisa', 'T2_IT_Pisa', 'T2_IT_Pisa', 'T2_IT_Pisa', 'T2_IT_Pisa', 'T2_IT_Pisa'], 'ResidentSetSize': [4304, 49156, 44876], 'SubmitTimes': [1742226544.0, 1742231000.0, 1742231320.0], 'StartTimes': [1742230784.0, 1742231060.0, 1742231332.0], 'EndTimes': [1742230932.0, 1742231194.0, 1742231451.0], 'TotalUserCpuTimeHistory': [30, 42, 48], 'TotalSysCpuTimeHistory': [0, 1, 0], 'WallDurations': [148.0, 0, 6.87473464012146, 6.87473464012146, 134.0, 8.0, 119.0], 'JobIds': ['78944433.0', '78963292.0', '78963416.0'], 'State': 'failed', 'RecordedSite': True, 'Error': [50115, 'BadFWJRXML', {}]}, '429': {'Retries': 2, 'Restarts': 0, 'SiteHistory': ['Unknown', 'T2_IT_Pisa', 'T2_IT_Pisa', 'T2_IT_Pisa', 'T2_IT_Pisa', 'T2_IT_Pisa', 'T2_IT_Pisa'], 'ResidentSetSize': [53248, 82668, 44624], 'SubmitTimes': [1742226544.0, 1742230940.0, 1742231305.0], 'StartTimes': [1742230777.0, 1742230989.0, 1742231330.0], 'EndTimes': [1742230870.0, 1742231179.0, 1742231430.0], 'TotalUserCpuTimeHistory': [37, 44, 22], 'TotalSysCpuTimeHistory': [0, 0, 0], 'WallDurations': [93.0, 9.0, 77.87473464012146, 77.87473464012146, 190.0, 10.0, 100.0], 'JobIds': ['78944434.0', '78963244.0', '78963400.0'], 'State': 'failed', 'RecordedSite': True, 'Error': [50115, 'BadFWJRXML', {}]}, '437': {'Retries': 2, 'Restarts': 0, 'SiteHistory': ['Unknown', 'T2_IT_Pisa', 'T2_IT_Pisa', 'T2_IT_Pisa', 'T2_IT_Pisa', 'T2_IT_Pisa', 'T2_IT_Pisa'], 'ResidentSetSize': [149780, 52008, 26500], 'SubmitTimes': [1742226544.0, 1742230983.0, 1742231279.0], 'StartTimes': [1742230789.0, 1742231029.0, 1742231319.0], 'EndTimes': [1742230896.0, 1742231153.0, 1742231423.0], 'TotalUserCpuTimeHistory': [50, 40, 16], 'TotalSysCpuTimeHistory': [1, 1, 0], 'WallDurations': [107.0, 8.0, 37.87473464012146, 37.87473464012146, 124.0, 8.0, 104.0], 'JobIds': ['78944435.0', '78963281.0', '78963388.0'], 'State': 'failed', 'RecordedSite': True, 'Error': [50115, 'BadFWJRXML', {}]}, '448': {'Retries': 2, 'Restarts': 0, 'SiteHistory': ['Unknown', 'T2_IT_Pisa', 'T2_IT_Pisa', 'T2_IT_Pisa', 'T2_IT_Pisa', 'T2_IT_Pisa', 'T2_IT_Pisa'], 'ResidentSetSize': [63684, 186992, 201104], 'SubmitTimes': [1742226545.0, 1742230966.0, 1742231257.0], 'StartTimes': [1742230802.0, 1742231006.0, 1742231264.0], 'EndTimes': [1742230896.0, 1742231124.0, 1742231403.0], 'TotalUserCpuTimeHistory': [26, 35, 36], 'TotalSysCpuTimeHistory': [1, 1, 0], 'WallDurations': [94.0, 9.0, 60.87473464012146, 60.87473464012146, 118.0, 8.0, 139.0], 'JobIds': ['78944436.0', '78963259.0', '78963367.0'], 'State': 'failed', 'RecordedSite': True, 'Error': [50115, 'BadFWJRXML', {}]}, '440': {'Retries': 2, 'Restarts': 0, 'SiteHistory': ['Unknown', 'T2_IT_Pisa', 'T2_IT_Pisa', 'T2_IT_Pisa', 'T2_IT_Pisa', 'T2_IT_Pisa', 'T2_IT_Pisa'], 'ResidentSetSize': [37092, 56356, 67716], 'SubmitTimes': [1742226545.0, 1742230977.0, 1742231247.0], 'StartTimes': [1742230796.0, 1742231028.0, 1742231259.0], 'EndTimes': [1742230908.0, 1742231118.0, 1742231450.0], 'TotalUserCpuTimeHistory': [33, 6, 53], 'TotalSysCpuTimeHistory': [0, 0, 1], 'WallDurations': [112.0, 8.0, 38.87473464012146, 38.87473464012146, 90.0, 9.0, 191.0], 'JobIds': ['78944437.0', '78963271.0', '78963364.0'], 'State': 'failed', 'RecordedSite': True, 'Error': [50115, 'BadFWJRXML', {}]}, '445': {'Retries': 2, 'Restarts': 0, 'SiteHistory': ['Unknown', 'T2_IT_Pisa', 'T2_IT_Pisa', 'T2_IT_Pisa', 'T2_IT_Pisa', 'T2_IT_Pisa', 'T2_IT_Pisa'], 'ResidentSetSize': [4068, 53888, 89600], 'SubmitTimes': [1742226545.0, 1742231000.0, 1742231284.0], 'StartTimes': [1742230796.0, 1742231035.0, 1742231305.0], 'EndTimes': [1742230930.0, 1742231156.0, 1742231397.0], 'TotalUserCpuTimeHistory': [46, 36, 28], 'TotalSysCpuTimeHistory': [3, 0, 0], 'WallDurations': [134.0, 9.0, 31.87473464012146, 31.87473464012146, 121.0, 8.0, 92.0], 'JobIds': ['78944438.0', '78963289.0', '78963393.0'], 'State': 'failed', 'RecordedSite': True, 'Error': [50115, 'BadFWJRXML', {}]}, '443': {'Retries': 2, 'Restarts': 0, 'SiteHistory': ['Unknown', 'T2_IT_Pisa', 'T2_IT_Pisa', 'T2_IT_Pisa', 'T2_IT_Pisa', 'T2_IT_Pisa', 'T2_IT_Pisa'], 'ResidentSetSize': [38920, 212368, 133348], 'SubmitTimes': [1742226545.0, 1742230983.0, 1742231349.0], 'StartTimes': [1742230799.0, 1742231034.0, 1742231380.0], 'EndTimes': [1742230917.0, 1742231159.0, 1742231532.0], 'TotalUserCpuTimeHistory': [54, 57, 24], 'TotalSysCpuTimeHistory': [1, 3, 0], 'WallDurations': [118.0, 8.0, 32.87473464012146, 32.87473464012146, 125.0, 152.0, 288.8678619861603], 'JobIds': ['78944439.0', '78963283.0', '78963439.0'], 'State': 'failed', 'RecordedSite': True, 'Error': [50115, 'BadFWJRXML', {}]}, '442': {'Retries': 2, 'Restarts': 0, 'SiteHistory': ['Unknown', 'T2_IT_Pisa', 'T2_IT_Pisa', 'T2_IT_Pisa', 'T2_IT_Pisa', 'T2_IT_Pisa', 'T2_IT_Pisa'], 'ResidentSetSize': [44928, 38536, 210004], 'SubmitTimes': [1742226545.0, 1742231042.0, 1742231263.0], 'StartTimes': [1742230800.0, 1742231070.0, 1742231277.0], 'EndTimes': [1742230975.0, 1742231137.0, 1742231364.0], 'TotalUserCpuTimeHistory': [48, 25, 27], 'TotalSysCpuTimeHistory': [0, 0, 0], 'WallDurations': [175.0, 0, 266.87473464012146, 67.0, 87.0, 90.59663248062134, 90.59663248062134], 'JobIds': ['78944440.0', '78963309.0', '78963372.0'], 'State': 'failed', 'RecordedSite': True, 'Error': [50115, 'BadFWJRXML', {}]}, '441': {'Retries': 2, 'Restarts': 0, 'SiteHistory': ['Unknown', 'T2_IT_Pisa', 'T2_IT_Pisa', 'T2_IT_Pisa', 'T2_IT_Pisa', 'T2_IT_Pisa', 'T2_IT_Pisa'], 'ResidentSetSize': [11652, 52080, 16724], 'SubmitTimes': [1742226545.0, 1742231000.0, 1742231284.0], 'StartTimes': [1742230838.0, 1742231050.0, 1742231326.0], 'EndTimes': [1742230931.0, 1742231159.0, 1742231424.0], 'TotalUserCpuTimeHistory': [14, 24, 20], 'TotalSysCpuTimeHistory': [0, 0, 0], 'WallDurations': [93.0, 8.0, 16.87473464012146, 16.87473464012146, 109.0, 8.0, 98.0], 'JobIds': ['78944441.0', '78963291.0', '78963394.0'], 'State': 'failed', 'RecordedSite': True, 'Error': [50115, 'BadFWJRXML', {}]}, '450': {'Retries': 2, 'Restarts': 0, 'SiteHistory': ['Unknown', 'T2_IT_Pisa', 'T2_IT_Pisa', 'T2_IT_Pisa', 'T2_IT_Pisa', 'T2_IT_Pisa', 'T2_IT_Pisa'], 'ResidentSetSize': [150540, 46176, 66808], 'SubmitTimes': [1742226545.0, 1742231124.0, 1742231375.0], 'StartTimes': [1742230853.0, 1742231135.0, 1742231393.0], 'EndTimes': [1742231054.0, 1742231247.0, 1742231512.0], 'TotalUserCpuTimeHistory': [47, 41, 41], 'TotalSysCpuTimeHistory': [0, 0, 1], 'WallDurations': [201.0, 213.87473464012146, 213.87473464012146, 112.0, 232.59663248062134, 119.0, 275.8678619861603], 'JobIds': ['78944442.0', '78963335.0', '78963457.0'], 'State': 'failed', 'RecordedSite': True, 'Error': [50115, 'BadFWJRXML', {}]}, '444': {'Retries': 2, 'Restarts': 0, 'SiteHistory': ['Unknown', 'T2_IT_Pisa', 'T2_IT_Pisa', 'T2_IT_Pisa', 'T2_IT_Pisa', 'T2_IT_Pisa', 'T2_IT_Pisa'], 'ResidentSetSize': [37944, 46448, 52368], 'SubmitTimes': [1742226545.0, 1742231057.0, 1742231279.0], 'StartTimes': [1742230862.0, 1742231063.0, 1742231305.0], 'EndTimes': [1742230987.0, 1742231153.0, 1742231442.0], 'TotalUserCpuTimeHistory': [42, 32, 47], 'TotalSysCpuTimeHistory': [1, 0, 1], 'WallDurations': [125.0, 0, 3.87473464012146, 3.87473464012146, 90.0, 10.0, 137.0], 'JobIds': ['78944443.0', '78963312.0', '78963389.0'], 'State': 'failed', 'RecordedSite': True, 'Error': [50115, 'BadFWJRXML', {}]}, '447': {'Retries': 2, 'Restarts': 0, 'SiteHistory': ['Unknown', 'T2_IT_Pisa', 'T2_IT_Pisa', 'T2_IT_Pisa', 'T2_IT_Pisa', 'T2_IT_Pisa', 'T2_IT_Pisa'], 'ResidentSetSize': [44608, 189716, 72356], 'SubmitTimes': [1742226545.0, 1742231037.0, 1742231268.0], 'StartTimes': [1742230868.0, 1742231071.0, 1742231286.0], 'EndTimes': [1742230970.0, 1742231140.0, 1742231426.0], 'TotalUserCpuTimeHistory': [28, 22, 39], 'TotalSysCpuTimeHistory': [0, 0, 0], 'WallDurations': [102.0, 0, 198.87473464012146, 69.0, 9.0, 81.59663248062134, 140.0], 'JobIds': ['78944444.0', '78963306.0', '78963377.0'], 'State': 'failed', 'RecordedSite': True, 'Error': [50115, 'BadFWJRXML', {}]}, '451': {'Retries': 2, 'Restarts': 0, 'SiteHistory': ['Unknown', 'T2_IT_Pisa', 'T2_IT_Pisa', 'T2_IT_Pisa', 'T2_IT_Pisa', 'T2_IT_Pisa', 'T2_IT_Pisa'], 'ResidentSetSize': [44900, 209192, 54220], 'SubmitTimes': [1742226545.0, 1742231037.0, 1742231385.0], 'StartTimes': [1742230854.0, 1742231057.0, 1742231413.0], 'EndTimes': [1742230963.0, 1742231254.0, 1742231494.0], 'TotalUserCpuTimeHistory': [45, 50, 21], 'TotalSysCpuTimeHistory': [1, 1, 0], 'WallDurations': [109.0, 8.0, 9.87473464012146, 9.87473464012146, 197.0, 81.0, 255.86786198616028], 'JobIds': ['78944445.0', '78963304.0', '78963465.0'], 'State': 'failed', 'RecordedSite': True, 'Error': [50115, 'BadFWJRXML', {}]}, '452': {'Retries': 2, 'Restarts': 0, 'SiteHistory': ['Unknown', 'T2_IT_Pisa', 'T2_IT_Pisa', 'T2_IT_Pisa', 'T2_IT_Pisa', 'T2_IT_Pisa', 'T2_IT_Pisa'], 'ResidentSetSize': [212632, 4088, 44928], 'SubmitTimes': [1742226545.0, 1742231084.0, 1742231354.0], 'StartTimes': [1742230854.0, 1742231116.0, 1742231364.0], 'EndTimes': [1742231011.0, 1742231223.0, 1742231494.0], 'TotalUserCpuTimeHistory': [19, 35, 50], 'TotalSysCpuTimeHistory': [0, 0, 3], 'WallDurations': [157.0, 212.87473464012146, 212.87473464012146, 107.0, 0, 3.596632480621338, 130.0], 'JobIds': ['78944446.0', '78963329.0', '78963440.0'], 'State': 'failed', 'RecordedSite': True, 'Error': [50115, 'BadFWJRXML', {}]}, '439': {'Retries': 2, 'Restarts': 0, 'SiteHistory': ['Unknown', 'T2_IT_Pisa', 'T2_IT_Pisa', 'T2_IT_Pisa', 'T2_IT_Pisa', 'T2_IT_Pisa', 'T2_IT_Pisa'], 'ResidentSetSize': [93076, 21444, 57776], 'SubmitTimes': [1742226545.0, 1742231077.0, 1742231369.0], 'StartTimes': [1742230855.0, 1742231091.0, 1742231400.0], 'EndTimes': [1742231010.0, 1742231238.0, 1742231536.0], 'TotalUserCpuTimeHistory': [25, 33, 41], 'TotalSysCpuTimeHistory': [0, 0, 1], 'WallDurations': [155.0, 211.87473464012146, 211.87473464012146, 147.0, 276.59663248062134, 136.0, 268.8678619861603], 'JobIds': ['78944447.0', '78963325.0', '78963451.0'], 'State': 'failed', 'RecordedSite': True, 'Error': [50115, 'BadFWJRXML', {}]}, '449': {'Retries': 2, 'Restarts': 0, 'SiteHistory': ['Unknown', 'T2_IT_Pisa', 'T2_IT_Pisa', 'T2_IT_Pisa', 'T2_IT_Pisa', 'T2_IT_Pisa', 'T2_IT_Pisa'], 'ResidentSetSize': [41208, 45920, 52552], 'SubmitTimes': [1742226545.0, 1742231057.0, 1742231279.0], 'StartTimes': [1742230873.0, 1742231063.0, 1742231296.0], 'EndTimes': [1742230984.0, 1742231153.0, 1742231413.0], 'TotalUserCpuTimeHistory': [27, 30, 44], 'TotalSysCpuTimeHistory': [0, 0, 2], 'WallDurations': [111.0, 0, 3.87473464012146, 3.87473464012146, 90.0, 9.0, 117.0], 'JobIds': ['78944448.0', '78963313.0', '78963386.0'], 'State': 'failed', 'RecordedSite': True, 'Error': [50115, 'BadFWJRXML', {}]}, '446': {'Retries': 2, 'Restarts': 0, 'SiteHistory': ['Unknown', 'T2_IT_Pisa', 'T2_IT_Pisa', 'T2_IT_Pisa', 'T2_IT_Pisa', 'T2_IT_Pisa', 'T2_IT_Pisa'], 'ResidentSetSize': [38552, 7300, 44656], 'SubmitTimes': [1742226545.0, 1742231016.0, 1742231289.0], 'StartTimes': [1742230864.0, 1742231059.0, 1742231310.0], 'EndTimes': [1742230949.0, 1742231162.0, 1742231501.0], 'TotalUserCpuTimeHistory': [28, 30, 40], 'TotalSysCpuTimeHistory': [0, 1, 0], 'WallDurations': [85.0, 0, 7.87473464012146, 7.87473464012146, 103.0, 9.0, 191.0], 'JobIds': ['78944449.0', '78963297.0', '78963396.0'], 'State': 'failed', 'RecordedSite': True, 'Error': [50115, 'BadFWJRXML', {}]}, '453': {'Retries': 2, 'Restarts': 0, 'SiteHistory': ['Unknown', 'T2_IT_Pisa', 'T2_IT_Pisa', 'T2_IT_Pisa', 'T2_IT_Pisa', 'T2_IT_Pisa', 'T2_IT_Pisa'], 'ResidentSetSize': [215720, 215784, 64456], 'SubmitTimes': [1742226545.0, 1742231016.0, 1742231305.0], 'StartTimes': [1742230858.0, 1742231039.0, 1742231315.0], 'EndTimes': [1742230948.0, 1742231177.0, 1742231488.0], 'TotalUserCpuTimeHistory': [36, 49, 17], 'TotalSysCpuTimeHistory': [1, 3, 0], 'WallDurations': [90.0, 9.0, 27.87473464012146, 27.87473464012146, 138.0, 8.0, 173.0], 'JobIds': ['78944450.0', '78963296.0', '78963401.0'], 'State': 'failed', 'RecordedSite': True, 'Error': [50115, 'BadFWJRXML', {}]}, '459': {'Retries': 2, 'Restarts': 0, 'SiteHistory': ['Unknown', 'T2_IT_Pisa', 'T2_IT_Pisa', 'T2_IT_Pisa', 'T2_IT_Pisa', 'T2_IT_Pisa', 'T2_IT_Pisa'], 'ResidentSetSize': [94384, 51484, 215744], 'SubmitTimes': [1742226546.0, 1742231067.0, 1742231437.0], 'StartTimes': [1742230860.0, 1742231114.0, 1742231446.0], 'EndTimes': [1742231000.0, 1742231307.0, 1742231538.0], 'TotalUserCpuTimeHistory': [42, 46, 26], 'TotalSysCpuTimeHistory': [0, 0, 0], 'WallDurations': [140.0, 206.87473464012146, 206.87473464012146, 193.0, 253.59663248062134, 92.0, 222.86786198616028], 'JobIds': ['78944451.0', '78963322.0', '78963496.0'], 'State': 'failed', 'RecordedSite': True, 'Error': [50115, 'BadFWJRXML', {}]}, '467': {'Retries': 2, 'Restarts': 0, 'SiteHistory': ['Unknown', 'T2_IT_Pisa', 'T2_IT_Pisa', 'T2_IT_Pisa', 'T2_IT_Pisa', 'T2_IT_Pisa', 'T2_IT_Pisa'], 'ResidentSetSize': [38652, 69504, 41476], 'SubmitTimes': [1742226546.0, 1742231031.0, 1742231359.0], 'StartTimes': [1742230866.0, 1742231058.0, 1742231379.0], 'EndTimes': [1742230962.0, 1742231227.0, 1742231520.0], 'TotalUserCpuTimeHistory': [37, 30, 39], 'TotalSysCpuTimeHistory': [1, 0, 0], 'WallDurations': [96.0, 8.0, 8.87473464012146, 8.87473464012146, 169.0, 141.0, 289.8678619861603], 'JobIds': ['78944452.0', '78963302.0', '78963444.0'], 'State': 'failed', 'RecordedSite': True, 'Error': [50115, 'BadFWJRXML', {}]}, '466': {'Retries': 2, 'Restarts': 0, 'SiteHistory': ['Unknown', 'T2_IT_Pisa', 'T2_IT_Pisa', 'T2_IT_Pisa', 'T2_IT_Pisa', 'T2_IT_Pisa', 'T2_IT_Pisa'], 'ResidentSetSize': [208108, 53524, 55984], 'SubmitTimes': [1742226546.0, 1742231031.0, 1742231310.0], 'StartTimes': [1742230866.0, 1742231058.0, 1742231320.0], 'EndTimes': [1742230963.0, 1742231183.0, 1742231430.0], 'TotalUserCpuTimeHistory': [37, 43, 37], 'TotalSysCpuTimeHistory': [0, 2, 0], 'WallDurations': [97.0, 8.0, 8.87473464012146, 8.87473464012146, 125.0, 9.0, 110.0], 'JobIds': ['78944453.0', '78963301.0', '78963404.0'], 'State': 'failed', 'RecordedSite': True, 'Error': [50115, 'BadFWJRXML', {}]}, '465': {'Retries': 2, 'Restarts': 0, 'SiteHistory': ['Unknown', 'T2_IT_Pisa', 'T2_IT_Pisa', 'T2_IT_Pisa', 'T2_IT_Pisa', 'T2_IT_Pisa', 'T2_IT_Pisa'], 'ResidentSetSize': [198716, 38656, 66260], 'SubmitTimes': [1742226546.0, 1742231031.0, 1742231278.0], 'StartTimes': [1742230866.0, 1742231045.0, 1742231286.0], 'EndTimes': [1742230962.0, 1742231147.0, 1742231399.0], 'TotalUserCpuTimeHistory': [38, 21, 40], 'TotalSysCpuTimeHistory': [1, 0, 1], 'WallDurations': [96.0, 8.0, 21.87473464012146, 21.87473464012146, 102.0, 9.0, 113.0], 'JobIds': ['78944454.0', '78963300.0', '78963380.0'], 'State': 'failed', 'RecordedSite': True, 'Error': [50115, 'BadFWJRXML', {}]}, '458': {'Retries': 2, 'Restarts': 0, 'SiteHistory': ['Unknown', 'T2_IT_Pisa', 'T2_IT_Pisa', 'T2_IT_Pisa', 'T2_IT_Pisa', 'T2_IT_Pisa', 'T2_IT_Pisa'], 'ResidentSetSize': [38652, 62504, 48756], 'SubmitTimes': [1742226546.0, 1742231047.0, 1742231349.0], 'StartTimes': [1742230867.0, 1742231058.0, 1742231358.0], 'EndTimes': [1742230979.0, 1742231220.0, 1742231510.0], 'TotalUserCpuTimeHistory': [34, 22, 46], 'TotalSysCpuTimeHistory': [0, 0, 2], 'WallDurations': [112.0, 0, 8.87473464012146, 8.87473464012146, 162.0, 0, 152.0], 'JobIds': ['78944455.0', '78963310.0', '78963435.0'], 'State': 'failed', 'RecordedSite': True, 'Error': [50115, 'BadFWJRXML', {}]}, '462': {'Retries': 2, 'Restarts': 0, 'SiteHistory': ['Unknown', 'T2_IT_Pisa', 'T2_IT_Pisa', 'T2_IT_Pisa', 'T2_IT_Pisa', 'T2_IT_Pisa', 'T2_IT_Pisa'], 'ResidentSetSize': [51380, 215712, 37948], 'SubmitTimes': [1742226546.0, 1742231083.0, 1742231375.0], 'StartTimes': [1742230866.0, 1742231097.0, 1742231390.0], 'EndTimes': [1742231015.0, 1742231242.0, 1742231511.0], 'TotalUserCpuTimeHistory': [44, 44, 45], 'TotalSysCpuTimeHistory': [0, 1, 2], 'WallDurations': [149.0, 200.87473464012146, 200.87473464012146, 145.0, 270.59663248062134, 121.0, 278.8678619861603], 'JobIds': ['78944456.0', '78963327.0', '78963458.0'], 'State': 'failed', 'RecordedSite': True, 'Error': [50115, 'BadFWJRXML', {}]}, '455': {'Retries': 2, 'Restarts': 0, 'SiteHistory': ['Unknown', 'T2_IT_Pisa', 'T2_IT_Pisa', 'T2_IT_Pisa', 'T2_IT_Pisa', 'T2_IT_Pisa', 'T2_IT_Pisa'], 'ResidentSetSize': [48712, 67936, 46872], 'SubmitTimes': [1742226547.0, 1742231037.0, 1742231320.0], 'StartTimes': [1742230877.0, 1742231058.0, 1742231326.0], 'EndTimes': [1742230968.0, 1742231193.0, 1742231446.0], 'TotalUserCpuTimeHistory': [31, 34, 22], 'TotalSysCpuTimeHistory': [0, 0, 0], 'WallDurations': [91.0, 8.0, 8.87473464012146, 8.87473464012146, 135.0, 9.0, 120.0], 'JobIds': ['78944457.0', '78963305.0', '78963415.0'], 'State': 'failed', 'RecordedSite': True, 'Error': [50115, 'BadFWJRXML', {}]}, '469': {'Retries': 2, 'Restarts': 0, 'SiteHistory': ['Unknown', 'T2_IT_Pisa', 'T2_IT_Pisa', 'T2_IT_Pisa', 'T2_IT_Pisa', 'T2_IT_Pisa', 'T2_IT_Pisa'], 'ResidentSetSize': [54324, 72476, 68460], 'SubmitTimes': [1742226553.0, 1742231067.0, 1742231336.0], 'StartTimes': [1742230877.0, 1742231089.0, 1742231349.0], 'EndTimes': [1742230998.0, 1742231205.0, 1742231456.0], 'TotalUserCpuTimeHistory': [46, 42, 47], 'TotalSysCpuTimeHistory': [2, 2, 0], 'WallDurations': [121.0, 189.87473464012146, 189.87473464012146, 116.0, 8.0, 18.596632480621338, 107.0], 'JobIds': ['78944539.0', '78963324.0', '78963423.0'], 'State': 'failed', 'RecordedSite': True, 'Error': [50115, 'BadFWJRXML', {}]}, '461': {'Retries': 2, 'Restarts': 0, 'SiteHistory': ['Unknown', 'T2_IT_Pisa', 'T2_IT_Pisa', 'T2_IT_Pisa', 'T2_IT_Pisa', 'T2_IT_Pisa', 'T2_IT_Pisa'], 'ResidentSetSize': [62380, 208116, 51604], 'SubmitTimes': [1742226553.0, 1742231124.0, 1742231380.0], 'StartTimes': [1742230877.0, 1742231136.0, 1742231394.0], 'EndTimes': [1742231054.0, 1742231250.0, 1742231521.0], 'TotalUserCpuTimeHistory': [36, 42, 41], 'TotalSysCpuTimeHistory': [0, 0, 1], 'WallDurations': [177.0, 189.87473464012146, 189.87473464012146, 114.0, 231.59663248062134, 127.0, 274.8678619861603], 'JobIds': ['78944542.0', '78963336.0', '78963461.0'], 'State': 'failed', 'RecordedSite': True, 'Error': [50115, 'BadFWJRXML', {}]}, '456': {'Retries': 2, 'Restarts': 0, 'SiteHistory': ['Unknown', 'T2_IT_Pisa', 'T2_IT_Pisa', 'T2_IT_Pisa', 'T2_IT_Pisa', 'T2_IT_Pisa', 'T2_IT_Pisa'], 'ResidentSetSize': [32648, 151584, 35004], 'SubmitTimes': [1742226553.0, 1742231089.0, 1742231390.0], 'StartTimes': [1742230890.0, 1742231117.0, 1742231396.0], 'EndTimes': [1742231018.0, 1742231260.0, 1742231562.0], 'TotalUserCpuTimeHistory': [52, 48, 31], 'TotalSysCpuTimeHistory': [4, 0, 1], 'WallDurations': [128.0, 176.87473464012146, 176.87473464012146, 143.0, 250.59663248062134, 166.0, 272.8678619861603], 'JobIds': ['78944544.0', '78963330.0', '78963468.0'], 'State': 'failed', 'RecordedSite': True, 'Error': [50115, 'BadFWJRXML', {}]}, '457': {'Retries': 2, 'Restarts': 0, 'SiteHistory': ['Unknown', 'T2_IT_Pisa', 'T2_IT_Pisa', 'T2_IT_Pisa', 'T2_IT_Pisa', 'T2_IT_Pisa', 'T2_IT_Pisa'], 'ResidentSetSize': [55572, 31148, 13868], 'SubmitTimes': [1742226553.0, 1742231057.0, 1742231284.0], 'StartTimes': [1742230887.0, 1742231066.0, 1742231305.0], 'EndTimes': [1742230985.0, 1742231158.0, 1742231398.0], 'TotalUserCpuTimeHistory': [34, 50, 23], 'TotalSysCpuTimeHistory': [1, 0, 0], 'WallDurations': [98.0, 0, 0.87473464012146, 0.87473464012146, 92.0, 8.0, 93.0], 'JobIds': ['78944546.0', '78963314.0', '78963392.0'], 'State': 'failed', 'RecordedSite': True, 'Error': [50115, 'BadFWJRXML', {}]}, '454': {'Retries': 2, 'Restarts': 0, 'SiteHistory': ['Unknown', 'T2_IT_Pisa', 'T2_IT_Pisa', 'T2_IT_Pisa', 'T2_IT_Pisa', 'T2_IT_Pisa', 'T2_IT_Pisa'], 'ResidentSetSize': [34844, 51400, 215732], 'SubmitTimes': [1742226553.0, 1742231067.0, 1742231437.0], 'StartTimes': [1742230887.0, 1742231108.0, 1742231445.0], 'EndTimes': [1742230999.0, 1742231306.0, 1742231539.0], 'TotalUserCpuTimeHistory': [37, 53, 26], 'TotalSysCpuTimeHistory': [1, 1, 0], 'WallDurations': [112.0, 179.87473464012146, 179.87473464012146, 198.0, 259.59663248062134, 94.0, 223.86786198616028], 'JobIds': ['78944548.0', '78963320.0', '78963493.0'], 'State': 'failed', 'RecordedSite': True, 'Error': [50115, 'BadFWJRXML', {}]}, '464': {'Retries': 2, 'Restarts': 0, 'SiteHistory': ['Unknown', 'T2_IT_Pisa', 'T2_IT_Pisa', 'T2_IT_Pisa', 'T2_IT_Pisa', 'T2_IT_Pisa', 'T2_IT_Pisa'], 'ResidentSetSize': [9060, 52072, 208104], 'SubmitTimes': [1742226553.0, 1742231139.0, 1742231380.0], 'StartTimes': [1742230889.0, 1742231150.0, 1742231393.0], 'EndTimes': [1742231068.0, 1742231248.0, 1742231588.0], 'TotalUserCpuTimeHistory': [41, 39, 47], 'TotalSysCpuTimeHistory': [0, 1, 1], 'WallDurations': [9.0, 177.87473464012146, 179.0, 98.0, 217.59663248062134, 195.0, 275.8678619861603], 'JobIds': ['78944550.0', '78963340.0', '78963462.0'], 'State': 'failed', 'RecordedSite': True, 'Error': [50115, 'BadFWJRXML', {}]}, '463': {'Retries': 2, 'Restarts': 0, 'SiteHistory': ['Unknown', 'T2_IT_Pisa', 'T2_IT_Pisa', 'T2_IT_Pisa', 'T2_IT_Pisa', 'T2_IT_Pisa', 'T2_IT_Pisa'], 'ResidentSetSize': [38324, 67712, 53368], 'SubmitTimes': [1742226553.0, 1742231084.0, 1742231364.0], 'StartTimes': [1742230894.0, 1742231095.0, 1742231373.0], 'EndTimes': [1742231012.0, 1742231232.0, 1742231564.0], 'TotalUserCpuTimeHistory': [41, 36, 44], 'TotalSysCpuTimeHistory': [1, 0, 0], 'WallDurations': [118.0, 172.87473464012146, 172.87473464012146, 137.0, 191.0, 295.8678619861603, 295.8678619861603], 'JobIds': ['78944552.0', '78963328.0', '78963447.0'], 'State': 'failed', 'RecordedSite': True, 'Error': [50115, 'BadFWJRXML', {}]}, '460': {'Retries': 2, 'Restarts': 0, 'SiteHistory': ['Unknown', 'T2_IT_Pisa', 'T2_IT_Pisa', 'T2_IT_Pisa', 'T2_IT_Pisa', 'T2_IT_Pisa', 'T2_IT_Pisa'], 'ResidentSetSize': [62164, 4712, 36460], 'SubmitTimes': [1742226553.0, 1742231067.0, 1742231437.0], 'StartTimes': [1742230894.0, 1742231114.0, 1742231445.0], 'EndTimes': [1742230998.0, 1742231307.0, 1742231595.0], 'TotalUserCpuTimeHistory': [31, 46, 32], 'TotalSysCpuTimeHistory': [0, 0, 0], 'WallDurations': [104.0, 172.87473464012146, 172.87473464012146, 193.0, 253.59663248062134, 150.0, 223.86786198616028], 'JobIds': ['78944554.0', '78963321.0', '78963495.0'], 'State': 'failed', 'RecordedSite': True, 'Error': [50115, 'BadFWJRXML', {}]}, '471': {'Retries': 2, 'Restarts': 0, 'SiteHistory': ['Unknown', 'T2_IT_Pisa', 'T2_IT_Pisa', 'T2_IT_Pisa', 'T2_IT_Pisa', 'T2_IT_Pisa', 'T2_IT_Pisa'], 'ResidentSetSize': [62432, 68972, 37648], 'SubmitTimes': [1742226553.0, 1742231067.0, 1742231369.0], 'StartTimes': [1742230900.0, 1742231093.0, 1742231381.0], 'EndTimes': [1742230998.0, 1742231237.0, 1742231556.0], 'TotalUserCpuTimeHistory': [36, 29, 12], 'TotalSysCpuTimeHistory': [1, 0, 0], 'WallDurations': [98.0, 166.87473464012146, 166.87473464012146, 144.0, 274.59663248062134, 175.0, 287.8678619861603], 'JobIds': ['78944556.0', '78963323.0', '78963452.0'], 'State': 'failed', 'RecordedSite': True, 'Error': [50115, 'BadFWJRXML', {}]}, '468': {'Retries': 2, 'Restarts': 0, 'SiteHistory': ['Unknown', 'T2_IT_Pisa', 'T2_IT_Pisa', 'T2_IT_Pisa', 'T2_IT_Pisa', 'T2_IT_Pisa', 'T2_IT_Pisa'], 'ResidentSetSize': [52016, 5180, 51216], 'SubmitTimes': [1742226553.0, 1742231154.0, 1742231427.0], 'StartTimes': [1742230901.0, 1742231180.0, 1742231462.0], 'EndTimes': [1742231084.0, 1742231298.0, 1742231527.0], 'TotalUserCpuTimeHistory': [42, 25, 18], 'TotalSysCpuTimeHistory': [1, 0, 0], 'WallDurations': [9.0, 165.87473464012146, 183.0, 118.0, 187.59663248062134, 65.0, 206.86786198616028], 'JobIds': ['78944558.0', '78963342.0', '78963482.0'], 'State': 'failed', 'RecordedSite': True, 'Error': [50115, 'BadFWJRXML', {}]}, '472': {'Retries': 2, 'Restarts': 0, 'SiteHistory': ['Unknown', 'T2_IT_Pisa', 'T2_IT_Pisa', 'T2_IT_Pisa', 'T2_IT_Pisa', 'T2_IT_Pisa', 'T2_IT_Pisa'], 'ResidentSetSize': [49436, 54652, 106484], 'SubmitTimes': [1742226553.0, 1742231257.0, 1742231516.0], 'StartTimes': [1742231062.0, 1742231266.0, 1742231523.0], 'EndTimes': [1742231187.0, 1742231383.0, 1742231652.0], 'TotalUserCpuTimeHistory': [39, 48, 42], 'TotalSysCpuTimeHistory': [1, 3, 1], 'WallDurations': [0, 4.87473464012146, 125.0, 8.0, 117.0, 129.0, 145.86786198616028], 'JobIds': ['78944560.0', '78963369.0', '78963515.0'], 'State': 'failed', 'RecordedSite': True}, '470': {'Retries': 2, 'Restarts': 0, 'SiteHistory': ['Unknown', 'T2_IT_Pisa', 'T2_IT_Pisa', 'T2_IT_Pisa', 'T2_IT_Pisa', 'T2_IT_Pisa', 'T2_IT_Pisa'], 'ResidentSetSize': [45972, 52004, 44376], 'SubmitTimes': [1742226553.0, 1742231279.0, 1742231596.0], 'StartTimes': [1742231075.0, 1742231339.0, 1742231614.0], 'EndTimes': [1742231208.0, 1742231472.0, 1742231752.0], 'TotalUserCpuTimeHistory': [35, 44, 45], 'TotalSysCpuTimeHistory': [1, 3, 3], 'WallDurations': [0, 133.0, 8.0, 28.596632480621338, 133.0, 8.0, 138.0], 'JobIds': ['78944562.0', '78963382.0', '78963528.0'], 'State': 'failed', 'RecordedSite': True, 'Error': [50115, 'BadFWJRXML', {}]}, '475': {'Retries': 2, 'Restarts': 0, 'SiteHistory': ['Unknown', 'T2_IT_Pisa', 'T2_IT_Pisa', 'T2_IT_Pisa', 'T2_IT_Pisa', 'T2_IT_Pisa', 'T2_IT_Pisa'], 'ResidentSetSize': [67856, 54412, 51460], 'SubmitTimes': [1742226553.0, 1742231257.0, 1742231515.0], 'StartTimes': [1742231065.0, 1742231268.0, 1742231524.0], 'EndTimes': [1742231153.0, 1742231383.0, 1742231652.0], 'TotalUserCpuTimeHistory': [38, 45, 33], 'TotalSysCpuTimeHistory': [1, 2, 0], 'WallDurations': [0, 1.87473464012146, 88.0, 8.0, 115.0, 128.0, 144.86786198616028], 'JobIds': ['78944564.0', '78963368.0', '78963514.0'], 'State': 'failed', 'RecordedSite': True}, '479': {'Retries': 2, 'Restarts': 0, 'SiteHistory': ['Unknown', 'T2_IT_Pisa', 'T2_IT_Pisa', 'T2_IT_Pisa', 'T2_IT_Pisa', 'T2_IT_Pisa', 'T2_IT_Pisa'], 'ResidentSetSize': [69300, 44336, 38760], 'SubmitTimes': [1742226553.0, 1742231325.0, 1742231586.0], 'StartTimes': [1742231067.0, 1742231367.0, 1742231610.0], 'EndTimes': [1742231254.0, 1742231453.0, 1742231717.0], 'TotalUserCpuTimeHistory': [53, 18, 31], 'TotalSysCpuTimeHistory': [1, 0, 0], 'WallDurations': [0, 187.0, 0, 0.5966324806213379, 86.0, 9.0, 107.0], 'JobIds': ['78944566.0', '78963419.0', '78963523.0'], 'State': 'failed', 'RecordedSite': True, 'Error': [50115, 'BadFWJRXML', {}]}, '473': {'Retries': 2, 'Restarts': 0, 'SiteHistory': ['Unknown', 'T2_IT_Pisa', 'T2_IT_Pisa', 'T2_IT_Pisa', 'T2_IT_Pisa', 'T2_IT_Pisa', 'T2_IT_Pisa'], 'ResidentSetSize': [25704, 4784, 209912], 'SubmitTimes': [1742226554.0, 1742231268.0, 1742231551.0], 'StartTimes': [1742231067.0, 1742231284.0, 1742231580.0], 'EndTimes': [1742231197.0, 1742231424.0, 1742231746.0], 'TotalUserCpuTimeHistory': [55, 32, 27], 'TotalSysCpuTimeHistory': [3, 0, 0], 'WallDurations': [0, 130.0, 10.0, 83.59663248062134, 140.0, 9.0, 166.0], 'JobIds': ['78944568.0', '78963375.0', '78963518.0'], 'State': 'failed', 'RecordedSite': True, 'Error': [50115, 'BadFWJRXML', {}]}, '484': {'Retries': 2, 'Restarts': 0, 'SiteHistory': ['Unknown', 'T2_IT_Pisa', 'T2_IT_Pisa', 'T2_IT_Pisa', 'T2_IT_Pisa', 'T2_IT_Pisa', 'T2_IT_Pisa'], 'ResidentSetSize': [63748, 4340, 9036], 'SubmitTimes': [1742226554.0, 1742231227.0, 1742231521.0], 'StartTimes': [1742231068.0, 1742231233.0, 1742231538.0], 'EndTimes': [1742231156.0, 1742231394.0, 1742231616.0], 'TotalUserCpuTimeHistory': [34, 26, 15], 'TotalSysCpuTimeHistory': [0, 0, 0], 'WallDurations': [88.0, 9.0, 134.59663248062134, 134.59663248062134, 161.0, 78.0, 130.86786198616028], 'JobIds': ['78944570.0', '78963361.0', '78963516.0'], 'State': 'failed', 'RecordedSite': True, 'Error': [50115, 'BadFWJRXML', {}]}, '476': {'Retries': 2, 'Restarts': 0, 'SiteHistory': ['Unknown', 'T2_IT_Pisa', 'T2_IT_Pisa', 'T2_IT_Pisa', 'T2_IT_Pisa', 'T2_IT_Pisa', 'T2_IT_Pisa'], 'ResidentSetSize': [4572, 44252, 46576], 'SubmitTimes': [1742226554.0, 1742231325.0, 1742231673.0], 'StartTimes': [1742231071.0, 1742231368.0, 1742231792.0], 'EndTimes': [1742231254.0, 1742231504.0, 1742231937.0], 'TotalUserCpuTimeHistory': [48, 42, 52.0], 'TotalSysCpuTimeHistory': [1, 2, 1.0], 'WallDurations': [183.0, 0, 296.59663248062134, 136.0, 300.8678619861603, 145.0, 177.4244658946991], 'JobIds': ['78944572.0', '78963420.0', '78963559.0'], 'State': 'failed', 'RecordedSite': True, 'Error': [50115, 'BadFWJRXML', {}]}, '481': {'Retries': 2, 'Restarts': 0, 'SiteHistory': ['Unknown', 'T2_IT_Pisa', 'T2_IT_Pisa', 'T2_IT_Pisa', 'T2_IT_Pisa', 'T2_IT_Pisa', 'T2_IT_Pisa'], 'ResidentSetSize': [50388, 67944, 50188], 'SubmitTimes': [1742226554.0, 1742231273.0, 1742231596.0], 'StartTimes': [1742231072.0, 1742231338.0, 1742231623.0], 'EndTimes': [1742231202.0, 1742231472.0, 1742231754.0], 'TotalUserCpuTimeHistory': [48, 40, 44], 'TotalSysCpuTimeHistory': [3, 2, 3], 'WallDurations': [130.0, 8.0, 29.596632480621338, 29.596632480621338, 134.0, 9.0, 131.0], 'JobIds': ['78944573.0', '78963378.0', '78963527.0'], 'State': 'failed', 'RecordedSite': True, 'Error': [50115, 'BadFWJRXML', {}]}, '474': {'Retries': 2, 'Restarts': 0, 'SiteHistory': ['Unknown', 'T2_IT_Pisa', 'T2_IT_Pisa', 'T2_IT_Pisa', 'T2_IT_Pisa', 'T2_IT_Pisa', 'T2_IT_Pisa'], 'ResidentSetSize': [69844, 46312, 65228], 'SubmitTimes': [1742226554.0, 1742231268.0, 1742231546.0], 'StartTimes': [1742231073.0, 1742231284.0, 1742231553.0], 'EndTimes': [1742231194.0, 1742231420.0, 1742231664.0], 'TotalUserCpuTimeHistory': [51, 40, 46], 'TotalSysCpuTimeHistory': [3, 0, 3], 'WallDurations': [121.0, 9.0, 83.59663248062134, 83.59663248062134, 136.0, 111.0, 115.86786198616028], 'JobIds': ['78944574.0', '78963374.0', '78963517.0'], 'State': 'failed', 'RecordedSite': True, 'Error': [50115, 'BadFWJRXML', {}]}, '480': {'Retries': 2, 'Restarts': 0, 'SiteHistory': ['Unknown', 'T2_IT_Pisa', 'T2_IT_Pisa', 'T2_IT_Pisa', 'T2_IT_Pisa', 'T2_IT_Pisa', 'T2_IT_Pisa'], 'ResidentSetSize': [52548, 52008, 38760], 'SubmitTimes': [1742226554.0, 1742231289.0, 1742231586.0], 'StartTimes': [1742231075.0, 1742231349.0, 1742231610.0], 'EndTimes': [1742231218.0, 1742231456.0, 1742231717.0], 'TotalUserCpuTimeHistory': [37, 47, 32], 'TotalSysCpuTimeHistory': [0, 0, 0], 'WallDurations': [143.0, 9.0, 18.596632480621338, 18.596632480621338, 107.0, 10.0, 107.0], 'JobIds': ['78944575.0', '78963395.0', '78963524.0'], 'State': 'failed', 'RecordedSite': True, 'Error': [50115, 'BadFWJRXML', {}]}, '478': {'Retries': 2, 'Restarts': 0, 'SiteHistory': ['Unknown', 'T2_IT_Pisa', 'T2_IT_Pisa', 'T2_IT_Pisa', 'T2_IT_Pisa', 'T2_IT_Pisa', 'T2_IT_Pisa'], 'ResidentSetSize': [49088, 38668, 53636], 'SubmitTimes': [1742226554.0, 1742231315.0, 1742231571.0], 'StartTimes': [1742231119.0, 1742231361.0, 1742231577.0], 'EndTimes': [1742231243.0, 1742231442.0, 1742231753.0], 'TotalUserCpuTimeHistory': [30, 26, 32], 'TotalSysCpuTimeHistory': [1, 0, 0], 'WallDurations': [124.0, 0, 6.596632480621338, 6.596632480621338, 81.0, 9.0, 176.0], 'JobIds': ['78944576.0', '78963410.0', '78963520.0'], 'State': 'failed', 'RecordedSite': True, 'Error': [50115, 'BadFWJRXML', {}]}, '488': {'Retries': 2, 'Restarts': 0, 'SiteHistory': ['Unknown', 'T2_IT_Pisa', 'T2_IT_Pisa', 'T2_IT_Pisa', 'T2_IT_Pisa', 'T2_IT_Pisa', 'T2_IT_Pisa'], 'ResidentSetSize': [44348, 4080, 52156], 'SubmitTimes': [1742226554.0, 1742231320.0, 1742231694.0], 'StartTimes': [1742231113.0, 1742231366.0, 1742231808.0], 'EndTimes': [1742231250.0, 1742231565.0, 1742231980.0], 'TotalUserCpuTimeHistory': [35, 38, 38.0], 'TotalSysCpuTimeHistory': [0, 0, 0.0], 'WallDurations': [137.0, 0, 1.596632480621338, 1.596632480621338, 199.0, 9.0, 172.0], 'JobIds': ['78944577.0', '78963413.0', '78963565.0'], 'State': 'failed', 'RecordedSite': True, 'Error': [50115, 'BadFWJRXML', {}]}, '485': {'Retries': 2, 'Restarts': 0, 'SiteHistory': ['Unknown', 'T2_IT_Pisa', 'T2_IT_Pisa', 'T2_IT_Pisa', 'T2_IT_Pisa', 'T2_IT_Pisa', 'T2_IT_Pisa'], 'ResidentSetSize': [37756, 66976, 96884], 'SubmitTimes': [1742226554.0, 1742231343.0, 1742231616.0], 'StartTimes': [1742231133.0, 1742231371.0, 1742231640.0], 'EndTimes': [1742231271.0, 1742231488.0, 1742231897.0], 'TotalUserCpuTimeHistory': [45, 39, 28.0], 'TotalSysCpuTimeHistory': [0, 0, 0.0], 'WallDurations': [138.0, 0, 117.0, 9.0, 28.86786198616028, 28.86786198616028, 257.0], 'JobIds': ['78944578.0', '78963430.0', '78963533.0'], 'State': 'failed', 'RecordedSite': True, 'Error': [50115, 'BadFWJRXML', {}]}, '483': {'Retries': 2, 'Restarts': 0, 'SiteHistory': ['Unknown', 'T2_IT_Pisa', 'T2_IT_Pisa', 'T2_IT_Pisa', 'T2_IT_Pisa', 'T2_IT_Pisa', 'T2_IT_Pisa'], 'ResidentSetSize': [51944, 32916, 4284], 'SubmitTimes': [1742226554.0, 1742231315.0, 1742231683.0], 'StartTimes': [1742231115.0, 1742231376.0, 1742231808.0], 'EndTimes': [1742231243.0, 1742231555.0, 1742231994.0], 'TotalUserCpuTimeHistory': [43, 27, 45.0], 'TotalSysCpuTimeHistory': [0, 1, 0.0], 'WallDurations': [128.0, 0, 252.59663248062134, 179.0, 292.8678619861603, 9.0, 186.0], 'JobIds': ['78944579.0', '78963407.0', '78963563.0'], 'State': 'failed', 'RecordedSite': True, 'Error': [50115, 'BadFWJRXML', {}]}, '489': {'Retries': 2, 'Restarts': 0, 'SiteHistory': ['Unknown', 'T2_IT_Pisa', 'T2_IT_Pisa', 'T2_IT_Pisa', 'T2_IT_Pisa', 'T2_IT_Pisa', 'T2_IT_Pisa'], 'ResidentSetSize': [208056, 214724, 54636], 'SubmitTimes': [1742226555.0, 1742231336.0, 1742231616.0], 'StartTimes': [1742231128.0, 1742231371.0, 1742231648.0], 'EndTimes': [1742231246.0, 1742231488.0, 1742231835.0], 'TotalUserCpuTimeHistory': [25, 35, 43], 'TotalSysCpuTimeHistory': [0, 0, 0], 'WallDurations': [118.0, 0, 117.0, 9.0, 20.86786198616028, 20.86786198616028, 187.0], 'JobIds': ['78944580.0', '78963428.0', '78963532.0'], 'State': 'failed', 'RecordedSite': True, 'Error': [50115, 'BadFWJRXML', {}]}, '482': {'Retries': 2, 'Restarts': 0, 'SiteHistory': ['Unknown', 'T2_IT_Pisa', 'T2_IT_Pisa', 'T2_IT_Pisa', 'T2_IT_Pisa', 'T2_IT_Pisa', 'T2_IT_Pisa'], 'ResidentSetSize': [48388, 37932, 49168], 'SubmitTimes': [1742226555.0, 1742231336.0, 1742231705.0], 'StartTimes': [1742231119.0, 1742231368.0, 1742231813.0], 'EndTimes': [1742231263.0, 1742231520.0, 1742231988.0], 'TotalUserCpuTimeHistory': [56, 60, 43.0], 'TotalSysCpuTimeHistory': [3, 1, 0.0], 'WallDurations': [144.0, 0, 152.0, 300.8678619861603, 300.8678619861603, 9.0, 175.0], 'JobIds': ['78944581.0', '78963424.0', '78963576.0'], 'State': 'failed', 'RecordedSite': True, 'Error': [50115, 'BadFWJRXML', {}]}, '487': {'Retries': 2, 'Restarts': 0, 'SiteHistory': ['Unknown', 'T2_IT_Pisa', 'T2_IT_Pisa', 'T2_IT_Pisa', 'T2_IT_Pisa', 'T2_IT_Pisa', 'T2_IT_Pisa'], 'ResidentSetSize': [291176, 280848, 123748], 'SubmitTimes': [1742226555.0, 1742231279.0, 1742231601.0], 'StartTimes': [1742231123.0, 1742231339.0, 1742231638.0], 'EndTimes': [1742231208.0, 1742231469.0, 1742231761.0], 'TotalUserCpuTimeHistory': [9, 23, 22], 'TotalSysCpuTimeHistory': [0, 0, 0], 'WallDurations': [85.0, 8.0, 28.596632480621338, 28.596632480621338, 130.0, 9.0, 123.0], 'JobIds': ['78944582.0', '78963384.0', '78963529.0'], 'State': 'failed', 'RecordedSite': True, 'Error': [50115, 'BadFWJRXML', {}]}, '477': {'Retries': 2, 'Restarts': 0, 'SiteHistory': ['Unknown', 'T2_IT_Pisa', 'T2_IT_Pisa', 'T2_IT_Pisa', 'T2_IT_Pisa', 'Unknown', 'T2_IT_Pisa', 'T2_IT_Pisa'], 'ResidentSetSize': [287036, 300484, 168548], 'SubmitTimes': [1742226555.0, 1742231279.0, 1742231653.0], 'StartTimes': [1742231121.0, 1742231339.0, 1742231723.0], 'EndTimes': [1742231208.0, 1742231521.0, 1742231834.0], 'TotalUserCpuTimeHistory': [15, 7, 41], 'TotalSysCpuTimeHistory': [0, 0, 1], 'WallDurations': [87.0, 9.0, 28.596632480621338, 28.596632480621338, 182.0, 111.0, 246.4244658946991, 246.4244658946991], 'JobIds': ['78944583.0', '78963383.0', '78963545.0'], 'State': 'failed', 'RecordedSite': True, 'Error': [50115, 'BadFWJRXML', {}]}, '490': {'Retries': 2, 'Restarts': 0, 'SiteHistory': ['Unknown', 'T2_IT_Pisa', 'T2_IT_Pisa', 'T2_IT_Pisa', 'T2_IT_Pisa', 'T2_IT_Pisa', 'T2_IT_Pisa'], 'ResidentSetSize': [62424, 63520, 45520], 'SubmitTimes': [1742226555.0, 1742231364.0, 1742231628.0], 'StartTimes': [1742231140.0, 1742231400.0, 1742231654.0], 'EndTimes': [1742231281.0, 1742231496.0, 1742231722.0], 'TotalUserCpuTimeHistory': [33, 6, 23], 'TotalSysCpuTimeHistory': [0, 0, 0], 'WallDurations': [141.0, 0, 96.0, 8.0, 14.867861986160278, 14.867861986160278, 68.0], 'JobIds': ['78944584.0', '78963448.0', '78963537.0'], 'State': 'failed', 'RecordedSite': True, 'Error': [50115, 'BadFWJRXML', {}]}, '493': {'Retries': 2, 'Restarts': 0, 'SiteHistory': ['Unknown', 'T2_IT_Pisa', 'T2_IT_Pisa', 'T2_IT_Pisa', 'T2_IT_Pisa', 'T2_IT_Pisa', 'T2_IT_Pisa'], 'ResidentSetSize': [7052, 38420, 64384], 'SubmitTimes': [1742226555.0, 1742231330.0, 1742231601.0], 'StartTimes': [1742231123.0, 1742231371.0, 1742231623.0], 'EndTimes': [1742231263.0, 1742231472.0, 1742231739.0], 'TotalUserCpuTimeHistory': [54, 33, 31], 'TotalSysCpuTimeHistory': [4, 0, 0], 'WallDurations': [140.0, 0, 101.0, 9.0, 45.86786198616028, 45.86786198616028, 116.0], 'JobIds': ['78944585.0', '78963421.0', '78963530.0'], 'State': 'failed', 'RecordedSite': True, 'Error': [50115, 'BadFWJRXML', {}]}, '495': {'Retries': 2, 'Restarts': 0, 'SiteHistory': ['Unknown', 'T2_IT_Pisa', 'T2_IT_Pisa', 'T2_IT_Pisa', 'T2_IT_Pisa', 'T2_IT_Pisa', 'T2_IT_Pisa'], 'ResidentSetSize': [64484, 4472, 52112], 'SubmitTimes': [1742226555.0, 1742231315.0, 1742231586.0], 'StartTimes': [1742231122.0, 1742231353.0, 1742231617.0], 'EndTimes': [1742231242.0, 1742231457.0, 1742231754.0], 'TotalUserCpuTimeHistory': [52, 40, 53], 'TotalSysCpuTimeHistory': [3, 0, 3], 'WallDurations': [120.0, 9.0, 14.596632480621338, 14.596632480621338, 104.0, 9.0, 137.0], 'JobIds': ['78944586.0', '78963406.0', '78963526.0'], 'State': 'failed', 'RecordedSite': True, 'Error': [50115, 'BadFWJRXML', {}]}, '492': {'Retries': 2, 'Restarts': 0, 'SiteHistory': ['Unknown', 'T2_IT_Pisa', 'T2_IT_Pisa', 'T2_IT_Pisa', 'T2_IT_Pisa', 'T2_IT_Pisa', 'T2_IT_Pisa'], 'ResidentSetSize': [215760, 201284, 29068], 'SubmitTimes': [1742226555.0, 1742231344.0, 1742231700.0], 'StartTimes': [1742231128.0, 1742231389.0, 1742231813.0], 'EndTimes': [1742231251.0, 1742231572.0, 1742231979.0], 'TotalUserCpuTimeHistory': [38, 53, 47.0], 'TotalSysCpuTimeHistory': [1, 1, 1.0], 'WallDurations': [123.0, 0, 183.0, 279.8678619861603, 279.8678619861603, 9.0, 166.0], 'JobIds': ['78944587.0', '78963433.0', '78963574.0'], 'State': 'failed', 'RecordedSite': True, 'Error': [50115, 'BadFWJRXML', {}]}, '498': {'Retries': 2, 'Restarts': 0, 'SiteHistory': ['Unknown', 'T2_IT_Pisa', 'T2_IT_Pisa', 'T2_IT_Pisa', 'T2_IT_Pisa', 'T2_IT_Pisa', 'T2_IT_Pisa'], 'ResidentSetSize': [47300, 56268, 208120], 'SubmitTimes': [1742226555.0, 1742231380.0, 1742231694.0], 'StartTimes': [1742231129.0, 1742231417.0, 1742231809.0], 'EndTimes': [1742231312.0, 1742231528.0, 1742231932.0], 'TotalUserCpuTimeHistory': [26, 42, 50.0], 'TotalSysCpuTimeHistory': [0, 3, 2.0], 'WallDurations': [183.0, 238.59663248062134, 238.59663248062134, 111.0, 251.86786198616028, 123.0, 160.4244658946991], 'JobIds': ['78944588.0', '78963464.0', '78963567.0'], 'State': 'failed', 'RecordedSite': True, 'Error': [50115, 'BadFWJRXML', {}]}, '500': {'Retries': 2, 'Restarts': 0, 'SiteHistory': ['Unknown', 'T2_IT_Pisa', 'T2_IT_Pisa', 'T2_IT_Pisa', 'T2_IT_Pisa', 'T2_IT_Pisa', 'T2_IT_Pisa'], 'ResidentSetSize': [4568, 49368, 212880], 'SubmitTimes': [1742226555.0, 1742231359.0, 1742231673.0], 'StartTimes': [1742231138.0, 1742231400.0, 1742231789.0], 'EndTimes': [1742231275.0, 1742231545.0, 1742231898.0], 'TotalUserCpuTimeHistory': [41, 41, 38.0], 'TotalSysCpuTimeHistory': [0, 0, 2.0], 'WallDurations': [137.0, 0, 145.0, 268.8678619861603, 268.8678619861603, 109.0, 180.4244658946991], 'JobIds': ['78944589.0', '78963445.0', '78963558.0'], 'State': 'failed', 'RecordedSite': True, 'Error': [50115, 'BadFWJRXML', {}]}, '501': {'Retries': 2, 'Restarts': 0, 'SiteHistory': ['Unknown', 'T2_IT_Pisa', 'T2_IT_Pisa', 'T2_IT_Pisa', 'T2_IT_Pisa', 'T2_IT_Pisa', 'T2_IT_Pisa'], 'ResidentSetSize': [71292, 35392, 35032], 'SubmitTimes': [1742226555.0, 1742231310.0, 1742231586.0], 'StartTimes': [1742231176.0, 1742231350.0, 1742231599.0], 'EndTimes': [1742231241.0, 1742231457.0, 1742231750.0], 'TotalUserCpuTimeHistory': [15, 46, 51], 'TotalSysCpuTimeHistory': [0, 0, 1], 'WallDurations': [65.0, 8.0, 17.596632480621338, 17.596632480621338, 107.0, 9.0, 151.0], 'JobIds': ['78944590.0', '78963402.0', '78963522.0'], 'State': 'failed', 'RecordedSite': True, 'Error': [50115, 'BadFWJRXML', {}]}, '496': {'Retries': 2, 'Restarts': 0, 'SiteHistory': ['Unknown', 'T2_IT_Pisa', 'T2_IT_Pisa', 'T2_IT_Pisa', 'T2_IT_Pisa', 'T2_IT_Pisa', 'T2_IT_Pisa'], 'ResidentSetSize': [46848, 5064, 8380], 'SubmitTimes': [1742226555.0, 1742231349.0, 1742231628.0], 'StartTimes': [1742231146.0, 1742231410.0, 1742231652.0], 'EndTimes': [1742231275.0, 1742231495.0, 1742231835.0], 'TotalUserCpuTimeHistory': [37, 21, 46], 'TotalSysCpuTimeHistory': [0, 0, 0], 'WallDurations': [129.0, 0, 85.0, 8.0, 16.86786198616028, 16.86786198616028, 183.0], 'JobIds': ['78944591.0', '78963434.0', '78963536.0'], 'State': 'failed', 'RecordedSite': True, 'Error': [50115, 'BadFWJRXML', {}]}, '505': {'Retries': 2, 'Restarts': 0, 'SiteHistory': ['Unknown', 'T2_IT_Pisa', 'T2_IT_Pisa', 'T2_IT_Pisa', 'T2_IT_Pisa', 'T2_IT_Pisa', 'T2_IT_Pisa'], 'ResidentSetSize': [4588, 36560, 53380], 'SubmitTimes': [1742226555.0, 1742231343.0, 1742231648.0], 'StartTimes': [1742231146.0, 1742231371.0, 1742231669.0], 'EndTimes': [1742231273.0, 1742231521.0, 1742231784.0], 'TotalUserCpuTimeHistory': [40, 50, 43], 'TotalSysCpuTimeHistory': [1, 2, 3], 'WallDurations': [127.0, 0, 150.0, 0, 297.8678619861603, 115.0, 300.4244658946991], 'JobIds': ['78944592.0', '78963432.0', '78963543.0'], 'State': 'failed', 'RecordedSite': True, 'Error': [50115, 'BadFWJRXML', {}]}, '497': {'Retries': 2, 'Restarts': 0, 'SiteHistory': ['Unknown', 'T2_IT_Pisa', 'T2_IT_Pisa', 'T2_IT_Pisa', 'T2_IT_Pisa', 'T2_IT_Pisa', 'T2_IT_Pisa'], 'ResidentSetSize': [52104, 4228, 49420], 'SubmitTimes': [1742226555.0, 1742231349.0, 1742231673.0], 'StartTimes': [1742231147.0, 1742231408.0, 1742231762.0], 'EndTimes': [1742231281.0, 1742231546.0, 1742231882.0], 'TotalUserCpuTimeHistory': [35, 29, 39.0], 'TotalSysCpuTimeHistory': [0, 0, 1.0], 'WallDurations': [134.0, 0, 138.0, 260.8678619861603, 260.8678619861603, 120.0, 207.4244658946991], 'JobIds': ['78944593.0', '78963438.0', '78963555.0'], 'State': 'failed', 'RecordedSite': True, 'Error': [50115, 'BadFWJRXML', {}]}, '494': {'Retries': 2, 'Restarts': 0, 'SiteHistory': ['Unknown', 'T2_IT_Pisa', 'T2_IT_Pisa', 'T2_IT_Pisa', 'T2_IT_Pisa', 'T2_IT_Pisa', 'T2_IT_Pisa'], 'ResidentSetSize': [210196, 215868, 9060], 'SubmitTimes': [1742226556.0, 1742231336.0, 1742231611.0], 'StartTimes': [1742231149.0, 1742231369.0, 1742231641.0], 'EndTimes': [1742231246.0, 1742231477.0, 1742231835.0], 'TotalUserCpuTimeHistory': [39, 34, 46], 'TotalSysCpuTimeHistory': [1, 0, 1], 'WallDurations': [97.0, 0, 108.0, 8.0, 27.86786198616028, 27.86786198616028, 194.0], 'JobIds': ['78944594.0', '78963425.0', '78963531.0'], 'State': 'failed', 'RecordedSite': True, 'Error': [50115, 'BadFWJRXML', {}]}, '506': {'Retries': 2, 'Restarts': 0, 'SiteHistory': ['Unknown', 'T2_IT_Pisa', 'T2_IT_Pisa', 'T2_IT_Pisa', 'T2_IT_Pisa', 'T2_IT_Pisa', 'T2_IT_Pisa'], 'ResidentSetSize': [49164, 215736, 71260], 'SubmitTimes': [1742226556.0, 1742231315.0, 1742231566.0], 'StartTimes': [1742231157.0, 1742231363.0, 1742231571.0], 'EndTimes': [1742231246.0, 1742231442.0, 1742231651.0], 'TotalUserCpuTimeHistory': [35, 32, 26], 'TotalSysCpuTimeHistory': [0, 0, 0], 'WallDurations': [89.0, 0, 4.596632480621338, 4.596632480621338, 79.0, 80.0, 97.86786198616028], 'JobIds': ['78944595.0', '78963409.0', '78963519.0'], 'State': 'failed', 'RecordedSite': True}, '499': {'Retries': 2, 'Restarts': 0, 'SiteHistory': ['Unknown', 'T2_IT_Pisa', 'T2_IT_Pisa', 'T2_IT_Pisa', 'T2_IT_Pisa', 'T2_IT_Pisa', 'T2_IT_Pisa'], 'ResidentSetSize': [200336, 3984, 36948], 'SubmitTimes': [1742226556.0, 1742231320.0, 1742231705.0], 'StartTimes': [1742231167.0, 1742231366.0, 1742231834.0], 'EndTimes': [1742231252.0, 1742231565.0, 1742231961.0], 'TotalUserCpuTimeHistory': [29, 36, 42.0], 'TotalSysCpuTimeHistory': [0, 0, 0.0], 'WallDurations': [85.0, 0, 1.596632480621338, 1.596632480621338, 199.0, 127.0, 135.4244658946991], 'JobIds': ['78944596.0', '78963414.0', '78963577.0'], 'State': 'failed', 'RecordedSite': True}, '504': {'Retries': 2, 'Restarts': 0, 'SiteHistory': ['Unknown', 'T2_IT_Pisa', 'T2_IT_Pisa', 'T2_IT_Pisa', 'T2_IT_Pisa', 'T2_IT_Pisa', 'T2_IT_Pisa'], 'ResidentSetSize': [38672, 39816, 86112], 'SubmitTimes': [1742226556.0, 1742231369.0, 1742231628.0], 'StartTimes': [1742231164.0, 1742231401.0, 1742231645.0], 'EndTimes': [1742231247.0, 1742231497.0, 1742231812.0], 'TotalUserCpuTimeHistory': [23, 27, 23], 'TotalSysCpuTimeHistory': [0, 0, 0], 'WallDurations': [83.0, 203.59663248062134, 203.59663248062134, 96.0, 8.0, 23.86786198616028, 167.0], 'JobIds': ['78944597.0', '78963450.0', '78963535.0'], 'State': 'failed', 'RecordedSite': True, 'Error': [50115, 'BadFWJRXML', {}]}, '503': {'Retries': 2, 'Restarts': 0, 'SiteHistory': ['Unknown', 'T2_IT_Pisa', 'T2_IT_Pisa', 'T2_IT_Pisa', 'T2_IT_Pisa', 'T2_IT_Pisa', 'T2_IT_Pisa'], 'ResidentSetSize': [37232, 36336, 43196], 'SubmitTimes': [1742226556.0, 1742231349.0, 1742231678.0], 'StartTimes': [1742231157.0, 1742231399.0, 1742231797.0], 'EndTimes': [1742231283.0, 1742231548.0, 1742231879.0], 'TotalUserCpuTimeHistory': [35, 49, 28], 'TotalSysCpuTimeHistory': [3, 0, 0], 'WallDurations': [126.0, 0, 149.0, 269.8678619861603, 269.8678619861603, 82.0, 172.4244658946991], 'JobIds': ['78944598.0', '78963437.0', '78963561.0'], 'State': 'failed', 'RecordedSite': True, 'Error': [50115, 'BadFWJRXML', {}]}, '486': {'Retries': 2, 'Restarts': 0, 'SiteHistory': ['Unknown', 'T2_IT_Pisa', 'T2_IT_Pisa', 'T2_IT_Pisa', 'T2_IT_Pisa', 'T2_IT_Pisa', 'T2_IT_Pisa'], 'ResidentSetSize': [32636, 4076, 48404], 'SubmitTimes': [1742226556.0, 1742231349.0, 1742231694.0], 'StartTimes': [1742231157.0, 1742231398.0, 1742231808.0], 'EndTimes': [1742231280.0, 1742231562.0, 1742231976.0], 'TotalUserCpuTimeHistory': [34, 31, 24.0], 'TotalSysCpuTimeHistory': [1, 1, 0.0], 'WallDurations': [123.0, 0, 164.0, 270.8678619861603, 270.8678619861603, 9.0, 168.0], 'JobIds': ['78944599.0', '78963436.0', '78963564.0'], 'State': 'failed', 'RecordedSite': True, 'Error': [50115, 'BadFWJRXML', {}]}, '491': {'Retries': 2, 'Restarts': 0, 'SiteHistory': ['Unknown', 'T2_IT_Pisa', 'T2_IT_Pisa', 'T2_IT_Pisa', 'T2_IT_Pisa', 'T2_IT_Pisa', 'T2_IT_Pisa'], 'ResidentSetSize': [68792, 63428, 52528], 'SubmitTimes': [1742226556.0, 1742231343.0, 1742231623.0], 'StartTimes': [1742231158.0, 1742231371.0, 1742231653.0], 'EndTimes': [1742231272.0, 1742231490.0, 1742231788.0], 'TotalUserCpuTimeHistory': [37, 55, 58], 'TotalSysCpuTimeHistory': [0, 1, 3], 'WallDurations': [114.0, 0, 119.0, 8.0, 15.867861986160278, 15.867861986160278, 135.0], 'JobIds': ['78944600.0', '78963429.0', '78963534.0'], 'State': 'failed', 'RecordedSite': True, 'Error': [50115, 'BadFWJRXML', {}]}, '502': {'Retries': 2, 'Restarts': 0, 'SiteHistory': ['Unknown', 'T2_IT_Pisa', 'T2_IT_Pisa', 'T2_IT_Pisa', 'T2_IT_Pisa', 'T2_IT_Pisa', 'T2_IT_Pisa'], 'ResidentSetSize': [44924, 5464, 64248], 'SubmitTimes': [1742226556.0, 1742231354.0, 1742231673.0], 'StartTimes': [1742231160.0, 1742231404.0, 1742231760.0], 'EndTimes': [1742231269.0, 1742231546.0, 1742231883.0], 'TotalUserCpuTimeHistory': [33, 36, 43.0], 'TotalSysCpuTimeHistory': [0, 0, 2.0], 'WallDurations': [109.0, 0, 142.0, 264.8678619861603, 264.8678619861603, 123.0, 209.4244658946991], 'JobIds': ['78944601.0', '78963442.0', '78963556.0'], 'State': 'failed', 'RecordedSite': True, 'Error': [50115, 'BadFWJRXML', {}]}, '507': {'Retries': 2, 'Restarts': 0, 'SiteHistory': ['Unknown', 'T2_IT_Pisa', 'T2_IT_Pisa', 'T2_IT_Pisa', 'T2_IT_Pisa', 'T2_IT_Pisa', 'T2_IT_Pisa'], 'ResidentSetSize': [38652, 208324, 44348], 'SubmitTimes': [1742226556.0, 1742231320.0, 1742231586.0], 'StartTimes': [1742231160.0, 1742231365.0, 1742231615.0], 'EndTimes': [1742231248.0, 1742231454.0, 1742231752.0], 'TotalUserCpuTimeHistory': [28, 32, 42], 'TotalSysCpuTimeHistory': [0, 1, 2], 'WallDurations': [88.0, 0, 2.596632480621338, 2.596632480621338, 89.0, 8.0, 137.0], 'JobIds': ['78944602.0', '78963412.0', '78963525.0'], 'State': 'failed', 'RecordedSite': True, 'Error': [50115, 'BadFWJRXML', {}]}, '508': {'Retries': 2, 'Restarts': 0, 'SiteHistory': ['Unknown', 'T2_IT_Pisa', 'T2_IT_Pisa', 'T2_IT_Pisa', 'T2_IT_Pisa', 'T2_IT_Pisa', 'T2_IT_Pisa'], 'ResidentSetSize': [208100, 5412, 32928], 'SubmitTimes': [1742226556.0, 1742231315.0, 1742231663.0], 'StartTimes': [1742231162.0, 1742231379.0, 1742231768.0], 'EndTimes': [1742231246.0, 1742231536.0, 1742231934.0], 'TotalUserCpuTimeHistory': [27, 26, 27.0], 'TotalSysCpuTimeHistory': [0, 0, 1.0], 'WallDurations': [84.0, 0, 205.59663248062134, 157.0, 166.0, 201.4244658946991, 201.4244658946991], 'JobIds': ['78944603.0', '78963408.0', '78963550.0'], 'State': 'failed', 'RecordedSite': True, 'Error': [50115, 'BadFWJRXML', {}]}, '511': {'Retries': 2, 'Restarts': 0, 'SiteHistory': ['Unknown', 'T2_IT_Pisa', 'T2_IT_Pisa', 'T2_IT_Pisa', 'T2_IT_Pisa', 'T2_IT_Pisa', 'T2_IT_Pisa'], 'ResidentSetSize': [32940, 50288, 46488], 'SubmitTimes': [1742226556.0, 1742231375.0, 1742231663.0], 'StartTimes': [1742231182.0, 1742231409.0, 1742231742.0], 'EndTimes': [1742231309.0, 1742231536.0, 1742231857.0], 'TotalUserCpuTimeHistory': [19, 43, 54], 'TotalSysCpuTimeHistory': [0, 1, 1], 'WallDurations': [127.0, 185.59663248062134, 185.59663248062134, 127.0, 115.0, 227.4244658946991, 227.4244658946991], 'JobIds': ['78944604.0', '78963460.0', '78963549.0'], 'State': 'failed', 'RecordedSite': True, 'Error': [50115, 'BadFWJRXML', {}]}, '509': {'Retries': 2, 'Restarts': 0, 'SiteHistory': ['Unknown', 'T2_IT_Pisa', 'T2_IT_Pisa', 'T2_IT_Pisa', 'T2_IT_Pisa', 'T2_IT_Pisa', 'T2_IT_Pisa'], 'ResidentSetSize': [56484, 50752, 42332], 'SubmitTimes': [1742226556.0, 1742231401.0, 1742231699.0], 'StartTimes': [1742231164.0, 1742231422.0, 1742231823.0], 'EndTimes': [1742231334.0, 1742231566.0, 1742231925.0], 'TotalUserCpuTimeHistory': [34, 41, 23.0], 'TotalSysCpuTimeHistory': [0, 0, 0.0], 'WallDurations': [170.0, 203.59663248062134, 203.59663248062134, 144.0, 246.86786198616028, 102.0, 146.4244658946991], 'JobIds': ['78944605.0', '78963471.0', '78963568.0'], 'State': 'failed', 'RecordedSite': True, 'Error': [50115, 'BadFWJRXML', {}]}, '510': {'Retries': 2, 'Restarts': 0, 'SiteHistory': ['Unknown', 'T2_IT_Pisa', 'T2_IT_Pisa', 'T2_IT_Pisa', 'T2_IT_Pisa', 'T2_IT_Pisa', 'T2_IT_Pisa'], 'ResidentSetSize': [195584, 10364, 66336], 'SubmitTimes': [1742226556.0, 1742231354.0, 1742231673.0], 'StartTimes': [1742231171.0, 1742231403.0, 1742231778.0], 'EndTimes': [1742231288.0, 1742231546.0, 1742231943.0], 'TotalUserCpuTimeHistory': [43, 27, 24.0], 'TotalSysCpuTimeHistory': [1, 0, 0.0], 'WallDurations': [117.0, 0, 143.0, 265.8678619861603, 265.8678619861603, 165.0, 191.4244658946991], 'JobIds': ['78944607.0', '78963441.0', '78963557.0'], 'State': 'failed', 'RecordedSite': True}, '512': {'Retries': 2, 'Restarts': 0, 'SiteHistory': ['Unknown', 'T2_IT_Pisa', 'T2_IT_Pisa', 'T2_IT_Pisa', 'T2_IT_Pisa', 'T2_IT_Pisa', 'T2_IT_Pisa'], 'ResidentSetSize': [33168, 58000, 286548], 'SubmitTimes': [1742226557.0, 1742231364.0, 1742231643.0], 'StartTimes': [1742231180.0, 1742231402.0, 1742231662.0], 'EndTimes': [1742231295.0, 1742231510.0, 1742231855.0], 'TotalUserCpuTimeHistory': [26, 37, 26], 'TotalSysCpuTimeHistory': [0, 0, 0], 'WallDurations': [115.0, 0, 108.0, 0, 6.867861986160278, 6.867861986160278, 193.0], 'JobIds': ['78944608.0', '78963449.0', '78963542.0'], 'State': 'failed', 'RecordedSite': True, 'Error': [50115, 'BadFWJRXML', {}]}, '513': {'Retries': 2, 'Restarts': 0, 'SiteHistory': ['Unknown', 'T2_IT_Pisa', 'T2_IT_Pisa', 'T2_IT_Pisa', 'T2_IT_Pisa', 'T2_IT_Pisa', 'T2_IT_Pisa'], 'ResidentSetSize': [200320, 66100, 201116], 'SubmitTimes': [1742226557.0, 1742231369.0, 1742231710.0], 'StartTimes': [1742231184.0, 1742231424.0, 1742231827.0], 'EndTimes': [1742231302.0, 1742231586.0, 1742231932.0], 'TotalUserCpuTimeHistory': [19, 33, 35.0], 'TotalSysCpuTimeHistory': [0, 0, 0.0], 'WallDurations': [118.0, 183.59663248062134, 183.59663248062134, 162.0, 244.86786198616028, 105.0, 142.4244658946991], 'JobIds': ['78944609.0', '78963456.0', '78963583.0'], 'State': 'failed', 'RecordedSite': True, 'Error': [50115, 'BadFWJRXML', {}]}, '514': {'Retries': 2, 'Restarts': 0, 'SiteHistory': ['Unknown', 'T2_IT_Pisa', 'T2_IT_Pisa', 'T2_IT_Pisa', 'T2_IT_Pisa', 'T2_IT_Pisa', 'T2_IT_Pisa'], 'ResidentSetSize': [63696, 32644, 70076], 'SubmitTimes': [1742226557.0, 1742231426.0, 1742231705.0], 'StartTimes': [1742231198.0, 1742231454.0, 1742231822.0], 'EndTimes': [1742231358.0, 1742231577.0, 1742231945.0], 'TotalUserCpuTimeHistory': [24, 43, 49.0], 'TotalSysCpuTimeHistory': [1, 2, 2.0], 'WallDurations': [160.0, 169.59663248062134, 169.59663248062134, 123.0, 214.86786198616028, 123.0, 147.4244658946991], 'JobIds': ['78944610.0', '78963478.0', '78963580.0'], 'State': 'failed', 'RecordedSite': True}, '515': {'Retries': 2, 'Restarts': 0, 'SiteHistory': ['Unknown', 'T2_IT_Pisa', 'T2_IT_Pisa', 'T2_IT_Pisa', 'T2_IT_Pisa', 'T2_IT_Pisa', 'T2_IT_Pisa'], 'ResidentSetSize': [208112, 38468, 197640], 'SubmitTimes': [1742226557.0, 1742231437.0, 1742231740.0], 'StartTimes': [1742231175.0, 1742231469.0, 1742231826.0], 'EndTimes': [1742231369.0, 1742231611.0, 1742231896.0], 'TotalUserCpuTimeHistory': [40, 45, 23.0], 'TotalSysCpuTimeHistory': [0, 3, 0.0], 'WallDurations': [9.0, 192.59663248062134, 194.0, 142.0, 199.86786198616028, 70.0, 143.4244658946991], 'JobIds': ['78944611.0', '78963498.0', '78963594.0'], 'State': 'failed', 'RecordedSite': True, 'Error': [50115, 'BadFWJRXML', {}]}, '516': {'Retries': 2, 'Restarts': 0, 'SiteHistory': ['Unknown', 'T2_IT_Pisa', 'T2_IT_Pisa', 'T2_IT_Pisa', 'T2_IT_Pisa', 'T2_IT_Pisa', 'T2_IT_Pisa'], 'ResidentSetSize': [201288, 44660, 53124], 'SubmitTimes': [1742226557.0, 1742231437.0, 1742231700.0], 'StartTimes': [1742231177.0, 1742231474.0, 1742231813.0], 'EndTimes': [1742231369.0, 1742231575.0, 1742231971.0], 'TotalUserCpuTimeHistory': [37, 46, 36.0], 'TotalSysCpuTimeHistory': [0, 0, 0.0], 'WallDurations': [9.0, 190.59663248062134, 192.0, 101.0, 194.86786198616028, 8.0, 158.0], 'JobIds': ['78944612.0', '78963492.0', '78963575.0'], 'State': 'failed', 'RecordedSite': True, 'Error': [50115, 'BadFWJRXML', {}]}, '517': {'Retries': 2, 'Restarts': 0, 'SiteHistory': ['Unknown', 'T2_IT_Pisa', 'T2_IT_Pisa', 'T2_IT_Pisa', 'T2_IT_Pisa', 'T2_IT_Pisa', 'T2_IT_Pisa'], 'ResidentSetSize': [213044, 51972, 207964], 'SubmitTimes': [1742226557.0, 1742231432.0, 1742231668.0], 'StartTimes': [1742231182.0, 1742231456.0, 1742231757.0], 'EndTimes': [1742231362.0, 1742231541.0, 1742231947.0], 'TotalUserCpuTimeHistory': [34, 29, 52.0], 'TotalSysCpuTimeHistory': [0, 0, 0.0], 'WallDurations': [180.0, 185.59663248062134, 185.59663248062134, 85.0, 212.86786198616028, 190.0, 212.4244658946991], 'JobIds': ['78944613.0', '78963486.0', '78963554.0'], 'State': 'failed', 'RecordedSite': True}, '518': {'Retries': 2, 'Restarts': 0, 'SiteHistory': ['Unknown', 'T2_IT_Pisa', 'T2_IT_Pisa', 'T2_IT_Pisa', 'T2_IT_Pisa', 'T2_IT_Pisa', 'T2_IT_Pisa'], 'ResidentSetSize': [213076, 67992, 49444], 'SubmitTimes': [1742226557.0, 1742231432.0, 1742231668.0], 'StartTimes': [1742231182.0, 1742231455.0, 1742231755.0], 'EndTimes': [1742231362.0, 1742231540.0, 1742231897.0], 'TotalUserCpuTimeHistory': [37, 30, 34.0], 'TotalSysCpuTimeHistory': [0, 0, 1.0], 'WallDurations': [180.0, 185.59663248062134, 185.59663248062134, 85.0, 142.0, 214.4244658946991, 214.4244658946991], 'JobIds': ['78944614.0', '78963485.0', '78963553.0'], 'State': 'failed', 'RecordedSite': True, 'Error': [50115, 'BadFWJRXML', {}]}, '519': {'Retries': 2, 'Restarts': 0, 'SiteHistory': ['Unknown', 'T2_IT_Pisa', 'T2_IT_Pisa', 'T2_IT_Pisa', 'T2_IT_Pisa', 'T2_IT_Pisa', 'T2_IT_Pisa'], 'ResidentSetSize': [69748, 285728, 5236], 'SubmitTimes': [1742226557.0, 1742231426.0, 1742231765.0], 'StartTimes': [1742231192.0, 1742231449.0, 1742231814.0], 'EndTimes': [1742231358.0, 1742231637.0, 1742231991.0], 'TotalUserCpuTimeHistory': [25, 11, 22.0], 'TotalSysCpuTimeHistory': [0, 0, 0.0], 'WallDurations': [166.0, 175.59663248062134, 175.59663248062134, 188.0, 219.86786198616028, 8.0, 177.0], 'JobIds': ['78944615.0', '78963477.0', '78963598.0'], 'State': 'failed', 'RecordedSite': True, 'Error': [50115, 'BadFWJRXML', {}]}, '520': {'Retries': 2, 'Restarts': 0, 'SiteHistory': ['Unknown', 'T2_IT_Pisa', 'T2_IT_Pisa', 'T2_IT_Pisa', 'T2_IT_Pisa', 'T2_IT_Pisa', 'T2_IT_Pisa'], 'ResidentSetSize': [4072, 54036, 53684], 'SubmitTimes': [1742226557.0, 1742231427.0, 1742231694.0], 'StartTimes': [1742231197.0, 1742231456.0, 1742231808.0], 'EndTimes': [1742231358.0, 1742231561.0, 1742231981.0], 'TotalUserCpuTimeHistory': [21, 50, 38.0], 'TotalSysCpuTimeHistory': [0, 2, 0.0], 'WallDurations': [161.0, 170.59663248062134, 170.59663248062134, 105.0, 212.86786198616028, 9.0, 173.0], 'JobIds': ['78944616.0', '78963481.0', '78963566.0'], 'State': 'failed', 'RecordedSite': True, 'Error': [50115, 'BadFWJRXML', {}]}, '521': {'Retries': 2, 'Restarts': 0, 'SiteHistory': ['Unknown', 'T2_IT_Pisa', 'T2_IT_Pisa', 'T2_IT_Pisa', 'T2_IT_Pisa', 'T2_IT_Pisa', 'T2_IT_Pisa'], 'ResidentSetSize': [44624, 49432, 38468], 'SubmitTimes': [1742226557.0, 1742231375.0, 1742231668.0], 'StartTimes': [1742231194.0, 1742231408.0, 1742231768.0], 'EndTimes': [1742231308.0, 1742231537.0, 1742231898.0], 'TotalUserCpuTimeHistory': [47, 33, 51.0], 'TotalSysCpuTimeHistory': [2, 0, 3.0], 'WallDurations': [114.0, 173.59663248062134, 173.59663248062134, 129.0, 130.0, 201.4244658946991, 201.4244658946991], 'JobIds': ['78944617.0', '78963459.0', '78963552.0'], 'State': 'failed', 'RecordedSite': True, 'Error': [50115, 'BadFWJRXML', {}]}, '522': {'Retries': 2, 'Restarts': 0, 'SiteHistory': ['Unknown', 'T2_IT_Pisa', 'T2_IT_Pisa', 'T2_IT_Pisa', 'T2_IT_Pisa', 'T2_IT_Pisa', 'T2_IT_Pisa'], 'ResidentSetSize': [4084, 5496, 45940], 'SubmitTimes': [1742226558.0, 1742231369.0, 1742231710.0], 'StartTimes': [1742231190.0, 1742231419.0, 1742231813.0], 'EndTimes': [1742231301.0, 1742231586.0, 1742231931.0], 'TotalUserCpuTimeHistory': [39, 55, 30.0], 'TotalSysCpuTimeHistory': [1, 1, 0.0], 'WallDurations': [111.0, 177.59663248062134, 177.59663248062134, 167.0, 249.86786198616028, 118.0, 156.4244658946991], 'JobIds': ['78944618.0', '78963455.0', '78963585.0'], 'State': 'failed', 'RecordedSite': True, 'Error': [50115, 'BadFWJRXML', {}]}, '21': {'Retries': 2, 'Restarts': 0, 'SiteHistory': ['Unknown', 'T2_IT_Pisa', 'T2_IT_Pisa', 'T2_IT_Pisa', 'T2_IT_Pisa', 'T2_IT_Pisa', 'T2_IT_Pisa'], 'ResidentSetSize': [38632, 38764, 48412], 'SubmitTimes': [1742226575.0, 1742231432.0, 1742231700.0], 'StartTimes': [1742231249.0, 1742231463.0, 1742231810.0], 'EndTimes': [1742231361.0, 1742231568.0, 1742231976.0], 'TotalUserCpuTimeHistory': [36, 37, 35.0], 'TotalSysCpuTimeHistory': [0, 0, 0.0], 'WallDurations': [112.0, 118.59663248062134, 118.59663248062134, 105.0, 205.86786198616028, 9.0, 166.0], 'JobIds': ['78944747.0', '78963487.0', '78963573.0'], 'State': 'failed', 'RecordedSite': True, 'Error': [50115, 'BadFWJRXML', {}]}, '128': {'Retries': 2, 'Restarts': 0, 'SiteHistory': ['Unknown', 'T2_IT_Pisa', 'T2_IT_Pisa', 'T2_IT_Pisa', 'T2_IT_Pisa', 'T2_IT_Pisa', 'T2_IT_Pisa'], 'ResidentSetSize': [38756, 201144, 36688], 'SubmitTimes': [1742226574.0, 1742231427.0, 1742231765.0], 'StartTimes': [1742231249.0, 1742231455.0, 1742231815.0], 'EndTimes': [1742231344.0, 1742231636.0, 1742231934.0], 'TotalUserCpuTimeHistory': [27, 50, 34.0], 'TotalSysCpuTimeHistory': [0, 1, 0.0], 'WallDurations': [95.0, 118.59663248062134, 118.59663248062134, 181.0, 213.86786198616028, 119.0, 154.4244658946991], 'JobIds': ['78944745.0', '78963483.0', '78963597.0'], 'State': 'failed', 'RecordedSite': True, 'Error': [50115, 'BadFWJRXML', {}]}, '206': {'Retries': 2, 'Restarts': 0, 'SiteHistory': ['Unknown', 'T2_IT_Pisa', 'T2_IT_Pisa', 'T2_IT_Pisa', 'T2_IT_Pisa', 'T2_IT_Pisa', 'T2_IT_Pisa'], 'ResidentSetSize': [40052, 99380, 211580], 'SubmitTimes': [1742226575.0, 1742231411.0, 1742231638.0], 'StartTimes': [1742231249.0, 1742231438.0, 1742231655.0], 'EndTimes': [1742231344.0, 1742231506.0, 1742231788.0], 'TotalUserCpuTimeHistory': [40, 27, 35], 'TotalSysCpuTimeHistory': [0, 0, 0], 'WallDurations': [95.0, 118.59663248062134, 118.59663248062134, 68.0, 9.0, 13.867861986160278, 133.0], 'JobIds': ['78944749.0', '78963473.0', '78963539.0'], 'State': 'failed', 'RecordedSite': True, 'Error': [50115, 'BadFWJRXML', {}]}, '301': {'Retries': 2, 'Restarts': 0, 'SiteHistory': ['Unknown', 'T2_IT_Pisa', 'T2_IT_Pisa', 'T2_IT_Pisa', 'T2_IT_Pisa', 'T2_IT_Pisa', 'T2_IT_Pisa'], 'ResidentSetSize': [52008, 44340, 71792], 'SubmitTimes': [1742226566.0, 1742231447.0, 1742231740.0], 'StartTimes': [1742231236.0, 1742231471.0, 1742231820.0], 'EndTimes': [1742231377.0, 1742231611.0, 1742232011.0], 'TotalUserCpuTimeHistory': [54, 44, 47.0], 'TotalSysCpuTimeHistory': [1, 3, 0.0], 'WallDurations': [9.0, 131.59663248062134, 141.0, 140.0, 197.86786198616028, 9.0, 191.0], 'JobIds': ['78944689.0', '78963500.0', '78963592.0'], 'State': 'failed', 'RecordedSite': True, 'Error': [50115, 'BadFWJRXML', {}]}, '405': {'Retries': 2, 'Restarts': 0, 'SiteHistory': ['Unknown', 'T2_IT_Pisa', 'T2_IT_Pisa', 'T2_IT_Pisa', 'T2_IT_Pisa', 'T2_IT_Pisa', 'T2_IT_Pisa'], 'ResidentSetSize': [210184, 67448, 63748], 'SubmitTimes': [1742226566.0, 1742231390.0, 1742231700.0], 'StartTimes': [1742231251.0, 1742231423.0, 1742231810.0], 'EndTimes': [1742231323.0, 1742231566.0, 1742231964.0], 'TotalUserCpuTimeHistory': [26, 42, 38.0], 'TotalSysCpuTimeHistory': [0, 1, 1.0], 'WallDurations': [72.0, 116.59663248062134, 116.59663248062134, 143.0, 245.86786198616028, 154.0, 159.4244658946991], 'JobIds': ['78944690.0', '78963469.0', '78963572.0'], 'State': 'failed', 'RecordedSite': True, 'Error': [50115, 'BadFWJRXML', {}]}, '523': {'Retries': 2, 'Restarts': 0, 'SiteHistory': ['Unknown', 'T2_IT_Pisa', 'T2_IT_Pisa', 'T2_IT_Pisa', 'T2_IT_Pisa', 'T2_IT_Pisa', 'T2_IT_Pisa'], 'ResidentSetSize': [45920, 52096, 49420], 'SubmitTimes': [1742226563.0, 1742231380.0, 1742231668.0], 'StartTimes': [1742231196.0, 1742231421.0, 1742231752.0], 'EndTimes': [1742231314.0, 1742231536.0, 1742231884.0], 'TotalUserCpuTimeHistory': [31, 52, 50.0], 'TotalSysCpuTimeHistory': [0, 3, 1.0], 'WallDurations': [118.0, 171.59663248062134, 171.59663248062134, 115.0, 132.0, 217.4244658946991, 217.4244658946991], 'JobIds': ['78944673.0', '78963463.0', '78963551.0'], 'State': 'failed', 'RecordedSite': True, 'Error': [50115, 'BadFWJRXML', {}]}, '524': {'Retries': 2, 'Restarts': 0, 'SiteHistory': ['Unknown', 'T2_IT_Pisa', 'T2_IT_Pisa', 'T2_IT_Pisa', 'T2_IT_Pisa', 'T2_IT_Pisa', 'T2_IT_Pisa'], 'ResidentSetSize': [67976, 64160, 65800], 'SubmitTimes': [1742226564.0, 1742231401.0, 1742231633.0], 'StartTimes': [1742231201.0, 1742231439.0, 1742231675.0], 'EndTimes': [1742231336.0, 1742231503.0, 1742231810.0], 'TotalUserCpuTimeHistory': [31, 22, 32], 'TotalSysCpuTimeHistory': [0, 0, 0], 'WallDurations': [135.0, 166.59663248062134, 166.59663248062134, 64.0, 0, 135.0, 294.4244658946991], 'JobIds': ['78944675.0', '78963472.0', '78963538.0'], 'State': 'failed', 'RecordedSite': True, 'Error': [50115, 'BadFWJRXML', {}]}, '525': {'Retries': 2, 'Restarts': 0, 'SiteHistory': ['Unknown', 'T2_IT_Pisa', 'T2_IT_Pisa', 'T2_IT_Pisa', 'T2_IT_Pisa', 'T2_IT_Pisa', 'T2_IT_Pisa'], 'ResidentSetSize': [4284, 44796, 54648], 'SubmitTimes': [1742226564.0, 1742231395.0, 1742231700.0], 'StartTimes': [1742231201.0, 1742231423.0, 1742231816.0], 'EndTimes': [1742231329.0, 1742231570.0, 1742231935.0], 'TotalUserCpuTimeHistory': [43, 46, 41.0], 'TotalSysCpuTimeHistory': [1, 0, 1.0], 'WallDurations': [128.0, 166.59663248062134, 166.59663248062134, 147.0, 245.86786198616028, 119.0, 153.4244658946991], 'JobIds': ['78944677.0', '78963470.0', '78963571.0'], 'State': 'failed', 'RecordedSite': True, 'Error': [50115, 'BadFWJRXML', {}]}, '526': {'Retries': 2, 'Restarts': 0, 'SiteHistory': ['Unknown', 'T2_IT_Pisa', 'T2_IT_Pisa', 'T2_IT_Pisa', 'T2_IT_Pisa', 'T2_IT_Pisa', 'T2_IT_Pisa'], 'ResidentSetSize': [48920, 38680, 8372], 'SubmitTimes': [1742226564.0, 1742231369.0, 1742231653.0], 'StartTimes': [1742231212.0, 1742231403.0, 1742231720.0], 'EndTimes': [1742231301.0, 1742231523.0, 1742231831.0], 'TotalUserCpuTimeHistory': [29, 43, 37], 'TotalSysCpuTimeHistory': [1, 3, 0], 'WallDurations': [89.0, 155.59663248062134, 155.59663248062134, 120.0, 111.0, 249.4244658946991, 249.4244658946991], 'JobIds': ['78944679.0', '78963454.0', '78963544.0'], 'State': 'failed', 'RecordedSite': True, 'Error': [50115, 'BadFWJRXML', {}]}, '527': {'Retries': 2, 'Restarts': 0, 'SiteHistory': ['Unknown', 'T2_IT_Pisa', 'T2_IT_Pisa', 'T2_IT_Pisa', 'T2_IT_Pisa', 'T2_IT_Pisa', 'T2_IT_Pisa'], 'ResidentSetSize': [48856, 52008, 38676], 'SubmitTimes': [1742226564.0, 1742231369.0, 1742231658.0], 'StartTimes': [1742231214.0, 1742231402.0, 1742231725.0], 'EndTimes': [1742231302.0, 1742231528.0, 1742231794.0], 'TotalUserCpuTimeHistory': [27, 53, 32], 'TotalSysCpuTimeHistory': [0, 2, 0], 'WallDurations': [88.0, 153.59663248062134, 153.59663248062134, 126.0, 69.0, 244.4244658946991, 244.4244658946991], 'JobIds': ['78944681.0', '78963453.0', '78963547.0'], 'State': 'failed', 'RecordedSite': True, 'Error': [50115, 'BadFWJRXML', {}]}, '528': {'Retries': 2, 'Restarts': 0, 'SiteHistory': ['Unknown', 'T2_IT_Pisa', 'T2_IT_Pisa', 'T2_IT_Pisa', 'T2_IT_Pisa', 'T2_IT_Pisa', 'T2_IT_Pisa'], 'ResidentSetSize': [66104, 54540, 51436], 'SubmitTimes': [1742226564.0, 1742231472.0, 1742231750.0], 'StartTimes': [1742231227.0, 1742231511.0, 1742231814.0], 'EndTimes': [1742231403.0, 1742231620.0, 1742231928.0], 'TotalUserCpuTimeHistory': [38, 36, 38.0], 'TotalSysCpuTimeHistory': [0, 1, 1.0], 'WallDurations': [9.0, 140.59663248062134, 176.0, 109.0, 157.86786198616028, 114.0, 155.4244658946991], 'JobIds': ['78944683.0', '78963508.0', '78963596.0'], 'State': 'failed', 'RecordedSite': True, 'Error': [50115, 'BadFWJRXML', {}]}, '529': {'Retries': 2, 'Restarts': 0, 'SiteHistory': ['Unknown', 'T2_IT_Pisa', 'T2_IT_Pisa', 'T2_IT_Pisa', 'T2_IT_Pisa', 'T2_IT_Pisa', 'T2_IT_Pisa'], 'ResidentSetSize': [213072, 3980, 284404], 'SubmitTimes': [1742226576.0, 1742231416.0, 1742231710.0], 'StartTimes': [1742231250.0, 1742231427.0, 1742231830.0], 'EndTimes': [1742231346.0, 1742231568.0, 1742231902.0], 'TotalUserCpuTimeHistory': [38, 38, 3.0], 'TotalSysCpuTimeHistory': [0, 0, 0.0], 'WallDurations': [96.0, 117.59663248062134, 117.59663248062134, 141.0, 241.86786198616028, 72.0, 139.4244658946991], 'JobIds': ['78944754.0', '78963474.0', '78963582.0'], 'State': 'failed', 'RecordedSite': True, 'Error': [50115, 'BadFWJRXML', {}]}, '530': {'Retries': 2, 'Restarts': 0, 'SiteHistory': ['Unknown', 'T2_IT_Pisa', 'T2_IT_Pisa', 'T2_IT_Pisa', 'T2_IT_Pisa', 'T2_IT_Pisa', 'T2_IT_Pisa'], 'ResidentSetSize': [67060, 212308, 51632], 'SubmitTimes': [1742226569.0, 1742231437.0, 1742231705.0], 'StartTimes': [1742231248.0, 1742231473.0, 1742231812.0], 'EndTimes': [1742231366.0, 1742231576.0, 1742231920.0], 'TotalUserCpuTimeHistory': [47, 45, 39.0], 'TotalSysCpuTimeHistory': [1, 0, 1.0], 'WallDurations': [118.0, 119.59663248062134, 119.59663248062134, 103.0, 195.86786198616028, 108.0, 157.4244658946991], 'JobIds': ['78944696.0', '78963489.0', '78963579.0'], 'State': 'failed', 'RecordedSite': True, 'Error': [50115, 'BadFWJRXML', {}]}, '531': {'Retries': 2, 'Restarts': 0, 'SiteHistory': ['Unknown', 'T2_IT_Pisa', 'T2_IT_Pisa', 'T2_IT_Pisa', 'T2_IT_Pisa', 'T2_IT_Pisa', 'T2_IT_Pisa'], 'ResidentSetSize': [42176, 284000, 201124], 'SubmitTimes': [1742226574.0, 1742231462.0, 1742231770.0], 'StartTimes': [1742231257.0, 1742231473.0, 1742231826.0], 'EndTimes': [1742231391.0, 1742231642.0, 1742231959.0], 'TotalUserCpuTimeHistory': [23, 28, 35.0], 'TotalSysCpuTimeHistory': [0, 0, 0.0], 'WallDurations': [8.0, 110.59663248062134, 134.0, 169.0, 195.86786198616028, 133.0, 143.4244658946991], 'JobIds': ['78944743.0', '78963501.0', '78963600.0'], 'State': 'failed', 'RecordedSite': True}, '532': {'Retries': 2, 'Restarts': 0, 'SiteHistory': ['Unknown', 'T2_IT_Pisa', 'T2_IT_Pisa', 'T2_IT_Pisa', 'T2_IT_Pisa', 'T2_IT_Pisa', 'T2_IT_Pisa'], 'ResidentSetSize': [47980, 38664, 2728], 'SubmitTimes': [1742226565.0, 1742231437.0, 1742231699.0], 'StartTimes': [1742231229.0, 1742231461.0, 1742231808.0], 'EndTimes': [1742231365.0, 1742231566.0, 1742232014.0], 'TotalUserCpuTimeHistory': [50, 40, 47.0], 'TotalSysCpuTimeHistory': [3, 0, 1.0], 'WallDurations': [136.0, 138.59663248062134, 138.59663248062134, 105.0, 207.86786198616028, 9.0, 206.0], 'JobIds': ['78944686.0', '78963491.0', '78963569.0'], 'State': 'failed', 'RecordedSite': True, 'Error': [50115, 'BadFWJRXML', {}]}, '533': {'Retries': 2, 'Restarts': 0, 'SiteHistory': ['Unknown', 'T2_IT_Pisa', 'T2_IT_Pisa', 'T2_IT_Pisa', 'T2_IT_Pisa', 'T2_IT_Pisa', 'T2_IT_Pisa'], 'ResidentSetSize': [48704, 53900, 4920], 'SubmitTimes': [1742226568.0, 1742231416.0, 1742231699.0], 'StartTimes': [1742231270.0, 1742231426.0, 1742231808.0], 'EndTimes': [1742231344.0, 1742231568.0, 1742231964.0], 'TotalUserCpuTimeHistory': [24, 38, 26.0], 'TotalSysCpuTimeHistory': [0, 0, 0.0], 'WallDurations': [74.0, 97.59663248062134, 97.59663248062134, 142.0, 242.86786198616028, 156.0, 161.4244658946991], 'JobIds': ['78944695.0', '78963475.0', '78963570.0'], 'State': 'failed', 'RecordedSite': True, 'Error': [50115, 'BadFWJRXML', {}]}, '534': {'Retries': 2, 'Restarts': 0, 'SiteHistory': ['Unknown', 'T2_IT_Pisa', 'T2_IT_Pisa', 'T2_IT_Pisa', 'T2_IT_Pisa', 'T2_IT_Pisa', 'T2_IT_Pisa'], 'ResidentSetSize': [22844, 49112, 38472], 'SubmitTimes': [1742226567.0, 1742231467.0, 1742231715.0], 'StartTimes': [1742231244.0, 1742231478.0, 1742231816.0], 'EndTimes': [1742231396.0, 1742231587.0, 1742231922.0], 'TotalUserCpuTimeHistory': [28, 44, 45.0], 'TotalSysCpuTimeHistory': [0, 1, 2.0], 'WallDurations': [9.0, 123.59663248062134, 152.0, 109.0, 190.86786198616028, 106.0, 153.4244658946991], 'JobIds': ['78944692.0', '78963505.0', '78963587.0'], 'State': 'failed', 'RecordedSite': True, 'Error': [50115, 'BadFWJRXML', {}]}, '535': {'Retries': 2, 'Restarts': 0, 'SiteHistory': ['Unknown', 'T2_IT_Pisa', 'T2_IT_Pisa', 'T2_IT_Pisa', 'T2_IT_Pisa', 'T2_IT_Pisa', 'T2_IT_Pisa'], 'ResidentSetSize': [4648, 49372, 75004], 'SubmitTimes': [1742226568.0, 1742231467.0, 1742231715.0], 'StartTimes': [1742231250.0, 1742231484.0, 1742231812.0], 'EndTimes': [1742231396.0, 1742231588.0, 1742231914.0], 'TotalUserCpuTimeHistory': [40, 41, 48.0], 'TotalSysCpuTimeHistory': [1, 1, 0.0], 'WallDurations': [8.0, 117.59663248062134, 146.0, 104.0, 184.86786198616028, 102.0, 157.4244658946991], 'JobIds': ['78944694.0', '78963506.0', '78963586.0'], 'State': 'failed', 'RecordedSite': True, 'Error': [50115, 'BadFWJRXML', {}]}, '536': {'Retries': 2, 'Restarts': 0, 'SiteHistory': ['Unknown', 'T2_IT_Pisa', 'T2_IT_Pisa', 'T2_IT_Pisa', 'T2_IT_Pisa', 'T2_IT_Pisa', 'T2_IT_Pisa'], 'ResidentSetSize': [68908, 215772, 74024], 'SubmitTimes': [1742226574.0, 1742231437.0, 1742231775.0], 'StartTimes': [1742231247.0, 1742231462.0, 1742231830.0], 'EndTimes': [1742231366.0, 1742231644.0, 1742231975.0], 'TotalUserCpuTimeHistory': [46, 48, 28.0], 'TotalSysCpuTimeHistory': [1, 0, 1.0], 'WallDurations': [119.0, 120.59663248062134, 120.59663248062134, 182.0, 206.86786198616028, 8.0, 145.0], 'JobIds': ['78944741.0', '78963490.0', '78963602.0'], 'State': 'failed', 'RecordedSite': True, 'Error': [50115, 'BadFWJRXML', {}]}, '537': {'Retries': 2, 'Restarts': 0, 'SiteHistory': ['Unknown', 'T2_IT_Pisa', 'T2_IT_Pisa', 'T2_IT_Pisa', 'T2_IT_Pisa', 'T2_IT_Pisa', 'T2_IT_Pisa'], 'ResidentSetSize': [26528, 197436, 33660], 'SubmitTimes': [1742226576.0, 1742231432.0, 1742231705.0], 'StartTimes': [1742231249.0, 1742231476.0, 1742231831.0], 'EndTimes': [1742231367.0, 1742231578.0, 1742231961.0], 'TotalUserCpuTimeHistory': [37, 39, 29.0], 'TotalSysCpuTimeHistory': [1, 0, 0.0], 'WallDurations': [117.0, 118.59663248062134, 118.0, 102.0, 192.86786198616028, 130.0, 138.4244658946991], 'JobIds': ['78944753.0', '78963488.0', '78963578.0'], 'State': 'failed', 'RecordedSite': True}, '538': {'Retries': 2, 'Restarts': 0, 'SiteHistory': ['Unknown', 'T2_IT_Pisa', 'T2_IT_Pisa', 'T2_IT_Pisa', 'T2_IT_Pisa', 'T2_IT_Pisa', 'T2_IT_Pisa'], 'ResidentSetSize': [32644, 69388, 49012], 'SubmitTimes': [1742226565.0, 1742231385.0, 1742231678.0], 'StartTimes': [1742231215.0, 1742231435.0, 1742231808.0], 'EndTimes': [1742231317.0, 1742231550.0, 1742231932.0], 'TotalUserCpuTimeHistory': [39, 43, 34.0], 'TotalSysCpuTimeHistory': [0, 3, 0.0], 'WallDurations': [102.0, 152.59663248062134, 152.59663248062134, 115.0, 233.86786198616028, 124.0, 161.4244658946991], 'JobIds': ['78944688.0', '78963466.0', '78963562.0'], 'State': 'failed', 'RecordedSite': True, 'Error': [50115, 'BadFWJRXML', {}]}, '539': {'Retries': 2, 'Restarts': 0, 'SiteHistory': ['Unknown', 'T2_IT_Pisa', 'T2_IT_Pisa', 'T2_IT_Pisa', 'T2_IT_Pisa', 'T2_IT_Pisa', 'T2_IT_Pisa'], 'ResidentSetSize': [64236, 87528, 37368], 'SubmitTimes': [1742226574.0, 1742231427.0, 1742231765.0], 'StartTimes': [1742231247.0, 1742231455.0, 1742231814.0], 'EndTimes': [1742231358.0, 1742231636.0, 1742231990.0], 'TotalUserCpuTimeHistory': [46, 51, 23.0], 'TotalSysCpuTimeHistory': [1, 1, 0.0], 'WallDurations': [111.0, 120.59663248062134, 120.59663248062134, 181.0, 213.86786198616028, 8.0, 176.0], 'JobIds': ['78944739.0', '78963480.0', '78963599.0'], 'State': 'failed', 'RecordedSite': True, 'Error': [50115, 'BadFWJRXML', {}]}, '540': {'Retries': 2, 'Restarts': 0, 'SiteHistory': ['Unknown', 'T2_IT_Pisa', 'T2_IT_Pisa', 'T2_IT_Pisa', 'T2_IT_Pisa', 'T2_IT_Pisa', 'T2_IT_Pisa'], 'ResidentSetSize': [40432, 64488, 49692], 'SubmitTimes': [1742226576.0, 1742231462.0, 1742231735.0], 'StartTimes': [1742231259.0, 1742231475.0, 1742231814.0], 'EndTimes': [1742231391.0, 1742231610.0, 1742231997.0], 'TotalUserCpuTimeHistory': [31, 42, 43.0], 'TotalSysCpuTimeHistory': [1, 4, 0.0], 'WallDurations': [9.0, 108.59663248062134, 132.0, 135.0, 193.86786198616028, 8.0, 183.0], 'JobIds': ['78944751.0', '78963502.0', '78963590.0'], 'State': 'failed', 'RecordedSite': True, 'Error': [50115, 'BadFWJRXML', {}]}, '541': {'Retries': 2, 'Restarts': 0, 'SiteHistory': ['Unknown', 'T2_IT_Pisa', 'T2_IT_Pisa', 'T2_IT_Pisa', 'T2_IT_Pisa', 'T2_IT_Pisa', 'T2_IT_Pisa'], 'ResidentSetSize': [4624, 56304, 73120], 'SubmitTimes': [1742226565.0, 1742231472.0, 1742231790.0], 'StartTimes': [1742231230.0, 1742231494.0, 1742231826.0], 'EndTimes': [1742231403.0, 1742231659.0, 1742231895.0], 'TotalUserCpuTimeHistory': [38, 19, 27.0], 'TotalSysCpuTimeHistory': [0, 0, 0.0], 'WallDurations': [8.0, 137.59663248062134, 173.0, 165.0, 174.86786198616028, 69.0, 143.4244658946991], 'JobIds': ['78944685.0', '78963509.0', '78963603.0'], 'State': 'failed', 'RecordedSite': True, 'Error': [50115, 'BadFWJRXML', {}]}, '542': {'Retries': 2, 'Restarts': 0, 'SiteHistory': ['Unknown', 'T2_IT_Pisa', 'T2_IT_Pisa', 'T2_IT_Pisa', 'T2_IT_Pisa', 'T2_IT_Pisa', 'T2_IT_Pisa'], 'ResidentSetSize': [212652, 4080, 3540], 'SubmitTimes': [1742226567.0, 1742231467.0, 1742231740.0], 'StartTimes': [1742231242.0, 1742231476.0, 1742231830.0], 'EndTimes': [1742231396.0, 1742231611.0, 1742231969.0], 'TotalUserCpuTimeHistory': [39, 48, 28.0], 'TotalSysCpuTimeHistory': [0, 3, 1.0], 'WallDurations': [9.0, 125.59663248062134, 154.0, 135.0, 192.86786198616028, 138.0, 139.0], 'JobIds': ['78944693.0', '78963504.0', '78963593.0'], 'State': 'failed', 'RecordedSite': True, 'Error': [50115, 'BadFWJRXML', {}]}, '543': {'Retries': 2, 'Restarts': 0, 'SiteHistory': ['Unknown', 'T2_IT_Pisa', 'T2_IT_Pisa', 'T2_IT_Pisa', 'T2_IT_Pisa', 'T2_IT_Pisa', 'T2_IT_Pisa'], 'ResidentSetSize': [9164, 48868, 69396], 'SubmitTimes': [1742226565.0, 1742231385.0, 1742231673.0], 'StartTimes': [1742231216.0, 1742231429.0, 1742231791.0], 'EndTimes': [1742231318.0, 1742231499.0, 1742231921.0], 'TotalUserCpuTimeHistory': [36, 19, 43.0], 'TotalSysCpuTimeHistory': [0, 0, 2.0], 'WallDurations': [102.0, 151.59663248062134, 151.59663248062134, 70.0, 239.86786198616028, 130.0, 178.4244658946991], 'JobIds': ['78944687.0', '78963467.0', '78963560.0'], 'State': 'failed', 'RecordedSite': True, 'Error': [50115, 'BadFWJRXML', {}]}, '544': {'Retries': 2, 'Restarts': 0, 'SiteHistory': ['Unknown', 'T2_IT_Pisa', 'T2_IT_Pisa', 'T2_IT_Pisa', 'T2_IT_Pisa', 'T2_IT_Pisa', 'T2_IT_Pisa'], 'ResidentSetSize': [210180, 51444, 58556], 'SubmitTimes': [1742226566.0, 1742231467.0, 1742231730.0], 'StartTimes': [1742231250.0, 1742231490.0, 1742231813.0], 'EndTimes': [1742231396.0, 1742231606.0, 1742231923.0], 'TotalUserCpuTimeHistory': [39, 33, 19.0], 'TotalSysCpuTimeHistory': [1, 0, 0.0], 'WallDurations': [9.0, 117.59663248062134, 146.0, 116.0, 178.86786198616028, 110.0, 156.4244658946991], 'JobIds': ['78944691.0', '78963507.0', '78963589.0'], 'State': 'failed', 'RecordedSite': True, 'Error': [50115, 'BadFWJRXML', {}]}}
INFO 2025-03-17 17:32:38.971 UTC: 	 Status on the scheduler:	FAILED
INFO 2025-03-17 17:32:38.972 UTC: 	 
Jobs status:                    failed       		100.0% (544/544)
INFO 2025-03-17 17:32:38.972 UTC: 	 
No publication information available yet
INFO 2025-03-17 17:32:38.974 UTC: 	 
Error Summary: (use crab status --verboseErrors for details about the errors)

514 jobs failed with exit code 50115

Could not find exit code details for 30 jobs.

Have a look at https://twiki.cern.ch/twiki/bin/viewauth/CMSPublic/JobExitCodes for a description of the exit codes.
INFO 2025-03-17 17:32:38.980 UTC: 	 
Warning: the max jobs runtime is less than 30% of the task requested value (2700 min), please consider to request a lower value for failed jobs (allowed through crab resubmit) and/or improve the jobs splitting (e.g. config.Data.splitting = 'Automatic') in a new task.
INFO 2025-03-17 17:32:38.980 UTC: 	 
Warning: the average jobs CPU efficiency is less than 50%, please consider to improve the jobs splitting (e.g. config.Data.splitting = 'Automatic') in a new task
INFO 2025-03-17 17:32:38.980 UTC: 	 
Summary of run jobs:
 * Memory: 4MB min, 284MB max, 70MB ave
 * Runtime: 0:01:02 min, 0:18:44 max, 0:02:58 ave
 * CPU eff: 1% min, 55% max, 20% ave
 * Waste: 87:55:04 (76% of total)

INFO 2025-03-17 17:32:39.008 UTC: 	 Log file is /afs/cern.ch/user/f/fsalerno/CMSSW_13_2_11/src/PhysicsTools/NanoAODTools/crab/crab_TT_inclusive_2022_topcand_hadd/crab.log
