/cvmfs/cms.cern.ch/el9_amd64_gcc11/external/py3-numpy/1.23.5-5b6957c965058eaa079a1c3386da7800/lib/python3.9/site-packages/numpy/core/getlimits.py:500: UserWarning: The value of the smallest subnormal for <class 'numpy.float64'> type is zero.
  setattr(self, word, getattr(machar, word).flat[0])
/cvmfs/cms.cern.ch/el9_amd64_gcc11/external/py3-numpy/1.23.5-5b6957c965058eaa079a1c3386da7800/lib/python3.9/site-packages/numpy/core/getlimits.py:89: UserWarning: The value of the smallest subnormal for <class 'numpy.float64'> type is zero.
  return self._float_to_str(self.smallest_subnormal)
/cvmfs/cms.cern.ch/el9_amd64_gcc11/external/py3-numpy/1.23.5-5b6957c965058eaa079a1c3386da7800/lib/python3.9/site-packages/numpy/core/getlimits.py:500: UserWarning: The value of the smallest subnormal for <class 'numpy.float32'> type is zero.
  setattr(self, word, getattr(machar, word).flat[0])
/cvmfs/cms.cern.ch/el9_amd64_gcc11/external/py3-numpy/1.23.5-5b6957c965058eaa079a1c3386da7800/lib/python3.9/site-packages/numpy/core/getlimits.py:89: UserWarning: The value of the smallest subnormal for <class 'numpy.float32'> type is zero.
  return self._float_to_str(self.smallest_subnormal)
2024-11-17 05:35:39.768869: I tensorflow/core/platform/cpu_feature_guard.cc:142] This TensorFlow binary is optimized with oneAPI Deep Neural Network Library (oneDNN) to use the following CPU instructions in performance-critical operations:  SSE4.1 SSE4.2 AVX AVX2 AVX512F FMA
To enable them in other operations, rebuild TensorFlow with the appropriate compiler flags.
2024-11-17 05:35:39.773789: E tensorflow/stream_executor/cuda/cuda_driver.cc:271] failed call to cuInit: UNKNOWN ERROR (34)
2024-11-17 05:35:39.773869: I tensorflow/stream_executor/cuda/cuda_diagnostics.cc:156] kernel driver does not appear to be running on this host (b9p20p3147.cern.ch): /proc/driver/nvidia/version does not exist
WARNING:tensorflow:From /afs/cern.ch/user/f/fsalerno/CMSSW_13_2_11/src/PhysicsTools/NanoAODTools/python/postprocessing/machine_learning/Training/GridSearch/grid_search_PF_jets.py:27: The name tf.keras.backend.set_session is deprecated. Please use tf.compat.v1.keras.backend.set_session instead.

2024-11-17 05:37:00.160969: I tensorflow/compiler/mlir/mlir_graph_optimization_pass.cc:185] None of the MLIR Optimization Passes are enabled (registered 2)
Traceback (most recent call last):
  File "/afs/cern.ch/user/f/fsalerno/.local/lib/python3.9/site-packages/keras_tuner/src/engine/base_tuner.py", line 274, in _try_run_and_update_trial
  File "/afs/cern.ch/user/f/fsalerno/.local/lib/python3.9/site-packages/keras_tuner/src/engine/base_tuner.py", line 261, in _run_and_update_trial
  File "/afs/cern.ch/user/f/fsalerno/.local/lib/python3.9/site-packages/keras_tuner/src/engine/oracle.py", line 108, in wrapped_func
  File "/afs/cern.ch/user/f/fsalerno/.local/lib/python3.9/site-packages/keras_tuner/src/engine/oracle.py", line 531, in update_trial
  File "/afs/cern.ch/user/f/fsalerno/.local/lib/python3.9/site-packages/keras_tuner/src/engine/oracle.py", line 805, in _save_trial
  File "/afs/cern.ch/user/f/fsalerno/.local/lib/python3.9/site-packages/keras_tuner/src/engine/oracle.py", line 798, in _get_trial_dir
  File "/afs/cern.ch/user/f/fsalerno/.local/lib/python3.9/site-packages/keras_tuner/src/engine/oracle.py", line 743, in _project_dir
  File "/afs/cern.ch/user/f/fsalerno/.local/lib/python3.9/site-packages/keras_tuner/src/utils.py", line 44, in create_directory
  File "/afs/cern.ch/user/f/fsalerno/.local/lib/python3.9/site-packages/keras_tuner/src/backend/io.py", line 58, in makedirs
  File "/cvmfs/cms.cern.ch/el9_amd64_gcc11/external/py3-tensorflow/2.6.4-b4f48218503141d57481e3883c4fc2d8/lib/python3.9/site-packages/tensorflow/python/lib/io/file_io.py", line 514, in recursive_create_dir_v2
    _pywrap_file_io.RecursivelyCreateDir(compat.path_to_bytes(path))
tensorflow.python.framework.errors_impl.PermissionDeniedError: /eos/user/f/fsalerno; Permission denied
Traceback (most recent call last):
  File "/afs/cern.ch/user/f/fsalerno/CMSSW_13_2_11/src/PhysicsTools/NanoAODTools/python/postprocessing/machine_learning/Training/GridSearch/grid_search_PF_jets.py", line 312, in <module>
  File "/afs/cern.ch/user/f/fsalerno/.local/lib/python3.9/site-packages/keras_tuner/src/engine/base_tuner.py", line 235, in search
  File "/afs/cern.ch/user/f/fsalerno/.local/lib/python3.9/site-packages/keras_tuner/src/engine/base_tuner.py", line 339, in on_trial_end
  File "/afs/cern.ch/user/f/fsalerno/.local/lib/python3.9/site-packages/keras_tuner/src/engine/oracle.py", line 108, in wrapped_func
  File "/afs/cern.ch/user/f/fsalerno/.local/lib/python3.9/site-packages/keras_tuner/src/engine/oracle.py", line 590, in end_trial
  File "/afs/cern.ch/user/f/fsalerno/.local/lib/python3.9/site-packages/keras_tuner/src/engine/oracle.py", line 805, in _save_trial
  File "/afs/cern.ch/user/f/fsalerno/.local/lib/python3.9/site-packages/keras_tuner/src/engine/oracle.py", line 798, in _get_trial_dir
  File "/afs/cern.ch/user/f/fsalerno/.local/lib/python3.9/site-packages/keras_tuner/src/engine/oracle.py", line 743, in _project_dir
  File "/afs/cern.ch/user/f/fsalerno/.local/lib/python3.9/site-packages/keras_tuner/src/utils.py", line 44, in create_directory
  File "/afs/cern.ch/user/f/fsalerno/.local/lib/python3.9/site-packages/keras_tuner/src/backend/io.py", line 58, in makedirs
    
  File "/cvmfs/cms.cern.ch/el9_amd64_gcc11/external/py3-tensorflow/2.6.4-b4f48218503141d57481e3883c4fc2d8/lib/python3.9/site-packages/tensorflow/python/lib/io/file_io.py", line 514, in recursive_create_dir_v2
    _pywrap_file_io.RecursivelyCreateDir(compat.path_to_bytes(path))
tensorflow.python.framework.errors_impl.PermissionDeniedError: /eos/user/f/fsalerno; Permission denied
 *** Break *** bus error



===========================================================
There was a crash.
This is the entire stack trace of all threads:
===========================================================

Thread 71 (Thread 0x14b1ba5f2640 (LWP 928456) "python3"):
#0  0x000014b36170723d in syscall () from /lib64/libc.so.6
#1  0x000014b34cbcb729 in nsync::nsync_mu_semaphore_p_with_deadline(nsync::nsync_semaphore_s_*, timespec) () from /cvmfs/cms.cern.ch/el9_amd64_gcc11/external/py3-tensorflow/2.6.4-b4f48218503141d57481e3883c4fc2d8/lib/python3.9/site-packages/tensorflow/python/_pywrap_tensorflow_internal.so
#2  0x000014b34cbc849b in nsync::nsync_cv_wait_with_deadline_generic(nsync::nsync_cv_s_*, void*, void (*)(void*), void (*)(void*), timespec, nsync::nsync_note_s_*) () from /cvmfs/cms.cern.ch/el9_amd64_gcc11/external/py3-tensorflow/2.6.4-b4f48218503141d57481e3883c4fc2d8/lib/python3.9/site-packages/tensorflow/python/_pywrap_tensorflow_internal.so
#3  0x000014b34cbc89c3 in nsync::nsync_cv_wait_with_deadline(nsync::nsync_cv_s_*, nsync::nsync_mu_s_*, timespec, nsync::nsync_note_s_*) () from /cvmfs/cms.cern.ch/el9_amd64_gcc11/external/py3-tensorflow/2.6.4-b4f48218503141d57481e3883c4fc2d8/lib/python3.9/site-packages/tensorflow/python/_pywrap_tensorflow_internal.so
#4  0x000014b33cb0cc7c in tensorflow::data::BackgroundWorker::WorkerLoop() () from /cvmfs/cms.cern.ch/el9_amd64_gcc11/external/py3-tensorflow/2.6.4-b4f48218503141d57481e3883c4fc2d8/lib/python3.9/site-packages/tensorflow/python/../libtensorflow_framework.so.2
#5  0x000014b33d12d220 in tensorflow::(anonymous namespace)::PThread::ThreadFn(void*) () from /cvmfs/cms.cern.ch/el9_amd64_gcc11/external/py3-tensorflow/2.6.4-b4f48218503141d57481e3883c4fc2d8/lib/python3.9/site-packages/tensorflow/python/../libtensorflow_framework.so.2
#6  0x000014b361689d22 in start_thread () from /lib64/libc.so.6
#7  0x000014b36170ed40 in clone3 () from /lib64/libc.so.6

Thread 70 (Thread 0x14b229e06640 (LWP 928388) "python3"):
#0  0x000014b36170723d in syscall () from /lib64/libc.so.6
#1  0x000014b34cbcb729 in nsync::nsync_mu_semaphore_p_with_deadline(nsync::nsync_semaphore_s_*, timespec) () from /cvmfs/cms.cern.ch/el9_amd64_gcc11/external/py3-tensorflow/2.6.4-b4f48218503141d57481e3883c4fc2d8/lib/python3.9/site-packages/tensorflow/python/_pywrap_tensorflow_internal.so
#2  0x000014b34cbc849b in nsync::nsync_cv_wait_with_deadline_generic(nsync::nsync_cv_s_*, void*, void (*)(void*), void (*)(void*), timespec, nsync::nsync_note_s_*) () from /cvmfs/cms.cern.ch/el9_amd64_gcc11/external/py3-tensorflow/2.6.4-b4f48218503141d57481e3883c4fc2d8/lib/python3.9/site-packages/tensorflow/python/_pywrap_tensorflow_internal.so
#3  0x000014b34cbc89c3 in nsync::nsync_cv_wait_with_deadline(nsync::nsync_cv_s_*, nsync::nsync_mu_s_*, timespec, nsync::nsync_note_s_*) () from /cvmfs/cms.cern.ch/el9_amd64_gcc11/external/py3-tensorflow/2.6.4-b4f48218503141d57481e3883c4fc2d8/lib/python3.9/site-packages/tensorflow/python/_pywrap_tensorflow_internal.so
#4  0x000014b33cb0cc7c in tensorflow::data::BackgroundWorker::WorkerLoop() () from /cvmfs/cms.cern.ch/el9_amd64_gcc11/external/py3-tensorflow/2.6.4-b4f48218503141d57481e3883c4fc2d8/lib/python3.9/site-packages/tensorflow/python/../libtensorflow_framework.so.2
#5  0x000014b33d12d220 in tensorflow::(anonymous namespace)::PThread::ThreadFn(void*) () from /cvmfs/cms.cern.ch/el9_amd64_gcc11/external/py3-tensorflow/2.6.4-b4f48218503141d57481e3883c4fc2d8/lib/python3.9/site-packages/tensorflow/python/../libtensorflow_framework.so.2
#6  0x000014b361689d22 in start_thread () from /lib64/libc.so.6
#7  0x000014b36170ed40 in clone3 () from /lib64/libc.so.6

Thread 69 (Thread 0x14b2845e2640 (LWP 330) "python3"):
#0  0x000014b3616868ba in __futex_abstimed_wait_common () from /lib64/libc.so.6
#1  0x000014b3616890c0 in pthread_cond_wait

GLIBC_2.3.2 () from /lib64/libc.so.6
#2  0x000014b35e8d1820 in __gthread_cond_wait (__mutex=<optimized out>, __cond=<optimized out>) at /data/cmsbld/jenkins/workspace/jenkins-test-bootstrap/toolconf/BUILD/el9_amd64_gcc11/external/gcc/11.4.1-30ebdc301ebd200f2ae0e3d880258e65/gcc-11.4.1/obj/x86_64-redhat-linux-gnu/libstdc++-v3/include/x86_64-redhat-linux-gnu/bits/gthr-default.h:865
#3  std::__condvar::wait (__m=..., this=<optimized out>) at /data/cmsbld/jenkins/workspace/jenkins-test-bootstrap/toolconf/BUILD/el9_amd64_gcc11/external/gcc/11.4.1-30ebdc301ebd200f2ae0e3d880258e65/gcc-11.4.1/obj/x86_64-redhat-linux-gnu/libstdc++-v3/include/bits/std_mutex.h:155
#4  std::condition_variable::wait (this=<optimized out>, __lock=...) at ../../../../../libstdc++-v3/src/c++11/condition_variable.cc:41
#5  0x000014b341844743 in Eigen::ThreadPoolTempl<tensorflow::thread::EigenEnvironment>::WaitForWork(Eigen::EventCount::Waiter*, tensorflow::thread::EigenEnvironment::Task*) () from /cvmfs/cms.cern.ch/el9_amd64_gcc11/external/py3-tensorflow/2.6.4-b4f48218503141d57481e3883c4fc2d8/lib/python3.9/site-packages/tensorflow/python/_pywrap_tensorflow_internal.so
#6  0x000014b341844e2e in Eigen::ThreadPoolTempl<tensorflow::thread::EigenEnvironment>::WorkerLoop(int) () from /cvmfs/cms.cern.ch/el9_amd64_gcc11/external/py3-tensorflow/2.6.4-b4f48218503141d57481e3883c4fc2d8/lib/python3.9/site-packages/tensorflow/python/_pywrap_tensorflow_internal.so
#7  0x000014b341841898 in std::_Function_handler<void (), tensorflow::thread::EigenEnvironment::CreateThread(std::function<void ()>)::{lambda()#1}>::_M_invoke(std::_Any_data const&) () from /cvmfs/cms.cern.ch/el9_amd64_gcc11/external/py3-tensorflow/2.6.4-b4f48218503141d57481e3883c4fc2d8/lib/python3.9/site-packages/tensorflow/python/_pywrap_tensorflow_internal.so
#8  0x000014b33d12d220 in tensorflow::(anonymous namespace)::PThread::ThreadFn(void*) () from /cvmfs/cms.cern.ch/el9_amd64_gcc11/external/py3-tensorflow/2.6.4-b4f48218503141d57481e3883c4fc2d8/lib/python3.9/site-packages/tensorflow/python/../libtensorflow_framework.so.2
#9  0x000014b361689d22 in start_thread () from /lib64/libc.so.6
#10 0x000014b36170ed40 in clone3 () from /lib64/libc.so.6

Thread 68 (Thread 0x14b2847e3640 (LWP 329) "python3"):
#0  0x000014b3616868ba in __futex_abstimed_wait_common () from /lib64/libc.so.6
#1  0x000014b3616890c0 in pthread_cond_wait

GLIBC_2.3.2 () from /lib64/libc.so.6
#2  0x000014b35e8d1820 in __gthread_cond_wait (__mutex=<optimized out>, __cond=<optimized out>) at /data/cmsbld/jenkins/workspace/jenkins-test-bootstrap/toolconf/BUILD/el9_amd64_gcc11/external/gcc/11.4.1-30ebdc301ebd200f2ae0e3d880258e65/gcc-11.4.1/obj/x86_64-redhat-linux-gnu/libstdc++-v3/include/x86_64-redhat-linux-gnu/bits/gthr-default.h:865
#3  std::__condvar::wait (__m=..., this=<optimized out>) at /data/cmsbld/jenkins/workspace/jenkins-test-bootstrap/toolconf/BUILD/el9_amd64_gcc11/external/gcc/11.4.1-30ebdc301ebd200f2ae0e3d880258e65/gcc-11.4.1/obj/x86_64-redhat-linux-gnu/libstdc++-v3/include/bits/std_mutex.h:155
#4  std::condition_variable::wait (this=<optimized out>, __lock=...) at ../../../../../libstdc++-v3/src/c++11/condition_variable.cc:41
#5  0x000014b341844743 in Eigen::ThreadPoolTempl<tensorflow::thread::EigenEnvironment>::WaitForWork(Eigen::EventCount::Waiter*, tensorflow::thread::EigenEnvironment::Task*) () from /cvmfs/cms.cern.ch/el9_amd64_gcc11/external/py3-tensorflow/2.6.4-b4f48218503141d57481e3883c4fc2d8/lib/python3.9/site-packages/tensorflow/python/_pywrap_tensorflow_internal.so
#6  0x000014b341844e2e in Eigen::ThreadPoolTempl<tensorflow::thread::EigenEnvironment>::WorkerLoop(int) () from /cvmfs/cms.cern.ch/el9_amd64_gcc11/external/py3-tensorflow/2.6.4-b4f48218503141d57481e3883c4fc2d8/lib/python3.9/site-packages/tensorflow/python/_pywrap_tensorflow_internal.so
#7  0x000014b341841898 in std::_Function_handler<void (), tensorflow::thread::EigenEnvironment::CreateThread(std::function<void ()>)::{lambda()#1}>::_M_invoke(std::_Any_data const&) () from /cvmfs/cms.cern.ch/el9_amd64_gcc11/external/py3-tensorflow/2.6.4-b4f48218503141d57481e3883c4fc2d8/lib/python3.9/site-packages/tensorflow/python/_pywrap_tensorflow_internal.so
#8  0x000014b33d12d220 in tensorflow::(anonymous namespace)::PThread::ThreadFn(void*) () from /cvmfs/cms.cern.ch/el9_amd64_gcc11/external/py3-tensorflow/2.6.4-b4f48218503141d57481e3883c4fc2d8/lib/python3.9/site-packages/tensorflow/python/../libtensorflow_framework.so.2
#9  0x000014b361689d22 in start_thread () from /lib64/libc.so.6
#10 0x000014b36170ed40 in clone3 () from /lib64/libc.so.6

Thread 67 (Thread 0x14b2849e4640 (LWP 328) "python3"):
#0  0x000014b3616868ba in __futex_abstimed_wait_common () from /lib64/libc.so.6
#1  0x000014b3616890c0 in pthread_cond_wait

GLIBC_2.3.2 () from /lib64/libc.so.6
#2  0x000014b35e8d1820 in __gthread_cond_wait (__mutex=<optimized out>, __cond=<optimized out>) at /data/cmsbld/jenkins/workspace/jenkins-test-bootstrap/toolconf/BUILD/el9_amd64_gcc11/external/gcc/11.4.1-30ebdc301ebd200f2ae0e3d880258e65/gcc-11.4.1/obj/x86_64-redhat-linux-gnu/libstdc++-v3/include/x86_64-redhat-linux-gnu/bits/gthr-default.h:865
#3  std::__condvar::wait (__m=..., this=<optimized out>) at /data/cmsbld/jenkins/workspace/jenkins-test-bootstrap/toolconf/BUILD/el9_amd64_gcc11/external/gcc/11.4.1-30ebdc301ebd200f2ae0e3d880258e65/gcc-11.4.1/obj/x86_64-redhat-linux-gnu/libstdc++-v3/include/bits/std_mutex.h:155
#4  std::condition_variable::wait (this=<optimized out>, __lock=...) at ../../../../../libstdc++-v3/src/c++11/condition_variable.cc:41
#5  0x000014b341844743 in Eigen::ThreadPoolTempl<tensorflow::thread::EigenEnvironment>::WaitForWork(Eigen::EventCount::Waiter*, tensorflow::thread::EigenEnvironment::Task*) () from /cvmfs/cms.cern.ch/el9_amd64_gcc11/external/py3-tensorflow/2.6.4-b4f48218503141d57481e3883c4fc2d8/lib/python3.9/site-packages/tensorflow/python/_pywrap_tensorflow_internal.so
#6  0x000014b341844e2e in Eigen::ThreadPoolTempl<tensorflow::thread::EigenEnvironment>::WorkerLoop(int) () from /cvmfs/cms.cern.ch/el9_amd64_gcc11/external/py3-tensorflow/2.6.4-b4f48218503141d57481e3883c4fc2d8/lib/python3.9/site-packages/tensorflow/python/_pywrap_tensorflow_internal.so
#7  0x000014b341841898 in std::_Function_handler<void (), tensorflow::thread::EigenEnvironment::CreateThread(std::function<void ()>)::{lambda()#1}>::_M_invoke(std::_Any_data const&) () from /cvmfs/cms.cern.ch/el9_amd64_gcc11/external/py3-tensorflow/2.6.4-b4f48218503141d57481e3883c4fc2d8/lib/python3.9/site-packages/tensorflow/python/_pywrap_tensorflow_internal.so
#8  0x000014b33d12d220 in tensorflow::(anonymous namespace)::PThread::ThreadFn(void*) () from /cvmfs/cms.cern.ch/el9_amd64_gcc11/external/py3-tensorflow/2.6.4-b4f48218503141d57481e3883c4fc2d8/lib/python3.9/site-packages/tensorflow/python/../libtensorflow_framework.so.2
#9  0x000014b361689d22 in start_thread () from /lib64/libc.so.6
#10 0x000014b36170ed40 in clone3 () from /lib64/libc.so.6

Thread 66 (Thread 0x14b284be5640 (LWP 327) "python3"):
#0  0x000014b3616868ba in __futex_abstimed_wait_common () from /lib64/libc.so.6
#1  0x000014b3616890c0 in pthread_cond_wait

GLIBC_2.3.2 () from /lib64/libc.so.6
#2  0x000014b35e8d1820 in __gthread_cond_wait (__mutex=<optimized out>, __cond=<optimized out>) at /data/cmsbld/jenkins/workspace/jenkins-test-bootstrap/toolconf/BUILD/el9_amd64_gcc11/external/gcc/11.4.1-30ebdc301ebd200f2ae0e3d880258e65/gcc-11.4.1/obj/x86_64-redhat-linux-gnu/libstdc++-v3/include/x86_64-redhat-linux-gnu/bits/gthr-default.h:865
#3  std::__condvar::wait (__m=..., this=<optimized out>) at /data/cmsbld/jenkins/workspace/jenkins-test-bootstrap/toolconf/BUILD/el9_amd64_gcc11/external/gcc/11.4.1-30ebdc301ebd200f2ae0e3d880258e65/gcc-11.4.1/obj/x86_64-redhat-linux-gnu/libstdc++-v3/include/bits/std_mutex.h:155
#4  std::condition_variable::wait (this=<optimized out>, __lock=...) at ../../../../../libstdc++-v3/src/c++11/condition_variable.cc:41
#5  0x000014b341844743 in Eigen::ThreadPoolTempl<tensorflow::thread::EigenEnvironment>::WaitForWork(Eigen::EventCount::Waiter*, tensorflow::thread::EigenEnvironment::Task*) () from /cvmfs/cms.cern.ch/el9_amd64_gcc11/external/py3-tensorflow/2.6.4-b4f48218503141d57481e3883c4fc2d8/lib/python3.9/site-packages/tensorflow/python/_pywrap_tensorflow_internal.so
#6  0x000014b341844e2e in Eigen::ThreadPoolTempl<tensorflow::thread::EigenEnvironment>::WorkerLoop(int) () from /cvmfs/cms.cern.ch/el9_amd64_gcc11/external/py3-tensorflow/2.6.4-b4f48218503141d57481e3883c4fc2d8/lib/python3.9/site-packages/tensorflow/python/_pywrap_tensorflow_internal.so
#7  0x000014b341841898 in std::_Function_handler<void (), tensorflow::thread::EigenEnvironment::CreateThread(std::function<void ()>)::{lambda()#1}>::_M_invoke(std::_Any_data const&) () from /cvmfs/cms.cern.ch/el9_amd64_gcc11/external/py3-tensorflow/2.6.4-b4f48218503141d57481e3883c4fc2d8/lib/python3.9/site-packages/tensorflow/python/_pywrap_tensorflow_internal.so
#8  0x000014b33d12d220 in tensorflow::(anonymous namespace)::PThread::ThreadFn(void*) () from /cvmfs/cms.cern.ch/el9_amd64_gcc11/external/py3-tensorflow/2.6.4-b4f48218503141d57481e3883c4fc2d8/lib/python3.9/site-packages/tensorflow/python/../libtensorflow_framework.so.2
#9  0x000014b361689d22 in start_thread () from /lib64/libc.so.6
#10 0x000014b36170ed40 in clone3 () from /lib64/libc.so.6

Thread 65 (Thread 0x14b284de6640 (LWP 326) "python3"):
#0  0x000014b3616868ba in __futex_abstimed_wait_common () from /lib64/libc.so.6
#1  0x000014b3616890c0 in pthread_cond_wait

GLIBC_2.3.2 () from /lib64/libc.so.6
#2  0x000014b35e8d1820 in __gthread_cond_wait (__mutex=<optimized out>, __cond=<optimized out>) at /data/cmsbld/jenkins/workspace/jenkins-test-bootstrap/toolconf/BUILD/el9_amd64_gcc11/external/gcc/11.4.1-30ebdc301ebd200f2ae0e3d880258e65/gcc-11.4.1/obj/x86_64-redhat-linux-gnu/libstdc++-v3/include/x86_64-redhat-linux-gnu/bits/gthr-default.h:865
#3  std::__condvar::wait (__m=..., this=<optimized out>) at /data/cmsbld/jenkins/workspace/jenkins-test-bootstrap/toolconf/BUILD/el9_amd64_gcc11/external/gcc/11.4.1-30ebdc301ebd200f2ae0e3d880258e65/gcc-11.4.1/obj/x86_64-redhat-linux-gnu/libstdc++-v3/include/bits/std_mutex.h:155
#4  std::condition_variable::wait (this=<optimized out>, __lock=...) at ../../../../../libstdc++-v3/src/c++11/condition_variable.cc:41
#5  0x000014b341844743 in Eigen::ThreadPoolTempl<tensorflow::thread::EigenEnvironment>::WaitForWork(Eigen::EventCount::Waiter*, tensorflow::thread::EigenEnvironment::Task*) () from /cvmfs/cms.cern.ch/el9_amd64_gcc11/external/py3-tensorflow/2.6.4-b4f48218503141d57481e3883c4fc2d8/lib/python3.9/site-packages/tensorflow/python/_pywrap_tensorflow_internal.so
#6  0x000014b341844e2e in Eigen::ThreadPoolTempl<tensorflow::thread::EigenEnvironment>::WorkerLoop(int) () from /cvmfs/cms.cern.ch/el9_amd64_gcc11/external/py3-tensorflow/2.6.4-b4f48218503141d57481e3883c4fc2d8/lib/python3.9/site-packages/tensorflow/python/_pywrap_tensorflow_internal.so
#7  0x000014b341841898 in std::_Function_handler<void (), tensorflow::thread::EigenEnvironment::CreateThread(std::function<void ()>)::{lambda()#1}>::_M_invoke(std::_Any_data const&) () from /cvmfs/cms.cern.ch/el9_amd64_gcc11/external/py3-tensorflow/2.6.4-b4f48218503141d57481e3883c4fc2d8/lib/python3.9/site-packages/tensorflow/python/_pywrap_tensorflow_internal.so
#8  0x000014b33d12d220 in tensorflow::(anonymous namespace)::PThread::ThreadFn(void*) () from /cvmfs/cms.cern.ch/el9_amd64_gcc11/external/py3-tensorflow/2.6.4-b4f48218503141d57481e3883c4fc2d8/lib/python3.9/site-packages/tensorflow/python/../libtensorflow_framework.so.2
#9  0x000014b361689d22 in start_thread () from /lib64/libc.so.6
#10 0x000014b36170ed40 in clone3 () from /lib64/libc.so.6

Thread 64 (Thread 0x14b284fe7640 (LWP 325) "python3"):
#0  0x000014b3616868ba in __futex_abstimed_wait_common () from /lib64/libc.so.6
#1  0x000014b3616890c0 in pthread_cond_wait

GLIBC_2.3.2 () from /lib64/libc.so.6
#2  0x000014b35e8d1820 in __gthread_cond_wait (__mutex=<optimized out>, __cond=<optimized out>) at /data/cmsbld/jenkins/workspace/jenkins-test-bootstrap/toolconf/BUILD/el9_amd64_gcc11/external/gcc/11.4.1-30ebdc301ebd200f2ae0e3d880258e65/gcc-11.4.1/obj/x86_64-redhat-linux-gnu/libstdc++-v3/include/x86_64-redhat-linux-gnu/bits/gthr-default.h:865
#3  std::__condvar::wait (__m=..., this=<optimized out>) at /data/cmsbld/jenkins/workspace/jenkins-test-bootstrap/toolconf/BUILD/el9_amd64_gcc11/external/gcc/11.4.1-30ebdc301ebd200f2ae0e3d880258e65/gcc-11.4.1/obj/x86_64-redhat-linux-gnu/libstdc++-v3/include/bits/std_mutex.h:155
#4  std::condition_variable::wait (this=<optimized out>, __lock=...) at ../../../../../libstdc++-v3/src/c++11/condition_variable.cc:41
#5  0x000014b341844743 in Eigen::ThreadPoolTempl<tensorflow::thread::EigenEnvironment>::WaitForWork(Eigen::EventCount::Waiter*, tensorflow::thread::EigenEnvironment::Task*) () from /cvmfs/cms.cern.ch/el9_amd64_gcc11/external/py3-tensorflow/2.6.4-b4f48218503141d57481e3883c4fc2d8/lib/python3.9/site-packages/tensorflow/python/_pywrap_tensorflow_internal.so
#6  0x000014b341844e2e in Eigen::ThreadPoolTempl<tensorflow::thread::EigenEnvironment>::WorkerLoop(int) () from /cvmfs/cms.cern.ch/el9_amd64_gcc11/external/py3-tensorflow/2.6.4-b4f48218503141d57481e3883c4fc2d8/lib/python3.9/site-packages/tensorflow/python/_pywrap_tensorflow_internal.so
#7  0x000014b341841898 in std::_Function_handler<void (), tensorflow::thread::EigenEnvironment::CreateThread(std::function<void ()>)::{lambda()#1}>::_M_invoke(std::_Any_data const&) () from /cvmfs/cms.cern.ch/el9_amd64_gcc11/external/py3-tensorflow/2.6.4-b4f48218503141d57481e3883c4fc2d8/lib/python3.9/site-packages/tensorflow/python/_pywrap_tensorflow_internal.so
#8  0x000014b33d12d220 in tensorflow::(anonymous namespace)::PThread::ThreadFn(void*) () from /cvmfs/cms.cern.ch/el9_amd64_gcc11/external/py3-tensorflow/2.6.4-b4f48218503141d57481e3883c4fc2d8/lib/python3.9/site-packages/tensorflow/python/../libtensorflow_framework.so.2
#9  0x000014b361689d22 in start_thread () from /lib64/libc.so.6
#10 0x000014b36170ed40 in clone3 () from /lib64/libc.so.6

Thread 63 (Thread 0x14b2851e8640 (LWP 324) "python3"):
#0  0x000014b3616868ba in __futex_abstimed_wait_common () from /lib64/libc.so.6
#1  0x000014b3616890c0 in pthread_cond_wait

GLIBC_2.3.2 () from /lib64/libc.so.6
#2  0x000014b35e8d1820 in __gthread_cond_wait (__mutex=<optimized out>, __cond=<optimized out>) at /data/cmsbld/jenkins/workspace/jenkins-test-bootstrap/toolconf/BUILD/el9_amd64_gcc11/external/gcc/11.4.1-30ebdc301ebd200f2ae0e3d880258e65/gcc-11.4.1/obj/x86_64-redhat-linux-gnu/libstdc++-v3/include/x86_64-redhat-linux-gnu/bits/gthr-default.h:865
#3  std::__condvar::wait (__m=..., this=<optimized out>) at /data/cmsbld/jenkins/workspace/jenkins-test-bootstrap/toolconf/BUILD/el9_amd64_gcc11/external/gcc/11.4.1-30ebdc301ebd200f2ae0e3d880258e65/gcc-11.4.1/obj/x86_64-redhat-linux-gnu/libstdc++-v3/include/bits/std_mutex.h:155
#4  std::condition_variable::wait (this=<optimized out>, __lock=...) at ../../../../../libstdc++-v3/src/c++11/condition_variable.cc:41
#5  0x000014b341844743 in Eigen::ThreadPoolTempl<tensorflow::thread::EigenEnvironment>::WaitForWork(Eigen::EventCount::Waiter*, tensorflow::thread::EigenEnvironment::Task*) () from /cvmfs/cms.cern.ch/el9_amd64_gcc11/external/py3-tensorflow/2.6.4-b4f48218503141d57481e3883c4fc2d8/lib/python3.9/site-packages/tensorflow/python/_pywrap_tensorflow_internal.so
#6  0x000014b341844e2e in Eigen::ThreadPoolTempl<tensorflow::thread::EigenEnvironment>::WorkerLoop(int) () from /cvmfs/cms.cern.ch/el9_amd64_gcc11/external/py3-tensorflow/2.6.4-b4f48218503141d57481e3883c4fc2d8/lib/python3.9/site-packages/tensorflow/python/_pywrap_tensorflow_internal.so
#7  0x000014b341841898 in std::_Function_handler<void (), tensorflow::thread::EigenEnvironment::CreateThread(std::function<void ()>)::{lambda()#1}>::_M_invoke(std::_Any_data const&) () from /cvmfs/cms.cern.ch/el9_amd64_gcc11/external/py3-tensorflow/2.6.4-b4f48218503141d57481e3883c4fc2d8/lib/python3.9/site-packages/tensorflow/python/_pywrap_tensorflow_internal.so
#8  0x000014b33d12d220 in tensorflow::(anonymous namespace)::PThread::ThreadFn(void*) () from /cvmfs/cms.cern.ch/el9_amd64_gcc11/external/py3-tensorflow/2.6.4-b4f48218503141d57481e3883c4fc2d8/lib/python3.9/site-packages/tensorflow/python/../libtensorflow_framework.so.2
#9  0x000014b361689d22 in start_thread () from /lib64/libc.so.6
#10 0x000014b36170ed40 in clone3 () from /lib64/libc.so.6

Thread 62 (Thread 0x14b2853e9640 (LWP 323) "python3"):
#0  0x000014b3616868ba in __futex_abstimed_wait_common () from /lib64/libc.so.6
#1  0x000014b3616890c0 in pthread_cond_wait

GLIBC_2.3.2 () from /lib64/libc.so.6
#2  0x000014b35e8d1820 in __gthread_cond_wait (__mutex=<optimized out>, __cond=<optimized out>) at /data/cmsbld/jenkins/workspace/jenkins-test-bootstrap/toolconf/BUILD/el9_amd64_gcc11/external/gcc/11.4.1-30ebdc301ebd200f2ae0e3d880258e65/gcc-11.4.1/obj/x86_64-redhat-linux-gnu/libstdc++-v3/include/x86_64-redhat-linux-gnu/bits/gthr-default.h:865
#3  std::__condvar::wait (__m=..., this=<optimized out>) at /data/cmsbld/jenkins/workspace/jenkins-test-bootstrap/toolconf/BUILD/el9_amd64_gcc11/external/gcc/11.4.1-30ebdc301ebd200f2ae0e3d880258e65/gcc-11.4.1/obj/x86_64-redhat-linux-gnu/libstdc++-v3/include/bits/std_mutex.h:155
#4  std::condition_variable::wait (this=<optimized out>, __lock=...) at ../../../../../libstdc++-v3/src/c++11/condition_variable.cc:41
#5  0x000014b341844743 in Eigen::ThreadPoolTempl<tensorflow::thread::EigenEnvironment>::WaitForWork(Eigen::EventCount::Waiter*, tensorflow::thread::EigenEnvironment::Task*) () from /cvmfs/cms.cern.ch/el9_amd64_gcc11/external/py3-tensorflow/2.6.4-b4f48218503141d57481e3883c4fc2d8/lib/python3.9/site-packages/tensorflow/python/_pywrap_tensorflow_internal.so
#6  0x000014b341844e2e in Eigen::ThreadPoolTempl<tensorflow::thread::EigenEnvironment>::WorkerLoop(int) () from /cvmfs/cms.cern.ch/el9_amd64_gcc11/external/py3-tensorflow/2.6.4-b4f48218503141d57481e3883c4fc2d8/lib/python3.9/site-packages/tensorflow/python/_pywrap_tensorflow_internal.so
#7  0x000014b341841898 in std::_Function_handler<void (), tensorflow::thread::EigenEnvironment::CreateThread(std::function<void ()>)::{lambda()#1}>::_M_invoke(std::_Any_data const&) () from /cvmfs/cms.cern.ch/el9_amd64_gcc11/external/py3-tensorflow/2.6.4-b4f48218503141d57481e3883c4fc2d8/lib/python3.9/site-packages/tensorflow/python/_pywrap_tensorflow_internal.so
#8  0x000014b33d12d220 in tensorflow::(anonymous namespace)::PThread::ThreadFn(void*) () from /cvmfs/cms.cern.ch/el9_amd64_gcc11/external/py3-tensorflow/2.6.4-b4f48218503141d57481e3883c4fc2d8/lib/python3.9/site-packages/tensorflow/python/../libtensorflow_framework.so.2
#9  0x000014b361689d22 in start_thread () from /lib64/libc.so.6
#10 0x000014b36170ed40 in clone3 () from /lib64/libc.so.6

Thread 61 (Thread 0x14b2855ea640 (LWP 322) "python3"):
#0  0x000014b3616868ba in __futex_abstimed_wait_common () from /lib64/libc.so.6
#1  0x000014b3616890c0 in pthread_cond_wait

GLIBC_2.3.2 () from /lib64/libc.so.6
#2  0x000014b35e8d1820 in __gthread_cond_wait (__mutex=<optimized out>, __cond=<optimized out>) at /data/cmsbld/jenkins/workspace/jenkins-test-bootstrap/toolconf/BUILD/el9_amd64_gcc11/external/gcc/11.4.1-30ebdc301ebd200f2ae0e3d880258e65/gcc-11.4.1/obj/x86_64-redhat-linux-gnu/libstdc++-v3/include/x86_64-redhat-linux-gnu/bits/gthr-default.h:865
#3  std::__condvar::wait (__m=..., this=<optimized out>) at /data/cmsbld/jenkins/workspace/jenkins-test-bootstrap/toolconf/BUILD/el9_amd64_gcc11/external/gcc/11.4.1-30ebdc301ebd200f2ae0e3d880258e65/gcc-11.4.1/obj/x86_64-redhat-linux-gnu/libstdc++-v3/include/bits/std_mutex.h:155
#4  std::condition_variable::wait (this=<optimized out>, __lock=...) at ../../../../../libstdc++-v3/src/c++11/condition_variable.cc:41
#5  0x000014b341844743 in Eigen::ThreadPoolTempl<tensorflow::thread::EigenEnvironment>::WaitForWork(Eigen::EventCount::Waiter*, tensorflow::thread::EigenEnvironment::Task*) () from /cvmfs/cms.cern.ch/el9_amd64_gcc11/external/py3-tensorflow/2.6.4-b4f48218503141d57481e3883c4fc2d8/lib/python3.9/site-packages/tensorflow/python/_pywrap_tensorflow_internal.so
#6  0x000014b341844e2e in Eigen::ThreadPoolTempl<tensorflow::thread::EigenEnvironment>::WorkerLoop(int) () from /cvmfs/cms.cern.ch/el9_amd64_gcc11/external/py3-tensorflow/2.6.4-b4f48218503141d57481e3883c4fc2d8/lib/python3.9/site-packages/tensorflow/python/_pywrap_tensorflow_internal.so
#7  0x000014b341841898 in std::_Function_handler<void (), tensorflow::thread::EigenEnvironment::CreateThread(std::function<void ()>)::{lambda()#1}>::_M_invoke(std::_Any_data const&) () from /cvmfs/cms.cern.ch/el9_amd64_gcc11/external/py3-tensorflow/2.6.4-b4f48218503141d57481e3883c4fc2d8/lib/python3.9/site-packages/tensorflow/python/_pywrap_tensorflow_internal.so
#8  0x000014b33d12d220 in tensorflow::(anonymous namespace)::PThread::ThreadFn(void*) () from /cvmfs/cms.cern.ch/el9_amd64_gcc11/external/py3-tensorflow/2.6.4-b4f48218503141d57481e3883c4fc2d8/lib/python3.9/site-packages/tensorflow/python/../libtensorflow_framework.so.2
#9  0x000014b361689d22 in start_thread () from /lib64/libc.so.6
#10 0x000014b36170ed40 in clone3 () from /lib64/libc.so.6

Thread 60 (Thread 0x14b2857eb640 (LWP 321) "python3"):
#0  0x000014b3616868ba in __futex_abstimed_wait_common () from /lib64/libc.so.6
#1  0x000014b3616890c0 in pthread_cond_wait

GLIBC_2.3.2 () from /lib64/libc.so.6
#2  0x000014b35e8d1820 in __gthread_cond_wait (__mutex=<optimized out>, __cond=<optimized out>) at /data/cmsbld/jenkins/workspace/jenkins-test-bootstrap/toolconf/BUILD/el9_amd64_gcc11/external/gcc/11.4.1-30ebdc301ebd200f2ae0e3d880258e65/gcc-11.4.1/obj/x86_64-redhat-linux-gnu/libstdc++-v3/include/x86_64-redhat-linux-gnu/bits/gthr-default.h:865
#3  std::__condvar::wait (__m=..., this=<optimized out>) at /data/cmsbld/jenkins/workspace/jenkins-test-bootstrap/toolconf/BUILD/el9_amd64_gcc11/external/gcc/11.4.1-30ebdc301ebd200f2ae0e3d880258e65/gcc-11.4.1/obj/x86_64-redhat-linux-gnu/libstdc++-v3/include/bits/std_mutex.h:155
#4  std::condition_variable::wait (this=<optimized out>, __lock=...) at ../../../../../libstdc++-v3/src/c++11/condition_variable.cc:41
#5  0x000014b341844743 in Eigen::ThreadPoolTempl<tensorflow::thread::EigenEnvironment>::WaitForWork(Eigen::EventCount::Waiter*, tensorflow::thread::EigenEnvironment::Task*) () from /cvmfs/cms.cern.ch/el9_amd64_gcc11/external/py3-tensorflow/2.6.4-b4f48218503141d57481e3883c4fc2d8/lib/python3.9/site-packages/tensorflow/python/_pywrap_tensorflow_internal.so
#6  0x000014b341844e2e in Eigen::ThreadPoolTempl<tensorflow::thread::EigenEnvironment>::WorkerLoop(int) () from /cvmfs/cms.cern.ch/el9_amd64_gcc11/external/py3-tensorflow/2.6.4-b4f48218503141d57481e3883c4fc2d8/lib/python3.9/site-packages/tensorflow/python/_pywrap_tensorflow_internal.so
#7  0x000014b341841898 in std::_Function_handler<void (), tensorflow::thread::EigenEnvironment::CreateThread(std::function<void ()>)::{lambda()#1}>::_M_invoke(std::_Any_data const&) () from /cvmfs/cms.cern.ch/el9_amd64_gcc11/external/py3-tensorflow/2.6.4-b4f48218503141d57481e3883c4fc2d8/lib/python3.9/site-packages/tensorflow/python/_pywrap_tensorflow_internal.so
#8  0x000014b33d12d220 in tensorflow::(anonymous namespace)::PThread::ThreadFn(void*) () from /cvmfs/cms.cern.ch/el9_amd64_gcc11/external/py3-tensorflow/2.6.4-b4f48218503141d57481e3883c4fc2d8/lib/python3.9/site-packages/tensorflow/python/../libtensorflow_framework.so.2
#9  0x000014b361689d22 in start_thread () from /lib64/libc.so.6
#10 0x000014b36170ed40 in clone3 () from /lib64/libc.so.6

Thread 59 (Thread 0x14b2859ec640 (LWP 320) "python3"):
#0  0x000014b3616868ba in __futex_abstimed_wait_common () from /lib64/libc.so.6
#1  0x000014b3616890c0 in pthread_cond_wait

GLIBC_2.3.2 () from /lib64/libc.so.6
#2  0x000014b35e8d1820 in __gthread_cond_wait (__mutex=<optimized out>, __cond=<optimized out>) at /data/cmsbld/jenkins/workspace/jenkins-test-bootstrap/toolconf/BUILD/el9_amd64_gcc11/external/gcc/11.4.1-30ebdc301ebd200f2ae0e3d880258e65/gcc-11.4.1/obj/x86_64-redhat-linux-gnu/libstdc++-v3/include/x86_64-redhat-linux-gnu/bits/gthr-default.h:865
#3  std::__condvar::wait (__m=..., this=<optimized out>) at /data/cmsbld/jenkins/workspace/jenkins-test-bootstrap/toolconf/BUILD/el9_amd64_gcc11/external/gcc/11.4.1-30ebdc301ebd200f2ae0e3d880258e65/gcc-11.4.1/obj/x86_64-redhat-linux-gnu/libstdc++-v3/include/bits/std_mutex.h:155
#4  std::condition_variable::wait (this=<optimized out>, __lock=...) at ../../../../../libstdc++-v3/src/c++11/condition_variable.cc:41
#5  0x000014b341844743 in Eigen::ThreadPoolTempl<tensorflow::thread::EigenEnvironment>::WaitForWork(Eigen::EventCount::Waiter*, tensorflow::thread::EigenEnvironment::Task*) () from /cvmfs/cms.cern.ch/el9_amd64_gcc11/external/py3-tensorflow/2.6.4-b4f48218503141d57481e3883c4fc2d8/lib/python3.9/site-packages/tensorflow/python/_pywrap_tensorflow_internal.so
#6  0x000014b341844e2e in Eigen::ThreadPoolTempl<tensorflow::thread::EigenEnvironment>::WorkerLoop(int) () from /cvmfs/cms.cern.ch/el9_amd64_gcc11/external/py3-tensorflow/2.6.4-b4f48218503141d57481e3883c4fc2d8/lib/python3.9/site-packages/tensorflow/python/_pywrap_tensorflow_internal.so
#7  0x000014b341841898 in std::_Function_handler<void (), tensorflow::thread::EigenEnvironment::CreateThread(std::function<void ()>)::{lambda()#1}>::_M_invoke(std::_Any_data const&) () from /cvmfs/cms.cern.ch/el9_amd64_gcc11/external/py3-tensorflow/2.6.4-b4f48218503141d57481e3883c4fc2d8/lib/python3.9/site-packages/tensorflow/python/_pywrap_tensorflow_internal.so
#8  0x000014b33d12d220 in tensorflow::(anonymous namespace)::PThread::ThreadFn(void*) () from /cvmfs/cms.cern.ch/el9_amd64_gcc11/external/py3-tensorflow/2.6.4-b4f48218503141d57481e3883c4fc2d8/lib/python3.9/site-packages/tensorflow/python/../libtensorflow_framework.so.2
#9  0x000014b361689d22 in start_thread () from /lib64/libc.so.6
#10 0x000014b36170ed40 in clone3 () from /lib64/libc.so.6

Thread 58 (Thread 0x14b285bed640 (LWP 319) "python3"):
#0  0x000014b3616868ba in __futex_abstimed_wait_common () from /lib64/libc.so.6
#1  0x000014b3616890c0 in pthread_cond_wait

GLIBC_2.3.2 () from /lib64/libc.so.6
#2  0x000014b35e8d1820 in __gthread_cond_wait (__mutex=<optimized out>, __cond=<optimized out>) at /data/cmsbld/jenkins/workspace/jenkins-test-bootstrap/toolconf/BUILD/el9_amd64_gcc11/external/gcc/11.4.1-30ebdc301ebd200f2ae0e3d880258e65/gcc-11.4.1/obj/x86_64-redhat-linux-gnu/libstdc++-v3/include/x86_64-redhat-linux-gnu/bits/gthr-default.h:865
#3  std::__condvar::wait (__m=..., this=<optimized out>) at /data/cmsbld/jenkins/workspace/jenkins-test-bootstrap/toolconf/BUILD/el9_amd64_gcc11/external/gcc/11.4.1-30ebdc301ebd200f2ae0e3d880258e65/gcc-11.4.1/obj/x86_64-redhat-linux-gnu/libstdc++-v3/include/bits/std_mutex.h:155
#4  std::condition_variable::wait (this=<optimized out>, __lock=...) at ../../../../../libstdc++-v3/src/c++11/condition_variable.cc:41
#5  0x000014b341844743 in Eigen::ThreadPoolTempl<tensorflow::thread::EigenEnvironment>::WaitForWork(Eigen::EventCount::Waiter*, tensorflow::thread::EigenEnvironment::Task*) () from /cvmfs/cms.cern.ch/el9_amd64_gcc11/external/py3-tensorflow/2.6.4-b4f48218503141d57481e3883c4fc2d8/lib/python3.9/site-packages/tensorflow/python/_pywrap_tensorflow_internal.so
#6  0x000014b341844e2e in Eigen::ThreadPoolTempl<tensorflow::thread::EigenEnvironment>::WorkerLoop(int) () from /cvmfs/cms.cern.ch/el9_amd64_gcc11/external/py3-tensorflow/2.6.4-b4f48218503141d57481e3883c4fc2d8/lib/python3.9/site-packages/tensorflow/python/_pywrap_tensorflow_internal.so
#7  0x000014b341841898 in std::_Function_handler<void (), tensorflow::thread::EigenEnvironment::CreateThread(std::function<void ()>)::{lambda()#1}>::_M_invoke(std::_Any_data const&) () from /cvmfs/cms.cern.ch/el9_amd64_gcc11/external/py3-tensorflow/2.6.4-b4f48218503141d57481e3883c4fc2d8/lib/python3.9/site-packages/tensorflow/python/_pywrap_tensorflow_internal.so
#8  0x000014b33d12d220 in tensorflow::(anonymous namespace)::PThread::ThreadFn(void*) () from /cvmfs/cms.cern.ch/el9_amd64_gcc11/external/py3-tensorflow/2.6.4-b4f48218503141d57481e3883c4fc2d8/lib/python3.9/site-packages/tensorflow/python/../libtensorflow_framework.so.2
#9  0x000014b361689d22 in start_thread () from /lib64/libc.so.6
#10 0x000014b36170ed40 in clone3 () from /lib64/libc.so.6

Thread 57 (Thread 0x14b285dee640 (LWP 318) "python3"):
#0  0x000014b3616868ba in __futex_abstimed_wait_common () from /lib64/libc.so.6
#1  0x000014b3616890c0 in pthread_cond_wait

GLIBC_2.3.2 () from /lib64/libc.so.6
#2  0x000014b35e8d1820 in __gthread_cond_wait (__mutex=<optimized out>, __cond=<optimized out>) at /data/cmsbld/jenkins/workspace/jenkins-test-bootstrap/toolconf/BUILD/el9_amd64_gcc11/external/gcc/11.4.1-30ebdc301ebd200f2ae0e3d880258e65/gcc-11.4.1/obj/x86_64-redhat-linux-gnu/libstdc++-v3/include/x86_64-redhat-linux-gnu/bits/gthr-default.h:865
#3  std::__condvar::wait (__m=..., this=<optimized out>) at /data/cmsbld/jenkins/workspace/jenkins-test-bootstrap/toolconf/BUILD/el9_amd64_gcc11/external/gcc/11.4.1-30ebdc301ebd200f2ae0e3d880258e65/gcc-11.4.1/obj/x86_64-redhat-linux-gnu/libstdc++-v3/include/bits/std_mutex.h:155
#4  std::condition_variable::wait (this=<optimized out>, __lock=...) at ../../../../../libstdc++-v3/src/c++11/condition_variable.cc:41
#5  0x000014b341844743 in Eigen::ThreadPoolTempl<tensorflow::thread::EigenEnvironment>::WaitForWork(Eigen::EventCount::Waiter*, tensorflow::thread::EigenEnvironment::Task*) () from /cvmfs/cms.cern.ch/el9_amd64_gcc11/external/py3-tensorflow/2.6.4-b4f48218503141d57481e3883c4fc2d8/lib/python3.9/site-packages/tensorflow/python/_pywrap_tensorflow_internal.so
#6  0x000014b341844e2e in Eigen::ThreadPoolTempl<tensorflow::thread::EigenEnvironment>::WorkerLoop(int) () from /cvmfs/cms.cern.ch/el9_amd64_gcc11/external/py3-tensorflow/2.6.4-b4f48218503141d57481e3883c4fc2d8/lib/python3.9/site-packages/tensorflow/python/_pywrap_tensorflow_internal.so
#7  0x000014b341841898 in std::_Function_handler<void (), tensorflow::thread::EigenEnvironment::CreateThread(std::function<void ()>)::{lambda()#1}>::_M_invoke(std::_Any_data const&) () from /cvmfs/cms.cern.ch/el9_amd64_gcc11/external/py3-tensorflow/2.6.4-b4f48218503141d57481e3883c4fc2d8/lib/python3.9/site-packages/tensorflow/python/_pywrap_tensorflow_internal.so
#8  0x000014b33d12d220 in tensorflow::(anonymous namespace)::PThread::ThreadFn(void*) () from /cvmfs/cms.cern.ch/el9_amd64_gcc11/external/py3-tensorflow/2.6.4-b4f48218503141d57481e3883c4fc2d8/lib/python3.9/site-packages/tensorflow/python/../libtensorflow_framework.so.2
#9  0x000014b361689d22 in start_thread () from /lib64/libc.so.6
#10 0x000014b36170ed40 in clone3 () from /lib64/libc.so.6

Thread 56 (Thread 0x14b285fef640 (LWP 317) "python3"):
#0  0x000014b3616868ba in __futex_abstimed_wait_common () from /lib64/libc.so.6
#1  0x000014b3616890c0 in pthread_cond_wait

GLIBC_2.3.2 () from /lib64/libc.so.6
#2  0x000014b35e8d1820 in __gthread_cond_wait (__mutex=<optimized out>, __cond=<optimized out>) at /data/cmsbld/jenkins/workspace/jenkins-test-bootstrap/toolconf/BUILD/el9_amd64_gcc11/external/gcc/11.4.1-30ebdc301ebd200f2ae0e3d880258e65/gcc-11.4.1/obj/x86_64-redhat-linux-gnu/libstdc++-v3/include/x86_64-redhat-linux-gnu/bits/gthr-default.h:865
#3  std::__condvar::wait (__m=..., this=<optimized out>) at /data/cmsbld/jenkins/workspace/jenkins-test-bootstrap/toolconf/BUILD/el9_amd64_gcc11/external/gcc/11.4.1-30ebdc301ebd200f2ae0e3d880258e65/gcc-11.4.1/obj/x86_64-redhat-linux-gnu/libstdc++-v3/include/bits/std_mutex.h:155
#4  std::condition_variable::wait (this=<optimized out>, __lock=...) at ../../../../../libstdc++-v3/src/c++11/condition_variable.cc:41
#5  0x000014b341844743 in Eigen::ThreadPoolTempl<tensorflow::thread::EigenEnvironment>::WaitForWork(Eigen::EventCount::Waiter*, tensorflow::thread::EigenEnvironment::Task*) () from /cvmfs/cms.cern.ch/el9_amd64_gcc11/external/py3-tensorflow/2.6.4-b4f48218503141d57481e3883c4fc2d8/lib/python3.9/site-packages/tensorflow/python/_pywrap_tensorflow_internal.so
#6  0x000014b341844e2e in Eigen::ThreadPoolTempl<tensorflow::thread::EigenEnvironment>::WorkerLoop(int) () from /cvmfs/cms.cern.ch/el9_amd64_gcc11/external/py3-tensorflow/2.6.4-b4f48218503141d57481e3883c4fc2d8/lib/python3.9/site-packages/tensorflow/python/_pywrap_tensorflow_internal.so
#7  0x000014b341841898 in std::_Function_handler<void (), tensorflow::thread::EigenEnvironment::CreateThread(std::function<void ()>)::{lambda()#1}>::_M_invoke(std::_Any_data const&) () from /cvmfs/cms.cern.ch/el9_amd64_gcc11/external/py3-tensorflow/2.6.4-b4f48218503141d57481e3883c4fc2d8/lib/python3.9/site-packages/tensorflow/python/_pywrap_tensorflow_internal.so
#8  0x000014b33d12d220 in tensorflow::(anonymous namespace)::PThread::ThreadFn(void*) () from /cvmfs/cms.cern.ch/el9_amd64_gcc11/external/py3-tensorflow/2.6.4-b4f48218503141d57481e3883c4fc2d8/lib/python3.9/site-packages/tensorflow/python/../libtensorflow_framework.so.2
#9  0x000014b361689d22 in start_thread () from /lib64/libc.so.6
#10 0x000014b36170ed40 in clone3 () from /lib64/libc.so.6

Thread 55 (Thread 0x14b2861f0640 (LWP 316) "python3"):
#0  0x000014b3616868ba in __futex_abstimed_wait_common () from /lib64/libc.so.6
#1  0x000014b3616890c0 in pthread_cond_wait

GLIBC_2.3.2 () from /lib64/libc.so.6
#2  0x000014b35e8d1820 in __gthread_cond_wait (__mutex=<optimized out>, __cond=<optimized out>) at /data/cmsbld/jenkins/workspace/jenkins-test-bootstrap/toolconf/BUILD/el9_amd64_gcc11/external/gcc/11.4.1-30ebdc301ebd200f2ae0e3d880258e65/gcc-11.4.1/obj/x86_64-redhat-linux-gnu/libstdc++-v3/include/x86_64-redhat-linux-gnu/bits/gthr-default.h:865
#3  std::__condvar::wait (__m=..., this=<optimized out>) at /data/cmsbld/jenkins/workspace/jenkins-test-bootstrap/toolconf/BUILD/el9_amd64_gcc11/external/gcc/11.4.1-30ebdc301ebd200f2ae0e3d880258e65/gcc-11.4.1/obj/x86_64-redhat-linux-gnu/libstdc++-v3/include/bits/std_mutex.h:155
#4  std::condition_variable::wait (this=<optimized out>, __lock=...) at ../../../../../libstdc++-v3/src/c++11/condition_variable.cc:41
#5  0x000014b341844743 in Eigen::ThreadPoolTempl<tensorflow::thread::EigenEnvironment>::WaitForWork(Eigen::EventCount::Waiter*, tensorflow::thread::EigenEnvironment::Task*) () from /cvmfs/cms.cern.ch/el9_amd64_gcc11/external/py3-tensorflow/2.6.4-b4f48218503141d57481e3883c4fc2d8/lib/python3.9/site-packages/tensorflow/python/_pywrap_tensorflow_internal.so
#6  0x000014b341844e2e in Eigen::ThreadPoolTempl<tensorflow::thread::EigenEnvironment>::WorkerLoop(int) () from /cvmfs/cms.cern.ch/el9_amd64_gcc11/external/py3-tensorflow/2.6.4-b4f48218503141d57481e3883c4fc2d8/lib/python3.9/site-packages/tensorflow/python/_pywrap_tensorflow_internal.so
#7  0x000014b341841898 in std::_Function_handler<void (), tensorflow::thread::EigenEnvironment::CreateThread(std::function<void ()>)::{lambda()#1}>::_M_invoke(std::_Any_data const&) () from /cvmfs/cms.cern.ch/el9_amd64_gcc11/external/py3-tensorflow/2.6.4-b4f48218503141d57481e3883c4fc2d8/lib/python3.9/site-packages/tensorflow/python/_pywrap_tensorflow_internal.so
#8  0x000014b33d12d220 in tensorflow::(anonymous namespace)::PThread::ThreadFn(void*) () from /cvmfs/cms.cern.ch/el9_amd64_gcc11/external/py3-tensorflow/2.6.4-b4f48218503141d57481e3883c4fc2d8/lib/python3.9/site-packages/tensorflow/python/../libtensorflow_framework.so.2
#9  0x000014b361689d22 in start_thread () from /lib64/libc.so.6
#10 0x000014b36170ed40 in clone3 () from /lib64/libc.so.6

Thread 54 (Thread 0x14b2863f1640 (LWP 315) "python3"):
#0  0x000014b3616868ba in __futex_abstimed_wait_common () from /lib64/libc.so.6
#1  0x000014b3616890c0 in pthread_cond_wait

GLIBC_2.3.2 () from /lib64/libc.so.6
#2  0x000014b35e8d1820 in __gthread_cond_wait (__mutex=<optimized out>, __cond=<optimized out>) at /data/cmsbld/jenkins/workspace/jenkins-test-bootstrap/toolconf/BUILD/el9_amd64_gcc11/external/gcc/11.4.1-30ebdc301ebd200f2ae0e3d880258e65/gcc-11.4.1/obj/x86_64-redhat-linux-gnu/libstdc++-v3/include/x86_64-redhat-linux-gnu/bits/gthr-default.h:865
#3  std::__condvar::wait (__m=..., this=<optimized out>) at /data/cmsbld/jenkins/workspace/jenkins-test-bootstrap/toolconf/BUILD/el9_amd64_gcc11/external/gcc/11.4.1-30ebdc301ebd200f2ae0e3d880258e65/gcc-11.4.1/obj/x86_64-redhat-linux-gnu/libstdc++-v3/include/bits/std_mutex.h:155
#4  std::condition_variable::wait (this=<optimized out>, __lock=...) at ../../../../../libstdc++-v3/src/c++11/condition_variable.cc:41
#5  0x000014b341844743 in Eigen::ThreadPoolTempl<tensorflow::thread::EigenEnvironment>::WaitForWork(Eigen::EventCount::Waiter*, tensorflow::thread::EigenEnvironment::Task*) () from /cvmfs/cms.cern.ch/el9_amd64_gcc11/external/py3-tensorflow/2.6.4-b4f48218503141d57481e3883c4fc2d8/lib/python3.9/site-packages/tensorflow/python/_pywrap_tensorflow_internal.so
#6  0x000014b341844e2e in Eigen::ThreadPoolTempl<tensorflow::thread::EigenEnvironment>::WorkerLoop(int) () from /cvmfs/cms.cern.ch/el9_amd64_gcc11/external/py3-tensorflow/2.6.4-b4f48218503141d57481e3883c4fc2d8/lib/python3.9/site-packages/tensorflow/python/_pywrap_tensorflow_internal.so
#7  0x000014b341841898 in std::_Function_handler<void (), tensorflow::thread::EigenEnvironment::CreateThread(std::function<void ()>)::{lambda()#1}>::_M_invoke(std::_Any_data const&) () from /cvmfs/cms.cern.ch/el9_amd64_gcc11/external/py3-tensorflow/2.6.4-b4f48218503141d57481e3883c4fc2d8/lib/python3.9/site-packages/tensorflow/python/_pywrap_tensorflow_internal.so
#8  0x000014b33d12d220 in tensorflow::(anonymous namespace)::PThread::ThreadFn(void*) () from /cvmfs/cms.cern.ch/el9_amd64_gcc11/external/py3-tensorflow/2.6.4-b4f48218503141d57481e3883c4fc2d8/lib/python3.9/site-packages/tensorflow/python/../libtensorflow_framework.so.2
#9  0x000014b361689d22 in start_thread () from /lib64/libc.so.6
#10 0x000014b36170ed40 in clone3 () from /lib64/libc.so.6

Thread 53 (Thread 0x14b2865f2640 (LWP 314) "python3"):
#0  0x000014b3616868ba in __futex_abstimed_wait_common () from /lib64/libc.so.6
#1  0x000014b3616890c0 in pthread_cond_wait

GLIBC_2.3.2 () from /lib64/libc.so.6
#2  0x000014b35e8d1820 in __gthread_cond_wait (__mutex=<optimized out>, __cond=<optimized out>) at /data/cmsbld/jenkins/workspace/jenkins-test-bootstrap/toolconf/BUILD/el9_amd64_gcc11/external/gcc/11.4.1-30ebdc301ebd200f2ae0e3d880258e65/gcc-11.4.1/obj/x86_64-redhat-linux-gnu/libstdc++-v3/include/x86_64-redhat-linux-gnu/bits/gthr-default.h:865
#3  std::__condvar::wait (__m=..., this=<optimized out>) at /data/cmsbld/jenkins/workspace/jenkins-test-bootstrap/toolconf/BUILD/el9_amd64_gcc11/external/gcc/11.4.1-30ebdc301ebd200f2ae0e3d880258e65/gcc-11.4.1/obj/x86_64-redhat-linux-gnu/libstdc++-v3/include/bits/std_mutex.h:155
#4  std::condition_variable::wait (this=<optimized out>, __lock=...) at ../../../../../libstdc++-v3/src/c++11/condition_variable.cc:41
#5  0x000014b341844743 in Eigen::ThreadPoolTempl<tensorflow::thread::EigenEnvironment>::WaitForWork(Eigen::EventCount::Waiter*, tensorflow::thread::EigenEnvironment::Task*) () from /cvmfs/cms.cern.ch/el9_amd64_gcc11/external/py3-tensorflow/2.6.4-b4f48218503141d57481e3883c4fc2d8/lib/python3.9/site-packages/tensorflow/python/_pywrap_tensorflow_internal.so
#6  0x000014b341844e2e in Eigen::ThreadPoolTempl<tensorflow::thread::EigenEnvironment>::WorkerLoop(int) () from /cvmfs/cms.cern.ch/el9_amd64_gcc11/external/py3-tensorflow/2.6.4-b4f48218503141d57481e3883c4fc2d8/lib/python3.9/site-packages/tensorflow/python/_pywrap_tensorflow_internal.so
#7  0x000014b341841898 in std::_Function_handler<void (), tensorflow::thread::EigenEnvironment::CreateThread(std::function<void ()>)::{lambda()#1}>::_M_invoke(std::_Any_data const&) () from /cvmfs/cms.cern.ch/el9_amd64_gcc11/external/py3-tensorflow/2.6.4-b4f48218503141d57481e3883c4fc2d8/lib/python3.9/site-packages/tensorflow/python/_pywrap_tensorflow_internal.so
#8  0x000014b33d12d220 in tensorflow::(anonymous namespace)::PThread::ThreadFn(void*) () from /cvmfs/cms.cern.ch/el9_amd64_gcc11/external/py3-tensorflow/2.6.4-b4f48218503141d57481e3883c4fc2d8/lib/python3.9/site-packages/tensorflow/python/../libtensorflow_framework.so.2
#9  0x000014b361689d22 in start_thread () from /lib64/libc.so.6
#10 0x000014b36170ed40 in clone3 () from /lib64/libc.so.6

Thread 52 (Thread 0x14b2867f3640 (LWP 313) "python3"):
#0  0x000014b3616868ba in __futex_abstimed_wait_common () from /lib64/libc.so.6
#1  0x000014b3616890c0 in pthread_cond_wait

GLIBC_2.3.2 () from /lib64/libc.so.6
#2  0x000014b35e8d1820 in __gthread_cond_wait (__mutex=<optimized out>, __cond=<optimized out>) at /data/cmsbld/jenkins/workspace/jenkins-test-bootstrap/toolconf/BUILD/el9_amd64_gcc11/external/gcc/11.4.1-30ebdc301ebd200f2ae0e3d880258e65/gcc-11.4.1/obj/x86_64-redhat-linux-gnu/libstdc++-v3/include/x86_64-redhat-linux-gnu/bits/gthr-default.h:865
#3  std::__condvar::wait (__m=..., this=<optimized out>) at /data/cmsbld/jenkins/workspace/jenkins-test-bootstrap/toolconf/BUILD/el9_amd64_gcc11/external/gcc/11.4.1-30ebdc301ebd200f2ae0e3d880258e65/gcc-11.4.1/obj/x86_64-redhat-linux-gnu/libstdc++-v3/include/bits/std_mutex.h:155
#4  std::condition_variable::wait (this=<optimized out>, __lock=...) at ../../../../../libstdc++-v3/src/c++11/condition_variable.cc:41
#5  0x000014b341844743 in Eigen::ThreadPoolTempl<tensorflow::thread::EigenEnvironment>::WaitForWork(Eigen::EventCount::Waiter*, tensorflow::thread::EigenEnvironment::Task*) () from /cvmfs/cms.cern.ch/el9_amd64_gcc11/external/py3-tensorflow/2.6.4-b4f48218503141d57481e3883c4fc2d8/lib/python3.9/site-packages/tensorflow/python/_pywrap_tensorflow_internal.so
#6  0x000014b341844e2e in Eigen::ThreadPoolTempl<tensorflow::thread::EigenEnvironment>::WorkerLoop(int) () from /cvmfs/cms.cern.ch/el9_amd64_gcc11/external/py3-tensorflow/2.6.4-b4f48218503141d57481e3883c4fc2d8/lib/python3.9/site-packages/tensorflow/python/_pywrap_tensorflow_internal.so
#7  0x000014b341841898 in std::_Function_handler<void (), tensorflow::thread::EigenEnvironment::CreateThread(std::function<void ()>)::{lambda()#1}>::_M_invoke(std::_Any_data const&) () from /cvmfs/cms.cern.ch/el9_amd64_gcc11/external/py3-tensorflow/2.6.4-b4f48218503141d57481e3883c4fc2d8/lib/python3.9/site-packages/tensorflow/python/_pywrap_tensorflow_internal.so
#8  0x000014b33d12d220 in tensorflow::(anonymous namespace)::PThread::ThreadFn(void*) () from /cvmfs/cms.cern.ch/el9_amd64_gcc11/external/py3-tensorflow/2.6.4-b4f48218503141d57481e3883c4fc2d8/lib/python3.9/site-packages/tensorflow/python/../libtensorflow_framework.so.2
#9  0x000014b361689d22 in start_thread () from /lib64/libc.so.6
#10 0x000014b36170ed40 in clone3 () from /lib64/libc.so.6

Thread 51 (Thread 0x14b2869f4640 (LWP 312) "python3"):
#0  0x000014b3616868ba in __futex_abstimed_wait_common () from /lib64/libc.so.6
#1  0x000014b3616890c0 in pthread_cond_wait

GLIBC_2.3.2 () from /lib64/libc.so.6
#2  0x000014b35e8d1820 in __gthread_cond_wait (__mutex=<optimized out>, __cond=<optimized out>) at /data/cmsbld/jenkins/workspace/jenkins-test-bootstrap/toolconf/BUILD/el9_amd64_gcc11/external/gcc/11.4.1-30ebdc301ebd200f2ae0e3d880258e65/gcc-11.4.1/obj/x86_64-redhat-linux-gnu/libstdc++-v3/include/x86_64-redhat-linux-gnu/bits/gthr-default.h:865
#3  std::__condvar::wait (__m=..., this=<optimized out>) at /data/cmsbld/jenkins/workspace/jenkins-test-bootstrap/toolconf/BUILD/el9_amd64_gcc11/external/gcc/11.4.1-30ebdc301ebd200f2ae0e3d880258e65/gcc-11.4.1/obj/x86_64-redhat-linux-gnu/libstdc++-v3/include/bits/std_mutex.h:155
#4  std::condition_variable::wait (this=<optimized out>, __lock=...) at ../../../../../libstdc++-v3/src/c++11/condition_variable.cc:41
#5  0x000014b341844743 in Eigen::ThreadPoolTempl<tensorflow::thread::EigenEnvironment>::WaitForWork(Eigen::EventCount::Waiter*, tensorflow::thread::EigenEnvironment::Task*) () from /cvmfs/cms.cern.ch/el9_amd64_gcc11/external/py3-tensorflow/2.6.4-b4f48218503141d57481e3883c4fc2d8/lib/python3.9/site-packages/tensorflow/python/_pywrap_tensorflow_internal.so
#6  0x000014b341844e2e in Eigen::ThreadPoolTempl<tensorflow::thread::EigenEnvironment>::WorkerLoop(int) () from /cvmfs/cms.cern.ch/el9_amd64_gcc11/external/py3-tensorflow/2.6.4-b4f48218503141d57481e3883c4fc2d8/lib/python3.9/site-packages/tensorflow/python/_pywrap_tensorflow_internal.so
#7  0x000014b341841898 in std::_Function_handler<void (), tensorflow::thread::EigenEnvironment::CreateThread(std::function<void ()>)::{lambda()#1}>::_M_invoke(std::_Any_data const&) () from /cvmfs/cms.cern.ch/el9_amd64_gcc11/external/py3-tensorflow/2.6.4-b4f48218503141d57481e3883c4fc2d8/lib/python3.9/site-packages/tensorflow/python/_pywrap_tensorflow_internal.so
#8  0x000014b33d12d220 in tensorflow::(anonymous namespace)::PThread::ThreadFn(void*) () from /cvmfs/cms.cern.ch/el9_amd64_gcc11/external/py3-tensorflow/2.6.4-b4f48218503141d57481e3883c4fc2d8/lib/python3.9/site-packages/tensorflow/python/../libtensorflow_framework.so.2
#9  0x000014b361689d22 in start_thread () from /lib64/libc.so.6
#10 0x000014b36170ed40 in clone3 () from /lib64/libc.so.6

Thread 50 (Thread 0x14b286bf5640 (LWP 311) "python3"):
#0  0x000014b3616868ba in __futex_abstimed_wait_common () from /lib64/libc.so.6
#1  0x000014b3616890c0 in pthread_cond_wait

GLIBC_2.3.2 () from /lib64/libc.so.6
#2  0x000014b35e8d1820 in __gthread_cond_wait (__mutex=<optimized out>, __cond=<optimized out>) at /data/cmsbld/jenkins/workspace/jenkins-test-bootstrap/toolconf/BUILD/el9_amd64_gcc11/external/gcc/11.4.1-30ebdc301ebd200f2ae0e3d880258e65/gcc-11.4.1/obj/x86_64-redhat-linux-gnu/libstdc++-v3/include/x86_64-redhat-linux-gnu/bits/gthr-default.h:865
#3  std::__condvar::wait (__m=..., this=<optimized out>) at /data/cmsbld/jenkins/workspace/jenkins-test-bootstrap/toolconf/BUILD/el9_amd64_gcc11/external/gcc/11.4.1-30ebdc301ebd200f2ae0e3d880258e65/gcc-11.4.1/obj/x86_64-redhat-linux-gnu/libstdc++-v3/include/bits/std_mutex.h:155
#4  std::condition_variable::wait (this=<optimized out>, __lock=...) at ../../../../../libstdc++-v3/src/c++11/condition_variable.cc:41
#5  0x000014b341844743 in Eigen::ThreadPoolTempl<tensorflow::thread::EigenEnvironment>::WaitForWork(Eigen::EventCount::Waiter*, tensorflow::thread::EigenEnvironment::Task*) () from /cvmfs/cms.cern.ch/el9_amd64_gcc11/external/py3-tensorflow/2.6.4-b4f48218503141d57481e3883c4fc2d8/lib/python3.9/site-packages/tensorflow/python/_pywrap_tensorflow_internal.so
#6  0x000014b341844e2e in Eigen::ThreadPoolTempl<tensorflow::thread::EigenEnvironment>::WorkerLoop(int) () from /cvmfs/cms.cern.ch/el9_amd64_gcc11/external/py3-tensorflow/2.6.4-b4f48218503141d57481e3883c4fc2d8/lib/python3.9/site-packages/tensorflow/python/_pywrap_tensorflow_internal.so
#7  0x000014b341841898 in std::_Function_handler<void (), tensorflow::thread::EigenEnvironment::CreateThread(std::function<void ()>)::{lambda()#1}>::_M_invoke(std::_Any_data const&) () from /cvmfs/cms.cern.ch/el9_amd64_gcc11/external/py3-tensorflow/2.6.4-b4f48218503141d57481e3883c4fc2d8/lib/python3.9/site-packages/tensorflow/python/_pywrap_tensorflow_internal.so
#8  0x000014b33d12d220 in tensorflow::(anonymous namespace)::PThread::ThreadFn(void*) () from /cvmfs/cms.cern.ch/el9_amd64_gcc11/external/py3-tensorflow/2.6.4-b4f48218503141d57481e3883c4fc2d8/lib/python3.9/site-packages/tensorflow/python/../libtensorflow_framework.so.2
#9  0x000014b361689d22 in start_thread () from /lib64/libc.so.6
#10 0x000014b36170ed40 in clone3 () from /lib64/libc.so.6

Thread 49 (Thread 0x14b286df6640 (LWP 310) "python3"):
#0  0x000014b3616868ba in __futex_abstimed_wait_common () from /lib64/libc.so.6
#1  0x000014b3616890c0 in pthread_cond_wait

GLIBC_2.3.2 () from /lib64/libc.so.6
#2  0x000014b35e8d1820 in __gthread_cond_wait (__mutex=<optimized out>, __cond=<optimized out>) at /data/cmsbld/jenkins/workspace/jenkins-test-bootstrap/toolconf/BUILD/el9_amd64_gcc11/external/gcc/11.4.1-30ebdc301ebd200f2ae0e3d880258e65/gcc-11.4.1/obj/x86_64-redhat-linux-gnu/libstdc++-v3/include/x86_64-redhat-linux-gnu/bits/gthr-default.h:865
#3  std::__condvar::wait (__m=..., this=<optimized out>) at /data/cmsbld/jenkins/workspace/jenkins-test-bootstrap/toolconf/BUILD/el9_amd64_gcc11/external/gcc/11.4.1-30ebdc301ebd200f2ae0e3d880258e65/gcc-11.4.1/obj/x86_64-redhat-linux-gnu/libstdc++-v3/include/bits/std_mutex.h:155
#4  std::condition_variable::wait (this=<optimized out>, __lock=...) at ../../../../../libstdc++-v3/src/c++11/condition_variable.cc:41
#5  0x000014b341844743 in Eigen::ThreadPoolTempl<tensorflow::thread::EigenEnvironment>::WaitForWork(Eigen::EventCount::Waiter*, tensorflow::thread::EigenEnvironment::Task*) () from /cvmfs/cms.cern.ch/el9_amd64_gcc11/external/py3-tensorflow/2.6.4-b4f48218503141d57481e3883c4fc2d8/lib/python3.9/site-packages/tensorflow/python/_pywrap_tensorflow_internal.so
#6  0x000014b341844e2e in Eigen::ThreadPoolTempl<tensorflow::thread::EigenEnvironment>::WorkerLoop(int) () from /cvmfs/cms.cern.ch/el9_amd64_gcc11/external/py3-tensorflow/2.6.4-b4f48218503141d57481e3883c4fc2d8/lib/python3.9/site-packages/tensorflow/python/_pywrap_tensorflow_internal.so
#7  0x000014b341841898 in std::_Function_handler<void (), tensorflow::thread::EigenEnvironment::CreateThread(std::function<void ()>)::{lambda()#1}>::_M_invoke(std::_Any_data const&) () from /cvmfs/cms.cern.ch/el9_amd64_gcc11/external/py3-tensorflow/2.6.4-b4f48218503141d57481e3883c4fc2d8/lib/python3.9/site-packages/tensorflow/python/_pywrap_tensorflow_internal.so
#8  0x000014b33d12d220 in tensorflow::(anonymous namespace)::PThread::ThreadFn(void*) () from /cvmfs/cms.cern.ch/el9_amd64_gcc11/external/py3-tensorflow/2.6.4-b4f48218503141d57481e3883c4fc2d8/lib/python3.9/site-packages/tensorflow/python/../libtensorflow_framework.so.2
#9  0x000014b361689d22 in start_thread () from /lib64/libc.so.6
#10 0x000014b36170ed40 in clone3 () from /lib64/libc.so.6

Thread 48 (Thread 0x14b286ff7640 (LWP 309) "python3"):
#0  0x000014b3616868ba in __futex_abstimed_wait_common () from /lib64/libc.so.6
#1  0x000014b3616890c0 in pthread_cond_wait

GLIBC_2.3.2 () from /lib64/libc.so.6
#2  0x000014b35e8d1820 in __gthread_cond_wait (__mutex=<optimized out>, __cond=<optimized out>) at /data/cmsbld/jenkins/workspace/jenkins-test-bootstrap/toolconf/BUILD/el9_amd64_gcc11/external/gcc/11.4.1-30ebdc301ebd200f2ae0e3d880258e65/gcc-11.4.1/obj/x86_64-redhat-linux-gnu/libstdc++-v3/include/x86_64-redhat-linux-gnu/bits/gthr-default.h:865
#3  std::__condvar::wait (__m=..., this=<optimized out>) at /data/cmsbld/jenkins/workspace/jenkins-test-bootstrap/toolconf/BUILD/el9_amd64_gcc11/external/gcc/11.4.1-30ebdc301ebd200f2ae0e3d880258e65/gcc-11.4.1/obj/x86_64-redhat-linux-gnu/libstdc++-v3/include/bits/std_mutex.h:155
#4  std::condition_variable::wait (this=<optimized out>, __lock=...) at ../../../../../libstdc++-v3/src/c++11/condition_variable.cc:41
#5  0x000014b341844743 in Eigen::ThreadPoolTempl<tensorflow::thread::EigenEnvironment>::WaitForWork(Eigen::EventCount::Waiter*, tensorflow::thread::EigenEnvironment::Task*) () from /cvmfs/cms.cern.ch/el9_amd64_gcc11/external/py3-tensorflow/2.6.4-b4f48218503141d57481e3883c4fc2d8/lib/python3.9/site-packages/tensorflow/python/_pywrap_tensorflow_internal.so
#6  0x000014b341844e2e in Eigen::ThreadPoolTempl<tensorflow::thread::EigenEnvironment>::WorkerLoop(int) () from /cvmfs/cms.cern.ch/el9_amd64_gcc11/external/py3-tensorflow/2.6.4-b4f48218503141d57481e3883c4fc2d8/lib/python3.9/site-packages/tensorflow/python/_pywrap_tensorflow_internal.so
#7  0x000014b341841898 in std::_Function_handler<void (), tensorflow::thread::EigenEnvironment::CreateThread(std::function<void ()>)::{lambda()#1}>::_M_invoke(std::_Any_data const&) () from /cvmfs/cms.cern.ch/el9_amd64_gcc11/external/py3-tensorflow/2.6.4-b4f48218503141d57481e3883c4fc2d8/lib/python3.9/site-packages/tensorflow/python/_pywrap_tensorflow_internal.so
#8  0x000014b33d12d220 in tensorflow::(anonymous namespace)::PThread::ThreadFn(void*) () from /cvmfs/cms.cern.ch/el9_amd64_gcc11/external/py3-tensorflow/2.6.4-b4f48218503141d57481e3883c4fc2d8/lib/python3.9/site-packages/tensorflow/python/../libtensorflow_framework.so.2
#9  0x000014b361689d22 in start_thread () from /lib64/libc.so.6
#10 0x000014b36170ed40 in clone3 () from /lib64/libc.so.6

Thread 47 (Thread 0x14b2871f8640 (LWP 308) "python3"):
#0  0x000014b3616868ba in __futex_abstimed_wait_common () from /lib64/libc.so.6
#1  0x000014b3616890c0 in pthread_cond_wait

GLIBC_2.3.2 () from /lib64/libc.so.6
#2  0x000014b35e8d1820 in __gthread_cond_wait (__mutex=<optimized out>, __cond=<optimized out>) at /data/cmsbld/jenkins/workspace/jenkins-test-bootstrap/toolconf/BUILD/el9_amd64_gcc11/external/gcc/11.4.1-30ebdc301ebd200f2ae0e3d880258e65/gcc-11.4.1/obj/x86_64-redhat-linux-gnu/libstdc++-v3/include/x86_64-redhat-linux-gnu/bits/gthr-default.h:865
#3  std::__condvar::wait (__m=..., this=<optimized out>) at /data/cmsbld/jenkins/workspace/jenkins-test-bootstrap/toolconf/BUILD/el9_amd64_gcc11/external/gcc/11.4.1-30ebdc301ebd200f2ae0e3d880258e65/gcc-11.4.1/obj/x86_64-redhat-linux-gnu/libstdc++-v3/include/bits/std_mutex.h:155
#4  std::condition_variable::wait (this=<optimized out>, __lock=...) at ../../../../../libstdc++-v3/src/c++11/condition_variable.cc:41
#5  0x000014b341844743 in Eigen::ThreadPoolTempl<tensorflow::thread::EigenEnvironment>::WaitForWork(Eigen::EventCount::Waiter*, tensorflow::thread::EigenEnvironment::Task*) () from /cvmfs/cms.cern.ch/el9_amd64_gcc11/external/py3-tensorflow/2.6.4-b4f48218503141d57481e3883c4fc2d8/lib/python3.9/site-packages/tensorflow/python/_pywrap_tensorflow_internal.so
#6  0x000014b341844e2e in Eigen::ThreadPoolTempl<tensorflow::thread::EigenEnvironment>::WorkerLoop(int) () from /cvmfs/cms.cern.ch/el9_amd64_gcc11/external/py3-tensorflow/2.6.4-b4f48218503141d57481e3883c4fc2d8/lib/python3.9/site-packages/tensorflow/python/_pywrap_tensorflow_internal.so
#7  0x000014b341841898 in std::_Function_handler<void (), tensorflow::thread::EigenEnvironment::CreateThread(std::function<void ()>)::{lambda()#1}>::_M_invoke(std::_Any_data const&) () from /cvmfs/cms.cern.ch/el9_amd64_gcc11/external/py3-tensorflow/2.6.4-b4f48218503141d57481e3883c4fc2d8/lib/python3.9/site-packages/tensorflow/python/_pywrap_tensorflow_internal.so
#8  0x000014b33d12d220 in tensorflow::(anonymous namespace)::PThread::ThreadFn(void*) () from /cvmfs/cms.cern.ch/el9_amd64_gcc11/external/py3-tensorflow/2.6.4-b4f48218503141d57481e3883c4fc2d8/lib/python3.9/site-packages/tensorflow/python/../libtensorflow_framework.so.2
#9  0x000014b361689d22 in start_thread () from /lib64/libc.so.6
#10 0x000014b36170ed40 in clone3 () from /lib64/libc.so.6

Thread 46 (Thread 0x14b2873f9640 (LWP 307) "python3"):
#0  0x000014b3616868ba in __futex_abstimed_wait_common () from /lib64/libc.so.6
#1  0x000014b3616890c0 in pthread_cond_wait

GLIBC_2.3.2 () from /lib64/libc.so.6
#2  0x000014b35e8d1820 in __gthread_cond_wait (__mutex=<optimized out>, __cond=<optimized out>) at /data/cmsbld/jenkins/workspace/jenkins-test-bootstrap/toolconf/BUILD/el9_amd64_gcc11/external/gcc/11.4.1-30ebdc301ebd200f2ae0e3d880258e65/gcc-11.4.1/obj/x86_64-redhat-linux-gnu/libstdc++-v3/include/x86_64-redhat-linux-gnu/bits/gthr-default.h:865
#3  std::__condvar::wait (__m=..., this=<optimized out>) at /data/cmsbld/jenkins/workspace/jenkins-test-bootstrap/toolconf/BUILD/el9_amd64_gcc11/external/gcc/11.4.1-30ebdc301ebd200f2ae0e3d880258e65/gcc-11.4.1/obj/x86_64-redhat-linux-gnu/libstdc++-v3/include/bits/std_mutex.h:155
#4  std::condition_variable::wait (this=<optimized out>, __lock=...) at ../../../../../libstdc++-v3/src/c++11/condition_variable.cc:41
#5  0x000014b341844743 in Eigen::ThreadPoolTempl<tensorflow::thread::EigenEnvironment>::WaitForWork(Eigen::EventCount::Waiter*, tensorflow::thread::EigenEnvironment::Task*) () from /cvmfs/cms.cern.ch/el9_amd64_gcc11/external/py3-tensorflow/2.6.4-b4f48218503141d57481e3883c4fc2d8/lib/python3.9/site-packages/tensorflow/python/_pywrap_tensorflow_internal.so
#6  0x000014b341844e2e in Eigen::ThreadPoolTempl<tensorflow::thread::EigenEnvironment>::WorkerLoop(int) () from /cvmfs/cms.cern.ch/el9_amd64_gcc11/external/py3-tensorflow/2.6.4-b4f48218503141d57481e3883c4fc2d8/lib/python3.9/site-packages/tensorflow/python/_pywrap_tensorflow_internal.so
#7  0x000014b341841898 in std::_Function_handler<void (), tensorflow::thread::EigenEnvironment::CreateThread(std::function<void ()>)::{lambda()#1}>::_M_invoke(std::_Any_data const&) () from /cvmfs/cms.cern.ch/el9_amd64_gcc11/external/py3-tensorflow/2.6.4-b4f48218503141d57481e3883c4fc2d8/lib/python3.9/site-packages/tensorflow/python/_pywrap_tensorflow_internal.so
#8  0x000014b33d12d220 in tensorflow::(anonymous namespace)::PThread::ThreadFn(void*) () from /cvmfs/cms.cern.ch/el9_amd64_gcc11/external/py3-tensorflow/2.6.4-b4f48218503141d57481e3883c4fc2d8/lib/python3.9/site-packages/tensorflow/python/../libtensorflow_framework.so.2
#9  0x000014b361689d22 in start_thread () from /lib64/libc.so.6
#10 0x000014b36170ed40 in clone3 () from /lib64/libc.so.6

Thread 45 (Thread 0x14b2875fa640 (LWP 306) "python3"):
#0  0x000014b3616868ba in __futex_abstimed_wait_common () from /lib64/libc.so.6
#1  0x000014b3616890c0 in pthread_cond_wait

GLIBC_2.3.2 () from /lib64/libc.so.6
#2  0x000014b35e8d1820 in __gthread_cond_wait (__mutex=<optimized out>, __cond=<optimized out>) at /data/cmsbld/jenkins/workspace/jenkins-test-bootstrap/toolconf/BUILD/el9_amd64_gcc11/external/gcc/11.4.1-30ebdc301ebd200f2ae0e3d880258e65/gcc-11.4.1/obj/x86_64-redhat-linux-gnu/libstdc++-v3/include/x86_64-redhat-linux-gnu/bits/gthr-default.h:865
#3  std::__condvar::wait (__m=..., this=<optimized out>) at /data/cmsbld/jenkins/workspace/jenkins-test-bootstrap/toolconf/BUILD/el9_amd64_gcc11/external/gcc/11.4.1-30ebdc301ebd200f2ae0e3d880258e65/gcc-11.4.1/obj/x86_64-redhat-linux-gnu/libstdc++-v3/include/bits/std_mutex.h:155
#4  std::condition_variable::wait (this=<optimized out>, __lock=...) at ../../../../../libstdc++-v3/src/c++11/condition_variable.cc:41
#5  0x000014b341844743 in Eigen::ThreadPoolTempl<tensorflow::thread::EigenEnvironment>::WaitForWork(Eigen::EventCount::Waiter*, tensorflow::thread::EigenEnvironment::Task*) () from /cvmfs/cms.cern.ch/el9_amd64_gcc11/external/py3-tensorflow/2.6.4-b4f48218503141d57481e3883c4fc2d8/lib/python3.9/site-packages/tensorflow/python/_pywrap_tensorflow_internal.so
#6  0x000014b341844e2e in Eigen::ThreadPoolTempl<tensorflow::thread::EigenEnvironment>::WorkerLoop(int) () from /cvmfs/cms.cern.ch/el9_amd64_gcc11/external/py3-tensorflow/2.6.4-b4f48218503141d57481e3883c4fc2d8/lib/python3.9/site-packages/tensorflow/python/_pywrap_tensorflow_internal.so
#7  0x000014b341841898 in std::_Function_handler<void (), tensorflow::thread::EigenEnvironment::CreateThread(std::function<void ()>)::{lambda()#1}>::_M_invoke(std::_Any_data const&) () from /cvmfs/cms.cern.ch/el9_amd64_gcc11/external/py3-tensorflow/2.6.4-b4f48218503141d57481e3883c4fc2d8/lib/python3.9/site-packages/tensorflow/python/_pywrap_tensorflow_internal.so
#8  0x000014b33d12d220 in tensorflow::(anonymous namespace)::PThread::ThreadFn(void*) () from /cvmfs/cms.cern.ch/el9_amd64_gcc11/external/py3-tensorflow/2.6.4-b4f48218503141d57481e3883c4fc2d8/lib/python3.9/site-packages/tensorflow/python/../libtensorflow_framework.so.2
#9  0x000014b361689d22 in start_thread () from /lib64/libc.so.6
#10 0x000014b36170ed40 in clone3 () from /lib64/libc.so.6

Thread 44 (Thread 0x14b2877fb640 (LWP 305) "python3"):
#0  0x000014b3616868ba in __futex_abstimed_wait_common () from /lib64/libc.so.6
#1  0x000014b3616890c0 in pthread_cond_wait

GLIBC_2.3.2 () from /lib64/libc.so.6
#2  0x000014b35e8d1820 in __gthread_cond_wait (__mutex=<optimized out>, __cond=<optimized out>) at /data/cmsbld/jenkins/workspace/jenkins-test-bootstrap/toolconf/BUILD/el9_amd64_gcc11/external/gcc/11.4.1-30ebdc301ebd200f2ae0e3d880258e65/gcc-11.4.1/obj/x86_64-redhat-linux-gnu/libstdc++-v3/include/x86_64-redhat-linux-gnu/bits/gthr-default.h:865
#3  std::__condvar::wait (__m=..., this=<optimized out>) at /data/cmsbld/jenkins/workspace/jenkins-test-bootstrap/toolconf/BUILD/el9_amd64_gcc11/external/gcc/11.4.1-30ebdc301ebd200f2ae0e3d880258e65/gcc-11.4.1/obj/x86_64-redhat-linux-gnu/libstdc++-v3/include/bits/std_mutex.h:155
#4  std::condition_variable::wait (this=<optimized out>, __lock=...) at ../../../../../libstdc++-v3/src/c++11/condition_variable.cc:41
#5  0x000014b341844743 in Eigen::ThreadPoolTempl<tensorflow::thread::EigenEnvironment>::WaitForWork(Eigen::EventCount::Waiter*, tensorflow::thread::EigenEnvironment::Task*) () from /cvmfs/cms.cern.ch/el9_amd64_gcc11/external/py3-tensorflow/2.6.4-b4f48218503141d57481e3883c4fc2d8/lib/python3.9/site-packages/tensorflow/python/_pywrap_tensorflow_internal.so
#6  0x000014b341844e2e in Eigen::ThreadPoolTempl<tensorflow::thread::EigenEnvironment>::WorkerLoop(int) () from /cvmfs/cms.cern.ch/el9_amd64_gcc11/external/py3-tensorflow/2.6.4-b4f48218503141d57481e3883c4fc2d8/lib/python3.9/site-packages/tensorflow/python/_pywrap_tensorflow_internal.so
#7  0x000014b341841898 in std::_Function_handler<void (), tensorflow::thread::EigenEnvironment::CreateThread(std::function<void ()>)::{lambda()#1}>::_M_invoke(std::_Any_data const&) () from /cvmfs/cms.cern.ch/el9_amd64_gcc11/external/py3-tensorflow/2.6.4-b4f48218503141d57481e3883c4fc2d8/lib/python3.9/site-packages/tensorflow/python/_pywrap_tensorflow_internal.so
#8  0x000014b33d12d220 in tensorflow::(anonymous namespace)::PThread::ThreadFn(void*) () from /cvmfs/cms.cern.ch/el9_amd64_gcc11/external/py3-tensorflow/2.6.4-b4f48218503141d57481e3883c4fc2d8/lib/python3.9/site-packages/tensorflow/python/../libtensorflow_framework.so.2
#9  0x000014b361689d22 in start_thread () from /lib64/libc.so.6
#10 0x000014b36170ed40 in clone3 () from /lib64/libc.so.6

Thread 43 (Thread 0x14b2879fc640 (LWP 304) "python3"):
#0  0x000014b3616868ba in __futex_abstimed_wait_common () from /lib64/libc.so.6
#1  0x000014b3616890c0 in pthread_cond_wait

GLIBC_2.3.2 () from /lib64/libc.so.6
#2  0x000014b35e8d1820 in __gthread_cond_wait (__mutex=<optimized out>, __cond=<optimized out>) at /data/cmsbld/jenkins/workspace/jenkins-test-bootstrap/toolconf/BUILD/el9_amd64_gcc11/external/gcc/11.4.1-30ebdc301ebd200f2ae0e3d880258e65/gcc-11.4.1/obj/x86_64-redhat-linux-gnu/libstdc++-v3/include/x86_64-redhat-linux-gnu/bits/gthr-default.h:865
#3  std::__condvar::wait (__m=..., this=<optimized out>) at /data/cmsbld/jenkins/workspace/jenkins-test-bootstrap/toolconf/BUILD/el9_amd64_gcc11/external/gcc/11.4.1-30ebdc301ebd200f2ae0e3d880258e65/gcc-11.4.1/obj/x86_64-redhat-linux-gnu/libstdc++-v3/include/bits/std_mutex.h:155
#4  std::condition_variable::wait (this=<optimized out>, __lock=...) at ../../../../../libstdc++-v3/src/c++11/condition_variable.cc:41
#5  0x000014b341844743 in Eigen::ThreadPoolTempl<tensorflow::thread::EigenEnvironment>::WaitForWork(Eigen::EventCount::Waiter*, tensorflow::thread::EigenEnvironment::Task*) () from /cvmfs/cms.cern.ch/el9_amd64_gcc11/external/py3-tensorflow/2.6.4-b4f48218503141d57481e3883c4fc2d8/lib/python3.9/site-packages/tensorflow/python/_pywrap_tensorflow_internal.so
#6  0x000014b341844e2e in Eigen::ThreadPoolTempl<tensorflow::thread::EigenEnvironment>::WorkerLoop(int) () from /cvmfs/cms.cern.ch/el9_amd64_gcc11/external/py3-tensorflow/2.6.4-b4f48218503141d57481e3883c4fc2d8/lib/python3.9/site-packages/tensorflow/python/_pywrap_tensorflow_internal.so
#7  0x000014b341841898 in std::_Function_handler<void (), tensorflow::thread::EigenEnvironment::CreateThread(std::function<void ()>)::{lambda()#1}>::_M_invoke(std::_Any_data const&) () from /cvmfs/cms.cern.ch/el9_amd64_gcc11/external/py3-tensorflow/2.6.4-b4f48218503141d57481e3883c4fc2d8/lib/python3.9/site-packages/tensorflow/python/_pywrap_tensorflow_internal.so
#8  0x000014b33d12d220 in tensorflow::(anonymous namespace)::PThread::ThreadFn(void*) () from /cvmfs/cms.cern.ch/el9_amd64_gcc11/external/py3-tensorflow/2.6.4-b4f48218503141d57481e3883c4fc2d8/lib/python3.9/site-packages/tensorflow/python/../libtensorflow_framework.so.2
#9  0x000014b361689d22 in start_thread () from /lib64/libc.so.6
#10 0x000014b36170ed40 in clone3 () from /lib64/libc.so.6

Thread 42 (Thread 0x14b287bfd640 (LWP 303) "python3"):
#0  0x000014b3616868ba in __futex_abstimed_wait_common () from /lib64/libc.so.6
#1  0x000014b3616890c0 in pthread_cond_wait

GLIBC_2.3.2 () from /lib64/libc.so.6
#2  0x000014b35e8d1820 in __gthread_cond_wait (__mutex=<optimized out>, __cond=<optimized out>) at /data/cmsbld/jenkins/workspace/jenkins-test-bootstrap/toolconf/BUILD/el9_amd64_gcc11/external/gcc/11.4.1-30ebdc301ebd200f2ae0e3d880258e65/gcc-11.4.1/obj/x86_64-redhat-linux-gnu/libstdc++-v3/include/x86_64-redhat-linux-gnu/bits/gthr-default.h:865
#3  std::__condvar::wait (__m=..., this=<optimized out>) at /data/cmsbld/jenkins/workspace/jenkins-test-bootstrap/toolconf/BUILD/el9_amd64_gcc11/external/gcc/11.4.1-30ebdc301ebd200f2ae0e3d880258e65/gcc-11.4.1/obj/x86_64-redhat-linux-gnu/libstdc++-v3/include/bits/std_mutex.h:155
#4  std::condition_variable::wait (this=<optimized out>, __lock=...) at ../../../../../libstdc++-v3/src/c++11/condition_variable.cc:41
#5  0x000014b341844743 in Eigen::ThreadPoolTempl<tensorflow::thread::EigenEnvironment>::WaitForWork(Eigen::EventCount::Waiter*, tensorflow::thread::EigenEnvironment::Task*) () from /cvmfs/cms.cern.ch/el9_amd64_gcc11/external/py3-tensorflow/2.6.4-b4f48218503141d57481e3883c4fc2d8/lib/python3.9/site-packages/tensorflow/python/_pywrap_tensorflow_internal.so
#6  0x000014b341844e2e in Eigen::ThreadPoolTempl<tensorflow::thread::EigenEnvironment>::WorkerLoop(int) () from /cvmfs/cms.cern.ch/el9_amd64_gcc11/external/py3-tensorflow/2.6.4-b4f48218503141d57481e3883c4fc2d8/lib/python3.9/site-packages/tensorflow/python/_pywrap_tensorflow_internal.so
#7  0x000014b341841898 in std::_Function_handler<void (), tensorflow::thread::EigenEnvironment::CreateThread(std::function<void ()>)::{lambda()#1}>::_M_invoke(std::_Any_data const&) () from /cvmfs/cms.cern.ch/el9_amd64_gcc11/external/py3-tensorflow/2.6.4-b4f48218503141d57481e3883c4fc2d8/lib/python3.9/site-packages/tensorflow/python/_pywrap_tensorflow_internal.so
#8  0x000014b33d12d220 in tensorflow::(anonymous namespace)::PThread::ThreadFn(void*) () from /cvmfs/cms.cern.ch/el9_amd64_gcc11/external/py3-tensorflow/2.6.4-b4f48218503141d57481e3883c4fc2d8/lib/python3.9/site-packages/tensorflow/python/../libtensorflow_framework.so.2
#9  0x000014b361689d22 in start_thread () from /lib64/libc.so.6
#10 0x000014b36170ed40 in clone3 () from /lib64/libc.so.6

Thread 41 (Thread 0x14b287dfe640 (LWP 302) "python3"):
#0  0x000014b3616868ba in __futex_abstimed_wait_common () from /lib64/libc.so.6
#1  0x000014b3616890c0 in pthread_cond_wait

GLIBC_2.3.2 () from /lib64/libc.so.6
#2  0x000014b35e8d1820 in __gthread_cond_wait (__mutex=<optimized out>, __cond=<optimized out>) at /data/cmsbld/jenkins/workspace/jenkins-test-bootstrap/toolconf/BUILD/el9_amd64_gcc11/external/gcc/11.4.1-30ebdc301ebd200f2ae0e3d880258e65/gcc-11.4.1/obj/x86_64-redhat-linux-gnu/libstdc++-v3/include/x86_64-redhat-linux-gnu/bits/gthr-default.h:865
#3  std::__condvar::wait (__m=..., this=<optimized out>) at /data/cmsbld/jenkins/workspace/jenkins-test-bootstrap/toolconf/BUILD/el9_amd64_gcc11/external/gcc/11.4.1-30ebdc301ebd200f2ae0e3d880258e65/gcc-11.4.1/obj/x86_64-redhat-linux-gnu/libstdc++-v3/include/bits/std_mutex.h:155
#4  std::condition_variable::wait (this=<optimized out>, __lock=...) at ../../../../../libstdc++-v3/src/c++11/condition_variable.cc:41
#5  0x000014b341844743 in Eigen::ThreadPoolTempl<tensorflow::thread::EigenEnvironment>::WaitForWork(Eigen::EventCount::Waiter*, tensorflow::thread::EigenEnvironment::Task*) () from /cvmfs/cms.cern.ch/el9_amd64_gcc11/external/py3-tensorflow/2.6.4-b4f48218503141d57481e3883c4fc2d8/lib/python3.9/site-packages/tensorflow/python/_pywrap_tensorflow_internal.so
#6  0x000014b341844e2e in Eigen::ThreadPoolTempl<tensorflow::thread::EigenEnvironment>::WorkerLoop(int) () from /cvmfs/cms.cern.ch/el9_amd64_gcc11/external/py3-tensorflow/2.6.4-b4f48218503141d57481e3883c4fc2d8/lib/python3.9/site-packages/tensorflow/python/_pywrap_tensorflow_internal.so
#7  0x000014b341841898 in std::_Function_handler<void (), tensorflow::thread::EigenEnvironment::CreateThread(std::function<void ()>)::{lambda()#1}>::_M_invoke(std::_Any_data const&) () from /cvmfs/cms.cern.ch/el9_amd64_gcc11/external/py3-tensorflow/2.6.4-b4f48218503141d57481e3883c4fc2d8/lib/python3.9/site-packages/tensorflow/python/_pywrap_tensorflow_internal.so
#8  0x000014b33d12d220 in tensorflow::(anonymous namespace)::PThread::ThreadFn(void*) () from /cvmfs/cms.cern.ch/el9_amd64_gcc11/external/py3-tensorflow/2.6.4-b4f48218503141d57481e3883c4fc2d8/lib/python3.9/site-packages/tensorflow/python/../libtensorflow_framework.so.2
#9  0x000014b361689d22 in start_thread () from /lib64/libc.so.6
#10 0x000014b36170ed40 in clone3 () from /lib64/libc.so.6

Thread 40 (Thread 0x14b287fff640 (LWP 301) "python3"):
#0  0x000014b3616868ba in __futex_abstimed_wait_common () from /lib64/libc.so.6
#1  0x000014b3616890c0 in pthread_cond_wait

GLIBC_2.3.2 () from /lib64/libc.so.6
#2  0x000014b35e8d1820 in __gthread_cond_wait (__mutex=<optimized out>, __cond=<optimized out>) at /data/cmsbld/jenkins/workspace/jenkins-test-bootstrap/toolconf/BUILD/el9_amd64_gcc11/external/gcc/11.4.1-30ebdc301ebd200f2ae0e3d880258e65/gcc-11.4.1/obj/x86_64-redhat-linux-gnu/libstdc++-v3/include/x86_64-redhat-linux-gnu/bits/gthr-default.h:865
#3  std::__condvar::wait (__m=..., this=<optimized out>) at /data/cmsbld/jenkins/workspace/jenkins-test-bootstrap/toolconf/BUILD/el9_amd64_gcc11/external/gcc/11.4.1-30ebdc301ebd200f2ae0e3d880258e65/gcc-11.4.1/obj/x86_64-redhat-linux-gnu/libstdc++-v3/include/bits/std_mutex.h:155
#4  std::condition_variable::wait (this=<optimized out>, __lock=...) at ../../../../../libstdc++-v3/src/c++11/condition_variable.cc:41
#5  0x000014b341844743 in Eigen::ThreadPoolTempl<tensorflow::thread::EigenEnvironment>::WaitForWork(Eigen::EventCount::Waiter*, tensorflow::thread::EigenEnvironment::Task*) () from /cvmfs/cms.cern.ch/el9_amd64_gcc11/external/py3-tensorflow/2.6.4-b4f48218503141d57481e3883c4fc2d8/lib/python3.9/site-packages/tensorflow/python/_pywrap_tensorflow_internal.so
#6  0x000014b341844e2e in Eigen::ThreadPoolTempl<tensorflow::thread::EigenEnvironment>::WorkerLoop(int) () from /cvmfs/cms.cern.ch/el9_amd64_gcc11/external/py3-tensorflow/2.6.4-b4f48218503141d57481e3883c4fc2d8/lib/python3.9/site-packages/tensorflow/python/_pywrap_tensorflow_internal.so
#7  0x000014b341841898 in std::_Function_handler<void (), tensorflow::thread::EigenEnvironment::CreateThread(std::function<void ()>)::{lambda()#1}>::_M_invoke(std::_Any_data const&) () from /cvmfs/cms.cern.ch/el9_amd64_gcc11/external/py3-tensorflow/2.6.4-b4f48218503141d57481e3883c4fc2d8/lib/python3.9/site-packages/tensorflow/python/_pywrap_tensorflow_internal.so
#8  0x000014b33d12d220 in tensorflow::(anonymous namespace)::PThread::ThreadFn(void*) () from /cvmfs/cms.cern.ch/el9_amd64_gcc11/external/py3-tensorflow/2.6.4-b4f48218503141d57481e3883c4fc2d8/lib/python3.9/site-packages/tensorflow/python/../libtensorflow_framework.so.2
#9  0x000014b361689d22 in start_thread () from /lib64/libc.so.6
#10 0x000014b36170ed40 in clone3 () from /lib64/libc.so.6

Thread 39 (Thread 0x14b2c43ab640 (LWP 300) "python3"):
#0  0x000014b3616868ba in __futex_abstimed_wait_common () from /lib64/libc.so.6
#1  0x000014b3616890c0 in pthread_cond_wait

GLIBC_2.3.2 () from /lib64/libc.so.6
#2  0x000014b35e8d1820 in __gthread_cond_wait (__mutex=<optimized out>, __cond=<optimized out>) at /data/cmsbld/jenkins/workspace/jenkins-test-bootstrap/toolconf/BUILD/el9_amd64_gcc11/external/gcc/11.4.1-30ebdc301ebd200f2ae0e3d880258e65/gcc-11.4.1/obj/x86_64-redhat-linux-gnu/libstdc++-v3/include/x86_64-redhat-linux-gnu/bits/gthr-default.h:865
#3  std::__condvar::wait (__m=..., this=<optimized out>) at /data/cmsbld/jenkins/workspace/jenkins-test-bootstrap/toolconf/BUILD/el9_amd64_gcc11/external/gcc/11.4.1-30ebdc301ebd200f2ae0e3d880258e65/gcc-11.4.1/obj/x86_64-redhat-linux-gnu/libstdc++-v3/include/bits/std_mutex.h:155
#4  std::condition_variable::wait (this=<optimized out>, __lock=...) at ../../../../../libstdc++-v3/src/c++11/condition_variable.cc:41
#5  0x000014b341844743 in Eigen::ThreadPoolTempl<tensorflow::thread::EigenEnvironment>::WaitForWork(Eigen::EventCount::Waiter*, tensorflow::thread::EigenEnvironment::Task*) () from /cvmfs/cms.cern.ch/el9_amd64_gcc11/external/py3-tensorflow/2.6.4-b4f48218503141d57481e3883c4fc2d8/lib/python3.9/site-packages/tensorflow/python/_pywrap_tensorflow_internal.so
#6  0x000014b341844e2e in Eigen::ThreadPoolTempl<tensorflow::thread::EigenEnvironment>::WorkerLoop(int) () from /cvmfs/cms.cern.ch/el9_amd64_gcc11/external/py3-tensorflow/2.6.4-b4f48218503141d57481e3883c4fc2d8/lib/python3.9/site-packages/tensorflow/python/_pywrap_tensorflow_internal.so
#7  0x000014b341841898 in std::_Function_handler<void (), tensorflow::thread::EigenEnvironment::CreateThread(std::function<void ()>)::{lambda()#1}>::_M_invoke(std::_Any_data const&) () from /cvmfs/cms.cern.ch/el9_amd64_gcc11/external/py3-tensorflow/2.6.4-b4f48218503141d57481e3883c4fc2d8/lib/python3.9/site-packages/tensorflow/python/_pywrap_tensorflow_internal.so
#8  0x000014b33d12d220 in tensorflow::(anonymous namespace)::PThread::ThreadFn(void*) () from /cvmfs/cms.cern.ch/el9_amd64_gcc11/external/py3-tensorflow/2.6.4-b4f48218503141d57481e3883c4fc2d8/lib/python3.9/site-packages/tensorflow/python/../libtensorflow_framework.so.2
#9  0x000014b361689d22 in start_thread () from /lib64/libc.so.6
#10 0x000014b36170ed40 in clone3 () from /lib64/libc.so.6

Thread 38 (Thread 0x14b2c45ac640 (LWP 299) "python3"):
#0  0x000014b3616868ba in __futex_abstimed_wait_common () from /lib64/libc.so.6
#1  0x000014b3616890c0 in pthread_cond_wait

GLIBC_2.3.2 () from /lib64/libc.so.6
#2  0x000014b35e8d1820 in __gthread_cond_wait (__mutex=<optimized out>, __cond=<optimized out>) at /data/cmsbld/jenkins/workspace/jenkins-test-bootstrap/toolconf/BUILD/el9_amd64_gcc11/external/gcc/11.4.1-30ebdc301ebd200f2ae0e3d880258e65/gcc-11.4.1/obj/x86_64-redhat-linux-gnu/libstdc++-v3/include/x86_64-redhat-linux-gnu/bits/gthr-default.h:865
#3  std::__condvar::wait (__m=..., this=<optimized out>) at /data/cmsbld/jenkins/workspace/jenkins-test-bootstrap/toolconf/BUILD/el9_amd64_gcc11/external/gcc/11.4.1-30ebdc301ebd200f2ae0e3d880258e65/gcc-11.4.1/obj/x86_64-redhat-linux-gnu/libstdc++-v3/include/bits/std_mutex.h:155
#4  std::condition_variable::wait (this=<optimized out>, __lock=...) at ../../../../../libstdc++-v3/src/c++11/condition_variable.cc:41
#5  0x000014b341844743 in Eigen::ThreadPoolTempl<tensorflow::thread::EigenEnvironment>::WaitForWork(Eigen::EventCount::Waiter*, tensorflow::thread::EigenEnvironment::Task*) () from /cvmfs/cms.cern.ch/el9_amd64_gcc11/external/py3-tensorflow/2.6.4-b4f48218503141d57481e3883c4fc2d8/lib/python3.9/site-packages/tensorflow/python/_pywrap_tensorflow_internal.so
#6  0x000014b341844e2e in Eigen::ThreadPoolTempl<tensorflow::thread::EigenEnvironment>::WorkerLoop(int) () from /cvmfs/cms.cern.ch/el9_amd64_gcc11/external/py3-tensorflow/2.6.4-b4f48218503141d57481e3883c4fc2d8/lib/python3.9/site-packages/tensorflow/python/_pywrap_tensorflow_internal.so
#7  0x000014b341841898 in std::_Function_handler<void (), tensorflow::thread::EigenEnvironment::CreateThread(std::function<void ()>)::{lambda()#1}>::_M_invoke(std::_Any_data const&) () from /cvmfs/cms.cern.ch/el9_amd64_gcc11/external/py3-tensorflow/2.6.4-b4f48218503141d57481e3883c4fc2d8/lib/python3.9/site-packages/tensorflow/python/_pywrap_tensorflow_internal.so
#8  0x000014b33d12d220 in tensorflow::(anonymous namespace)::PThread::ThreadFn(void*) () from /cvmfs/cms.cern.ch/el9_amd64_gcc11/external/py3-tensorflow/2.6.4-b4f48218503141d57481e3883c4fc2d8/lib/python3.9/site-packages/tensorflow/python/../libtensorflow_framework.so.2
#9  0x000014b361689d22 in start_thread () from /lib64/libc.so.6
#10 0x000014b36170ed40 in clone3 () from /lib64/libc.so.6

Thread 37 (Thread 0x14b2c47ad640 (LWP 298) "python3"):
#0  0x000014b3616868ba in __futex_abstimed_wait_common () from /lib64/libc.so.6
#1  0x000014b3616890c0 in pthread_cond_wait

GLIBC_2.3.2 () from /lib64/libc.so.6
#2  0x000014b35e8d1820 in __gthread_cond_wait (__mutex=<optimized out>, __cond=<optimized out>) at /data/cmsbld/jenkins/workspace/jenkins-test-bootstrap/toolconf/BUILD/el9_amd64_gcc11/external/gcc/11.4.1-30ebdc301ebd200f2ae0e3d880258e65/gcc-11.4.1/obj/x86_64-redhat-linux-gnu/libstdc++-v3/include/x86_64-redhat-linux-gnu/bits/gthr-default.h:865
#3  std::__condvar::wait (__m=..., this=<optimized out>) at /data/cmsbld/jenkins/workspace/jenkins-test-bootstrap/toolconf/BUILD/el9_amd64_gcc11/external/gcc/11.4.1-30ebdc301ebd200f2ae0e3d880258e65/gcc-11.4.1/obj/x86_64-redhat-linux-gnu/libstdc++-v3/include/bits/std_mutex.h:155
#4  std::condition_variable::wait (this=<optimized out>, __lock=...) at ../../../../../libstdc++-v3/src/c++11/condition_variable.cc:41
#5  0x000014b341844743 in Eigen::ThreadPoolTempl<tensorflow::thread::EigenEnvironment>::WaitForWork(Eigen::EventCount::Waiter*, tensorflow::thread::EigenEnvironment::Task*) () from /cvmfs/cms.cern.ch/el9_amd64_gcc11/external/py3-tensorflow/2.6.4-b4f48218503141d57481e3883c4fc2d8/lib/python3.9/site-packages/tensorflow/python/_pywrap_tensorflow_internal.so
#6  0x000014b341844e2e in Eigen::ThreadPoolTempl<tensorflow::thread::EigenEnvironment>::WorkerLoop(int) () from /cvmfs/cms.cern.ch/el9_amd64_gcc11/external/py3-tensorflow/2.6.4-b4f48218503141d57481e3883c4fc2d8/lib/python3.9/site-packages/tensorflow/python/_pywrap_tensorflow_internal.so
#7  0x000014b341841898 in std::_Function_handler<void (), tensorflow::thread::EigenEnvironment::CreateThread(std::function<void ()>)::{lambda()#1}>::_M_invoke(std::_Any_data const&) () from /cvmfs/cms.cern.ch/el9_amd64_gcc11/external/py3-tensorflow/2.6.4-b4f48218503141d57481e3883c4fc2d8/lib/python3.9/site-packages/tensorflow/python/_pywrap_tensorflow_internal.so
#8  0x000014b33d12d220 in tensorflow::(anonymous namespace)::PThread::ThreadFn(void*) () from /cvmfs/cms.cern.ch/el9_amd64_gcc11/external/py3-tensorflow/2.6.4-b4f48218503141d57481e3883c4fc2d8/lib/python3.9/site-packages/tensorflow/python/../libtensorflow_framework.so.2
#9  0x000014b361689d22 in start_thread () from /lib64/libc.so.6
#10 0x000014b36170ed40 in clone3 () from /lib64/libc.so.6

Thread 36 (Thread 0x14b2c49ae640 (LWP 297) "python3"):
#0  0x000014b3616868ba in __futex_abstimed_wait_common () from /lib64/libc.so.6
#1  0x000014b3616890c0 in pthread_cond_wait

GLIBC_2.3.2 () from /lib64/libc.so.6
#2  0x000014b35e8d1820 in __gthread_cond_wait (__mutex=<optimized out>, __cond=<optimized out>) at /data/cmsbld/jenkins/workspace/jenkins-test-bootstrap/toolconf/BUILD/el9_amd64_gcc11/external/gcc/11.4.1-30ebdc301ebd200f2ae0e3d880258e65/gcc-11.4.1/obj/x86_64-redhat-linux-gnu/libstdc++-v3/include/x86_64-redhat-linux-gnu/bits/gthr-default.h:865
#3  std::__condvar::wait (__m=..., this=<optimized out>) at /data/cmsbld/jenkins/workspace/jenkins-test-bootstrap/toolconf/BUILD/el9_amd64_gcc11/external/gcc/11.4.1-30ebdc301ebd200f2ae0e3d880258e65/gcc-11.4.1/obj/x86_64-redhat-linux-gnu/libstdc++-v3/include/bits/std_mutex.h:155
#4  std::condition_variable::wait (this=<optimized out>, __lock=...) at ../../../../../libstdc++-v3/src/c++11/condition_variable.cc:41
#5  0x000014b341844743 in Eigen::ThreadPoolTempl<tensorflow::thread::EigenEnvironment>::WaitForWork(Eigen::EventCount::Waiter*, tensorflow::thread::EigenEnvironment::Task*) () from /cvmfs/cms.cern.ch/el9_amd64_gcc11/external/py3-tensorflow/2.6.4-b4f48218503141d57481e3883c4fc2d8/lib/python3.9/site-packages/tensorflow/python/_pywrap_tensorflow_internal.so
#6  0x000014b341844e2e in Eigen::ThreadPoolTempl<tensorflow::thread::EigenEnvironment>::WorkerLoop(int) () from /cvmfs/cms.cern.ch/el9_amd64_gcc11/external/py3-tensorflow/2.6.4-b4f48218503141d57481e3883c4fc2d8/lib/python3.9/site-packages/tensorflow/python/_pywrap_tensorflow_internal.so
#7  0x000014b341841898 in std::_Function_handler<void (), tensorflow::thread::EigenEnvironment::CreateThread(std::function<void ()>)::{lambda()#1}>::_M_invoke(std::_Any_data const&) () from /cvmfs/cms.cern.ch/el9_amd64_gcc11/external/py3-tensorflow/2.6.4-b4f48218503141d57481e3883c4fc2d8/lib/python3.9/site-packages/tensorflow/python/_pywrap_tensorflow_internal.so
#8  0x000014b33d12d220 in tensorflow::(anonymous namespace)::PThread::ThreadFn(void*) () from /cvmfs/cms.cern.ch/el9_amd64_gcc11/external/py3-tensorflow/2.6.4-b4f48218503141d57481e3883c4fc2d8/lib/python3.9/site-packages/tensorflow/python/../libtensorflow_framework.so.2
#9  0x000014b361689d22 in start_thread () from /lib64/libc.so.6
#10 0x000014b36170ed40 in clone3 () from /lib64/libc.so.6

Thread 35 (Thread 0x14b2c4baf640 (LWP 296) "python3"):
#0  0x000014b3616868ba in __futex_abstimed_wait_common () from /lib64/libc.so.6
#1  0x000014b3616890c0 in pthread_cond_wait

GLIBC_2.3.2 () from /lib64/libc.so.6
#2  0x000014b35e8d1820 in __gthread_cond_wait (__mutex=<optimized out>, __cond=<optimized out>) at /data/cmsbld/jenkins/workspace/jenkins-test-bootstrap/toolconf/BUILD/el9_amd64_gcc11/external/gcc/11.4.1-30ebdc301ebd200f2ae0e3d880258e65/gcc-11.4.1/obj/x86_64-redhat-linux-gnu/libstdc++-v3/include/x86_64-redhat-linux-gnu/bits/gthr-default.h:865
#3  std::__condvar::wait (__m=..., this=<optimized out>) at /data/cmsbld/jenkins/workspace/jenkins-test-bootstrap/toolconf/BUILD/el9_amd64_gcc11/external/gcc/11.4.1-30ebdc301ebd200f2ae0e3d880258e65/gcc-11.4.1/obj/x86_64-redhat-linux-gnu/libstdc++-v3/include/bits/std_mutex.h:155
#4  std::condition_variable::wait (this=<optimized out>, __lock=...) at ../../../../../libstdc++-v3/src/c++11/condition_variable.cc:41
#5  0x000014b341844743 in Eigen::ThreadPoolTempl<tensorflow::thread::EigenEnvironment>::WaitForWork(Eigen::EventCount::Waiter*, tensorflow::thread::EigenEnvironment::Task*) () from /cvmfs/cms.cern.ch/el9_amd64_gcc11/external/py3-tensorflow/2.6.4-b4f48218503141d57481e3883c4fc2d8/lib/python3.9/site-packages/tensorflow/python/_pywrap_tensorflow_internal.so
#6  0x000014b341844e2e in Eigen::ThreadPoolTempl<tensorflow::thread::EigenEnvironment>::WorkerLoop(int) () from /cvmfs/cms.cern.ch/el9_amd64_gcc11/external/py3-tensorflow/2.6.4-b4f48218503141d57481e3883c4fc2d8/lib/python3.9/site-packages/tensorflow/python/_pywrap_tensorflow_internal.so
#7  0x000014b341841898 in std::_Function_handler<void (), tensorflow::thread::EigenEnvironment::CreateThread(std::function<void ()>)::{lambda()#1}>::_M_invoke(std::_Any_data const&) () from /cvmfs/cms.cern.ch/el9_amd64_gcc11/external/py3-tensorflow/2.6.4-b4f48218503141d57481e3883c4fc2d8/lib/python3.9/site-packages/tensorflow/python/_pywrap_tensorflow_internal.so
#8  0x000014b33d12d220 in tensorflow::(anonymous namespace)::PThread::ThreadFn(void*) () from /cvmfs/cms.cern.ch/el9_amd64_gcc11/external/py3-tensorflow/2.6.4-b4f48218503141d57481e3883c4fc2d8/lib/python3.9/site-packages/tensorflow/python/../libtensorflow_framework.so.2
#9  0x000014b361689d22 in start_thread () from /lib64/libc.so.6
#10 0x000014b36170ed40 in clone3 () from /lib64/libc.so.6

Thread 34 (Thread 0x14b2c4db0640 (LWP 295) "python3"):
#0  0x000014b3616868ba in __futex_abstimed_wait_common () from /lib64/libc.so.6
#1  0x000014b3616890c0 in pthread_cond_wait

GLIBC_2.3.2 () from /lib64/libc.so.6
#2  0x000014b35e8d1820 in __gthread_cond_wait (__mutex=<optimized out>, __cond=<optimized out>) at /data/cmsbld/jenkins/workspace/jenkins-test-bootstrap/toolconf/BUILD/el9_amd64_gcc11/external/gcc/11.4.1-30ebdc301ebd200f2ae0e3d880258e65/gcc-11.4.1/obj/x86_64-redhat-linux-gnu/libstdc++-v3/include/x86_64-redhat-linux-gnu/bits/gthr-default.h:865
#3  std::__condvar::wait (__m=..., this=<optimized out>) at /data/cmsbld/jenkins/workspace/jenkins-test-bootstrap/toolconf/BUILD/el9_amd64_gcc11/external/gcc/11.4.1-30ebdc301ebd200f2ae0e3d880258e65/gcc-11.4.1/obj/x86_64-redhat-linux-gnu/libstdc++-v3/include/bits/std_mutex.h:155
#4  std::condition_variable::wait (this=<optimized out>, __lock=...) at ../../../../../libstdc++-v3/src/c++11/condition_variable.cc:41
#5  0x000014b341844743 in Eigen::ThreadPoolTempl<tensorflow::thread::EigenEnvironment>::WaitForWork(Eigen::EventCount::Waiter*, tensorflow::thread::EigenEnvironment::Task*) () from /cvmfs/cms.cern.ch/el9_amd64_gcc11/external/py3-tensorflow/2.6.4-b4f48218503141d57481e3883c4fc2d8/lib/python3.9/site-packages/tensorflow/python/_pywrap_tensorflow_internal.so
#6  0x000014b341844e2e in Eigen::ThreadPoolTempl<tensorflow::thread::EigenEnvironment>::WorkerLoop(int) () from /cvmfs/cms.cern.ch/el9_amd64_gcc11/external/py3-tensorflow/2.6.4-b4f48218503141d57481e3883c4fc2d8/lib/python3.9/site-packages/tensorflow/python/_pywrap_tensorflow_internal.so
#7  0x000014b341841898 in std::_Function_handler<void (), tensorflow::thread::EigenEnvironment::CreateThread(std::function<void ()>)::{lambda()#1}>::_M_invoke(std::_Any_data const&) () from /cvmfs/cms.cern.ch/el9_amd64_gcc11/external/py3-tensorflow/2.6.4-b4f48218503141d57481e3883c4fc2d8/lib/python3.9/site-packages/tensorflow/python/_pywrap_tensorflow_internal.so
#8  0x000014b33d12d220 in tensorflow::(anonymous namespace)::PThread::ThreadFn(void*) () from /cvmfs/cms.cern.ch/el9_amd64_gcc11/external/py3-tensorflow/2.6.4-b4f48218503141d57481e3883c4fc2d8/lib/python3.9/site-packages/tensorflow/python/../libtensorflow_framework.so.2
#9  0x000014b361689d22 in start_thread () from /lib64/libc.so.6
#10 0x000014b36170ed40 in clone3 () from /lib64/libc.so.6

Thread 33 (Thread 0x14b2c4fb1640 (LWP 294) "python3"):
#0  0x000014b3616868ba in __futex_abstimed_wait_common () from /lib64/libc.so.6
#1  0x000014b3616890c0 in pthread_cond_wait

GLIBC_2.3.2 () from /lib64/libc.so.6
#2  0x000014b35e8d1820 in __gthread_cond_wait (__mutex=<optimized out>, __cond=<optimized out>) at /data/cmsbld/jenkins/workspace/jenkins-test-bootstrap/toolconf/BUILD/el9_amd64_gcc11/external/gcc/11.4.1-30ebdc301ebd200f2ae0e3d880258e65/gcc-11.4.1/obj/x86_64-redhat-linux-gnu/libstdc++-v3/include/x86_64-redhat-linux-gnu/bits/gthr-default.h:865
#3  std::__condvar::wait (__m=..., this=<optimized out>) at /data/cmsbld/jenkins/workspace/jenkins-test-bootstrap/toolconf/BUILD/el9_amd64_gcc11/external/gcc/11.4.1-30ebdc301ebd200f2ae0e3d880258e65/gcc-11.4.1/obj/x86_64-redhat-linux-gnu/libstdc++-v3/include/bits/std_mutex.h:155
#4  std::condition_variable::wait (this=<optimized out>, __lock=...) at ../../../../../libstdc++-v3/src/c++11/condition_variable.cc:41
#5  0x000014b341844743 in Eigen::ThreadPoolTempl<tensorflow::thread::EigenEnvironment>::WaitForWork(Eigen::EventCount::Waiter*, tensorflow::thread::EigenEnvironment::Task*) () from /cvmfs/cms.cern.ch/el9_amd64_gcc11/external/py3-tensorflow/2.6.4-b4f48218503141d57481e3883c4fc2d8/lib/python3.9/site-packages/tensorflow/python/_pywrap_tensorflow_internal.so
#6  0x000014b341844e2e in Eigen::ThreadPoolTempl<tensorflow::thread::EigenEnvironment>::WorkerLoop(int) () from /cvmfs/cms.cern.ch/el9_amd64_gcc11/external/py3-tensorflow/2.6.4-b4f48218503141d57481e3883c4fc2d8/lib/python3.9/site-packages/tensorflow/python/_pywrap_tensorflow_internal.so
#7  0x000014b341841898 in std::_Function_handler<void (), tensorflow::thread::EigenEnvironment::CreateThread(std::function<void ()>)::{lambda()#1}>::_M_invoke(std::_Any_data const&) () from /cvmfs/cms.cern.ch/el9_amd64_gcc11/external/py3-tensorflow/2.6.4-b4f48218503141d57481e3883c4fc2d8/lib/python3.9/site-packages/tensorflow/python/_pywrap_tensorflow_internal.so
#8  0x000014b33d12d220 in tensorflow::(anonymous namespace)::PThread::ThreadFn(void*) () from /cvmfs/cms.cern.ch/el9_amd64_gcc11/external/py3-tensorflow/2.6.4-b4f48218503141d57481e3883c4fc2d8/lib/python3.9/site-packages/tensorflow/python/../libtensorflow_framework.so.2
#9  0x000014b361689d22 in start_thread () from /lib64/libc.so.6
#10 0x000014b36170ed40 in clone3 () from /lib64/libc.so.6

Thread 32 (Thread 0x14b2c51b2640 (LWP 293) "python3"):
#0  0x000014b3616868ba in __futex_abstimed_wait_common () from /lib64/libc.so.6
#1  0x000014b3616890c0 in pthread_cond_wait

GLIBC_2.3.2 () from /lib64/libc.so.6
#2  0x000014b35e8d1820 in __gthread_cond_wait (__mutex=<optimized out>, __cond=<optimized out>) at /data/cmsbld/jenkins/workspace/jenkins-test-bootstrap/toolconf/BUILD/el9_amd64_gcc11/external/gcc/11.4.1-30ebdc301ebd200f2ae0e3d880258e65/gcc-11.4.1/obj/x86_64-redhat-linux-gnu/libstdc++-v3/include/x86_64-redhat-linux-gnu/bits/gthr-default.h:865
#3  std::__condvar::wait (__m=..., this=<optimized out>) at /data/cmsbld/jenkins/workspace/jenkins-test-bootstrap/toolconf/BUILD/el9_amd64_gcc11/external/gcc/11.4.1-30ebdc301ebd200f2ae0e3d880258e65/gcc-11.4.1/obj/x86_64-redhat-linux-gnu/libstdc++-v3/include/bits/std_mutex.h:155
#4  std::condition_variable::wait (this=<optimized out>, __lock=...) at ../../../../../libstdc++-v3/src/c++11/condition_variable.cc:41
#5  0x000014b341844743 in Eigen::ThreadPoolTempl<tensorflow::thread::EigenEnvironment>::WaitForWork(Eigen::EventCount::Waiter*, tensorflow::thread::EigenEnvironment::Task*) () from /cvmfs/cms.cern.ch/el9_amd64_gcc11/external/py3-tensorflow/2.6.4-b4f48218503141d57481e3883c4fc2d8/lib/python3.9/site-packages/tensorflow/python/_pywrap_tensorflow_internal.so
#6  0x000014b341844e2e in Eigen::ThreadPoolTempl<tensorflow::thread::EigenEnvironment>::WorkerLoop(int) () from /cvmfs/cms.cern.ch/el9_amd64_gcc11/external/py3-tensorflow/2.6.4-b4f48218503141d57481e3883c4fc2d8/lib/python3.9/site-packages/tensorflow/python/_pywrap_tensorflow_internal.so
#7  0x000014b341841898 in std::_Function_handler<void (), tensorflow::thread::EigenEnvironment::CreateThread(std::function<void ()>)::{lambda()#1}>::_M_invoke(std::_Any_data const&) () from /cvmfs/cms.cern.ch/el9_amd64_gcc11/external/py3-tensorflow/2.6.4-b4f48218503141d57481e3883c4fc2d8/lib/python3.9/site-packages/tensorflow/python/_pywrap_tensorflow_internal.so
#8  0x000014b33d12d220 in tensorflow::(anonymous namespace)::PThread::ThreadFn(void*) () from /cvmfs/cms.cern.ch/el9_amd64_gcc11/external/py3-tensorflow/2.6.4-b4f48218503141d57481e3883c4fc2d8/lib/python3.9/site-packages/tensorflow/python/../libtensorflow_framework.so.2
#9  0x000014b361689d22 in start_thread () from /lib64/libc.so.6
#10 0x000014b36170ed40 in clone3 () from /lib64/libc.so.6

Thread 31 (Thread 0x14b2c53b3640 (LWP 292) "python3"):
#0  0x000014b3616868ba in __futex_abstimed_wait_common () from /lib64/libc.so.6
#1  0x000014b3616890c0 in pthread_cond_wait

GLIBC_2.3.2 () from /lib64/libc.so.6
#2  0x000014b35e8d1820 in __gthread_cond_wait (__mutex=<optimized out>, __cond=<optimized out>) at /data/cmsbld/jenkins/workspace/jenkins-test-bootstrap/toolconf/BUILD/el9_amd64_gcc11/external/gcc/11.4.1-30ebdc301ebd200f2ae0e3d880258e65/gcc-11.4.1/obj/x86_64-redhat-linux-gnu/libstdc++-v3/include/x86_64-redhat-linux-gnu/bits/gthr-default.h:865
#3  std::__condvar::wait (__m=..., this=<optimized out>) at /data/cmsbld/jenkins/workspace/jenkins-test-bootstrap/toolconf/BUILD/el9_amd64_gcc11/external/gcc/11.4.1-30ebdc301ebd200f2ae0e3d880258e65/gcc-11.4.1/obj/x86_64-redhat-linux-gnu/libstdc++-v3/include/bits/std_mutex.h:155
#4  std::condition_variable::wait (this=<optimized out>, __lock=...) at ../../../../../libstdc++-v3/src/c++11/condition_variable.cc:41
#5  0x000014b341844743 in Eigen::ThreadPoolTempl<tensorflow::thread::EigenEnvironment>::WaitForWork(Eigen::EventCount::Waiter*, tensorflow::thread::EigenEnvironment::Task*) () from /cvmfs/cms.cern.ch/el9_amd64_gcc11/external/py3-tensorflow/2.6.4-b4f48218503141d57481e3883c4fc2d8/lib/python3.9/site-packages/tensorflow/python/_pywrap_tensorflow_internal.so
#6  0x000014b341844e2e in Eigen::ThreadPoolTempl<tensorflow::thread::EigenEnvironment>::WorkerLoop(int) () from /cvmfs/cms.cern.ch/el9_amd64_gcc11/external/py3-tensorflow/2.6.4-b4f48218503141d57481e3883c4fc2d8/lib/python3.9/site-packages/tensorflow/python/_pywrap_tensorflow_internal.so
#7  0x000014b341841898 in std::_Function_handler<void (), tensorflow::thread::EigenEnvironment::CreateThread(std::function<void ()>)::{lambda()#1}>::_M_invoke(std::_Any_data const&) () from /cvmfs/cms.cern.ch/el9_amd64_gcc11/external/py3-tensorflow/2.6.4-b4f48218503141d57481e3883c4fc2d8/lib/python3.9/site-packages/tensorflow/python/_pywrap_tensorflow_internal.so
#8  0x000014b33d12d220 in tensorflow::(anonymous namespace)::PThread::ThreadFn(void*) () from /cvmfs/cms.cern.ch/el9_amd64_gcc11/external/py3-tensorflow/2.6.4-b4f48218503141d57481e3883c4fc2d8/lib/python3.9/site-packages/tensorflow/python/../libtensorflow_framework.so.2
#9  0x000014b361689d22 in start_thread () from /lib64/libc.so.6
#10 0x000014b36170ed40 in clone3 () from /lib64/libc.so.6

Thread 30 (Thread 0x14b2c55b4640 (LWP 291) "python3"):
#0  0x000014b3616868ba in __futex_abstimed_wait_common () from /lib64/libc.so.6
#1  0x000014b3616890c0 in pthread_cond_wait

GLIBC_2.3.2 () from /lib64/libc.so.6
#2  0x000014b35e8d1820 in __gthread_cond_wait (__mutex=<optimized out>, __cond=<optimized out>) at /data/cmsbld/jenkins/workspace/jenkins-test-bootstrap/toolconf/BUILD/el9_amd64_gcc11/external/gcc/11.4.1-30ebdc301ebd200f2ae0e3d880258e65/gcc-11.4.1/obj/x86_64-redhat-linux-gnu/libstdc++-v3/include/x86_64-redhat-linux-gnu/bits/gthr-default.h:865
#3  std::__condvar::wait (__m=..., this=<optimized out>) at /data/cmsbld/jenkins/workspace/jenkins-test-bootstrap/toolconf/BUILD/el9_amd64_gcc11/external/gcc/11.4.1-30ebdc301ebd200f2ae0e3d880258e65/gcc-11.4.1/obj/x86_64-redhat-linux-gnu/libstdc++-v3/include/bits/std_mutex.h:155
#4  std::condition_variable::wait (this=<optimized out>, __lock=...) at ../../../../../libstdc++-v3/src/c++11/condition_variable.cc:41
#5  0x000014b341844743 in Eigen::ThreadPoolTempl<tensorflow::thread::EigenEnvironment>::WaitForWork(Eigen::EventCount::Waiter*, tensorflow::thread::EigenEnvironment::Task*) () from /cvmfs/cms.cern.ch/el9_amd64_gcc11/external/py3-tensorflow/2.6.4-b4f48218503141d57481e3883c4fc2d8/lib/python3.9/site-packages/tensorflow/python/_pywrap_tensorflow_internal.so
#6  0x000014b341844e2e in Eigen::ThreadPoolTempl<tensorflow::thread::EigenEnvironment>::WorkerLoop(int) () from /cvmfs/cms.cern.ch/el9_amd64_gcc11/external/py3-tensorflow/2.6.4-b4f48218503141d57481e3883c4fc2d8/lib/python3.9/site-packages/tensorflow/python/_pywrap_tensorflow_internal.so
#7  0x000014b341841898 in std::_Function_handler<void (), tensorflow::thread::EigenEnvironment::CreateThread(std::function<void ()>)::{lambda()#1}>::_M_invoke(std::_Any_data const&) () from /cvmfs/cms.cern.ch/el9_amd64_gcc11/external/py3-tensorflow/2.6.4-b4f48218503141d57481e3883c4fc2d8/lib/python3.9/site-packages/tensorflow/python/_pywrap_tensorflow_internal.so
#8  0x000014b33d12d220 in tensorflow::(anonymous namespace)::PThread::ThreadFn(void*) () from /cvmfs/cms.cern.ch/el9_amd64_gcc11/external/py3-tensorflow/2.6.4-b4f48218503141d57481e3883c4fc2d8/lib/python3.9/site-packages/tensorflow/python/../libtensorflow_framework.so.2
#9  0x000014b361689d22 in start_thread () from /lib64/libc.so.6
#10 0x000014b36170ed40 in clone3 () from /lib64/libc.so.6

Thread 29 (Thread 0x14b2c57b5640 (LWP 290) "python3"):
#0  0x000014b3616868ba in __futex_abstimed_wait_common () from /lib64/libc.so.6
#1  0x000014b3616890c0 in pthread_cond_wait

GLIBC_2.3.2 () from /lib64/libc.so.6
#2  0x000014b35e8d1820 in __gthread_cond_wait (__mutex=<optimized out>, __cond=<optimized out>) at /data/cmsbld/jenkins/workspace/jenkins-test-bootstrap/toolconf/BUILD/el9_amd64_gcc11/external/gcc/11.4.1-30ebdc301ebd200f2ae0e3d880258e65/gcc-11.4.1/obj/x86_64-redhat-linux-gnu/libstdc++-v3/include/x86_64-redhat-linux-gnu/bits/gthr-default.h:865
#3  std::__condvar::wait (__m=..., this=<optimized out>) at /data/cmsbld/jenkins/workspace/jenkins-test-bootstrap/toolconf/BUILD/el9_amd64_gcc11/external/gcc/11.4.1-30ebdc301ebd200f2ae0e3d880258e65/gcc-11.4.1/obj/x86_64-redhat-linux-gnu/libstdc++-v3/include/bits/std_mutex.h:155
#4  std::condition_variable::wait (this=<optimized out>, __lock=...) at ../../../../../libstdc++-v3/src/c++11/condition_variable.cc:41
#5  0x000014b341844743 in Eigen::ThreadPoolTempl<tensorflow::thread::EigenEnvironment>::WaitForWork(Eigen::EventCount::Waiter*, tensorflow::thread::EigenEnvironment::Task*) () from /cvmfs/cms.cern.ch/el9_amd64_gcc11/external/py3-tensorflow/2.6.4-b4f48218503141d57481e3883c4fc2d8/lib/python3.9/site-packages/tensorflow/python/_pywrap_tensorflow_internal.so
#6  0x000014b341844e2e in Eigen::ThreadPoolTempl<tensorflow::thread::EigenEnvironment>::WorkerLoop(int) () from /cvmfs/cms.cern.ch/el9_amd64_gcc11/external/py3-tensorflow/2.6.4-b4f48218503141d57481e3883c4fc2d8/lib/python3.9/site-packages/tensorflow/python/_pywrap_tensorflow_internal.so
#7  0x000014b341841898 in std::_Function_handler<void (), tensorflow::thread::EigenEnvironment::CreateThread(std::function<void ()>)::{lambda()#1}>::_M_invoke(std::_Any_data const&) () from /cvmfs/cms.cern.ch/el9_amd64_gcc11/external/py3-tensorflow/2.6.4-b4f48218503141d57481e3883c4fc2d8/lib/python3.9/site-packages/tensorflow/python/_pywrap_tensorflow_internal.so
#8  0x000014b33d12d220 in tensorflow::(anonymous namespace)::PThread::ThreadFn(void*) () from /cvmfs/cms.cern.ch/el9_amd64_gcc11/external/py3-tensorflow/2.6.4-b4f48218503141d57481e3883c4fc2d8/lib/python3.9/site-packages/tensorflow/python/../libtensorflow_framework.so.2
#9  0x000014b361689d22 in start_thread () from /lib64/libc.so.6
#10 0x000014b36170ed40 in clone3 () from /lib64/libc.so.6

Thread 28 (Thread 0x14b2c59b6640 (LWP 289) "python3"):
#0  0x000014b3616868ba in __futex_abstimed_wait_common () from /lib64/libc.so.6
#1  0x000014b3616890c0 in pthread_cond_wait

GLIBC_2.3.2 () from /lib64/libc.so.6
#2  0x000014b35e8d1820 in __gthread_cond_wait (__mutex=<optimized out>, __cond=<optimized out>) at /data/cmsbld/jenkins/workspace/jenkins-test-bootstrap/toolconf/BUILD/el9_amd64_gcc11/external/gcc/11.4.1-30ebdc301ebd200f2ae0e3d880258e65/gcc-11.4.1/obj/x86_64-redhat-linux-gnu/libstdc++-v3/include/x86_64-redhat-linux-gnu/bits/gthr-default.h:865
#3  std::__condvar::wait (__m=..., this=<optimized out>) at /data/cmsbld/jenkins/workspace/jenkins-test-bootstrap/toolconf/BUILD/el9_amd64_gcc11/external/gcc/11.4.1-30ebdc301ebd200f2ae0e3d880258e65/gcc-11.4.1/obj/x86_64-redhat-linux-gnu/libstdc++-v3/include/bits/std_mutex.h:155
#4  std::condition_variable::wait (this=<optimized out>, __lock=...) at ../../../../../libstdc++-v3/src/c++11/condition_variable.cc:41
#5  0x000014b341844743 in Eigen::ThreadPoolTempl<tensorflow::thread::EigenEnvironment>::WaitForWork(Eigen::EventCount::Waiter*, tensorflow::thread::EigenEnvironment::Task*) () from /cvmfs/cms.cern.ch/el9_amd64_gcc11/external/py3-tensorflow/2.6.4-b4f48218503141d57481e3883c4fc2d8/lib/python3.9/site-packages/tensorflow/python/_pywrap_tensorflow_internal.so
#6  0x000014b341844e2e in Eigen::ThreadPoolTempl<tensorflow::thread::EigenEnvironment>::WorkerLoop(int) () from /cvmfs/cms.cern.ch/el9_amd64_gcc11/external/py3-tensorflow/2.6.4-b4f48218503141d57481e3883c4fc2d8/lib/python3.9/site-packages/tensorflow/python/_pywrap_tensorflow_internal.so
#7  0x000014b341841898 in std::_Function_handler<void (), tensorflow::thread::EigenEnvironment::CreateThread(std::function<void ()>)::{lambda()#1}>::_M_invoke(std::_Any_data const&) () from /cvmfs/cms.cern.ch/el9_amd64_gcc11/external/py3-tensorflow/2.6.4-b4f48218503141d57481e3883c4fc2d8/lib/python3.9/site-packages/tensorflow/python/_pywrap_tensorflow_internal.so
#8  0x000014b33d12d220 in tensorflow::(anonymous namespace)::PThread::ThreadFn(void*) () from /cvmfs/cms.cern.ch/el9_amd64_gcc11/external/py3-tensorflow/2.6.4-b4f48218503141d57481e3883c4fc2d8/lib/python3.9/site-packages/tensorflow/python/../libtensorflow_framework.so.2
#9  0x000014b361689d22 in start_thread () from /lib64/libc.so.6
#10 0x000014b36170ed40 in clone3 () from /lib64/libc.so.6

Thread 27 (Thread 0x14b2c5bb7640 (LWP 288) "python3"):
#0  0x000014b3616868ba in __futex_abstimed_wait_common () from /lib64/libc.so.6
#1  0x000014b3616890c0 in pthread_cond_wait

GLIBC_2.3.2 () from /lib64/libc.so.6
#2  0x000014b35e8d1820 in __gthread_cond_wait (__mutex=<optimized out>, __cond=<optimized out>) at /data/cmsbld/jenkins/workspace/jenkins-test-bootstrap/toolconf/BUILD/el9_amd64_gcc11/external/gcc/11.4.1-30ebdc301ebd200f2ae0e3d880258e65/gcc-11.4.1/obj/x86_64-redhat-linux-gnu/libstdc++-v3/include/x86_64-redhat-linux-gnu/bits/gthr-default.h:865
#3  std::__condvar::wait (__m=..., this=<optimized out>) at /data/cmsbld/jenkins/workspace/jenkins-test-bootstrap/toolconf/BUILD/el9_amd64_gcc11/external/gcc/11.4.1-30ebdc301ebd200f2ae0e3d880258e65/gcc-11.4.1/obj/x86_64-redhat-linux-gnu/libstdc++-v3/include/bits/std_mutex.h:155
#4  std::condition_variable::wait (this=<optimized out>, __lock=...) at ../../../../../libstdc++-v3/src/c++11/condition_variable.cc:41
#5  0x000014b341844743 in Eigen::ThreadPoolTempl<tensorflow::thread::EigenEnvironment>::WaitForWork(Eigen::EventCount::Waiter*, tensorflow::thread::EigenEnvironment::Task*) () from /cvmfs/cms.cern.ch/el9_amd64_gcc11/external/py3-tensorflow/2.6.4-b4f48218503141d57481e3883c4fc2d8/lib/python3.9/site-packages/tensorflow/python/_pywrap_tensorflow_internal.so
#6  0x000014b341844e2e in Eigen::ThreadPoolTempl<tensorflow::thread::EigenEnvironment>::WorkerLoop(int) () from /cvmfs/cms.cern.ch/el9_amd64_gcc11/external/py3-tensorflow/2.6.4-b4f48218503141d57481e3883c4fc2d8/lib/python3.9/site-packages/tensorflow/python/_pywrap_tensorflow_internal.so
#7  0x000014b341841898 in std::_Function_handler<void (), tensorflow::thread::EigenEnvironment::CreateThread(std::function<void ()>)::{lambda()#1}>::_M_invoke(std::_Any_data const&) () from /cvmfs/cms.cern.ch/el9_amd64_gcc11/external/py3-tensorflow/2.6.4-b4f48218503141d57481e3883c4fc2d8/lib/python3.9/site-packages/tensorflow/python/_pywrap_tensorflow_internal.so
#8  0x000014b33d12d220 in tensorflow::(anonymous namespace)::PThread::ThreadFn(void*) () from /cvmfs/cms.cern.ch/el9_amd64_gcc11/external/py3-tensorflow/2.6.4-b4f48218503141d57481e3883c4fc2d8/lib/python3.9/site-packages/tensorflow/python/../libtensorflow_framework.so.2
#9  0x000014b361689d22 in start_thread () from /lib64/libc.so.6
#10 0x000014b36170ed40 in clone3 () from /lib64/libc.so.6

Thread 26 (Thread 0x14b2c5db8640 (LWP 287) "python3"):
#0  0x000014b3616868ba in __futex_abstimed_wait_common () from /lib64/libc.so.6
#1  0x000014b3616890c0 in pthread_cond_wait

GLIBC_2.3.2 () from /lib64/libc.so.6
#2  0x000014b35e8d1820 in __gthread_cond_wait (__mutex=<optimized out>, __cond=<optimized out>) at /data/cmsbld/jenkins/workspace/jenkins-test-bootstrap/toolconf/BUILD/el9_amd64_gcc11/external/gcc/11.4.1-30ebdc301ebd200f2ae0e3d880258e65/gcc-11.4.1/obj/x86_64-redhat-linux-gnu/libstdc++-v3/include/x86_64-redhat-linux-gnu/bits/gthr-default.h:865
#3  std::__condvar::wait (__m=..., this=<optimized out>) at /data/cmsbld/jenkins/workspace/jenkins-test-bootstrap/toolconf/BUILD/el9_amd64_gcc11/external/gcc/11.4.1-30ebdc301ebd200f2ae0e3d880258e65/gcc-11.4.1/obj/x86_64-redhat-linux-gnu/libstdc++-v3/include/bits/std_mutex.h:155
#4  std::condition_variable::wait (this=<optimized out>, __lock=...) at ../../../../../libstdc++-v3/src/c++11/condition_variable.cc:41
#5  0x000014b341844743 in Eigen::ThreadPoolTempl<tensorflow::thread::EigenEnvironment>::WaitForWork(Eigen::EventCount::Waiter*, tensorflow::thread::EigenEnvironment::Task*) () from /cvmfs/cms.cern.ch/el9_amd64_gcc11/external/py3-tensorflow/2.6.4-b4f48218503141d57481e3883c4fc2d8/lib/python3.9/site-packages/tensorflow/python/_pywrap_tensorflow_internal.so
#6  0x000014b341844e2e in Eigen::ThreadPoolTempl<tensorflow::thread::EigenEnvironment>::WorkerLoop(int) () from /cvmfs/cms.cern.ch/el9_amd64_gcc11/external/py3-tensorflow/2.6.4-b4f48218503141d57481e3883c4fc2d8/lib/python3.9/site-packages/tensorflow/python/_pywrap_tensorflow_internal.so
#7  0x000014b341841898 in std::_Function_handler<void (), tensorflow::thread::EigenEnvironment::CreateThread(std::function<void ()>)::{lambda()#1}>::_M_invoke(std::_Any_data const&) () from /cvmfs/cms.cern.ch/el9_amd64_gcc11/external/py3-tensorflow/2.6.4-b4f48218503141d57481e3883c4fc2d8/lib/python3.9/site-packages/tensorflow/python/_pywrap_tensorflow_internal.so
#8  0x000014b33d12d220 in tensorflow::(anonymous namespace)::PThread::ThreadFn(void*) () from /cvmfs/cms.cern.ch/el9_amd64_gcc11/external/py3-tensorflow/2.6.4-b4f48218503141d57481e3883c4fc2d8/lib/python3.9/site-packages/tensorflow/python/../libtensorflow_framework.so.2
#9  0x000014b361689d22 in start_thread () from /lib64/libc.so.6
#10 0x000014b36170ed40 in clone3 () from /lib64/libc.so.6

Thread 25 (Thread 0x14b2c5fb9640 (LWP 286) "python3"):
#0  0x000014b3616868ba in __futex_abstimed_wait_common () from /lib64/libc.so.6
#1  0x000014b3616890c0 in pthread_cond_wait

GLIBC_2.3.2 () from /lib64/libc.so.6
#2  0x000014b35e8d1820 in __gthread_cond_wait (__mutex=<optimized out>, __cond=<optimized out>) at /data/cmsbld/jenkins/workspace/jenkins-test-bootstrap/toolconf/BUILD/el9_amd64_gcc11/external/gcc/11.4.1-30ebdc301ebd200f2ae0e3d880258e65/gcc-11.4.1/obj/x86_64-redhat-linux-gnu/libstdc++-v3/include/x86_64-redhat-linux-gnu/bits/gthr-default.h:865
#3  std::__condvar::wait (__m=..., this=<optimized out>) at /data/cmsbld/jenkins/workspace/jenkins-test-bootstrap/toolconf/BUILD/el9_amd64_gcc11/external/gcc/11.4.1-30ebdc301ebd200f2ae0e3d880258e65/gcc-11.4.1/obj/x86_64-redhat-linux-gnu/libstdc++-v3/include/bits/std_mutex.h:155
#4  std::condition_variable::wait (this=<optimized out>, __lock=...) at ../../../../../libstdc++-v3/src/c++11/condition_variable.cc:41
#5  0x000014b341844743 in Eigen::ThreadPoolTempl<tensorflow::thread::EigenEnvironment>::WaitForWork(Eigen::EventCount::Waiter*, tensorflow::thread::EigenEnvironment::Task*) () from /cvmfs/cms.cern.ch/el9_amd64_gcc11/external/py3-tensorflow/2.6.4-b4f48218503141d57481e3883c4fc2d8/lib/python3.9/site-packages/tensorflow/python/_pywrap_tensorflow_internal.so
#6  0x000014b341844e2e in Eigen::ThreadPoolTempl<tensorflow::thread::EigenEnvironment>::WorkerLoop(int) () from /cvmfs/cms.cern.ch/el9_amd64_gcc11/external/py3-tensorflow/2.6.4-b4f48218503141d57481e3883c4fc2d8/lib/python3.9/site-packages/tensorflow/python/_pywrap_tensorflow_internal.so
#7  0x000014b341841898 in std::_Function_handler<void (), tensorflow::thread::EigenEnvironment::CreateThread(std::function<void ()>)::{lambda()#1}>::_M_invoke(std::_Any_data const&) () from /cvmfs/cms.cern.ch/el9_amd64_gcc11/external/py3-tensorflow/2.6.4-b4f48218503141d57481e3883c4fc2d8/lib/python3.9/site-packages/tensorflow/python/_pywrap_tensorflow_internal.so
#8  0x000014b33d12d220 in tensorflow::(anonymous namespace)::PThread::ThreadFn(void*) () from /cvmfs/cms.cern.ch/el9_amd64_gcc11/external/py3-tensorflow/2.6.4-b4f48218503141d57481e3883c4fc2d8/lib/python3.9/site-packages/tensorflow/python/../libtensorflow_framework.so.2
#9  0x000014b361689d22 in start_thread () from /lib64/libc.so.6
#10 0x000014b36170ed40 in clone3 () from /lib64/libc.so.6

Thread 24 (Thread 0x14b2c61ba640 (LWP 285) "python3"):
#0  0x000014b3616868ba in __futex_abstimed_wait_common () from /lib64/libc.so.6
#1  0x000014b3616890c0 in pthread_cond_wait

GLIBC_2.3.2 () from /lib64/libc.so.6
#2  0x000014b35e8d1820 in __gthread_cond_wait (__mutex=<optimized out>, __cond=<optimized out>) at /data/cmsbld/jenkins/workspace/jenkins-test-bootstrap/toolconf/BUILD/el9_amd64_gcc11/external/gcc/11.4.1-30ebdc301ebd200f2ae0e3d880258e65/gcc-11.4.1/obj/x86_64-redhat-linux-gnu/libstdc++-v3/include/x86_64-redhat-linux-gnu/bits/gthr-default.h:865
#3  std::__condvar::wait (__m=..., this=<optimized out>) at /data/cmsbld/jenkins/workspace/jenkins-test-bootstrap/toolconf/BUILD/el9_amd64_gcc11/external/gcc/11.4.1-30ebdc301ebd200f2ae0e3d880258e65/gcc-11.4.1/obj/x86_64-redhat-linux-gnu/libstdc++-v3/include/bits/std_mutex.h:155
#4  std::condition_variable::wait (this=<optimized out>, __lock=...) at ../../../../../libstdc++-v3/src/c++11/condition_variable.cc:41
#5  0x000014b341844743 in Eigen::ThreadPoolTempl<tensorflow::thread::EigenEnvironment>::WaitForWork(Eigen::EventCount::Waiter*, tensorflow::thread::EigenEnvironment::Task*) () from /cvmfs/cms.cern.ch/el9_amd64_gcc11/external/py3-tensorflow/2.6.4-b4f48218503141d57481e3883c4fc2d8/lib/python3.9/site-packages/tensorflow/python/_pywrap_tensorflow_internal.so
#6  0x000014b341844e2e in Eigen::ThreadPoolTempl<tensorflow::thread::EigenEnvironment>::WorkerLoop(int) () from /cvmfs/cms.cern.ch/el9_amd64_gcc11/external/py3-tensorflow/2.6.4-b4f48218503141d57481e3883c4fc2d8/lib/python3.9/site-packages/tensorflow/python/_pywrap_tensorflow_internal.so
#7  0x000014b341841898 in std::_Function_handler<void (), tensorflow::thread::EigenEnvironment::CreateThread(std::function<void ()>)::{lambda()#1}>::_M_invoke(std::_Any_data const&) () from /cvmfs/cms.cern.ch/el9_amd64_gcc11/external/py3-tensorflow/2.6.4-b4f48218503141d57481e3883c4fc2d8/lib/python3.9/site-packages/tensorflow/python/_pywrap_tensorflow_internal.so
#8  0x000014b33d12d220 in tensorflow::(anonymous namespace)::PThread::ThreadFn(void*) () from /cvmfs/cms.cern.ch/el9_amd64_gcc11/external/py3-tensorflow/2.6.4-b4f48218503141d57481e3883c4fc2d8/lib/python3.9/site-packages/tensorflow/python/../libtensorflow_framework.so.2
#9  0x000014b361689d22 in start_thread () from /lib64/libc.so.6
#10 0x000014b36170ed40 in clone3 () from /lib64/libc.so.6

Thread 23 (Thread 0x14b2c63bb640 (LWP 284) "python3"):
#0  0x000014b3616868ba in __futex_abstimed_wait_common () from /lib64/libc.so.6
#1  0x000014b3616890c0 in pthread_cond_wait

GLIBC_2.3.2 () from /lib64/libc.so.6
#2  0x000014b35e8d1820 in __gthread_cond_wait (__mutex=<optimized out>, __cond=<optimized out>) at /data/cmsbld/jenkins/workspace/jenkins-test-bootstrap/toolconf/BUILD/el9_amd64_gcc11/external/gcc/11.4.1-30ebdc301ebd200f2ae0e3d880258e65/gcc-11.4.1/obj/x86_64-redhat-linux-gnu/libstdc++-v3/include/x86_64-redhat-linux-gnu/bits/gthr-default.h:865
#3  std::__condvar::wait (__m=..., this=<optimized out>) at /data/cmsbld/jenkins/workspace/jenkins-test-bootstrap/toolconf/BUILD/el9_amd64_gcc11/external/gcc/11.4.1-30ebdc301ebd200f2ae0e3d880258e65/gcc-11.4.1/obj/x86_64-redhat-linux-gnu/libstdc++-v3/include/bits/std_mutex.h:155
#4  std::condition_variable::wait (this=<optimized out>, __lock=...) at ../../../../../libstdc++-v3/src/c++11/condition_variable.cc:41
#5  0x000014b341844743 in Eigen::ThreadPoolTempl<tensorflow::thread::EigenEnvironment>::WaitForWork(Eigen::EventCount::Waiter*, tensorflow::thread::EigenEnvironment::Task*) () from /cvmfs/cms.cern.ch/el9_amd64_gcc11/external/py3-tensorflow/2.6.4-b4f48218503141d57481e3883c4fc2d8/lib/python3.9/site-packages/tensorflow/python/_pywrap_tensorflow_internal.so
#6  0x000014b341844e2e in Eigen::ThreadPoolTempl<tensorflow::thread::EigenEnvironment>::WorkerLoop(int) () from /cvmfs/cms.cern.ch/el9_amd64_gcc11/external/py3-tensorflow/2.6.4-b4f48218503141d57481e3883c4fc2d8/lib/python3.9/site-packages/tensorflow/python/_pywrap_tensorflow_internal.so
#7  0x000014b341841898 in std::_Function_handler<void (), tensorflow::thread::EigenEnvironment::CreateThread(std::function<void ()>)::{lambda()#1}>::_M_invoke(std::_Any_data const&) () from /cvmfs/cms.cern.ch/el9_amd64_gcc11/external/py3-tensorflow/2.6.4-b4f48218503141d57481e3883c4fc2d8/lib/python3.9/site-packages/tensorflow/python/_pywrap_tensorflow_internal.so
#8  0x000014b33d12d220 in tensorflow::(anonymous namespace)::PThread::ThreadFn(void*) () from /cvmfs/cms.cern.ch/el9_amd64_gcc11/external/py3-tensorflow/2.6.4-b4f48218503141d57481e3883c4fc2d8/lib/python3.9/site-packages/tensorflow/python/../libtensorflow_framework.so.2
#9  0x000014b361689d22 in start_thread () from /lib64/libc.so.6
#10 0x000014b36170ed40 in clone3 () from /lib64/libc.so.6

Thread 22 (Thread 0x14b2c65bc640 (LWP 283) "python3"):
#0  0x000014b3616868ba in __futex_abstimed_wait_common () from /lib64/libc.so.6
#1  0x000014b3616890c0 in pthread_cond_wait

GLIBC_2.3.2 () from /lib64/libc.so.6
#2  0x000014b35e8d1820 in __gthread_cond_wait (__mutex=<optimized out>, __cond=<optimized out>) at /data/cmsbld/jenkins/workspace/jenkins-test-bootstrap/toolconf/BUILD/el9_amd64_gcc11/external/gcc/11.4.1-30ebdc301ebd200f2ae0e3d880258e65/gcc-11.4.1/obj/x86_64-redhat-linux-gnu/libstdc++-v3/include/x86_64-redhat-linux-gnu/bits/gthr-default.h:865
#3  std::__condvar::wait (__m=..., this=<optimized out>) at /data/cmsbld/jenkins/workspace/jenkins-test-bootstrap/toolconf/BUILD/el9_amd64_gcc11/external/gcc/11.4.1-30ebdc301ebd200f2ae0e3d880258e65/gcc-11.4.1/obj/x86_64-redhat-linux-gnu/libstdc++-v3/include/bits/std_mutex.h:155
#4  std::condition_variable::wait (this=<optimized out>, __lock=...) at ../../../../../libstdc++-v3/src/c++11/condition_variable.cc:41
#5  0x000014b341844743 in Eigen::ThreadPoolTempl<tensorflow::thread::EigenEnvironment>::WaitForWork(Eigen::EventCount::Waiter*, tensorflow::thread::EigenEnvironment::Task*) () from /cvmfs/cms.cern.ch/el9_amd64_gcc11/external/py3-tensorflow/2.6.4-b4f48218503141d57481e3883c4fc2d8/lib/python3.9/site-packages/tensorflow/python/_pywrap_tensorflow_internal.so
#6  0x000014b341844e2e in Eigen::ThreadPoolTempl<tensorflow::thread::EigenEnvironment>::WorkerLoop(int) () from /cvmfs/cms.cern.ch/el9_amd64_gcc11/external/py3-tensorflow/2.6.4-b4f48218503141d57481e3883c4fc2d8/lib/python3.9/site-packages/tensorflow/python/_pywrap_tensorflow_internal.so
#7  0x000014b341841898 in std::_Function_handler<void (), tensorflow::thread::EigenEnvironment::CreateThread(std::function<void ()>)::{lambda()#1}>::_M_invoke(std::_Any_data const&) () from /cvmfs/cms.cern.ch/el9_amd64_gcc11/external/py3-tensorflow/2.6.4-b4f48218503141d57481e3883c4fc2d8/lib/python3.9/site-packages/tensorflow/python/_pywrap_tensorflow_internal.so
#8  0x000014b33d12d220 in tensorflow::(anonymous namespace)::PThread::ThreadFn(void*) () from /cvmfs/cms.cern.ch/el9_amd64_gcc11/external/py3-tensorflow/2.6.4-b4f48218503141d57481e3883c4fc2d8/lib/python3.9/site-packages/tensorflow/python/../libtensorflow_framework.so.2
#9  0x000014b361689d22 in start_thread () from /lib64/libc.so.6
#10 0x000014b36170ed40 in clone3 () from /lib64/libc.so.6

Thread 21 (Thread 0x14b2c67bd640 (LWP 282) "python3"):
#0  0x000014b3616868ba in __futex_abstimed_wait_common () from /lib64/libc.so.6
#1  0x000014b3616890c0 in pthread_cond_wait

GLIBC_2.3.2 () from /lib64/libc.so.6
#2  0x000014b35e8d1820 in __gthread_cond_wait (__mutex=<optimized out>, __cond=<optimized out>) at /data/cmsbld/jenkins/workspace/jenkins-test-bootstrap/toolconf/BUILD/el9_amd64_gcc11/external/gcc/11.4.1-30ebdc301ebd200f2ae0e3d880258e65/gcc-11.4.1/obj/x86_64-redhat-linux-gnu/libstdc++-v3/include/x86_64-redhat-linux-gnu/bits/gthr-default.h:865
#3  std::__condvar::wait (__m=..., this=<optimized out>) at /data/cmsbld/jenkins/workspace/jenkins-test-bootstrap/toolconf/BUILD/el9_amd64_gcc11/external/gcc/11.4.1-30ebdc301ebd200f2ae0e3d880258e65/gcc-11.4.1/obj/x86_64-redhat-linux-gnu/libstdc++-v3/include/bits/std_mutex.h:155
#4  std::condition_variable::wait (this=<optimized out>, __lock=...) at ../../../../../libstdc++-v3/src/c++11/condition_variable.cc:41
#5  0x000014b341844743 in Eigen::ThreadPoolTempl<tensorflow::thread::EigenEnvironment>::WaitForWork(Eigen::EventCount::Waiter*, tensorflow::thread::EigenEnvironment::Task*) () from /cvmfs/cms.cern.ch/el9_amd64_gcc11/external/py3-tensorflow/2.6.4-b4f48218503141d57481e3883c4fc2d8/lib/python3.9/site-packages/tensorflow/python/_pywrap_tensorflow_internal.so
#6  0x000014b341844e2e in Eigen::ThreadPoolTempl<tensorflow::thread::EigenEnvironment>::WorkerLoop(int) () from /cvmfs/cms.cern.ch/el9_amd64_gcc11/external/py3-tensorflow/2.6.4-b4f48218503141d57481e3883c4fc2d8/lib/python3.9/site-packages/tensorflow/python/_pywrap_tensorflow_internal.so
#7  0x000014b341841898 in std::_Function_handler<void (), tensorflow::thread::EigenEnvironment::CreateThread(std::function<void ()>)::{lambda()#1}>::_M_invoke(std::_Any_data const&) () from /cvmfs/cms.cern.ch/el9_amd64_gcc11/external/py3-tensorflow/2.6.4-b4f48218503141d57481e3883c4fc2d8/lib/python3.9/site-packages/tensorflow/python/_pywrap_tensorflow_internal.so
#8  0x000014b33d12d220 in tensorflow::(anonymous namespace)::PThread::ThreadFn(void*) () from /cvmfs/cms.cern.ch/el9_amd64_gcc11/external/py3-tensorflow/2.6.4-b4f48218503141d57481e3883c4fc2d8/lib/python3.9/site-packages/tensorflow/python/../libtensorflow_framework.so.2
#9  0x000014b361689d22 in start_thread () from /lib64/libc.so.6
#10 0x000014b36170ed40 in clone3 () from /lib64/libc.so.6

Thread 20 (Thread 0x14b2c69be640 (LWP 281) "python3"):
#0  0x000014b3616868ba in __futex_abstimed_wait_common () from /lib64/libc.so.6
#1  0x000014b3616890c0 in pthread_cond_wait

GLIBC_2.3.2 () from /lib64/libc.so.6
#2  0x000014b35e8d1820 in __gthread_cond_wait (__mutex=<optimized out>, __cond=<optimized out>) at /data/cmsbld/jenkins/workspace/jenkins-test-bootstrap/toolconf/BUILD/el9_amd64_gcc11/external/gcc/11.4.1-30ebdc301ebd200f2ae0e3d880258e65/gcc-11.4.1/obj/x86_64-redhat-linux-gnu/libstdc++-v3/include/x86_64-redhat-linux-gnu/bits/gthr-default.h:865
#3  std::__condvar::wait (__m=..., this=<optimized out>) at /data/cmsbld/jenkins/workspace/jenkins-test-bootstrap/toolconf/BUILD/el9_amd64_gcc11/external/gcc/11.4.1-30ebdc301ebd200f2ae0e3d880258e65/gcc-11.4.1/obj/x86_64-redhat-linux-gnu/libstdc++-v3/include/bits/std_mutex.h:155
#4  std::condition_variable::wait (this=<optimized out>, __lock=...) at ../../../../../libstdc++-v3/src/c++11/condition_variable.cc:41
#5  0x000014b341844743 in Eigen::ThreadPoolTempl<tensorflow::thread::EigenEnvironment>::WaitForWork(Eigen::EventCount::Waiter*, tensorflow::thread::EigenEnvironment::Task*) () from /cvmfs/cms.cern.ch/el9_amd64_gcc11/external/py3-tensorflow/2.6.4-b4f48218503141d57481e3883c4fc2d8/lib/python3.9/site-packages/tensorflow/python/_pywrap_tensorflow_internal.so
#6  0x000014b341844e2e in Eigen::ThreadPoolTempl<tensorflow::thread::EigenEnvironment>::WorkerLoop(int) () from /cvmfs/cms.cern.ch/el9_amd64_gcc11/external/py3-tensorflow/2.6.4-b4f48218503141d57481e3883c4fc2d8/lib/python3.9/site-packages/tensorflow/python/_pywrap_tensorflow_internal.so
#7  0x000014b341841898 in std::_Function_handler<void (), tensorflow::thread::EigenEnvironment::CreateThread(std::function<void ()>)::{lambda()#1}>::_M_invoke(std::_Any_data const&) () from /cvmfs/cms.cern.ch/el9_amd64_gcc11/external/py3-tensorflow/2.6.4-b4f48218503141d57481e3883c4fc2d8/lib/python3.9/site-packages/tensorflow/python/_pywrap_tensorflow_internal.so
#8  0x000014b33d12d220 in tensorflow::(anonymous namespace)::PThread::ThreadFn(void*) () from /cvmfs/cms.cern.ch/el9_amd64_gcc11/external/py3-tensorflow/2.6.4-b4f48218503141d57481e3883c4fc2d8/lib/python3.9/site-packages/tensorflow/python/../libtensorflow_framework.so.2
#9  0x000014b361689d22 in start_thread () from /lib64/libc.so.6
#10 0x000014b36170ed40 in clone3 () from /lib64/libc.so.6

Thread 19 (Thread 0x14b2c6bbf640 (LWP 280) "python3"):
#0  0x000014b3616868ba in __futex_abstimed_wait_common () from /lib64/libc.so.6
#1  0x000014b3616890c0 in pthread_cond_wait

GLIBC_2.3.2 () from /lib64/libc.so.6
#2  0x000014b35e8d1820 in __gthread_cond_wait (__mutex=<optimized out>, __cond=<optimized out>) at /data/cmsbld/jenkins/workspace/jenkins-test-bootstrap/toolconf/BUILD/el9_amd64_gcc11/external/gcc/11.4.1-30ebdc301ebd200f2ae0e3d880258e65/gcc-11.4.1/obj/x86_64-redhat-linux-gnu/libstdc++-v3/include/x86_64-redhat-linux-gnu/bits/gthr-default.h:865
#3  std::__condvar::wait (__m=..., this=<optimized out>) at /data/cmsbld/jenkins/workspace/jenkins-test-bootstrap/toolconf/BUILD/el9_amd64_gcc11/external/gcc/11.4.1-30ebdc301ebd200f2ae0e3d880258e65/gcc-11.4.1/obj/x86_64-redhat-linux-gnu/libstdc++-v3/include/bits/std_mutex.h:155
#4  std::condition_variable::wait (this=<optimized out>, __lock=...) at ../../../../../libstdc++-v3/src/c++11/condition_variable.cc:41
#5  0x000014b341844743 in Eigen::ThreadPoolTempl<tensorflow::thread::EigenEnvironment>::WaitForWork(Eigen::EventCount::Waiter*, tensorflow::thread::EigenEnvironment::Task*) () from /cvmfs/cms.cern.ch/el9_amd64_gcc11/external/py3-tensorflow/2.6.4-b4f48218503141d57481e3883c4fc2d8/lib/python3.9/site-packages/tensorflow/python/_pywrap_tensorflow_internal.so
#6  0x000014b341844e2e in Eigen::ThreadPoolTempl<tensorflow::thread::EigenEnvironment>::WorkerLoop(int) () from /cvmfs/cms.cern.ch/el9_amd64_gcc11/external/py3-tensorflow/2.6.4-b4f48218503141d57481e3883c4fc2d8/lib/python3.9/site-packages/tensorflow/python/_pywrap_tensorflow_internal.so
#7  0x000014b341841898 in std::_Function_handler<void (), tensorflow::thread::EigenEnvironment::CreateThread(std::function<void ()>)::{lambda()#1}>::_M_invoke(std::_Any_data const&) () from /cvmfs/cms.cern.ch/el9_amd64_gcc11/external/py3-tensorflow/2.6.4-b4f48218503141d57481e3883c4fc2d8/lib/python3.9/site-packages/tensorflow/python/_pywrap_tensorflow_internal.so
#8  0x000014b33d12d220 in tensorflow::(anonymous namespace)::PThread::ThreadFn(void*) () from /cvmfs/cms.cern.ch/el9_amd64_gcc11/external/py3-tensorflow/2.6.4-b4f48218503141d57481e3883c4fc2d8/lib/python3.9/site-packages/tensorflow/python/../libtensorflow_framework.so.2
#9  0x000014b361689d22 in start_thread () from /lib64/libc.so.6
#10 0x000014b36170ed40 in clone3 () from /lib64/libc.so.6

Thread 18 (Thread 0x14b2c6dc0640 (LWP 279) "python3"):
#0  0x000014b3616868ba in __futex_abstimed_wait_common () from /lib64/libc.so.6
#1  0x000014b3616890c0 in pthread_cond_wait

GLIBC_2.3.2 () from /lib64/libc.so.6
#2  0x000014b35e8d1820 in __gthread_cond_wait (__mutex=<optimized out>, __cond=<optimized out>) at /data/cmsbld/jenkins/workspace/jenkins-test-bootstrap/toolconf/BUILD/el9_amd64_gcc11/external/gcc/11.4.1-30ebdc301ebd200f2ae0e3d880258e65/gcc-11.4.1/obj/x86_64-redhat-linux-gnu/libstdc++-v3/include/x86_64-redhat-linux-gnu/bits/gthr-default.h:865
#3  std::__condvar::wait (__m=..., this=<optimized out>) at /data/cmsbld/jenkins/workspace/jenkins-test-bootstrap/toolconf/BUILD/el9_amd64_gcc11/external/gcc/11.4.1-30ebdc301ebd200f2ae0e3d880258e65/gcc-11.4.1/obj/x86_64-redhat-linux-gnu/libstdc++-v3/include/bits/std_mutex.h:155
#4  std::condition_variable::wait (this=<optimized out>, __lock=...) at ../../../../../libstdc++-v3/src/c++11/condition_variable.cc:41
#5  0x000014b341844743 in Eigen::ThreadPoolTempl<tensorflow::thread::EigenEnvironment>::WaitForWork(Eigen::EventCount::Waiter*, tensorflow::thread::EigenEnvironment::Task*) () from /cvmfs/cms.cern.ch/el9_amd64_gcc11/external/py3-tensorflow/2.6.4-b4f48218503141d57481e3883c4fc2d8/lib/python3.9/site-packages/tensorflow/python/_pywrap_tensorflow_internal.so
#6  0x000014b341844e2e in Eigen::ThreadPoolTempl<tensorflow::thread::EigenEnvironment>::WorkerLoop(int) () from /cvmfs/cms.cern.ch/el9_amd64_gcc11/external/py3-tensorflow/2.6.4-b4f48218503141d57481e3883c4fc2d8/lib/python3.9/site-packages/tensorflow/python/_pywrap_tensorflow_internal.so
#7  0x000014b341841898 in std::_Function_handler<void (), tensorflow::thread::EigenEnvironment::CreateThread(std::function<void ()>)::{lambda()#1}>::_M_invoke(std::_Any_data const&) () from /cvmfs/cms.cern.ch/el9_amd64_gcc11/external/py3-tensorflow/2.6.4-b4f48218503141d57481e3883c4fc2d8/lib/python3.9/site-packages/tensorflow/python/_pywrap_tensorflow_internal.so
#8  0x000014b33d12d220 in tensorflow::(anonymous namespace)::PThread::ThreadFn(void*) () from /cvmfs/cms.cern.ch/el9_amd64_gcc11/external/py3-tensorflow/2.6.4-b4f48218503141d57481e3883c4fc2d8/lib/python3.9/site-packages/tensorflow/python/../libtensorflow_framework.so.2
#9  0x000014b361689d22 in start_thread () from /lib64/libc.so.6
#10 0x000014b36170ed40 in clone3 () from /lib64/libc.so.6

Thread 17 (Thread 0x14b2c6fc1640 (LWP 278) "python3"):
#0  0x000014b3616868ba in __futex_abstimed_wait_common () from /lib64/libc.so.6
#1  0x000014b3616890c0 in pthread_cond_wait

GLIBC_2.3.2 () from /lib64/libc.so.6
#2  0x000014b35e8d1820 in __gthread_cond_wait (__mutex=<optimized out>, __cond=<optimized out>) at /data/cmsbld/jenkins/workspace/jenkins-test-bootstrap/toolconf/BUILD/el9_amd64_gcc11/external/gcc/11.4.1-30ebdc301ebd200f2ae0e3d880258e65/gcc-11.4.1/obj/x86_64-redhat-linux-gnu/libstdc++-v3/include/x86_64-redhat-linux-gnu/bits/gthr-default.h:865
#3  std::__condvar::wait (__m=..., this=<optimized out>) at /data/cmsbld/jenkins/workspace/jenkins-test-bootstrap/toolconf/BUILD/el9_amd64_gcc11/external/gcc/11.4.1-30ebdc301ebd200f2ae0e3d880258e65/gcc-11.4.1/obj/x86_64-redhat-linux-gnu/libstdc++-v3/include/bits/std_mutex.h:155
#4  std::condition_variable::wait (this=<optimized out>, __lock=...) at ../../../../../libstdc++-v3/src/c++11/condition_variable.cc:41
#5  0x000014b341844743 in Eigen::ThreadPoolTempl<tensorflow::thread::EigenEnvironment>::WaitForWork(Eigen::EventCount::Waiter*, tensorflow::thread::EigenEnvironment::Task*) () from /cvmfs/cms.cern.ch/el9_amd64_gcc11/external/py3-tensorflow/2.6.4-b4f48218503141d57481e3883c4fc2d8/lib/python3.9/site-packages/tensorflow/python/_pywrap_tensorflow_internal.so
#6  0x000014b341844e2e in Eigen::ThreadPoolTempl<tensorflow::thread::EigenEnvironment>::WorkerLoop(int) () from /cvmfs/cms.cern.ch/el9_amd64_gcc11/external/py3-tensorflow/2.6.4-b4f48218503141d57481e3883c4fc2d8/lib/python3.9/site-packages/tensorflow/python/_pywrap_tensorflow_internal.so
#7  0x000014b341841898 in std::_Function_handler<void (), tensorflow::thread::EigenEnvironment::CreateThread(std::function<void ()>)::{lambda()#1}>::_M_invoke(std::_Any_data const&) () from /cvmfs/cms.cern.ch/el9_amd64_gcc11/external/py3-tensorflow/2.6.4-b4f48218503141d57481e3883c4fc2d8/lib/python3.9/site-packages/tensorflow/python/_pywrap_tensorflow_internal.so
#8  0x000014b33d12d220 in tensorflow::(anonymous namespace)::PThread::ThreadFn(void*) () from /cvmfs/cms.cern.ch/el9_amd64_gcc11/external/py3-tensorflow/2.6.4-b4f48218503141d57481e3883c4fc2d8/lib/python3.9/site-packages/tensorflow/python/../libtensorflow_framework.so.2
#9  0x000014b361689d22 in start_thread () from /lib64/libc.so.6
#10 0x000014b36170ed40 in clone3 () from /lib64/libc.so.6

Thread 16 (Thread 0x14b2c71c2640 (LWP 277) "python3"):
#0  0x000014b3616868ba in __futex_abstimed_wait_common () from /lib64/libc.so.6
#1  0x000014b3616890c0 in pthread_cond_wait

GLIBC_2.3.2 () from /lib64/libc.so.6
#2  0x000014b35e8d1820 in __gthread_cond_wait (__mutex=<optimized out>, __cond=<optimized out>) at /data/cmsbld/jenkins/workspace/jenkins-test-bootstrap/toolconf/BUILD/el9_amd64_gcc11/external/gcc/11.4.1-30ebdc301ebd200f2ae0e3d880258e65/gcc-11.4.1/obj/x86_64-redhat-linux-gnu/libstdc++-v3/include/x86_64-redhat-linux-gnu/bits/gthr-default.h:865
#3  std::__condvar::wait (__m=..., this=<optimized out>) at /data/cmsbld/jenkins/workspace/jenkins-test-bootstrap/toolconf/BUILD/el9_amd64_gcc11/external/gcc/11.4.1-30ebdc301ebd200f2ae0e3d880258e65/gcc-11.4.1/obj/x86_64-redhat-linux-gnu/libstdc++-v3/include/bits/std_mutex.h:155
#4  std::condition_variable::wait (this=<optimized out>, __lock=...) at ../../../../../libstdc++-v3/src/c++11/condition_variable.cc:41
#5  0x000014b341844743 in Eigen::ThreadPoolTempl<tensorflow::thread::EigenEnvironment>::WaitForWork(Eigen::EventCount::Waiter*, tensorflow::thread::EigenEnvironment::Task*) () from /cvmfs/cms.cern.ch/el9_amd64_gcc11/external/py3-tensorflow/2.6.4-b4f48218503141d57481e3883c4fc2d8/lib/python3.9/site-packages/tensorflow/python/_pywrap_tensorflow_internal.so
#6  0x000014b341844e2e in Eigen::ThreadPoolTempl<tensorflow::thread::EigenEnvironment>::WorkerLoop(int) () from /cvmfs/cms.cern.ch/el9_amd64_gcc11/external/py3-tensorflow/2.6.4-b4f48218503141d57481e3883c4fc2d8/lib/python3.9/site-packages/tensorflow/python/_pywrap_tensorflow_internal.so
#7  0x000014b341841898 in std::_Function_handler<void (), tensorflow::thread::EigenEnvironment::CreateThread(std::function<void ()>)::{lambda()#1}>::_M_invoke(std::_Any_data const&) () from /cvmfs/cms.cern.ch/el9_amd64_gcc11/external/py3-tensorflow/2.6.4-b4f48218503141d57481e3883c4fc2d8/lib/python3.9/site-packages/tensorflow/python/_pywrap_tensorflow_internal.so
#8  0x000014b33d12d220 in tensorflow::(anonymous namespace)::PThread::ThreadFn(void*) () from /cvmfs/cms.cern.ch/el9_amd64_gcc11/external/py3-tensorflow/2.6.4-b4f48218503141d57481e3883c4fc2d8/lib/python3.9/site-packages/tensorflow/python/../libtensorflow_framework.so.2
#9  0x000014b361689d22 in start_thread () from /lib64/libc.so.6
#10 0x000014b36170ed40 in clone3 () from /lib64/libc.so.6

Thread 15 (Thread 0x14b2c73c3640 (LWP 276) "python3"):
#0  0x000014b3616868ba in __futex_abstimed_wait_common () from /lib64/libc.so.6
#1  0x000014b3616890c0 in pthread_cond_wait

GLIBC_2.3.2 () from /lib64/libc.so.6
#2  0x000014b35e8d1820 in __gthread_cond_wait (__mutex=<optimized out>, __cond=<optimized out>) at /data/cmsbld/jenkins/workspace/jenkins-test-bootstrap/toolconf/BUILD/el9_amd64_gcc11/external/gcc/11.4.1-30ebdc301ebd200f2ae0e3d880258e65/gcc-11.4.1/obj/x86_64-redhat-linux-gnu/libstdc++-v3/include/x86_64-redhat-linux-gnu/bits/gthr-default.h:865
#3  std::__condvar::wait (__m=..., this=<optimized out>) at /data/cmsbld/jenkins/workspace/jenkins-test-bootstrap/toolconf/BUILD/el9_amd64_gcc11/external/gcc/11.4.1-30ebdc301ebd200f2ae0e3d880258e65/gcc-11.4.1/obj/x86_64-redhat-linux-gnu/libstdc++-v3/include/bits/std_mutex.h:155
#4  std::condition_variable::wait (this=<optimized out>, __lock=...) at ../../../../../libstdc++-v3/src/c++11/condition_variable.cc:41
#5  0x000014b341844743 in Eigen::ThreadPoolTempl<tensorflow::thread::EigenEnvironment>::WaitForWork(Eigen::EventCount::Waiter*, tensorflow::thread::EigenEnvironment::Task*) () from /cvmfs/cms.cern.ch/el9_amd64_gcc11/external/py3-tensorflow/2.6.4-b4f48218503141d57481e3883c4fc2d8/lib/python3.9/site-packages/tensorflow/python/_pywrap_tensorflow_internal.so
#6  0x000014b341844e2e in Eigen::ThreadPoolTempl<tensorflow::thread::EigenEnvironment>::WorkerLoop(int) () from /cvmfs/cms.cern.ch/el9_amd64_gcc11/external/py3-tensorflow/2.6.4-b4f48218503141d57481e3883c4fc2d8/lib/python3.9/site-packages/tensorflow/python/_pywrap_tensorflow_internal.so
#7  0x000014b341841898 in std::_Function_handler<void (), tensorflow::thread::EigenEnvironment::CreateThread(std::function<void ()>)::{lambda()#1}>::_M_invoke(std::_Any_data const&) () from /cvmfs/cms.cern.ch/el9_amd64_gcc11/external/py3-tensorflow/2.6.4-b4f48218503141d57481e3883c4fc2d8/lib/python3.9/site-packages/tensorflow/python/_pywrap_tensorflow_internal.so
#8  0x000014b33d12d220 in tensorflow::(anonymous namespace)::PThread::ThreadFn(void*) () from /cvmfs/cms.cern.ch/el9_amd64_gcc11/external/py3-tensorflow/2.6.4-b4f48218503141d57481e3883c4fc2d8/lib/python3.9/site-packages/tensorflow/python/../libtensorflow_framework.so.2
#9  0x000014b361689d22 in start_thread () from /lib64/libc.so.6
#10 0x000014b36170ed40 in clone3 () from /lib64/libc.so.6

Thread 14 (Thread 0x14b2c75c4640 (LWP 275) "python3"):
#0  0x000014b3616868ba in __futex_abstimed_wait_common () from /lib64/libc.so.6
#1  0x000014b3616890c0 in pthread_cond_wait

GLIBC_2.3.2 () from /lib64/libc.so.6
#2  0x000014b35e8d1820 in __gthread_cond_wait (__mutex=<optimized out>, __cond=<optimized out>) at /data/cmsbld/jenkins/workspace/jenkins-test-bootstrap/toolconf/BUILD/el9_amd64_gcc11/external/gcc/11.4.1-30ebdc301ebd200f2ae0e3d880258e65/gcc-11.4.1/obj/x86_64-redhat-linux-gnu/libstdc++-v3/include/x86_64-redhat-linux-gnu/bits/gthr-default.h:865
#3  std::__condvar::wait (__m=..., this=<optimized out>) at /data/cmsbld/jenkins/workspace/jenkins-test-bootstrap/toolconf/BUILD/el9_amd64_gcc11/external/gcc/11.4.1-30ebdc301ebd200f2ae0e3d880258e65/gcc-11.4.1/obj/x86_64-redhat-linux-gnu/libstdc++-v3/include/bits/std_mutex.h:155
#4  std::condition_variable::wait (this=<optimized out>, __lock=...) at ../../../../../libstdc++-v3/src/c++11/condition_variable.cc:41
#5  0x000014b341844743 in Eigen::ThreadPoolTempl<tensorflow::thread::EigenEnvironment>::WaitForWork(Eigen::EventCount::Waiter*, tensorflow::thread::EigenEnvironment::Task*) () from /cvmfs/cms.cern.ch/el9_amd64_gcc11/external/py3-tensorflow/2.6.4-b4f48218503141d57481e3883c4fc2d8/lib/python3.9/site-packages/tensorflow/python/_pywrap_tensorflow_internal.so
#6  0x000014b341844e2e in Eigen::ThreadPoolTempl<tensorflow::thread::EigenEnvironment>::WorkerLoop(int) () from /cvmfs/cms.cern.ch/el9_amd64_gcc11/external/py3-tensorflow/2.6.4-b4f48218503141d57481e3883c4fc2d8/lib/python3.9/site-packages/tensorflow/python/_pywrap_tensorflow_internal.so
#7  0x000014b341841898 in std::_Function_handler<void (), tensorflow::thread::EigenEnvironment::CreateThread(std::function<void ()>)::{lambda()#1}>::_M_invoke(std::_Any_data const&) () from /cvmfs/cms.cern.ch/el9_amd64_gcc11/external/py3-tensorflow/2.6.4-b4f48218503141d57481e3883c4fc2d8/lib/python3.9/site-packages/tensorflow/python/_pywrap_tensorflow_internal.so
#8  0x000014b33d12d220 in tensorflow::(anonymous namespace)::PThread::ThreadFn(void*) () from /cvmfs/cms.cern.ch/el9_amd64_gcc11/external/py3-tensorflow/2.6.4-b4f48218503141d57481e3883c4fc2d8/lib/python3.9/site-packages/tensorflow/python/../libtensorflow_framework.so.2
#9  0x000014b361689d22 in start_thread () from /lib64/libc.so.6
#10 0x000014b36170ed40 in clone3 () from /lib64/libc.so.6

Thread 13 (Thread 0x14b2c77c5640 (LWP 274) "python3"):
#0  0x000014b3616868ba in __futex_abstimed_wait_common () from /lib64/libc.so.6
#1  0x000014b3616890c0 in pthread_cond_wait

GLIBC_2.3.2 () from /lib64/libc.so.6
#2  0x000014b35e8d1820 in __gthread_cond_wait (__mutex=<optimized out>, __cond=<optimized out>) at /data/cmsbld/jenkins/workspace/jenkins-test-bootstrap/toolconf/BUILD/el9_amd64_gcc11/external/gcc/11.4.1-30ebdc301ebd200f2ae0e3d880258e65/gcc-11.4.1/obj/x86_64-redhat-linux-gnu/libstdc++-v3/include/x86_64-redhat-linux-gnu/bits/gthr-default.h:865
#3  std::__condvar::wait (__m=..., this=<optimized out>) at /data/cmsbld/jenkins/workspace/jenkins-test-bootstrap/toolconf/BUILD/el9_amd64_gcc11/external/gcc/11.4.1-30ebdc301ebd200f2ae0e3d880258e65/gcc-11.4.1/obj/x86_64-redhat-linux-gnu/libstdc++-v3/include/bits/std_mutex.h:155
#4  std::condition_variable::wait (this=<optimized out>, __lock=...) at ../../../../../libstdc++-v3/src/c++11/condition_variable.cc:41
#5  0x000014b341844743 in Eigen::ThreadPoolTempl<tensorflow::thread::EigenEnvironment>::WaitForWork(Eigen::EventCount::Waiter*, tensorflow::thread::EigenEnvironment::Task*) () from /cvmfs/cms.cern.ch/el9_amd64_gcc11/external/py3-tensorflow/2.6.4-b4f48218503141d57481e3883c4fc2d8/lib/python3.9/site-packages/tensorflow/python/_pywrap_tensorflow_internal.so
#6  0x000014b341844e2e in Eigen::ThreadPoolTempl<tensorflow::thread::EigenEnvironment>::WorkerLoop(int) () from /cvmfs/cms.cern.ch/el9_amd64_gcc11/external/py3-tensorflow/2.6.4-b4f48218503141d57481e3883c4fc2d8/lib/python3.9/site-packages/tensorflow/python/_pywrap_tensorflow_internal.so
#7  0x000014b341841898 in std::_Function_handler<void (), tensorflow::thread::EigenEnvironment::CreateThread(std::function<void ()>)::{lambda()#1}>::_M_invoke(std::_Any_data const&) () from /cvmfs/cms.cern.ch/el9_amd64_gcc11/external/py3-tensorflow/2.6.4-b4f48218503141d57481e3883c4fc2d8/lib/python3.9/site-packages/tensorflow/python/_pywrap_tensorflow_internal.so
#8  0x000014b33d12d220 in tensorflow::(anonymous namespace)::PThread::ThreadFn(void*) () from /cvmfs/cms.cern.ch/el9_amd64_gcc11/external/py3-tensorflow/2.6.4-b4f48218503141d57481e3883c4fc2d8/lib/python3.9/site-packages/tensorflow/python/../libtensorflow_framework.so.2
#9  0x000014b361689d22 in start_thread () from /lib64/libc.so.6
#10 0x000014b36170ed40 in clone3 () from /lib64/libc.so.6

Thread 12 (Thread 0x14b2c79c6640 (LWP 273) "python3"):
#0  0x000014b3616868ba in __futex_abstimed_wait_common () from /lib64/libc.so.6
#1  0x000014b3616890c0 in pthread_cond_wait

GLIBC_2.3.2 () from /lib64/libc.so.6
#2  0x000014b35e8d1820 in __gthread_cond_wait (__mutex=<optimized out>, __cond=<optimized out>) at /data/cmsbld/jenkins/workspace/jenkins-test-bootstrap/toolconf/BUILD/el9_amd64_gcc11/external/gcc/11.4.1-30ebdc301ebd200f2ae0e3d880258e65/gcc-11.4.1/obj/x86_64-redhat-linux-gnu/libstdc++-v3/include/x86_64-redhat-linux-gnu/bits/gthr-default.h:865
#3  std::__condvar::wait (__m=..., this=<optimized out>) at /data/cmsbld/jenkins/workspace/jenkins-test-bootstrap/toolconf/BUILD/el9_amd64_gcc11/external/gcc/11.4.1-30ebdc301ebd200f2ae0e3d880258e65/gcc-11.4.1/obj/x86_64-redhat-linux-gnu/libstdc++-v3/include/bits/std_mutex.h:155
#4  std::condition_variable::wait (this=<optimized out>, __lock=...) at ../../../../../libstdc++-v3/src/c++11/condition_variable.cc:41
#5  0x000014b341844743 in Eigen::ThreadPoolTempl<tensorflow::thread::EigenEnvironment>::WaitForWork(Eigen::EventCount::Waiter*, tensorflow::thread::EigenEnvironment::Task*) () from /cvmfs/cms.cern.ch/el9_amd64_gcc11/external/py3-tensorflow/2.6.4-b4f48218503141d57481e3883c4fc2d8/lib/python3.9/site-packages/tensorflow/python/_pywrap_tensorflow_internal.so
#6  0x000014b341844e2e in Eigen::ThreadPoolTempl<tensorflow::thread::EigenEnvironment>::WorkerLoop(int) () from /cvmfs/cms.cern.ch/el9_amd64_gcc11/external/py3-tensorflow/2.6.4-b4f48218503141d57481e3883c4fc2d8/lib/python3.9/site-packages/tensorflow/python/_pywrap_tensorflow_internal.so
#7  0x000014b341841898 in std::_Function_handler<void (), tensorflow::thread::EigenEnvironment::CreateThread(std::function<void ()>)::{lambda()#1}>::_M_invoke(std::_Any_data const&) () from /cvmfs/cms.cern.ch/el9_amd64_gcc11/external/py3-tensorflow/2.6.4-b4f48218503141d57481e3883c4fc2d8/lib/python3.9/site-packages/tensorflow/python/_pywrap_tensorflow_internal.so
#8  0x000014b33d12d220 in tensorflow::(anonymous namespace)::PThread::ThreadFn(void*) () from /cvmfs/cms.cern.ch/el9_amd64_gcc11/external/py3-tensorflow/2.6.4-b4f48218503141d57481e3883c4fc2d8/lib/python3.9/site-packages/tensorflow/python/../libtensorflow_framework.so.2
#9  0x000014b361689d22 in start_thread () from /lib64/libc.so.6
#10 0x000014b36170ed40 in clone3 () from /lib64/libc.so.6

Thread 11 (Thread 0x14b2f1190640 (LWP 272) "python3"):
#0  0x000014b3616868ba in __futex_abstimed_wait_common () from /lib64/libc.so.6
#1  0x000014b3616890c0 in pthread_cond_wait

GLIBC_2.3.2 () from /lib64/libc.so.6
#2  0x000014b35e8d1820 in __gthread_cond_wait (__mutex=<optimized out>, __cond=<optimized out>) at /data/cmsbld/jenkins/workspace/jenkins-test-bootstrap/toolconf/BUILD/el9_amd64_gcc11/external/gcc/11.4.1-30ebdc301ebd200f2ae0e3d880258e65/gcc-11.4.1/obj/x86_64-redhat-linux-gnu/libstdc++-v3/include/x86_64-redhat-linux-gnu/bits/gthr-default.h:865
#3  std::__condvar::wait (__m=..., this=<optimized out>) at /data/cmsbld/jenkins/workspace/jenkins-test-bootstrap/toolconf/BUILD/el9_amd64_gcc11/external/gcc/11.4.1-30ebdc301ebd200f2ae0e3d880258e65/gcc-11.4.1/obj/x86_64-redhat-linux-gnu/libstdc++-v3/include/bits/std_mutex.h:155
#4  std::condition_variable::wait (this=<optimized out>, __lock=...) at ../../../../../libstdc++-v3/src/c++11/condition_variable.cc:41
#5  0x000014b341844743 in Eigen::ThreadPoolTempl<tensorflow::thread::EigenEnvironment>::WaitForWork(Eigen::EventCount::Waiter*, tensorflow::thread::EigenEnvironment::Task*) () from /cvmfs/cms.cern.ch/el9_amd64_gcc11/external/py3-tensorflow/2.6.4-b4f48218503141d57481e3883c4fc2d8/lib/python3.9/site-packages/tensorflow/python/_pywrap_tensorflow_internal.so
#6  0x000014b341844e2e in Eigen::ThreadPoolTempl<tensorflow::thread::EigenEnvironment>::WorkerLoop(int) () from /cvmfs/cms.cern.ch/el9_amd64_gcc11/external/py3-tensorflow/2.6.4-b4f48218503141d57481e3883c4fc2d8/lib/python3.9/site-packages/tensorflow/python/_pywrap_tensorflow_internal.so
#7  0x000014b341841898 in std::_Function_handler<void (), tensorflow::thread::EigenEnvironment::CreateThread(std::function<void ()>)::{lambda()#1}>::_M_invoke(std::_Any_data const&) () from /cvmfs/cms.cern.ch/el9_amd64_gcc11/external/py3-tensorflow/2.6.4-b4f48218503141d57481e3883c4fc2d8/lib/python3.9/site-packages/tensorflow/python/_pywrap_tensorflow_internal.so
#8  0x000014b33d12d220 in tensorflow::(anonymous namespace)::PThread::ThreadFn(void*) () from /cvmfs/cms.cern.ch/el9_amd64_gcc11/external/py3-tensorflow/2.6.4-b4f48218503141d57481e3883c4fc2d8/lib/python3.9/site-packages/tensorflow/python/../libtensorflow_framework.so.2
#9  0x000014b361689d22 in start_thread () from /lib64/libc.so.6
#10 0x000014b36170ed40 in clone3 () from /lib64/libc.so.6

Thread 10 (Thread 0x14b2f1391640 (LWP 271) "python3"):
#0  0x000014b3616868ba in __futex_abstimed_wait_common () from /lib64/libc.so.6
#1  0x000014b3616890c0 in pthread_cond_wait

GLIBC_2.3.2 () from /lib64/libc.so.6
#2  0x000014b35e8d1820 in __gthread_cond_wait (__mutex=<optimized out>, __cond=<optimized out>) at /data/cmsbld/jenkins/workspace/jenkins-test-bootstrap/toolconf/BUILD/el9_amd64_gcc11/external/gcc/11.4.1-30ebdc301ebd200f2ae0e3d880258e65/gcc-11.4.1/obj/x86_64-redhat-linux-gnu/libstdc++-v3/include/x86_64-redhat-linux-gnu/bits/gthr-default.h:865
#3  std::__condvar::wait (__m=..., this=<optimized out>) at /data/cmsbld/jenkins/workspace/jenkins-test-bootstrap/toolconf/BUILD/el9_amd64_gcc11/external/gcc/11.4.1-30ebdc301ebd200f2ae0e3d880258e65/gcc-11.4.1/obj/x86_64-redhat-linux-gnu/libstdc++-v3/include/bits/std_mutex.h:155
#4  std::condition_variable::wait (this=<optimized out>, __lock=...) at ../../../../../libstdc++-v3/src/c++11/condition_variable.cc:41
#5  0x000014b341844743 in Eigen::ThreadPoolTempl<tensorflow::thread::EigenEnvironment>::WaitForWork(Eigen::EventCount::Waiter*, tensorflow::thread::EigenEnvironment::Task*) () from /cvmfs/cms.cern.ch/el9_amd64_gcc11/external/py3-tensorflow/2.6.4-b4f48218503141d57481e3883c4fc2d8/lib/python3.9/site-packages/tensorflow/python/_pywrap_tensorflow_internal.so
#6  0x000014b341844e2e in Eigen::ThreadPoolTempl<tensorflow::thread::EigenEnvironment>::WorkerLoop(int) () from /cvmfs/cms.cern.ch/el9_amd64_gcc11/external/py3-tensorflow/2.6.4-b4f48218503141d57481e3883c4fc2d8/lib/python3.9/site-packages/tensorflow/python/_pywrap_tensorflow_internal.so
#7  0x000014b341841898 in std::_Function_handler<void (), tensorflow::thread::EigenEnvironment::CreateThread(std::function<void ()>)::{lambda()#1}>::_M_invoke(std::_Any_data const&) () from /cvmfs/cms.cern.ch/el9_amd64_gcc11/external/py3-tensorflow/2.6.4-b4f48218503141d57481e3883c4fc2d8/lib/python3.9/site-packages/tensorflow/python/_pywrap_tensorflow_internal.so
#8  0x000014b33d12d220 in tensorflow::(anonymous namespace)::PThread::ThreadFn(void*) () from /cvmfs/cms.cern.ch/el9_amd64_gcc11/external/py3-tensorflow/2.6.4-b4f48218503141d57481e3883c4fc2d8/lib/python3.9/site-packages/tensorflow/python/../libtensorflow_framework.so.2
#9  0x000014b361689d22 in start_thread () from /lib64/libc.so.6
#10 0x000014b36170ed40 in clone3 () from /lib64/libc.so.6

Thread 9 (Thread 0x14b2f1592640 (LWP 270) "python3"):
#0  0x000014b3616868ba in __futex_abstimed_wait_common () from /lib64/libc.so.6
#1  0x000014b3616890c0 in pthread_cond_wait

GLIBC_2.3.2 () from /lib64/libc.so.6
#2  0x000014b35e8d1820 in __gthread_cond_wait (__mutex=<optimized out>, __cond=<optimized out>) at /data/cmsbld/jenkins/workspace/jenkins-test-bootstrap/toolconf/BUILD/el9_amd64_gcc11/external/gcc/11.4.1-30ebdc301ebd200f2ae0e3d880258e65/gcc-11.4.1/obj/x86_64-redhat-linux-gnu/libstdc++-v3/include/x86_64-redhat-linux-gnu/bits/gthr-default.h:865
#3  std::__condvar::wait (__m=..., this=<optimized out>) at /data/cmsbld/jenkins/workspace/jenkins-test-bootstrap/toolconf/BUILD/el9_amd64_gcc11/external/gcc/11.4.1-30ebdc301ebd200f2ae0e3d880258e65/gcc-11.4.1/obj/x86_64-redhat-linux-gnu/libstdc++-v3/include/bits/std_mutex.h:155
#4  std::condition_variable::wait (this=<optimized out>, __lock=...) at ../../../../../libstdc++-v3/src/c++11/condition_variable.cc:41
#5  0x000014b341844743 in Eigen::ThreadPoolTempl<tensorflow::thread::EigenEnvironment>::WaitForWork(Eigen::EventCount::Waiter*, tensorflow::thread::EigenEnvironment::Task*) () from /cvmfs/cms.cern.ch/el9_amd64_gcc11/external/py3-tensorflow/2.6.4-b4f48218503141d57481e3883c4fc2d8/lib/python3.9/site-packages/tensorflow/python/_pywrap_tensorflow_internal.so
#6  0x000014b341844e2e in Eigen::ThreadPoolTempl<tensorflow::thread::EigenEnvironment>::WorkerLoop(int) () from /cvmfs/cms.cern.ch/el9_amd64_gcc11/external/py3-tensorflow/2.6.4-b4f48218503141d57481e3883c4fc2d8/lib/python3.9/site-packages/tensorflow/python/_pywrap_tensorflow_internal.so
#7  0x000014b341841898 in std::_Function_handler<void (), tensorflow::thread::EigenEnvironment::CreateThread(std::function<void ()>)::{lambda()#1}>::_M_invoke(std::_Any_data const&) () from /cvmfs/cms.cern.ch/el9_amd64_gcc11/external/py3-tensorflow/2.6.4-b4f48218503141d57481e3883c4fc2d8/lib/python3.9/site-packages/tensorflow/python/_pywrap_tensorflow_internal.so
#8  0x000014b33d12d220 in tensorflow::(anonymous namespace)::PThread::ThreadFn(void*) () from /cvmfs/cms.cern.ch/el9_amd64_gcc11/external/py3-tensorflow/2.6.4-b4f48218503141d57481e3883c4fc2d8/lib/python3.9/site-packages/tensorflow/python/../libtensorflow_framework.so.2
#9  0x000014b361689d22 in start_thread () from /lib64/libc.so.6
#10 0x000014b36170ed40 in clone3 () from /lib64/libc.so.6

Thread 8 (Thread 0x14b2f1793640 (LWP 269) "python3"):
#0  0x000014b3616868ba in __futex_abstimed_wait_common () from /lib64/libc.so.6
#1  0x000014b3616890c0 in pthread_cond_wait

GLIBC_2.3.2 () from /lib64/libc.so.6
#2  0x000014b35e8d1820 in __gthread_cond_wait (__mutex=<optimized out>, __cond=<optimized out>) at /data/cmsbld/jenkins/workspace/jenkins-test-bootstrap/toolconf/BUILD/el9_amd64_gcc11/external/gcc/11.4.1-30ebdc301ebd200f2ae0e3d880258e65/gcc-11.4.1/obj/x86_64-redhat-linux-gnu/libstdc++-v3/include/x86_64-redhat-linux-gnu/bits/gthr-default.h:865
#3  std::__condvar::wait (__m=..., this=<optimized out>) at /data/cmsbld/jenkins/workspace/jenkins-test-bootstrap/toolconf/BUILD/el9_amd64_gcc11/external/gcc/11.4.1-30ebdc301ebd200f2ae0e3d880258e65/gcc-11.4.1/obj/x86_64-redhat-linux-gnu/libstdc++-v3/include/bits/std_mutex.h:155
#4  std::condition_variable::wait (this=<optimized out>, __lock=...) at ../../../../../libstdc++-v3/src/c++11/condition_variable.cc:41
#5  0x000014b341844743 in Eigen::ThreadPoolTempl<tensorflow::thread::EigenEnvironment>::WaitForWork(Eigen::EventCount::Waiter*, tensorflow::thread::EigenEnvironment::Task*) () from /cvmfs/cms.cern.ch/el9_amd64_gcc11/external/py3-tensorflow/2.6.4-b4f48218503141d57481e3883c4fc2d8/lib/python3.9/site-packages/tensorflow/python/_pywrap_tensorflow_internal.so
#6  0x000014b341844e2e in Eigen::ThreadPoolTempl<tensorflow::thread::EigenEnvironment>::WorkerLoop(int) () from /cvmfs/cms.cern.ch/el9_amd64_gcc11/external/py3-tensorflow/2.6.4-b4f48218503141d57481e3883c4fc2d8/lib/python3.9/site-packages/tensorflow/python/_pywrap_tensorflow_internal.so
#7  0x000014b341841898 in std::_Function_handler<void (), tensorflow::thread::EigenEnvironment::CreateThread(std::function<void ()>)::{lambda()#1}>::_M_invoke(std::_Any_data const&) () from /cvmfs/cms.cern.ch/el9_amd64_gcc11/external/py3-tensorflow/2.6.4-b4f48218503141d57481e3883c4fc2d8/lib/python3.9/site-packages/tensorflow/python/_pywrap_tensorflow_internal.so
#8  0x000014b33d12d220 in tensorflow::(anonymous namespace)::PThread::ThreadFn(void*) () from /cvmfs/cms.cern.ch/el9_amd64_gcc11/external/py3-tensorflow/2.6.4-b4f48218503141d57481e3883c4fc2d8/lib/python3.9/site-packages/tensorflow/python/../libtensorflow_framework.so.2
#9  0x000014b361689d22 in start_thread () from /lib64/libc.so.6
#10 0x000014b36170ed40 in clone3 () from /lib64/libc.so.6

Thread 7 (Thread 0x14b2f1994640 (LWP 268) "python3"):
#0  0x000014b3616868ba in __futex_abstimed_wait_common () from /lib64/libc.so.6
#1  0x000014b3616890c0 in pthread_cond_wait

GLIBC_2.3.2 () from /lib64/libc.so.6
#2  0x000014b35e8d1820 in __gthread_cond_wait (__mutex=<optimized out>, __cond=<optimized out>) at /data/cmsbld/jenkins/workspace/jenkins-test-bootstrap/toolconf/BUILD/el9_amd64_gcc11/external/gcc/11.4.1-30ebdc301ebd200f2ae0e3d880258e65/gcc-11.4.1/obj/x86_64-redhat-linux-gnu/libstdc++-v3/include/x86_64-redhat-linux-gnu/bits/gthr-default.h:865
#3  std::__condvar::wait (__m=..., this=<optimized out>) at /data/cmsbld/jenkins/workspace/jenkins-test-bootstrap/toolconf/BUILD/el9_amd64_gcc11/external/gcc/11.4.1-30ebdc301ebd200f2ae0e3d880258e65/gcc-11.4.1/obj/x86_64-redhat-linux-gnu/libstdc++-v3/include/bits/std_mutex.h:155
#4  std::condition_variable::wait (this=<optimized out>, __lock=...) at ../../../../../libstdc++-v3/src/c++11/condition_variable.cc:41
#5  0x000014b341844743 in Eigen::ThreadPoolTempl<tensorflow::thread::EigenEnvironment>::WaitForWork(Eigen::EventCount::Waiter*, tensorflow::thread::EigenEnvironment::Task*) () from /cvmfs/cms.cern.ch/el9_amd64_gcc11/external/py3-tensorflow/2.6.4-b4f48218503141d57481e3883c4fc2d8/lib/python3.9/site-packages/tensorflow/python/_pywrap_tensorflow_internal.so
#6  0x000014b341844e2e in Eigen::ThreadPoolTempl<tensorflow::thread::EigenEnvironment>::WorkerLoop(int) () from /cvmfs/cms.cern.ch/el9_amd64_gcc11/external/py3-tensorflow/2.6.4-b4f48218503141d57481e3883c4fc2d8/lib/python3.9/site-packages/tensorflow/python/_pywrap_tensorflow_internal.so
#7  0x000014b341841898 in std::_Function_handler<void (), tensorflow::thread::EigenEnvironment::CreateThread(std::function<void ()>)::{lambda()#1}>::_M_invoke(std::_Any_data const&) () from /cvmfs/cms.cern.ch/el9_amd64_gcc11/external/py3-tensorflow/2.6.4-b4f48218503141d57481e3883c4fc2d8/lib/python3.9/site-packages/tensorflow/python/_pywrap_tensorflow_internal.so
#8  0x000014b33d12d220 in tensorflow::(anonymous namespace)::PThread::ThreadFn(void*) () from /cvmfs/cms.cern.ch/el9_amd64_gcc11/external/py3-tensorflow/2.6.4-b4f48218503141d57481e3883c4fc2d8/lib/python3.9/site-packages/tensorflow/python/../libtensorflow_framework.so.2
#9  0x000014b361689d22 in start_thread () from /lib64/libc.so.6
#10 0x000014b36170ed40 in clone3 () from /lib64/libc.so.6

Thread 6 (Thread 0x14b2f1b95640 (LWP 267) "python3"):
#0  0x000014b3616868ba in __futex_abstimed_wait_common () from /lib64/libc.so.6
#1  0x000014b3616890c0 in pthread_cond_wait

GLIBC_2.3.2 () from /lib64/libc.so.6
#2  0x000014b35e8d1820 in __gthread_cond_wait (__mutex=<optimized out>, __cond=<optimized out>) at /data/cmsbld/jenkins/workspace/jenkins-test-bootstrap/toolconf/BUILD/el9_amd64_gcc11/external/gcc/11.4.1-30ebdc301ebd200f2ae0e3d880258e65/gcc-11.4.1/obj/x86_64-redhat-linux-gnu/libstdc++-v3/include/x86_64-redhat-linux-gnu/bits/gthr-default.h:865
#3  std::__condvar::wait (__m=..., this=<optimized out>) at /data/cmsbld/jenkins/workspace/jenkins-test-bootstrap/toolconf/BUILD/el9_amd64_gcc11/external/gcc/11.4.1-30ebdc301ebd200f2ae0e3d880258e65/gcc-11.4.1/obj/x86_64-redhat-linux-gnu/libstdc++-v3/include/bits/std_mutex.h:155
#4  std::condition_variable::wait (this=<optimized out>, __lock=...) at ../../../../../libstdc++-v3/src/c++11/condition_variable.cc:41
#5  0x000014b341844743 in Eigen::ThreadPoolTempl<tensorflow::thread::EigenEnvironment>::WaitForWork(Eigen::EventCount::Waiter*, tensorflow::thread::EigenEnvironment::Task*) () from /cvmfs/cms.cern.ch/el9_amd64_gcc11/external/py3-tensorflow/2.6.4-b4f48218503141d57481e3883c4fc2d8/lib/python3.9/site-packages/tensorflow/python/_pywrap_tensorflow_internal.so
#6  0x000014b341844e2e in Eigen::ThreadPoolTempl<tensorflow::thread::EigenEnvironment>::WorkerLoop(int) () from /cvmfs/cms.cern.ch/el9_amd64_gcc11/external/py3-tensorflow/2.6.4-b4f48218503141d57481e3883c4fc2d8/lib/python3.9/site-packages/tensorflow/python/_pywrap_tensorflow_internal.so
#7  0x000014b341841898 in std::_Function_handler<void (), tensorflow::thread::EigenEnvironment::CreateThread(std::function<void ()>)::{lambda()#1}>::_M_invoke(std::_Any_data const&) () from /cvmfs/cms.cern.ch/el9_amd64_gcc11/external/py3-tensorflow/2.6.4-b4f48218503141d57481e3883c4fc2d8/lib/python3.9/site-packages/tensorflow/python/_pywrap_tensorflow_internal.so
#8  0x000014b33d12d220 in tensorflow::(anonymous namespace)::PThread::ThreadFn(void*) () from /cvmfs/cms.cern.ch/el9_amd64_gcc11/external/py3-tensorflow/2.6.4-b4f48218503141d57481e3883c4fc2d8/lib/python3.9/site-packages/tensorflow/python/../libtensorflow_framework.so.2
#9  0x000014b361689d22 in start_thread () from /lib64/libc.so.6
#10 0x000014b36170ed40 in clone3 () from /lib64/libc.so.6

Thread 5 (Thread 0x14b3191ff640 (LWP 250) "jemalloc_bg_thd"):
#0  0x000014b3616868ba in __futex_abstimed_wait_common () from /lib64/libc.so.6
#1  0x000014b3616890c0 in pthread_cond_wait

GLIBC_2.3.2 () from /lib64/libc.so.6
#2  0x000014b31be76c19 in ?? ()
#3  0x0000000000000000 in ?? ()

Thread 4 (Thread 0x14b32f5ff640 (LWP 249) "python3"):
#0  0x000014b3616868ba in __futex_abstimed_wait_common () from /lib64/libc.so.6
#1  0x000014b3616890c0 in pthread_cond_wait

GLIBC_2.3.2 () from /lib64/libc.so.6
#2  0x000014b35e8d1820 in __gthread_cond_wait (__mutex=<optimized out>, __cond=<optimized out>) at /data/cmsbld/jenkins/workspace/jenkins-test-bootstrap/toolconf/BUILD/el9_amd64_gcc11/external/gcc/11.4.1-30ebdc301ebd200f2ae0e3d880258e65/gcc-11.4.1/obj/x86_64-redhat-linux-gnu/libstdc++-v3/include/x86_64-redhat-linux-gnu/bits/gthr-default.h:865
#3  std::__condvar::wait (__m=..., this=<optimized out>) at /data/cmsbld/jenkins/workspace/jenkins-test-bootstrap/toolconf/BUILD/el9_amd64_gcc11/external/gcc/11.4.1-30ebdc301ebd200f2ae0e3d880258e65/gcc-11.4.1/obj/x86_64-redhat-linux-gnu/libstdc++-v3/include/bits/std_mutex.h:155
#4  std::condition_variable::wait (this=<optimized out>, __lock=...) at ../../../../../libstdc++-v3/src/c++11/condition_variable.cc:41
#5  0x000014b341844743 in Eigen::ThreadPoolTempl<tensorflow::thread::EigenEnvironment>::WaitForWork(Eigen::EventCount::Waiter*, tensorflow::thread::EigenEnvironment::Task*) () from /cvmfs/cms.cern.ch/el9_amd64_gcc11/external/py3-tensorflow/2.6.4-b4f48218503141d57481e3883c4fc2d8/lib/python3.9/site-packages/tensorflow/python/_pywrap_tensorflow_internal.so
#6  0x000014b341844cfa in Eigen::ThreadPoolTempl<tensorflow::thread::EigenEnvironment>::WorkerLoop(int) () from /cvmfs/cms.cern.ch/el9_amd64_gcc11/external/py3-tensorflow/2.6.4-b4f48218503141d57481e3883c4fc2d8/lib/python3.9/site-packages/tensorflow/python/_pywrap_tensorflow_internal.so
#7  0x000014b341841898 in std::_Function_handler<void (), tensorflow::thread::EigenEnvironment::CreateThread(std::function<void ()>)::{lambda()#1}>::_M_invoke(std::_Any_data const&) () from /cvmfs/cms.cern.ch/el9_amd64_gcc11/external/py3-tensorflow/2.6.4-b4f48218503141d57481e3883c4fc2d8/lib/python3.9/site-packages/tensorflow/python/_pywrap_tensorflow_internal.so
#8  0x000014b33d12d220 in tensorflow::(anonymous namespace)::PThread::ThreadFn(void*) () from /cvmfs/cms.cern.ch/el9_amd64_gcc11/external/py3-tensorflow/2.6.4-b4f48218503141d57481e3883c4fc2d8/lib/python3.9/site-packages/tensorflow/python/../libtensorflow_framework.so.2
#9  0x000014b361689d22 in start_thread () from /lib64/libc.so.6
#10 0x000014b36170ed40 in clone3 () from /lib64/libc.so.6

Thread 3 (Thread 0x14b32fbfe640 (LWP 248) "python3"):
#0  0x000014b3616868ba in __futex_abstimed_wait_common () from /lib64/libc.so.6
#1  0x000014b3616890c0 in pthread_cond_wait

GLIBC_2.3.2 () from /lib64/libc.so.6
#2  0x000014b35e8d1820 in __gthread_cond_wait (__mutex=<optimized out>, __cond=<optimized out>) at /data/cmsbld/jenkins/workspace/jenkins-test-bootstrap/toolconf/BUILD/el9_amd64_gcc11/external/gcc/11.4.1-30ebdc301ebd200f2ae0e3d880258e65/gcc-11.4.1/obj/x86_64-redhat-linux-gnu/libstdc++-v3/include/x86_64-redhat-linux-gnu/bits/gthr-default.h:865
#3  std::__condvar::wait (__m=..., this=<optimized out>) at /data/cmsbld/jenkins/workspace/jenkins-test-bootstrap/toolconf/BUILD/el9_amd64_gcc11/external/gcc/11.4.1-30ebdc301ebd200f2ae0e3d880258e65/gcc-11.4.1/obj/x86_64-redhat-linux-gnu/libstdc++-v3/include/bits/std_mutex.h:155
#4  std::condition_variable::wait (this=<optimized out>, __lock=...) at ../../../../../libstdc++-v3/src/c++11/condition_variable.cc:41
#5  0x000014b341844743 in Eigen::ThreadPoolTempl<tensorflow::thread::EigenEnvironment>::WaitForWork(Eigen::EventCount::Waiter*, tensorflow::thread::EigenEnvironment::Task*) () from /cvmfs/cms.cern.ch/el9_amd64_gcc11/external/py3-tensorflow/2.6.4-b4f48218503141d57481e3883c4fc2d8/lib/python3.9/site-packages/tensorflow/python/_pywrap_tensorflow_internal.so
#6  0x000014b341844cfa in Eigen::ThreadPoolTempl<tensorflow::thread::EigenEnvironment>::WorkerLoop(int) () from /cvmfs/cms.cern.ch/el9_amd64_gcc11/external/py3-tensorflow/2.6.4-b4f48218503141d57481e3883c4fc2d8/lib/python3.9/site-packages/tensorflow/python/_pywrap_tensorflow_internal.so
#7  0x000014b341841898 in std::_Function_handler<void (), tensorflow::thread::EigenEnvironment::CreateThread(std::function<void ()>)::{lambda()#1}>::_M_invoke(std::_Any_data const&) () from /cvmfs/cms.cern.ch/el9_amd64_gcc11/external/py3-tensorflow/2.6.4-b4f48218503141d57481e3883c4fc2d8/lib/python3.9/site-packages/tensorflow/python/_pywrap_tensorflow_internal.so
#8  0x000014b33d12d220 in tensorflow::(anonymous namespace)::PThread::ThreadFn(void*) () from /cvmfs/cms.cern.ch/el9_amd64_gcc11/external/py3-tensorflow/2.6.4-b4f48218503141d57481e3883c4fc2d8/lib/python3.9/site-packages/tensorflow/python/../libtensorflow_framework.so.2
#9  0x000014b361689d22 in start_thread () from /lib64/libc.so.6
#10 0x000014b36170ed40 in clone3 () from /lib64/libc.so.6

Thread 2 (Thread 0x14b32fdff640 (LWP 247) "python3"):
#0  0x000014b3616868ba in __futex_abstimed_wait_common () from /lib64/libc.so.6
#1  0x000014b3616890c0 in pthread_cond_wait

GLIBC_2.3.2 () from /lib64/libc.so.6
#2  0x000014b35e8d1820 in __gthread_cond_wait (__mutex=<optimized out>, __cond=<optimized out>) at /data/cmsbld/jenkins/workspace/jenkins-test-bootstrap/toolconf/BUILD/el9_amd64_gcc11/external/gcc/11.4.1-30ebdc301ebd200f2ae0e3d880258e65/gcc-11.4.1/obj/x86_64-redhat-linux-gnu/libstdc++-v3/include/x86_64-redhat-linux-gnu/bits/gthr-default.h:865
#3  std::__condvar::wait (__m=..., this=<optimized out>) at /data/cmsbld/jenkins/workspace/jenkins-test-bootstrap/toolconf/BUILD/el9_amd64_gcc11/external/gcc/11.4.1-30ebdc301ebd200f2ae0e3d880258e65/gcc-11.4.1/obj/x86_64-redhat-linux-gnu/libstdc++-v3/include/bits/std_mutex.h:155
#4  std::condition_variable::wait (this=<optimized out>, __lock=...) at ../../../../../libstdc++-v3/src/c++11/condition_variable.cc:41
#5  0x000014b341844743 in Eigen::ThreadPoolTempl<tensorflow::thread::EigenEnvironment>::WaitForWork(Eigen::EventCount::Waiter*, tensorflow::thread::EigenEnvironment::Task*) () from /cvmfs/cms.cern.ch/el9_amd64_gcc11/external/py3-tensorflow/2.6.4-b4f48218503141d57481e3883c4fc2d8/lib/python3.9/site-packages/tensorflow/python/_pywrap_tensorflow_internal.so
#6  0x000014b341844cfa in Eigen::ThreadPoolTempl<tensorflow::thread::EigenEnvironment>::WorkerLoop(int) () from /cvmfs/cms.cern.ch/el9_amd64_gcc11/external/py3-tensorflow/2.6.4-b4f48218503141d57481e3883c4fc2d8/lib/python3.9/site-packages/tensorflow/python/_pywrap_tensorflow_internal.so
#7  0x000014b341841898 in std::_Function_handler<void (), tensorflow::thread::EigenEnvironment::CreateThread(std::function<void ()>)::{lambda()#1}>::_M_invoke(std::_Any_data const&) () from /cvmfs/cms.cern.ch/el9_amd64_gcc11/external/py3-tensorflow/2.6.4-b4f48218503141d57481e3883c4fc2d8/lib/python3.9/site-packages/tensorflow/python/_pywrap_tensorflow_internal.so
#8  0x000014b33d12d220 in tensorflow::(anonymous namespace)::PThread::ThreadFn(void*) () from /cvmfs/cms.cern.ch/el9_amd64_gcc11/external/py3-tensorflow/2.6.4-b4f48218503141d57481e3883c4fc2d8/lib/python3.9/site-packages/tensorflow/python/../libtensorflow_framework.so.2
#9  0x000014b361689d22 in start_thread () from /lib64/libc.so.6
#10 0x000014b36170ed40 in clone3 () from /lib64/libc.so.6

Thread 1 (Thread 0x14b361e53740 (LWP 246) "python3"):
#0  0x000014b3616d8b3f in wait4 () from /lib64/libc.so.6
#1  0x000014b36164b283 in do_system () from /lib64/libc.so.6
#2  0x000014b312cf556c in TUnixSystem::StackTrace() () from /cvmfs/cms.cern.ch/el9_amd64_gcc11/lcg/root/6.26.11-ea0f25eb88caa7bc944662d3a9640e9f/lib/libCore.so
#3  0x000014b312f34ee3 in (anonymous namespace)::TExceptionHandlerImp::HandleException(int) () from /cvmfs/cms.cern.ch/el9_amd64_gcc11/lcg/root/6.26.11-ea0f25eb88caa7bc944662d3a9640e9f/lib/libcppyy_backend3_9.so
#4  0x000014b312cf2ae1 in TUnixSystem::DispatchSignals(ESignals) () from /cvmfs/cms.cern.ch/el9_amd64_gcc11/lcg/root/6.26.11-ea0f25eb88caa7bc944662d3a9640e9f/lib/libCore.so
#5  <signal handler called>
#6  0x000014b31e0cee80 in ?? ()
#7  0x000014b361c3e71f in atexit_callfuncs (module=<optimized out>) at ./Modules/atexitmodule.c:93
#8  0x000014b361bd7f20 in call_py_exitfuncs (tstate=0x1fdfb80) at Python/pylifecycle.c:2374
#9  Py_FinalizeEx () at Python/pylifecycle.c:1373
#10 Py_FinalizeEx () at Python/pylifecycle.c:1345
#11 0x000014b361bfb225 in Py_RunMain () at Modules/main.c:679
#12 0x000014b361bfb997 in pymain_main (args=0x7fff70394580) at Modules/main.c:707
#13 Py_BytesMain (argc=<optimized out>, argv=<optimized out>) at Modules/main.c:731
#14 0x000014b3616295d0 in __libc_start_call_main () from /lib64/libc.so.6
#15 0x000014b361629680 in __libc_start_main_impl () from /lib64/libc.so.6
#16 0x0000000000401075 in _start ()
===========================================================


The lines below might hint at the cause of the crash.
You may get help by asking at the ROOT forum https://root.cern/forum
Only if you are really convinced it is a bug in ROOT then please submit a
report at https://root.cern/bugs Please post the ENTIRE stack trace
from above as an attachment in addition to anything else
that might help us fixing this issue.
===========================================================
#6  0x000014b31e0cee80 in ?? ()
#7  0x000014b361c3e71f in atexit_callfuncs (module=<optimized out>) at ./Modules/atexitmodule.c:93
#8  0x000014b361bd7f20 in call_py_exitfuncs (tstate=0x1fdfb80) at Python/pylifecycle.c:2374
#9  Py_FinalizeEx () at Python/pylifecycle.c:1373
#10 Py_FinalizeEx () at Python/pylifecycle.c:1345
#11 0x000014b361bfb225 in Py_RunMain () at Modules/main.c:679
#12 0x000014b361bfb997 in pymain_main (args=0x7fff70394580) at Modules/main.c:707
#13 Py_BytesMain (argc=<optimized out>, argv=<optimized out>) at Modules/main.c:731
#14 0x000014b3616295d0 in __libc_start_call_main () from /lib64/libc.so.6
#15 0x000014b361629680 in __libc_start_main_impl () from /lib64/libc.so.6
#16 0x0000000000401075 in _start ()
===========================================================


 *** Break *** bus error



===========================================================
There was a crash.
This is the entire stack trace of all threads:
===========================================================

Thread 71 (Thread 0x14b1ba5f2640 (LWP 928456) "python3"):
#0  0x000014b36170723d in syscall () from /lib64/libc.so.6
#1  0x000014b34cbcb729 in nsync::nsync_mu_semaphore_p_with_deadline(nsync::nsync_semaphore_s_*, timespec) () from /cvmfs/cms.cern.ch/el9_amd64_gcc11/external/py3-tensorflow/2.6.4-b4f48218503141d57481e3883c4fc2d8/lib/python3.9/site-packages/tensorflow/python/_pywrap_tensorflow_internal.so
#2  0x000014b34cbc849b in nsync::nsync_cv_wait_with_deadline_generic(nsync::nsync_cv_s_*, void*, void (*)(void*), void (*)(void*), timespec, nsync::nsync_note_s_*) () from /cvmfs/cms.cern.ch/el9_amd64_gcc11/external/py3-tensorflow/2.6.4-b4f48218503141d57481e3883c4fc2d8/lib/python3.9/site-packages/tensorflow/python/_pywrap_tensorflow_internal.so
#3  0x000014b34cbc89c3 in nsync::nsync_cv_wait_with_deadline(nsync::nsync_cv_s_*, nsync::nsync_mu_s_*, timespec, nsync::nsync_note_s_*) () from /cvmfs/cms.cern.ch/el9_amd64_gcc11/external/py3-tensorflow/2.6.4-b4f48218503141d57481e3883c4fc2d8/lib/python3.9/site-packages/tensorflow/python/_pywrap_tensorflow_internal.so
#4  0x000014b33cb0cc7c in tensorflow::data::BackgroundWorker::WorkerLoop() () from /cvmfs/cms.cern.ch/el9_amd64_gcc11/external/py3-tensorflow/2.6.4-b4f48218503141d57481e3883c4fc2d8/lib/python3.9/site-packages/tensorflow/python/../libtensorflow_framework.so.2
#5  0x000014b33d12d220 in tensorflow::(anonymous namespace)::PThread::ThreadFn(void*) () from /cvmfs/cms.cern.ch/el9_amd64_gcc11/external/py3-tensorflow/2.6.4-b4f48218503141d57481e3883c4fc2d8/lib/python3.9/site-packages/tensorflow/python/../libtensorflow_framework.so.2
#6  0x000014b361689d22 in start_thread () from /lib64/libc.so.6
#7  0x000014b36170ed40 in clone3 () from /lib64/libc.so.6

Thread 70 (Thread 0x14b229e06640 (LWP 928388) "python3"):
#0  0x000014b36170723d in syscall () from /lib64/libc.so.6
#1  0x000014b34cbcb729 in nsync::nsync_mu_semaphore_p_with_deadline(nsync::nsync_semaphore_s_*, timespec) () from /cvmfs/cms.cern.ch/el9_amd64_gcc11/external/py3-tensorflow/2.6.4-b4f48218503141d57481e3883c4fc2d8/lib/python3.9/site-packages/tensorflow/python/_pywrap_tensorflow_internal.so
#2  0x000014b34cbc849b in nsync::nsync_cv_wait_with_deadline_generic(nsync::nsync_cv_s_*, void*, void (*)(void*), void (*)(void*), timespec, nsync::nsync_note_s_*) () from /cvmfs/cms.cern.ch/el9_amd64_gcc11/external/py3-tensorflow/2.6.4-b4f48218503141d57481e3883c4fc2d8/lib/python3.9/site-packages/tensorflow/python/_pywrap_tensorflow_internal.so
#3  0x000014b34cbc89c3 in nsync::nsync_cv_wait_with_deadline(nsync::nsync_cv_s_*, nsync::nsync_mu_s_*, timespec, nsync::nsync_note_s_*) () from /cvmfs/cms.cern.ch/el9_amd64_gcc11/external/py3-tensorflow/2.6.4-b4f48218503141d57481e3883c4fc2d8/lib/python3.9/site-packages/tensorflow/python/_pywrap_tensorflow_internal.so
#4  0x000014b33cb0cc7c in tensorflow::data::BackgroundWorker::WorkerLoop() () from /cvmfs/cms.cern.ch/el9_amd64_gcc11/external/py3-tensorflow/2.6.4-b4f48218503141d57481e3883c4fc2d8/lib/python3.9/site-packages/tensorflow/python/../libtensorflow_framework.so.2
#5  0x000014b33d12d220 in tensorflow::(anonymous namespace)::PThread::ThreadFn(void*) () from /cvmfs/cms.cern.ch/el9_amd64_gcc11/external/py3-tensorflow/2.6.4-b4f48218503141d57481e3883c4fc2d8/lib/python3.9/site-packages/tensorflow/python/../libtensorflow_framework.so.2
#6  0x000014b361689d22 in start_thread () from /lib64/libc.so.6
#7  0x000014b36170ed40 in clone3 () from /lib64/libc.so.6

Thread 69 (Thread 0x14b2845e2640 (LWP 330) "python3"):
#0  0x000014b3616868ba in __futex_abstimed_wait_common () from /lib64/libc.so.6
#1  0x000014b3616890c0 in pthread_cond_wait

GLIBC_2.3.2 () from /lib64/libc.so.6
#2  0x000014b35e8d1820 in __gthread_cond_wait (__mutex=<optimized out>, __cond=<optimized out>) at /data/cmsbld/jenkins/workspace/jenkins-test-bootstrap/toolconf/BUILD/el9_amd64_gcc11/external/gcc/11.4.1-30ebdc301ebd200f2ae0e3d880258e65/gcc-11.4.1/obj/x86_64-redhat-linux-gnu/libstdc++-v3/include/x86_64-redhat-linux-gnu/bits/gthr-default.h:865
#3  std::__condvar::wait (__m=..., this=<optimized out>) at /data/cmsbld/jenkins/workspace/jenkins-test-bootstrap/toolconf/BUILD/el9_amd64_gcc11/external/gcc/11.4.1-30ebdc301ebd200f2ae0e3d880258e65/gcc-11.4.1/obj/x86_64-redhat-linux-gnu/libstdc++-v3/include/bits/std_mutex.h:155
#4  std::condition_variable::wait (this=<optimized out>, __lock=...) at ../../../../../libstdc++-v3/src/c++11/condition_variable.cc:41
#5  0x000014b341844743 in Eigen::ThreadPoolTempl<tensorflow::thread::EigenEnvironment>::WaitForWork(Eigen::EventCount::Waiter*, tensorflow::thread::EigenEnvironment::Task*) () from /cvmfs/cms.cern.ch/el9_amd64_gcc11/external/py3-tensorflow/2.6.4-b4f48218503141d57481e3883c4fc2d8/lib/python3.9/site-packages/tensorflow/python/_pywrap_tensorflow_internal.so
#6  0x000014b341844e2e in Eigen::ThreadPoolTempl<tensorflow::thread::EigenEnvironment>::WorkerLoop(int) () from /cvmfs/cms.cern.ch/el9_amd64_gcc11/external/py3-tensorflow/2.6.4-b4f48218503141d57481e3883c4fc2d8/lib/python3.9/site-packages/tensorflow/python/_pywrap_tensorflow_internal.so
#7  0x000014b341841898 in std::_Function_handler<void (), tensorflow::thread::EigenEnvironment::CreateThread(std::function<void ()>)::{lambda()#1}>::_M_invoke(std::_Any_data const&) () from /cvmfs/cms.cern.ch/el9_amd64_gcc11/external/py3-tensorflow/2.6.4-b4f48218503141d57481e3883c4fc2d8/lib/python3.9/site-packages/tensorflow/python/_pywrap_tensorflow_internal.so
#8  0x000014b33d12d220 in tensorflow::(anonymous namespace)::PThread::ThreadFn(void*) () from /cvmfs/cms.cern.ch/el9_amd64_gcc11/external/py3-tensorflow/2.6.4-b4f48218503141d57481e3883c4fc2d8/lib/python3.9/site-packages/tensorflow/python/../libtensorflow_framework.so.2
#9  0x000014b361689d22 in start_thread () from /lib64/libc.so.6
#10 0x000014b36170ed40 in clone3 () from /lib64/libc.so.6

Thread 68 (Thread 0x14b2847e3640 (LWP 329) "python3"):
#0  0x000014b3616868ba in __futex_abstimed_wait_common () from /lib64/libc.so.6
#1  0x000014b3616890c0 in pthread_cond_wait

GLIBC_2.3.2 () from /lib64/libc.so.6
#2  0x000014b35e8d1820 in __gthread_cond_wait (__mutex=<optimized out>, __cond=<optimized out>) at /data/cmsbld/jenkins/workspace/jenkins-test-bootstrap/toolconf/BUILD/el9_amd64_gcc11/external/gcc/11.4.1-30ebdc301ebd200f2ae0e3d880258e65/gcc-11.4.1/obj/x86_64-redhat-linux-gnu/libstdc++-v3/include/x86_64-redhat-linux-gnu/bits/gthr-default.h:865
#3  std::__condvar::wait (__m=..., this=<optimized out>) at /data/cmsbld/jenkins/workspace/jenkins-test-bootstrap/toolconf/BUILD/el9_amd64_gcc11/external/gcc/11.4.1-30ebdc301ebd200f2ae0e3d880258e65/gcc-11.4.1/obj/x86_64-redhat-linux-gnu/libstdc++-v3/include/bits/std_mutex.h:155
#4  std::condition_variable::wait (this=<optimized out>, __lock=...) at ../../../../../libstdc++-v3/src/c++11/condition_variable.cc:41
#5  0x000014b341844743 in Eigen::ThreadPoolTempl<tensorflow::thread::EigenEnvironment>::WaitForWork(Eigen::EventCount::Waiter*, tensorflow::thread::EigenEnvironment::Task*) () from /cvmfs/cms.cern.ch/el9_amd64_gcc11/external/py3-tensorflow/2.6.4-b4f48218503141d57481e3883c4fc2d8/lib/python3.9/site-packages/tensorflow/python/_pywrap_tensorflow_internal.so
#6  0x000014b341844e2e in Eigen::ThreadPoolTempl<tensorflow::thread::EigenEnvironment>::WorkerLoop(int) () from /cvmfs/cms.cern.ch/el9_amd64_gcc11/external/py3-tensorflow/2.6.4-b4f48218503141d57481e3883c4fc2d8/lib/python3.9/site-packages/tensorflow/python/_pywrap_tensorflow_internal.so
#7  0x000014b341841898 in std::_Function_handler<void (), tensorflow::thread::EigenEnvironment::CreateThread(std::function<void ()>)::{lambda()#1}>::_M_invoke(std::_Any_data const&) () from /cvmfs/cms.cern.ch/el9_amd64_gcc11/external/py3-tensorflow/2.6.4-b4f48218503141d57481e3883c4fc2d8/lib/python3.9/site-packages/tensorflow/python/_pywrap_tensorflow_internal.so
#8  0x000014b33d12d220 in tensorflow::(anonymous namespace)::PThread::ThreadFn(void*) () from /cvmfs/cms.cern.ch/el9_amd64_gcc11/external/py3-tensorflow/2.6.4-b4f48218503141d57481e3883c4fc2d8/lib/python3.9/site-packages/tensorflow/python/../libtensorflow_framework.so.2
#9  0x000014b361689d22 in start_thread () from /lib64/libc.so.6
#10 0x000014b36170ed40 in clone3 () from /lib64/libc.so.6

Thread 67 (Thread 0x14b2849e4640 (LWP 328) "python3"):
#0  0x000014b3616868ba in __futex_abstimed_wait_common () from /lib64/libc.so.6
#1  0x000014b3616890c0 in pthread_cond_wait

GLIBC_2.3.2 () from /lib64/libc.so.6
#2  0x000014b35e8d1820 in __gthread_cond_wait (__mutex=<optimized out>, __cond=<optimized out>) at /data/cmsbld/jenkins/workspace/jenkins-test-bootstrap/toolconf/BUILD/el9_amd64_gcc11/external/gcc/11.4.1-30ebdc301ebd200f2ae0e3d880258e65/gcc-11.4.1/obj/x86_64-redhat-linux-gnu/libstdc++-v3/include/x86_64-redhat-linux-gnu/bits/gthr-default.h:865
#3  std::__condvar::wait (__m=..., this=<optimized out>) at /data/cmsbld/jenkins/workspace/jenkins-test-bootstrap/toolconf/BUILD/el9_amd64_gcc11/external/gcc/11.4.1-30ebdc301ebd200f2ae0e3d880258e65/gcc-11.4.1/obj/x86_64-redhat-linux-gnu/libstdc++-v3/include/bits/std_mutex.h:155
#4  std::condition_variable::wait (this=<optimized out>, __lock=...) at ../../../../../libstdc++-v3/src/c++11/condition_variable.cc:41
#5  0x000014b341844743 in Eigen::ThreadPoolTempl<tensorflow::thread::EigenEnvironment>::WaitForWork(Eigen::EventCount::Waiter*, tensorflow::thread::EigenEnvironment::Task*) () from /cvmfs/cms.cern.ch/el9_amd64_gcc11/external/py3-tensorflow/2.6.4-b4f48218503141d57481e3883c4fc2d8/lib/python3.9/site-packages/tensorflow/python/_pywrap_tensorflow_internal.so
#6  0x000014b341844e2e in Eigen::ThreadPoolTempl<tensorflow::thread::EigenEnvironment>::WorkerLoop(int) () from /cvmfs/cms.cern.ch/el9_amd64_gcc11/external/py3-tensorflow/2.6.4-b4f48218503141d57481e3883c4fc2d8/lib/python3.9/site-packages/tensorflow/python/_pywrap_tensorflow_internal.so
#7  0x000014b341841898 in std::_Function_handler<void (), tensorflow::thread::EigenEnvironment::CreateThread(std::function<void ()>)::{lambda()#1}>::_M_invoke(std::_Any_data const&) () from /cvmfs/cms.cern.ch/el9_amd64_gcc11/external/py3-tensorflow/2.6.4-b4f48218503141d57481e3883c4fc2d8/lib/python3.9/site-packages/tensorflow/python/_pywrap_tensorflow_internal.so
#8  0x000014b33d12d220 in tensorflow::(anonymous namespace)::PThread::ThreadFn(void*) () from /cvmfs/cms.cern.ch/el9_amd64_gcc11/external/py3-tensorflow/2.6.4-b4f48218503141d57481e3883c4fc2d8/lib/python3.9/site-packages/tensorflow/python/../libtensorflow_framework.so.2
#9  0x000014b361689d22 in start_thread () from /lib64/libc.so.6
#10 0x000014b36170ed40 in clone3 () from /lib64/libc.so.6

Thread 66 (Thread 0x14b284be5640 (LWP 327) "python3"):
#0  0x000014b3616868ba in __futex_abstimed_wait_common () from /lib64/libc.so.6
#1  0x000014b3616890c0 in pthread_cond_wait

GLIBC_2.3.2 () from /lib64/libc.so.6
#2  0x000014b35e8d1820 in __gthread_cond_wait (__mutex=<optimized out>, __cond=<optimized out>) at /data/cmsbld/jenkins/workspace/jenkins-test-bootstrap/toolconf/BUILD/el9_amd64_gcc11/external/gcc/11.4.1-30ebdc301ebd200f2ae0e3d880258e65/gcc-11.4.1/obj/x86_64-redhat-linux-gnu/libstdc++-v3/include/x86_64-redhat-linux-gnu/bits/gthr-default.h:865
#3  std::__condvar::wait (__m=..., this=<optimized out>) at /data/cmsbld/jenkins/workspace/jenkins-test-bootstrap/toolconf/BUILD/el9_amd64_gcc11/external/gcc/11.4.1-30ebdc301ebd200f2ae0e3d880258e65/gcc-11.4.1/obj/x86_64-redhat-linux-gnu/libstdc++-v3/include/bits/std_mutex.h:155
#4  std::condition_variable::wait (this=<optimized out>, __lock=...) at ../../../../../libstdc++-v3/src/c++11/condition_variable.cc:41
#5  0x000014b341844743 in Eigen::ThreadPoolTempl<tensorflow::thread::EigenEnvironment>::WaitForWork(Eigen::EventCount::Waiter*, tensorflow::thread::EigenEnvironment::Task*) () from /cvmfs/cms.cern.ch/el9_amd64_gcc11/external/py3-tensorflow/2.6.4-b4f48218503141d57481e3883c4fc2d8/lib/python3.9/site-packages/tensorflow/python/_pywrap_tensorflow_internal.so
#6  0x000014b341844e2e in Eigen::ThreadPoolTempl<tensorflow::thread::EigenEnvironment>::WorkerLoop(int) () from /cvmfs/cms.cern.ch/el9_amd64_gcc11/external/py3-tensorflow/2.6.4-b4f48218503141d57481e3883c4fc2d8/lib/python3.9/site-packages/tensorflow/python/_pywrap_tensorflow_internal.so
#7  0x000014b341841898 in std::_Function_handler<void (), tensorflow::thread::EigenEnvironment::CreateThread(std::function<void ()>)::{lambda()#1}>::_M_invoke(std::_Any_data const&) () from /cvmfs/cms.cern.ch/el9_amd64_gcc11/external/py3-tensorflow/2.6.4-b4f48218503141d57481e3883c4fc2d8/lib/python3.9/site-packages/tensorflow/python/_pywrap_tensorflow_internal.so
#8  0x000014b33d12d220 in tensorflow::(anonymous namespace)::PThread::ThreadFn(void*) () from /cvmfs/cms.cern.ch/el9_amd64_gcc11/external/py3-tensorflow/2.6.4-b4f48218503141d57481e3883c4fc2d8/lib/python3.9/site-packages/tensorflow/python/../libtensorflow_framework.so.2
#9  0x000014b361689d22 in start_thread () from /lib64/libc.so.6
#10 0x000014b36170ed40 in clone3 () from /lib64/libc.so.6

Thread 65 (Thread 0x14b284de6640 (LWP 326) "python3"):
#0  0x000014b3616868ba in __futex_abstimed_wait_common () from /lib64/libc.so.6
#1  0x000014b3616890c0 in pthread_cond_wait

GLIBC_2.3.2 () from /lib64/libc.so.6
#2  0x000014b35e8d1820 in __gthread_cond_wait (__mutex=<optimized out>, __cond=<optimized out>) at /data/cmsbld/jenkins/workspace/jenkins-test-bootstrap/toolconf/BUILD/el9_amd64_gcc11/external/gcc/11.4.1-30ebdc301ebd200f2ae0e3d880258e65/gcc-11.4.1/obj/x86_64-redhat-linux-gnu/libstdc++-v3/include/x86_64-redhat-linux-gnu/bits/gthr-default.h:865
#3  std::__condvar::wait (__m=..., this=<optimized out>) at /data/cmsbld/jenkins/workspace/jenkins-test-bootstrap/toolconf/BUILD/el9_amd64_gcc11/external/gcc/11.4.1-30ebdc301ebd200f2ae0e3d880258e65/gcc-11.4.1/obj/x86_64-redhat-linux-gnu/libstdc++-v3/include/bits/std_mutex.h:155
#4  std::condition_variable::wait (this=<optimized out>, __lock=...) at ../../../../../libstdc++-v3/src/c++11/condition_variable.cc:41
#5  0x000014b341844743 in Eigen::ThreadPoolTempl<tensorflow::thread::EigenEnvironment>::WaitForWork(Eigen::EventCount::Waiter*, tensorflow::thread::EigenEnvironment::Task*) () from /cvmfs/cms.cern.ch/el9_amd64_gcc11/external/py3-tensorflow/2.6.4-b4f48218503141d57481e3883c4fc2d8/lib/python3.9/site-packages/tensorflow/python/_pywrap_tensorflow_internal.so
#6  0x000014b341844e2e in Eigen::ThreadPoolTempl<tensorflow::thread::EigenEnvironment>::WorkerLoop(int) () from /cvmfs/cms.cern.ch/el9_amd64_gcc11/external/py3-tensorflow/2.6.4-b4f48218503141d57481e3883c4fc2d8/lib/python3.9/site-packages/tensorflow/python/_pywrap_tensorflow_internal.so
#7  0x000014b341841898 in std::_Function_handler<void (), tensorflow::thread::EigenEnvironment::CreateThread(std::function<void ()>)::{lambda()#1}>::_M_invoke(std::_Any_data const&) () from /cvmfs/cms.cern.ch/el9_amd64_gcc11/external/py3-tensorflow/2.6.4-b4f48218503141d57481e3883c4fc2d8/lib/python3.9/site-packages/tensorflow/python/_pywrap_tensorflow_internal.so
#8  0x000014b33d12d220 in tensorflow::(anonymous namespace)::PThread::ThreadFn(void*) () from /cvmfs/cms.cern.ch/el9_amd64_gcc11/external/py3-tensorflow/2.6.4-b4f48218503141d57481e3883c4fc2d8/lib/python3.9/site-packages/tensorflow/python/../libtensorflow_framework.so.2
#9  0x000014b361689d22 in start_thread () from /lib64/libc.so.6
#10 0x000014b36170ed40 in clone3 () from /lib64/libc.so.6

Thread 64 (Thread 0x14b284fe7640 (LWP 325) "python3"):
#0  0x000014b3616868ba in __futex_abstimed_wait_common () from /lib64/libc.so.6
#1  0x000014b3616890c0 in pthread_cond_wait

GLIBC_2.3.2 () from /lib64/libc.so.6
#2  0x000014b35e8d1820 in __gthread_cond_wait (__mutex=<optimized out>, __cond=<optimized out>) at /data/cmsbld/jenkins/workspace/jenkins-test-bootstrap/toolconf/BUILD/el9_amd64_gcc11/external/gcc/11.4.1-30ebdc301ebd200f2ae0e3d880258e65/gcc-11.4.1/obj/x86_64-redhat-linux-gnu/libstdc++-v3/include/x86_64-redhat-linux-gnu/bits/gthr-default.h:865
#3  std::__condvar::wait (__m=..., this=<optimized out>) at /data/cmsbld/jenkins/workspace/jenkins-test-bootstrap/toolconf/BUILD/el9_amd64_gcc11/external/gcc/11.4.1-30ebdc301ebd200f2ae0e3d880258e65/gcc-11.4.1/obj/x86_64-redhat-linux-gnu/libstdc++-v3/include/bits/std_mutex.h:155
#4  std::condition_variable::wait (this=<optimized out>, __lock=...) at ../../../../../libstdc++-v3/src/c++11/condition_variable.cc:41
#5  0x000014b341844743 in Eigen::ThreadPoolTempl<tensorflow::thread::EigenEnvironment>::WaitForWork(Eigen::EventCount::Waiter*, tensorflow::thread::EigenEnvironment::Task*) () from /cvmfs/cms.cern.ch/el9_amd64_gcc11/external/py3-tensorflow/2.6.4-b4f48218503141d57481e3883c4fc2d8/lib/python3.9/site-packages/tensorflow/python/_pywrap_tensorflow_internal.so
#6  0x000014b341844e2e in Eigen::ThreadPoolTempl<tensorflow::thread::EigenEnvironment>::WorkerLoop(int) () from /cvmfs/cms.cern.ch/el9_amd64_gcc11/external/py3-tensorflow/2.6.4-b4f48218503141d57481e3883c4fc2d8/lib/python3.9/site-packages/tensorflow/python/_pywrap_tensorflow_internal.so
#7  0x000014b341841898 in std::_Function_handler<void (), tensorflow::thread::EigenEnvironment::CreateThread(std::function<void ()>)::{lambda()#1}>::_M_invoke(std::_Any_data const&) () from /cvmfs/cms.cern.ch/el9_amd64_gcc11/external/py3-tensorflow/2.6.4-b4f48218503141d57481e3883c4fc2d8/lib/python3.9/site-packages/tensorflow/python/_pywrap_tensorflow_internal.so
#8  0x000014b33d12d220 in tensorflow::(anonymous namespace)::PThread::ThreadFn(void*) () from /cvmfs/cms.cern.ch/el9_amd64_gcc11/external/py3-tensorflow/2.6.4-b4f48218503141d57481e3883c4fc2d8/lib/python3.9/site-packages/tensorflow/python/../libtensorflow_framework.so.2
#9  0x000014b361689d22 in start_thread () from /lib64/libc.so.6
#10 0x000014b36170ed40 in clone3 () from /lib64/libc.so.6

Thread 63 (Thread 0x14b2851e8640 (LWP 324) "python3"):
#0  0x000014b3616868ba in __futex_abstimed_wait_common () from /lib64/libc.so.6
#1  0x000014b3616890c0 in pthread_cond_wait

GLIBC_2.3.2 () from /lib64/libc.so.6
#2  0x000014b35e8d1820 in __gthread_cond_wait (__mutex=<optimized out>, __cond=<optimized out>) at /data/cmsbld/jenkins/workspace/jenkins-test-bootstrap/toolconf/BUILD/el9_amd64_gcc11/external/gcc/11.4.1-30ebdc301ebd200f2ae0e3d880258e65/gcc-11.4.1/obj/x86_64-redhat-linux-gnu/libstdc++-v3/include/x86_64-redhat-linux-gnu/bits/gthr-default.h:865
#3  std::__condvar::wait (__m=..., this=<optimized out>) at /data/cmsbld/jenkins/workspace/jenkins-test-bootstrap/toolconf/BUILD/el9_amd64_gcc11/external/gcc/11.4.1-30ebdc301ebd200f2ae0e3d880258e65/gcc-11.4.1/obj/x86_64-redhat-linux-gnu/libstdc++-v3/include/bits/std_mutex.h:155
#4  std::condition_variable::wait (this=<optimized out>, __lock=...) at ../../../../../libstdc++-v3/src/c++11/condition_variable.cc:41
#5  0x000014b341844743 in Eigen::ThreadPoolTempl<tensorflow::thread::EigenEnvironment>::WaitForWork(Eigen::EventCount::Waiter*, tensorflow::thread::EigenEnvironment::Task*) () from /cvmfs/cms.cern.ch/el9_amd64_gcc11/external/py3-tensorflow/2.6.4-b4f48218503141d57481e3883c4fc2d8/lib/python3.9/site-packages/tensorflow/python/_pywrap_tensorflow_internal.so
#6  0x000014b341844e2e in Eigen::ThreadPoolTempl<tensorflow::thread::EigenEnvironment>::WorkerLoop(int) () from /cvmfs/cms.cern.ch/el9_amd64_gcc11/external/py3-tensorflow/2.6.4-b4f48218503141d57481e3883c4fc2d8/lib/python3.9/site-packages/tensorflow/python/_pywrap_tensorflow_internal.so
#7  0x000014b341841898 in std::_Function_handler<void (), tensorflow::thread::EigenEnvironment::CreateThread(std::function<void ()>)::{lambda()#1}>::_M_invoke(std::_Any_data const&) () from /cvmfs/cms.cern.ch/el9_amd64_gcc11/external/py3-tensorflow/2.6.4-b4f48218503141d57481e3883c4fc2d8/lib/python3.9/site-packages/tensorflow/python/_pywrap_tensorflow_internal.so
#8  0x000014b33d12d220 in tensorflow::(anonymous namespace)::PThread::ThreadFn(void*) () from /cvmfs/cms.cern.ch/el9_amd64_gcc11/external/py3-tensorflow/2.6.4-b4f48218503141d57481e3883c4fc2d8/lib/python3.9/site-packages/tensorflow/python/../libtensorflow_framework.so.2
#9  0x000014b361689d22 in start_thread () from /lib64/libc.so.6
#10 0x000014b36170ed40 in clone3 () from /lib64/libc.so.6

Thread 62 (Thread 0x14b2853e9640 (LWP 323) "python3"):
#0  0x000014b3616868ba in __futex_abstimed_wait_common () from /lib64/libc.so.6
#1  0x000014b3616890c0 in pthread_cond_wait

GLIBC_2.3.2 () from /lib64/libc.so.6
#2  0x000014b35e8d1820 in __gthread_cond_wait (__mutex=<optimized out>, __cond=<optimized out>) at /data/cmsbld/jenkins/workspace/jenkins-test-bootstrap/toolconf/BUILD/el9_amd64_gcc11/external/gcc/11.4.1-30ebdc301ebd200f2ae0e3d880258e65/gcc-11.4.1/obj/x86_64-redhat-linux-gnu/libstdc++-v3/include/x86_64-redhat-linux-gnu/bits/gthr-default.h:865
#3  std::__condvar::wait (__m=..., this=<optimized out>) at /data/cmsbld/jenkins/workspace/jenkins-test-bootstrap/toolconf/BUILD/el9_amd64_gcc11/external/gcc/11.4.1-30ebdc301ebd200f2ae0e3d880258e65/gcc-11.4.1/obj/x86_64-redhat-linux-gnu/libstdc++-v3/include/bits/std_mutex.h:155
#4  std::condition_variable::wait (this=<optimized out>, __lock=...) at ../../../../../libstdc++-v3/src/c++11/condition_variable.cc:41
#5  0x000014b341844743 in Eigen::ThreadPoolTempl<tensorflow::thread::EigenEnvironment>::WaitForWork(Eigen::EventCount::Waiter*, tensorflow::thread::EigenEnvironment::Task*) () from /cvmfs/cms.cern.ch/el9_amd64_gcc11/external/py3-tensorflow/2.6.4-b4f48218503141d57481e3883c4fc2d8/lib/python3.9/site-packages/tensorflow/python/_pywrap_tensorflow_internal.so
#6  0x000014b341844e2e in Eigen::ThreadPoolTempl<tensorflow::thread::EigenEnvironment>::WorkerLoop(int) () from /cvmfs/cms.cern.ch/el9_amd64_gcc11/external/py3-tensorflow/2.6.4-b4f48218503141d57481e3883c4fc2d8/lib/python3.9/site-packages/tensorflow/python/_pywrap_tensorflow_internal.so
#7  0x000014b341841898 in std::_Function_handler<void (), tensorflow::thread::EigenEnvironment::CreateThread(std::function<void ()>)::{lambda()#1}>::_M_invoke(std::_Any_data const&) () from /cvmfs/cms.cern.ch/el9_amd64_gcc11/external/py3-tensorflow/2.6.4-b4f48218503141d57481e3883c4fc2d8/lib/python3.9/site-packages/tensorflow/python/_pywrap_tensorflow_internal.so
#8  0x000014b33d12d220 in tensorflow::(anonymous namespace)::PThread::ThreadFn(void*) () from /cvmfs/cms.cern.ch/el9_amd64_gcc11/external/py3-tensorflow/2.6.4-b4f48218503141d57481e3883c4fc2d8/lib/python3.9/site-packages/tensorflow/python/../libtensorflow_framework.so.2
#9  0x000014b361689d22 in start_thread () from /lib64/libc.so.6
#10 0x000014b36170ed40 in clone3 () from /lib64/libc.so.6

Thread 61 (Thread 0x14b2855ea640 (LWP 322) "python3"):
#0  0x000014b3616868ba in __futex_abstimed_wait_common () from /lib64/libc.so.6
#1  0x000014b3616890c0 in pthread_cond_wait

GLIBC_2.3.2 () from /lib64/libc.so.6
#2  0x000014b35e8d1820 in __gthread_cond_wait (__mutex=<optimized out>, __cond=<optimized out>) at /data/cmsbld/jenkins/workspace/jenkins-test-bootstrap/toolconf/BUILD/el9_amd64_gcc11/external/gcc/11.4.1-30ebdc301ebd200f2ae0e3d880258e65/gcc-11.4.1/obj/x86_64-redhat-linux-gnu/libstdc++-v3/include/x86_64-redhat-linux-gnu/bits/gthr-default.h:865
#3  std::__condvar::wait (__m=..., this=<optimized out>) at /data/cmsbld/jenkins/workspace/jenkins-test-bootstrap/toolconf/BUILD/el9_amd64_gcc11/external/gcc/11.4.1-30ebdc301ebd200f2ae0e3d880258e65/gcc-11.4.1/obj/x86_64-redhat-linux-gnu/libstdc++-v3/include/bits/std_mutex.h:155
#4  std::condition_variable::wait (this=<optimized out>, __lock=...) at ../../../../../libstdc++-v3/src/c++11/condition_variable.cc:41
#5  0x000014b341844743 in Eigen::ThreadPoolTempl<tensorflow::thread::EigenEnvironment>::WaitForWork(Eigen::EventCount::Waiter*, tensorflow::thread::EigenEnvironment::Task*) () from /cvmfs/cms.cern.ch/el9_amd64_gcc11/external/py3-tensorflow/2.6.4-b4f48218503141d57481e3883c4fc2d8/lib/python3.9/site-packages/tensorflow/python/_pywrap_tensorflow_internal.so
#6  0x000014b341844e2e in Eigen::ThreadPoolTempl<tensorflow::thread::EigenEnvironment>::WorkerLoop(int) () from /cvmfs/cms.cern.ch/el9_amd64_gcc11/external/py3-tensorflow/2.6.4-b4f48218503141d57481e3883c4fc2d8/lib/python3.9/site-packages/tensorflow/python/_pywrap_tensorflow_internal.so
#7  0x000014b341841898 in std::_Function_handler<void (), tensorflow::thread::EigenEnvironment::CreateThread(std::function<void ()>)::{lambda()#1}>::_M_invoke(std::_Any_data const&) () from /cvmfs/cms.cern.ch/el9_amd64_gcc11/external/py3-tensorflow/2.6.4-b4f48218503141d57481e3883c4fc2d8/lib/python3.9/site-packages/tensorflow/python/_pywrap_tensorflow_internal.so
#8  0x000014b33d12d220 in tensorflow::(anonymous namespace)::PThread::ThreadFn(void*) () from /cvmfs/cms.cern.ch/el9_amd64_gcc11/external/py3-tensorflow/2.6.4-b4f48218503141d57481e3883c4fc2d8/lib/python3.9/site-packages/tensorflow/python/../libtensorflow_framework.so.2
#9  0x000014b361689d22 in start_thread () from /lib64/libc.so.6
#10 0x000014b36170ed40 in clone3 () from /lib64/libc.so.6

Thread 60 (Thread 0x14b2857eb640 (LWP 321) "python3"):
#0  0x000014b3616868ba in __futex_abstimed_wait_common () from /lib64/libc.so.6
#1  0x000014b3616890c0 in pthread_cond_wait

GLIBC_2.3.2 () from /lib64/libc.so.6
#2  0x000014b35e8d1820 in __gthread_cond_wait (__mutex=<optimized out>, __cond=<optimized out>) at /data/cmsbld/jenkins/workspace/jenkins-test-bootstrap/toolconf/BUILD/el9_amd64_gcc11/external/gcc/11.4.1-30ebdc301ebd200f2ae0e3d880258e65/gcc-11.4.1/obj/x86_64-redhat-linux-gnu/libstdc++-v3/include/x86_64-redhat-linux-gnu/bits/gthr-default.h:865
#3  std::__condvar::wait (__m=..., this=<optimized out>) at /data/cmsbld/jenkins/workspace/jenkins-test-bootstrap/toolconf/BUILD/el9_amd64_gcc11/external/gcc/11.4.1-30ebdc301ebd200f2ae0e3d880258e65/gcc-11.4.1/obj/x86_64-redhat-linux-gnu/libstdc++-v3/include/bits/std_mutex.h:155
#4  std::condition_variable::wait (this=<optimized out>, __lock=...) at ../../../../../libstdc++-v3/src/c++11/condition_variable.cc:41
#5  0x000014b341844743 in Eigen::ThreadPoolTempl<tensorflow::thread::EigenEnvironment>::WaitForWork(Eigen::EventCount::Waiter*, tensorflow::thread::EigenEnvironment::Task*) () from /cvmfs/cms.cern.ch/el9_amd64_gcc11/external/py3-tensorflow/2.6.4-b4f48218503141d57481e3883c4fc2d8/lib/python3.9/site-packages/tensorflow/python/_pywrap_tensorflow_internal.so
#6  0x000014b341844e2e in Eigen::ThreadPoolTempl<tensorflow::thread::EigenEnvironment>::WorkerLoop(int) () from /cvmfs/cms.cern.ch/el9_amd64_gcc11/external/py3-tensorflow/2.6.4-b4f48218503141d57481e3883c4fc2d8/lib/python3.9/site-packages/tensorflow/python/_pywrap_tensorflow_internal.so
#7  0x000014b341841898 in std::_Function_handler<void (), tensorflow::thread::EigenEnvironment::CreateThread(std::function<void ()>)::{lambda()#1}>::_M_invoke(std::_Any_data const&) () from /cvmfs/cms.cern.ch/el9_amd64_gcc11/external/py3-tensorflow/2.6.4-b4f48218503141d57481e3883c4fc2d8/lib/python3.9/site-packages/tensorflow/python/_pywrap_tensorflow_internal.so
#8  0x000014b33d12d220 in tensorflow::(anonymous namespace)::PThread::ThreadFn(void*) () from /cvmfs/cms.cern.ch/el9_amd64_gcc11/external/py3-tensorflow/2.6.4-b4f48218503141d57481e3883c4fc2d8/lib/python3.9/site-packages/tensorflow/python/../libtensorflow_framework.so.2
#9  0x000014b361689d22 in start_thread () from /lib64/libc.so.6
#10 0x000014b36170ed40 in clone3 () from /lib64/libc.so.6

Thread 59 (Thread 0x14b2859ec640 (LWP 320) "python3"):
#0  0x000014b3616868ba in __futex_abstimed_wait_common () from /lib64/libc.so.6
#1  0x000014b3616890c0 in pthread_cond_wait

GLIBC_2.3.2 () from /lib64/libc.so.6
#2  0x000014b35e8d1820 in __gthread_cond_wait (__mutex=<optimized out>, __cond=<optimized out>) at /data/cmsbld/jenkins/workspace/jenkins-test-bootstrap/toolconf/BUILD/el9_amd64_gcc11/external/gcc/11.4.1-30ebdc301ebd200f2ae0e3d880258e65/gcc-11.4.1/obj/x86_64-redhat-linux-gnu/libstdc++-v3/include/x86_64-redhat-linux-gnu/bits/gthr-default.h:865
#3  std::__condvar::wait (__m=..., this=<optimized out>) at /data/cmsbld/jenkins/workspace/jenkins-test-bootstrap/toolconf/BUILD/el9_amd64_gcc11/external/gcc/11.4.1-30ebdc301ebd200f2ae0e3d880258e65/gcc-11.4.1/obj/x86_64-redhat-linux-gnu/libstdc++-v3/include/bits/std_mutex.h:155
#4  std::condition_variable::wait (this=<optimized out>, __lock=...) at ../../../../../libstdc++-v3/src/c++11/condition_variable.cc:41
#5  0x000014b341844743 in Eigen::ThreadPoolTempl<tensorflow::thread::EigenEnvironment>::WaitForWork(Eigen::EventCount::Waiter*, tensorflow::thread::EigenEnvironment::Task*) () from /cvmfs/cms.cern.ch/el9_amd64_gcc11/external/py3-tensorflow/2.6.4-b4f48218503141d57481e3883c4fc2d8/lib/python3.9/site-packages/tensorflow/python/_pywrap_tensorflow_internal.so
#6  0x000014b341844e2e in Eigen::ThreadPoolTempl<tensorflow::thread::EigenEnvironment>::WorkerLoop(int) () from /cvmfs/cms.cern.ch/el9_amd64_gcc11/external/py3-tensorflow/2.6.4-b4f48218503141d57481e3883c4fc2d8/lib/python3.9/site-packages/tensorflow/python/_pywrap_tensorflow_internal.so
#7  0x000014b341841898 in std::_Function_handler<void (), tensorflow::thread::EigenEnvironment::CreateThread(std::function<void ()>)::{lambda()#1}>::_M_invoke(std::_Any_data const&) () from /cvmfs/cms.cern.ch/el9_amd64_gcc11/external/py3-tensorflow/2.6.4-b4f48218503141d57481e3883c4fc2d8/lib/python3.9/site-packages/tensorflow/python/_pywrap_tensorflow_internal.so
#8  0x000014b33d12d220 in tensorflow::(anonymous namespace)::PThread::ThreadFn(void*) () from /cvmfs/cms.cern.ch/el9_amd64_gcc11/external/py3-tensorflow/2.6.4-b4f48218503141d57481e3883c4fc2d8/lib/python3.9/site-packages/tensorflow/python/../libtensorflow_framework.so.2
#9  0x000014b361689d22 in start_thread () from /lib64/libc.so.6
#10 0x000014b36170ed40 in clone3 () from /lib64/libc.so.6

Thread 58 (Thread 0x14b285bed640 (LWP 319) "python3"):
#0  0x000014b3616868ba in __futex_abstimed_wait_common () from /lib64/libc.so.6
#1  0x000014b3616890c0 in pthread_cond_wait

GLIBC_2.3.2 () from /lib64/libc.so.6
#2  0x000014b35e8d1820 in __gthread_cond_wait (__mutex=<optimized out>, __cond=<optimized out>) at /data/cmsbld/jenkins/workspace/jenkins-test-bootstrap/toolconf/BUILD/el9_amd64_gcc11/external/gcc/11.4.1-30ebdc301ebd200f2ae0e3d880258e65/gcc-11.4.1/obj/x86_64-redhat-linux-gnu/libstdc++-v3/include/x86_64-redhat-linux-gnu/bits/gthr-default.h:865
#3  std::__condvar::wait (__m=..., this=<optimized out>) at /data/cmsbld/jenkins/workspace/jenkins-test-bootstrap/toolconf/BUILD/el9_amd64_gcc11/external/gcc/11.4.1-30ebdc301ebd200f2ae0e3d880258e65/gcc-11.4.1/obj/x86_64-redhat-linux-gnu/libstdc++-v3/include/bits/std_mutex.h:155
#4  std::condition_variable::wait (this=<optimized out>, __lock=...) at ../../../../../libstdc++-v3/src/c++11/condition_variable.cc:41
#5  0x000014b341844743 in Eigen::ThreadPoolTempl<tensorflow::thread::EigenEnvironment>::WaitForWork(Eigen::EventCount::Waiter*, tensorflow::thread::EigenEnvironment::Task*) () from /cvmfs/cms.cern.ch/el9_amd64_gcc11/external/py3-tensorflow/2.6.4-b4f48218503141d57481e3883c4fc2d8/lib/python3.9/site-packages/tensorflow/python/_pywrap_tensorflow_internal.so
#6  0x000014b341844e2e in Eigen::ThreadPoolTempl<tensorflow::thread::EigenEnvironment>::WorkerLoop(int) () from /cvmfs/cms.cern.ch/el9_amd64_gcc11/external/py3-tensorflow/2.6.4-b4f48218503141d57481e3883c4fc2d8/lib/python3.9/site-packages/tensorflow/python/_pywrap_tensorflow_internal.so
#7  0x000014b341841898 in std::_Function_handler<void (), tensorflow::thread::EigenEnvironment::CreateThread(std::function<void ()>)::{lambda()#1}>::_M_invoke(std::_Any_data const&) () from /cvmfs/cms.cern.ch/el9_amd64_gcc11/external/py3-tensorflow/2.6.4-b4f48218503141d57481e3883c4fc2d8/lib/python3.9/site-packages/tensorflow/python/_pywrap_tensorflow_internal.so
#8  0x000014b33d12d220 in tensorflow::(anonymous namespace)::PThread::ThreadFn(void*) () from /cvmfs/cms.cern.ch/el9_amd64_gcc11/external/py3-tensorflow/2.6.4-b4f48218503141d57481e3883c4fc2d8/lib/python3.9/site-packages/tensorflow/python/../libtensorflow_framework.so.2
#9  0x000014b361689d22 in start_thread () from /lib64/libc.so.6
#10 0x000014b36170ed40 in clone3 () from /lib64/libc.so.6

Thread 57 (Thread 0x14b285dee640 (LWP 318) "python3"):
#0  0x000014b3616868ba in __futex_abstimed_wait_common () from /lib64/libc.so.6
#1  0x000014b3616890c0 in pthread_cond_wait

GLIBC_2.3.2 () from /lib64/libc.so.6
#2  0x000014b35e8d1820 in __gthread_cond_wait (__mutex=<optimized out>, __cond=<optimized out>) at /data/cmsbld/jenkins/workspace/jenkins-test-bootstrap/toolconf/BUILD/el9_amd64_gcc11/external/gcc/11.4.1-30ebdc301ebd200f2ae0e3d880258e65/gcc-11.4.1/obj/x86_64-redhat-linux-gnu/libstdc++-v3/include/x86_64-redhat-linux-gnu/bits/gthr-default.h:865
#3  std::__condvar::wait (__m=..., this=<optimized out>) at /data/cmsbld/jenkins/workspace/jenkins-test-bootstrap/toolconf/BUILD/el9_amd64_gcc11/external/gcc/11.4.1-30ebdc301ebd200f2ae0e3d880258e65/gcc-11.4.1/obj/x86_64-redhat-linux-gnu/libstdc++-v3/include/bits/std_mutex.h:155
#4  std::condition_variable::wait (this=<optimized out>, __lock=...) at ../../../../../libstdc++-v3/src/c++11/condition_variable.cc:41
#5  0x000014b341844743 in Eigen::ThreadPoolTempl<tensorflow::thread::EigenEnvironment>::WaitForWork(Eigen::EventCount::Waiter*, tensorflow::thread::EigenEnvironment::Task*) () from /cvmfs/cms.cern.ch/el9_amd64_gcc11/external/py3-tensorflow/2.6.4-b4f48218503141d57481e3883c4fc2d8/lib/python3.9/site-packages/tensorflow/python/_pywrap_tensorflow_internal.so
#6  0x000014b341844e2e in Eigen::ThreadPoolTempl<tensorflow::thread::EigenEnvironment>::WorkerLoop(int) () from /cvmfs/cms.cern.ch/el9_amd64_gcc11/external/py3-tensorflow/2.6.4-b4f48218503141d57481e3883c4fc2d8/lib/python3.9/site-packages/tensorflow/python/_pywrap_tensorflow_internal.so
#7  0x000014b341841898 in std::_Function_handler<void (), tensorflow::thread::EigenEnvironment::CreateThread(std::function<void ()>)::{lambda()#1}>::_M_invoke(std::_Any_data const&) () from /cvmfs/cms.cern.ch/el9_amd64_gcc11/external/py3-tensorflow/2.6.4-b4f48218503141d57481e3883c4fc2d8/lib/python3.9/site-packages/tensorflow/python/_pywrap_tensorflow_internal.so
#8  0x000014b33d12d220 in tensorflow::(anonymous namespace)::PThread::ThreadFn(void*) () from /cvmfs/cms.cern.ch/el9_amd64_gcc11/external/py3-tensorflow/2.6.4-b4f48218503141d57481e3883c4fc2d8/lib/python3.9/site-packages/tensorflow/python/../libtensorflow_framework.so.2
#9  0x000014b361689d22 in start_thread () from /lib64/libc.so.6
#10 0x000014b36170ed40 in clone3 () from /lib64/libc.so.6

Thread 56 (Thread 0x14b285fef640 (LWP 317) "python3"):
#0  0x000014b3616868ba in __futex_abstimed_wait_common () from /lib64/libc.so.6
#1  0x000014b3616890c0 in pthread_cond_wait

GLIBC_2.3.2 () from /lib64/libc.so.6
#2  0x000014b35e8d1820 in __gthread_cond_wait (__mutex=<optimized out>, __cond=<optimized out>) at /data/cmsbld/jenkins/workspace/jenkins-test-bootstrap/toolconf/BUILD/el9_amd64_gcc11/external/gcc/11.4.1-30ebdc301ebd200f2ae0e3d880258e65/gcc-11.4.1/obj/x86_64-redhat-linux-gnu/libstdc++-v3/include/x86_64-redhat-linux-gnu/bits/gthr-default.h:865
#3  std::__condvar::wait (__m=..., this=<optimized out>) at /data/cmsbld/jenkins/workspace/jenkins-test-bootstrap/toolconf/BUILD/el9_amd64_gcc11/external/gcc/11.4.1-30ebdc301ebd200f2ae0e3d880258e65/gcc-11.4.1/obj/x86_64-redhat-linux-gnu/libstdc++-v3/include/bits/std_mutex.h:155
#4  std::condition_variable::wait (this=<optimized out>, __lock=...) at ../../../../../libstdc++-v3/src/c++11/condition_variable.cc:41
#5  0x000014b341844743 in Eigen::ThreadPoolTempl<tensorflow::thread::EigenEnvironment>::WaitForWork(Eigen::EventCount::Waiter*, tensorflow::thread::EigenEnvironment::Task*) () from /cvmfs/cms.cern.ch/el9_amd64_gcc11/external/py3-tensorflow/2.6.4-b4f48218503141d57481e3883c4fc2d8/lib/python3.9/site-packages/tensorflow/python/_pywrap_tensorflow_internal.so
#6  0x000014b341844e2e in Eigen::ThreadPoolTempl<tensorflow::thread::EigenEnvironment>::WorkerLoop(int) () from /cvmfs/cms.cern.ch/el9_amd64_gcc11/external/py3-tensorflow/2.6.4-b4f48218503141d57481e3883c4fc2d8/lib/python3.9/site-packages/tensorflow/python/_pywrap_tensorflow_internal.so
#7  0x000014b341841898 in std::_Function_handler<void (), tensorflow::thread::EigenEnvironment::CreateThread(std::function<void ()>)::{lambda()#1}>::_M_invoke(std::_Any_data const&) () from /cvmfs/cms.cern.ch/el9_amd64_gcc11/external/py3-tensorflow/2.6.4-b4f48218503141d57481e3883c4fc2d8/lib/python3.9/site-packages/tensorflow/python/_pywrap_tensorflow_internal.so
#8  0x000014b33d12d220 in tensorflow::(anonymous namespace)::PThread::ThreadFn(void*) () from /cvmfs/cms.cern.ch/el9_amd64_gcc11/external/py3-tensorflow/2.6.4-b4f48218503141d57481e3883c4fc2d8/lib/python3.9/site-packages/tensorflow/python/../libtensorflow_framework.so.2
#9  0x000014b361689d22 in start_thread () from /lib64/libc.so.6
#10 0x000014b36170ed40 in clone3 () from /lib64/libc.so.6

Thread 55 (Thread 0x14b2861f0640 (LWP 316) "python3"):
#0  0x000014b3616868ba in __futex_abstimed_wait_common () from /lib64/libc.so.6
#1  0x000014b3616890c0 in pthread_cond_wait

GLIBC_2.3.2 () from /lib64/libc.so.6
#2  0x000014b35e8d1820 in __gthread_cond_wait (__mutex=<optimized out>, __cond=<optimized out>) at /data/cmsbld/jenkins/workspace/jenkins-test-bootstrap/toolconf/BUILD/el9_amd64_gcc11/external/gcc/11.4.1-30ebdc301ebd200f2ae0e3d880258e65/gcc-11.4.1/obj/x86_64-redhat-linux-gnu/libstdc++-v3/include/x86_64-redhat-linux-gnu/bits/gthr-default.h:865
#3  std::__condvar::wait (__m=..., this=<optimized out>) at /data/cmsbld/jenkins/workspace/jenkins-test-bootstrap/toolconf/BUILD/el9_amd64_gcc11/external/gcc/11.4.1-30ebdc301ebd200f2ae0e3d880258e65/gcc-11.4.1/obj/x86_64-redhat-linux-gnu/libstdc++-v3/include/bits/std_mutex.h:155
#4  std::condition_variable::wait (this=<optimized out>, __lock=...) at ../../../../../libstdc++-v3/src/c++11/condition_variable.cc:41
#5  0x000014b341844743 in Eigen::ThreadPoolTempl<tensorflow::thread::EigenEnvironment>::WaitForWork(Eigen::EventCount::Waiter*, tensorflow::thread::EigenEnvironment::Task*) () from /cvmfs/cms.cern.ch/el9_amd64_gcc11/external/py3-tensorflow/2.6.4-b4f48218503141d57481e3883c4fc2d8/lib/python3.9/site-packages/tensorflow/python/_pywrap_tensorflow_internal.so
#6  0x000014b341844e2e in Eigen::ThreadPoolTempl<tensorflow::thread::EigenEnvironment>::WorkerLoop(int) () from /cvmfs/cms.cern.ch/el9_amd64_gcc11/external/py3-tensorflow/2.6.4-b4f48218503141d57481e3883c4fc2d8/lib/python3.9/site-packages/tensorflow/python/_pywrap_tensorflow_internal.so
#7  0x000014b341841898 in std::_Function_handler<void (), tensorflow::thread::EigenEnvironment::CreateThread(std::function<void ()>)::{lambda()#1}>::_M_invoke(std::_Any_data const&) () from /cvmfs/cms.cern.ch/el9_amd64_gcc11/external/py3-tensorflow/2.6.4-b4f48218503141d57481e3883c4fc2d8/lib/python3.9/site-packages/tensorflow/python/_pywrap_tensorflow_internal.so
#8  0x000014b33d12d220 in tensorflow::(anonymous namespace)::PThread::ThreadFn(void*) () from /cvmfs/cms.cern.ch/el9_amd64_gcc11/external/py3-tensorflow/2.6.4-b4f48218503141d57481e3883c4fc2d8/lib/python3.9/site-packages/tensorflow/python/../libtensorflow_framework.so.2
#9  0x000014b361689d22 in start_thread () from /lib64/libc.so.6
#10 0x000014b36170ed40 in clone3 () from /lib64/libc.so.6

Thread 54 (Thread 0x14b2863f1640 (LWP 315) "python3"):
#0  0x000014b3616868ba in __futex_abstimed_wait_common () from /lib64/libc.so.6
#1  0x000014b3616890c0 in pthread_cond_wait

GLIBC_2.3.2 () from /lib64/libc.so.6
#2  0x000014b35e8d1820 in __gthread_cond_wait (__mutex=<optimized out>, __cond=<optimized out>) at /data/cmsbld/jenkins/workspace/jenkins-test-bootstrap/toolconf/BUILD/el9_amd64_gcc11/external/gcc/11.4.1-30ebdc301ebd200f2ae0e3d880258e65/gcc-11.4.1/obj/x86_64-redhat-linux-gnu/libstdc++-v3/include/x86_64-redhat-linux-gnu/bits/gthr-default.h:865
#3  std::__condvar::wait (__m=..., this=<optimized out>) at /data/cmsbld/jenkins/workspace/jenkins-test-bootstrap/toolconf/BUILD/el9_amd64_gcc11/external/gcc/11.4.1-30ebdc301ebd200f2ae0e3d880258e65/gcc-11.4.1/obj/x86_64-redhat-linux-gnu/libstdc++-v3/include/bits/std_mutex.h:155
#4  std::condition_variable::wait (this=<optimized out>, __lock=...) at ../../../../../libstdc++-v3/src/c++11/condition_variable.cc:41
#5  0x000014b341844743 in Eigen::ThreadPoolTempl<tensorflow::thread::EigenEnvironment>::WaitForWork(Eigen::EventCount::Waiter*, tensorflow::thread::EigenEnvironment::Task*) () from /cvmfs/cms.cern.ch/el9_amd64_gcc11/external/py3-tensorflow/2.6.4-b4f48218503141d57481e3883c4fc2d8/lib/python3.9/site-packages/tensorflow/python/_pywrap_tensorflow_internal.so
#6  0x000014b341844e2e in Eigen::ThreadPoolTempl<tensorflow::thread::EigenEnvironment>::WorkerLoop(int) () from /cvmfs/cms.cern.ch/el9_amd64_gcc11/external/py3-tensorflow/2.6.4-b4f48218503141d57481e3883c4fc2d8/lib/python3.9/site-packages/tensorflow/python/_pywrap_tensorflow_internal.so
#7  0x000014b341841898 in std::_Function_handler<void (), tensorflow::thread::EigenEnvironment::CreateThread(std::function<void ()>)::{lambda()#1}>::_M_invoke(std::_Any_data const&) () from /cvmfs/cms.cern.ch/el9_amd64_gcc11/external/py3-tensorflow/2.6.4-b4f48218503141d57481e3883c4fc2d8/lib/python3.9/site-packages/tensorflow/python/_pywrap_tensorflow_internal.so
#8  0x000014b33d12d220 in tensorflow::(anonymous namespace)::PThread::ThreadFn(void*) () from /cvmfs/cms.cern.ch/el9_amd64_gcc11/external/py3-tensorflow/2.6.4-b4f48218503141d57481e3883c4fc2d8/lib/python3.9/site-packages/tensorflow/python/../libtensorflow_framework.so.2
#9  0x000014b361689d22 in start_thread () from /lib64/libc.so.6
#10 0x000014b36170ed40 in clone3 () from /lib64/libc.so.6

Thread 53 (Thread 0x14b2865f2640 (LWP 314) "python3"):
#0  0x000014b3616868ba in __futex_abstimed_wait_common () from /lib64/libc.so.6
#1  0x000014b3616890c0 in pthread_cond_wait

GLIBC_2.3.2 () from /lib64/libc.so.6
#2  0x000014b35e8d1820 in __gthread_cond_wait (__mutex=<optimized out>, __cond=<optimized out>) at /data/cmsbld/jenkins/workspace/jenkins-test-bootstrap/toolconf/BUILD/el9_amd64_gcc11/external/gcc/11.4.1-30ebdc301ebd200f2ae0e3d880258e65/gcc-11.4.1/obj/x86_64-redhat-linux-gnu/libstdc++-v3/include/x86_64-redhat-linux-gnu/bits/gthr-default.h:865
#3  std::__condvar::wait (__m=..., this=<optimized out>) at /data/cmsbld/jenkins/workspace/jenkins-test-bootstrap/toolconf/BUILD/el9_amd64_gcc11/external/gcc/11.4.1-30ebdc301ebd200f2ae0e3d880258e65/gcc-11.4.1/obj/x86_64-redhat-linux-gnu/libstdc++-v3/include/bits/std_mutex.h:155
#4  std::condition_variable::wait (this=<optimized out>, __lock=...) at ../../../../../libstdc++-v3/src/c++11/condition_variable.cc:41
#5  0x000014b341844743 in Eigen::ThreadPoolTempl<tensorflow::thread::EigenEnvironment>::WaitForWork(Eigen::EventCount::Waiter*, tensorflow::thread::EigenEnvironment::Task*) () from /cvmfs/cms.cern.ch/el9_amd64_gcc11/external/py3-tensorflow/2.6.4-b4f48218503141d57481e3883c4fc2d8/lib/python3.9/site-packages/tensorflow/python/_pywrap_tensorflow_internal.so
#6  0x000014b341844e2e in Eigen::ThreadPoolTempl<tensorflow::thread::EigenEnvironment>::WorkerLoop(int) () from /cvmfs/cms.cern.ch/el9_amd64_gcc11/external/py3-tensorflow/2.6.4-b4f48218503141d57481e3883c4fc2d8/lib/python3.9/site-packages/tensorflow/python/_pywrap_tensorflow_internal.so
#7  0x000014b341841898 in std::_Function_handler<void (), tensorflow::thread::EigenEnvironment::CreateThread(std::function<void ()>)::{lambda()#1}>::_M_invoke(std::_Any_data const&) () from /cvmfs/cms.cern.ch/el9_amd64_gcc11/external/py3-tensorflow/2.6.4-b4f48218503141d57481e3883c4fc2d8/lib/python3.9/site-packages/tensorflow/python/_pywrap_tensorflow_internal.so
#8  0x000014b33d12d220 in tensorflow::(anonymous namespace)::PThread::ThreadFn(void*) () from /cvmfs/cms.cern.ch/el9_amd64_gcc11/external/py3-tensorflow/2.6.4-b4f48218503141d57481e3883c4fc2d8/lib/python3.9/site-packages/tensorflow/python/../libtensorflow_framework.so.2
#9  0x000014b361689d22 in start_thread () from /lib64/libc.so.6
#10 0x000014b36170ed40 in clone3 () from /lib64/libc.so.6

Thread 52 (Thread 0x14b2867f3640 (LWP 313) "python3"):
#0  0x000014b3616868ba in __futex_abstimed_wait_common () from /lib64/libc.so.6
#1  0x000014b3616890c0 in pthread_cond_wait

GLIBC_2.3.2 () from /lib64/libc.so.6
#2  0x000014b35e8d1820 in __gthread_cond_wait (__mutex=<optimized out>, __cond=<optimized out>) at /data/cmsbld/jenkins/workspace/jenkins-test-bootstrap/toolconf/BUILD/el9_amd64_gcc11/external/gcc/11.4.1-30ebdc301ebd200f2ae0e3d880258e65/gcc-11.4.1/obj/x86_64-redhat-linux-gnu/libstdc++-v3/include/x86_64-redhat-linux-gnu/bits/gthr-default.h:865
#3  std::__condvar::wait (__m=..., this=<optimized out>) at /data/cmsbld/jenkins/workspace/jenkins-test-bootstrap/toolconf/BUILD/el9_amd64_gcc11/external/gcc/11.4.1-30ebdc301ebd200f2ae0e3d880258e65/gcc-11.4.1/obj/x86_64-redhat-linux-gnu/libstdc++-v3/include/bits/std_mutex.h:155
#4  std::condition_variable::wait (this=<optimized out>, __lock=...) at ../../../../../libstdc++-v3/src/c++11/condition_variable.cc:41
#5  0x000014b341844743 in Eigen::ThreadPoolTempl<tensorflow::thread::EigenEnvironment>::WaitForWork(Eigen::EventCount::Waiter*, tensorflow::thread::EigenEnvironment::Task*) () from /cvmfs/cms.cern.ch/el9_amd64_gcc11/external/py3-tensorflow/2.6.4-b4f48218503141d57481e3883c4fc2d8/lib/python3.9/site-packages/tensorflow/python/_pywrap_tensorflow_internal.so
#6  0x000014b341844e2e in Eigen::ThreadPoolTempl<tensorflow::thread::EigenEnvironment>::WorkerLoop(int) () from /cvmfs/cms.cern.ch/el9_amd64_gcc11/external/py3-tensorflow/2.6.4-b4f48218503141d57481e3883c4fc2d8/lib/python3.9/site-packages/tensorflow/python/_pywrap_tensorflow_internal.so
#7  0x000014b341841898 in std::_Function_handler<void (), tensorflow::thread::EigenEnvironment::CreateThread(std::function<void ()>)::{lambda()#1}>::_M_invoke(std::_Any_data const&) () from /cvmfs/cms.cern.ch/el9_amd64_gcc11/external/py3-tensorflow/2.6.4-b4f48218503141d57481e3883c4fc2d8/lib/python3.9/site-packages/tensorflow/python/_pywrap_tensorflow_internal.so
#8  0x000014b33d12d220 in tensorflow::(anonymous namespace)::PThread::ThreadFn(void*) () from /cvmfs/cms.cern.ch/el9_amd64_gcc11/external/py3-tensorflow/2.6.4-b4f48218503141d57481e3883c4fc2d8/lib/python3.9/site-packages/tensorflow/python/../libtensorflow_framework.so.2
#9  0x000014b361689d22 in start_thread () from /lib64/libc.so.6
#10 0x000014b36170ed40 in clone3 () from /lib64/libc.so.6

Thread 51 (Thread 0x14b2869f4640 (LWP 312) "python3"):
#0  0x000014b3616868ba in __futex_abstimed_wait_common () from /lib64/libc.so.6
#1  0x000014b3616890c0 in pthread_cond_wait

GLIBC_2.3.2 () from /lib64/libc.so.6
#2  0x000014b35e8d1820 in __gthread_cond_wait (__mutex=<optimized out>, __cond=<optimized out>) at /data/cmsbld/jenkins/workspace/jenkins-test-bootstrap/toolconf/BUILD/el9_amd64_gcc11/external/gcc/11.4.1-30ebdc301ebd200f2ae0e3d880258e65/gcc-11.4.1/obj/x86_64-redhat-linux-gnu/libstdc++-v3/include/x86_64-redhat-linux-gnu/bits/gthr-default.h:865
#3  std::__condvar::wait (__m=..., this=<optimized out>) at /data/cmsbld/jenkins/workspace/jenkins-test-bootstrap/toolconf/BUILD/el9_amd64_gcc11/external/gcc/11.4.1-30ebdc301ebd200f2ae0e3d880258e65/gcc-11.4.1/obj/x86_64-redhat-linux-gnu/libstdc++-v3/include/bits/std_mutex.h:155
#4  std::condition_variable::wait (this=<optimized out>, __lock=...) at ../../../../../libstdc++-v3/src/c++11/condition_variable.cc:41
#5  0x000014b341844743 in Eigen::ThreadPoolTempl<tensorflow::thread::EigenEnvironment>::WaitForWork(Eigen::EventCount::Waiter*, tensorflow::thread::EigenEnvironment::Task*) () from /cvmfs/cms.cern.ch/el9_amd64_gcc11/external/py3-tensorflow/2.6.4-b4f48218503141d57481e3883c4fc2d8/lib/python3.9/site-packages/tensorflow/python/_pywrap_tensorflow_internal.so
#6  0x000014b341844e2e in Eigen::ThreadPoolTempl<tensorflow::thread::EigenEnvironment>::WorkerLoop(int) () from /cvmfs/cms.cern.ch/el9_amd64_gcc11/external/py3-tensorflow/2.6.4-b4f48218503141d57481e3883c4fc2d8/lib/python3.9/site-packages/tensorflow/python/_pywrap_tensorflow_internal.so
#7  0x000014b341841898 in std::_Function_handler<void (), tensorflow::thread::EigenEnvironment::CreateThread(std::function<void ()>)::{lambda()#1}>::_M_invoke(std::_Any_data const&) () from /cvmfs/cms.cern.ch/el9_amd64_gcc11/external/py3-tensorflow/2.6.4-b4f48218503141d57481e3883c4fc2d8/lib/python3.9/site-packages/tensorflow/python/_pywrap_tensorflow_internal.so
#8  0x000014b33d12d220 in tensorflow::(anonymous namespace)::PThread::ThreadFn(void*) () from /cvmfs/cms.cern.ch/el9_amd64_gcc11/external/py3-tensorflow/2.6.4-b4f48218503141d57481e3883c4fc2d8/lib/python3.9/site-packages/tensorflow/python/../libtensorflow_framework.so.2
#9  0x000014b361689d22 in start_thread () from /lib64/libc.so.6
#10 0x000014b36170ed40 in clone3 () from /lib64/libc.so.6

Thread 50 (Thread 0x14b286bf5640 (LWP 311) "python3"):
#0  0x000014b3616868ba in __futex_abstimed_wait_common () from /lib64/libc.so.6
#1  0x000014b3616890c0 in pthread_cond_wait

GLIBC_2.3.2 () from /lib64/libc.so.6
#2  0x000014b35e8d1820 in __gthread_cond_wait (__mutex=<optimized out>, __cond=<optimized out>) at /data/cmsbld/jenkins/workspace/jenkins-test-bootstrap/toolconf/BUILD/el9_amd64_gcc11/external/gcc/11.4.1-30ebdc301ebd200f2ae0e3d880258e65/gcc-11.4.1/obj/x86_64-redhat-linux-gnu/libstdc++-v3/include/x86_64-redhat-linux-gnu/bits/gthr-default.h:865
#3  std::__condvar::wait (__m=..., this=<optimized out>) at /data/cmsbld/jenkins/workspace/jenkins-test-bootstrap/toolconf/BUILD/el9_amd64_gcc11/external/gcc/11.4.1-30ebdc301ebd200f2ae0e3d880258e65/gcc-11.4.1/obj/x86_64-redhat-linux-gnu/libstdc++-v3/include/bits/std_mutex.h:155
#4  std::condition_variable::wait (this=<optimized out>, __lock=...) at ../../../../../libstdc++-v3/src/c++11/condition_variable.cc:41
#5  0x000014b341844743 in Eigen::ThreadPoolTempl<tensorflow::thread::EigenEnvironment>::WaitForWork(Eigen::EventCount::Waiter*, tensorflow::thread::EigenEnvironment::Task*) () from /cvmfs/cms.cern.ch/el9_amd64_gcc11/external/py3-tensorflow/2.6.4-b4f48218503141d57481e3883c4fc2d8/lib/python3.9/site-packages/tensorflow/python/_pywrap_tensorflow_internal.so
#6  0x000014b341844e2e in Eigen::ThreadPoolTempl<tensorflow::thread::EigenEnvironment>::WorkerLoop(int) () from /cvmfs/cms.cern.ch/el9_amd64_gcc11/external/py3-tensorflow/2.6.4-b4f48218503141d57481e3883c4fc2d8/lib/python3.9/site-packages/tensorflow/python/_pywrap_tensorflow_internal.so
#7  0x000014b341841898 in std::_Function_handler<void (), tensorflow::thread::EigenEnvironment::CreateThread(std::function<void ()>)::{lambda()#1}>::_M_invoke(std::_Any_data const&) () from /cvmfs/cms.cern.ch/el9_amd64_gcc11/external/py3-tensorflow/2.6.4-b4f48218503141d57481e3883c4fc2d8/lib/python3.9/site-packages/tensorflow/python/_pywrap_tensorflow_internal.so
#8  0x000014b33d12d220 in tensorflow::(anonymous namespace)::PThread::ThreadFn(void*) () from /cvmfs/cms.cern.ch/el9_amd64_gcc11/external/py3-tensorflow/2.6.4-b4f48218503141d57481e3883c4fc2d8/lib/python3.9/site-packages/tensorflow/python/../libtensorflow_framework.so.2
#9  0x000014b361689d22 in start_thread () from /lib64/libc.so.6
#10 0x000014b36170ed40 in clone3 () from /lib64/libc.so.6

Thread 49 (Thread 0x14b286df6640 (LWP 310) "python3"):
#0  0x000014b3616868ba in __futex_abstimed_wait_common () from /lib64/libc.so.6
#1  0x000014b3616890c0 in pthread_cond_wait

GLIBC_2.3.2 () from /lib64/libc.so.6
#2  0x000014b35e8d1820 in __gthread_cond_wait (__mutex=<optimized out>, __cond=<optimized out>) at /data/cmsbld/jenkins/workspace/jenkins-test-bootstrap/toolconf/BUILD/el9_amd64_gcc11/external/gcc/11.4.1-30ebdc301ebd200f2ae0e3d880258e65/gcc-11.4.1/obj/x86_64-redhat-linux-gnu/libstdc++-v3/include/x86_64-redhat-linux-gnu/bits/gthr-default.h:865
#3  std::__condvar::wait (__m=..., this=<optimized out>) at /data/cmsbld/jenkins/workspace/jenkins-test-bootstrap/toolconf/BUILD/el9_amd64_gcc11/external/gcc/11.4.1-30ebdc301ebd200f2ae0e3d880258e65/gcc-11.4.1/obj/x86_64-redhat-linux-gnu/libstdc++-v3/include/bits/std_mutex.h:155
#4  std::condition_variable::wait (this=<optimized out>, __lock=...) at ../../../../../libstdc++-v3/src/c++11/condition_variable.cc:41
#5  0x000014b341844743 in Eigen::ThreadPoolTempl<tensorflow::thread::EigenEnvironment>::WaitForWork(Eigen::EventCount::Waiter*, tensorflow::thread::EigenEnvironment::Task*) () from /cvmfs/cms.cern.ch/el9_amd64_gcc11/external/py3-tensorflow/2.6.4-b4f48218503141d57481e3883c4fc2d8/lib/python3.9/site-packages/tensorflow/python/_pywrap_tensorflow_internal.so
#6  0x000014b341844e2e in Eigen::ThreadPoolTempl<tensorflow::thread::EigenEnvironment>::WorkerLoop(int) () from /cvmfs/cms.cern.ch/el9_amd64_gcc11/external/py3-tensorflow/2.6.4-b4f48218503141d57481e3883c4fc2d8/lib/python3.9/site-packages/tensorflow/python/_pywrap_tensorflow_internal.so
#7  0x000014b341841898 in std::_Function_handler<void (), tensorflow::thread::EigenEnvironment::CreateThread(std::function<void ()>)::{lambda()#1}>::_M_invoke(std::_Any_data const&) () from /cvmfs/cms.cern.ch/el9_amd64_gcc11/external/py3-tensorflow/2.6.4-b4f48218503141d57481e3883c4fc2d8/lib/python3.9/site-packages/tensorflow/python/_pywrap_tensorflow_internal.so
#8  0x000014b33d12d220 in tensorflow::(anonymous namespace)::PThread::ThreadFn(void*) () from /cvmfs/cms.cern.ch/el9_amd64_gcc11/external/py3-tensorflow/2.6.4-b4f48218503141d57481e3883c4fc2d8/lib/python3.9/site-packages/tensorflow/python/../libtensorflow_framework.so.2
#9  0x000014b361689d22 in start_thread () from /lib64/libc.so.6
#10 0x000014b36170ed40 in clone3 () from /lib64/libc.so.6

Thread 48 (Thread 0x14b286ff7640 (LWP 309) "python3"):
#0  0x000014b3616868ba in __futex_abstimed_wait_common () from /lib64/libc.so.6
#1  0x000014b3616890c0 in pthread_cond_wait

GLIBC_2.3.2 () from /lib64/libc.so.6
#2  0x000014b35e8d1820 in __gthread_cond_wait (__mutex=<optimized out>, __cond=<optimized out>) at /data/cmsbld/jenkins/workspace/jenkins-test-bootstrap/toolconf/BUILD/el9_amd64_gcc11/external/gcc/11.4.1-30ebdc301ebd200f2ae0e3d880258e65/gcc-11.4.1/obj/x86_64-redhat-linux-gnu/libstdc++-v3/include/x86_64-redhat-linux-gnu/bits/gthr-default.h:865
#3  std::__condvar::wait (__m=..., this=<optimized out>) at /data/cmsbld/jenkins/workspace/jenkins-test-bootstrap/toolconf/BUILD/el9_amd64_gcc11/external/gcc/11.4.1-30ebdc301ebd200f2ae0e3d880258e65/gcc-11.4.1/obj/x86_64-redhat-linux-gnu/libstdc++-v3/include/bits/std_mutex.h:155
#4  std::condition_variable::wait (this=<optimized out>, __lock=...) at ../../../../../libstdc++-v3/src/c++11/condition_variable.cc:41
#5  0x000014b341844743 in Eigen::ThreadPoolTempl<tensorflow::thread::EigenEnvironment>::WaitForWork(Eigen::EventCount::Waiter*, tensorflow::thread::EigenEnvironment::Task*) () from /cvmfs/cms.cern.ch/el9_amd64_gcc11/external/py3-tensorflow/2.6.4-b4f48218503141d57481e3883c4fc2d8/lib/python3.9/site-packages/tensorflow/python/_pywrap_tensorflow_internal.so
#6  0x000014b341844e2e in Eigen::ThreadPoolTempl<tensorflow::thread::EigenEnvironment>::WorkerLoop(int) () from /cvmfs/cms.cern.ch/el9_amd64_gcc11/external/py3-tensorflow/2.6.4-b4f48218503141d57481e3883c4fc2d8/lib/python3.9/site-packages/tensorflow/python/_pywrap_tensorflow_internal.so
#7  0x000014b341841898 in std::_Function_handler<void (), tensorflow::thread::EigenEnvironment::CreateThread(std::function<void ()>)::{lambda()#1}>::_M_invoke(std::_Any_data const&) () from /cvmfs/cms.cern.ch/el9_amd64_gcc11/external/py3-tensorflow/2.6.4-b4f48218503141d57481e3883c4fc2d8/lib/python3.9/site-packages/tensorflow/python/_pywrap_tensorflow_internal.so
#8  0x000014b33d12d220 in tensorflow::(anonymous namespace)::PThread::ThreadFn(void*) () from /cvmfs/cms.cern.ch/el9_amd64_gcc11/external/py3-tensorflow/2.6.4-b4f48218503141d57481e3883c4fc2d8/lib/python3.9/site-packages/tensorflow/python/../libtensorflow_framework.so.2
#9  0x000014b361689d22 in start_thread () from /lib64/libc.so.6
#10 0x000014b36170ed40 in clone3 () from /lib64/libc.so.6

Thread 47 (Thread 0x14b2871f8640 (LWP 308) "python3"):
#0  0x000014b3616868ba in __futex_abstimed_wait_common () from /lib64/libc.so.6
#1  0x000014b3616890c0 in pthread_cond_wait

GLIBC_2.3.2 () from /lib64/libc.so.6
#2  0x000014b35e8d1820 in __gthread_cond_wait (__mutex=<optimized out>, __cond=<optimized out>) at /data/cmsbld/jenkins/workspace/jenkins-test-bootstrap/toolconf/BUILD/el9_amd64_gcc11/external/gcc/11.4.1-30ebdc301ebd200f2ae0e3d880258e65/gcc-11.4.1/obj/x86_64-redhat-linux-gnu/libstdc++-v3/include/x86_64-redhat-linux-gnu/bits/gthr-default.h:865
#3  std::__condvar::wait (__m=..., this=<optimized out>) at /data/cmsbld/jenkins/workspace/jenkins-test-bootstrap/toolconf/BUILD/el9_amd64_gcc11/external/gcc/11.4.1-30ebdc301ebd200f2ae0e3d880258e65/gcc-11.4.1/obj/x86_64-redhat-linux-gnu/libstdc++-v3/include/bits/std_mutex.h:155
#4  std::condition_variable::wait (this=<optimized out>, __lock=...) at ../../../../../libstdc++-v3/src/c++11/condition_variable.cc:41
#5  0x000014b341844743 in Eigen::ThreadPoolTempl<tensorflow::thread::EigenEnvironment>::WaitForWork(Eigen::EventCount::Waiter*, tensorflow::thread::EigenEnvironment::Task*) () from /cvmfs/cms.cern.ch/el9_amd64_gcc11/external/py3-tensorflow/2.6.4-b4f48218503141d57481e3883c4fc2d8/lib/python3.9/site-packages/tensorflow/python/_pywrap_tensorflow_internal.so
#6  0x000014b341844e2e in Eigen::ThreadPoolTempl<tensorflow::thread::EigenEnvironment>::WorkerLoop(int) () from /cvmfs/cms.cern.ch/el9_amd64_gcc11/external/py3-tensorflow/2.6.4-b4f48218503141d57481e3883c4fc2d8/lib/python3.9/site-packages/tensorflow/python/_pywrap_tensorflow_internal.so
#7  0x000014b341841898 in std::_Function_handler<void (), tensorflow::thread::EigenEnvironment::CreateThread(std::function<void ()>)::{lambda()#1}>::_M_invoke(std::_Any_data const&) () from /cvmfs/cms.cern.ch/el9_amd64_gcc11/external/py3-tensorflow/2.6.4-b4f48218503141d57481e3883c4fc2d8/lib/python3.9/site-packages/tensorflow/python/_pywrap_tensorflow_internal.so
#8  0x000014b33d12d220 in tensorflow::(anonymous namespace)::PThread::ThreadFn(void*) () from /cvmfs/cms.cern.ch/el9_amd64_gcc11/external/py3-tensorflow/2.6.4-b4f48218503141d57481e3883c4fc2d8/lib/python3.9/site-packages/tensorflow/python/../libtensorflow_framework.so.2
#9  0x000014b361689d22 in start_thread () from /lib64/libc.so.6
#10 0x000014b36170ed40 in clone3 () from /lib64/libc.so.6

Thread 46 (Thread 0x14b2873f9640 (LWP 307) "python3"):
#0  0x000014b3616868ba in __futex_abstimed_wait_common () from /lib64/libc.so.6
#1  0x000014b3616890c0 in pthread_cond_wait

GLIBC_2.3.2 () from /lib64/libc.so.6
#2  0x000014b35e8d1820 in __gthread_cond_wait (__mutex=<optimized out>, __cond=<optimized out>) at /data/cmsbld/jenkins/workspace/jenkins-test-bootstrap/toolconf/BUILD/el9_amd64_gcc11/external/gcc/11.4.1-30ebdc301ebd200f2ae0e3d880258e65/gcc-11.4.1/obj/x86_64-redhat-linux-gnu/libstdc++-v3/include/x86_64-redhat-linux-gnu/bits/gthr-default.h:865
#3  std::__condvar::wait (__m=..., this=<optimized out>) at /data/cmsbld/jenkins/workspace/jenkins-test-bootstrap/toolconf/BUILD/el9_amd64_gcc11/external/gcc/11.4.1-30ebdc301ebd200f2ae0e3d880258e65/gcc-11.4.1/obj/x86_64-redhat-linux-gnu/libstdc++-v3/include/bits/std_mutex.h:155
#4  std::condition_variable::wait (this=<optimized out>, __lock=...) at ../../../../../libstdc++-v3/src/c++11/condition_variable.cc:41
#5  0x000014b341844743 in Eigen::ThreadPoolTempl<tensorflow::thread::EigenEnvironment>::WaitForWork(Eigen::EventCount::Waiter*, tensorflow::thread::EigenEnvironment::Task*) () from /cvmfs/cms.cern.ch/el9_amd64_gcc11/external/py3-tensorflow/2.6.4-b4f48218503141d57481e3883c4fc2d8/lib/python3.9/site-packages/tensorflow/python/_pywrap_tensorflow_internal.so
#6  0x000014b341844e2e in Eigen::ThreadPoolTempl<tensorflow::thread::EigenEnvironment>::WorkerLoop(int) () from /cvmfs/cms.cern.ch/el9_amd64_gcc11/external/py3-tensorflow/2.6.4-b4f48218503141d57481e3883c4fc2d8/lib/python3.9/site-packages/tensorflow/python/_pywrap_tensorflow_internal.so
#7  0x000014b341841898 in std::_Function_handler<void (), tensorflow::thread::EigenEnvironment::CreateThread(std::function<void ()>)::{lambda()#1}>::_M_invoke(std::_Any_data const&) () from /cvmfs/cms.cern.ch/el9_amd64_gcc11/external/py3-tensorflow/2.6.4-b4f48218503141d57481e3883c4fc2d8/lib/python3.9/site-packages/tensorflow/python/_pywrap_tensorflow_internal.so
#8  0x000014b33d12d220 in tensorflow::(anonymous namespace)::PThread::ThreadFn(void*) () from /cvmfs/cms.cern.ch/el9_amd64_gcc11/external/py3-tensorflow/2.6.4-b4f48218503141d57481e3883c4fc2d8/lib/python3.9/site-packages/tensorflow/python/../libtensorflow_framework.so.2
#9  0x000014b361689d22 in start_thread () from /lib64/libc.so.6
#10 0x000014b36170ed40 in clone3 () from /lib64/libc.so.6

Thread 45 (Thread 0x14b2875fa640 (LWP 306) "python3"):
#0  0x000014b3616868ba in __futex_abstimed_wait_common () from /lib64/libc.so.6
#1  0x000014b3616890c0 in pthread_cond_wait

GLIBC_2.3.2 () from /lib64/libc.so.6
#2  0x000014b35e8d1820 in __gthread_cond_wait (__mutex=<optimized out>, __cond=<optimized out>) at /data/cmsbld/jenkins/workspace/jenkins-test-bootstrap/toolconf/BUILD/el9_amd64_gcc11/external/gcc/11.4.1-30ebdc301ebd200f2ae0e3d880258e65/gcc-11.4.1/obj/x86_64-redhat-linux-gnu/libstdc++-v3/include/x86_64-redhat-linux-gnu/bits/gthr-default.h:865
#3  std::__condvar::wait (__m=..., this=<optimized out>) at /data/cmsbld/jenkins/workspace/jenkins-test-bootstrap/toolconf/BUILD/el9_amd64_gcc11/external/gcc/11.4.1-30ebdc301ebd200f2ae0e3d880258e65/gcc-11.4.1/obj/x86_64-redhat-linux-gnu/libstdc++-v3/include/bits/std_mutex.h:155
#4  std::condition_variable::wait (this=<optimized out>, __lock=...) at ../../../../../libstdc++-v3/src/c++11/condition_variable.cc:41
#5  0x000014b341844743 in Eigen::ThreadPoolTempl<tensorflow::thread::EigenEnvironment>::WaitForWork(Eigen::EventCount::Waiter*, tensorflow::thread::EigenEnvironment::Task*) () from /cvmfs/cms.cern.ch/el9_amd64_gcc11/external/py3-tensorflow/2.6.4-b4f48218503141d57481e3883c4fc2d8/lib/python3.9/site-packages/tensorflow/python/_pywrap_tensorflow_internal.so
#6  0x000014b341844e2e in Eigen::ThreadPoolTempl<tensorflow::thread::EigenEnvironment>::WorkerLoop(int) () from /cvmfs/cms.cern.ch/el9_amd64_gcc11/external/py3-tensorflow/2.6.4-b4f48218503141d57481e3883c4fc2d8/lib/python3.9/site-packages/tensorflow/python/_pywrap_tensorflow_internal.so
#7  0x000014b341841898 in std::_Function_handler<void (), tensorflow::thread::EigenEnvironment::CreateThread(std::function<void ()>)::{lambda()#1}>::_M_invoke(std::_Any_data const&) () from /cvmfs/cms.cern.ch/el9_amd64_gcc11/external/py3-tensorflow/2.6.4-b4f48218503141d57481e3883c4fc2d8/lib/python3.9/site-packages/tensorflow/python/_pywrap_tensorflow_internal.so
#8  0x000014b33d12d220 in tensorflow::(anonymous namespace)::PThread::ThreadFn(void*) () from /cvmfs/cms.cern.ch/el9_amd64_gcc11/external/py3-tensorflow/2.6.4-b4f48218503141d57481e3883c4fc2d8/lib/python3.9/site-packages/tensorflow/python/../libtensorflow_framework.so.2
#9  0x000014b361689d22 in start_thread () from /lib64/libc.so.6
#10 0x000014b36170ed40 in clone3 () from /lib64/libc.so.6

Thread 44 (Thread 0x14b2877fb640 (LWP 305) "python3"):
#0  0x000014b3616868ba in __futex_abstimed_wait_common () from /lib64/libc.so.6
#1  0x000014b3616890c0 in pthread_cond_wait

GLIBC_2.3.2 () from /lib64/libc.so.6
#2  0x000014b35e8d1820 in __gthread_cond_wait (__mutex=<optimized out>, __cond=<optimized out>) at /data/cmsbld/jenkins/workspace/jenkins-test-bootstrap/toolconf/BUILD/el9_amd64_gcc11/external/gcc/11.4.1-30ebdc301ebd200f2ae0e3d880258e65/gcc-11.4.1/obj/x86_64-redhat-linux-gnu/libstdc++-v3/include/x86_64-redhat-linux-gnu/bits/gthr-default.h:865
#3  std::__condvar::wait (__m=..., this=<optimized out>) at /data/cmsbld/jenkins/workspace/jenkins-test-bootstrap/toolconf/BUILD/el9_amd64_gcc11/external/gcc/11.4.1-30ebdc301ebd200f2ae0e3d880258e65/gcc-11.4.1/obj/x86_64-redhat-linux-gnu/libstdc++-v3/include/bits/std_mutex.h:155
#4  std::condition_variable::wait (this=<optimized out>, __lock=...) at ../../../../../libstdc++-v3/src/c++11/condition_variable.cc:41
#5  0x000014b341844743 in Eigen::ThreadPoolTempl<tensorflow::thread::EigenEnvironment>::WaitForWork(Eigen::EventCount::Waiter*, tensorflow::thread::EigenEnvironment::Task*) () from /cvmfs/cms.cern.ch/el9_amd64_gcc11/external/py3-tensorflow/2.6.4-b4f48218503141d57481e3883c4fc2d8/lib/python3.9/site-packages/tensorflow/python/_pywrap_tensorflow_internal.so
#6  0x000014b341844e2e in Eigen::ThreadPoolTempl<tensorflow::thread::EigenEnvironment>::WorkerLoop(int) () from /cvmfs/cms.cern.ch/el9_amd64_gcc11/external/py3-tensorflow/2.6.4-b4f48218503141d57481e3883c4fc2d8/lib/python3.9/site-packages/tensorflow/python/_pywrap_tensorflow_internal.so
#7  0x000014b341841898 in std::_Function_handler<void (), tensorflow::thread::EigenEnvironment::CreateThread(std::function<void ()>)::{lambda()#1}>::_M_invoke(std::_Any_data const&) () from /cvmfs/cms.cern.ch/el9_amd64_gcc11/external/py3-tensorflow/2.6.4-b4f48218503141d57481e3883c4fc2d8/lib/python3.9/site-packages/tensorflow/python/_pywrap_tensorflow_internal.so
#8  0x000014b33d12d220 in tensorflow::(anonymous namespace)::PThread::ThreadFn(void*) () from /cvmfs/cms.cern.ch/el9_amd64_gcc11/external/py3-tensorflow/2.6.4-b4f48218503141d57481e3883c4fc2d8/lib/python3.9/site-packages/tensorflow/python/../libtensorflow_framework.so.2
#9  0x000014b361689d22 in start_thread () from /lib64/libc.so.6
#10 0x000014b36170ed40 in clone3 () from /lib64/libc.so.6

Thread 43 (Thread 0x14b2879fc640 (LWP 304) "python3"):
#0  0x000014b3616868ba in __futex_abstimed_wait_common () from /lib64/libc.so.6
#1  0x000014b3616890c0 in pthread_cond_wait

GLIBC_2.3.2 () from /lib64/libc.so.6
#2  0x000014b35e8d1820 in __gthread_cond_wait (__mutex=<optimized out>, __cond=<optimized out>) at /data/cmsbld/jenkins/workspace/jenkins-test-bootstrap/toolconf/BUILD/el9_amd64_gcc11/external/gcc/11.4.1-30ebdc301ebd200f2ae0e3d880258e65/gcc-11.4.1/obj/x86_64-redhat-linux-gnu/libstdc++-v3/include/x86_64-redhat-linux-gnu/bits/gthr-default.h:865
#3  std::__condvar::wait (__m=..., this=<optimized out>) at /data/cmsbld/jenkins/workspace/jenkins-test-bootstrap/toolconf/BUILD/el9_amd64_gcc11/external/gcc/11.4.1-30ebdc301ebd200f2ae0e3d880258e65/gcc-11.4.1/obj/x86_64-redhat-linux-gnu/libstdc++-v3/include/bits/std_mutex.h:155
#4  std::condition_variable::wait (this=<optimized out>, __lock=...) at ../../../../../libstdc++-v3/src/c++11/condition_variable.cc:41
#5  0x000014b341844743 in Eigen::ThreadPoolTempl<tensorflow::thread::EigenEnvironment>::WaitForWork(Eigen::EventCount::Waiter*, tensorflow::thread::EigenEnvironment::Task*) () from /cvmfs/cms.cern.ch/el9_amd64_gcc11/external/py3-tensorflow/2.6.4-b4f48218503141d57481e3883c4fc2d8/lib/python3.9/site-packages/tensorflow/python/_pywrap_tensorflow_internal.so
#6  0x000014b341844e2e in Eigen::ThreadPoolTempl<tensorflow::thread::EigenEnvironment>::WorkerLoop(int) () from /cvmfs/cms.cern.ch/el9_amd64_gcc11/external/py3-tensorflow/2.6.4-b4f48218503141d57481e3883c4fc2d8/lib/python3.9/site-packages/tensorflow/python/_pywrap_tensorflow_internal.so
#7  0x000014b341841898 in std::_Function_handler<void (), tensorflow::thread::EigenEnvironment::CreateThread(std::function<void ()>)::{lambda()#1}>::_M_invoke(std::_Any_data const&) () from /cvmfs/cms.cern.ch/el9_amd64_gcc11/external/py3-tensorflow/2.6.4-b4f48218503141d57481e3883c4fc2d8/lib/python3.9/site-packages/tensorflow/python/_pywrap_tensorflow_internal.so
#8  0x000014b33d12d220 in tensorflow::(anonymous namespace)::PThread::ThreadFn(void*) () from /cvmfs/cms.cern.ch/el9_amd64_gcc11/external/py3-tensorflow/2.6.4-b4f48218503141d57481e3883c4fc2d8/lib/python3.9/site-packages/tensorflow/python/../libtensorflow_framework.so.2
#9  0x000014b361689d22 in start_thread () from /lib64/libc.so.6
#10 0x000014b36170ed40 in clone3 () from /lib64/libc.so.6

Thread 42 (Thread 0x14b287bfd640 (LWP 303) "python3"):
#0  0x000014b3616868ba in __futex_abstimed_wait_common () from /lib64/libc.so.6
#1  0x000014b3616890c0 in pthread_cond_wait

GLIBC_2.3.2 () from /lib64/libc.so.6
#2  0x000014b35e8d1820 in __gthread_cond_wait (__mutex=<optimized out>, __cond=<optimized out>) at /data/cmsbld/jenkins/workspace/jenkins-test-bootstrap/toolconf/BUILD/el9_amd64_gcc11/external/gcc/11.4.1-30ebdc301ebd200f2ae0e3d880258e65/gcc-11.4.1/obj/x86_64-redhat-linux-gnu/libstdc++-v3/include/x86_64-redhat-linux-gnu/bits/gthr-default.h:865
#3  std::__condvar::wait (__m=..., this=<optimized out>) at /data/cmsbld/jenkins/workspace/jenkins-test-bootstrap/toolconf/BUILD/el9_amd64_gcc11/external/gcc/11.4.1-30ebdc301ebd200f2ae0e3d880258e65/gcc-11.4.1/obj/x86_64-redhat-linux-gnu/libstdc++-v3/include/bits/std_mutex.h:155
#4  std::condition_variable::wait (this=<optimized out>, __lock=...) at ../../../../../libstdc++-v3/src/c++11/condition_variable.cc:41
#5  0x000014b341844743 in Eigen::ThreadPoolTempl<tensorflow::thread::EigenEnvironment>::WaitForWork(Eigen::EventCount::Waiter*, tensorflow::thread::EigenEnvironment::Task*) () from /cvmfs/cms.cern.ch/el9_amd64_gcc11/external/py3-tensorflow/2.6.4-b4f48218503141d57481e3883c4fc2d8/lib/python3.9/site-packages/tensorflow/python/_pywrap_tensorflow_internal.so
#6  0x000014b341844e2e in Eigen::ThreadPoolTempl<tensorflow::thread::EigenEnvironment>::WorkerLoop(int) () from /cvmfs/cms.cern.ch/el9_amd64_gcc11/external/py3-tensorflow/2.6.4-b4f48218503141d57481e3883c4fc2d8/lib/python3.9/site-packages/tensorflow/python/_pywrap_tensorflow_internal.so
#7  0x000014b341841898 in std::_Function_handler<void (), tensorflow::thread::EigenEnvironment::CreateThread(std::function<void ()>)::{lambda()#1}>::_M_invoke(std::_Any_data const&) () from /cvmfs/cms.cern.ch/el9_amd64_gcc11/external/py3-tensorflow/2.6.4-b4f48218503141d57481e3883c4fc2d8/lib/python3.9/site-packages/tensorflow/python/_pywrap_tensorflow_internal.so
#8  0x000014b33d12d220 in tensorflow::(anonymous namespace)::PThread::ThreadFn(void*) () from /cvmfs/cms.cern.ch/el9_amd64_gcc11/external/py3-tensorflow/2.6.4-b4f48218503141d57481e3883c4fc2d8/lib/python3.9/site-packages/tensorflow/python/../libtensorflow_framework.so.2
#9  0x000014b361689d22 in start_thread () from /lib64/libc.so.6
#10 0x000014b36170ed40 in clone3 () from /lib64/libc.so.6

Thread 41 (Thread 0x14b287dfe640 (LWP 302) "python3"):
#0  0x000014b3616868ba in __futex_abstimed_wait_common () from /lib64/libc.so.6
#1  0x000014b3616890c0 in pthread_cond_wait

GLIBC_2.3.2 () from /lib64/libc.so.6
#2  0x000014b35e8d1820 in __gthread_cond_wait (__mutex=<optimized out>, __cond=<optimized out>) at /data/cmsbld/jenkins/workspace/jenkins-test-bootstrap/toolconf/BUILD/el9_amd64_gcc11/external/gcc/11.4.1-30ebdc301ebd200f2ae0e3d880258e65/gcc-11.4.1/obj/x86_64-redhat-linux-gnu/libstdc++-v3/include/x86_64-redhat-linux-gnu/bits/gthr-default.h:865
#3  std::__condvar::wait (__m=..., this=<optimized out>) at /data/cmsbld/jenkins/workspace/jenkins-test-bootstrap/toolconf/BUILD/el9_amd64_gcc11/external/gcc/11.4.1-30ebdc301ebd200f2ae0e3d880258e65/gcc-11.4.1/obj/x86_64-redhat-linux-gnu/libstdc++-v3/include/bits/std_mutex.h:155
#4  std::condition_variable::wait (this=<optimized out>, __lock=...) at ../../../../../libstdc++-v3/src/c++11/condition_variable.cc:41
#5  0x000014b341844743 in Eigen::ThreadPoolTempl<tensorflow::thread::EigenEnvironment>::WaitForWork(Eigen::EventCount::Waiter*, tensorflow::thread::EigenEnvironment::Task*) () from /cvmfs/cms.cern.ch/el9_amd64_gcc11/external/py3-tensorflow/2.6.4-b4f48218503141d57481e3883c4fc2d8/lib/python3.9/site-packages/tensorflow/python/_pywrap_tensorflow_internal.so
#6  0x000014b341844e2e in Eigen::ThreadPoolTempl<tensorflow::thread::EigenEnvironment>::WorkerLoop(int) () from /cvmfs/cms.cern.ch/el9_amd64_gcc11/external/py3-tensorflow/2.6.4-b4f48218503141d57481e3883c4fc2d8/lib/python3.9/site-packages/tensorflow/python/_pywrap_tensorflow_internal.so
#7  0x000014b341841898 in std::_Function_handler<void (), tensorflow::thread::EigenEnvironment::CreateThread(std::function<void ()>)::{lambda()#1}>::_M_invoke(std::_Any_data const&) () from /cvmfs/cms.cern.ch/el9_amd64_gcc11/external/py3-tensorflow/2.6.4-b4f48218503141d57481e3883c4fc2d8/lib/python3.9/site-packages/tensorflow/python/_pywrap_tensorflow_internal.so
#8  0x000014b33d12d220 in tensorflow::(anonymous namespace)::PThread::ThreadFn(void*) () from /cvmfs/cms.cern.ch/el9_amd64_gcc11/external/py3-tensorflow/2.6.4-b4f48218503141d57481e3883c4fc2d8/lib/python3.9/site-packages/tensorflow/python/../libtensorflow_framework.so.2
#9  0x000014b361689d22 in start_thread () from /lib64/libc.so.6
#10 0x000014b36170ed40 in clone3 () from /lib64/libc.so.6

Thread 40 (Thread 0x14b287fff640 (LWP 301) "python3"):
#0  0x000014b3616868ba in __futex_abstimed_wait_common () from /lib64/libc.so.6
#1  0x000014b3616890c0 in pthread_cond_wait

GLIBC_2.3.2 () from /lib64/libc.so.6
#2  0x000014b35e8d1820 in __gthread_cond_wait (__mutex=<optimized out>, __cond=<optimized out>) at /data/cmsbld/jenkins/workspace/jenkins-test-bootstrap/toolconf/BUILD/el9_amd64_gcc11/external/gcc/11.4.1-30ebdc301ebd200f2ae0e3d880258e65/gcc-11.4.1/obj/x86_64-redhat-linux-gnu/libstdc++-v3/include/x86_64-redhat-linux-gnu/bits/gthr-default.h:865
#3  std::__condvar::wait (__m=..., this=<optimized out>) at /data/cmsbld/jenkins/workspace/jenkins-test-bootstrap/toolconf/BUILD/el9_amd64_gcc11/external/gcc/11.4.1-30ebdc301ebd200f2ae0e3d880258e65/gcc-11.4.1/obj/x86_64-redhat-linux-gnu/libstdc++-v3/include/bits/std_mutex.h:155
#4  std::condition_variable::wait (this=<optimized out>, __lock=...) at ../../../../../libstdc++-v3/src/c++11/condition_variable.cc:41
#5  0x000014b341844743 in Eigen::ThreadPoolTempl<tensorflow::thread::EigenEnvironment>::WaitForWork(Eigen::EventCount::Waiter*, tensorflow::thread::EigenEnvironment::Task*) () from /cvmfs/cms.cern.ch/el9_amd64_gcc11/external/py3-tensorflow/2.6.4-b4f48218503141d57481e3883c4fc2d8/lib/python3.9/site-packages/tensorflow/python/_pywrap_tensorflow_internal.so
#6  0x000014b341844e2e in Eigen::ThreadPoolTempl<tensorflow::thread::EigenEnvironment>::WorkerLoop(int) () from /cvmfs/cms.cern.ch/el9_amd64_gcc11/external/py3-tensorflow/2.6.4-b4f48218503141d57481e3883c4fc2d8/lib/python3.9/site-packages/tensorflow/python/_pywrap_tensorflow_internal.so
#7  0x000014b341841898 in std::_Function_handler<void (), tensorflow::thread::EigenEnvironment::CreateThread(std::function<void ()>)::{lambda()#1}>::_M_invoke(std::_Any_data const&) () from /cvmfs/cms.cern.ch/el9_amd64_gcc11/external/py3-tensorflow/2.6.4-b4f48218503141d57481e3883c4fc2d8/lib/python3.9/site-packages/tensorflow/python/_pywrap_tensorflow_internal.so
#8  0x000014b33d12d220 in tensorflow::(anonymous namespace)::PThread::ThreadFn(void*) () from /cvmfs/cms.cern.ch/el9_amd64_gcc11/external/py3-tensorflow/2.6.4-b4f48218503141d57481e3883c4fc2d8/lib/python3.9/site-packages/tensorflow/python/../libtensorflow_framework.so.2
#9  0x000014b361689d22 in start_thread () from /lib64/libc.so.6
#10 0x000014b36170ed40 in clone3 () from /lib64/libc.so.6

Thread 39 (Thread 0x14b2c43ab640 (LWP 300) "python3"):
#0  0x000014b3616868ba in __futex_abstimed_wait_common () from /lib64/libc.so.6
#1  0x000014b3616890c0 in pthread_cond_wait

GLIBC_2.3.2 () from /lib64/libc.so.6
#2  0x000014b35e8d1820 in __gthread_cond_wait (__mutex=<optimized out>, __cond=<optimized out>) at /data/cmsbld/jenkins/workspace/jenkins-test-bootstrap/toolconf/BUILD/el9_amd64_gcc11/external/gcc/11.4.1-30ebdc301ebd200f2ae0e3d880258e65/gcc-11.4.1/obj/x86_64-redhat-linux-gnu/libstdc++-v3/include/x86_64-redhat-linux-gnu/bits/gthr-default.h:865
#3  std::__condvar::wait (__m=..., this=<optimized out>) at /data/cmsbld/jenkins/workspace/jenkins-test-bootstrap/toolconf/BUILD/el9_amd64_gcc11/external/gcc/11.4.1-30ebdc301ebd200f2ae0e3d880258e65/gcc-11.4.1/obj/x86_64-redhat-linux-gnu/libstdc++-v3/include/bits/std_mutex.h:155
#4  std::condition_variable::wait (this=<optimized out>, __lock=...) at ../../../../../libstdc++-v3/src/c++11/condition_variable.cc:41
#5  0x000014b341844743 in Eigen::ThreadPoolTempl<tensorflow::thread::EigenEnvironment>::WaitForWork(Eigen::EventCount::Waiter*, tensorflow::thread::EigenEnvironment::Task*) () from /cvmfs/cms.cern.ch/el9_amd64_gcc11/external/py3-tensorflow/2.6.4-b4f48218503141d57481e3883c4fc2d8/lib/python3.9/site-packages/tensorflow/python/_pywrap_tensorflow_internal.so
#6  0x000014b341844e2e in Eigen::ThreadPoolTempl<tensorflow::thread::EigenEnvironment>::WorkerLoop(int) () from /cvmfs/cms.cern.ch/el9_amd64_gcc11/external/py3-tensorflow/2.6.4-b4f48218503141d57481e3883c4fc2d8/lib/python3.9/site-packages/tensorflow/python/_pywrap_tensorflow_internal.so
#7  0x000014b341841898 in std::_Function_handler<void (), tensorflow::thread::EigenEnvironment::CreateThread(std::function<void ()>)::{lambda()#1}>::_M_invoke(std::_Any_data const&) () from /cvmfs/cms.cern.ch/el9_amd64_gcc11/external/py3-tensorflow/2.6.4-b4f48218503141d57481e3883c4fc2d8/lib/python3.9/site-packages/tensorflow/python/_pywrap_tensorflow_internal.so
#8  0x000014b33d12d220 in tensorflow::(anonymous namespace)::PThread::ThreadFn(void*) () from /cvmfs/cms.cern.ch/el9_amd64_gcc11/external/py3-tensorflow/2.6.4-b4f48218503141d57481e3883c4fc2d8/lib/python3.9/site-packages/tensorflow/python/../libtensorflow_framework.so.2
#9  0x000014b361689d22 in start_thread () from /lib64/libc.so.6
#10 0x000014b36170ed40 in clone3 () from /lib64/libc.so.6

Thread 38 (Thread 0x14b2c45ac640 (LWP 299) "python3"):
#0  0x000014b3616868ba in __futex_abstimed_wait_common () from /lib64/libc.so.6
#1  0x000014b3616890c0 in pthread_cond_wait

GLIBC_2.3.2 () from /lib64/libc.so.6
#2  0x000014b35e8d1820 in __gthread_cond_wait (__mutex=<optimized out>, __cond=<optimized out>) at /data/cmsbld/jenkins/workspace/jenkins-test-bootstrap/toolconf/BUILD/el9_amd64_gcc11/external/gcc/11.4.1-30ebdc301ebd200f2ae0e3d880258e65/gcc-11.4.1/obj/x86_64-redhat-linux-gnu/libstdc++-v3/include/x86_64-redhat-linux-gnu/bits/gthr-default.h:865
#3  std::__condvar::wait (__m=..., this=<optimized out>) at /data/cmsbld/jenkins/workspace/jenkins-test-bootstrap/toolconf/BUILD/el9_amd64_gcc11/external/gcc/11.4.1-30ebdc301ebd200f2ae0e3d880258e65/gcc-11.4.1/obj/x86_64-redhat-linux-gnu/libstdc++-v3/include/bits/std_mutex.h:155
#4  std::condition_variable::wait (this=<optimized out>, __lock=...) at ../../../../../libstdc++-v3/src/c++11/condition_variable.cc:41
#5  0x000014b341844743 in Eigen::ThreadPoolTempl<tensorflow::thread::EigenEnvironment>::WaitForWork(Eigen::EventCount::Waiter*, tensorflow::thread::EigenEnvironment::Task*) () from /cvmfs/cms.cern.ch/el9_amd64_gcc11/external/py3-tensorflow/2.6.4-b4f48218503141d57481e3883c4fc2d8/lib/python3.9/site-packages/tensorflow/python/_pywrap_tensorflow_internal.so
#6  0x000014b341844e2e in Eigen::ThreadPoolTempl<tensorflow::thread::EigenEnvironment>::WorkerLoop(int) () from /cvmfs/cms.cern.ch/el9_amd64_gcc11/external/py3-tensorflow/2.6.4-b4f48218503141d57481e3883c4fc2d8/lib/python3.9/site-packages/tensorflow/python/_pywrap_tensorflow_internal.so
#7  0x000014b341841898 in std::_Function_handler<void (), tensorflow::thread::EigenEnvironment::CreateThread(std::function<void ()>)::{lambda()#1}>::_M_invoke(std::_Any_data const&) () from /cvmfs/cms.cern.ch/el9_amd64_gcc11/external/py3-tensorflow/2.6.4-b4f48218503141d57481e3883c4fc2d8/lib/python3.9/site-packages/tensorflow/python/_pywrap_tensorflow_internal.so
#8  0x000014b33d12d220 in tensorflow::(anonymous namespace)::PThread::ThreadFn(void*) () from /cvmfs/cms.cern.ch/el9_amd64_gcc11/external/py3-tensorflow/2.6.4-b4f48218503141d57481e3883c4fc2d8/lib/python3.9/site-packages/tensorflow/python/../libtensorflow_framework.so.2
#9  0x000014b361689d22 in start_thread () from /lib64/libc.so.6
#10 0x000014b36170ed40 in clone3 () from /lib64/libc.so.6

Thread 37 (Thread 0x14b2c47ad640 (LWP 298) "python3"):
#0  0x000014b3616868ba in __futex_abstimed_wait_common () from /lib64/libc.so.6
#1  0x000014b3616890c0 in pthread_cond_wait

GLIBC_2.3.2 () from /lib64/libc.so.6
#2  0x000014b35e8d1820 in __gthread_cond_wait (__mutex=<optimized out>, __cond=<optimized out>) at /data/cmsbld/jenkins/workspace/jenkins-test-bootstrap/toolconf/BUILD/el9_amd64_gcc11/external/gcc/11.4.1-30ebdc301ebd200f2ae0e3d880258e65/gcc-11.4.1/obj/x86_64-redhat-linux-gnu/libstdc++-v3/include/x86_64-redhat-linux-gnu/bits/gthr-default.h:865
#3  std::__condvar::wait (__m=..., this=<optimized out>) at /data/cmsbld/jenkins/workspace/jenkins-test-bootstrap/toolconf/BUILD/el9_amd64_gcc11/external/gcc/11.4.1-30ebdc301ebd200f2ae0e3d880258e65/gcc-11.4.1/obj/x86_64-redhat-linux-gnu/libstdc++-v3/include/bits/std_mutex.h:155
#4  std::condition_variable::wait (this=<optimized out>, __lock=...) at ../../../../../libstdc++-v3/src/c++11/condition_variable.cc:41
#5  0x000014b341844743 in Eigen::ThreadPoolTempl<tensorflow::thread::EigenEnvironment>::WaitForWork(Eigen::EventCount::Waiter*, tensorflow::thread::EigenEnvironment::Task*) () from /cvmfs/cms.cern.ch/el9_amd64_gcc11/external/py3-tensorflow/2.6.4-b4f48218503141d57481e3883c4fc2d8/lib/python3.9/site-packages/tensorflow/python/_pywrap_tensorflow_internal.so
#6  0x000014b341844e2e in Eigen::ThreadPoolTempl<tensorflow::thread::EigenEnvironment>::WorkerLoop(int) () from /cvmfs/cms.cern.ch/el9_amd64_gcc11/external/py3-tensorflow/2.6.4-b4f48218503141d57481e3883c4fc2d8/lib/python3.9/site-packages/tensorflow/python/_pywrap_tensorflow_internal.so
#7  0x000014b341841898 in std::_Function_handler<void (), tensorflow::thread::EigenEnvironment::CreateThread(std::function<void ()>)::{lambda()#1}>::_M_invoke(std::_Any_data const&) () from /cvmfs/cms.cern.ch/el9_amd64_gcc11/external/py3-tensorflow/2.6.4-b4f48218503141d57481e3883c4fc2d8/lib/python3.9/site-packages/tensorflow/python/_pywrap_tensorflow_internal.so
#8  0x000014b33d12d220 in tensorflow::(anonymous namespace)::PThread::ThreadFn(void*) () from /cvmfs/cms.cern.ch/el9_amd64_gcc11/external/py3-tensorflow/2.6.4-b4f48218503141d57481e3883c4fc2d8/lib/python3.9/site-packages/tensorflow/python/../libtensorflow_framework.so.2
#9  0x000014b361689d22 in start_thread () from /lib64/libc.so.6
#10 0x000014b36170ed40 in clone3 () from /lib64/libc.so.6

Thread 36 (Thread 0x14b2c49ae640 (LWP 297) "python3"):
#0  0x000014b3616868ba in __futex_abstimed_wait_common () from /lib64/libc.so.6
#1  0x000014b3616890c0 in pthread_cond_wait

GLIBC_2.3.2 () from /lib64/libc.so.6
#2  0x000014b35e8d1820 in __gthread_cond_wait (__mutex=<optimized out>, __cond=<optimized out>) at /data/cmsbld/jenkins/workspace/jenkins-test-bootstrap/toolconf/BUILD/el9_amd64_gcc11/external/gcc/11.4.1-30ebdc301ebd200f2ae0e3d880258e65/gcc-11.4.1/obj/x86_64-redhat-linux-gnu/libstdc++-v3/include/x86_64-redhat-linux-gnu/bits/gthr-default.h:865
#3  std::__condvar::wait (__m=..., this=<optimized out>) at /data/cmsbld/jenkins/workspace/jenkins-test-bootstrap/toolconf/BUILD/el9_amd64_gcc11/external/gcc/11.4.1-30ebdc301ebd200f2ae0e3d880258e65/gcc-11.4.1/obj/x86_64-redhat-linux-gnu/libstdc++-v3/include/bits/std_mutex.h:155
#4  std::condition_variable::wait (this=<optimized out>, __lock=...) at ../../../../../libstdc++-v3/src/c++11/condition_variable.cc:41
#5  0x000014b341844743 in Eigen::ThreadPoolTempl<tensorflow::thread::EigenEnvironment>::WaitForWork(Eigen::EventCount::Waiter*, tensorflow::thread::EigenEnvironment::Task*) () from /cvmfs/cms.cern.ch/el9_amd64_gcc11/external/py3-tensorflow/2.6.4-b4f48218503141d57481e3883c4fc2d8/lib/python3.9/site-packages/tensorflow/python/_pywrap_tensorflow_internal.so
#6  0x000014b341844e2e in Eigen::ThreadPoolTempl<tensorflow::thread::EigenEnvironment>::WorkerLoop(int) () from /cvmfs/cms.cern.ch/el9_amd64_gcc11/external/py3-tensorflow/2.6.4-b4f48218503141d57481e3883c4fc2d8/lib/python3.9/site-packages/tensorflow/python/_pywrap_tensorflow_internal.so
#7  0x000014b341841898 in std::_Function_handler<void (), tensorflow::thread::EigenEnvironment::CreateThread(std::function<void ()>)::{lambda()#1}>::_M_invoke(std::_Any_data const&) () from /cvmfs/cms.cern.ch/el9_amd64_gcc11/external/py3-tensorflow/2.6.4-b4f48218503141d57481e3883c4fc2d8/lib/python3.9/site-packages/tensorflow/python/_pywrap_tensorflow_internal.so
#8  0x000014b33d12d220 in tensorflow::(anonymous namespace)::PThread::ThreadFn(void*) () from /cvmfs/cms.cern.ch/el9_amd64_gcc11/external/py3-tensorflow/2.6.4-b4f48218503141d57481e3883c4fc2d8/lib/python3.9/site-packages/tensorflow/python/../libtensorflow_framework.so.2
#9  0x000014b361689d22 in start_thread () from /lib64/libc.so.6
#10 0x000014b36170ed40 in clone3 () from /lib64/libc.so.6

Thread 35 (Thread 0x14b2c4baf640 (LWP 296) "python3"):
#0  0x000014b3616868ba in __futex_abstimed_wait_common () from /lib64/libc.so.6
#1  0x000014b3616890c0 in pthread_cond_wait

GLIBC_2.3.2 () from /lib64/libc.so.6
#2  0x000014b35e8d1820 in __gthread_cond_wait (__mutex=<optimized out>, __cond=<optimized out>) at /data/cmsbld/jenkins/workspace/jenkins-test-bootstrap/toolconf/BUILD/el9_amd64_gcc11/external/gcc/11.4.1-30ebdc301ebd200f2ae0e3d880258e65/gcc-11.4.1/obj/x86_64-redhat-linux-gnu/libstdc++-v3/include/x86_64-redhat-linux-gnu/bits/gthr-default.h:865
#3  std::__condvar::wait (__m=..., this=<optimized out>) at /data/cmsbld/jenkins/workspace/jenkins-test-bootstrap/toolconf/BUILD/el9_amd64_gcc11/external/gcc/11.4.1-30ebdc301ebd200f2ae0e3d880258e65/gcc-11.4.1/obj/x86_64-redhat-linux-gnu/libstdc++-v3/include/bits/std_mutex.h:155
#4  std::condition_variable::wait (this=<optimized out>, __lock=...) at ../../../../../libstdc++-v3/src/c++11/condition_variable.cc:41
#5  0x000014b341844743 in Eigen::ThreadPoolTempl<tensorflow::thread::EigenEnvironment>::WaitForWork(Eigen::EventCount::Waiter*, tensorflow::thread::EigenEnvironment::Task*) () from /cvmfs/cms.cern.ch/el9_amd64_gcc11/external/py3-tensorflow/2.6.4-b4f48218503141d57481e3883c4fc2d8/lib/python3.9/site-packages/tensorflow/python/_pywrap_tensorflow_internal.so
#6  0x000014b341844e2e in Eigen::ThreadPoolTempl<tensorflow::thread::EigenEnvironment>::WorkerLoop(int) () from /cvmfs/cms.cern.ch/el9_amd64_gcc11/external/py3-tensorflow/2.6.4-b4f48218503141d57481e3883c4fc2d8/lib/python3.9/site-packages/tensorflow/python/_pywrap_tensorflow_internal.so
#7  0x000014b341841898 in std::_Function_handler<void (), tensorflow::thread::EigenEnvironment::CreateThread(std::function<void ()>)::{lambda()#1}>::_M_invoke(std::_Any_data const&) () from /cvmfs/cms.cern.ch/el9_amd64_gcc11/external/py3-tensorflow/2.6.4-b4f48218503141d57481e3883c4fc2d8/lib/python3.9/site-packages/tensorflow/python/_pywrap_tensorflow_internal.so
#8  0x000014b33d12d220 in tensorflow::(anonymous namespace)::PThread::ThreadFn(void*) () from /cvmfs/cms.cern.ch/el9_amd64_gcc11/external/py3-tensorflow/2.6.4-b4f48218503141d57481e3883c4fc2d8/lib/python3.9/site-packages/tensorflow/python/../libtensorflow_framework.so.2
#9  0x000014b361689d22 in start_thread () from /lib64/libc.so.6
#10 0x000014b36170ed40 in clone3 () from /lib64/libc.so.6

Thread 34 (Thread 0x14b2c4db0640 (LWP 295) "python3"):
#0  0x000014b3616868ba in __futex_abstimed_wait_common () from /lib64/libc.so.6
#1  0x000014b3616890c0 in pthread_cond_wait

GLIBC_2.3.2 () from /lib64/libc.so.6
#2  0x000014b35e8d1820 in __gthread_cond_wait (__mutex=<optimized out>, __cond=<optimized out>) at /data/cmsbld/jenkins/workspace/jenkins-test-bootstrap/toolconf/BUILD/el9_amd64_gcc11/external/gcc/11.4.1-30ebdc301ebd200f2ae0e3d880258e65/gcc-11.4.1/obj/x86_64-redhat-linux-gnu/libstdc++-v3/include/x86_64-redhat-linux-gnu/bits/gthr-default.h:865
#3  std::__condvar::wait (__m=..., this=<optimized out>) at /data/cmsbld/jenkins/workspace/jenkins-test-bootstrap/toolconf/BUILD/el9_amd64_gcc11/external/gcc/11.4.1-30ebdc301ebd200f2ae0e3d880258e65/gcc-11.4.1/obj/x86_64-redhat-linux-gnu/libstdc++-v3/include/bits/std_mutex.h:155
#4  std::condition_variable::wait (this=<optimized out>, __lock=...) at ../../../../../libstdc++-v3/src/c++11/condition_variable.cc:41
#5  0x000014b341844743 in Eigen::ThreadPoolTempl<tensorflow::thread::EigenEnvironment>::WaitForWork(Eigen::EventCount::Waiter*, tensorflow::thread::EigenEnvironment::Task*) () from /cvmfs/cms.cern.ch/el9_amd64_gcc11/external/py3-tensorflow/2.6.4-b4f48218503141d57481e3883c4fc2d8/lib/python3.9/site-packages/tensorflow/python/_pywrap_tensorflow_internal.so
#6  0x000014b341844e2e in Eigen::ThreadPoolTempl<tensorflow::thread::EigenEnvironment>::WorkerLoop(int) () from /cvmfs/cms.cern.ch/el9_amd64_gcc11/external/py3-tensorflow/2.6.4-b4f48218503141d57481e3883c4fc2d8/lib/python3.9/site-packages/tensorflow/python/_pywrap_tensorflow_internal.so
#7  0x000014b341841898 in std::_Function_handler<void (), tensorflow::thread::EigenEnvironment::CreateThread(std::function<void ()>)::{lambda()#1}>::_M_invoke(std::_Any_data const&) () from /cvmfs/cms.cern.ch/el9_amd64_gcc11/external/py3-tensorflow/2.6.4-b4f48218503141d57481e3883c4fc2d8/lib/python3.9/site-packages/tensorflow/python/_pywrap_tensorflow_internal.so
#8  0x000014b33d12d220 in tensorflow::(anonymous namespace)::PThread::ThreadFn(void*) () from /cvmfs/cms.cern.ch/el9_amd64_gcc11/external/py3-tensorflow/2.6.4-b4f48218503141d57481e3883c4fc2d8/lib/python3.9/site-packages/tensorflow/python/../libtensorflow_framework.so.2
#9  0x000014b361689d22 in start_thread () from /lib64/libc.so.6
#10 0x000014b36170ed40 in clone3 () from /lib64/libc.so.6

Thread 33 (Thread 0x14b2c4fb1640 (LWP 294) "python3"):
#0  0x000014b3616868ba in __futex_abstimed_wait_common () from /lib64/libc.so.6
#1  0x000014b3616890c0 in pthread_cond_wait

GLIBC_2.3.2 () from /lib64/libc.so.6
#2  0x000014b35e8d1820 in __gthread_cond_wait (__mutex=<optimized out>, __cond=<optimized out>) at /data/cmsbld/jenkins/workspace/jenkins-test-bootstrap/toolconf/BUILD/el9_amd64_gcc11/external/gcc/11.4.1-30ebdc301ebd200f2ae0e3d880258e65/gcc-11.4.1/obj/x86_64-redhat-linux-gnu/libstdc++-v3/include/x86_64-redhat-linux-gnu/bits/gthr-default.h:865
#3  std::__condvar::wait (__m=..., this=<optimized out>) at /data/cmsbld/jenkins/workspace/jenkins-test-bootstrap/toolconf/BUILD/el9_amd64_gcc11/external/gcc/11.4.1-30ebdc301ebd200f2ae0e3d880258e65/gcc-11.4.1/obj/x86_64-redhat-linux-gnu/libstdc++-v3/include/bits/std_mutex.h:155
#4  std::condition_variable::wait (this=<optimized out>, __lock=...) at ../../../../../libstdc++-v3/src/c++11/condition_variable.cc:41
#5  0x000014b341844743 in Eigen::ThreadPoolTempl<tensorflow::thread::EigenEnvironment>::WaitForWork(Eigen::EventCount::Waiter*, tensorflow::thread::EigenEnvironment::Task*) () from /cvmfs/cms.cern.ch/el9_amd64_gcc11/external/py3-tensorflow/2.6.4-b4f48218503141d57481e3883c4fc2d8/lib/python3.9/site-packages/tensorflow/python/_pywrap_tensorflow_internal.so
#6  0x000014b341844e2e in Eigen::ThreadPoolTempl<tensorflow::thread::EigenEnvironment>::WorkerLoop(int) () from /cvmfs/cms.cern.ch/el9_amd64_gcc11/external/py3-tensorflow/2.6.4-b4f48218503141d57481e3883c4fc2d8/lib/python3.9/site-packages/tensorflow/python/_pywrap_tensorflow_internal.so
#7  0x000014b341841898 in std::_Function_handler<void (), tensorflow::thread::EigenEnvironment::CreateThread(std::function<void ()>)::{lambda()#1}>::_M_invoke(std::_Any_data const&) () from /cvmfs/cms.cern.ch/el9_amd64_gcc11/external/py3-tensorflow/2.6.4-b4f48218503141d57481e3883c4fc2d8/lib/python3.9/site-packages/tensorflow/python/_pywrap_tensorflow_internal.so
#8  0x000014b33d12d220 in tensorflow::(anonymous namespace)::PThread::ThreadFn(void*) () from /cvmfs/cms.cern.ch/el9_amd64_gcc11/external/py3-tensorflow/2.6.4-b4f48218503141d57481e3883c4fc2d8/lib/python3.9/site-packages/tensorflow/python/../libtensorflow_framework.so.2
#9  0x000014b361689d22 in start_thread () from /lib64/libc.so.6
#10 0x000014b36170ed40 in clone3 () from /lib64/libc.so.6

Thread 32 (Thread 0x14b2c51b2640 (LWP 293) "python3"):
#0  0x000014b3616868ba in __futex_abstimed_wait_common () from /lib64/libc.so.6
#1  0x000014b3616890c0 in pthread_cond_wait

GLIBC_2.3.2 () from /lib64/libc.so.6
#2  0x000014b35e8d1820 in __gthread_cond_wait (__mutex=<optimized out>, __cond=<optimized out>) at /data/cmsbld/jenkins/workspace/jenkins-test-bootstrap/toolconf/BUILD/el9_amd64_gcc11/external/gcc/11.4.1-30ebdc301ebd200f2ae0e3d880258e65/gcc-11.4.1/obj/x86_64-redhat-linux-gnu/libstdc++-v3/include/x86_64-redhat-linux-gnu/bits/gthr-default.h:865
#3  std::__condvar::wait (__m=..., this=<optimized out>) at /data/cmsbld/jenkins/workspace/jenkins-test-bootstrap/toolconf/BUILD/el9_amd64_gcc11/external/gcc/11.4.1-30ebdc301ebd200f2ae0e3d880258e65/gcc-11.4.1/obj/x86_64-redhat-linux-gnu/libstdc++-v3/include/bits/std_mutex.h:155
#4  std::condition_variable::wait (this=<optimized out>, __lock=...) at ../../../../../libstdc++-v3/src/c++11/condition_variable.cc:41
#5  0x000014b341844743 in Eigen::ThreadPoolTempl<tensorflow::thread::EigenEnvironment>::WaitForWork(Eigen::EventCount::Waiter*, tensorflow::thread::EigenEnvironment::Task*) () from /cvmfs/cms.cern.ch/el9_amd64_gcc11/external/py3-tensorflow/2.6.4-b4f48218503141d57481e3883c4fc2d8/lib/python3.9/site-packages/tensorflow/python/_pywrap_tensorflow_internal.so
#6  0x000014b341844e2e in Eigen::ThreadPoolTempl<tensorflow::thread::EigenEnvironment>::WorkerLoop(int) () from /cvmfs/cms.cern.ch/el9_amd64_gcc11/external/py3-tensorflow/2.6.4-b4f48218503141d57481e3883c4fc2d8/lib/python3.9/site-packages/tensorflow/python/_pywrap_tensorflow_internal.so
#7  0x000014b341841898 in std::_Function_handler<void (), tensorflow::thread::EigenEnvironment::CreateThread(std::function<void ()>)::{lambda()#1}>::_M_invoke(std::_Any_data const&) () from /cvmfs/cms.cern.ch/el9_amd64_gcc11/external/py3-tensorflow/2.6.4-b4f48218503141d57481e3883c4fc2d8/lib/python3.9/site-packages/tensorflow/python/_pywrap_tensorflow_internal.so
#8  0x000014b33d12d220 in tensorflow::(anonymous namespace)::PThread::ThreadFn(void*) () from /cvmfs/cms.cern.ch/el9_amd64_gcc11/external/py3-tensorflow/2.6.4-b4f48218503141d57481e3883c4fc2d8/lib/python3.9/site-packages/tensorflow/python/../libtensorflow_framework.so.2
#9  0x000014b361689d22 in start_thread () from /lib64/libc.so.6
#10 0x000014b36170ed40 in clone3 () from /lib64/libc.so.6

Thread 31 (Thread 0x14b2c53b3640 (LWP 292) "python3"):
#0  0x000014b3616868ba in __futex_abstimed_wait_common () from /lib64/libc.so.6
#1  0x000014b3616890c0 in pthread_cond_wait

GLIBC_2.3.2 () from /lib64/libc.so.6
#2  0x000014b35e8d1820 in __gthread_cond_wait (__mutex=<optimized out>, __cond=<optimized out>) at /data/cmsbld/jenkins/workspace/jenkins-test-bootstrap/toolconf/BUILD/el9_amd64_gcc11/external/gcc/11.4.1-30ebdc301ebd200f2ae0e3d880258e65/gcc-11.4.1/obj/x86_64-redhat-linux-gnu/libstdc++-v3/include/x86_64-redhat-linux-gnu/bits/gthr-default.h:865
#3  std::__condvar::wait (__m=..., this=<optimized out>) at /data/cmsbld/jenkins/workspace/jenkins-test-bootstrap/toolconf/BUILD/el9_amd64_gcc11/external/gcc/11.4.1-30ebdc301ebd200f2ae0e3d880258e65/gcc-11.4.1/obj/x86_64-redhat-linux-gnu/libstdc++-v3/include/bits/std_mutex.h:155
#4  std::condition_variable::wait (this=<optimized out>, __lock=...) at ../../../../../libstdc++-v3/src/c++11/condition_variable.cc:41
#5  0x000014b341844743 in Eigen::ThreadPoolTempl<tensorflow::thread::EigenEnvironment>::WaitForWork(Eigen::EventCount::Waiter*, tensorflow::thread::EigenEnvironment::Task*) () from /cvmfs/cms.cern.ch/el9_amd64_gcc11/external/py3-tensorflow/2.6.4-b4f48218503141d57481e3883c4fc2d8/lib/python3.9/site-packages/tensorflow/python/_pywrap_tensorflow_internal.so
#6  0x000014b341844e2e in Eigen::ThreadPoolTempl<tensorflow::thread::EigenEnvironment>::WorkerLoop(int) () from /cvmfs/cms.cern.ch/el9_amd64_gcc11/external/py3-tensorflow/2.6.4-b4f48218503141d57481e3883c4fc2d8/lib/python3.9/site-packages/tensorflow/python/_pywrap_tensorflow_internal.so
#7  0x000014b341841898 in std::_Function_handler<void (), tensorflow::thread::EigenEnvironment::CreateThread(std::function<void ()>)::{lambda()#1}>::_M_invoke(std::_Any_data const&) () from /cvmfs/cms.cern.ch/el9_amd64_gcc11/external/py3-tensorflow/2.6.4-b4f48218503141d57481e3883c4fc2d8/lib/python3.9/site-packages/tensorflow/python/_pywrap_tensorflow_internal.so
#8  0x000014b33d12d220 in tensorflow::(anonymous namespace)::PThread::ThreadFn(void*) () from /cvmfs/cms.cern.ch/el9_amd64_gcc11/external/py3-tensorflow/2.6.4-b4f48218503141d57481e3883c4fc2d8/lib/python3.9/site-packages/tensorflow/python/../libtensorflow_framework.so.2
#9  0x000014b361689d22 in start_thread () from /lib64/libc.so.6
#10 0x000014b36170ed40 in clone3 () from /lib64/libc.so.6

Thread 30 (Thread 0x14b2c55b4640 (LWP 291) "python3"):
#0  0x000014b3616868ba in __futex_abstimed_wait_common () from /lib64/libc.so.6
#1  0x000014b3616890c0 in pthread_cond_wait

GLIBC_2.3.2 () from /lib64/libc.so.6
#2  0x000014b35e8d1820 in __gthread_cond_wait (__mutex=<optimized out>, __cond=<optimized out>) at /data/cmsbld/jenkins/workspace/jenkins-test-bootstrap/toolconf/BUILD/el9_amd64_gcc11/external/gcc/11.4.1-30ebdc301ebd200f2ae0e3d880258e65/gcc-11.4.1/obj/x86_64-redhat-linux-gnu/libstdc++-v3/include/x86_64-redhat-linux-gnu/bits/gthr-default.h:865
#3  std::__condvar::wait (__m=..., this=<optimized out>) at /data/cmsbld/jenkins/workspace/jenkins-test-bootstrap/toolconf/BUILD/el9_amd64_gcc11/external/gcc/11.4.1-30ebdc301ebd200f2ae0e3d880258e65/gcc-11.4.1/obj/x86_64-redhat-linux-gnu/libstdc++-v3/include/bits/std_mutex.h:155
#4  std::condition_variable::wait (this=<optimized out>, __lock=...) at ../../../../../libstdc++-v3/src/c++11/condition_variable.cc:41
#5  0x000014b341844743 in Eigen::ThreadPoolTempl<tensorflow::thread::EigenEnvironment>::WaitForWork(Eigen::EventCount::Waiter*, tensorflow::thread::EigenEnvironment::Task*) () from /cvmfs/cms.cern.ch/el9_amd64_gcc11/external/py3-tensorflow/2.6.4-b4f48218503141d57481e3883c4fc2d8/lib/python3.9/site-packages/tensorflow/python/_pywrap_tensorflow_internal.so
#6  0x000014b341844e2e in Eigen::ThreadPoolTempl<tensorflow::thread::EigenEnvironment>::WorkerLoop(int) () from /cvmfs/cms.cern.ch/el9_amd64_gcc11/external/py3-tensorflow/2.6.4-b4f48218503141d57481e3883c4fc2d8/lib/python3.9/site-packages/tensorflow/python/_pywrap_tensorflow_internal.so
#7  0x000014b341841898 in std::_Function_handler<void (), tensorflow::thread::EigenEnvironment::CreateThread(std::function<void ()>)::{lambda()#1}>::_M_invoke(std::_Any_data const&) () from /cvmfs/cms.cern.ch/el9_amd64_gcc11/external/py3-tensorflow/2.6.4-b4f48218503141d57481e3883c4fc2d8/lib/python3.9/site-packages/tensorflow/python/_pywrap_tensorflow_internal.so
#8  0x000014b33d12d220 in tensorflow::(anonymous namespace)::PThread::ThreadFn(void*) () from /cvmfs/cms.cern.ch/el9_amd64_gcc11/external/py3-tensorflow/2.6.4-b4f48218503141d57481e3883c4fc2d8/lib/python3.9/site-packages/tensorflow/python/../libtensorflow_framework.so.2
#9  0x000014b361689d22 in start_thread () from /lib64/libc.so.6
#10 0x000014b36170ed40 in clone3 () from /lib64/libc.so.6

Thread 29 (Thread 0x14b2c57b5640 (LWP 290) "python3"):
#0  0x000014b3616868ba in __futex_abstimed_wait_common () from /lib64/libc.so.6
#1  0x000014b3616890c0 in pthread_cond_wait

GLIBC_2.3.2 () from /lib64/libc.so.6
#2  0x000014b35e8d1820 in __gthread_cond_wait (__mutex=<optimized out>, __cond=<optimized out>) at /data/cmsbld/jenkins/workspace/jenkins-test-bootstrap/toolconf/BUILD/el9_amd64_gcc11/external/gcc/11.4.1-30ebdc301ebd200f2ae0e3d880258e65/gcc-11.4.1/obj/x86_64-redhat-linux-gnu/libstdc++-v3/include/x86_64-redhat-linux-gnu/bits/gthr-default.h:865
#3  std::__condvar::wait (__m=..., this=<optimized out>) at /data/cmsbld/jenkins/workspace/jenkins-test-bootstrap/toolconf/BUILD/el9_amd64_gcc11/external/gcc/11.4.1-30ebdc301ebd200f2ae0e3d880258e65/gcc-11.4.1/obj/x86_64-redhat-linux-gnu/libstdc++-v3/include/bits/std_mutex.h:155
#4  std::condition_variable::wait (this=<optimized out>, __lock=...) at ../../../../../libstdc++-v3/src/c++11/condition_variable.cc:41
#5  0x000014b341844743 in Eigen::ThreadPoolTempl<tensorflow::thread::EigenEnvironment>::WaitForWork(Eigen::EventCount::Waiter*, tensorflow::thread::EigenEnvironment::Task*) () from /cvmfs/cms.cern.ch/el9_amd64_gcc11/external/py3-tensorflow/2.6.4-b4f48218503141d57481e3883c4fc2d8/lib/python3.9/site-packages/tensorflow/python/_pywrap_tensorflow_internal.so
#6  0x000014b341844e2e in Eigen::ThreadPoolTempl<tensorflow::thread::EigenEnvironment>::WorkerLoop(int) () from /cvmfs/cms.cern.ch/el9_amd64_gcc11/external/py3-tensorflow/2.6.4-b4f48218503141d57481e3883c4fc2d8/lib/python3.9/site-packages/tensorflow/python/_pywrap_tensorflow_internal.so
#7  0x000014b341841898 in std::_Function_handler<void (), tensorflow::thread::EigenEnvironment::CreateThread(std::function<void ()>)::{lambda()#1}>::_M_invoke(std::_Any_data const&) () from /cvmfs/cms.cern.ch/el9_amd64_gcc11/external/py3-tensorflow/2.6.4-b4f48218503141d57481e3883c4fc2d8/lib/python3.9/site-packages/tensorflow/python/_pywrap_tensorflow_internal.so
#8  0x000014b33d12d220 in tensorflow::(anonymous namespace)::PThread::ThreadFn(void*) () from /cvmfs/cms.cern.ch/el9_amd64_gcc11/external/py3-tensorflow/2.6.4-b4f48218503141d57481e3883c4fc2d8/lib/python3.9/site-packages/tensorflow/python/../libtensorflow_framework.so.2
#9  0x000014b361689d22 in start_thread () from /lib64/libc.so.6
#10 0x000014b36170ed40 in clone3 () from /lib64/libc.so.6

Thread 28 (Thread 0x14b2c59b6640 (LWP 289) "python3"):
#0  0x000014b3616868ba in __futex_abstimed_wait_common () from /lib64/libc.so.6
#1  0x000014b3616890c0 in pthread_cond_wait

GLIBC_2.3.2 () from /lib64/libc.so.6
#2  0x000014b35e8d1820 in __gthread_cond_wait (__mutex=<optimized out>, __cond=<optimized out>) at /data/cmsbld/jenkins/workspace/jenkins-test-bootstrap/toolconf/BUILD/el9_amd64_gcc11/external/gcc/11.4.1-30ebdc301ebd200f2ae0e3d880258e65/gcc-11.4.1/obj/x86_64-redhat-linux-gnu/libstdc++-v3/include/x86_64-redhat-linux-gnu/bits/gthr-default.h:865
#3  std::__condvar::wait (__m=..., this=<optimized out>) at /data/cmsbld/jenkins/workspace/jenkins-test-bootstrap/toolconf/BUILD/el9_amd64_gcc11/external/gcc/11.4.1-30ebdc301ebd200f2ae0e3d880258e65/gcc-11.4.1/obj/x86_64-redhat-linux-gnu/libstdc++-v3/include/bits/std_mutex.h:155
#4  std::condition_variable::wait (this=<optimized out>, __lock=...) at ../../../../../libstdc++-v3/src/c++11/condition_variable.cc:41
#5  0x000014b341844743 in Eigen::ThreadPoolTempl<tensorflow::thread::EigenEnvironment>::WaitForWork(Eigen::EventCount::Waiter*, tensorflow::thread::EigenEnvironment::Task*) () from /cvmfs/cms.cern.ch/el9_amd64_gcc11/external/py3-tensorflow/2.6.4-b4f48218503141d57481e3883c4fc2d8/lib/python3.9/site-packages/tensorflow/python/_pywrap_tensorflow_internal.so
#6  0x000014b341844e2e in Eigen::ThreadPoolTempl<tensorflow::thread::EigenEnvironment>::WorkerLoop(int) () from /cvmfs/cms.cern.ch/el9_amd64_gcc11/external/py3-tensorflow/2.6.4-b4f48218503141d57481e3883c4fc2d8/lib/python3.9/site-packages/tensorflow/python/_pywrap_tensorflow_internal.so
#7  0x000014b341841898 in std::_Function_handler<void (), tensorflow::thread::EigenEnvironment::CreateThread(std::function<void ()>)::{lambda()#1}>::_M_invoke(std::_Any_data const&) () from /cvmfs/cms.cern.ch/el9_amd64_gcc11/external/py3-tensorflow/2.6.4-b4f48218503141d57481e3883c4fc2d8/lib/python3.9/site-packages/tensorflow/python/_pywrap_tensorflow_internal.so
#8  0x000014b33d12d220 in tensorflow::(anonymous namespace)::PThread::ThreadFn(void*) () from /cvmfs/cms.cern.ch/el9_amd64_gcc11/external/py3-tensorflow/2.6.4-b4f48218503141d57481e3883c4fc2d8/lib/python3.9/site-packages/tensorflow/python/../libtensorflow_framework.so.2
#9  0x000014b361689d22 in start_thread () from /lib64/libc.so.6
#10 0x000014b36170ed40 in clone3 () from /lib64/libc.so.6

Thread 27 (Thread 0x14b2c5bb7640 (LWP 288) "python3"):
#0  0x000014b3616868ba in __futex_abstimed_wait_common () from /lib64/libc.so.6
#1  0x000014b3616890c0 in pthread_cond_wait

GLIBC_2.3.2 () from /lib64/libc.so.6
#2  0x000014b35e8d1820 in __gthread_cond_wait (__mutex=<optimized out>, __cond=<optimized out>) at /data/cmsbld/jenkins/workspace/jenkins-test-bootstrap/toolconf/BUILD/el9_amd64_gcc11/external/gcc/11.4.1-30ebdc301ebd200f2ae0e3d880258e65/gcc-11.4.1/obj/x86_64-redhat-linux-gnu/libstdc++-v3/include/x86_64-redhat-linux-gnu/bits/gthr-default.h:865
#3  std::__condvar::wait (__m=..., this=<optimized out>) at /data/cmsbld/jenkins/workspace/jenkins-test-bootstrap/toolconf/BUILD/el9_amd64_gcc11/external/gcc/11.4.1-30ebdc301ebd200f2ae0e3d880258e65/gcc-11.4.1/obj/x86_64-redhat-linux-gnu/libstdc++-v3/include/bits/std_mutex.h:155
#4  std::condition_variable::wait (this=<optimized out>, __lock=...) at ../../../../../libstdc++-v3/src/c++11/condition_variable.cc:41
#5  0x000014b341844743 in Eigen::ThreadPoolTempl<tensorflow::thread::EigenEnvironment>::WaitForWork(Eigen::EventCount::Waiter*, tensorflow::thread::EigenEnvironment::Task*) () from /cvmfs/cms.cern.ch/el9_amd64_gcc11/external/py3-tensorflow/2.6.4-b4f48218503141d57481e3883c4fc2d8/lib/python3.9/site-packages/tensorflow/python/_pywrap_tensorflow_internal.so
#6  0x000014b341844e2e in Eigen::ThreadPoolTempl<tensorflow::thread::EigenEnvironment>::WorkerLoop(int) () from /cvmfs/cms.cern.ch/el9_amd64_gcc11/external/py3-tensorflow/2.6.4-b4f48218503141d57481e3883c4fc2d8/lib/python3.9/site-packages/tensorflow/python/_pywrap_tensorflow_internal.so
#7  0x000014b341841898 in std::_Function_handler<void (), tensorflow::thread::EigenEnvironment::CreateThread(std::function<void ()>)::{lambda()#1}>::_M_invoke(std::_Any_data const&) () from /cvmfs/cms.cern.ch/el9_amd64_gcc11/external/py3-tensorflow/2.6.4-b4f48218503141d57481e3883c4fc2d8/lib/python3.9/site-packages/tensorflow/python/_pywrap_tensorflow_internal.so
#8  0x000014b33d12d220 in tensorflow::(anonymous namespace)::PThread::ThreadFn(void*) () from /cvmfs/cms.cern.ch/el9_amd64_gcc11/external/py3-tensorflow/2.6.4-b4f48218503141d57481e3883c4fc2d8/lib/python3.9/site-packages/tensorflow/python/../libtensorflow_framework.so.2
#9  0x000014b361689d22 in start_thread () from /lib64/libc.so.6
#10 0x000014b36170ed40 in clone3 () from /lib64/libc.so.6

Thread 26 (Thread 0x14b2c5db8640 (LWP 287) "python3"):
#0  0x000014b3616868ba in __futex_abstimed_wait_common () from /lib64/libc.so.6
#1  0x000014b3616890c0 in pthread_cond_wait

GLIBC_2.3.2 () from /lib64/libc.so.6
#2  0x000014b35e8d1820 in __gthread_cond_wait (__mutex=<optimized out>, __cond=<optimized out>) at /data/cmsbld/jenkins/workspace/jenkins-test-bootstrap/toolconf/BUILD/el9_amd64_gcc11/external/gcc/11.4.1-30ebdc301ebd200f2ae0e3d880258e65/gcc-11.4.1/obj/x86_64-redhat-linux-gnu/libstdc++-v3/include/x86_64-redhat-linux-gnu/bits/gthr-default.h:865
#3  std::__condvar::wait (__m=..., this=<optimized out>) at /data/cmsbld/jenkins/workspace/jenkins-test-bootstrap/toolconf/BUILD/el9_amd64_gcc11/external/gcc/11.4.1-30ebdc301ebd200f2ae0e3d880258e65/gcc-11.4.1/obj/x86_64-redhat-linux-gnu/libstdc++-v3/include/bits/std_mutex.h:155
#4  std::condition_variable::wait (this=<optimized out>, __lock=...) at ../../../../../libstdc++-v3/src/c++11/condition_variable.cc:41
#5  0x000014b341844743 in Eigen::ThreadPoolTempl<tensorflow::thread::EigenEnvironment>::WaitForWork(Eigen::EventCount::Waiter*, tensorflow::thread::EigenEnvironment::Task*) () from /cvmfs/cms.cern.ch/el9_amd64_gcc11/external/py3-tensorflow/2.6.4-b4f48218503141d57481e3883c4fc2d8/lib/python3.9/site-packages/tensorflow/python/_pywrap_tensorflow_internal.so
#6  0x000014b341844e2e in Eigen::ThreadPoolTempl<tensorflow::thread::EigenEnvironment>::WorkerLoop(int) () from /cvmfs/cms.cern.ch/el9_amd64_gcc11/external/py3-tensorflow/2.6.4-b4f48218503141d57481e3883c4fc2d8/lib/python3.9/site-packages/tensorflow/python/_pywrap_tensorflow_internal.so
#7  0x000014b341841898 in std::_Function_handler<void (), tensorflow::thread::EigenEnvironment::CreateThread(std::function<void ()>)::{lambda()#1}>::_M_invoke(std::_Any_data const&) () from /cvmfs/cms.cern.ch/el9_amd64_gcc11/external/py3-tensorflow/2.6.4-b4f48218503141d57481e3883c4fc2d8/lib/python3.9/site-packages/tensorflow/python/_pywrap_tensorflow_internal.so
#8  0x000014b33d12d220 in tensorflow::(anonymous namespace)::PThread::ThreadFn(void*) () from /cvmfs/cms.cern.ch/el9_amd64_gcc11/external/py3-tensorflow/2.6.4-b4f48218503141d57481e3883c4fc2d8/lib/python3.9/site-packages/tensorflow/python/../libtensorflow_framework.so.2
#9  0x000014b361689d22 in start_thread () from /lib64/libc.so.6
#10 0x000014b36170ed40 in clone3 () from /lib64/libc.so.6

Thread 25 (Thread 0x14b2c5fb9640 (LWP 286) "python3"):
#0  0x000014b3616868ba in __futex_abstimed_wait_common () from /lib64/libc.so.6
#1  0x000014b3616890c0 in pthread_cond_wait

GLIBC_2.3.2 () from /lib64/libc.so.6
#2  0x000014b35e8d1820 in __gthread_cond_wait (__mutex=<optimized out>, __cond=<optimized out>) at /data/cmsbld/jenkins/workspace/jenkins-test-bootstrap/toolconf/BUILD/el9_amd64_gcc11/external/gcc/11.4.1-30ebdc301ebd200f2ae0e3d880258e65/gcc-11.4.1/obj/x86_64-redhat-linux-gnu/libstdc++-v3/include/x86_64-redhat-linux-gnu/bits/gthr-default.h:865
#3  std::__condvar::wait (__m=..., this=<optimized out>) at /data/cmsbld/jenkins/workspace/jenkins-test-bootstrap/toolconf/BUILD/el9_amd64_gcc11/external/gcc/11.4.1-30ebdc301ebd200f2ae0e3d880258e65/gcc-11.4.1/obj/x86_64-redhat-linux-gnu/libstdc++-v3/include/bits/std_mutex.h:155
#4  std::condition_variable::wait (this=<optimized out>, __lock=...) at ../../../../../libstdc++-v3/src/c++11/condition_variable.cc:41
#5  0x000014b341844743 in Eigen::ThreadPoolTempl<tensorflow::thread::EigenEnvironment>::WaitForWork(Eigen::EventCount::Waiter*, tensorflow::thread::EigenEnvironment::Task*) () from /cvmfs/cms.cern.ch/el9_amd64_gcc11/external/py3-tensorflow/2.6.4-b4f48218503141d57481e3883c4fc2d8/lib/python3.9/site-packages/tensorflow/python/_pywrap_tensorflow_internal.so
#6  0x000014b341844e2e in Eigen::ThreadPoolTempl<tensorflow::thread::EigenEnvironment>::WorkerLoop(int) () from /cvmfs/cms.cern.ch/el9_amd64_gcc11/external/py3-tensorflow/2.6.4-b4f48218503141d57481e3883c4fc2d8/lib/python3.9/site-packages/tensorflow/python/_pywrap_tensorflow_internal.so
#7  0x000014b341841898 in std::_Function_handler<void (), tensorflow::thread::EigenEnvironment::CreateThread(std::function<void ()>)::{lambda()#1}>::_M_invoke(std::_Any_data const&) () from /cvmfs/cms.cern.ch/el9_amd64_gcc11/external/py3-tensorflow/2.6.4-b4f48218503141d57481e3883c4fc2d8/lib/python3.9/site-packages/tensorflow/python/_pywrap_tensorflow_internal.so
#8  0x000014b33d12d220 in tensorflow::(anonymous namespace)::PThread::ThreadFn(void*) () from /cvmfs/cms.cern.ch/el9_amd64_gcc11/external/py3-tensorflow/2.6.4-b4f48218503141d57481e3883c4fc2d8/lib/python3.9/site-packages/tensorflow/python/../libtensorflow_framework.so.2
#9  0x000014b361689d22 in start_thread () from /lib64/libc.so.6
#10 0x000014b36170ed40 in clone3 () from /lib64/libc.so.6

Thread 24 (Thread 0x14b2c61ba640 (LWP 285) "python3"):
#0  0x000014b3616868ba in __futex_abstimed_wait_common () from /lib64/libc.so.6
#1  0x000014b3616890c0 in pthread_cond_wait

GLIBC_2.3.2 () from /lib64/libc.so.6
#2  0x000014b35e8d1820 in __gthread_cond_wait (__mutex=<optimized out>, __cond=<optimized out>) at /data/cmsbld/jenkins/workspace/jenkins-test-bootstrap/toolconf/BUILD/el9_amd64_gcc11/external/gcc/11.4.1-30ebdc301ebd200f2ae0e3d880258e65/gcc-11.4.1/obj/x86_64-redhat-linux-gnu/libstdc++-v3/include/x86_64-redhat-linux-gnu/bits/gthr-default.h:865
#3  std::__condvar::wait (__m=..., this=<optimized out>) at /data/cmsbld/jenkins/workspace/jenkins-test-bootstrap/toolconf/BUILD/el9_amd64_gcc11/external/gcc/11.4.1-30ebdc301ebd200f2ae0e3d880258e65/gcc-11.4.1/obj/x86_64-redhat-linux-gnu/libstdc++-v3/include/bits/std_mutex.h:155
#4  std::condition_variable::wait (this=<optimized out>, __lock=...) at ../../../../../libstdc++-v3/src/c++11/condition_variable.cc:41
#5  0x000014b341844743 in Eigen::ThreadPoolTempl<tensorflow::thread::EigenEnvironment>::WaitForWork(Eigen::EventCount::Waiter*, tensorflow::thread::EigenEnvironment::Task*) () from /cvmfs/cms.cern.ch/el9_amd64_gcc11/external/py3-tensorflow/2.6.4-b4f48218503141d57481e3883c4fc2d8/lib/python3.9/site-packages/tensorflow/python/_pywrap_tensorflow_internal.so
#6  0x000014b341844e2e in Eigen::ThreadPoolTempl<tensorflow::thread::EigenEnvironment>::WorkerLoop(int) () from /cvmfs/cms.cern.ch/el9_amd64_gcc11/external/py3-tensorflow/2.6.4-b4f48218503141d57481e3883c4fc2d8/lib/python3.9/site-packages/tensorflow/python/_pywrap_tensorflow_internal.so
#7  0x000014b341841898 in std::_Function_handler<void (), tensorflow::thread::EigenEnvironment::CreateThread(std::function<void ()>)::{lambda()#1}>::_M_invoke(std::_Any_data const&) () from /cvmfs/cms.cern.ch/el9_amd64_gcc11/external/py3-tensorflow/2.6.4-b4f48218503141d57481e3883c4fc2d8/lib/python3.9/site-packages/tensorflow/python/_pywrap_tensorflow_internal.so
#8  0x000014b33d12d220 in tensorflow::(anonymous namespace)::PThread::ThreadFn(void*) () from /cvmfs/cms.cern.ch/el9_amd64_gcc11/external/py3-tensorflow/2.6.4-b4f48218503141d57481e3883c4fc2d8/lib/python3.9/site-packages/tensorflow/python/../libtensorflow_framework.so.2
#9  0x000014b361689d22 in start_thread () from /lib64/libc.so.6
#10 0x000014b36170ed40 in clone3 () from /lib64/libc.so.6

Thread 23 (Thread 0x14b2c63bb640 (LWP 284) "python3"):
#0  0x000014b3616868ba in __futex_abstimed_wait_common () from /lib64/libc.so.6
#1  0x000014b3616890c0 in pthread_cond_wait

GLIBC_2.3.2 () from /lib64/libc.so.6
#2  0x000014b35e8d1820 in __gthread_cond_wait (__mutex=<optimized out>, __cond=<optimized out>) at /data/cmsbld/jenkins/workspace/jenkins-test-bootstrap/toolconf/BUILD/el9_amd64_gcc11/external/gcc/11.4.1-30ebdc301ebd200f2ae0e3d880258e65/gcc-11.4.1/obj/x86_64-redhat-linux-gnu/libstdc++-v3/include/x86_64-redhat-linux-gnu/bits/gthr-default.h:865
#3  std::__condvar::wait (__m=..., this=<optimized out>) at /data/cmsbld/jenkins/workspace/jenkins-test-bootstrap/toolconf/BUILD/el9_amd64_gcc11/external/gcc/11.4.1-30ebdc301ebd200f2ae0e3d880258e65/gcc-11.4.1/obj/x86_64-redhat-linux-gnu/libstdc++-v3/include/bits/std_mutex.h:155
#4  std::condition_variable::wait (this=<optimized out>, __lock=...) at ../../../../../libstdc++-v3/src/c++11/condition_variable.cc:41
#5  0x000014b341844743 in Eigen::ThreadPoolTempl<tensorflow::thread::EigenEnvironment>::WaitForWork(Eigen::EventCount::Waiter*, tensorflow::thread::EigenEnvironment::Task*) () from /cvmfs/cms.cern.ch/el9_amd64_gcc11/external/py3-tensorflow/2.6.4-b4f48218503141d57481e3883c4fc2d8/lib/python3.9/site-packages/tensorflow/python/_pywrap_tensorflow_internal.so
#6  0x000014b341844e2e in Eigen::ThreadPoolTempl<tensorflow::thread::EigenEnvironment>::WorkerLoop(int) () from /cvmfs/cms.cern.ch/el9_amd64_gcc11/external/py3-tensorflow/2.6.4-b4f48218503141d57481e3883c4fc2d8/lib/python3.9/site-packages/tensorflow/python/_pywrap_tensorflow_internal.so
#7  0x000014b341841898 in std::_Function_handler<void (), tensorflow::thread::EigenEnvironment::CreateThread(std::function<void ()>)::{lambda()#1}>::_M_invoke(std::_Any_data const&) () from /cvmfs/cms.cern.ch/el9_amd64_gcc11/external/py3-tensorflow/2.6.4-b4f48218503141d57481e3883c4fc2d8/lib/python3.9/site-packages/tensorflow/python/_pywrap_tensorflow_internal.so
#8  0x000014b33d12d220 in tensorflow::(anonymous namespace)::PThread::ThreadFn(void*) () from /cvmfs/cms.cern.ch/el9_amd64_gcc11/external/py3-tensorflow/2.6.4-b4f48218503141d57481e3883c4fc2d8/lib/python3.9/site-packages/tensorflow/python/../libtensorflow_framework.so.2
#9  0x000014b361689d22 in start_thread () from /lib64/libc.so.6
#10 0x000014b36170ed40 in clone3 () from /lib64/libc.so.6

Thread 22 (Thread 0x14b2c65bc640 (LWP 283) "python3"):
#0  0x000014b3616868ba in __futex_abstimed_wait_common () from /lib64/libc.so.6
#1  0x000014b3616890c0 in pthread_cond_wait

GLIBC_2.3.2 () from /lib64/libc.so.6
#2  0x000014b35e8d1820 in __gthread_cond_wait (__mutex=<optimized out>, __cond=<optimized out>) at /data/cmsbld/jenkins/workspace/jenkins-test-bootstrap/toolconf/BUILD/el9_amd64_gcc11/external/gcc/11.4.1-30ebdc301ebd200f2ae0e3d880258e65/gcc-11.4.1/obj/x86_64-redhat-linux-gnu/libstdc++-v3/include/x86_64-redhat-linux-gnu/bits/gthr-default.h:865
#3  std::__condvar::wait (__m=..., this=<optimized out>) at /data/cmsbld/jenkins/workspace/jenkins-test-bootstrap/toolconf/BUILD/el9_amd64_gcc11/external/gcc/11.4.1-30ebdc301ebd200f2ae0e3d880258e65/gcc-11.4.1/obj/x86_64-redhat-linux-gnu/libstdc++-v3/include/bits/std_mutex.h:155
#4  std::condition_variable::wait (this=<optimized out>, __lock=...) at ../../../../../libstdc++-v3/src/c++11/condition_variable.cc:41
#5  0x000014b341844743 in Eigen::ThreadPoolTempl<tensorflow::thread::EigenEnvironment>::WaitForWork(Eigen::EventCount::Waiter*, tensorflow::thread::EigenEnvironment::Task*) () from /cvmfs/cms.cern.ch/el9_amd64_gcc11/external/py3-tensorflow/2.6.4-b4f48218503141d57481e3883c4fc2d8/lib/python3.9/site-packages/tensorflow/python/_pywrap_tensorflow_internal.so
#6  0x000014b341844e2e in Eigen::ThreadPoolTempl<tensorflow::thread::EigenEnvironment>::WorkerLoop(int) () from /cvmfs/cms.cern.ch/el9_amd64_gcc11/external/py3-tensorflow/2.6.4-b4f48218503141d57481e3883c4fc2d8/lib/python3.9/site-packages/tensorflow/python/_pywrap_tensorflow_internal.so
#7  0x000014b341841898 in std::_Function_handler<void (), tensorflow::thread::EigenEnvironment::CreateThread(std::function<void ()>)::{lambda()#1}>::_M_invoke(std::_Any_data const&) () from /cvmfs/cms.cern.ch/el9_amd64_gcc11/external/py3-tensorflow/2.6.4-b4f48218503141d57481e3883c4fc2d8/lib/python3.9/site-packages/tensorflow/python/_pywrap_tensorflow_internal.so
#8  0x000014b33d12d220 in tensorflow::(anonymous namespace)::PThread::ThreadFn(void*) () from /cvmfs/cms.cern.ch/el9_amd64_gcc11/external/py3-tensorflow/2.6.4-b4f48218503141d57481e3883c4fc2d8/lib/python3.9/site-packages/tensorflow/python/../libtensorflow_framework.so.2
#9  0x000014b361689d22 in start_thread () from /lib64/libc.so.6
#10 0x000014b36170ed40 in clone3 () from /lib64/libc.so.6

Thread 21 (Thread 0x14b2c67bd640 (LWP 282) "python3"):
#0  0x000014b3616868ba in __futex_abstimed_wait_common () from /lib64/libc.so.6
#1  0x000014b3616890c0 in pthread_cond_wait

GLIBC_2.3.2 () from /lib64/libc.so.6
#2  0x000014b35e8d1820 in __gthread_cond_wait (__mutex=<optimized out>, __cond=<optimized out>) at /data/cmsbld/jenkins/workspace/jenkins-test-bootstrap/toolconf/BUILD/el9_amd64_gcc11/external/gcc/11.4.1-30ebdc301ebd200f2ae0e3d880258e65/gcc-11.4.1/obj/x86_64-redhat-linux-gnu/libstdc++-v3/include/x86_64-redhat-linux-gnu/bits/gthr-default.h:865
#3  std::__condvar::wait (__m=..., this=<optimized out>) at /data/cmsbld/jenkins/workspace/jenkins-test-bootstrap/toolconf/BUILD/el9_amd64_gcc11/external/gcc/11.4.1-30ebdc301ebd200f2ae0e3d880258e65/gcc-11.4.1/obj/x86_64-redhat-linux-gnu/libstdc++-v3/include/bits/std_mutex.h:155
#4  std::condition_variable::wait (this=<optimized out>, __lock=...) at ../../../../../libstdc++-v3/src/c++11/condition_variable.cc:41
#5  0x000014b341844743 in Eigen::ThreadPoolTempl<tensorflow::thread::EigenEnvironment>::WaitForWork(Eigen::EventCount::Waiter*, tensorflow::thread::EigenEnvironment::Task*) () from /cvmfs/cms.cern.ch/el9_amd64_gcc11/external/py3-tensorflow/2.6.4-b4f48218503141d57481e3883c4fc2d8/lib/python3.9/site-packages/tensorflow/python/_pywrap_tensorflow_internal.so
#6  0x000014b341844e2e in Eigen::ThreadPoolTempl<tensorflow::thread::EigenEnvironment>::WorkerLoop(int) () from /cvmfs/cms.cern.ch/el9_amd64_gcc11/external/py3-tensorflow/2.6.4-b4f48218503141d57481e3883c4fc2d8/lib/python3.9/site-packages/tensorflow/python/_pywrap_tensorflow_internal.so
#7  0x000014b341841898 in std::_Function_handler<void (), tensorflow::thread::EigenEnvironment::CreateThread(std::function<void ()>)::{lambda()#1}>::_M_invoke(std::_Any_data const&) () from /cvmfs/cms.cern.ch/el9_amd64_gcc11/external/py3-tensorflow/2.6.4-b4f48218503141d57481e3883c4fc2d8/lib/python3.9/site-packages/tensorflow/python/_pywrap_tensorflow_internal.so
#8  0x000014b33d12d220 in tensorflow::(anonymous namespace)::PThread::ThreadFn(void*) () from /cvmfs/cms.cern.ch/el9_amd64_gcc11/external/py3-tensorflow/2.6.4-b4f48218503141d57481e3883c4fc2d8/lib/python3.9/site-packages/tensorflow/python/../libtensorflow_framework.so.2
#9  0x000014b361689d22 in start_thread () from /lib64/libc.so.6
#10 0x000014b36170ed40 in clone3 () from /lib64/libc.so.6

Thread 20 (Thread 0x14b2c69be640 (LWP 281) "python3"):
#0  0x000014b3616868ba in __futex_abstimed_wait_common () from /lib64/libc.so.6
#1  0x000014b3616890c0 in pthread_cond_wait

GLIBC_2.3.2 () from /lib64/libc.so.6
#2  0x000014b35e8d1820 in __gthread_cond_wait (__mutex=<optimized out>, __cond=<optimized out>) at /data/cmsbld/jenkins/workspace/jenkins-test-bootstrap/toolconf/BUILD/el9_amd64_gcc11/external/gcc/11.4.1-30ebdc301ebd200f2ae0e3d880258e65/gcc-11.4.1/obj/x86_64-redhat-linux-gnu/libstdc++-v3/include/x86_64-redhat-linux-gnu/bits/gthr-default.h:865
#3  std::__condvar::wait (__m=..., this=<optimized out>) at /data/cmsbld/jenkins/workspace/jenkins-test-bootstrap/toolconf/BUILD/el9_amd64_gcc11/external/gcc/11.4.1-30ebdc301ebd200f2ae0e3d880258e65/gcc-11.4.1/obj/x86_64-redhat-linux-gnu/libstdc++-v3/include/bits/std_mutex.h:155
#4  std::condition_variable::wait (this=<optimized out>, __lock=...) at ../../../../../libstdc++-v3/src/c++11/condition_variable.cc:41
#5  0x000014b341844743 in Eigen::ThreadPoolTempl<tensorflow::thread::EigenEnvironment>::WaitForWork(Eigen::EventCount::Waiter*, tensorflow::thread::EigenEnvironment::Task*) () from /cvmfs/cms.cern.ch/el9_amd64_gcc11/external/py3-tensorflow/2.6.4-b4f48218503141d57481e3883c4fc2d8/lib/python3.9/site-packages/tensorflow/python/_pywrap_tensorflow_internal.so
#6  0x000014b341844e2e in Eigen::ThreadPoolTempl<tensorflow::thread::EigenEnvironment>::WorkerLoop(int) () from /cvmfs/cms.cern.ch/el9_amd64_gcc11/external/py3-tensorflow/2.6.4-b4f48218503141d57481e3883c4fc2d8/lib/python3.9/site-packages/tensorflow/python/_pywrap_tensorflow_internal.so
#7  0x000014b341841898 in std::_Function_handler<void (), tensorflow::thread::EigenEnvironment::CreateThread(std::function<void ()>)::{lambda()#1}>::_M_invoke(std::_Any_data const&) () from /cvmfs/cms.cern.ch/el9_amd64_gcc11/external/py3-tensorflow/2.6.4-b4f48218503141d57481e3883c4fc2d8/lib/python3.9/site-packages/tensorflow/python/_pywrap_tensorflow_internal.so
#8  0x000014b33d12d220 in tensorflow::(anonymous namespace)::PThread::ThreadFn(void*) () from /cvmfs/cms.cern.ch/el9_amd64_gcc11/external/py3-tensorflow/2.6.4-b4f48218503141d57481e3883c4fc2d8/lib/python3.9/site-packages/tensorflow/python/../libtensorflow_framework.so.2
#9  0x000014b361689d22 in start_thread () from /lib64/libc.so.6
#10 0x000014b36170ed40 in clone3 () from /lib64/libc.so.6

Thread 19 (Thread 0x14b2c6bbf640 (LWP 280) "python3"):
#0  0x000014b3616868ba in __futex_abstimed_wait_common () from /lib64/libc.so.6
#1  0x000014b3616890c0 in pthread_cond_wait

GLIBC_2.3.2 () from /lib64/libc.so.6
#2  0x000014b35e8d1820 in __gthread_cond_wait (__mutex=<optimized out>, __cond=<optimized out>) at /data/cmsbld/jenkins/workspace/jenkins-test-bootstrap/toolconf/BUILD/el9_amd64_gcc11/external/gcc/11.4.1-30ebdc301ebd200f2ae0e3d880258e65/gcc-11.4.1/obj/x86_64-redhat-linux-gnu/libstdc++-v3/include/x86_64-redhat-linux-gnu/bits/gthr-default.h:865
#3  std::__condvar::wait (__m=..., this=<optimized out>) at /data/cmsbld/jenkins/workspace/jenkins-test-bootstrap/toolconf/BUILD/el9_amd64_gcc11/external/gcc/11.4.1-30ebdc301ebd200f2ae0e3d880258e65/gcc-11.4.1/obj/x86_64-redhat-linux-gnu/libstdc++-v3/include/bits/std_mutex.h:155
#4  std::condition_variable::wait (this=<optimized out>, __lock=...) at ../../../../../libstdc++-v3/src/c++11/condition_variable.cc:41
#5  0x000014b341844743 in Eigen::ThreadPoolTempl<tensorflow::thread::EigenEnvironment>::WaitForWork(Eigen::EventCount::Waiter*, tensorflow::thread::EigenEnvironment::Task*) () from /cvmfs/cms.cern.ch/el9_amd64_gcc11/external/py3-tensorflow/2.6.4-b4f48218503141d57481e3883c4fc2d8/lib/python3.9/site-packages/tensorflow/python/_pywrap_tensorflow_internal.so
#6  0x000014b341844e2e in Eigen::ThreadPoolTempl<tensorflow::thread::EigenEnvironment>::WorkerLoop(int) () from /cvmfs/cms.cern.ch/el9_amd64_gcc11/external/py3-tensorflow/2.6.4-b4f48218503141d57481e3883c4fc2d8/lib/python3.9/site-packages/tensorflow/python/_pywrap_tensorflow_internal.so
#7  0x000014b341841898 in std::_Function_handler<void (), tensorflow::thread::EigenEnvironment::CreateThread(std::function<void ()>)::{lambda()#1}>::_M_invoke(std::_Any_data const&) () from /cvmfs/cms.cern.ch/el9_amd64_gcc11/external/py3-tensorflow/2.6.4-b4f48218503141d57481e3883c4fc2d8/lib/python3.9/site-packages/tensorflow/python/_pywrap_tensorflow_internal.so
#8  0x000014b33d12d220 in tensorflow::(anonymous namespace)::PThread::ThreadFn(void*) () from /cvmfs/cms.cern.ch/el9_amd64_gcc11/external/py3-tensorflow/2.6.4-b4f48218503141d57481e3883c4fc2d8/lib/python3.9/site-packages/tensorflow/python/../libtensorflow_framework.so.2
#9  0x000014b361689d22 in start_thread () from /lib64/libc.so.6
#10 0x000014b36170ed40 in clone3 () from /lib64/libc.so.6

Thread 18 (Thread 0x14b2c6dc0640 (LWP 279) "python3"):
#0  0x000014b3616868ba in __futex_abstimed_wait_common () from /lib64/libc.so.6
#1  0x000014b3616890c0 in pthread_cond_wait

GLIBC_2.3.2 () from /lib64/libc.so.6
#2  0x000014b35e8d1820 in __gthread_cond_wait (__mutex=<optimized out>, __cond=<optimized out>) at /data/cmsbld/jenkins/workspace/jenkins-test-bootstrap/toolconf/BUILD/el9_amd64_gcc11/external/gcc/11.4.1-30ebdc301ebd200f2ae0e3d880258e65/gcc-11.4.1/obj/x86_64-redhat-linux-gnu/libstdc++-v3/include/x86_64-redhat-linux-gnu/bits/gthr-default.h:865
#3  std::__condvar::wait (__m=..., this=<optimized out>) at /data/cmsbld/jenkins/workspace/jenkins-test-bootstrap/toolconf/BUILD/el9_amd64_gcc11/external/gcc/11.4.1-30ebdc301ebd200f2ae0e3d880258e65/gcc-11.4.1/obj/x86_64-redhat-linux-gnu/libstdc++-v3/include/bits/std_mutex.h:155
#4  std::condition_variable::wait (this=<optimized out>, __lock=...) at ../../../../../libstdc++-v3/src/c++11/condition_variable.cc:41
#5  0x000014b341844743 in Eigen::ThreadPoolTempl<tensorflow::thread::EigenEnvironment>::WaitForWork(Eigen::EventCount::Waiter*, tensorflow::thread::EigenEnvironment::Task*) () from /cvmfs/cms.cern.ch/el9_amd64_gcc11/external/py3-tensorflow/2.6.4-b4f48218503141d57481e3883c4fc2d8/lib/python3.9/site-packages/tensorflow/python/_pywrap_tensorflow_internal.so
#6  0x000014b341844e2e in Eigen::ThreadPoolTempl<tensorflow::thread::EigenEnvironment>::WorkerLoop(int) () from /cvmfs/cms.cern.ch/el9_amd64_gcc11/external/py3-tensorflow/2.6.4-b4f48218503141d57481e3883c4fc2d8/lib/python3.9/site-packages/tensorflow/python/_pywrap_tensorflow_internal.so
#7  0x000014b341841898 in std::_Function_handler<void (), tensorflow::thread::EigenEnvironment::CreateThread(std::function<void ()>)::{lambda()#1}>::_M_invoke(std::_Any_data const&) () from /cvmfs/cms.cern.ch/el9_amd64_gcc11/external/py3-tensorflow/2.6.4-b4f48218503141d57481e3883c4fc2d8/lib/python3.9/site-packages/tensorflow/python/_pywrap_tensorflow_internal.so
#8  0x000014b33d12d220 in tensorflow::(anonymous namespace)::PThread::ThreadFn(void*) () from /cvmfs/cms.cern.ch/el9_amd64_gcc11/external/py3-tensorflow/2.6.4-b4f48218503141d57481e3883c4fc2d8/lib/python3.9/site-packages/tensorflow/python/../libtensorflow_framework.so.2
#9  0x000014b361689d22 in start_thread () from /lib64/libc.so.6
#10 0x000014b36170ed40 in clone3 () from /lib64/libc.so.6

Thread 17 (Thread 0x14b2c6fc1640 (LWP 278) "python3"):
#0  0x000014b3616868ba in __futex_abstimed_wait_common () from /lib64/libc.so.6
#1  0x000014b3616890c0 in pthread_cond_wait

GLIBC_2.3.2 () from /lib64/libc.so.6
#2  0x000014b35e8d1820 in __gthread_cond_wait (__mutex=<optimized out>, __cond=<optimized out>) at /data/cmsbld/jenkins/workspace/jenkins-test-bootstrap/toolconf/BUILD/el9_amd64_gcc11/external/gcc/11.4.1-30ebdc301ebd200f2ae0e3d880258e65/gcc-11.4.1/obj/x86_64-redhat-linux-gnu/libstdc++-v3/include/x86_64-redhat-linux-gnu/bits/gthr-default.h:865
#3  std::__condvar::wait (__m=..., this=<optimized out>) at /data/cmsbld/jenkins/workspace/jenkins-test-bootstrap/toolconf/BUILD/el9_amd64_gcc11/external/gcc/11.4.1-30ebdc301ebd200f2ae0e3d880258e65/gcc-11.4.1/obj/x86_64-redhat-linux-gnu/libstdc++-v3/include/bits/std_mutex.h:155
#4  std::condition_variable::wait (this=<optimized out>, __lock=...) at ../../../../../libstdc++-v3/src/c++11/condition_variable.cc:41
#5  0x000014b341844743 in Eigen::ThreadPoolTempl<tensorflow::thread::EigenEnvironment>::WaitForWork(Eigen::EventCount::Waiter*, tensorflow::thread::EigenEnvironment::Task*) () from /cvmfs/cms.cern.ch/el9_amd64_gcc11/external/py3-tensorflow/2.6.4-b4f48218503141d57481e3883c4fc2d8/lib/python3.9/site-packages/tensorflow/python/_pywrap_tensorflow_internal.so
#6  0x000014b341844e2e in Eigen::ThreadPoolTempl<tensorflow::thread::EigenEnvironment>::WorkerLoop(int) () from /cvmfs/cms.cern.ch/el9_amd64_gcc11/external/py3-tensorflow/2.6.4-b4f48218503141d57481e3883c4fc2d8/lib/python3.9/site-packages/tensorflow/python/_pywrap_tensorflow_internal.so
#7  0x000014b341841898 in std::_Function_handler<void (), tensorflow::thread::EigenEnvironment::CreateThread(std::function<void ()>)::{lambda()#1}>::_M_invoke(std::_Any_data const&) () from /cvmfs/cms.cern.ch/el9_amd64_gcc11/external/py3-tensorflow/2.6.4-b4f48218503141d57481e3883c4fc2d8/lib/python3.9/site-packages/tensorflow/python/_pywrap_tensorflow_internal.so
#8  0x000014b33d12d220 in tensorflow::(anonymous namespace)::PThread::ThreadFn(void*) () from /cvmfs/cms.cern.ch/el9_amd64_gcc11/external/py3-tensorflow/2.6.4-b4f48218503141d57481e3883c4fc2d8/lib/python3.9/site-packages/tensorflow/python/../libtensorflow_framework.so.2
#9  0x000014b361689d22 in start_thread () from /lib64/libc.so.6
#10 0x000014b36170ed40 in clone3 () from /lib64/libc.so.6

Thread 16 (Thread 0x14b2c71c2640 (LWP 277) "python3"):
#0  0x000014b3616868ba in __futex_abstimed_wait_common () from /lib64/libc.so.6
#1  0x000014b3616890c0 in pthread_cond_wait

GLIBC_2.3.2 () from /lib64/libc.so.6
#2  0x000014b35e8d1820 in __gthread_cond_wait (__mutex=<optimized out>, __cond=<optimized out>) at /data/cmsbld/jenkins/workspace/jenkins-test-bootstrap/toolconf/BUILD/el9_amd64_gcc11/external/gcc/11.4.1-30ebdc301ebd200f2ae0e3d880258e65/gcc-11.4.1/obj/x86_64-redhat-linux-gnu/libstdc++-v3/include/x86_64-redhat-linux-gnu/bits/gthr-default.h:865
#3  std::__condvar::wait (__m=..., this=<optimized out>) at /data/cmsbld/jenkins/workspace/jenkins-test-bootstrap/toolconf/BUILD/el9_amd64_gcc11/external/gcc/11.4.1-30ebdc301ebd200f2ae0e3d880258e65/gcc-11.4.1/obj/x86_64-redhat-linux-gnu/libstdc++-v3/include/bits/std_mutex.h:155
#4  std::condition_variable::wait (this=<optimized out>, __lock=...) at ../../../../../libstdc++-v3/src/c++11/condition_variable.cc:41
#5  0x000014b341844743 in Eigen::ThreadPoolTempl<tensorflow::thread::EigenEnvironment>::WaitForWork(Eigen::EventCount::Waiter*, tensorflow::thread::EigenEnvironment::Task*) () from /cvmfs/cms.cern.ch/el9_amd64_gcc11/external/py3-tensorflow/2.6.4-b4f48218503141d57481e3883c4fc2d8/lib/python3.9/site-packages/tensorflow/python/_pywrap_tensorflow_internal.so
#6  0x000014b341844e2e in Eigen::ThreadPoolTempl<tensorflow::thread::EigenEnvironment>::WorkerLoop(int) () from /cvmfs/cms.cern.ch/el9_amd64_gcc11/external/py3-tensorflow/2.6.4-b4f48218503141d57481e3883c4fc2d8/lib/python3.9/site-packages/tensorflow/python/_pywrap_tensorflow_internal.so
#7  0x000014b341841898 in std::_Function_handler<void (), tensorflow::thread::EigenEnvironment::CreateThread(std::function<void ()>)::{lambda()#1}>::_M_invoke(std::_Any_data const&) () from /cvmfs/cms.cern.ch/el9_amd64_gcc11/external/py3-tensorflow/2.6.4-b4f48218503141d57481e3883c4fc2d8/lib/python3.9/site-packages/tensorflow/python/_pywrap_tensorflow_internal.so
#8  0x000014b33d12d220 in tensorflow::(anonymous namespace)::PThread::ThreadFn(void*) () from /cvmfs/cms.cern.ch/el9_amd64_gcc11/external/py3-tensorflow/2.6.4-b4f48218503141d57481e3883c4fc2d8/lib/python3.9/site-packages/tensorflow/python/../libtensorflow_framework.so.2
#9  0x000014b361689d22 in start_thread () from /lib64/libc.so.6
#10 0x000014b36170ed40 in clone3 () from /lib64/libc.so.6

Thread 15 (Thread 0x14b2c73c3640 (LWP 276) "python3"):
#0  0x000014b3616868ba in __futex_abstimed_wait_common () from /lib64/libc.so.6
#1  0x000014b3616890c0 in pthread_cond_wait

GLIBC_2.3.2 () from /lib64/libc.so.6
#2  0x000014b35e8d1820 in __gthread_cond_wait (__mutex=<optimized out>, __cond=<optimized out>) at /data/cmsbld/jenkins/workspace/jenkins-test-bootstrap/toolconf/BUILD/el9_amd64_gcc11/external/gcc/11.4.1-30ebdc301ebd200f2ae0e3d880258e65/gcc-11.4.1/obj/x86_64-redhat-linux-gnu/libstdc++-v3/include/x86_64-redhat-linux-gnu/bits/gthr-default.h:865
#3  std::__condvar::wait (__m=..., this=<optimized out>) at /data/cmsbld/jenkins/workspace/jenkins-test-bootstrap/toolconf/BUILD/el9_amd64_gcc11/external/gcc/11.4.1-30ebdc301ebd200f2ae0e3d880258e65/gcc-11.4.1/obj/x86_64-redhat-linux-gnu/libstdc++-v3/include/bits/std_mutex.h:155
#4  std::condition_variable::wait (this=<optimized out>, __lock=...) at ../../../../../libstdc++-v3/src/c++11/condition_variable.cc:41
#5  0x000014b341844743 in Eigen::ThreadPoolTempl<tensorflow::thread::EigenEnvironment>::WaitForWork(Eigen::EventCount::Waiter*, tensorflow::thread::EigenEnvironment::Task*) () from /cvmfs/cms.cern.ch/el9_amd64_gcc11/external/py3-tensorflow/2.6.4-b4f48218503141d57481e3883c4fc2d8/lib/python3.9/site-packages/tensorflow/python/_pywrap_tensorflow_internal.so
#6  0x000014b341844e2e in Eigen::ThreadPoolTempl<tensorflow::thread::EigenEnvironment>::WorkerLoop(int) () from /cvmfs/cms.cern.ch/el9_amd64_gcc11/external/py3-tensorflow/2.6.4-b4f48218503141d57481e3883c4fc2d8/lib/python3.9/site-packages/tensorflow/python/_pywrap_tensorflow_internal.so
#7  0x000014b341841898 in std::_Function_handler<void (), tensorflow::thread::EigenEnvironment::CreateThread(std::function<void ()>)::{lambda()#1}>::_M_invoke(std::_Any_data const&) () from /cvmfs/cms.cern.ch/el9_amd64_gcc11/external/py3-tensorflow/2.6.4-b4f48218503141d57481e3883c4fc2d8/lib/python3.9/site-packages/tensorflow/python/_pywrap_tensorflow_internal.so
#8  0x000014b33d12d220 in tensorflow::(anonymous namespace)::PThread::ThreadFn(void*) () from /cvmfs/cms.cern.ch/el9_amd64_gcc11/external/py3-tensorflow/2.6.4-b4f48218503141d57481e3883c4fc2d8/lib/python3.9/site-packages/tensorflow/python/../libtensorflow_framework.so.2
#9  0x000014b361689d22 in start_thread () from /lib64/libc.so.6
#10 0x000014b36170ed40 in clone3 () from /lib64/libc.so.6

Thread 14 (Thread 0x14b2c75c4640 (LWP 275) "python3"):
#0  0x000014b3616868ba in __futex_abstimed_wait_common () from /lib64/libc.so.6
#1  0x000014b3616890c0 in pthread_cond_wait

GLIBC_2.3.2 () from /lib64/libc.so.6
#2  0x000014b35e8d1820 in __gthread_cond_wait (__mutex=<optimized out>, __cond=<optimized out>) at /data/cmsbld/jenkins/workspace/jenkins-test-bootstrap/toolconf/BUILD/el9_amd64_gcc11/external/gcc/11.4.1-30ebdc301ebd200f2ae0e3d880258e65/gcc-11.4.1/obj/x86_64-redhat-linux-gnu/libstdc++-v3/include/x86_64-redhat-linux-gnu/bits/gthr-default.h:865
#3  std::__condvar::wait (__m=..., this=<optimized out>) at /data/cmsbld/jenkins/workspace/jenkins-test-bootstrap/toolconf/BUILD/el9_amd64_gcc11/external/gcc/11.4.1-30ebdc301ebd200f2ae0e3d880258e65/gcc-11.4.1/obj/x86_64-redhat-linux-gnu/libstdc++-v3/include/bits/std_mutex.h:155
#4  std::condition_variable::wait (this=<optimized out>, __lock=...) at ../../../../../libstdc++-v3/src/c++11/condition_variable.cc:41
#5  0x000014b341844743 in Eigen::ThreadPoolTempl<tensorflow::thread::EigenEnvironment>::WaitForWork(Eigen::EventCount::Waiter*, tensorflow::thread::EigenEnvironment::Task*) () from /cvmfs/cms.cern.ch/el9_amd64_gcc11/external/py3-tensorflow/2.6.4-b4f48218503141d57481e3883c4fc2d8/lib/python3.9/site-packages/tensorflow/python/_pywrap_tensorflow_internal.so
#6  0x000014b341844e2e in Eigen::ThreadPoolTempl<tensorflow::thread::EigenEnvironment>::WorkerLoop(int) () from /cvmfs/cms.cern.ch/el9_amd64_gcc11/external/py3-tensorflow/2.6.4-b4f48218503141d57481e3883c4fc2d8/lib/python3.9/site-packages/tensorflow/python/_pywrap_tensorflow_internal.so
#7  0x000014b341841898 in std::_Function_handler<void (), tensorflow::thread::EigenEnvironment::CreateThread(std::function<void ()>)::{lambda()#1}>::_M_invoke(std::_Any_data const&) () from /cvmfs/cms.cern.ch/el9_amd64_gcc11/external/py3-tensorflow/2.6.4-b4f48218503141d57481e3883c4fc2d8/lib/python3.9/site-packages/tensorflow/python/_pywrap_tensorflow_internal.so
#8  0x000014b33d12d220 in tensorflow::(anonymous namespace)::PThread::ThreadFn(void*) () from /cvmfs/cms.cern.ch/el9_amd64_gcc11/external/py3-tensorflow/2.6.4-b4f48218503141d57481e3883c4fc2d8/lib/python3.9/site-packages/tensorflow/python/../libtensorflow_framework.so.2
#9  0x000014b361689d22 in start_thread () from /lib64/libc.so.6
#10 0x000014b36170ed40 in clone3 () from /lib64/libc.so.6

Thread 13 (Thread 0x14b2c77c5640 (LWP 274) "python3"):
#0  0x000014b3616868ba in __futex_abstimed_wait_common () from /lib64/libc.so.6
#1  0x000014b3616890c0 in pthread_cond_wait

GLIBC_2.3.2 () from /lib64/libc.so.6
#2  0x000014b35e8d1820 in __gthread_cond_wait (__mutex=<optimized out>, __cond=<optimized out>) at /data/cmsbld/jenkins/workspace/jenkins-test-bootstrap/toolconf/BUILD/el9_amd64_gcc11/external/gcc/11.4.1-30ebdc301ebd200f2ae0e3d880258e65/gcc-11.4.1/obj/x86_64-redhat-linux-gnu/libstdc++-v3/include/x86_64-redhat-linux-gnu/bits/gthr-default.h:865
#3  std::__condvar::wait (__m=..., this=<optimized out>) at /data/cmsbld/jenkins/workspace/jenkins-test-bootstrap/toolconf/BUILD/el9_amd64_gcc11/external/gcc/11.4.1-30ebdc301ebd200f2ae0e3d880258e65/gcc-11.4.1/obj/x86_64-redhat-linux-gnu/libstdc++-v3/include/bits/std_mutex.h:155
#4  std::condition_variable::wait (this=<optimized out>, __lock=...) at ../../../../../libstdc++-v3/src/c++11/condition_variable.cc:41
#5  0x000014b341844743 in Eigen::ThreadPoolTempl<tensorflow::thread::EigenEnvironment>::WaitForWork(Eigen::EventCount::Waiter*, tensorflow::thread::EigenEnvironment::Task*) () from /cvmfs/cms.cern.ch/el9_amd64_gcc11/external/py3-tensorflow/2.6.4-b4f48218503141d57481e3883c4fc2d8/lib/python3.9/site-packages/tensorflow/python/_pywrap_tensorflow_internal.so
#6  0x000014b341844e2e in Eigen::ThreadPoolTempl<tensorflow::thread::EigenEnvironment>::WorkerLoop(int) () from /cvmfs/cms.cern.ch/el9_amd64_gcc11/external/py3-tensorflow/2.6.4-b4f48218503141d57481e3883c4fc2d8/lib/python3.9/site-packages/tensorflow/python/_pywrap_tensorflow_internal.so
#7  0x000014b341841898 in std::_Function_handler<void (), tensorflow::thread::EigenEnvironment::CreateThread(std::function<void ()>)::{lambda()#1}>::_M_invoke(std::_Any_data const&) () from /cvmfs/cms.cern.ch/el9_amd64_gcc11/external/py3-tensorflow/2.6.4-b4f48218503141d57481e3883c4fc2d8/lib/python3.9/site-packages/tensorflow/python/_pywrap_tensorflow_internal.so
#8  0x000014b33d12d220 in tensorflow::(anonymous namespace)::PThread::ThreadFn(void*) () from /cvmfs/cms.cern.ch/el9_amd64_gcc11/external/py3-tensorflow/2.6.4-b4f48218503141d57481e3883c4fc2d8/lib/python3.9/site-packages/tensorflow/python/../libtensorflow_framework.so.2
#9  0x000014b361689d22 in start_thread () from /lib64/libc.so.6
#10 0x000014b36170ed40 in clone3 () from /lib64/libc.so.6

Thread 12 (Thread 0x14b2c79c6640 (LWP 273) "python3"):
#0  0x000014b3616868ba in __futex_abstimed_wait_common () from /lib64/libc.so.6
#1  0x000014b3616890c0 in pthread_cond_wait

GLIBC_2.3.2 () from /lib64/libc.so.6
#2  0x000014b35e8d1820 in __gthread_cond_wait (__mutex=<optimized out>, __cond=<optimized out>) at /data/cmsbld/jenkins/workspace/jenkins-test-bootstrap/toolconf/BUILD/el9_amd64_gcc11/external/gcc/11.4.1-30ebdc301ebd200f2ae0e3d880258e65/gcc-11.4.1/obj/x86_64-redhat-linux-gnu/libstdc++-v3/include/x86_64-redhat-linux-gnu/bits/gthr-default.h:865
#3  std::__condvar::wait (__m=..., this=<optimized out>) at /data/cmsbld/jenkins/workspace/jenkins-test-bootstrap/toolconf/BUILD/el9_amd64_gcc11/external/gcc/11.4.1-30ebdc301ebd200f2ae0e3d880258e65/gcc-11.4.1/obj/x86_64-redhat-linux-gnu/libstdc++-v3/include/bits/std_mutex.h:155
#4  std::condition_variable::wait (this=<optimized out>, __lock=...) at ../../../../../libstdc++-v3/src/c++11/condition_variable.cc:41
#5  0x000014b341844743 in Eigen::ThreadPoolTempl<tensorflow::thread::EigenEnvironment>::WaitForWork(Eigen::EventCount::Waiter*, tensorflow::thread::EigenEnvironment::Task*) () from /cvmfs/cms.cern.ch/el9_amd64_gcc11/external/py3-tensorflow/2.6.4-b4f48218503141d57481e3883c4fc2d8/lib/python3.9/site-packages/tensorflow/python/_pywrap_tensorflow_internal.so
#6  0x000014b341844e2e in Eigen::ThreadPoolTempl<tensorflow::thread::EigenEnvironment>::WorkerLoop(int) () from /cvmfs/cms.cern.ch/el9_amd64_gcc11/external/py3-tensorflow/2.6.4-b4f48218503141d57481e3883c4fc2d8/lib/python3.9/site-packages/tensorflow/python/_pywrap_tensorflow_internal.so
#7  0x000014b341841898 in std::_Function_handler<void (), tensorflow::thread::EigenEnvironment::CreateThread(std::function<void ()>)::{lambda()#1}>::_M_invoke(std::_Any_data const&) () from /cvmfs/cms.cern.ch/el9_amd64_gcc11/external/py3-tensorflow/2.6.4-b4f48218503141d57481e3883c4fc2d8/lib/python3.9/site-packages/tensorflow/python/_pywrap_tensorflow_internal.so
#8  0x000014b33d12d220 in tensorflow::(anonymous namespace)::PThread::ThreadFn(void*) () from /cvmfs/cms.cern.ch/el9_amd64_gcc11/external/py3-tensorflow/2.6.4-b4f48218503141d57481e3883c4fc2d8/lib/python3.9/site-packages/tensorflow/python/../libtensorflow_framework.so.2
#9  0x000014b361689d22 in start_thread () from /lib64/libc.so.6
#10 0x000014b36170ed40 in clone3 () from /lib64/libc.so.6

Thread 11 (Thread 0x14b2f1190640 (LWP 272) "python3"):
#0  0x000014b3616868ba in __futex_abstimed_wait_common () from /lib64/libc.so.6
#1  0x000014b3616890c0 in pthread_cond_wait

GLIBC_2.3.2 () from /lib64/libc.so.6
#2  0x000014b35e8d1820 in __gthread_cond_wait (__mutex=<optimized out>, __cond=<optimized out>) at /data/cmsbld/jenkins/workspace/jenkins-test-bootstrap/toolconf/BUILD/el9_amd64_gcc11/external/gcc/11.4.1-30ebdc301ebd200f2ae0e3d880258e65/gcc-11.4.1/obj/x86_64-redhat-linux-gnu/libstdc++-v3/include/x86_64-redhat-linux-gnu/bits/gthr-default.h:865
#3  std::__condvar::wait (__m=..., this=<optimized out>) at /data/cmsbld/jenkins/workspace/jenkins-test-bootstrap/toolconf/BUILD/el9_amd64_gcc11/external/gcc/11.4.1-30ebdc301ebd200f2ae0e3d880258e65/gcc-11.4.1/obj/x86_64-redhat-linux-gnu/libstdc++-v3/include/bits/std_mutex.h:155
#4  std::condition_variable::wait (this=<optimized out>, __lock=...) at ../../../../../libstdc++-v3/src/c++11/condition_variable.cc:41
#5  0x000014b341844743 in Eigen::ThreadPoolTempl<tensorflow::thread::EigenEnvironment>::WaitForWork(Eigen::EventCount::Waiter*, tensorflow::thread::EigenEnvironment::Task*) () from /cvmfs/cms.cern.ch/el9_amd64_gcc11/external/py3-tensorflow/2.6.4-b4f48218503141d57481e3883c4fc2d8/lib/python3.9/site-packages/tensorflow/python/_pywrap_tensorflow_internal.so
#6  0x000014b341844e2e in Eigen::ThreadPoolTempl<tensorflow::thread::EigenEnvironment>::WorkerLoop(int) () from /cvmfs/cms.cern.ch/el9_amd64_gcc11/external/py3-tensorflow/2.6.4-b4f48218503141d57481e3883c4fc2d8/lib/python3.9/site-packages/tensorflow/python/_pywrap_tensorflow_internal.so
#7  0x000014b341841898 in std::_Function_handler<void (), tensorflow::thread::EigenEnvironment::CreateThread(std::function<void ()>)::{lambda()#1}>::_M_invoke(std::_Any_data const&) () from /cvmfs/cms.cern.ch/el9_amd64_gcc11/external/py3-tensorflow/2.6.4-b4f48218503141d57481e3883c4fc2d8/lib/python3.9/site-packages/tensorflow/python/_pywrap_tensorflow_internal.so
#8  0x000014b33d12d220 in tensorflow::(anonymous namespace)::PThread::ThreadFn(void*) () from /cvmfs/cms.cern.ch/el9_amd64_gcc11/external/py3-tensorflow/2.6.4-b4f48218503141d57481e3883c4fc2d8/lib/python3.9/site-packages/tensorflow/python/../libtensorflow_framework.so.2
#9  0x000014b361689d22 in start_thread () from /lib64/libc.so.6
#10 0x000014b36170ed40 in clone3 () from /lib64/libc.so.6

Thread 10 (Thread 0x14b2f1391640 (LWP 271) "python3"):
#0  0x000014b3616868ba in __futex_abstimed_wait_common () from /lib64/libc.so.6
#1  0x000014b3616890c0 in pthread_cond_wait

GLIBC_2.3.2 () from /lib64/libc.so.6
#2  0x000014b35e8d1820 in __gthread_cond_wait (__mutex=<optimized out>, __cond=<optimized out>) at /data/cmsbld/jenkins/workspace/jenkins-test-bootstrap/toolconf/BUILD/el9_amd64_gcc11/external/gcc/11.4.1-30ebdc301ebd200f2ae0e3d880258e65/gcc-11.4.1/obj/x86_64-redhat-linux-gnu/libstdc++-v3/include/x86_64-redhat-linux-gnu/bits/gthr-default.h:865
#3  std::__condvar::wait (__m=..., this=<optimized out>) at /data/cmsbld/jenkins/workspace/jenkins-test-bootstrap/toolconf/BUILD/el9_amd64_gcc11/external/gcc/11.4.1-30ebdc301ebd200f2ae0e3d880258e65/gcc-11.4.1/obj/x86_64-redhat-linux-gnu/libstdc++-v3/include/bits/std_mutex.h:155
#4  std::condition_variable::wait (this=<optimized out>, __lock=...) at ../../../../../libstdc++-v3/src/c++11/condition_variable.cc:41
#5  0x000014b341844743 in Eigen::ThreadPoolTempl<tensorflow::thread::EigenEnvironment>::WaitForWork(Eigen::EventCount::Waiter*, tensorflow::thread::EigenEnvironment::Task*) () from /cvmfs/cms.cern.ch/el9_amd64_gcc11/external/py3-tensorflow/2.6.4-b4f48218503141d57481e3883c4fc2d8/lib/python3.9/site-packages/tensorflow/python/_pywrap_tensorflow_internal.so
#6  0x000014b341844e2e in Eigen::ThreadPoolTempl<tensorflow::thread::EigenEnvironment>::WorkerLoop(int) () from /cvmfs/cms.cern.ch/el9_amd64_gcc11/external/py3-tensorflow/2.6.4-b4f48218503141d57481e3883c4fc2d8/lib/python3.9/site-packages/tensorflow/python/_pywrap_tensorflow_internal.so
#7  0x000014b341841898 in std::_Function_handler<void (), tensorflow::thread::EigenEnvironment::CreateThread(std::function<void ()>)::{lambda()#1}>::_M_invoke(std::_Any_data const&) () from /cvmfs/cms.cern.ch/el9_amd64_gcc11/external/py3-tensorflow/2.6.4-b4f48218503141d57481e3883c4fc2d8/lib/python3.9/site-packages/tensorflow/python/_pywrap_tensorflow_internal.so
#8  0x000014b33d12d220 in tensorflow::(anonymous namespace)::PThread::ThreadFn(void*) () from /cvmfs/cms.cern.ch/el9_amd64_gcc11/external/py3-tensorflow/2.6.4-b4f48218503141d57481e3883c4fc2d8/lib/python3.9/site-packages/tensorflow/python/../libtensorflow_framework.so.2
#9  0x000014b361689d22 in start_thread () from /lib64/libc.so.6
#10 0x000014b36170ed40 in clone3 () from /lib64/libc.so.6

Thread 9 (Thread 0x14b2f1592640 (LWP 270) "python3"):
#0  0x000014b3616868ba in __futex_abstimed_wait_common () from /lib64/libc.so.6
#1  0x000014b3616890c0 in pthread_cond_wait

GLIBC_2.3.2 () from /lib64/libc.so.6
#2  0x000014b35e8d1820 in __gthread_cond_wait (__mutex=<optimized out>, __cond=<optimized out>) at /data/cmsbld/jenkins/workspace/jenkins-test-bootstrap/toolconf/BUILD/el9_amd64_gcc11/external/gcc/11.4.1-30ebdc301ebd200f2ae0e3d880258e65/gcc-11.4.1/obj/x86_64-redhat-linux-gnu/libstdc++-v3/include/x86_64-redhat-linux-gnu/bits/gthr-default.h:865
#3  std::__condvar::wait (__m=..., this=<optimized out>) at /data/cmsbld/jenkins/workspace/jenkins-test-bootstrap/toolconf/BUILD/el9_amd64_gcc11/external/gcc/11.4.1-30ebdc301ebd200f2ae0e3d880258e65/gcc-11.4.1/obj/x86_64-redhat-linux-gnu/libstdc++-v3/include/bits/std_mutex.h:155
#4  std::condition_variable::wait (this=<optimized out>, __lock=...) at ../../../../../libstdc++-v3/src/c++11/condition_variable.cc:41
#5  0x000014b341844743 in Eigen::ThreadPoolTempl<tensorflow::thread::EigenEnvironment>::WaitForWork(Eigen::EventCount::Waiter*, tensorflow::thread::EigenEnvironment::Task*) () from /cvmfs/cms.cern.ch/el9_amd64_gcc11/external/py3-tensorflow/2.6.4-b4f48218503141d57481e3883c4fc2d8/lib/python3.9/site-packages/tensorflow/python/_pywrap_tensorflow_internal.so
#6  0x000014b341844e2e in Eigen::ThreadPoolTempl<tensorflow::thread::EigenEnvironment>::WorkerLoop(int) () from /cvmfs/cms.cern.ch/el9_amd64_gcc11/external/py3-tensorflow/2.6.4-b4f48218503141d57481e3883c4fc2d8/lib/python3.9/site-packages/tensorflow/python/_pywrap_tensorflow_internal.so
#7  0x000014b341841898 in std::_Function_handler<void (), tensorflow::thread::EigenEnvironment::CreateThread(std::function<void ()>)::{lambda()#1}>::_M_invoke(std::_Any_data const&) () from /cvmfs/cms.cern.ch/el9_amd64_gcc11/external/py3-tensorflow/2.6.4-b4f48218503141d57481e3883c4fc2d8/lib/python3.9/site-packages/tensorflow/python/_pywrap_tensorflow_internal.so
#8  0x000014b33d12d220 in tensorflow::(anonymous namespace)::PThread::ThreadFn(void*) () from /cvmfs/cms.cern.ch/el9_amd64_gcc11/external/py3-tensorflow/2.6.4-b4f48218503141d57481e3883c4fc2d8/lib/python3.9/site-packages/tensorflow/python/../libtensorflow_framework.so.2
#9  0x000014b361689d22 in start_thread () from /lib64/libc.so.6
#10 0x000014b36170ed40 in clone3 () from /lib64/libc.so.6

Thread 8 (Thread 0x14b2f1793640 (LWP 269) "python3"):
#0  0x000014b3616868ba in __futex_abstimed_wait_common () from /lib64/libc.so.6
#1  0x000014b3616890c0 in pthread_cond_wait

GLIBC_2.3.2 () from /lib64/libc.so.6
#2  0x000014b35e8d1820 in __gthread_cond_wait (__mutex=<optimized out>, __cond=<optimized out>) at /data/cmsbld/jenkins/workspace/jenkins-test-bootstrap/toolconf/BUILD/el9_amd64_gcc11/external/gcc/11.4.1-30ebdc301ebd200f2ae0e3d880258e65/gcc-11.4.1/obj/x86_64-redhat-linux-gnu/libstdc++-v3/include/x86_64-redhat-linux-gnu/bits/gthr-default.h:865
#3  std::__condvar::wait (__m=..., this=<optimized out>) at /data/cmsbld/jenkins/workspace/jenkins-test-bootstrap/toolconf/BUILD/el9_amd64_gcc11/external/gcc/11.4.1-30ebdc301ebd200f2ae0e3d880258e65/gcc-11.4.1/obj/x86_64-redhat-linux-gnu/libstdc++-v3/include/bits/std_mutex.h:155
#4  std::condition_variable::wait (this=<optimized out>, __lock=...) at ../../../../../libstdc++-v3/src/c++11/condition_variable.cc:41
#5  0x000014b341844743 in Eigen::ThreadPoolTempl<tensorflow::thread::EigenEnvironment>::WaitForWork(Eigen::EventCount::Waiter*, tensorflow::thread::EigenEnvironment::Task*) () from /cvmfs/cms.cern.ch/el9_amd64_gcc11/external/py3-tensorflow/2.6.4-b4f48218503141d57481e3883c4fc2d8/lib/python3.9/site-packages/tensorflow/python/_pywrap_tensorflow_internal.so
#6  0x000014b341844e2e in Eigen::ThreadPoolTempl<tensorflow::thread::EigenEnvironment>::WorkerLoop(int) () from /cvmfs/cms.cern.ch/el9_amd64_gcc11/external/py3-tensorflow/2.6.4-b4f48218503141d57481e3883c4fc2d8/lib/python3.9/site-packages/tensorflow/python/_pywrap_tensorflow_internal.so
#7  0x000014b341841898 in std::_Function_handler<void (), tensorflow::thread::EigenEnvironment::CreateThread(std::function<void ()>)::{lambda()#1}>::_M_invoke(std::_Any_data const&) () from /cvmfs/cms.cern.ch/el9_amd64_gcc11/external/py3-tensorflow/2.6.4-b4f48218503141d57481e3883c4fc2d8/lib/python3.9/site-packages/tensorflow/python/_pywrap_tensorflow_internal.so
#8  0x000014b33d12d220 in tensorflow::(anonymous namespace)::PThread::ThreadFn(void*) () from /cvmfs/cms.cern.ch/el9_amd64_gcc11/external/py3-tensorflow/2.6.4-b4f48218503141d57481e3883c4fc2d8/lib/python3.9/site-packages/tensorflow/python/../libtensorflow_framework.so.2
#9  0x000014b361689d22 in start_thread () from /lib64/libc.so.6
#10 0x000014b36170ed40 in clone3 () from /lib64/libc.so.6

Thread 7 (Thread 0x14b2f1994640 (LWP 268) "python3"):
#0  0x000014b3616868ba in __futex_abstimed_wait_common () from /lib64/libc.so.6
#1  0x000014b3616890c0 in pthread_cond_wait

GLIBC_2.3.2 () from /lib64/libc.so.6
#2  0x000014b35e8d1820 in __gthread_cond_wait (__mutex=<optimized out>, __cond=<optimized out>) at /data/cmsbld/jenkins/workspace/jenkins-test-bootstrap/toolconf/BUILD/el9_amd64_gcc11/external/gcc/11.4.1-30ebdc301ebd200f2ae0e3d880258e65/gcc-11.4.1/obj/x86_64-redhat-linux-gnu/libstdc++-v3/include/x86_64-redhat-linux-gnu/bits/gthr-default.h:865
#3  std::__condvar::wait (__m=..., this=<optimized out>) at /data/cmsbld/jenkins/workspace/jenkins-test-bootstrap/toolconf/BUILD/el9_amd64_gcc11/external/gcc/11.4.1-30ebdc301ebd200f2ae0e3d880258e65/gcc-11.4.1/obj/x86_64-redhat-linux-gnu/libstdc++-v3/include/bits/std_mutex.h:155
#4  std::condition_variable::wait (this=<optimized out>, __lock=...) at ../../../../../libstdc++-v3/src/c++11/condition_variable.cc:41
#5  0x000014b341844743 in Eigen::ThreadPoolTempl<tensorflow::thread::EigenEnvironment>::WaitForWork(Eigen::EventCount::Waiter*, tensorflow::thread::EigenEnvironment::Task*) () from /cvmfs/cms.cern.ch/el9_amd64_gcc11/external/py3-tensorflow/2.6.4-b4f48218503141d57481e3883c4fc2d8/lib/python3.9/site-packages/tensorflow/python/_pywrap_tensorflow_internal.so
#6  0x000014b341844e2e in Eigen::ThreadPoolTempl<tensorflow::thread::EigenEnvironment>::WorkerLoop(int) () from /cvmfs/cms.cern.ch/el9_amd64_gcc11/external/py3-tensorflow/2.6.4-b4f48218503141d57481e3883c4fc2d8/lib/python3.9/site-packages/tensorflow/python/_pywrap_tensorflow_internal.so
#7  0x000014b341841898 in std::_Function_handler<void (), tensorflow::thread::EigenEnvironment::CreateThread(std::function<void ()>)::{lambda()#1}>::_M_invoke(std::_Any_data const&) () from /cvmfs/cms.cern.ch/el9_amd64_gcc11/external/py3-tensorflow/2.6.4-b4f48218503141d57481e3883c4fc2d8/lib/python3.9/site-packages/tensorflow/python/_pywrap_tensorflow_internal.so
#8  0x000014b33d12d220 in tensorflow::(anonymous namespace)::PThread::ThreadFn(void*) () from /cvmfs/cms.cern.ch/el9_amd64_gcc11/external/py3-tensorflow/2.6.4-b4f48218503141d57481e3883c4fc2d8/lib/python3.9/site-packages/tensorflow/python/../libtensorflow_framework.so.2
#9  0x000014b361689d22 in start_thread () from /lib64/libc.so.6
#10 0x000014b36170ed40 in clone3 () from /lib64/libc.so.6

Thread 6 (Thread 0x14b2f1b95640 (LWP 267) "python3"):
#0  0x000014b3616868ba in __futex_abstimed_wait_common () from /lib64/libc.so.6
#1  0x000014b3616890c0 in pthread_cond_wait

GLIBC_2.3.2 () from /lib64/libc.so.6
#2  0x000014b35e8d1820 in __gthread_cond_wait (__mutex=<optimized out>, __cond=<optimized out>) at /data/cmsbld/jenkins/workspace/jenkins-test-bootstrap/toolconf/BUILD/el9_amd64_gcc11/external/gcc/11.4.1-30ebdc301ebd200f2ae0e3d880258e65/gcc-11.4.1/obj/x86_64-redhat-linux-gnu/libstdc++-v3/include/x86_64-redhat-linux-gnu/bits/gthr-default.h:865
#3  std::__condvar::wait (__m=..., this=<optimized out>) at /data/cmsbld/jenkins/workspace/jenkins-test-bootstrap/toolconf/BUILD/el9_amd64_gcc11/external/gcc/11.4.1-30ebdc301ebd200f2ae0e3d880258e65/gcc-11.4.1/obj/x86_64-redhat-linux-gnu/libstdc++-v3/include/bits/std_mutex.h:155
#4  std::condition_variable::wait (this=<optimized out>, __lock=...) at ../../../../../libstdc++-v3/src/c++11/condition_variable.cc:41
#5  0x000014b341844743 in Eigen::ThreadPoolTempl<tensorflow::thread::EigenEnvironment>::WaitForWork(Eigen::EventCount::Waiter*, tensorflow::thread::EigenEnvironment::Task*) () from /cvmfs/cms.cern.ch/el9_amd64_gcc11/external/py3-tensorflow/2.6.4-b4f48218503141d57481e3883c4fc2d8/lib/python3.9/site-packages/tensorflow/python/_pywrap_tensorflow_internal.so
#6  0x000014b341844e2e in Eigen::ThreadPoolTempl<tensorflow::thread::EigenEnvironment>::WorkerLoop(int) () from /cvmfs/cms.cern.ch/el9_amd64_gcc11/external/py3-tensorflow/2.6.4-b4f48218503141d57481e3883c4fc2d8/lib/python3.9/site-packages/tensorflow/python/_pywrap_tensorflow_internal.so
#7  0x000014b341841898 in std::_Function_handler<void (), tensorflow::thread::EigenEnvironment::CreateThread(std::function<void ()>)::{lambda()#1}>::_M_invoke(std::_Any_data const&) () from /cvmfs/cms.cern.ch/el9_amd64_gcc11/external/py3-tensorflow/2.6.4-b4f48218503141d57481e3883c4fc2d8/lib/python3.9/site-packages/tensorflow/python/_pywrap_tensorflow_internal.so
#8  0x000014b33d12d220 in tensorflow::(anonymous namespace)::PThread::ThreadFn(void*) () from /cvmfs/cms.cern.ch/el9_amd64_gcc11/external/py3-tensorflow/2.6.4-b4f48218503141d57481e3883c4fc2d8/lib/python3.9/site-packages/tensorflow/python/../libtensorflow_framework.so.2
#9  0x000014b361689d22 in start_thread () from /lib64/libc.so.6
#10 0x000014b36170ed40 in clone3 () from /lib64/libc.so.6

Thread 5 (Thread 0x14b3191ff640 (LWP 250) "jemalloc_bg_thd"):
#0  0x000014b3616868ba in __futex_abstimed_wait_common () from /lib64/libc.so.6
#1  0x000014b3616890c0 in pthread_cond_wait

GLIBC_2.3.2 () from /lib64/libc.so.6
#2  0x000014b31be76c19 in ?? ()
#3  0x0000000000000000 in ?? ()

Thread 4 (Thread 0x14b32f5ff640 (LWP 249) "python3"):
#0  0x000014b3616868ba in __futex_abstimed_wait_common () from /lib64/libc.so.6
#1  0x000014b3616890c0 in pthread_cond_wait

GLIBC_2.3.2 () from /lib64/libc.so.6
#2  0x000014b35e8d1820 in __gthread_cond_wait (__mutex=<optimized out>, __cond=<optimized out>) at /data/cmsbld/jenkins/workspace/jenkins-test-bootstrap/toolconf/BUILD/el9_amd64_gcc11/external/gcc/11.4.1-30ebdc301ebd200f2ae0e3d880258e65/gcc-11.4.1/obj/x86_64-redhat-linux-gnu/libstdc++-v3/include/x86_64-redhat-linux-gnu/bits/gthr-default.h:865
#3  std::__condvar::wait (__m=..., this=<optimized out>) at /data/cmsbld/jenkins/workspace/jenkins-test-bootstrap/toolconf/BUILD/el9_amd64_gcc11/external/gcc/11.4.1-30ebdc301ebd200f2ae0e3d880258e65/gcc-11.4.1/obj/x86_64-redhat-linux-gnu/libstdc++-v3/include/bits/std_mutex.h:155
#4  std::condition_variable::wait (this=<optimized out>, __lock=...) at ../../../../../libstdc++-v3/src/c++11/condition_variable.cc:41
#5  0x000014b341844743 in Eigen::ThreadPoolTempl<tensorflow::thread::EigenEnvironment>::WaitForWork(Eigen::EventCount::Waiter*, tensorflow::thread::EigenEnvironment::Task*) () from /cvmfs/cms.cern.ch/el9_amd64_gcc11/external/py3-tensorflow/2.6.4-b4f48218503141d57481e3883c4fc2d8/lib/python3.9/site-packages/tensorflow/python/_pywrap_tensorflow_internal.so
#6  0x000014b341844cfa in Eigen::ThreadPoolTempl<tensorflow::thread::EigenEnvironment>::WorkerLoop(int) () from /cvmfs/cms.cern.ch/el9_amd64_gcc11/external/py3-tensorflow/2.6.4-b4f48218503141d57481e3883c4fc2d8/lib/python3.9/site-packages/tensorflow/python/_pywrap_tensorflow_internal.so
#7  0x000014b341841898 in std::_Function_handler<void (), tensorflow::thread::EigenEnvironment::CreateThread(std::function<void ()>)::{lambda()#1}>::_M_invoke(std::_Any_data const&) () from /cvmfs/cms.cern.ch/el9_amd64_gcc11/external/py3-tensorflow/2.6.4-b4f48218503141d57481e3883c4fc2d8/lib/python3.9/site-packages/tensorflow/python/_pywrap_tensorflow_internal.so
#8  0x000014b33d12d220 in tensorflow::(anonymous namespace)::PThread::ThreadFn(void*) () from /cvmfs/cms.cern.ch/el9_amd64_gcc11/external/py3-tensorflow/2.6.4-b4f48218503141d57481e3883c4fc2d8/lib/python3.9/site-packages/tensorflow/python/../libtensorflow_framework.so.2
#9  0x000014b361689d22 in start_thread () from /lib64/libc.so.6
#10 0x000014b36170ed40 in clone3 () from /lib64/libc.so.6

Thread 3 (Thread 0x14b32fbfe640 (LWP 248) "python3"):
#0  0x000014b3616868ba in __futex_abstimed_wait_common () from /lib64/libc.so.6
#1  0x000014b3616890c0 in pthread_cond_wait

GLIBC_2.3.2 () from /lib64/libc.so.6
#2  0x000014b35e8d1820 in __gthread_cond_wait (__mutex=<optimized out>, __cond=<optimized out>) at /data/cmsbld/jenkins/workspace/jenkins-test-bootstrap/toolconf/BUILD/el9_amd64_gcc11/external/gcc/11.4.1-30ebdc301ebd200f2ae0e3d880258e65/gcc-11.4.1/obj/x86_64-redhat-linux-gnu/libstdc++-v3/include/x86_64-redhat-linux-gnu/bits/gthr-default.h:865
#3  std::__condvar::wait (__m=..., this=<optimized out>) at /data/cmsbld/jenkins/workspace/jenkins-test-bootstrap/toolconf/BUILD/el9_amd64_gcc11/external/gcc/11.4.1-30ebdc301ebd200f2ae0e3d880258e65/gcc-11.4.1/obj/x86_64-redhat-linux-gnu/libstdc++-v3/include/bits/std_mutex.h:155
#4  std::condition_variable::wait (this=<optimized out>, __lock=...) at ../../../../../libstdc++-v3/src/c++11/condition_variable.cc:41
#5  0x000014b341844743 in Eigen::ThreadPoolTempl<tensorflow::thread::EigenEnvironment>::WaitForWork(Eigen::EventCount::Waiter*, tensorflow::thread::EigenEnvironment::Task*) () from /cvmfs/cms.cern.ch/el9_amd64_gcc11/external/py3-tensorflow/2.6.4-b4f48218503141d57481e3883c4fc2d8/lib/python3.9/site-packages/tensorflow/python/_pywrap_tensorflow_internal.so
#6  0x000014b341844cfa in Eigen::ThreadPoolTempl<tensorflow::thread::EigenEnvironment>::WorkerLoop(int) () from /cvmfs/cms.cern.ch/el9_amd64_gcc11/external/py3-tensorflow/2.6.4-b4f48218503141d57481e3883c4fc2d8/lib/python3.9/site-packages/tensorflow/python/_pywrap_tensorflow_internal.so
#7  0x000014b341841898 in std::_Function_handler<void (), tensorflow::thread::EigenEnvironment::CreateThread(std::function<void ()>)::{lambda()#1}>::_M_invoke(std::_Any_data const&) () from /cvmfs/cms.cern.ch/el9_amd64_gcc11/external/py3-tensorflow/2.6.4-b4f48218503141d57481e3883c4fc2d8/lib/python3.9/site-packages/tensorflow/python/_pywrap_tensorflow_internal.so
#8  0x000014b33d12d220 in tensorflow::(anonymous namespace)::PThread::ThreadFn(void*) () from /cvmfs/cms.cern.ch/el9_amd64_gcc11/external/py3-tensorflow/2.6.4-b4f48218503141d57481e3883c4fc2d8/lib/python3.9/site-packages/tensorflow/python/../libtensorflow_framework.so.2
#9  0x000014b361689d22 in start_thread () from /lib64/libc.so.6
#10 0x000014b36170ed40 in clone3 () from /lib64/libc.so.6

Thread 2 (Thread 0x14b32fdff640 (LWP 247) "python3"):
#0  0x000014b3616868ba in __futex_abstimed_wait_common () from /lib64/libc.so.6
#1  0x000014b3616890c0 in pthread_cond_wait

GLIBC_2.3.2 () from /lib64/libc.so.6
#2  0x000014b35e8d1820 in __gthread_cond_wait (__mutex=<optimized out>, __cond=<optimized out>) at /data/cmsbld/jenkins/workspace/jenkins-test-bootstrap/toolconf/BUILD/el9_amd64_gcc11/external/gcc/11.4.1-30ebdc301ebd200f2ae0e3d880258e65/gcc-11.4.1/obj/x86_64-redhat-linux-gnu/libstdc++-v3/include/x86_64-redhat-linux-gnu/bits/gthr-default.h:865
#3  std::__condvar::wait (__m=..., this=<optimized out>) at /data/cmsbld/jenkins/workspace/jenkins-test-bootstrap/toolconf/BUILD/el9_amd64_gcc11/external/gcc/11.4.1-30ebdc301ebd200f2ae0e3d880258e65/gcc-11.4.1/obj/x86_64-redhat-linux-gnu/libstdc++-v3/include/bits/std_mutex.h:155
#4  std::condition_variable::wait (this=<optimized out>, __lock=...) at ../../../../../libstdc++-v3/src/c++11/condition_variable.cc:41
#5  0x000014b341844743 in Eigen::ThreadPoolTempl<tensorflow::thread::EigenEnvironment>::WaitForWork(Eigen::EventCount::Waiter*, tensorflow::thread::EigenEnvironment::Task*) () from /cvmfs/cms.cern.ch/el9_amd64_gcc11/external/py3-tensorflow/2.6.4-b4f48218503141d57481e3883c4fc2d8/lib/python3.9/site-packages/tensorflow/python/_pywrap_tensorflow_internal.so
#6  0x000014b341844cfa in Eigen::ThreadPoolTempl<tensorflow::thread::EigenEnvironment>::WorkerLoop(int) () from /cvmfs/cms.cern.ch/el9_amd64_gcc11/external/py3-tensorflow/2.6.4-b4f48218503141d57481e3883c4fc2d8/lib/python3.9/site-packages/tensorflow/python/_pywrap_tensorflow_internal.so
#7  0x000014b341841898 in std::_Function_handler<void (), tensorflow::thread::EigenEnvironment::CreateThread(std::function<void ()>)::{lambda()#1}>::_M_invoke(std::_Any_data const&) () from /cvmfs/cms.cern.ch/el9_amd64_gcc11/external/py3-tensorflow/2.6.4-b4f48218503141d57481e3883c4fc2d8/lib/python3.9/site-packages/tensorflow/python/_pywrap_tensorflow_internal.so
#8  0x000014b33d12d220 in tensorflow::(anonymous namespace)::PThread::ThreadFn(void*) () from /cvmfs/cms.cern.ch/el9_amd64_gcc11/external/py3-tensorflow/2.6.4-b4f48218503141d57481e3883c4fc2d8/lib/python3.9/site-packages/tensorflow/python/../libtensorflow_framework.so.2
#9  0x000014b361689d22 in start_thread () from /lib64/libc.so.6
#10 0x000014b36170ed40 in clone3 () from /lib64/libc.so.6

Thread 1 (Thread 0x14b361e53740 (LWP 246) "python3"):
#0  0x000014b3616d8b3f in wait4 () from /lib64/libc.so.6
#1  0x000014b36164b283 in do_system () from /lib64/libc.so.6
#2  0x000014b312cf556c in TUnixSystem::StackTrace() () from /cvmfs/cms.cern.ch/el9_amd64_gcc11/lcg/root/6.26.11-ea0f25eb88caa7bc944662d3a9640e9f/lib/libCore.so
#3  0x000014b312f34d63 in (anonymous namespace)::TExceptionHandlerImp::HandleException(int) () from /cvmfs/cms.cern.ch/el9_amd64_gcc11/lcg/root/6.26.11-ea0f25eb88caa7bc944662d3a9640e9f/lib/libcppyy_backend3_9.so
#4  0x000014b312cf2ae1 in TUnixSystem::DispatchSignals(ESignals) () from /cvmfs/cms.cern.ch/el9_amd64_gcc11/lcg/root/6.26.11-ea0f25eb88caa7bc944662d3a9640e9f/lib/libCore.so
#5  <signal handler called>
#6  0x000014b31e0cee80 in ?? ()
#7  0x000014b361c3e71f in atexit_callfuncs (module=<optimized out>) at ./Modules/atexitmodule.c:93
#8  0x000014b361bd7f20 in call_py_exitfuncs (tstate=0x1fdfb80) at Python/pylifecycle.c:2374
#9  Py_FinalizeEx () at Python/pylifecycle.c:1373
#10 Py_FinalizeEx () at Python/pylifecycle.c:1345
#11 0x000014b361bfb225 in Py_RunMain () at Modules/main.c:679
#12 0x000014b361bfb997 in pymain_main (args=0x7fff70394580) at Modules/main.c:707
#13 Py_BytesMain (argc=<optimized out>, argv=<optimized out>) at Modules/main.c:731
#14 0x000014b3616295d0 in __libc_start_call_main () from /lib64/libc.so.6
#15 0x000014b361629680 in __libc_start_main_impl () from /lib64/libc.so.6
#16 0x0000000000401075 in _start ()
===========================================================


The lines below might hint at the cause of the crash.
You may get help by asking at the ROOT forum https://root.cern/forum
Only if you are really convinced it is a bug in ROOT then please submit a
report at https://root.cern/bugs Please post the ENTIRE stack trace
from above as an attachment in addition to anything else
that might help us fixing this issue.
===========================================================
#6  0x000014b31e0cee80 in ?? ()
#7  0x000014b361c3e71f in atexit_callfuncs (module=<optimized out>) at ./Modules/atexitmodule.c:93
#8  0x000014b361bd7f20 in call_py_exitfuncs (tstate=0x1fdfb80) at Python/pylifecycle.c:2374
#9  Py_FinalizeEx () at Python/pylifecycle.c:1373
#10 Py_FinalizeEx () at Python/pylifecycle.c:1345
#11 0x000014b361bfb225 in Py_RunMain () at Modules/main.c:679
#12 0x000014b361bfb997 in pymain_main (args=0x7fff70394580) at Modules/main.c:707
#13 Py_BytesMain (argc=<optimized out>, argv=<optimized out>) at Modules/main.c:731
#14 0x000014b3616295d0 in __libc_start_call_main () from /lib64/libc.so.6
#15 0x000014b361629680 in __libc_start_main_impl () from /lib64/libc.so.6
#16 0x0000000000401075 in _start ()
===========================================================


/pool/condor/dir_3302888/runner_GridSearch_base_1_PF_jets_boosted_LSTM.sh: line 5:   246 Bus error               (core dumped) python3 grid_search_PF_jets.py -save_graphics True -pt_flatten False -path_to_pkl_folder /eos/user/f/fsalerno/framework/MachineLearning/Training_PF_2022_1_jets_20_boosted -pklName trainingSet.pkl -path_to_graphics_folder /eos/user/f/fsalerno/framework/MachineLearning/Grid_search_1/graphics_gridsearch/PF_jets_boosted_LSTM -path_to_model_folder /eos/user/f/fsalerno/framework/MachineLearning/Grid_search_1/grid_search_models/PF_jets_boosted_LSTM -modelName model_base_1
