000 (6850532.000.000) 06/28 18:50:56 Job submitted from host: <137.138.55.115:9618?addrs=137.138.55.115-9618+[2001-1458-d00-17--12a]-9618&alias=bigbird23.cern.ch&noUDP&sock=schedd_23881_f548>
...
009 (6850532.000.000) 06/28 19:10:09 Job was aborted.
	via condor_rm (by user fsalerno)
...
000 (6850545.000.000) 06/28 19:12:06 Job submitted from host: <137.138.55.115:9618?addrs=137.138.55.115-9618+[2001-1458-d00-17--12a]-9618&alias=bigbird23.cern.ch&noUDP&sock=schedd_23881_f548>
...
040 (6850545.000.000) 06/28 19:33:38 Started transferring input files
	Transferring to host: <128.142.59.59:9618?addrs=128.142.59.59-9618&alias=b7s04p1125.cern.ch&noUDP&sock=slot1_12_6920_8412_179091>
...
040 (6850545.000.000) 06/28 19:33:38 Finished transferring input files
...
001 (6850545.000.000) 06/28 19:33:39 Job executing on host: <128.142.59.59:9618?addrs=128.142.59.59-9618&alias=b7s04p1125.cern.ch&noUDP&sock=startd_6857_e8fe>
	SlotName: slot1_12@b7s04p1125.cern.ch
...
006 (6850545.000.000) 06/28 19:33:48 Image size of job updated: 125840
	0  -  MemoryUsage of job (MB)
	0  -  ResidentSetSize of job (KB)
...
040 (6850545.000.000) 06/28 19:33:48 Started transferring output files
...
040 (6850545.000.000) 06/28 19:33:48 Finished transferring output files
...
005 (6850545.000.000) 06/28 19:33:48 Job terminated.
	(1) Normal termination (return value 1)
		Usr 0 00:00:02, Sys 0 00:00:00  -  Run Remote Usage
		Usr 0 00:00:00, Sys 0 00:00:00  -  Run Local Usage
		Usr 0 00:00:02, Sys 0 00:00:00  -  Total Remote Usage
		Usr 0 00:00:00, Sys 0 00:00:00  -  Total Local Usage
	2507  -  Run Bytes Sent By Job
	10825  -  Run Bytes Received By Job
	2507  -  Total Bytes Sent By Job
	10825  -  Total Bytes Received By Job
	Partitionable Resources :    Usage  Request Allocated 
	   Cpus                 :                 1         1 
	   Disk (KB)            :       29       12   1237096 
	   Memory (MB)          :        0     2000      2000 

	Job terminated of its own accord at 2024-06-28T17:33:48Z with exit-code 1.
...
000 (6851603.000.000) 06/29 21:59:27 Job submitted from host: <137.138.55.115:9618?addrs=137.138.55.115-9618+[2001-1458-d00-17--12a]-9618&alias=bigbird23.cern.ch&noUDP&sock=schedd_23881_f548>
...
040 (6851603.000.000) 06/29 22:02:43 Started transferring input files
	Transferring to host: <128.142.59.53:9618?addrs=128.142.59.53-9618&alias=b7s04p9014.cern.ch&noUDP&sock=slot1_14_6927_72b3_181890>
...
040 (6851603.000.000) 06/29 22:02:43 Finished transferring input files
...
001 (6851603.000.000) 06/29 22:02:44 Job executing on host: <128.142.59.53:9618?addrs=128.142.59.53-9618&alias=b7s04p9014.cern.ch&noUDP&sock=startd_6861_a75f>
	SlotName: slot1_14@b7s04p9014.cern.ch
...
006 (6851603.000.000) 06/29 22:02:53 Image size of job updated: 565072
	65  -  MemoryUsage of job (MB)
	66344  -  ResidentSetSize of job (KB)
...
006 (6851603.000.000) 06/29 22:07:54 Image size of job updated: 7555316
	1860  -  MemoryUsage of job (MB)
	1904456  -  ResidentSetSize of job (KB)
...
006 (6851603.000.000) 06/29 22:12:55 Image size of job updated: 13444252
	2992  -  MemoryUsage of job (MB)
	3063180  -  ResidentSetSize of job (KB)
...
006 (6851603.000.000) 06/29 22:17:55 Image size of job updated: 19345536
	4105  -  MemoryUsage of job (MB)
	4203060  -  ResidentSetSize of job (KB)
...
000 (6851622.000.000) 06/29 22:19:18 Job submitted from host: <137.138.55.115:9618?addrs=137.138.55.115-9618+[2001-1458-d00-17--12a]-9618&alias=bigbird23.cern.ch&noUDP&sock=schedd_23881_f548>
...
040 (6851622.000.000) 06/29 22:21:05 Started transferring input files
	Transferring to host: <128.142.57.67:9618?addrs=128.142.57.67-9618&alias=b7s02p8917.cern.ch&noUDP&sock=slot1_17_6928_2713_184719>
...
040 (6851622.000.000) 06/29 22:21:05 Finished transferring input files
...
001 (6851622.000.000) 06/29 22:21:06 Job executing on host: <128.142.57.67:9618?addrs=128.142.57.67-9618&alias=b7s02p8917.cern.ch&noUDP&sock=startd_6845_addb>
	SlotName: slot1_17@b7s02p8917.cern.ch
...
006 (6851622.000.000) 06/29 22:21:15 Image size of job updated: 276596
	132  -  MemoryUsage of job (MB)
	134924  -  ResidentSetSize of job (KB)
...
006 (6851603.000.000) 06/29 22:22:19 Image size of job updated: 24320320
	4105  -  MemoryUsage of job (MB)
	4203060  -  ResidentSetSize of job (KB)
...
040 (6851603.000.000) 06/29 22:22:19 Started transferring output files
...
040 (6851603.000.000) 06/29 22:22:19 Finished transferring output files
...
005 (6851603.000.000) 06/29 22:22:19 Job terminated.
	(1) Normal termination (return value 0)
		Usr 0 00:15:20, Sys 0 00:00:16  -  Run Remote Usage
		Usr 0 00:00:00, Sys 0 00:00:00  -  Run Local Usage
		Usr 0 00:15:20, Sys 0 00:00:16  -  Total Remote Usage
		Usr 0 00:00:00, Sys 0 00:00:00  -  Total Local Usage
	30147  -  Run Bytes Sent By Job
	10810  -  Run Bytes Received By Job
	30147  -  Total Bytes Sent By Job
	10810  -  Total Bytes Received By Job
	Partitionable Resources :    Usage  Request Allocated 
	   Cpus                 :     0.85        1         1 
	   Disk (KB)            :    60          12   1326500 
	   Memory (MB)          :  4105        2000      2000 

	Job terminated of its own accord at 2024-06-29T20:22:19Z with exit-code 0.
...
006 (6851622.000.000) 06/29 22:26:15 Image size of job updated: 7781516
	1902  -  MemoryUsage of job (MB)
	1947460  -  ResidentSetSize of job (KB)
...
006 (6851622.000.000) 06/29 22:31:15 Image size of job updated: 13921044
	3051  -  MemoryUsage of job (MB)
	3123232  -  ResidentSetSize of job (KB)
...
006 (6851622.000.000) 06/29 22:36:16 Image size of job updated: 20265564
	4326  -  MemoryUsage of job (MB)
	4429520  -  ResidentSetSize of job (KB)
...
006 (6851622.000.000) 06/29 22:39:17 Image size of job updated: 24125404
	4326  -  MemoryUsage of job (MB)
	4429528  -  ResidentSetSize of job (KB)
...
040 (6851622.000.000) 06/29 22:39:17 Started transferring output files
...
040 (6851622.000.000) 06/29 22:39:17 Finished transferring output files
...
005 (6851622.000.000) 06/29 22:39:17 Job terminated.
	(1) Normal termination (return value 0)
		Usr 0 00:14:30, Sys 0 00:00:14  -  Run Remote Usage
		Usr 0 00:00:00, Sys 0 00:00:00  -  Run Local Usage
		Usr 0 00:14:30, Sys 0 00:00:14  -  Total Remote Usage
		Usr 0 00:00:00, Sys 0 00:00:00  -  Total Local Usage
	30153  -  Run Bytes Sent By Job
	10818  -  Run Bytes Received By Job
	30153  -  Total Bytes Sent By Job
	10818  -  Total Bytes Received By Job
	Partitionable Resources :    Usage  Request Allocated 
	   Cpus                 :     0.85        1         1 
	   Disk (KB)            :    60          12   1287465 
	   Memory (MB)          :  4326        2000      2000 

	Job terminated of its own accord at 2024-06-29T20:39:17Z with exit-code 0.
...
000 (6852145.000.000) 06/30 12:44:14 Job submitted from host: <137.138.55.115:9618?addrs=137.138.55.115-9618+[2001-1458-d00-17--12a]-9618&alias=bigbird23.cern.ch&noUDP&sock=schedd_23881_f548>
...
000 (6852146.000.000) 06/30 12:44:38 Job submitted from host: <137.138.55.115:9618?addrs=137.138.55.115-9618+[2001-1458-d00-17--12a]-9618&alias=bigbird23.cern.ch&noUDP&sock=schedd_23881_f548>
...
009 (6852145.000.000) 06/30 12:44:52 Job was aborted.
	via condor_rm (by user fsalerno)
...
040 (6852146.000.000) 06/30 12:48:40 Started transferring input files
	Transferring to host: <128.142.57.133:9618?addrs=128.142.57.133-9618+[2001-1458-301-7--100-84]-9618&alias=b7s02p9702.cern.ch&noUDP&sock=slot1_49_8809_7cbf_185964>
...
040 (6852146.000.000) 06/30 12:48:40 Finished transferring input files
...
001 (6852146.000.000) 06/30 12:48:41 Job executing on host: <128.142.57.133:9618?addrs=128.142.57.133-9618+[2001-1458-301-7--100-84]-9618&alias=b7s02p9702.cern.ch&noUDP&sock=startd_8770_11ab>
	SlotName: slot1_49@b7s02p9702.cern.ch
...
006 (6852146.000.000) 06/30 12:48:50 Image size of job updated: 77444
	43  -  MemoryUsage of job (MB)
	43700  -  ResidentSetSize of job (KB)
...
006 (6852146.000.000) 06/30 12:53:51 Image size of job updated: 7528864
	3439  -  MemoryUsage of job (MB)
	3521032  -  ResidentSetSize of job (KB)
...
006 (6852146.000.000) 06/30 12:58:52 Image size of job updated: 13181064
	4443  -  MemoryUsage of job (MB)
	4549448  -  ResidentSetSize of job (KB)
...
006 (6852146.000.000) 06/30 13:03:52 Image size of job updated: 19084004
	5351  -  MemoryUsage of job (MB)
	5479008  -  ResidentSetSize of job (KB)
...
006 (6852146.000.000) 06/30 13:08:52 Image size of job updated: 24752960
	5748  -  MemoryUsage of job (MB)
	5885300  -  ResidentSetSize of job (KB)
...
006 (6852146.000.000) 06/30 13:13:53 Image size of job updated: 30413948
	5748  -  MemoryUsage of job (MB)
	5885300  -  ResidentSetSize of job (KB)
...
006 (6852146.000.000) 06/30 13:18:53 Image size of job updated: 36293340
	6671  -  MemoryUsage of job (MB)
	6830756  -  ResidentSetSize of job (KB)
...
006 (6852146.000.000) 06/30 13:23:53 Image size of job updated: 41978804
	7236  -  MemoryUsage of job (MB)
	7409168  -  ResidentSetSize of job (KB)
...
006 (6852146.000.000) 06/30 13:28:55 Image size of job updated: 47846084
	7236  -  MemoryUsage of job (MB)
	7409168  -  ResidentSetSize of job (KB)
...
006 (6852146.000.000) 06/30 13:33:55 Image size of job updated: 53291972
	7516  -  MemoryUsage of job (MB)
	7695652  -  ResidentSetSize of job (KB)
...
006 (6852146.000.000) 06/30 13:38:55 Image size of job updated: 58945752
	7529  -  MemoryUsage of job (MB)
	7709560  -  ResidentSetSize of job (KB)
...
006 (6852146.000.000) 06/30 13:43:56 Image size of job updated: 64650100
	8695  -  MemoryUsage of job (MB)
	8902848  -  ResidentSetSize of job (KB)
...
006 (6852146.000.000) 06/30 13:48:57 Image size of job updated: 70533028
	9505  -  MemoryUsage of job (MB)
	9732356  -  ResidentSetSize of job (KB)
...
006 (6852146.000.000) 06/30 13:53:57 Image size of job updated: 76417756
	10678  -  MemoryUsage of job (MB)
	10933268  -  ResidentSetSize of job (KB)
...
006 (6852146.000.000) 06/30 13:58:58 Image size of job updated: 82317840
	11607  -  MemoryUsage of job (MB)
	11885260  -  ResidentSetSize of job (KB)
...
006 (6852146.000.000) 06/30 14:03:59 Image size of job updated: 88195972
	11635  -  MemoryUsage of job (MB)
	11913232  -  ResidentSetSize of job (KB)
...
006 (6852146.000.000) 06/30 14:08:59 Image size of job updated: 93868912
	12875  -  MemoryUsage of job (MB)
	13183432  -  ResidentSetSize of job (KB)
...
006 (6852146.000.000) 06/30 14:14:00 Image size of job updated: 99751704
	13526  -  MemoryUsage of job (MB)
	13850452  -  ResidentSetSize of job (KB)
...
006 (6852146.000.000) 06/30 14:19:01 Image size of job updated: 105886544
	14855  -  MemoryUsage of job (MB)
	15211056  -  ResidentSetSize of job (KB)
...
006 (6852146.000.000) 06/30 14:24:01 Image size of job updated: 112465512
	16255  -  MemoryUsage of job (MB)
	16644628  -  ResidentSetSize of job (KB)
...
006 (6852146.000.000) 06/30 14:29:01 Image size of job updated: 118602228
	17626  -  MemoryUsage of job (MB)
	18048480  -  ResidentSetSize of job (KB)
...
006 (6852146.000.000) 06/30 14:34:02 Image size of job updated: 124935732
	18977  -  MemoryUsage of job (MB)
	19432380  -  ResidentSetSize of job (KB)
...
006 (6852146.000.000) 06/30 14:39:03 Image size of job updated: 130850320
	20316  -  MemoryUsage of job (MB)
	20802728  -  ResidentSetSize of job (KB)
...
006 (6852146.000.000) 06/30 14:44:03 Image size of job updated: 136962560
	21678  -  MemoryUsage of job (MB)
	22198016  -  ResidentSetSize of job (KB)
...
006 (6852146.000.000) 06/30 14:49:04 Image size of job updated: 143298044
	22623  -  MemoryUsage of job (MB)
	23165024  -  ResidentSetSize of job (KB)
...
006 (6852146.000.000) 06/30 14:54:05 Image size of job updated: 149661636
	23045  -  MemoryUsage of job (MB)
	23597352  -  ResidentSetSize of job (KB)
...
006 (6852146.000.000) 06/30 14:59:05 Image size of job updated: 155974792
	23045  -  MemoryUsage of job (MB)
	23597352  -  ResidentSetSize of job (KB)
...
006 (6852146.000.000) 06/30 15:04:05 Image size of job updated: 162395560
	23045  -  MemoryUsage of job (MB)
	23597352  -  ResidentSetSize of job (KB)
...
006 (6852146.000.000) 06/30 15:09:06 Image size of job updated: 168703752
	23045  -  MemoryUsage of job (MB)
	23597352  -  ResidentSetSize of job (KB)
...
006 (6852146.000.000) 06/30 15:14:06 Image size of job updated: 174568712
	23045  -  MemoryUsage of job (MB)
	23597352  -  ResidentSetSize of job (KB)
...
006 (6852146.000.000) 06/30 15:19:06 Image size of job updated: 180684856
	23045  -  MemoryUsage of job (MB)
	23597352  -  ResidentSetSize of job (KB)
...
006 (6852146.000.000) 06/30 15:24:07 Image size of job updated: 187348424
	23045  -  MemoryUsage of job (MB)
	23597352  -  ResidentSetSize of job (KB)
...
006 (6852146.000.000) 06/30 15:29:07 Image size of job updated: 193625568
	23045  -  MemoryUsage of job (MB)
	23597352  -  ResidentSetSize of job (KB)
...
006 (6852146.000.000) 06/30 15:34:07 Image size of job updated: 199752304
	23045  -  MemoryUsage of job (MB)
	23597352  -  ResidentSetSize of job (KB)
...
006 (6852146.000.000) 06/30 15:39:08 Image size of job updated: 205669316
	23045  -  MemoryUsage of job (MB)
	23597352  -  ResidentSetSize of job (KB)
...
006 (6852146.000.000) 06/30 15:44:09 Image size of job updated: 211794072
	23045  -  MemoryUsage of job (MB)
	23597352  -  ResidentSetSize of job (KB)
...
006 (6852146.000.000) 06/30 15:49:09 Image size of job updated: 217497544
	23045  -  MemoryUsage of job (MB)
	23597352  -  ResidentSetSize of job (KB)
...
006 (6852146.000.000) 06/30 15:54:09 Image size of job updated: 223359900
	23045  -  MemoryUsage of job (MB)
	23597352  -  ResidentSetSize of job (KB)
...
006 (6852146.000.000) 06/30 15:59:11 Image size of job updated: 229557624
	23045  -  MemoryUsage of job (MB)
	23597352  -  ResidentSetSize of job (KB)
...
006 (6852146.000.000) 06/30 16:04:11 Image size of job updated: 230822092
	23045  -  MemoryUsage of job (MB)
	23597352  -  ResidentSetSize of job (KB)
...
040 (6852146.000.000) 06/30 16:05:27 Started transferring output files
...
040 (6852146.000.000) 06/30 16:05:27 Finished transferring output files
...
005 (6852146.000.000) 06/30 16:05:27 Job terminated.
	(1) Normal termination (return value 0)
		Usr 0 02:34:29, Sys 0 00:03:30  -  Run Remote Usage
		Usr 0 00:00:00, Sys 0 00:00:00  -  Run Local Usage
		Usr 0 02:34:29, Sys 0 00:03:30  -  Total Remote Usage
		Usr 0 00:00:00, Sys 0 00:00:00  -  Total Local Usage
	1938267  -  Run Bytes Sent By Job
	10811  -  Run Bytes Received By Job
	1938267  -  Total Bytes Sent By Job
	10811  -  Total Bytes Received By Job
	Partitionable Resources :    Usage  Request Allocated 
	   Cpus                 :     0.82        1         1 
	   Disk (KB)            :  1924          12   1218221 
	   Memory (MB)          : 23045        2000      2000 

	Job terminated of its own accord at 2024-06-30T14:05:27Z with exit-code 0.
...
000 (6852458.000.000) 06/30 20:01:45 Job submitted from host: <137.138.55.115:9618?addrs=137.138.55.115-9618+[2001-1458-d00-17--12a]-9618&alias=bigbird23.cern.ch&noUDP&sock=schedd_23881_f548>
...
040 (6852458.000.000) 06/30 20:07:26 Started transferring input files
	Transferring to host: <128.142.59.33:9618?addrs=128.142.59.33-9618&alias=b7s04p7269.cern.ch&noUDP&sock=slot1_33_6928_2713_184408>
...
040 (6852458.000.000) 06/30 20:07:26 Finished transferring input files
...
001 (6852458.000.000) 06/30 20:07:27 Job executing on host: <128.142.59.33:9618?addrs=128.142.59.33-9618&alias=b7s04p7269.cern.ch&noUDP&sock=startd_6863_0690>
	SlotName: slot1_33@b7s04p7269.cern.ch
...
006 (6852458.000.000) 06/30 20:07:36 Image size of job updated: 275840
	83  -  MemoryUsage of job (MB)
	84240  -  ResidentSetSize of job (KB)
...
000 (6852462.000.000) 06/30 20:10:23 Job submitted from host: <137.138.55.115:9618?addrs=137.138.55.115-9618+[2001-1458-d00-17--12a]-9618&alias=bigbird23.cern.ch&noUDP&sock=schedd_23881_f548>
...
006 (6852458.000.000) 06/30 20:12:37 Image size of job updated: 7505488
	3381  -  MemoryUsage of job (MB)
	3461908  -  ResidentSetSize of job (KB)
...
000 (6852464.000.000) 06/30 20:13:34 Job submitted from host: <137.138.55.115:9618?addrs=137.138.55.115-9618+[2001-1458-d00-17--12a]-9618&alias=bigbird23.cern.ch&noUDP&sock=schedd_23881_f548>
...
000 (6852465.000.000) 06/30 20:14:19 Job submitted from host: <137.138.55.115:9618?addrs=137.138.55.115-9618+[2001-1458-d00-17--12a]-9618&alias=bigbird23.cern.ch&noUDP&sock=schedd_23881_f548>
...
040 (6852462.000.000) 06/30 20:14:35 Started transferring input files
	Transferring to host: <128.142.59.50:9618?addrs=128.142.59.50-9618&alias=b7s04p0830.cern.ch&noUDP&sock=slot1_47_7236_2a9f_183417>
...
040 (6852464.000.000) 06/30 20:14:35 Started transferring input files
	Transferring to host: <128.142.57.37:9618?addrs=128.142.57.37-9618&alias=b7s02p5036.cern.ch&noUDP&sock=slot1_43_6913_9572_180809>
...
040 (6852464.000.000) 06/30 20:14:35 Finished transferring input files
...
040 (6852462.000.000) 06/30 20:14:35 Finished transferring input files
...
001 (6852462.000.000) 06/30 20:14:36 Job executing on host: <128.142.59.50:9618?addrs=128.142.59.50-9618&alias=b7s04p0830.cern.ch&noUDP&sock=startd_7172_f953>
	SlotName: slot1_47@b7s04p0830.cern.ch
...
001 (6852464.000.000) 06/30 20:14:36 Job executing on host: <128.142.57.37:9618?addrs=128.142.57.37-9618&alias=b7s02p5036.cern.ch&noUDP&sock=startd_6849_6c3c>
	SlotName: slot1_43@b7s02p5036.cern.ch
...
040 (6852465.000.000) 06/30 20:14:39 Started transferring input files
	Transferring to host: <128.142.59.93:9618?addrs=128.142.59.93-9618&alias=b7s04p6184.cern.ch&noUDP&sock=slot1_4_7507_1c4a_203778>
...
040 (6852465.000.000) 06/30 20:14:39 Finished transferring input files
...
001 (6852465.000.000) 06/30 20:14:40 Job executing on host: <128.142.59.93:9618?addrs=128.142.59.93-9618&alias=b7s04p6184.cern.ch&noUDP&sock=startd_7444_8b16>
	SlotName: slot1_4@b7s04p6184.cern.ch
...
006 (6852464.000.000) 06/30 20:14:45 Image size of job updated: 676384
	132  -  MemoryUsage of job (MB)
	134412  -  ResidentSetSize of job (KB)
...
006 (6852462.000.000) 06/30 20:14:45 Image size of job updated: 712824
	139  -  MemoryUsage of job (MB)
	141960  -  ResidentSetSize of job (KB)
...
006 (6852465.000.000) 06/30 20:14:49 Image size of job updated: 797840
	197  -  MemoryUsage of job (MB)
	200972  -  ResidentSetSize of job (KB)
...
006 (6852458.000.000) 06/30 20:17:38 Image size of job updated: 12717892
	4340  -  MemoryUsage of job (MB)
	4443528  -  ResidentSetSize of job (KB)
...
006 (6852464.000.000) 06/30 20:19:46 Image size of job updated: 8390604
	3552  -  MemoryUsage of job (MB)
	3636700  -  ResidentSetSize of job (KB)
...
006 (6852462.000.000) 06/30 20:19:46 Image size of job updated: 7940272
	3464  -  MemoryUsage of job (MB)
	3546732  -  ResidentSetSize of job (KB)
...
006 (6852465.000.000) 06/30 20:19:50 Image size of job updated: 9979148
	3890  -  MemoryUsage of job (MB)
	3983016  -  ResidentSetSize of job (KB)
...
006 (6852458.000.000) 06/30 20:22:38 Image size of job updated: 18151512
	5392  -  MemoryUsage of job (MB)
	5520568  -  ResidentSetSize of job (KB)
...
006 (6852464.000.000) 06/30 20:24:47 Image size of job updated: 14295820
	4706  -  MemoryUsage of job (MB)
	4818336  -  ResidentSetSize of job (KB)
...
006 (6852462.000.000) 06/30 20:24:47 Image size of job updated: 13615008
	4029  -  MemoryUsage of job (MB)
	4125520  -  ResidentSetSize of job (KB)
...
006 (6852465.000.000) 06/30 20:24:51 Image size of job updated: 18836304
	5545  -  MemoryUsage of job (MB)
	5677680  -  ResidentSetSize of job (KB)
...
006 (6852458.000.000) 06/30 20:27:39 Image size of job updated: 24072192
	5926  -  MemoryUsage of job (MB)
	6067792  -  ResidentSetSize of job (KB)
...
006 (6852464.000.000) 06/30 20:29:47 Image size of job updated: 20220248
	5813  -  MemoryUsage of job (MB)
	5951508  -  ResidentSetSize of job (KB)
...
006 (6852462.000.000) 06/30 20:29:47 Image size of job updated: 19981184
	4095  -  MemoryUsage of job (MB)
	4193032  -  ResidentSetSize of job (KB)
...
006 (6852465.000.000) 06/30 20:29:51 Image size of job updated: 27010984
	7252  -  MemoryUsage of job (MB)
	7425216  -  ResidentSetSize of job (KB)
...
000 (6852470.000.000) 06/30 20:32:30 Job submitted from host: <137.138.55.115:9618?addrs=137.138.55.115-9618+[2001-1458-d00-17--12a]-9618&alias=bigbird23.cern.ch&noUDP&sock=schedd_23881_f548>
...
006 (6852458.000.000) 06/30 20:32:40 Image size of job updated: 29488320
	5926  -  MemoryUsage of job (MB)
	6067792  -  ResidentSetSize of job (KB)
...
000 (6852471.000.000) 06/30 20:34:04 Job submitted from host: <137.138.55.115:9618?addrs=137.138.55.115-9618+[2001-1458-d00-17--12a]-9618&alias=bigbird23.cern.ch&noUDP&sock=schedd_23881_f548>
...
040 (6852470.000.000) 06/30 20:34:17 Started transferring input files
	Transferring to host: <128.142.57.132:9618?addrs=128.142.57.132-9618&alias=b7s02p6113.cern.ch&noUDP&sock=slot1_10_6927_72b3_182085>
...
040 (6852470.000.000) 06/30 20:34:17 Finished transferring input files
...
040 (6852471.000.000) 06/30 20:34:17 Started transferring input files
	Transferring to host: <128.142.59.126:9618?addrs=128.142.59.126-9618&alias=b7s04p9662.cern.ch&noUDP&sock=slot1_7_7467_ed49_181247>
...
040 (6852471.000.000) 06/30 20:34:17 Finished transferring input files
...
001 (6852470.000.000) 06/30 20:34:18 Job executing on host: <128.142.57.132:9618?addrs=128.142.57.132-9618&alias=b7s02p6113.cern.ch&noUDP&sock=startd_6865_65c0>
	SlotName: slot1_10@b7s02p6113.cern.ch
...
001 (6852471.000.000) 06/30 20:34:18 Job executing on host: <128.142.59.126:9618?addrs=128.142.59.126-9618&alias=b7s04p9662.cern.ch&noUDP&sock=startd_7401_0c83>
	SlotName: slot1_7@b7s04p9662.cern.ch
...
006 (6852471.000.000) 06/30 20:34:26 Image size of job updated: 181952
	76  -  MemoryUsage of job (MB)
	77084  -  ResidentSetSize of job (KB)
...
006 (6852470.000.000) 06/30 20:34:27 Image size of job updated: 282444
	133  -  MemoryUsage of job (MB)
	135860  -  ResidentSetSize of job (KB)
...
006 (6852464.000.000) 06/30 20:34:48 Image size of job updated: 25661372
	6902  -  MemoryUsage of job (MB)
	7067572  -  ResidentSetSize of job (KB)
...
006 (6852462.000.000) 06/30 20:34:48 Image size of job updated: 26119224
	4095  -  MemoryUsage of job (MB)
	4193032  -  ResidentSetSize of job (KB)
...
006 (6852465.000.000) 06/30 20:34:51 Image size of job updated: 35843624
	8964  -  MemoryUsage of job (MB)
	9178440  -  ResidentSetSize of job (KB)
...
006 (6852458.000.000) 06/30 20:37:40 Image size of job updated: 34937340
	5926  -  MemoryUsage of job (MB)
	6067792  -  ResidentSetSize of job (KB)
...
006 (6852471.000.000) 06/30 20:39:26 Image size of job updated: 4849260
	2566  -  MemoryUsage of job (MB)
	2626736  -  ResidentSetSize of job (KB)
...
006 (6852470.000.000) 06/30 20:39:28 Image size of job updated: 4763820
	2644  -  MemoryUsage of job (MB)
	2707104  -  ResidentSetSize of job (KB)
...
006 (6852464.000.000) 06/30 20:39:48 Image size of job updated: 31096756
	8080  -  MemoryUsage of job (MB)
	8273612  -  ResidentSetSize of job (KB)
...
006 (6852462.000.000) 06/30 20:39:49 Image size of job updated: 32222136
	4564  -  MemoryUsage of job (MB)
	4672932  -  ResidentSetSize of job (KB)
...
006 (6852465.000.000) 06/30 20:39:52 Image size of job updated: 44243400
	10594  -  MemoryUsage of job (MB)
	10847796  -  ResidentSetSize of job (KB)
...
006 (6852458.000.000) 06/30 20:42:41 Image size of job updated: 40370216
	5926  -  MemoryUsage of job (MB)
	6067792  -  ResidentSetSize of job (KB)
...
006 (6852471.000.000) 06/30 20:44:27 Image size of job updated: 7991856
	3342  -  MemoryUsage of job (MB)
	3421356  -  ResidentSetSize of job (KB)
...
006 (6852470.000.000) 06/30 20:44:29 Image size of job updated: 7984756
	4128  -  MemoryUsage of job (MB)
	4226276  -  ResidentSetSize of job (KB)
...
006 (6852464.000.000) 06/30 20:44:49 Image size of job updated: 37003488
	9317  -  MemoryUsage of job (MB)
	9539884  -  ResidentSetSize of job (KB)
...
006 (6852462.000.000) 06/30 20:44:50 Image size of job updated: 38339216
	5300  -  MemoryUsage of job (MB)
	5426480  -  ResidentSetSize of job (KB)
...
006 (6852465.000.000) 06/30 20:44:52 Image size of job updated: 52148804
	12190  -  MemoryUsage of job (MB)
	12482328  -  ResidentSetSize of job (KB)
...
006 (6852458.000.000) 06/30 20:47:41 Image size of job updated: 45804044
	6451  -  MemoryUsage of job (MB)
	6605504  -  ResidentSetSize of job (KB)
...
006 (6852471.000.000) 06/30 20:49:27 Image size of job updated: 11265836
	4425  -  MemoryUsage of job (MB)
	4530256  -  ResidentSetSize of job (KB)
...
006 (6852470.000.000) 06/30 20:49:29 Image size of job updated: 11270864
	5269  -  MemoryUsage of job (MB)
	5394908  -  ResidentSetSize of job (KB)
...
006 (6852464.000.000) 06/30 20:49:50 Image size of job updated: 42866056
	10421  -  MemoryUsage of job (MB)
	10670692  -  ResidentSetSize of job (KB)
...
006 (6852462.000.000) 06/30 20:49:50 Image size of job updated: 44451408
	6513  -  MemoryUsage of job (MB)
	6669044  -  ResidentSetSize of job (KB)
...
006 (6852465.000.000) 06/30 20:49:52 Image size of job updated: 60552352
	13770  -  MemoryUsage of job (MB)
	14100012  -  ResidentSetSize of job (KB)
...
006 (6852458.000.000) 06/30 20:52:41 Image size of job updated: 51022920
	6451  -  MemoryUsage of job (MB)
	6605504  -  ResidentSetSize of job (KB)
...
006 (6852471.000.000) 06/30 20:54:27 Image size of job updated: 14538660
	4425  -  MemoryUsage of job (MB)
	4530256  -  ResidentSetSize of job (KB)
...
006 (6852470.000.000) 06/30 20:54:29 Image size of job updated: 15210388
	6533  -  MemoryUsage of job (MB)
	6689088  -  ResidentSetSize of job (KB)
...
006 (6852464.000.000) 06/30 20:54:50 Image size of job updated: 48992592
	11594  -  MemoryUsage of job (MB)
	11871692  -  ResidentSetSize of job (KB)
...
006 (6852462.000.000) 06/30 20:54:50 Image size of job updated: 50647660
	7742  -  MemoryUsage of job (MB)
	7926996  -  ResidentSetSize of job (KB)
...
006 (6852465.000.000) 06/30 20:54:54 Image size of job updated: 69187340
	15462  -  MemoryUsage of job (MB)
	15832084  -  ResidentSetSize of job (KB)
...
006 (6852458.000.000) 06/30 20:57:42 Image size of job updated: 56455468
	6451  -  MemoryUsage of job (MB)
	6605504  -  ResidentSetSize of job (KB)
...
006 (6852471.000.000) 06/30 20:59:28 Image size of job updated: 18397848
	4425  -  MemoryUsage of job (MB)
	4530256  -  ResidentSetSize of job (KB)
...
006 (6852470.000.000) 06/30 20:59:30 Image size of job updated: 17783552
	6533  -  MemoryUsage of job (MB)
	6689088  -  ResidentSetSize of job (KB)
...
006 (6852464.000.000) 06/30 20:59:50 Image size of job updated: 55115768
	12744  -  MemoryUsage of job (MB)
	13049552  -  ResidentSetSize of job (KB)
...
006 (6852462.000.000) 06/30 20:59:51 Image size of job updated: 56801920
	8751  -  MemoryUsage of job (MB)
	8960884  -  ResidentSetSize of job (KB)
...
006 (6852465.000.000) 06/30 20:59:54 Image size of job updated: 77334412
	17114  -  MemoryUsage of job (MB)
	17524248  -  ResidentSetSize of job (KB)
...
006 (6852458.000.000) 06/30 21:02:43 Image size of job updated: 61904368
	6451  -  MemoryUsage of job (MB)
	6605504  -  ResidentSetSize of job (KB)
...
006 (6852471.000.000) 06/30 21:04:29 Image size of job updated: 21518300
	4425  -  MemoryUsage of job (MB)
	4530256  -  ResidentSetSize of job (KB)
...
006 (6852470.000.000) 06/30 21:04:30 Image size of job updated: 20252740
	6533  -  MemoryUsage of job (MB)
	6689088  -  ResidentSetSize of job (KB)
...
006 (6852464.000.000) 06/30 21:04:51 Image size of job updated: 60790056
	13839  -  MemoryUsage of job (MB)
	14170716  -  ResidentSetSize of job (KB)
...
006 (6852462.000.000) 06/30 21:04:51 Image size of job updated: 63053372
	9982  -  MemoryUsage of job (MB)
	10221452  -  ResidentSetSize of job (KB)
...
006 (6852465.000.000) 06/30 21:04:54 Image size of job updated: 85705864
	18793  -  MemoryUsage of job (MB)
	19243640  -  ResidentSetSize of job (KB)
...
006 (6852458.000.000) 06/30 21:07:43 Image size of job updated: 67562504
	6948  -  MemoryUsage of job (MB)
	7114736  -  ResidentSetSize of job (KB)
...
006 (6852471.000.000) 06/30 21:09:29 Image size of job updated: 24788436
	4425  -  MemoryUsage of job (MB)
	4530256  -  ResidentSetSize of job (KB)
...
006 (6852470.000.000) 06/30 21:09:30 Image size of job updated: 22998112
	6533  -  MemoryUsage of job (MB)
	6689088  -  ResidentSetSize of job (KB)
...
006 (6852464.000.000) 06/30 21:09:51 Image size of job updated: 66681172
	14977  -  MemoryUsage of job (MB)
	15335892  -  ResidentSetSize of job (KB)
...
006 (6852462.000.000) 06/30 21:09:51 Image size of job updated: 69186524
	10965  -  MemoryUsage of job (MB)
	11227516  -  ResidentSetSize of job (KB)
...
006 (6852465.000.000) 06/30 21:09:55 Image size of job updated: 93900908
	20464  -  MemoryUsage of job (MB)
	20954988  -  ResidentSetSize of job (KB)
...
006 (6852458.000.000) 06/30 21:12:44 Image size of job updated: 72774104
	6949  -  MemoryUsage of job (MB)
	7114892  -  ResidentSetSize of job (KB)
...
006 (6852471.000.000) 06/30 21:14:29 Image size of job updated: 27717240
	4425  -  MemoryUsage of job (MB)
	4530256  -  ResidentSetSize of job (KB)
...
006 (6852470.000.000) 06/30 21:14:31 Image size of job updated: 25987184
	6533  -  MemoryUsage of job (MB)
	6689088  -  ResidentSetSize of job (KB)
...
006 (6852464.000.000) 06/30 21:14:51 Image size of job updated: 72370584
	14977  -  MemoryUsage of job (MB)
	15335892  -  ResidentSetSize of job (KB)
...
006 (6852462.000.000) 06/30 21:14:52 Image size of job updated: 75758388
	11528  -  MemoryUsage of job (MB)
	11804504  -  ResidentSetSize of job (KB)
...
006 (6852465.000.000) 06/30 21:14:56 Image size of job updated: 99313536
	21501  -  MemoryUsage of job (MB)
	22016408  -  ResidentSetSize of job (KB)
...
006 (6852458.000.000) 06/30 21:17:45 Image size of job updated: 78013572
	7473  -  MemoryUsage of job (MB)
	7652252  -  ResidentSetSize of job (KB)
...
006 (6852471.000.000) 06/30 21:19:30 Image size of job updated: 31796528
	4593  -  MemoryUsage of job (MB)
	4703156  -  ResidentSetSize of job (KB)
...
006 (6852470.000.000) 06/30 21:19:31 Image size of job updated: 28936200
	6533  -  MemoryUsage of job (MB)
	6689088  -  ResidentSetSize of job (KB)
...
006 (6852464.000.000) 06/30 21:19:52 Image size of job updated: 78253756
	15610  -  MemoryUsage of job (MB)
	15983664  -  ResidentSetSize of job (KB)
...
006 (6852462.000.000) 06/30 21:19:53 Image size of job updated: 83005848
	12100  -  MemoryUsage of job (MB)
	12389620  -  ResidentSetSize of job (KB)
...
006 (6852465.000.000) 06/30 21:19:56 Image size of job updated: 102936440
	22223  -  MemoryUsage of job (MB)
	22756188  -  ResidentSetSize of job (KB)
...
006 (6852458.000.000) 06/30 21:22:45 Image size of job updated: 83238420
	7628  -  MemoryUsage of job (MB)
	7810052  -  ResidentSetSize of job (KB)
...
006 (6852471.000.000) 06/30 21:24:31 Image size of job updated: 35751364
	4593  -  MemoryUsage of job (MB)
	4703156  -  ResidentSetSize of job (KB)
...
006 (6852470.000.000) 06/30 21:24:31 Image size of job updated: 33052888
	6533  -  MemoryUsage of job (MB)
	6689088  -  ResidentSetSize of job (KB)
...
006 (6852464.000.000) 06/30 21:24:52 Image size of job updated: 83667296
	15917  -  MemoryUsage of job (MB)
	16298996  -  ResidentSetSize of job (KB)
...
006 (6852462.000.000) 06/30 21:24:53 Image size of job updated: 90245552
	12100  -  MemoryUsage of job (MB)
	12389620  -  ResidentSetSize of job (KB)
...
006 (6852465.000.000) 06/30 21:24:57 Image size of job updated: 106337356
	22959  -  MemoryUsage of job (MB)
	23509632  -  ResidentSetSize of job (KB)
...
006 (6852458.000.000) 06/30 21:27:45 Image size of job updated: 89357588
	8883  -  MemoryUsage of job (MB)
	9096076  -  ResidentSetSize of job (KB)
...
006 (6852471.000.000) 06/30 21:29:31 Image size of job updated: 39092028
	5043  -  MemoryUsage of job (MB)
	5163472  -  ResidentSetSize of job (KB)
...
006 (6852470.000.000) 06/30 21:29:32 Image size of job updated: 36629972
	6533  -  MemoryUsage of job (MB)
	6689088  -  ResidentSetSize of job (KB)
...
006 (6852464.000.000) 06/30 21:29:52 Image size of job updated: 89150780
	15917  -  MemoryUsage of job (MB)
	16298996  -  ResidentSetSize of job (KB)
...
006 (6852462.000.000) 06/30 21:29:53 Image size of job updated: 96392348
	12143  -  MemoryUsage of job (MB)
	12433600  -  ResidentSetSize of job (KB)
...
006 (6852465.000.000) 06/30 21:29:58 Image size of job updated: 109780480
	23694  -  MemoryUsage of job (MB)
	24262560  -  ResidentSetSize of job (KB)
...
006 (6852458.000.000) 06/30 21:32:46 Image size of job updated: 95464844
	10111  -  MemoryUsage of job (MB)
	10352732  -  ResidentSetSize of job (KB)
...
006 (6852471.000.000) 06/30 21:34:32 Image size of job updated: 42566124
	5043  -  MemoryUsage of job (MB)
	5163472  -  ResidentSetSize of job (KB)
...
006 (6852470.000.000) 06/30 21:34:33 Image size of job updated: 39696020
	6533  -  MemoryUsage of job (MB)
	6689088  -  ResidentSetSize of job (KB)
...
006 (6852464.000.000) 06/30 21:34:53 Image size of job updated: 94570544
	15917  -  MemoryUsage of job (MB)
	16298996  -  ResidentSetSize of job (KB)
...
006 (6852462.000.000) 06/30 21:34:54 Image size of job updated: 103391800
	12478  -  MemoryUsage of job (MB)
	12776980  -  ResidentSetSize of job (KB)
...
006 (6852465.000.000) 06/30 21:34:58 Image size of job updated: 113822900
	24530  -  MemoryUsage of job (MB)
	25117700  -  ResidentSetSize of job (KB)
...
006 (6852458.000.000) 06/30 21:37:46 Image size of job updated: 101832120
	10111  -  MemoryUsage of job (MB)
	10352732  -  ResidentSetSize of job (KB)
...
006 (6852471.000.000) 06/30 21:39:33 Image size of job updated: 46419984
	5043  -  MemoryUsage of job (MB)
	5163472  -  ResidentSetSize of job (KB)
...
006 (6852470.000.000) 06/30 21:39:33 Image size of job updated: 43606340
	6533  -  MemoryUsage of job (MB)
	6689088  -  ResidentSetSize of job (KB)
...
006 (6852464.000.000) 06/30 21:39:54 Image size of job updated: 99790412
	15917  -  MemoryUsage of job (MB)
	16298996  -  ResidentSetSize of job (KB)
...
006 (6852462.000.000) 06/30 21:39:54 Image size of job updated: 110211624
	12478  -  MemoryUsage of job (MB)
	12776980  -  ResidentSetSize of job (KB)
...
006 (6852465.000.000) 06/30 21:39:59 Image size of job updated: 120866668
	26056  -  MemoryUsage of job (MB)
	26680972  -  ResidentSetSize of job (KB)
...
006 (6852458.000.000) 06/30 21:42:46 Image size of job updated: 107940872
	10111  -  MemoryUsage of job (MB)
	10352732  -  ResidentSetSize of job (KB)
...
006 (6852471.000.000) 06/30 21:44:33 Image size of job updated: 50058112
	5043  -  MemoryUsage of job (MB)
	5163472  -  ResidentSetSize of job (KB)
...
006 (6852470.000.000) 06/30 21:44:34 Image size of job updated: 47608188
	6533  -  MemoryUsage of job (MB)
	6689088  -  ResidentSetSize of job (KB)
...
006 (6852464.000.000) 06/30 21:44:54 Image size of job updated: 105202732
	15917  -  MemoryUsage of job (MB)
	16298996  -  ResidentSetSize of job (KB)
...
006 (6852462.000.000) 06/30 21:44:54 Image size of job updated: 117221668
	12864  -  MemoryUsage of job (MB)
	13171728  -  ResidentSetSize of job (KB)
...
006 (6852465.000.000) 06/30 21:45:00 Image size of job updated: 128567672
	27660  -  MemoryUsage of job (MB)
	28323456  -  ResidentSetSize of job (KB)
...
006 (6852458.000.000) 06/30 21:47:47 Image size of job updated: 113818044
	10111  -  MemoryUsage of job (MB)
	10352732  -  ResidentSetSize of job (KB)
...
006 (6852471.000.000) 06/30 21:49:33 Image size of job updated: 53068872
	5043  -  MemoryUsage of job (MB)
	5163472  -  ResidentSetSize of job (KB)
...
006 (6852470.000.000) 06/30 21:49:35 Image size of job updated: 51020300
	6533  -  MemoryUsage of job (MB)
	6689088  -  ResidentSetSize of job (KB)
...
006 (6852462.000.000) 06/30 21:49:55 Image size of job updated: 124247708
	14398  -  MemoryUsage of job (MB)
	14742852  -  ResidentSetSize of job (KB)
...
006 (6852464.000.000) 06/30 21:49:55 Image size of job updated: 110665988
	15917  -  MemoryUsage of job (MB)
	16298996  -  ResidentSetSize of job (KB)
...
006 (6852465.000.000) 06/30 21:50:00 Image size of job updated: 136284428
	29322  -  MemoryUsage of job (MB)
	30025368  -  ResidentSetSize of job (KB)
...
006 (6852458.000.000) 06/30 21:52:48 Image size of job updated: 119499064
	10510  -  MemoryUsage of job (MB)
	10762052  -  ResidentSetSize of job (KB)
...
006 (6852471.000.000) 06/30 21:54:35 Image size of job updated: 55710716
	5043  -  MemoryUsage of job (MB)
	5163472  -  ResidentSetSize of job (KB)
...
006 (6852470.000.000) 06/30 21:54:35 Image size of job updated: 53687844
	6533  -  MemoryUsage of job (MB)
	6689088  -  ResidentSetSize of job (KB)
...
006 (6852462.000.000) 06/30 21:54:56 Image size of job updated: 131660704
	16092  -  MemoryUsage of job (MB)
	16477668  -  ResidentSetSize of job (KB)
...
006 (6852464.000.000) 06/30 21:54:56 Image size of job updated: 115860268
	15917  -  MemoryUsage of job (MB)
	16298996  -  ResidentSetSize of job (KB)
...
006 (6852465.000.000) 06/30 21:55:00 Image size of job updated: 144208776
	31064  -  MemoryUsage of job (MB)
	31808808  -  ResidentSetSize of job (KB)
...
006 (6852458.000.000) 06/30 21:57:48 Image size of job updated: 125176020
	11616  -  MemoryUsage of job (MB)
	11893892  -  ResidentSetSize of job (KB)
...
006 (6852471.000.000) 06/30 21:59:35 Image size of job updated: 58924428
	5043  -  MemoryUsage of job (MB)
	5163472  -  ResidentSetSize of job (KB)
...
006 (6852470.000.000) 06/30 21:59:35 Image size of job updated: 56586144
	6533  -  MemoryUsage of job (MB)
	6689088  -  ResidentSetSize of job (KB)
...
006 (6852462.000.000) 06/30 21:59:56 Image size of job updated: 138991428
	16313  -  MemoryUsage of job (MB)
	16703684  -  ResidentSetSize of job (KB)
...
006 (6852464.000.000) 06/30 21:59:56 Image size of job updated: 121547812
	15917  -  MemoryUsage of job (MB)
	16298996  -  ResidentSetSize of job (KB)
...
006 (6852465.000.000) 06/30 22:00:01 Image size of job updated: 152135628
	32841  -  MemoryUsage of job (MB)
	33628184  -  ResidentSetSize of job (KB)
...
006 (6852458.000.000) 06/30 22:02:49 Image size of job updated: 131271704
	11616  -  MemoryUsage of job (MB)
	11893892  -  ResidentSetSize of job (KB)
...
006 (6852471.000.000) 06/30 22:04:35 Image size of job updated: 61731596
	5043  -  MemoryUsage of job (MB)
	5163472  -  ResidentSetSize of job (KB)
...
006 (6852470.000.000) 06/30 22:04:36 Image size of job updated: 59952792
	6533  -  MemoryUsage of job (MB)
	6689088  -  ResidentSetSize of job (KB)
...
006 (6852462.000.000) 06/30 22:04:56 Image size of job updated: 146304392
	16331  -  MemoryUsage of job (MB)
	16722460  -  ResidentSetSize of job (KB)
...
006 (6852464.000.000) 06/30 22:04:56 Image size of job updated: 126977840
	15917  -  MemoryUsage of job (MB)
	16298996  -  ResidentSetSize of job (KB)
...
006 (6852465.000.000) 06/30 22:05:02 Image size of job updated: 160143048
	34657  -  MemoryUsage of job (MB)
	35488688  -  ResidentSetSize of job (KB)
...
006 (6852458.000.000) 06/30 22:07:50 Image size of job updated: 136974776
	11616  -  MemoryUsage of job (MB)
	11893892  -  ResidentSetSize of job (KB)
...
006 (6852471.000.000) 06/30 22:09:36 Image size of job updated: 64614668
	5413  -  MemoryUsage of job (MB)
	5542084  -  ResidentSetSize of job (KB)
...
006 (6852470.000.000) 06/30 22:09:37 Image size of job updated: 62889948
	6533  -  MemoryUsage of job (MB)
	6689088  -  ResidentSetSize of job (KB)
...
006 (6852462.000.000) 06/30 22:09:57 Image size of job updated: 153298452
	17496  -  MemoryUsage of job (MB)
	17915504  -  ResidentSetSize of job (KB)
...
006 (6852464.000.000) 06/30 22:09:58 Image size of job updated: 132443756
	15917  -  MemoryUsage of job (MB)
	16298996  -  ResidentSetSize of job (KB)
...
006 (6852465.000.000) 06/30 22:10:02 Image size of job updated: 168073864
	36450  -  MemoryUsage of job (MB)
	37323944  -  ResidentSetSize of job (KB)
...
006 (6852471.000.000) 06/30 22:11:17 Image size of job updated: 64614668
	5413  -  MemoryUsage of job (MB)
	5542180  -  ResidentSetSize of job (KB)
...
040 (6852471.000.000) 06/30 22:11:17 Started transferring output files
...
040 (6852471.000.000) 06/30 22:11:18 Finished transferring output files
...
005 (6852471.000.000) 06/30 22:11:19 Job terminated.
	(1) Normal termination (return value 0)
		Usr 0 01:19:26, Sys 0 00:01:31  -  Run Remote Usage
		Usr 0 00:00:00, Sys 0 00:00:00  -  Run Local Usage
		Usr 0 01:19:26, Sys 0 00:01:31  -  Total Remote Usage
		Usr 0 00:00:00, Sys 0 00:00:00  -  Total Local Usage
	57546  -  Run Bytes Sent By Job
	10820  -  Run Bytes Received By Job
	57546  -  Total Bytes Sent By Job
	10820  -  Total Bytes Received By Job
	Partitionable Resources :    Usage  Request Allocated 
	   Cpus                 :     0.82        1         1 
	   Disk (KB)            :    87          12   1178057 
	   Memory (MB)          :  5413        2000      2000 

	Job terminated of its own accord at 2024-06-30T20:11:17Z with exit-code 0.
...
006 (6852458.000.000) 06/30 22:12:50 Image size of job updated: 142866372
	11616  -  MemoryUsage of job (MB)
	11893892  -  ResidentSetSize of job (KB)
...
006 (6852470.000.000) 06/30 22:14:20 Image size of job updated: 64619744
	6533  -  MemoryUsage of job (MB)
	6689088  -  ResidentSetSize of job (KB)
...
040 (6852470.000.000) 06/30 22:14:21 Started transferring output files
...
040 (6852470.000.000) 06/30 22:14:21 Finished transferring output files
...
005 (6852470.000.000) 06/30 22:14:22 Job terminated.
	(1) Normal termination (return value 0)
		Usr 0 01:22:29, Sys 0 00:01:47  -  Run Remote Usage
		Usr 0 00:00:00, Sys 0 00:00:00  -  Run Local Usage
		Usr 0 01:22:29, Sys 0 00:01:47  -  Total Remote Usage
		Usr 0 00:00:00, Sys 0 00:00:00  -  Total Local Usage
	57546  -  Run Bytes Sent By Job
	10820  -  Run Bytes Received By Job
	57546  -  Total Bytes Sent By Job
	10820  -  Total Bytes Received By Job
	Partitionable Resources :    Usage  Request Allocated 
	   Cpus                 :     0.91        1         1 
	   Disk (KB)            :    87          12   1227605 
	   Memory (MB)          :  6533        2000      2000 

	Job terminated of its own accord at 2024-06-30T20:14:20Z with exit-code 0.
...
006 (6852462.000.000) 06/30 22:14:58 Image size of job updated: 160369976
	18640  -  MemoryUsage of job (MB)
	19086976  -  ResidentSetSize of job (KB)
...
006 (6852464.000.000) 06/30 22:14:58 Image size of job updated: 138113048
	15917  -  MemoryUsage of job (MB)
	16298996  -  ResidentSetSize of job (KB)
...
006 (6852465.000.000) 06/30 22:15:02 Image size of job updated: 175996408
	38128  -  MemoryUsage of job (MB)
	39042836  -  ResidentSetSize of job (KB)
...
006 (6852458.000.000) 06/30 22:17:51 Image size of job updated: 148773896
	11616  -  MemoryUsage of job (MB)
	11893892  -  ResidentSetSize of job (KB)
...
006 (6852462.000.000) 06/30 22:19:58 Image size of job updated: 167388108
	19764  -  MemoryUsage of job (MB)
	20237920  -  ResidentSetSize of job (KB)
...
006 (6852464.000.000) 06/30 22:19:58 Image size of job updated: 143666764
	15917  -  MemoryUsage of job (MB)
	16298996  -  ResidentSetSize of job (KB)
...
006 (6852465.000.000) 06/30 22:20:03 Image size of job updated: 183343308
	39649  -  MemoryUsage of job (MB)
	40599780  -  ResidentSetSize of job (KB)
...
006 (6852458.000.000) 06/30 22:22:52 Image size of job updated: 154169272
	11616  -  MemoryUsage of job (MB)
	11893892  -  ResidentSetSize of job (KB)
...
006 (6852462.000.000) 06/30 22:24:58 Image size of job updated: 174415344
	20808  -  MemoryUsage of job (MB)
	21307320  -  ResidentSetSize of job (KB)
...
006 (6852464.000.000) 06/30 22:24:59 Image size of job updated: 149215172
	15917  -  MemoryUsage of job (MB)
	16298996  -  ResidentSetSize of job (KB)
...
006 (6852465.000.000) 06/30 22:25:04 Image size of job updated: 186880764
	41574  -  MemoryUsage of job (MB)
	42571332  -  ResidentSetSize of job (KB)
...
006 (6852458.000.000) 06/30 22:27:52 Image size of job updated: 159641840
	11616  -  MemoryUsage of job (MB)
	11893892  -  ResidentSetSize of job (KB)
...
006 (6852462.000.000) 06/30 22:29:59 Image size of job updated: 180984748
	20808  -  MemoryUsage of job (MB)
	21307320  -  ResidentSetSize of job (KB)
...
006 (6852464.000.000) 06/30 22:30:00 Image size of job updated: 154923440
	15917  -  MemoryUsage of job (MB)
	16298996  -  ResidentSetSize of job (KB)
...
006 (6852465.000.000) 06/30 22:30:04 Image size of job updated: 190440300
	43506  -  MemoryUsage of job (MB)
	44549508  -  ResidentSetSize of job (KB)
...
006 (6852458.000.000) 06/30 22:32:53 Image size of job updated: 164672972
	11616  -  MemoryUsage of job (MB)
	11893892  -  ResidentSetSize of job (KB)
...
006 (6852462.000.000) 06/30 22:34:59 Image size of job updated: 185060016
	20808  -  MemoryUsage of job (MB)
	21307320  -  ResidentSetSize of job (KB)
...
006 (6852464.000.000) 06/30 22:35:00 Image size of job updated: 160823916
	15917  -  MemoryUsage of job (MB)
	16298996  -  ResidentSetSize of job (KB)
...
006 (6852465.000.000) 06/30 22:35:05 Image size of job updated: 194097276
	45476  -  MemoryUsage of job (MB)
	46566404  -  ResidentSetSize of job (KB)
...
006 (6852458.000.000) 06/30 22:37:54 Image size of job updated: 170302648
	11616  -  MemoryUsage of job (MB)
	11893892  -  ResidentSetSize of job (KB)
...
006 (6852462.000.000) 06/30 22:39:59 Image size of job updated: 188348092
	20808  -  MemoryUsage of job (MB)
	21307320  -  ResidentSetSize of job (KB)
...
006 (6852464.000.000) 06/30 22:40:01 Image size of job updated: 166060484
	15917  -  MemoryUsage of job (MB)
	16298996  -  ResidentSetSize of job (KB)
...
006 (6852465.000.000) 06/30 22:40:06 Image size of job updated: 197644368
	47392  -  MemoryUsage of job (MB)
	48528940  -  ResidentSetSize of job (KB)
...
006 (6852458.000.000) 06/30 22:42:54 Image size of job updated: 175239060
	11616  -  MemoryUsage of job (MB)
	11893892  -  ResidentSetSize of job (KB)
...
006 (6852462.000.000) 06/30 22:45:00 Image size of job updated: 191337032
	20808  -  MemoryUsage of job (MB)
	21307320  -  ResidentSetSize of job (KB)
...
006 (6852464.000.000) 06/30 22:45:02 Image size of job updated: 171234656
	15917  -  MemoryUsage of job (MB)
	16298996  -  ResidentSetSize of job (KB)
...
006 (6852465.000.000) 06/30 22:45:06 Image size of job updated: 201173268
	49219  -  MemoryUsage of job (MB)
	50399740  -  ResidentSetSize of job (KB)
...
006 (6852458.000.000) 06/30 22:47:54 Image size of job updated: 180679180
	11616  -  MemoryUsage of job (MB)
	11893892  -  ResidentSetSize of job (KB)
...
006 (6852462.000.000) 06/30 22:50:01 Image size of job updated: 194998024
	20808  -  MemoryUsage of job (MB)
	21307320  -  ResidentSetSize of job (KB)
...
006 (6852464.000.000) 06/30 22:50:02 Image size of job updated: 176671732
	15917  -  MemoryUsage of job (MB)
	16298996  -  ResidentSetSize of job (KB)
...
006 (6852465.000.000) 06/30 22:50:06 Image size of job updated: 205305276
	51808  -  MemoryUsage of job (MB)
	53050408  -  ResidentSetSize of job (KB)
...
006 (6852458.000.000) 06/30 22:52:55 Image size of job updated: 186362960
	11616  -  MemoryUsage of job (MB)
	11893892  -  ResidentSetSize of job (KB)
...
006 (6852462.000.000) 06/30 22:55:01 Image size of job updated: 197935276
	20808  -  MemoryUsage of job (MB)
	21307320  -  ResidentSetSize of job (KB)
...
006 (6852464.000.000) 06/30 22:55:02 Image size of job updated: 182148928
	15917  -  MemoryUsage of job (MB)
	16298996  -  ResidentSetSize of job (KB)
...
006 (6852465.000.000) 06/30 22:55:06 Image size of job updated: 210924820
	54771  -  MemoryUsage of job (MB)
	56085348  -  ResidentSetSize of job (KB)
...
006 (6852458.000.000) 06/30 22:57:56 Image size of job updated: 191816760
	11616  -  MemoryUsage of job (MB)
	11893892  -  ResidentSetSize of job (KB)
...
006 (6852462.000.000) 06/30 23:00:01 Image size of job updated: 201171412
	20808  -  MemoryUsage of job (MB)
	21307320  -  ResidentSetSize of job (KB)
...
006 (6852464.000.000) 06/30 23:00:03 Image size of job updated: 185070020
	15917  -  MemoryUsage of job (MB)
	16298996  -  ResidentSetSize of job (KB)
...
006 (6852465.000.000) 06/30 23:00:07 Image size of job updated: 215935856
	57566  -  MemoryUsage of job (MB)
	58947472  -  ResidentSetSize of job (KB)
...
006 (6852458.000.000) 06/30 23:02:56 Image size of job updated: 197020788
	11616  -  MemoryUsage of job (MB)
	11893892  -  ResidentSetSize of job (KB)
...
006 (6852462.000.000) 06/30 23:05:02 Image size of job updated: 204994980
	21236  -  MemoryUsage of job (MB)
	21745524  -  ResidentSetSize of job (KB)
...
006 (6852464.000.000) 06/30 23:05:03 Image size of job updated: 188061408
	15917  -  MemoryUsage of job (MB)
	16298996  -  ResidentSetSize of job (KB)
...
006 (6852465.000.000) 06/30 23:05:07 Image size of job updated: 219724552
	60222  -  MemoryUsage of job (MB)
	61666988  -  ResidentSetSize of job (KB)
...
006 (6852458.000.000) 06/30 23:07:57 Image size of job updated: 202224476
	11616  -  MemoryUsage of job (MB)
	11893892  -  ResidentSetSize of job (KB)
...
006 (6852465.000.000) 06/30 23:08:49 Image size of job updated: 221675868
	60222  -  MemoryUsage of job (MB)
	61667004  -  ResidentSetSize of job (KB)
...
040 (6852465.000.000) 06/30 23:08:50 Started transferring output files
...
040 (6852465.000.000) 06/30 23:08:53 Finished transferring output files
...
005 (6852465.000.000) 06/30 23:08:53 Job terminated.
	(1) Normal termination (return value 0)
		Usr 0 02:20:39, Sys 0 00:02:18  -  Run Remote Usage
		Usr 0 00:00:00, Sys 0 00:00:00  -  Run Local Usage
		Usr 0 02:20:39, Sys 0 00:02:18  -  Total Remote Usage
		Usr 0 00:00:00, Sys 0 00:00:00  -  Total Local Usage
	65915236  -  Run Bytes Sent By Job
	10819  -  Run Bytes Received By Job
	65915236  -  Total Bytes Sent By Job
	10819  -  Total Bytes Received By Job
	Partitionable Resources :    Usage  Request Allocated 
	   Cpus                 :     0.97        1         1 
	   Disk (KB)            : 64401          12   1331674 
	   Memory (MB)          : 60222        2000      2000 

	Job terminated of its own accord at 2024-06-30T21:08:49Z with exit-code 0.
...
006 (6852462.000.000) 06/30 23:10:02 Image size of job updated: 209776620
	21236  -  MemoryUsage of job (MB)
	21745524  -  ResidentSetSize of job (KB)
...
006 (6852464.000.000) 06/30 23:10:03 Image size of job updated: 190741208
	15917  -  MemoryUsage of job (MB)
	16298996  -  ResidentSetSize of job (KB)
...
006 (6852458.000.000) 06/30 23:12:58 Image size of job updated: 207888048
	11616  -  MemoryUsage of job (MB)
	11893892  -  ResidentSetSize of job (KB)
...
006 (6852462.000.000) 06/30 23:15:02 Image size of job updated: 214519928
	21236  -  MemoryUsage of job (MB)
	21745524  -  ResidentSetSize of job (KB)
...
006 (6852464.000.000) 06/30 23:15:04 Image size of job updated: 193795960
	15917  -  MemoryUsage of job (MB)
	16298996  -  ResidentSetSize of job (KB)
...
006 (6852458.000.000) 06/30 23:17:58 Image size of job updated: 213101140
	11616  -  MemoryUsage of job (MB)
	11893892  -  ResidentSetSize of job (KB)
...
006 (6852462.000.000) 06/30 23:20:03 Image size of job updated: 217889784
	21236  -  MemoryUsage of job (MB)
	21745524  -  ResidentSetSize of job (KB)
...
006 (6852464.000.000) 06/30 23:20:05 Image size of job updated: 196827516
	17177  -  MemoryUsage of job (MB)
	17588548  -  ResidentSetSize of job (KB)
...
006 (6852458.000.000) 06/30 23:22:59 Image size of job updated: 218099592
	11616  -  MemoryUsage of job (MB)
	11893892  -  ResidentSetSize of job (KB)
...
006 (6852462.000.000) 06/30 23:25:04 Image size of job updated: 221433464
	21236  -  MemoryUsage of job (MB)
	21745524  -  ResidentSetSize of job (KB)
...
006 (6852464.000.000) 06/30 23:25:05 Image size of job updated: 199399072
	18583  -  MemoryUsage of job (MB)
	19028532  -  ResidentSetSize of job (KB)
...
006 (6852458.000.000) 06/30 23:28:00 Image size of job updated: 223516348
	11616  -  MemoryUsage of job (MB)
	11893892  -  ResidentSetSize of job (KB)
...
006 (6852462.000.000) 06/30 23:30:04 Image size of job updated: 221674180
	26741  -  MemoryUsage of job (MB)
	27382716  -  ResidentSetSize of job (KB)
...
006 (6852464.000.000) 06/30 23:30:05 Image size of job updated: 202079640
	18629  -  MemoryUsage of job (MB)
	19075708  -  ResidentSetSize of job (KB)
...
006 (6852462.000.000) 06/30 23:31:41 Image size of job updated: 221674180
	26742  -  MemoryUsage of job (MB)
	27382836  -  ResidentSetSize of job (KB)
...
040 (6852462.000.000) 06/30 23:31:42 Started transferring output files
...
040 (6852462.000.000) 06/30 23:31:45 Finished transferring output files
...
005 (6852462.000.000) 06/30 23:31:47 Job terminated.
	(1) Normal termination (return value 0)
		Usr 0 02:40:10, Sys 0 00:03:45  -  Run Remote Usage
		Usr 0 00:00:00, Sys 0 00:00:00  -  Run Local Usage
		Usr 0 02:40:10, Sys 0 00:03:45  -  Total Remote Usage
		Usr 0 00:00:00, Sys 0 00:00:00  -  Total Local Usage
	65915236  -  Run Bytes Sent By Job
	10819  -  Run Bytes Received By Job
	65915236  -  Total Bytes Sent By Job
	10819  -  Total Bytes Received By Job
	Partitionable Resources :    Usage  Request Allocated 
	   Cpus                 :     0.32        1         1 
	   Disk (KB)            : 64401          12   1213965 
	   Memory (MB)          : 26742        2000      2000 

	Job terminated of its own accord at 2024-06-30T21:31:41Z with exit-code 0.
...
006 (6852458.000.000) 06/30 23:33:00 Image size of job updated: 227818552
	11616  -  MemoryUsage of job (MB)
	11893892  -  ResidentSetSize of job (KB)
...
006 (6852464.000.000) 06/30 23:35:06 Image size of job updated: 206200240
	20965  -  MemoryUsage of job (MB)
	21468156  -  ResidentSetSize of job (KB)
...
006 (6852458.000.000) 06/30 23:38:01 Image size of job updated: 230745008
	11616  -  MemoryUsage of job (MB)
	11893892  -  ResidentSetSize of job (KB)
...
006 (6852464.000.000) 06/30 23:40:06 Image size of job updated: 210330872
	20965  -  MemoryUsage of job (MB)
	21468156  -  ResidentSetSize of job (KB)
...
006 (6852464.000.000) 06/30 23:45:06 Image size of job updated: 213941052
	20965  -  MemoryUsage of job (MB)
	21468156  -  ResidentSetSize of job (KB)
...
040 (6852458.000.000) 06/30 23:45:15 Started transferring output files
...
040 (6852458.000.000) 06/30 23:45:15 Finished transferring output files
...
005 (6852458.000.000) 06/30 23:45:15 Job terminated.
	(1) Normal termination (return value 0)
		Usr 0 02:44:43, Sys 0 00:03:45  -  Run Remote Usage
		Usr 0 00:00:00, Sys 0 00:00:00  -  Run Local Usage
		Usr 0 02:44:43, Sys 0 00:03:45  -  Total Remote Usage
		Usr 0 00:00:00, Sys 0 00:00:00  -  Total Local Usage
	1871425  -  Run Bytes Sent By Job
	10819  -  Run Bytes Received By Job
	1871425  -  Total Bytes Sent By Job
	10819  -  Total Bytes Received By Job
	Partitionable Resources :    Usage  Request Allocated 
	   Cpus                 :     0.34        1         1 
	   Disk (KB)            :  1858          12   1274175 
	   Memory (MB)          : 11616        2000      2000 

	Job terminated of its own accord at 2024-06-30T21:45:15Z with exit-code 0.
...
006 (6852464.000.000) 06/30 23:50:08 Image size of job updated: 216850340
	20965  -  MemoryUsage of job (MB)
	21468156  -  ResidentSetSize of job (KB)
...
006 (6852464.000.000) 06/30 23:55:08 Image size of job updated: 219594664
	20965  -  MemoryUsage of job (MB)
	21468156  -  ResidentSetSize of job (KB)
...
006 (6852464.000.000) 07/01 00:00:08 Image size of job updated: 221673720
	20965  -  MemoryUsage of job (MB)
	21468156  -  ResidentSetSize of job (KB)
...
006 (6852464.000.000) 07/01 00:05:09 Image size of job updated: 221673720
	28299  -  MemoryUsage of job (MB)
	28977384  -  ResidentSetSize of job (KB)
...
006 (6852464.000.000) 07/01 00:05:47 Image size of job updated: 221673720
	28299  -  MemoryUsage of job (MB)
	28977972  -  ResidentSetSize of job (KB)
...
040 (6852464.000.000) 07/01 00:05:48 Started transferring output files
...
040 (6852464.000.000) 07/01 00:05:54 Finished transferring output files
...
005 (6852464.000.000) 07/01 00:05:54 Job terminated.
	(1) Normal termination (return value 0)
		Usr 0 03:04:20, Sys 0 00:03:59  -  Run Remote Usage
		Usr 0 00:00:00, Sys 0 00:00:00  -  Run Local Usage
		Usr 0 03:04:20, Sys 0 00:03:59  -  Total Remote Usage
		Usr 0 00:00:00, Sys 0 00:00:00  -  Total Local Usage
	65915236  -  Run Bytes Sent By Job
	10819  -  Run Bytes Received By Job
	65915236  -  Total Bytes Sent By Job
	10819  -  Total Bytes Received By Job
	Partitionable Resources :    Usage  Request Allocated 
	   Cpus                 :     0.91        1         1 
	   Disk (KB)            : 64401          12   1336965 
	   Memory (MB)          : 28299        2000      2000 

	Job terminated of its own accord at 2024-06-30T22:05:47Z with exit-code 0.
...
000 (6852751.000.000) 07/01 07:49:56 Job submitted from host: <137.138.55.115:9618?addrs=137.138.55.115-9618+[2001-1458-d00-17--12a]-9618&alias=bigbird23.cern.ch&noUDP&sock=schedd_23881_f548>
...
000 (6852752.000.000) 07/01 07:50:12 Job submitted from host: <137.138.55.115:9618?addrs=137.138.55.115-9618+[2001-1458-d00-17--12a]-9618&alias=bigbird23.cern.ch&noUDP&sock=schedd_23881_f548>
...
009 (6852751.000.000) 07/01 07:50:32 Job was aborted.
	via condor_rm (by user fsalerno)
...
009 (6852752.000.000) 07/01 07:50:32 Job was aborted.
	via condor_rm (by user fsalerno)
...
000 (6852753.000.000) 07/01 07:50:37 Job submitted from host: <137.138.55.115:9618?addrs=137.138.55.115-9618+[2001-1458-d00-17--12a]-9618&alias=bigbird23.cern.ch&noUDP&sock=schedd_23881_f548>
...
000 (6852754.000.000) 07/01 07:51:16 Job submitted from host: <137.138.55.115:9618?addrs=137.138.55.115-9618+[2001-1458-d00-17--12a]-9618&alias=bigbird23.cern.ch&noUDP&sock=schedd_23881_f548>
...
000 (6852755.000.000) 07/01 07:51:50 Job submitted from host: <137.138.55.115:9618?addrs=137.138.55.115-9618+[2001-1458-d00-17--12a]-9618&alias=bigbird23.cern.ch&noUDP&sock=schedd_23881_f548>
...
040 (6852755.000.000) 07/01 07:52:21 Started transferring input files
	Transferring to host: <128.142.57.77:9618?addrs=128.142.57.77-9618+[2001-1458-301-7--100-4c]-9618&alias=b7s02p0412.cern.ch&noUDP&sock=slot1_40_3793_42f3_4563>
...
040 (6852755.000.000) 07/01 07:52:21 Finished transferring input files
...
040 (6852753.000.000) 07/01 07:52:21 Started transferring input files
	Transferring to host: <128.142.57.139:9618?addrs=128.142.57.139-9618&alias=b7s02p4498.cern.ch&noUDP&sock=slot1_13_7431_8fc7_183284>
...
040 (6852753.000.000) 07/01 07:52:21 Finished transferring input files
...
040 (6852754.000.000) 07/01 07:52:21 Started transferring input files
	Transferring to host: <128.142.59.73:9618?addrs=128.142.59.73-9618+[2001-1458-301-21--100-48]-9618&alias=b7s04p0096.cern.ch&noUDP&sock=slot1_40_3315_77a0_101565>
...
040 (6852754.000.000) 07/01 07:52:21 Finished transferring input files
...
001 (6852755.000.000) 07/01 07:52:22 Job executing on host: <128.142.57.77:9618?addrs=128.142.57.77-9618+[2001-1458-301-7--100-4c]-9618&alias=b7s02p0412.cern.ch&noUDP&sock=startd_3140_5b78>
	SlotName: slot1_40@b7s02p0412.cern.ch
...
001 (6852753.000.000) 07/01 07:52:22 Job executing on host: <128.142.57.139:9618?addrs=128.142.57.139-9618&alias=b7s02p4498.cern.ch&noUDP&sock=startd_7367_ba4b>
	SlotName: slot1_13@b7s02p4498.cern.ch
...
001 (6852754.000.000) 07/01 07:52:22 Job executing on host: <128.142.59.73:9618?addrs=128.142.59.73-9618+[2001-1458-301-21--100-48]-9618&alias=b7s04p0096.cern.ch&noUDP&sock=startd_2812_6067>
	SlotName: slot1_40@b7s04p0096.cern.ch
...
006 (6852755.000.000) 07/01 07:52:31 Image size of job updated: 292376
	141  -  MemoryUsage of job (MB)
	144060  -  ResidentSetSize of job (KB)
...
006 (6852753.000.000) 07/01 07:52:31 Image size of job updated: 279068
	132  -  MemoryUsage of job (MB)
	134416  -  ResidentSetSize of job (KB)
...
006 (6852754.000.000) 07/01 07:52:31 Image size of job updated: 451944
	54  -  MemoryUsage of job (MB)
	54572  -  ResidentSetSize of job (KB)
...
000 (6852757.000.000) 07/01 07:55:59 Job submitted from host: <137.138.55.115:9618?addrs=137.138.55.115-9618+[2001-1458-d00-17--12a]-9618&alias=bigbird23.cern.ch&noUDP&sock=schedd_23881_f548>
...
000 (6852758.000.000) 07/01 07:56:36 Job submitted from host: <137.138.55.115:9618?addrs=137.138.55.115-9618+[2001-1458-d00-17--12a]-9618&alias=bigbird23.cern.ch&noUDP&sock=schedd_23881_f548>
...
040 (6852757.000.000) 07/01 07:57:19 Started transferring input files
	Transferring to host: <128.142.56.45:9618?addrs=128.142.56.45-9618+[2001-1458-301-6--100-2c]-9618&alias=b7s01p0385.cern.ch&noUDP&sock=slot1_23_4209_5f04_87511>
...
040 (6852757.000.000) 07/01 07:57:19 Finished transferring input files
...
040 (6852758.000.000) 07/01 07:57:19 Started transferring input files
	Transferring to host: <128.142.57.81:9618?addrs=128.142.57.81-9618&alias=b7s02p2228.cern.ch&noUDP&sock=slot1_12_6941_4ff3_187039>
...
040 (6852758.000.000) 07/01 07:57:19 Finished transferring input files
...
001 (6852757.000.000) 07/01 07:57:20 Job executing on host: <128.142.56.45:9618?addrs=128.142.56.45-9618+[2001-1458-301-6--100-2c]-9618&alias=b7s01p0385.cern.ch&noUDP&sock=startd_3621_4885>
	SlotName: slot1_23@b7s01p0385.cern.ch
...
001 (6852758.000.000) 07/01 07:57:20 Job executing on host: <128.142.57.81:9618?addrs=128.142.57.81-9618&alias=b7s02p2228.cern.ch&noUDP&sock=startd_6873_e282>
	SlotName: slot1_12@b7s02p2228.cern.ch
...
006 (6852757.000.000) 07/01 07:57:29 Image size of job updated: 647076
	53  -  MemoryUsage of job (MB)
	54108  -  ResidentSetSize of job (KB)
...
006 (6852758.000.000) 07/01 07:57:29 Image size of job updated: 704064
	145  -  MemoryUsage of job (MB)
	148172  -  ResidentSetSize of job (KB)
...
006 (6852753.000.000) 07/01 07:57:32 Image size of job updated: 5115536
	3792  -  MemoryUsage of job (MB)
	3882732  -  ResidentSetSize of job (KB)
...
006 (6852754.000.000) 07/01 07:57:32 Image size of job updated: 4730728
	3568  -  MemoryUsage of job (MB)
	3653068  -  ResidentSetSize of job (KB)
...
006 (6852755.000.000) 07/01 07:57:32 Image size of job updated: 4798188
	3587  -  MemoryUsage of job (MB)
	3672732  -  ResidentSetSize of job (KB)
...
006 (6852758.000.000) 07/01 08:02:30 Image size of job updated: 5113580
	3751  -  MemoryUsage of job (MB)
	3840004  -  ResidentSetSize of job (KB)
...
006 (6852757.000.000) 07/01 08:02:30 Image size of job updated: 4665460
	3458  -  MemoryUsage of job (MB)
	3540332  -  ResidentSetSize of job (KB)
...
006 (6852753.000.000) 07/01 08:02:32 Image size of job updated: 7607348
	5405  -  MemoryUsage of job (MB)
	5533936  -  ResidentSetSize of job (KB)
...
006 (6852754.000.000) 07/01 08:02:32 Image size of job updated: 7033912
	5073  -  MemoryUsage of job (MB)
	5193820  -  ResidentSetSize of job (KB)
...
006 (6852755.000.000) 07/01 08:02:33 Image size of job updated: 6909160
	3587  -  MemoryUsage of job (MB)
	3672732  -  ResidentSetSize of job (KB)
...
006 (6852758.000.000) 07/01 08:07:30 Image size of job updated: 7488456
	5322  -  MemoryUsage of job (MB)
	5449380  -  ResidentSetSize of job (KB)
...
006 (6852757.000.000) 07/01 08:07:31 Image size of job updated: 6454916
	4083  -  MemoryUsage of job (MB)
	4180620  -  ResidentSetSize of job (KB)
...
006 (6852755.000.000) 07/01 08:07:33 Image size of job updated: 8763744
	3640  -  MemoryUsage of job (MB)
	3726680  -  ResidentSetSize of job (KB)
...
006 (6852754.000.000) 07/01 08:07:33 Image size of job updated: 9217396
	5093  -  MemoryUsage of job (MB)
	5214412  -  ResidentSetSize of job (KB)
...
006 (6852753.000.000) 07/01 08:07:33 Image size of job updated: 10051176
	6840  -  MemoryUsage of job (MB)
	7003332  -  ResidentSetSize of job (KB)
...
006 (6852758.000.000) 07/01 08:12:30 Image size of job updated: 9837164
	6883  -  MemoryUsage of job (MB)
	7047228  -  ResidentSetSize of job (KB)
...
006 (6852757.000.000) 07/01 08:12:31 Image size of job updated: 8254404
	4083  -  MemoryUsage of job (MB)
	4180620  -  ResidentSetSize of job (KB)
...
006 (6852755.000.000) 07/01 08:12:34 Image size of job updated: 10556492
	4851  -  MemoryUsage of job (MB)
	4966620  -  ResidentSetSize of job (KB)
...
006 (6852753.000.000) 07/01 08:12:34 Image size of job updated: 12419320
	6840  -  MemoryUsage of job (MB)
	7003332  -  ResidentSetSize of job (KB)
...
006 (6852754.000.000) 07/01 08:12:34 Image size of job updated: 11260840
	5883  -  MemoryUsage of job (MB)
	6023300  -  ResidentSetSize of job (KB)
...
006 (6852757.000.000) 07/01 08:17:31 Image size of job updated: 10098364
	4083  -  MemoryUsage of job (MB)
	4180620  -  ResidentSetSize of job (KB)
...
006 (6852758.000.000) 07/01 08:17:31 Image size of job updated: 12260276
	8492  -  MemoryUsage of job (MB)
	8695776  -  ResidentSetSize of job (KB)
...
006 (6852755.000.000) 07/01 08:17:34 Image size of job updated: 12213664
	4851  -  MemoryUsage of job (MB)
	4966624  -  ResidentSetSize of job (KB)
...
006 (6852753.000.000) 07/01 08:17:34 Image size of job updated: 14661124
	6840  -  MemoryUsage of job (MB)
	7003332  -  ResidentSetSize of job (KB)
...
006 (6852754.000.000) 07/01 08:17:34 Image size of job updated: 13498388
	6865  -  MemoryUsage of job (MB)
	7029592  -  ResidentSetSize of job (KB)
...
006 (6852757.000.000) 07/01 08:22:32 Image size of job updated: 12149152
	5263  -  MemoryUsage of job (MB)
	5388596  -  ResidentSetSize of job (KB)
...
006 (6852758.000.000) 07/01 08:22:32 Image size of job updated: 14693120
	10101  -  MemoryUsage of job (MB)
	10342896  -  ResidentSetSize of job (KB)
...
006 (6852753.000.000) 07/01 08:22:34 Image size of job updated: 17021160
	6884  -  MemoryUsage of job (MB)
	7048268  -  ResidentSetSize of job (KB)
...
006 (6852755.000.000) 07/01 08:22:34 Image size of job updated: 14261904
	5066  -  MemoryUsage of job (MB)
	5186696  -  ResidentSetSize of job (KB)
...
006 (6852754.000.000) 07/01 08:22:34 Image size of job updated: 15382328
	7249  -  MemoryUsage of job (MB)
	7422644  -  ResidentSetSize of job (KB)
...
006 (6852757.000.000) 07/01 08:27:32 Image size of job updated: 14240148
	5263  -  MemoryUsage of job (MB)
	5388596  -  ResidentSetSize of job (KB)
...
006 (6852758.000.000) 07/01 08:27:32 Image size of job updated: 17062380
	11680  -  MemoryUsage of job (MB)
	11960024  -  ResidentSetSize of job (KB)
...
006 (6852754.000.000) 07/01 08:27:35 Image size of job updated: 17209472
	7591  -  MemoryUsage of job (MB)
	7772556  -  ResidentSetSize of job (KB)
...
006 (6852753.000.000) 07/01 08:27:35 Image size of job updated: 19346304
	6884  -  MemoryUsage of job (MB)
	7048276  -  ResidentSetSize of job (KB)
...
006 (6852755.000.000) 07/01 08:27:36 Image size of job updated: 16374084
	5066  -  MemoryUsage of job (MB)
	5186696  -  ResidentSetSize of job (KB)
...
000 (6852765.000.000) 07/01 08:31:22 Job submitted from host: <137.138.55.115:9618?addrs=137.138.55.115-9618+[2001-1458-d00-17--12a]-9618&alias=bigbird23.cern.ch&noUDP&sock=schedd_23881_f548>
...
000 (6852766.000.000) 07/01 08:31:54 Job submitted from host: <137.138.55.115:9618?addrs=137.138.55.115-9618+[2001-1458-d00-17--12a]-9618&alias=bigbird23.cern.ch&noUDP&sock=schedd_23881_f548>
...
040 (6852765.000.000) 07/01 08:32:26 Started transferring input files
	Transferring to host: <128.142.57.139:9618?addrs=128.142.57.139-9618&alias=b7s02p4498.cern.ch&noUDP&sock=slot1_38_7431_8fc7_183302>
...
040 (6852765.000.000) 07/01 08:32:26 Finished transferring input files
...
001 (6852765.000.000) 07/01 08:32:27 Job executing on host: <128.142.57.139:9618?addrs=128.142.57.139-9618&alias=b7s02p4498.cern.ch&noUDP&sock=startd_7367_ba4b>
	SlotName: slot1_38@b7s02p4498.cern.ch
...
040 (6852766.000.000) 07/01 08:32:27 Started transferring input files
	Transferring to host: <128.142.59.18:9618?addrs=128.142.59.18-9618+[2001-1458-301-21--100-11]-9618&alias=b7s04p4604.cern.ch&noUDP&sock=slot1_1_64789_7624_185280>
...
040 (6852766.000.000) 07/01 08:32:27 Finished transferring input files
...
001 (6852766.000.000) 07/01 08:32:28 Job executing on host: <128.142.59.18:9618?addrs=128.142.59.18-9618+[2001-1458-301-21--100-11]-9618&alias=b7s04p4604.cern.ch&noUDP&sock=startd_64750_b15b>
	SlotName: slot1_1@b7s04p4604.cern.ch
...
006 (6852757.000.000) 07/01 08:32:32 Image size of job updated: 16232804
	5263  -  MemoryUsage of job (MB)
	5388596  -  ResidentSetSize of job (KB)
...
006 (6852758.000.000) 07/01 08:32:33 Image size of job updated: 19486456
	13232  -  MemoryUsage of job (MB)
	13549128  -  ResidentSetSize of job (KB)
...
006 (6852765.000.000) 07/01 08:32:35 Image size of job updated: 261308
	0  -  MemoryUsage of job (MB)
	0  -  ResidentSetSize of job (KB)
...
000 (6852768.000.000) 07/01 08:32:35 Job submitted from host: <137.138.55.115:9618?addrs=137.138.55.115-9618+[2001-1458-d00-17--12a]-9618&alias=bigbird23.cern.ch&noUDP&sock=schedd_23881_f548>
...
006 (6852754.000.000) 07/01 08:32:35 Image size of job updated: 19058696
	7591  -  MemoryUsage of job (MB)
	7772556  -  ResidentSetSize of job (KB)
...
040 (6852765.000.000) 07/01 08:32:35 Started transferring output files
...
040 (6852765.000.000) 07/01 08:32:35 Finished transferring output files
...
005 (6852765.000.000) 07/01 08:32:35 Job terminated.
	(1) Normal termination (return value 0)
		Usr 0 00:00:02, Sys 0 00:00:00  -  Run Remote Usage
		Usr 0 00:00:00, Sys 0 00:00:00  -  Run Local Usage
		Usr 0 00:00:02, Sys 0 00:00:00  -  Total Remote Usage
		Usr 0 00:00:00, Sys 0 00:00:00  -  Total Local Usage
	5142  -  Run Bytes Sent By Job
	10815  -  Run Bytes Received By Job
	5142  -  Total Bytes Sent By Job
	10815  -  Total Bytes Received By Job
	Partitionable Resources :    Usage  Request Allocated 
	   Cpus                 :                 1         1 
	   Disk (KB)            :       29       12   1253668 
	   Memory (MB)          :        0     2000      2000 

	Job terminated of its own accord at 2024-07-01T06:32:35Z with exit-code 0.
...
040 (6852768.000.000) 07/01 08:32:35 Started transferring input files
	Transferring to host: <128.142.57.139:9618?addrs=128.142.57.139-9618&alias=b7s02p4498.cern.ch&noUDP&sock=slot1_38_7431_8fc7_183303>
...
040 (6852768.000.000) 07/01 08:32:36 Finished transferring input files
...
006 (6852755.000.000) 07/01 08:32:36 Image size of job updated: 18547360
	5066  -  MemoryUsage of job (MB)
	5186696  -  ResidentSetSize of job (KB)
...
006 (6852753.000.000) 07/01 08:32:36 Image size of job updated: 21626864
	6884  -  MemoryUsage of job (MB)
	7048276  -  ResidentSetSize of job (KB)
...
001 (6852768.000.000) 07/01 08:32:37 Job executing on host: <128.142.57.139:9618?addrs=128.142.57.139-9618&alias=b7s02p4498.cern.ch&noUDP&sock=startd_7367_ba4b>
	SlotName: slot1_38@b7s02p4498.cern.ch
...
006 (6852766.000.000) 07/01 08:32:37 Image size of job updated: 401920
	132  -  MemoryUsage of job (MB)
	134408  -  ResidentSetSize of job (KB)
...
040 (6852766.000.000) 07/01 08:32:39 Started transferring output files
...
040 (6852766.000.000) 07/01 08:32:39 Finished transferring output files
...
005 (6852766.000.000) 07/01 08:32:39 Job terminated.
	(1) Normal termination (return value 0)
		Usr 0 00:00:02, Sys 0 00:00:01  -  Run Remote Usage
		Usr 0 00:00:00, Sys 0 00:00:00  -  Run Local Usage
		Usr 0 00:00:02, Sys 0 00:00:01  -  Total Remote Usage
		Usr 0 00:00:00, Sys 0 00:00:00  -  Total Local Usage
	5142  -  Run Bytes Sent By Job
	10815  -  Run Bytes Received By Job
	5142  -  Total Bytes Sent By Job
	10815  -  Total Bytes Received By Job
	Partitionable Resources :    Usage  Request Allocated 
	   Cpus                 :                 1         1 
	   Disk (KB)            :       29       12   1142022 
	   Memory (MB)          :      132     2000      2000 

	Job terminated of its own accord at 2024-07-01T06:32:39Z with exit-code 0.
...
006 (6852768.000.000) 07/01 08:32:42 Image size of job updated: 9612
	0  -  MemoryUsage of job (MB)
	0  -  ResidentSetSize of job (KB)
...
040 (6852768.000.000) 07/01 08:32:42 Started transferring output files
...
040 (6852768.000.000) 07/01 08:32:42 Finished transferring output files
...
005 (6852768.000.000) 07/01 08:32:42 Job terminated.
	(1) Normal termination (return value 0)
		Usr 0 00:00:02, Sys 0 00:00:00  -  Run Remote Usage
		Usr 0 00:00:00, Sys 0 00:00:00  -  Run Local Usage
		Usr 0 00:00:02, Sys 0 00:00:00  -  Total Remote Usage
		Usr 0 00:00:00, Sys 0 00:00:00  -  Total Local Usage
	5142  -  Run Bytes Sent By Job
	10816  -  Run Bytes Received By Job
	5142  -  Total Bytes Sent By Job
	10816  -  Total Bytes Received By Job
	Partitionable Resources :    Usage  Request Allocated 
	   Cpus                 :                 1         1 
	   Disk (KB)            :       30       12   1253596 
	   Memory (MB)          :        0     2000      2000 

	Job terminated of its own accord at 2024-07-01T06:32:42Z with exit-code 0.
...
000 (6852769.000.000) 07/01 08:33:37 Job submitted from host: <137.138.55.115:9618?addrs=137.138.55.115-9618+[2001-1458-d00-17--12a]-9618&alias=bigbird23.cern.ch&noUDP&sock=schedd_23881_f548>
...
040 (6852769.000.000) 07/01 08:36:12 Started transferring input files
	Transferring to host: <128.142.59.48:9618?addrs=128.142.59.48-9618+[2001-1458-301-21--100-2f]-9618&alias=b7s04p2230.cern.ch&noUDP&sock=slot1_21_3202_d93b_4610>
...
040 (6852769.000.000) 07/01 08:36:12 Finished transferring input files
...
001 (6852769.000.000) 07/01 08:36:13 Job executing on host: <128.142.59.48:9618?addrs=128.142.59.48-9618+[2001-1458-301-21--100-2f]-9618&alias=b7s04p2230.cern.ch&noUDP&sock=startd_2804_e3a5>
	SlotName: slot1_21@b7s04p2230.cern.ch
...
006 (6852769.000.000) 07/01 08:36:20 Image size of job updated: 27964
	0  -  MemoryUsage of job (MB)
	0  -  ResidentSetSize of job (KB)
...
040 (6852769.000.000) 07/01 08:36:20 Started transferring output files
...
040 (6852769.000.000) 07/01 08:36:20 Finished transferring output files
...
005 (6852769.000.000) 07/01 08:36:20 Job terminated.
	(1) Normal termination (return value 0)
		Usr 0 00:00:01, Sys 0 00:00:00  -  Run Remote Usage
		Usr 0 00:00:00, Sys 0 00:00:00  -  Run Local Usage
		Usr 0 00:00:01, Sys 0 00:00:00  -  Total Remote Usage
		Usr 0 00:00:00, Sys 0 00:00:00  -  Total Local Usage
	5142  -  Run Bytes Sent By Job
	10816  -  Run Bytes Received By Job
	5142  -  Total Bytes Sent By Job
	10816  -  Total Bytes Received By Job
	Partitionable Resources :    Usage  Request Allocated 
	   Cpus                 :                 1         1 
	   Disk (KB)            :       29       12   1202263 
	   Memory (MB)          :        0     2000      2000 

	Job terminated of its own accord at 2024-07-01T06:36:20Z with exit-code 0.
...
006 (6852757.000.000) 07/01 08:37:33 Image size of job updated: 18286252
	5263  -  MemoryUsage of job (MB)
	5388596  -  ResidentSetSize of job (KB)
...
006 (6852758.000.000) 07/01 08:37:34 Image size of job updated: 21864768
	13927  -  MemoryUsage of job (MB)
	14260432  -  ResidentSetSize of job (KB)
...
006 (6852755.000.000) 07/01 08:37:36 Image size of job updated: 20589276
	5066  -  MemoryUsage of job (MB)
	5186696  -  ResidentSetSize of job (KB)
...
006 (6852754.000.000) 07/01 08:37:36 Image size of job updated: 21234540
	7591  -  MemoryUsage of job (MB)
	7772556  -  ResidentSetSize of job (KB)
...
006 (6852753.000.000) 07/01 08:37:37 Image size of job updated: 23867588
	6884  -  MemoryUsage of job (MB)
	7048276  -  ResidentSetSize of job (KB)
...
006 (6852758.000.000) 07/01 08:42:34 Image size of job updated: 24236604
	13929  -  MemoryUsage of job (MB)
	14262396  -  ResidentSetSize of job (KB)
...
006 (6852757.000.000) 07/01 08:42:34 Image size of job updated: 20199072
	5263  -  MemoryUsage of job (MB)
	5388596  -  ResidentSetSize of job (KB)
...
006 (6852755.000.000) 07/01 08:42:37 Image size of job updated: 22904288
	6663  -  MemoryUsage of job (MB)
	6822136  -  ResidentSetSize of job (KB)
...
006 (6852754.000.000) 07/01 08:42:37 Image size of job updated: 23152248
	7591  -  MemoryUsage of job (MB)
	7772556  -  ResidentSetSize of job (KB)
...
006 (6852753.000.000) 07/01 08:42:38 Image size of job updated: 26089648
	6884  -  MemoryUsage of job (MB)
	7048276  -  ResidentSetSize of job (KB)
...
006 (6852757.000.000) 07/01 08:47:35 Image size of job updated: 22183832
	5263  -  MemoryUsage of job (MB)
	5388596  -  ResidentSetSize of job (KB)
...
006 (6852758.000.000) 07/01 08:47:35 Image size of job updated: 26597200
	13929  -  MemoryUsage of job (MB)
	14262396  -  ResidentSetSize of job (KB)
...
006 (6852755.000.000) 07/01 08:47:37 Image size of job updated: 25272168
	7499  -  MemoryUsage of job (MB)
	7678976  -  ResidentSetSize of job (KB)
...
006 (6852754.000.000) 07/01 08:47:38 Image size of job updated: 25129892
	7591  -  MemoryUsage of job (MB)
	7772556  -  ResidentSetSize of job (KB)
...
006 (6852753.000.000) 07/01 08:47:39 Image size of job updated: 28359564
	6884  -  MemoryUsage of job (MB)
	7048276  -  ResidentSetSize of job (KB)
...
006 (6852757.000.000) 07/01 08:52:35 Image size of job updated: 24368332
	6257  -  MemoryUsage of job (MB)
	6406676  -  ResidentSetSize of job (KB)
...
006 (6852758.000.000) 07/01 08:52:36 Image size of job updated: 28961048
	13929  -  MemoryUsage of job (MB)
	14262396  -  ResidentSetSize of job (KB)
...
006 (6852755.000.000) 07/01 08:52:38 Image size of job updated: 27443332
	7499  -  MemoryUsage of job (MB)
	7678976  -  ResidentSetSize of job (KB)
...
006 (6852754.000.000) 07/01 08:52:39 Image size of job updated: 27192276
	7591  -  MemoryUsage of job (MB)
	7772556  -  ResidentSetSize of job (KB)
...
006 (6852753.000.000) 07/01 08:52:39 Image size of job updated: 30524832
	6884  -  MemoryUsage of job (MB)
	7048276  -  ResidentSetSize of job (KB)
...
006 (6852757.000.000) 07/01 08:57:35 Image size of job updated: 26396584
	6257  -  MemoryUsage of job (MB)
	6406676  -  ResidentSetSize of job (KB)
...
006 (6852758.000.000) 07/01 08:57:36 Image size of job updated: 31311628
	13929  -  MemoryUsage of job (MB)
	14262396  -  ResidentSetSize of job (KB)
...
006 (6852755.000.000) 07/01 08:57:39 Image size of job updated: 29627220
	7499  -  MemoryUsage of job (MB)
	7678976  -  ResidentSetSize of job (KB)
...
006 (6852754.000.000) 07/01 08:57:39 Image size of job updated: 29486160
	7591  -  MemoryUsage of job (MB)
	7772556  -  ResidentSetSize of job (KB)
...
006 (6852753.000.000) 07/01 08:57:39 Image size of job updated: 32548716
	6884  -  MemoryUsage of job (MB)
	7048276  -  ResidentSetSize of job (KB)
...
006 (6852757.000.000) 07/01 09:02:36 Image size of job updated: 28286588
	6257  -  MemoryUsage of job (MB)
	6406676  -  ResidentSetSize of job (KB)
...
006 (6852758.000.000) 07/01 09:02:37 Image size of job updated: 33679588
	13929  -  MemoryUsage of job (MB)
	14262396  -  ResidentSetSize of job (KB)
...
006 (6852755.000.000) 07/01 09:02:39 Image size of job updated: 31673384
	7499  -  MemoryUsage of job (MB)
	7678976  -  ResidentSetSize of job (KB)
...
006 (6852754.000.000) 07/01 09:02:39 Image size of job updated: 31738760
	7591  -  MemoryUsage of job (MB)
	7772556  -  ResidentSetSize of job (KB)
...
006 (6852753.000.000) 07/01 09:02:40 Image size of job updated: 34647152
	6884  -  MemoryUsage of job (MB)
	7048276  -  ResidentSetSize of job (KB)
...
006 (6852757.000.000) 07/01 09:07:36 Image size of job updated: 30214052
	6638  -  MemoryUsage of job (MB)
	6796868  -  ResidentSetSize of job (KB)
...
006 (6852758.000.000) 07/01 09:07:38 Image size of job updated: 36082704
	13929  -  MemoryUsage of job (MB)
	14262396  -  ResidentSetSize of job (KB)
...
006 (6852754.000.000) 07/01 09:07:40 Image size of job updated: 33977208
	7591  -  MemoryUsage of job (MB)
	7772556  -  ResidentSetSize of job (KB)
...
006 (6852753.000.000) 07/01 09:07:40 Image size of job updated: 36934200
	6884  -  MemoryUsage of job (MB)
	7048276  -  ResidentSetSize of job (KB)
...
006 (6852755.000.000) 07/01 09:07:40 Image size of job updated: 33893800
	7499  -  MemoryUsage of job (MB)
	7678976  -  ResidentSetSize of job (KB)
...
006 (6852757.000.000) 07/01 09:12:36 Image size of job updated: 32086308
	6638  -  MemoryUsage of job (MB)
	6796868  -  ResidentSetSize of job (KB)
...
006 (6852758.000.000) 07/01 09:12:38 Image size of job updated: 38493344
	13929  -  MemoryUsage of job (MB)
	14262396  -  ResidentSetSize of job (KB)
...
006 (6852754.000.000) 07/01 09:12:40 Image size of job updated: 35926480
	7591  -  MemoryUsage of job (MB)
	7772556  -  ResidentSetSize of job (KB)
...
006 (6852753.000.000) 07/01 09:12:40 Image size of job updated: 39046568
	6884  -  MemoryUsage of job (MB)
	7048276  -  ResidentSetSize of job (KB)
...
006 (6852755.000.000) 07/01 09:12:41 Image size of job updated: 36033828
	7499  -  MemoryUsage of job (MB)
	7678976  -  ResidentSetSize of job (KB)
...
006 (6852757.000.000) 07/01 09:17:37 Image size of job updated: 34080472
	6638  -  MemoryUsage of job (MB)
	6796868  -  ResidentSetSize of job (KB)
...
006 (6852758.000.000) 07/01 09:17:38 Image size of job updated: 40690532
	13929  -  MemoryUsage of job (MB)
	14262396  -  ResidentSetSize of job (KB)
...
006 (6852754.000.000) 07/01 09:17:40 Image size of job updated: 37515392
	7591  -  MemoryUsage of job (MB)
	7772556  -  ResidentSetSize of job (KB)
...
006 (6852753.000.000) 07/01 09:17:40 Image size of job updated: 41305400
	6884  -  MemoryUsage of job (MB)
	7048276  -  ResidentSetSize of job (KB)
...
006 (6852755.000.000) 07/01 09:17:42 Image size of job updated: 38150072
	7499  -  MemoryUsage of job (MB)
	7678976  -  ResidentSetSize of job (KB)
...
006 (6852757.000.000) 07/01 09:22:37 Image size of job updated: 36087960
	7053  -  MemoryUsage of job (MB)
	7222024  -  ResidentSetSize of job (KB)
...
006 (6852758.000.000) 07/01 09:22:38 Image size of job updated: 43082164
	13929  -  MemoryUsage of job (MB)
	14262396  -  ResidentSetSize of job (KB)
...
006 (6852754.000.000) 07/01 09:22:40 Image size of job updated: 39194668
	7591  -  MemoryUsage of job (MB)
	7772556  -  ResidentSetSize of job (KB)
...
006 (6852753.000.000) 07/01 09:22:40 Image size of job updated: 43525208
	6884  -  MemoryUsage of job (MB)
	7048276  -  ResidentSetSize of job (KB)
...
006 (6852755.000.000) 07/01 09:22:43 Image size of job updated: 40234100
	7499  -  MemoryUsage of job (MB)
	7678976  -  ResidentSetSize of job (KB)
...
006 (6852757.000.000) 07/01 09:27:38 Image size of job updated: 37986652
	8131  -  MemoryUsage of job (MB)
	8326068  -  ResidentSetSize of job (KB)
...
006 (6852758.000.000) 07/01 09:27:39 Image size of job updated: 45313100
	13929  -  MemoryUsage of job (MB)
	14262396  -  ResidentSetSize of job (KB)
...
006 (6852754.000.000) 07/01 09:27:41 Image size of job updated: 41002928
	8374  -  MemoryUsage of job (MB)
	8574128  -  ResidentSetSize of job (KB)
...
006 (6852753.000.000) 07/01 09:27:42 Image size of job updated: 45633700
	6884  -  MemoryUsage of job (MB)
	7048276  -  ResidentSetSize of job (KB)
...
006 (6852755.000.000) 07/01 09:27:43 Image size of job updated: 42328656
	7499  -  MemoryUsage of job (MB)
	7678976  -  ResidentSetSize of job (KB)
...
006 (6852757.000.000) 07/01 09:32:38 Image size of job updated: 40355964
	9345  -  MemoryUsage of job (MB)
	9569240  -  ResidentSetSize of job (KB)
...
006 (6852758.000.000) 07/01 09:32:39 Image size of job updated: 47583580
	13929  -  MemoryUsage of job (MB)
	14262396  -  ResidentSetSize of job (KB)
...
006 (6852754.000.000) 07/01 09:32:42 Image size of job updated: 42946104
	8374  -  MemoryUsage of job (MB)
	8574128  -  ResidentSetSize of job (KB)
...
006 (6852753.000.000) 07/01 09:32:42 Image size of job updated: 47743736
	6884  -  MemoryUsage of job (MB)
	7048276  -  ResidentSetSize of job (KB)
...
006 (6852755.000.000) 07/01 09:32:43 Image size of job updated: 44434568
	7499  -  MemoryUsage of job (MB)
	7678976  -  ResidentSetSize of job (KB)
...
006 (6852757.000.000) 07/01 09:37:38 Image size of job updated: 42360864
	9345  -  MemoryUsage of job (MB)
	9569240  -  ResidentSetSize of job (KB)
...
006 (6852758.000.000) 07/01 09:37:39 Image size of job updated: 49819572
	13929  -  MemoryUsage of job (MB)
	14262396  -  ResidentSetSize of job (KB)
...
006 (6852754.000.000) 07/01 09:37:42 Image size of job updated: 44607596
	8374  -  MemoryUsage of job (MB)
	8574128  -  ResidentSetSize of job (KB)
...
006 (6852753.000.000) 07/01 09:37:42 Image size of job updated: 50032468
	6884  -  MemoryUsage of job (MB)
	7048276  -  ResidentSetSize of job (KB)
...
006 (6852755.000.000) 07/01 09:37:44 Image size of job updated: 46649224
	7499  -  MemoryUsage of job (MB)
	7678976  -  ResidentSetSize of job (KB)
...
006 (6852757.000.000) 07/01 09:42:39 Image size of job updated: 44399192
	9345  -  MemoryUsage of job (MB)
	9569240  -  ResidentSetSize of job (KB)
...
006 (6852758.000.000) 07/01 09:42:40 Image size of job updated: 52114244
	13929  -  MemoryUsage of job (MB)
	14262396  -  ResidentSetSize of job (KB)
...
006 (6852754.000.000) 07/01 09:42:43 Image size of job updated: 46464748
	8374  -  MemoryUsage of job (MB)
	8574128  -  ResidentSetSize of job (KB)
...
006 (6852753.000.000) 07/01 09:42:43 Image size of job updated: 52372928
	6884  -  MemoryUsage of job (MB)
	7048276  -  ResidentSetSize of job (KB)
...
006 (6852755.000.000) 07/01 09:42:44 Image size of job updated: 48764256
	7499  -  MemoryUsage of job (MB)
	7678976  -  ResidentSetSize of job (KB)
...
006 (6852757.000.000) 07/01 09:47:40 Image size of job updated: 46489136
	9345  -  MemoryUsage of job (MB)
	9569240  -  ResidentSetSize of job (KB)
...
006 (6852758.000.000) 07/01 09:47:41 Image size of job updated: 54471408
	13929  -  MemoryUsage of job (MB)
	14262396  -  ResidentSetSize of job (KB)
...
006 (6852754.000.000) 07/01 09:47:44 Image size of job updated: 48087928
	8374  -  MemoryUsage of job (MB)
	8574128  -  ResidentSetSize of job (KB)
...
006 (6852753.000.000) 07/01 09:47:44 Image size of job updated: 54655660
	6884  -  MemoryUsage of job (MB)
	7048276  -  ResidentSetSize of job (KB)
...
006 (6852755.000.000) 07/01 09:47:44 Image size of job updated: 50856456
	7499  -  MemoryUsage of job (MB)
	7678976  -  ResidentSetSize of job (KB)
...
006 (6852757.000.000) 07/01 09:52:40 Image size of job updated: 48422296
	9345  -  MemoryUsage of job (MB)
	9569240  -  ResidentSetSize of job (KB)
...
006 (6852758.000.000) 07/01 09:52:41 Image size of job updated: 56706444
	13929  -  MemoryUsage of job (MB)
	14262396  -  ResidentSetSize of job (KB)
...
006 (6852754.000.000) 07/01 09:52:44 Image size of job updated: 49727348
	8374  -  MemoryUsage of job (MB)
	8574128  -  ResidentSetSize of job (KB)
...
006 (6852753.000.000) 07/01 09:52:44 Image size of job updated: 56694244
	6884  -  MemoryUsage of job (MB)
	7048276  -  ResidentSetSize of job (KB)
...
006 (6852755.000.000) 07/01 09:52:45 Image size of job updated: 52942472
	7499  -  MemoryUsage of job (MB)
	7678976  -  ResidentSetSize of job (KB)
...
006 (6852757.000.000) 07/01 09:57:41 Image size of job updated: 50546900
	9345  -  MemoryUsage of job (MB)
	9569240  -  ResidentSetSize of job (KB)
...
006 (6852758.000.000) 07/01 09:57:42 Image size of job updated: 58943984
	13929  -  MemoryUsage of job (MB)
	14262396  -  ResidentSetSize of job (KB)
...
006 (6852754.000.000) 07/01 09:57:44 Image size of job updated: 51414592
	8374  -  MemoryUsage of job (MB)
	8574128  -  ResidentSetSize of job (KB)
...
006 (6852755.000.000) 07/01 09:57:45 Image size of job updated: 54976832
	7499  -  MemoryUsage of job (MB)
	7678976  -  ResidentSetSize of job (KB)
...
006 (6852753.000.000) 07/01 09:57:45 Image size of job updated: 58876396
	6884  -  MemoryUsage of job (MB)
	7048276  -  ResidentSetSize of job (KB)
...
006 (6852757.000.000) 07/01 10:02:42 Image size of job updated: 52596252
	9345  -  MemoryUsage of job (MB)
	9569240  -  ResidentSetSize of job (KB)
...
006 (6852758.000.000) 07/01 10:02:43 Image size of job updated: 61183648
	13929  -  MemoryUsage of job (MB)
	14262396  -  ResidentSetSize of job (KB)
...
006 (6852754.000.000) 07/01 10:02:45 Image size of job updated: 53013172
	8374  -  MemoryUsage of job (MB)
	8574128  -  ResidentSetSize of job (KB)
...
006 (6852755.000.000) 07/01 10:02:45 Image size of job updated: 56984884
	7499  -  MemoryUsage of job (MB)
	7678976  -  ResidentSetSize of job (KB)
...
006 (6852753.000.000) 07/01 10:02:46 Image size of job updated: 60900156
	6884  -  MemoryUsage of job (MB)
	7048276  -  ResidentSetSize of job (KB)
...
006 (6852757.000.000) 07/01 10:07:42 Image size of job updated: 54640272
	9345  -  MemoryUsage of job (MB)
	9569240  -  ResidentSetSize of job (KB)
...
006 (6852758.000.000) 07/01 10:07:43 Image size of job updated: 63423624
	13929  -  MemoryUsage of job (MB)
	14262396  -  ResidentSetSize of job (KB)
...
006 (6852754.000.000) 07/01 10:07:45 Image size of job updated: 54727152
	8374  -  MemoryUsage of job (MB)
	8574128  -  ResidentSetSize of job (KB)
...
006 (6852753.000.000) 07/01 10:07:46 Image size of job updated: 62974860
	6884  -  MemoryUsage of job (MB)
	7048276  -  ResidentSetSize of job (KB)
...
006 (6852755.000.000) 07/01 10:07:46 Image size of job updated: 59070628
	7499  -  MemoryUsage of job (MB)
	7678976  -  ResidentSetSize of job (KB)
...
006 (6852758.000.000) 07/01 10:12:43 Image size of job updated: 65608176
	13929  -  MemoryUsage of job (MB)
	14262396  -  ResidentSetSize of job (KB)
...
006 (6852757.000.000) 07/01 10:12:43 Image size of job updated: 56622856
	9345  -  MemoryUsage of job (MB)
	9569240  -  ResidentSetSize of job (KB)
...
006 (6852754.000.000) 07/01 10:12:45 Image size of job updated: 56579196
	8442  -  MemoryUsage of job (MB)
	8644540  -  ResidentSetSize of job (KB)
...
006 (6852755.000.000) 07/01 10:12:47 Image size of job updated: 61049800
	7499  -  MemoryUsage of job (MB)
	7678976  -  ResidentSetSize of job (KB)
...
006 (6852753.000.000) 07/01 10:12:47 Image size of job updated: 65167448
	6884  -  MemoryUsage of job (MB)
	7048276  -  ResidentSetSize of job (KB)
...
006 (6852757.000.000) 07/01 10:17:44 Image size of job updated: 58627968
	9345  -  MemoryUsage of job (MB)
	9569240  -  ResidentSetSize of job (KB)
...
006 (6852758.000.000) 07/01 10:17:44 Image size of job updated: 68448944
	13929  -  MemoryUsage of job (MB)
	14262396  -  ResidentSetSize of job (KB)
...
006 (6852754.000.000) 07/01 10:17:47 Image size of job updated: 58308692
	8449  -  MemoryUsage of job (MB)
	8651580  -  ResidentSetSize of job (KB)
...
006 (6852755.000.000) 07/01 10:17:47 Image size of job updated: 63127944
	7499  -  MemoryUsage of job (MB)
	7678976  -  ResidentSetSize of job (KB)
...
006 (6852753.000.000) 07/01 10:17:48 Image size of job updated: 67263540
	6884  -  MemoryUsage of job (MB)
	7048276  -  ResidentSetSize of job (KB)
...
006 (6852757.000.000) 07/01 10:22:44 Image size of job updated: 60768364
	9345  -  MemoryUsage of job (MB)
	9569240  -  ResidentSetSize of job (KB)
...
006 (6852758.000.000) 07/01 10:22:45 Image size of job updated: 71390596
	13929  -  MemoryUsage of job (MB)
	14262396  -  ResidentSetSize of job (KB)
...
006 (6852754.000.000) 07/01 10:22:47 Image size of job updated: 60447640
	9995  -  MemoryUsage of job (MB)
	10234004  -  ResidentSetSize of job (KB)
...
006 (6852755.000.000) 07/01 10:22:47 Image size of job updated: 65079056
	7499  -  MemoryUsage of job (MB)
	7678976  -  ResidentSetSize of job (KB)
...
006 (6852753.000.000) 07/01 10:22:48 Image size of job updated: 67263540
	13189  -  MemoryUsage of job (MB)
	13504948  -  ResidentSetSize of job (KB)
...
006 (6852753.000.000) 07/01 10:27:19 Image size of job updated: 67263540
	13189  -  MemoryUsage of job (MB)
	13504968  -  ResidentSetSize of job (KB)
...
040 (6852753.000.000) 07/01 10:27:19 Started transferring output files
...
040 (6852753.000.000) 07/01 10:27:19 Finished transferring output files
...
005 (6852753.000.000) 07/01 10:27:19 Job terminated.
	(1) Normal termination (return value 0)
		Usr 0 01:55:36, Sys 0 00:03:25  -  Run Remote Usage
		Usr 0 00:00:00, Sys 0 00:00:00  -  Run Local Usage
		Usr 0 01:55:36, Sys 0 00:03:25  -  Total Remote Usage
		Usr 0 00:00:00, Sys 0 00:00:00  -  Total Local Usage
	256732  -  Run Bytes Sent By Job
	10819  -  Run Bytes Received By Job
	256732  -  Total Bytes Sent By Job
	10819  -  Total Bytes Received By Job
	Partitionable Resources :    Usage  Request Allocated 
	   Cpus                 :     0.28        1         1 
	   Disk (KB)            :   282          12   1244954 
	   Memory (MB)          : 13189        2000      2000 

	Job terminated of its own accord at 2024-07-01T08:27:19Z with exit-code 0.
...
006 (6852757.000.000) 07/01 10:27:44 Image size of job updated: 62818612
	9345  -  MemoryUsage of job (MB)
	9569240  -  ResidentSetSize of job (KB)
...
006 (6852758.000.000) 07/01 10:27:45 Image size of job updated: 72076308
	13929  -  MemoryUsage of job (MB)
	14262396  -  ResidentSetSize of job (KB)
...
006 (6852754.000.000) 07/01 10:27:47 Image size of job updated: 62363648
	11401  -  MemoryUsage of job (MB)
	11674388  -  ResidentSetSize of job (KB)
...
006 (6852755.000.000) 07/01 10:27:48 Image size of job updated: 67127560
	7499  -  MemoryUsage of job (MB)
	7678976  -  ResidentSetSize of job (KB)
...
006 (6852757.000.000) 07/01 10:32:46 Image size of job updated: 64867872
	9345  -  MemoryUsage of job (MB)
	9569240  -  ResidentSetSize of job (KB)
...
006 (6852755.000.000) 07/01 10:32:48 Image size of job updated: 67253172
	9034  -  MemoryUsage of job (MB)
	9250764  -  ResidentSetSize of job (KB)
...
006 (6852754.000.000) 07/01 10:32:48 Image size of job updated: 64188348
	12352  -  MemoryUsage of job (MB)
	12648004  -  ResidentSetSize of job (KB)
...
040 (6852758.000.000) 07/01 10:34:16 Started transferring output files
...
040 (6852758.000.000) 07/01 10:34:16 Finished transferring output files
...
005 (6852758.000.000) 07/01 10:34:16 Job terminated.
	(1) Normal termination (return value 0)
		Usr 0 02:00:25, Sys 0 00:03:37  -  Run Remote Usage
		Usr 0 00:00:00, Sys 0 00:00:00  -  Run Local Usage
		Usr 0 02:00:25, Sys 0 00:03:37  -  Total Remote Usage
		Usr 0 00:00:00, Sys 0 00:00:00  -  Total Local Usage
	255907  -  Run Bytes Sent By Job
	10819  -  Run Bytes Received By Job
	255907  -  Total Bytes Sent By Job
	10819  -  Total Bytes Received By Job
	Partitionable Resources :    Usage  Request Allocated 
	   Cpus                 :     0.34        1         1 
	   Disk (KB)            :   281          12   1280641 
	   Memory (MB)          : 13929        2000      2000 

	Job terminated of its own accord at 2024-07-01T08:34:16Z with exit-code 0.
...
006 (6852757.000.000) 07/01 10:37:46 Image size of job updated: 67551368
	9345  -  MemoryUsage of job (MB)
	9569240  -  ResidentSetSize of job (KB)
...
006 (6852755.000.000) 07/01 10:37:48 Image size of job updated: 67253172
	9035  -  MemoryUsage of job (MB)
	9250848  -  ResidentSetSize of job (KB)
...
006 (6852754.000.000) 07/01 10:37:49 Image size of job updated: 65979512
	13544  -  MemoryUsage of job (MB)
	13868148  -  ResidentSetSize of job (KB)
...
040 (6852755.000.000) 07/01 10:39:08 Started transferring output files
...
040 (6852755.000.000) 07/01 10:39:08 Finished transferring output files
...
005 (6852755.000.000) 07/01 10:39:08 Job terminated.
	(1) Normal termination (return value 0)
		Usr 0 02:02:27, Sys 0 00:03:10  -  Run Remote Usage
		Usr 0 00:00:00, Sys 0 00:00:00  -  Run Local Usage
		Usr 0 02:02:27, Sys 0 00:03:10  -  Total Remote Usage
		Usr 0 00:00:00, Sys 0 00:00:00  -  Total Local Usage
	256732  -  Run Bytes Sent By Job
	10819  -  Run Bytes Received By Job
	256732  -  Total Bytes Sent By Job
	10819  -  Total Bytes Received By Job
	Partitionable Resources :    Usage  Request Allocated 
	   Cpus                 :     0.20        1         1 
	   Disk (KB)            :   282          12   2882861 
	   Memory (MB)          :  9035        2000      2000 

	Job terminated of its own accord at 2024-07-01T08:39:08Z with exit-code 0.
...
006 (6852757.000.000) 07/01 10:42:46 Image size of job updated: 69912796
	9345  -  MemoryUsage of job (MB)
	9569240  -  ResidentSetSize of job (KB)
...
006 (6852754.000.000) 07/01 10:42:49 Image size of job updated: 67258152
	15907  -  MemoryUsage of job (MB)
	16288412  -  ResidentSetSize of job (KB)
...
006 (6852757.000.000) 07/01 10:47:47 Image size of job updated: 72008644
	9345  -  MemoryUsage of job (MB)
	9569240  -  ResidentSetSize of job (KB)
...
006 (6852754.000.000) 07/01 10:47:49 Image size of job updated: 67258152
	24815  -  MemoryUsage of job (MB)
	25410064  -  ResidentSetSize of job (KB)
...
006 (6852754.000.000) 07/01 10:48:02 Image size of job updated: 67258152
	24815  -  MemoryUsage of job (MB)
	25410164  -  ResidentSetSize of job (KB)
...
040 (6852754.000.000) 07/01 10:48:02 Started transferring output files
...
040 (6852754.000.000) 07/01 10:48:02 Finished transferring output files
...
005 (6852754.000.000) 07/01 10:48:02 Job terminated.
	(1) Normal termination (return value 0)
		Usr 0 01:59:46, Sys 0 00:03:04  -  Run Remote Usage
		Usr 0 00:00:00, Sys 0 00:00:00  -  Run Local Usage
		Usr 0 01:59:46, Sys 0 00:03:04  -  Total Remote Usage
		Usr 0 00:00:00, Sys 0 00:00:00  -  Total Local Usage
	256732  -  Run Bytes Sent By Job
	10819  -  Run Bytes Received By Job
	256732  -  Total Bytes Sent By Job
	10819  -  Total Bytes Received By Job
	Partitionable Resources :    Usage  Request Allocated 
	   Cpus                 :     0.78        1         1 
	   Disk (KB)            :   282          12   1274987 
	   Memory (MB)          : 24815        2000      2000 

	Job terminated of its own accord at 2024-07-01T08:48:02Z with exit-code 0.
...
006 (6852757.000.000) 07/01 10:52:48 Image size of job updated: 72008644
	13981  -  MemoryUsage of job (MB)
	14315596  -  ResidentSetSize of job (KB)
...
006 (6852757.000.000) 07/01 10:55:24 Image size of job updated: 72008644
	13981  -  MemoryUsage of job (MB)
	14315720  -  ResidentSetSize of job (KB)
...
040 (6852757.000.000) 07/01 10:55:24 Started transferring output files
...
040 (6852757.000.000) 07/01 10:55:24 Finished transferring output files
...
005 (6852757.000.000) 07/01 10:55:24 Job terminated.
	(1) Normal termination (return value 0)
		Usr 0 02:06:25, Sys 0 00:03:27  -  Run Remote Usage
		Usr 0 00:00:00, Sys 0 00:00:00  -  Run Local Usage
		Usr 0 02:06:25, Sys 0 00:03:27  -  Total Remote Usage
		Usr 0 00:00:00, Sys 0 00:00:00  -  Total Local Usage
	255907  -  Run Bytes Sent By Job
	10819  -  Run Bytes Received By Job
	255907  -  Total Bytes Sent By Job
	10819  -  Total Bytes Received By Job
	Partitionable Resources :    Usage  Request Allocated 
	   Cpus                 :     0.31        1         1 
	   Disk (KB)            :   281          12   1239994 
	   Memory (MB)          : 13981        2000      2000 

	Job terminated of its own accord at 2024-07-01T08:55:24Z with exit-code 0.
...
000 (6853781.000.000) 07/01 14:07:15 Job submitted from host: <137.138.55.115:9618?addrs=137.138.55.115-9618+[2001-1458-d00-17--12a]-9618&alias=bigbird23.cern.ch&noUDP&sock=schedd_23881_f548>
...
040 (6853781.000.000) 07/01 14:16:11 Started transferring input files
	Transferring to host: <128.142.59.62:9618?addrs=128.142.59.62-9618+[2001-1458-301-21--100-3d]-9618&alias=b7s04p2250.cern.ch&noUDP&sock=slot1_5_5720_01e2_102281>
...
040 (6853781.000.000) 07/01 14:16:11 Finished transferring input files
...
001 (6853781.000.000) 07/01 14:16:12 Job executing on host: <128.142.59.62:9618?addrs=128.142.59.62-9618+[2001-1458-301-21--100-3d]-9618&alias=b7s04p2250.cern.ch&noUDP&sock=startd_4346_92af>
	SlotName: slot1_5@b7s04p2250.cern.ch
...
006 (6853781.000.000) 07/01 14:16:21 Image size of job updated: 272256
	9  -  MemoryUsage of job (MB)
	8720  -  ResidentSetSize of job (KB)
...
006 (6853781.000.000) 07/01 14:21:22 Image size of job updated: 7046904
	3332  -  MemoryUsage of job (MB)
	3411432  -  ResidentSetSize of job (KB)
...
006 (6853781.000.000) 07/01 14:26:23 Image size of job updated: 12926136
	3332  -  MemoryUsage of job (MB)
	3411432  -  ResidentSetSize of job (KB)
...
006 (6853781.000.000) 07/01 14:31:23 Image size of job updated: 18816096
	3443  -  MemoryUsage of job (MB)
	3524972  -  ResidentSetSize of job (KB)
...
006 (6853781.000.000) 07/01 14:36:24 Image size of job updated: 24940896
	3443  -  MemoryUsage of job (MB)
	3524972  -  ResidentSetSize of job (KB)
...
006 (6853781.000.000) 07/01 14:41:25 Image size of job updated: 30844048
	3443  -  MemoryUsage of job (MB)
	3524972  -  ResidentSetSize of job (KB)
...
006 (6853781.000.000) 07/01 14:46:25 Image size of job updated: 36966648
	3443  -  MemoryUsage of job (MB)
	3524972  -  ResidentSetSize of job (KB)
...
006 (6853781.000.000) 07/01 14:51:25 Image size of job updated: 43084688
	3443  -  MemoryUsage of job (MB)
	3524972  -  ResidentSetSize of job (KB)
...
000 (6853819.000.000) 07/01 14:54:09 Job submitted from host: <137.138.55.115:9618?addrs=137.138.55.115-9618+[2001-1458-d00-17--12a]-9618&alias=bigbird23.cern.ch&noUDP&sock=schedd_23881_f548>
...
006 (6853781.000.000) 07/01 14:56:26 Image size of job updated: 49195260
	3443  -  MemoryUsage of job (MB)
	3524972  -  ResidentSetSize of job (KB)
...
040 (6853819.000.000) 07/01 14:57:22 Started transferring input files
	Transferring to host: <128.142.57.72:9618?addrs=128.142.57.72-9618&alias=b7s02p9503.cern.ch&noUDP&sock=slot1_24_6927_72b3_184334>
...
040 (6853819.000.000) 07/01 14:57:23 Finished transferring input files
...
001 (6853819.000.000) 07/01 14:57:24 Job executing on host: <128.142.57.72:9618?addrs=128.142.57.72-9618&alias=b7s02p9503.cern.ch&noUDP&sock=startd_6863_0690>
	SlotName: slot1_24@b7s02p9503.cern.ch
...
006 (6853819.000.000) 07/01 14:57:33 Image size of job updated: 279080
	132  -  MemoryUsage of job (MB)
	134428  -  ResidentSetSize of job (KB)
...
006 (6853781.000.000) 07/01 15:01:27 Image size of job updated: 55083276
	3443  -  MemoryUsage of job (MB)
	3524972  -  ResidentSetSize of job (KB)
...
006 (6853819.000.000) 07/01 15:02:34 Image size of job updated: 8644416
	3655  -  MemoryUsage of job (MB)
	3742440  -  ResidentSetSize of job (KB)
...
006 (6853781.000.000) 07/01 15:06:27 Image size of job updated: 60989880
	3443  -  MemoryUsage of job (MB)
	3524972  -  ResidentSetSize of job (KB)
...
006 (6853819.000.000) 07/01 15:07:35 Image size of job updated: 15432360
	4974  -  MemoryUsage of job (MB)
	5092716  -  ResidentSetSize of job (KB)
...
006 (6853781.000.000) 07/01 15:11:27 Image size of job updated: 66882632
	3443  -  MemoryUsage of job (MB)
	3524972  -  ResidentSetSize of job (KB)
...
006 (6853819.000.000) 07/01 15:12:35 Image size of job updated: 22248952
	6285  -  MemoryUsage of job (MB)
	6435428  -  ResidentSetSize of job (KB)
...
006 (6853781.000.000) 07/01 15:16:28 Image size of job updated: 72791132
	3443  -  MemoryUsage of job (MB)
	3524972  -  ResidentSetSize of job (KB)
...
006 (6853819.000.000) 07/01 15:17:35 Image size of job updated: 28817424
	7583  -  MemoryUsage of job (MB)
	7764420  -  ResidentSetSize of job (KB)
...
006 (6853781.000.000) 07/01 15:21:29 Image size of job updated: 78670436
	3443  -  MemoryUsage of job (MB)
	3524972  -  ResidentSetSize of job (KB)
...
006 (6853819.000.000) 07/01 15:22:36 Image size of job updated: 35165632
	7923  -  MemoryUsage of job (MB)
	8112692  -  ResidentSetSize of job (KB)
...
006 (6853781.000.000) 07/01 15:26:29 Image size of job updated: 84347524
	3817  -  MemoryUsage of job (MB)
	3908036  -  ResidentSetSize of job (KB)
...
006 (6853819.000.000) 07/01 15:27:36 Image size of job updated: 41058588
	7923  -  MemoryUsage of job (MB)
	8112692  -  ResidentSetSize of job (KB)
...
006 (6853781.000.000) 07/01 15:31:30 Image size of job updated: 90273348
	3817  -  MemoryUsage of job (MB)
	3908036  -  ResidentSetSize of job (KB)
...
006 (6853819.000.000) 07/01 15:32:36 Image size of job updated: 47115960
	7923  -  MemoryUsage of job (MB)
	8112692  -  ResidentSetSize of job (KB)
...
006 (6853781.000.000) 07/01 15:36:31 Image size of job updated: 95480204
	3817  -  MemoryUsage of job (MB)
	3908036  -  ResidentSetSize of job (KB)
...
006 (6853819.000.000) 07/01 15:37:37 Image size of job updated: 53300056
	7975  -  MemoryUsage of job (MB)
	8165500  -  ResidentSetSize of job (KB)
...
006 (6853781.000.000) 07/01 15:41:31 Image size of job updated: 100922628
	3817  -  MemoryUsage of job (MB)
	3908036  -  ResidentSetSize of job (KB)
...
006 (6853819.000.000) 07/01 15:42:37 Image size of job updated: 59414240
	8110  -  MemoryUsage of job (MB)
	8304108  -  ResidentSetSize of job (KB)
...
006 (6853781.000.000) 07/01 15:46:31 Image size of job updated: 105917052
	3817  -  MemoryUsage of job (MB)
	3908036  -  ResidentSetSize of job (KB)
...
006 (6853819.000.000) 07/01 15:47:37 Image size of job updated: 65543560
	9364  -  MemoryUsage of job (MB)
	9588204  -  ResidentSetSize of job (KB)
...
006 (6853781.000.000) 07/01 15:51:32 Image size of job updated: 110663212
	3817  -  MemoryUsage of job (MB)
	3908036  -  ResidentSetSize of job (KB)
...
006 (6853819.000.000) 07/01 15:52:39 Image size of job updated: 71674128
	9364  -  MemoryUsage of job (MB)
	9588204  -  ResidentSetSize of job (KB)
...
006 (6853781.000.000) 07/01 15:56:32 Image size of job updated: 115209856
	3817  -  MemoryUsage of job (MB)
	3908036  -  ResidentSetSize of job (KB)
...
006 (6853819.000.000) 07/01 15:57:39 Image size of job updated: 77547136
	9364  -  MemoryUsage of job (MB)
	9588204  -  ResidentSetSize of job (KB)
...
006 (6853781.000.000) 07/01 16:01:32 Image size of job updated: 119538300
	3817  -  MemoryUsage of job (MB)
	3908036  -  ResidentSetSize of job (KB)
...
006 (6853819.000.000) 07/01 16:02:39 Image size of job updated: 83691336
	9817  -  MemoryUsage of job (MB)
	10051656  -  ResidentSetSize of job (KB)
...
006 (6853781.000.000) 07/01 16:06:33 Image size of job updated: 124287952
	3817  -  MemoryUsage of job (MB)
	3908036  -  ResidentSetSize of job (KB)
...
006 (6853819.000.000) 07/01 16:07:40 Image size of job updated: 89781652
	9817  -  MemoryUsage of job (MB)
	10051656  -  ResidentSetSize of job (KB)
...
006 (6853781.000.000) 07/01 16:11:33 Image size of job updated: 128820420
	3817  -  MemoryUsage of job (MB)
	3908036  -  ResidentSetSize of job (KB)
...
006 (6853819.000.000) 07/01 16:12:41 Image size of job updated: 94771984
	9817  -  MemoryUsage of job (MB)
	10051656  -  ResidentSetSize of job (KB)
...
006 (6853781.000.000) 07/01 16:16:33 Image size of job updated: 134015336
	3817  -  MemoryUsage of job (MB)
	3908036  -  ResidentSetSize of job (KB)
...
006 (6853819.000.000) 07/01 16:17:41 Image size of job updated: 100237632
	9817  -  MemoryUsage of job (MB)
	10051656  -  ResidentSetSize of job (KB)
...
006 (6853781.000.000) 07/01 16:21:34 Image size of job updated: 139050724
	3817  -  MemoryUsage of job (MB)
	3908036  -  ResidentSetSize of job (KB)
...
006 (6853819.000.000) 07/01 16:22:42 Image size of job updated: 106341476
	9817  -  MemoryUsage of job (MB)
	10051656  -  ResidentSetSize of job (KB)
...
006 (6853781.000.000) 07/01 16:26:35 Image size of job updated: 144462704
	4227  -  MemoryUsage of job (MB)
	4328072  -  ResidentSetSize of job (KB)
...
006 (6853819.000.000) 07/01 16:27:43 Image size of job updated: 112036812
	9817  -  MemoryUsage of job (MB)
	10051656  -  ResidentSetSize of job (KB)
...
006 (6853781.000.000) 07/01 16:31:35 Image size of job updated: 149902128
	5431  -  MemoryUsage of job (MB)
	5561164  -  ResidentSetSize of job (KB)
...
006 (6853819.000.000) 07/01 16:32:43 Image size of job updated: 117940160
	9817  -  MemoryUsage of job (MB)
	10051656  -  ResidentSetSize of job (KB)
...
006 (6853781.000.000) 07/01 16:36:36 Image size of job updated: 155359272
	6509  -  MemoryUsage of job (MB)
	6664324  -  ResidentSetSize of job (KB)
...
006 (6853819.000.000) 07/01 16:37:44 Image size of job updated: 123721960
	9817  -  MemoryUsage of job (MB)
	10051656  -  ResidentSetSize of job (KB)
...
006 (6853781.000.000) 07/01 16:41:37 Image size of job updated: 160543620
	6509  -  MemoryUsage of job (MB)
	6664324  -  ResidentSetSize of job (KB)
...
006 (6853819.000.000) 07/01 16:42:45 Image size of job updated: 129713632
	9817  -  MemoryUsage of job (MB)
	10051656  -  ResidentSetSize of job (KB)
...
006 (6853781.000.000) 07/01 16:46:37 Image size of job updated: 165526304
	6509  -  MemoryUsage of job (MB)
	6664324  -  ResidentSetSize of job (KB)
...
006 (6853819.000.000) 07/01 16:47:45 Image size of job updated: 135717652
	9817  -  MemoryUsage of job (MB)
	10051656  -  ResidentSetSize of job (KB)
...
006 (6853781.000.000) 07/01 16:51:38 Image size of job updated: 171208604
	6509  -  MemoryUsage of job (MB)
	6664324  -  ResidentSetSize of job (KB)
...
006 (6853819.000.000) 07/01 16:52:45 Image size of job updated: 141960292
	9817  -  MemoryUsage of job (MB)
	10051656  -  ResidentSetSize of job (KB)
...
006 (6853781.000.000) 07/01 16:56:39 Image size of job updated: 176622612
	6509  -  MemoryUsage of job (MB)
	6664324  -  ResidentSetSize of job (KB)
...
006 (6853819.000.000) 07/01 16:57:46 Image size of job updated: 147879652
	9817  -  MemoryUsage of job (MB)
	10051656  -  ResidentSetSize of job (KB)
...
006 (6853781.000.000) 07/01 17:01:39 Image size of job updated: 182066000
	6509  -  MemoryUsage of job (MB)
	6664324  -  ResidentSetSize of job (KB)
...
006 (6853819.000.000) 07/01 17:02:46 Image size of job updated: 153981000
	9817  -  MemoryUsage of job (MB)
	10051656  -  ResidentSetSize of job (KB)
...
006 (6853781.000.000) 07/01 17:06:39 Image size of job updated: 187279936
	7385  -  MemoryUsage of job (MB)
	7561976  -  ResidentSetSize of job (KB)
...
006 (6853819.000.000) 07/01 17:07:46 Image size of job updated: 159637816
	9817  -  MemoryUsage of job (MB)
	10051656  -  ResidentSetSize of job (KB)
...
006 (6853781.000.000) 07/01 17:11:40 Image size of job updated: 193174512
	7385  -  MemoryUsage of job (MB)
	7561976  -  ResidentSetSize of job (KB)
...
006 (6853819.000.000) 07/01 17:12:47 Image size of job updated: 165763392
	9817  -  MemoryUsage of job (MB)
	10051656  -  ResidentSetSize of job (KB)
...
006 (6853781.000.000) 07/01 17:16:40 Image size of job updated: 198857224
	7385  -  MemoryUsage of job (MB)
	7561976  -  ResidentSetSize of job (KB)
...
006 (6853819.000.000) 07/01 17:17:48 Image size of job updated: 171437948
	9817  -  MemoryUsage of job (MB)
	10051656  -  ResidentSetSize of job (KB)
...
006 (6853781.000.000) 07/01 17:21:40 Image size of job updated: 204739320
	7385  -  MemoryUsage of job (MB)
	7561976  -  ResidentSetSize of job (KB)
...
006 (6853819.000.000) 07/01 17:22:48 Image size of job updated: 177516616
	9817  -  MemoryUsage of job (MB)
	10051656  -  ResidentSetSize of job (KB)
...
006 (6853781.000.000) 07/01 17:26:41 Image size of job updated: 210854960
	7698  -  MemoryUsage of job (MB)
	7881840  -  ResidentSetSize of job (KB)
...
006 (6853819.000.000) 07/01 17:27:49 Image size of job updated: 183479620
	9817  -  MemoryUsage of job (MB)
	10051656  -  ResidentSetSize of job (KB)
...
006 (6853781.000.000) 07/01 17:31:41 Image size of job updated: 217005628
	8640  -  MemoryUsage of job (MB)
	8846712  -  ResidentSetSize of job (KB)
...
006 (6853819.000.000) 07/01 17:32:50 Image size of job updated: 189532100
	9817  -  MemoryUsage of job (MB)
	10051656  -  ResidentSetSize of job (KB)
...
006 (6853781.000.000) 07/01 17:36:41 Image size of job updated: 223330116
	9545  -  MemoryUsage of job (MB)
	9773712  -  ResidentSetSize of job (KB)
...
006 (6853819.000.000) 07/01 17:37:50 Image size of job updated: 195436032
	9817  -  MemoryUsage of job (MB)
	10051656  -  ResidentSetSize of job (KB)
...
006 (6853781.000.000) 07/01 17:41:43 Image size of job updated: 228399928
	9545  -  MemoryUsage of job (MB)
	9773712  -  ResidentSetSize of job (KB)
...
006 (6853819.000.000) 07/01 17:42:51 Image size of job updated: 201334632
	9817  -  MemoryUsage of job (MB)
	10051656  -  ResidentSetSize of job (KB)
...
006 (6853781.000.000) 07/01 17:46:43 Image size of job updated: 230809344
	9545  -  MemoryUsage of job (MB)
	9773712  -  ResidentSetSize of job (KB)
...
006 (6853819.000.000) 07/01 17:47:52 Image size of job updated: 207222592
	10576  -  MemoryUsage of job (MB)
	10829484  -  ResidentSetSize of job (KB)
...
006 (6853819.000.000) 07/01 17:52:52 Image size of job updated: 213341688
	11730  -  MemoryUsage of job (MB)
	12011192  -  ResidentSetSize of job (KB)
...
040 (6853781.000.000) 07/01 17:53:22 Started transferring output files
...
040 (6853781.000.000) 07/01 17:53:23 Finished transferring output files
...
005 (6853781.000.000) 07/01 17:53:23 Job terminated.
	(1) Normal termination (return value 0)
		Usr 0 02:45:41, Sys 0 00:04:19  -  Run Remote Usage
		Usr 0 00:00:00, Sys 0 00:00:00  -  Run Local Usage
		Usr 0 02:45:41, Sys 0 00:04:19  -  Total Remote Usage
		Usr 0 00:00:00, Sys 0 00:00:00  -  Total Local Usage
	1953443  -  Run Bytes Sent By Job
	10815  -  Run Bytes Received By Job
	1953443  -  Total Bytes Sent By Job
	10815  -  Total Bytes Received By Job
	Partitionable Resources :    Usage  Request Allocated 
	   Cpus                 :     0.32        1         1 
	   Disk (KB)            :  1939          12   1300566 
	   Memory (MB)          :  9545        2000      2000 

	Job terminated of its own accord at 2024-07-01T15:53:22Z with exit-code 0.
...
006 (6853819.000.000) 07/01 17:57:52 Image size of job updated: 219913192
	12976  -  MemoryUsage of job (MB)
	13286512  -  ResidentSetSize of job (KB)
...
006 (6853819.000.000) 07/01 18:02:53 Image size of job updated: 226483276
	14251  -  MemoryUsage of job (MB)
	14592964  -  ResidentSetSize of job (KB)
...
006 (6853819.000.000) 07/01 18:07:54 Image size of job updated: 230585492
	19213  -  MemoryUsage of job (MB)
	19673856  -  ResidentSetSize of job (KB)
...
006 (6853819.000.000) 07/01 18:10:51 Image size of job updated: 230585492
	19213  -  MemoryUsage of job (MB)
	19673928  -  ResidentSetSize of job (KB)
...
040 (6853819.000.000) 07/01 18:10:51 Started transferring output files
...
040 (6853819.000.000) 07/01 18:10:51 Finished transferring output files
...
005 (6853819.000.000) 07/01 18:10:51 Job terminated.
	(1) Normal termination (return value 0)
		Usr 0 02:33:42, Sys 0 00:03:19  -  Run Remote Usage
		Usr 0 00:00:00, Sys 0 00:00:00  -  Run Local Usage
		Usr 0 02:33:42, Sys 0 00:03:19  -  Total Remote Usage
		Usr 0 00:00:00, Sys 0 00:00:00  -  Total Local Usage
	1971807  -  Run Bytes Sent By Job
	10815  -  Run Bytes Received By Job
	1971807  -  Total Bytes Sent By Job
	10815  -  Total Bytes Received By Job
	Partitionable Resources :    Usage  Request Allocated 
	   Cpus                 :     0.87        1         1 
	   Disk (KB)            :  1956          12   1270198 
	   Memory (MB)          : 19213        2000      2000 

	Job terminated of its own accord at 2024-07-01T16:10:51Z with exit-code 0.
...
