000 (6753372.000.000) 06/10 18:32:07 Job submitted from host: <137.138.55.115:9618?addrs=137.138.55.115-9618+[2001-1458-d00-17--12a]-9618&alias=bigbird23.cern.ch&noUDP&sock=schedd_23881_f548>
...
040 (6753372.000.000) 06/10 18:34:03 Started transferring input files
	Transferring to host: <128.142.59.96:9618?addrs=128.142.59.96-9618&alias=b7s04p2364.cern.ch&noUDP&sock=slot1_14_7479_61c9_161930>
...
040 (6753372.000.000) 06/10 18:34:03 Finished transferring input files
...
001 (6753372.000.000) 06/10 18:34:04 Job executing on host: <128.142.59.96:9618?addrs=128.142.59.96-9618&alias=b7s04p2364.cern.ch&noUDP&sock=startd_7432_4ff3>
	SlotName: slot1_14@b7s04p2364.cern.ch
...
006 (6753372.000.000) 06/10 18:34:12 Image size of job updated: 823172
	157  -  MemoryUsage of job (MB)
	160108  -  ResidentSetSize of job (KB)
...
006 (6753372.000.000) 06/10 18:39:12 Image size of job updated: 987752
	232  -  MemoryUsage of job (MB)
	237016  -  ResidentSetSize of job (KB)
...
006 (6753372.000.000) 06/10 18:44:13 Image size of job updated: 1023964
	255  -  MemoryUsage of job (MB)
	260220  -  ResidentSetSize of job (KB)
...
006 (6753372.000.000) 06/10 18:49:14 Image size of job updated: 1030748
	279  -  MemoryUsage of job (MB)
	285032  -  ResidentSetSize of job (KB)
...
006 (6753372.000.000) 06/10 18:54:14 Image size of job updated: 1030748
	282  -  MemoryUsage of job (MB)
	288188  -  ResidentSetSize of job (KB)
...
006 (6753372.000.000) 06/10 18:59:15 Image size of job updated: 1038652
	308  -  MemoryUsage of job (MB)
	315016  -  ResidentSetSize of job (KB)
...
006 (6753372.000.000) 06/10 19:04:16 Image size of job updated: 1048644
	317  -  MemoryUsage of job (MB)
	324320  -  ResidentSetSize of job (KB)
...
006 (6753372.000.000) 06/10 19:09:16 Image size of job updated: 1057972
	317  -  MemoryUsage of job (MB)
	324320  -  ResidentSetSize of job (KB)
...
006 (6753372.000.000) 06/10 19:14:16 Image size of job updated: 1067120
	322  -  MemoryUsage of job (MB)
	329560  -  ResidentSetSize of job (KB)
...
006 (6753372.000.000) 06/10 19:19:17 Image size of job updated: 1075824
	331  -  MemoryUsage of job (MB)
	338248  -  ResidentSetSize of job (KB)
...
006 (6753372.000.000) 06/10 19:24:18 Image size of job updated: 1083820
	346  -  MemoryUsage of job (MB)
	353576  -  ResidentSetSize of job (KB)
...
006 (6753372.000.000) 06/10 19:29:18 Image size of job updated: 1092076
	352  -  MemoryUsage of job (MB)
	359972  -  ResidentSetSize of job (KB)
...
006 (6753372.000.000) 06/10 19:34:19 Image size of job updated: 1099912
	352  -  MemoryUsage of job (MB)
	359972  -  ResidentSetSize of job (KB)
...
006 (6753372.000.000) 06/10 19:39:20 Image size of job updated: 1107592
	352  -  MemoryUsage of job (MB)
	359972  -  ResidentSetSize of job (KB)
...
006 (6753372.000.000) 06/10 19:44:20 Image size of job updated: 1115168
	352  -  MemoryUsage of job (MB)
	360124  -  ResidentSetSize of job (KB)
...
006 (6753372.000.000) 06/10 19:49:20 Image size of job updated: 1121932
	360  -  MemoryUsage of job (MB)
	368164  -  ResidentSetSize of job (KB)
...
006 (6753372.000.000) 06/10 19:54:21 Image size of job updated: 1128184
	360  -  MemoryUsage of job (MB)
	368164  -  ResidentSetSize of job (KB)
...
006 (6753372.000.000) 06/10 19:59:22 Image size of job updated: 1134308
	379  -  MemoryUsage of job (MB)
	388064  -  ResidentSetSize of job (KB)
...
006 (6753372.000.000) 06/10 20:04:22 Image size of job updated: 1140188
	409  -  MemoryUsage of job (MB)
	418608  -  ResidentSetSize of job (KB)
...
006 (6753372.000.000) 06/10 20:09:23 Image size of job updated: 1146092
	416  -  MemoryUsage of job (MB)
	425636  -  ResidentSetSize of job (KB)
...
006 (6753372.000.000) 06/10 20:14:24 Image size of job updated: 1151404
	420  -  MemoryUsage of job (MB)
	429992  -  ResidentSetSize of job (KB)
...
006 (6753372.000.000) 06/10 20:17:25 Image size of job updated: 1154644
	420  -  MemoryUsage of job (MB)
	429992  -  ResidentSetSize of job (KB)
...
040 (6753372.000.000) 06/10 20:17:25 Started transferring output files
...
040 (6753372.000.000) 06/10 20:17:25 Finished transferring output files
...
005 (6753372.000.000) 06/10 20:17:25 Job terminated.
	(1) Normal termination (return value 0)
		Usr 0 00:32:20, Sys 0 01:10:46  -  Run Remote Usage
		Usr 0 00:00:00, Sys 0 00:00:00  -  Run Local Usage
		Usr 0 00:32:20, Sys 0 01:10:46  -  Total Remote Usage
		Usr 0 00:00:00, Sys 0 00:00:00  -  Total Local Usage
	41662  -  Run Bytes Sent By Job
	10932  -  Run Bytes Received By Job
	41662  -  Total Bytes Sent By Job
	10932  -  Total Bytes Received By Job
	Partitionable Resources :    Usage  Request Allocated 
	   Cpus                 :     1.00        1         1 
	   Disk (KB)            :    72          12    904739 
	   Memory (MB)          :   420        2000      2000 

	Job terminated of its own accord at 2024-06-10T18:17:25Z with exit-code 0.
...
000 (6781839.000.000) 06/16 18:29:29 Job submitted from host: <137.138.55.115:9618?addrs=137.138.55.115-9618+[2001-1458-d00-17--12a]-9618&alias=bigbird23.cern.ch&noUDP&sock=schedd_23881_f548>
...
040 (6781839.000.000) 06/16 18:56:03 Started transferring input files
	Transferring to host: <128.142.59.112:9618?addrs=128.142.59.112-9618&alias=b7s04p8697.cern.ch&noUDP&sock=slot1_19_6951_5bb4_167327>
...
040 (6781839.000.000) 06/16 18:56:03 Finished transferring input files
...
001 (6781839.000.000) 06/16 18:56:04 Job executing on host: <128.142.59.112:9618?addrs=128.142.59.112-9618&alias=b7s04p8697.cern.ch&noUDP&sock=startd_6864_b628>
	SlotName: slot1_19@b7s04p8697.cern.ch
...
006 (6781839.000.000) 06/16 18:56:13 Image size of job updated: 915844
	157  -  MemoryUsage of job (MB)
	160352  -  ResidentSetSize of job (KB)
...
006 (6781839.000.000) 06/16 19:01:14 Image size of job updated: 973700
	232  -  MemoryUsage of job (MB)
	236892  -  ResidentSetSize of job (KB)
...
006 (6781839.000.000) 06/16 19:06:15 Image size of job updated: 1001272
	251  -  MemoryUsage of job (MB)
	256340  -  ResidentSetSize of job (KB)
...
006 (6781839.000.000) 06/16 19:11:15 Image size of job updated: 1040388
	271  -  MemoryUsage of job (MB)
	276952  -  ResidentSetSize of job (KB)
...
006 (6781839.000.000) 06/16 19:16:15 Image size of job updated: 1040388
	303  -  MemoryUsage of job (MB)
	309352  -  ResidentSetSize of job (KB)
...
006 (6781839.000.000) 06/16 19:21:16 Image size of job updated: 1040388
	324  -  MemoryUsage of job (MB)
	330780  -  ResidentSetSize of job (KB)
...
006 (6781839.000.000) 06/16 19:26:16 Image size of job updated: 1049744
	324  -  MemoryUsage of job (MB)
	330780  -  ResidentSetSize of job (KB)
...
006 (6781839.000.000) 06/16 19:31:16 Image size of job updated: 1058700
	334  -  MemoryUsage of job (MB)
	341492  -  ResidentSetSize of job (KB)
...
006 (6781839.000.000) 06/16 19:36:17 Image size of job updated: 1066380
	341  -  MemoryUsage of job (MB)
	348644  -  ResidentSetSize of job (KB)
...
006 (6781839.000.000) 06/16 19:41:18 Image size of job updated: 1074620
	341  -  MemoryUsage of job (MB)
	348644  -  ResidentSetSize of job (KB)
...
006 (6781839.000.000) 06/16 19:46:18 Image size of job updated: 1082608
	341  -  MemoryUsage of job (MB)
	348644  -  ResidentSetSize of job (KB)
...
006 (6781839.000.000) 06/16 19:51:19 Image size of job updated: 1089876
	341  -  MemoryUsage of job (MB)
	348644  -  ResidentSetSize of job (KB)
...
006 (6781839.000.000) 06/16 19:56:19 Image size of job updated: 1096592
	341  -  MemoryUsage of job (MB)
	348644  -  ResidentSetSize of job (KB)
...
006 (6781839.000.000) 06/16 20:01:19 Image size of job updated: 1103388
	344  -  MemoryUsage of job (MB)
	352236  -  ResidentSetSize of job (KB)
...
006 (6781839.000.000) 06/16 20:06:20 Image size of job updated: 1109900
	358  -  MemoryUsage of job (MB)
	365828  -  ResidentSetSize of job (KB)
...
006 (6781839.000.000) 06/16 20:11:21 Image size of job updated: 1118124
	362  -  MemoryUsage of job (MB)
	370672  -  ResidentSetSize of job (KB)
...
006 (6781839.000.000) 06/16 20:16:21 Image size of job updated: 1122168
	369  -  MemoryUsage of job (MB)
	377316  -  ResidentSetSize of job (KB)
...
006 (6781839.000.000) 06/16 20:21:22 Image size of job updated: 1128072
	378  -  MemoryUsage of job (MB)
	386508  -  ResidentSetSize of job (KB)
...
006 (6781839.000.000) 06/16 20:26:23 Image size of job updated: 1133952
	378  -  MemoryUsage of job (MB)
	386508  -  ResidentSetSize of job (KB)
...
006 (6781839.000.000) 06/16 20:31:23 Image size of job updated: 1139824
	396  -  MemoryUsage of job (MB)
	405052  -  ResidentSetSize of job (KB)
...
006 (6781839.000.000) 06/16 20:36:24 Image size of job updated: 1145616
	402  -  MemoryUsage of job (MB)
	411056  -  ResidentSetSize of job (KB)
...
006 (6781839.000.000) 06/16 20:41:25 Image size of job updated: 1150976
	402  -  MemoryUsage of job (MB)
	411056  -  ResidentSetSize of job (KB)
...
006 (6781839.000.000) 06/16 20:45:21 Image size of job updated: 1154932
	402  -  MemoryUsage of job (MB)
	411056  -  ResidentSetSize of job (KB)
...
040 (6781839.000.000) 06/16 20:45:21 Started transferring output files
...
040 (6781839.000.000) 06/16 20:45:21 Finished transferring output files
...
005 (6781839.000.000) 06/16 20:45:21 Job terminated.
	(1) Normal termination (return value 0)
		Usr 0 00:36:52, Sys 0 01:11:55  -  Run Remote Usage
		Usr 0 00:00:00, Sys 0 00:00:00  -  Run Local Usage
		Usr 0 00:36:52, Sys 0 01:11:55  -  Total Remote Usage
		Usr 0 00:00:00, Sys 0 00:00:00  -  Total Local Usage
	1280628  -  Run Bytes Sent By Job
	10919  -  Run Bytes Received By Job
	1280628  -  Total Bytes Sent By Job
	10919  -  Total Bytes Received By Job
	Partitionable Resources :    Usage  Request Allocated 
	   Cpus                 :     0.99        1         1 
	   Disk (KB)            :  1282          12   1288341 
	   Memory (MB)          :   402        2000      2000 

	Job terminated of its own accord at 2024-06-16T18:45:21Z with exit-code 0.
...
000 (6806083.000.000) 06/19 23:16:37 Job submitted from host: <137.138.55.115:9618?addrs=137.138.55.115-9618+[2001-1458-d00-17--12a]-9618&alias=bigbird23.cern.ch&noUDP&sock=schedd_23881_f548>
...
040 (6806083.000.000) 06/20 01:43:53 Started transferring input files
	Transferring to host: <128.142.57.149:9618?addrs=128.142.57.149-9618&alias=b7s02p3502.cern.ch&noUDP&sock=slot1_14_7027_e837_170819>
...
040 (6806083.000.000) 06/20 01:43:54 Finished transferring input files
...
001 (6806083.000.000) 06/20 01:43:54 Job executing on host: <128.142.57.149:9618?addrs=128.142.57.149-9618&alias=b7s02p3502.cern.ch&noUDP&sock=startd_6959_dfa7>
	SlotName: slot1_14@b7s02p3502.cern.ch
...
006 (6806083.000.000) 06/20 01:44:03 Image size of job updated: 301180
	150  -  MemoryUsage of job (MB)
	153200  -  ResidentSetSize of job (KB)
...
006 (6806083.000.000) 06/20 01:49:04 Image size of job updated: 980336
	244  -  MemoryUsage of job (MB)
	249788  -  ResidentSetSize of job (KB)
...
006 (6806083.000.000) 06/20 01:54:04 Image size of job updated: 998980
	260  -  MemoryUsage of job (MB)
	265800  -  ResidentSetSize of job (KB)
...
006 (6806083.000.000) 06/20 01:59:05 Image size of job updated: 1035812
	300  -  MemoryUsage of job (MB)
	306428  -  ResidentSetSize of job (KB)
...
006 (6806083.000.000) 06/20 02:09:06 Image size of job updated: 1039088
	300  -  MemoryUsage of job (MB)
	306428  -  ResidentSetSize of job (KB)
...
006 (6806083.000.000) 06/20 02:14:06 Image size of job updated: 1048504
	300  -  MemoryUsage of job (MB)
	306428  -  ResidentSetSize of job (KB)
...
006 (6806083.000.000) 06/20 02:19:07 Image size of job updated: 1057968
	308  -  MemoryUsage of job (MB)
	314456  -  ResidentSetSize of job (KB)
...
006 (6806083.000.000) 06/20 02:24:07 Image size of job updated: 1066888
	313  -  MemoryUsage of job (MB)
	319724  -  ResidentSetSize of job (KB)
...
006 (6806083.000.000) 06/20 02:29:07 Image size of job updated: 1075480
	355  -  MemoryUsage of job (MB)
	363464  -  ResidentSetSize of job (KB)
...
006 (6806083.000.000) 06/20 02:34:08 Image size of job updated: 1082744
	355  -  MemoryUsage of job (MB)
	363464  -  ResidentSetSize of job (KB)
...
006 (6806083.000.000) 06/20 02:39:09 Image size of job updated: 1092160
	355  -  MemoryUsage of job (MB)
	363464  -  ResidentSetSize of job (KB)
...
006 (6806083.000.000) 06/20 02:44:09 Image size of job updated: 1098372
	380  -  MemoryUsage of job (MB)
	388916  -  ResidentSetSize of job (KB)
...
006 (6806083.000.000) 06/20 02:49:10 Image size of job updated: 1105224
	380  -  MemoryUsage of job (MB)
	388916  -  ResidentSetSize of job (KB)
...
006 (6806083.000.000) 06/20 02:54:11 Image size of job updated: 1112248
	387  -  MemoryUsage of job (MB)
	395284  -  ResidentSetSize of job (KB)
...
006 (6806083.000.000) 06/20 02:59:11 Image size of job updated: 1120672
	393  -  MemoryUsage of job (MB)
	401480  -  ResidentSetSize of job (KB)
...
006 (6806083.000.000) 06/20 03:04:11 Image size of job updated: 1126936
	404  -  MemoryUsage of job (MB)
	413028  -  ResidentSetSize of job (KB)
...
006 (6806083.000.000) 06/20 03:09:12 Image size of job updated: 1131512
	410  -  MemoryUsage of job (MB)
	419136  -  ResidentSetSize of job (KB)
...
006 (6806083.000.000) 06/20 03:14:12 Image size of job updated: 1136592
	410  -  MemoryUsage of job (MB)
	419136  -  ResidentSetSize of job (KB)
...
006 (6806083.000.000) 06/20 03:19:12 Image size of job updated: 1141684
	419  -  MemoryUsage of job (MB)
	428692  -  ResidentSetSize of job (KB)
...
006 (6806083.000.000) 06/20 03:24:13 Image size of job updated: 1146908
	424  -  MemoryUsage of job (MB)
	433540  -  ResidentSetSize of job (KB)
...
006 (6806083.000.000) 06/20 03:29:14 Image size of job updated: 1153216
	427  -  MemoryUsage of job (MB)
	437036  -  ResidentSetSize of job (KB)
...
006 (6806083.000.000) 06/20 03:34:14 Image size of job updated: 1158324
	427  -  MemoryUsage of job (MB)
	437036  -  ResidentSetSize of job (KB)
...
006 (6806083.000.000) 06/20 03:39:15 Image size of job updated: 1164356
	441  -  MemoryUsage of job (MB)
	450716  -  ResidentSetSize of job (KB)
...
006 (6806083.000.000) 06/20 03:44:16 Image size of job updated: 1166948
	441  -  MemoryUsage of job (MB)
	450716  -  ResidentSetSize of job (KB)
...
006 (6806083.000.000) 06/20 03:49:16 Image size of job updated: 1173644
	441  -  MemoryUsage of job (MB)
	450716  -  ResidentSetSize of job (KB)
...
006 (6806083.000.000) 06/20 03:54:17 Image size of job updated: 1176224
	441  -  MemoryUsage of job (MB)
	450716  -  ResidentSetSize of job (KB)
...
006 (6806083.000.000) 06/20 03:59:18 Image size of job updated: 1180968
	441  -  MemoryUsage of job (MB)
	450716  -  ResidentSetSize of job (KB)
...
006 (6806083.000.000) 06/20 04:04:18 Image size of job updated: 1185360
	441  -  MemoryUsage of job (MB)
	450716  -  ResidentSetSize of job (KB)
...
006 (6806083.000.000) 06/20 04:09:18 Image size of job updated: 1189992
	441  -  MemoryUsage of job (MB)
	450716  -  ResidentSetSize of job (KB)
...
006 (6806083.000.000) 06/20 04:14:19 Image size of job updated: 1194096
	444  -  MemoryUsage of job (MB)
	454536  -  ResidentSetSize of job (KB)
...
006 (6806083.000.000) 06/20 04:19:19 Image size of job updated: 1198312
	451  -  MemoryUsage of job (MB)
	461516  -  ResidentSetSize of job (KB)
...
006 (6806083.000.000) 06/20 04:24:19 Image size of job updated: 1205372
	478  -  MemoryUsage of job (MB)
	488504  -  ResidentSetSize of job (KB)
...
006 (6806083.000.000) 06/20 04:29:20 Image size of job updated: 1209616
	486  -  MemoryUsage of job (MB)
	497168  -  ResidentSetSize of job (KB)
...
006 (6806083.000.000) 06/20 04:34:20 Image size of job updated: 1212928
	486  -  MemoryUsage of job (MB)
	497168  -  ResidentSetSize of job (KB)
...
006 (6806083.000.000) 06/20 04:39:20 Image size of job updated: 1215956
	486  -  MemoryUsage of job (MB)
	497168  -  ResidentSetSize of job (KB)
...
006 (6806083.000.000) 06/20 04:44:21 Image size of job updated: 1231452
	486  -  MemoryUsage of job (MB)
	497168  -  ResidentSetSize of job (KB)
...
006 (6806083.000.000) 06/20 04:49:22 Image size of job updated: 1234288
	486  -  MemoryUsage of job (MB)
	497168  -  ResidentSetSize of job (KB)
...
006 (6806083.000.000) 06/20 04:54:22 Image size of job updated: 1238976
	486  -  MemoryUsage of job (MB)
	497168  -  ResidentSetSize of job (KB)
...
006 (6806083.000.000) 06/20 04:59:23 Image size of job updated: 1242016
	486  -  MemoryUsage of job (MB)
	497168  -  ResidentSetSize of job (KB)
...
006 (6806083.000.000) 06/20 05:04:24 Image size of job updated: 1244876
	486  -  MemoryUsage of job (MB)
	497168  -  ResidentSetSize of job (KB)
...
006 (6806083.000.000) 06/20 05:09:24 Image size of job updated: 1247248
	486  -  MemoryUsage of job (MB)
	497168  -  ResidentSetSize of job (KB)
...
006 (6806083.000.000) 06/20 05:19:25 Image size of job updated: 1255032
	486  -  MemoryUsage of job (MB)
	497168  -  ResidentSetSize of job (KB)
...
006 (6806083.000.000) 06/20 05:29:25 Image size of job updated: 1259108
	486  -  MemoryUsage of job (MB)
	497168  -  ResidentSetSize of job (KB)
...
006 (6806083.000.000) 06/20 05:34:26 Image size of job updated: 1262932
	486  -  MemoryUsage of job (MB)
	497168  -  ResidentSetSize of job (KB)
...
006 (6806083.000.000) 06/20 05:39:27 Image size of job updated: 1264648
	486  -  MemoryUsage of job (MB)
	497168  -  ResidentSetSize of job (KB)
...
006 (6806083.000.000) 06/20 05:44:27 Image size of job updated: 1270136
	501  -  MemoryUsage of job (MB)
	512836  -  ResidentSetSize of job (KB)
...
006 (6806083.000.000) 06/20 05:49:28 Image size of job updated: 1270980
	505  -  MemoryUsage of job (MB)
	516436  -  ResidentSetSize of job (KB)
...
006 (6806083.000.000) 06/20 05:59:29 Image size of job updated: 1278116
	505  -  MemoryUsage of job (MB)
	516436  -  ResidentSetSize of job (KB)
...
006 (6806083.000.000) 06/20 06:04:29 Image size of job updated: 1282508
	505  -  MemoryUsage of job (MB)
	516436  -  ResidentSetSize of job (KB)
...
006 (6806083.000.000) 06/20 06:09:30 Image size of job updated: 1283240
	505  -  MemoryUsage of job (MB)
	516436  -  ResidentSetSize of job (KB)
...
006 (6806083.000.000) 06/20 06:19:30 Image size of job updated: 1290764
	505  -  MemoryUsage of job (MB)
	516436  -  ResidentSetSize of job (KB)
...
006 (6806083.000.000) 06/20 06:29:31 Image size of job updated: 1296772
	505  -  MemoryUsage of job (MB)
	516436  -  ResidentSetSize of job (KB)
...
006 (6806083.000.000) 06/20 06:34:31 Image size of job updated: 1299920
	505  -  MemoryUsage of job (MB)
	516436  -  ResidentSetSize of job (KB)
...
006 (6806083.000.000) 06/20 06:39:32 Image size of job updated: 1302236
	505  -  MemoryUsage of job (MB)
	516436  -  ResidentSetSize of job (KB)
...
006 (6806083.000.000) 06/20 06:44:33 Image size of job updated: 1302236
	511  -  MemoryUsage of job (MB)
	522560  -  ResidentSetSize of job (KB)
...
006 (6806083.000.000) 06/20 07:09:36 Image size of job updated: 1302236
	521  -  MemoryUsage of job (MB)
	532660  -  ResidentSetSize of job (KB)
...
006 (6806083.000.000) 06/20 07:14:37 Image size of job updated: 1302236
	526  -  MemoryUsage of job (MB)
	537648  -  ResidentSetSize of job (KB)
...
006 (6806083.000.000) 06/20 08:19:43 Image size of job updated: 1302236
	537  -  MemoryUsage of job (MB)
	548920  -  ResidentSetSize of job (KB)
...
006 (6806083.000.000) 06/20 08:24:44 Image size of job updated: 1302236
	543  -  MemoryUsage of job (MB)
	555016  -  ResidentSetSize of job (KB)
...
006 (6806083.000.000) 06/20 08:34:45 Image size of job updated: 1302236
	543  -  MemoryUsage of job (MB)
	556016  -  ResidentSetSize of job (KB)
...
006 (6806083.000.000) 06/20 08:39:46 Image size of job updated: 1302236
	551  -  MemoryUsage of job (MB)
	563308  -  ResidentSetSize of job (KB)
...
006 (6806083.000.000) 06/20 09:04:49 Image size of job updated: 1302236
	555  -  MemoryUsage of job (MB)
	567716  -  ResidentSetSize of job (KB)
...
006 (6806083.000.000) 06/20 09:09:50 Image size of job updated: 1302236
	558  -  MemoryUsage of job (MB)
	570580  -  ResidentSetSize of job (KB)
...
006 (6806083.000.000) 06/20 09:19:50 Image size of job updated: 1302236
	559  -  MemoryUsage of job (MB)
	572192  -  ResidentSetSize of job (KB)
...
006 (6806083.000.000) 06/20 09:24:51 Image size of job updated: 1302236
	564  -  MemoryUsage of job (MB)
	576992  -  ResidentSetSize of job (KB)
...
006 (6806083.000.000) 06/20 09:54:54 Image size of job updated: 1303404
	564  -  MemoryUsage of job (MB)
	576992  -  ResidentSetSize of job (KB)
...
000 (6806769.000.000) 06/20 09:56:55 Job submitted from host: <137.138.55.115:9618?addrs=137.138.55.115-9618+[2001-1458-d00-17--12a]-9618&alias=bigbird23.cern.ch&noUDP&sock=schedd_23881_f548>
...
040 (6806769.000.000) 06/20 09:58:01 Started transferring input files
	Transferring to host: <128.142.56.16:9618?addrs=128.142.56.16-9618&alias=b7s01p4181.cern.ch&noUDP&sock=slot1_10_7512_a22b_171024>
...
001 (6806769.000.000) 06/20 09:58:04 Job executing on host: <128.142.56.16:9618?addrs=128.142.56.16-9618&alias=b7s01p4181.cern.ch&noUDP&sock=startd_7435_5ebc>
	SlotName: slot1_10@b7s01p4181.cern.ch
...
040 (6806769.000.000) 06/20 09:58:04 Finished transferring input files
...
006 (6806769.000.000) 06/20 09:58:13 Image size of job updated: 84180
	51  -  MemoryUsage of job (MB)
	51656  -  ResidentSetSize of job (KB)
...
006 (6806769.000.000) 06/20 09:58:21 Image size of job updated: 792460
	51  -  MemoryUsage of job (MB)
	51656  -  ResidentSetSize of job (KB)
...
040 (6806769.000.000) 06/20 09:58:21 Started transferring output files
...
040 (6806769.000.000) 06/20 09:58:21 Finished transferring output files
...
005 (6806769.000.000) 06/20 09:58:22 Job terminated.
	(1) Normal termination (return value 1)
		Usr 0 00:00:03, Sys 0 00:00:01  -  Run Remote Usage
		Usr 0 00:00:00, Sys 0 00:00:00  -  Run Local Usage
		Usr 0 00:00:03, Sys 0 00:00:01  -  Total Remote Usage
		Usr 0 00:00:00, Sys 0 00:00:00  -  Total Local Usage
	5424  -  Run Bytes Sent By Job
	10953  -  Run Bytes Received By Job
	5424  -  Total Bytes Sent By Job
	10953  -  Total Bytes Received By Job
	Partitionable Resources :    Usage  Request Allocated 
	   Cpus                 :                 1         1 
	   Disk (KB)            :       29       12   1235519 
	   Memory (MB)          :       51     2000      2000 

	Job terminated of its own accord at 2024-06-20T07:58:21Z with exit-code 1.
...
006 (6806083.000.000) 06/20 09:59:55 Image size of job updated: 1304820
	564  -  MemoryUsage of job (MB)
	576992  -  ResidentSetSize of job (KB)
...
006 (6806083.000.000) 06/20 10:04:55 Image size of job updated: 1306292
	583  -  MemoryUsage of job (MB)
	596432  -  ResidentSetSize of job (KB)
...
006 (6806083.000.000) 06/20 10:09:56 Image size of job updated: 1307808
	583  -  MemoryUsage of job (MB)
	596432  -  ResidentSetSize of job (KB)
...
006 (6806083.000.000) 06/20 10:14:57 Image size of job updated: 1309212
	583  -  MemoryUsage of job (MB)
	596432  -  ResidentSetSize of job (KB)
...
006 (6806083.000.000) 06/20 10:19:57 Image size of job updated: 1310584
	583  -  MemoryUsage of job (MB)
	596432  -  ResidentSetSize of job (KB)
...
006 (6806083.000.000) 06/20 10:24:57 Image size of job updated: 1311960
	583  -  MemoryUsage of job (MB)
	596432  -  ResidentSetSize of job (KB)
...
006 (6806083.000.000) 06/20 10:29:57 Image size of job updated: 1313496
	583  -  MemoryUsage of job (MB)
	596432  -  ResidentSetSize of job (KB)
...
006 (6806083.000.000) 06/20 10:34:58 Image size of job updated: 1315188
	583  -  MemoryUsage of job (MB)
	596432  -  ResidentSetSize of job (KB)
...
006 (6806083.000.000) 06/20 10:39:59 Image size of job updated: 1316720
	589  -  MemoryUsage of job (MB)
	602516  -  ResidentSetSize of job (KB)
...
006 (6806083.000.000) 06/20 10:45:00 Image size of job updated: 1318308
	594  -  MemoryUsage of job (MB)
	607668  -  ResidentSetSize of job (KB)
...
000 (6806848.000.000) 06/20 10:47:37 Job submitted from host: <137.138.55.115:9618?addrs=137.138.55.115-9618+[2001-1458-d00-17--12a]-9618&alias=bigbird23.cern.ch&noUDP&sock=schedd_23881_f548>
...
006 (6806083.000.000) 06/20 10:50:01 Image size of job updated: 1320056
	594  -  MemoryUsage of job (MB)
	607668  -  ResidentSetSize of job (KB)
...
006 (6806083.000.000) 06/20 10:55:01 Image size of job updated: 1321528
	594  -  MemoryUsage of job (MB)
	607668  -  ResidentSetSize of job (KB)
...
040 (6806848.000.000) 06/20 10:58:55 Started transferring input files
	Transferring to host: <128.142.59.53:9618?addrs=128.142.59.53-9618&alias=b7s04p9014.cern.ch&noUDP&sock=slot1_11_6927_72b3_172427>
...
040 (6806848.000.000) 06/20 10:58:55 Finished transferring input files
...
001 (6806848.000.000) 06/20 10:58:56 Job executing on host: <128.142.59.53:9618?addrs=128.142.59.53-9618&alias=b7s04p9014.cern.ch&noUDP&sock=startd_6861_a75f>
	SlotName: slot1_11@b7s04p9014.cern.ch
...
006 (6806848.000.000) 06/20 10:59:05 Image size of job updated: 373364
	185  -  MemoryUsage of job (MB)
	188480  -  ResidentSetSize of job (KB)
...
006 (6806083.000.000) 06/20 11:00:01 Image size of job updated: 1323180
	594  -  MemoryUsage of job (MB)
	607668  -  ResidentSetSize of job (KB)
...
006 (6806848.000.000) 06/20 11:04:06 Image size of job updated: 979520
	251  -  MemoryUsage of job (MB)
	257024  -  ResidentSetSize of job (KB)
...
006 (6806083.000.000) 06/20 11:05:01 Image size of job updated: 1324720
	594  -  MemoryUsage of job (MB)
	607668  -  ResidentSetSize of job (KB)
...
006 (6806848.000.000) 06/20 11:09:06 Image size of job updated: 1020064
	268  -  MemoryUsage of job (MB)
	274092  -  ResidentSetSize of job (KB)
...
006 (6806083.000.000) 06/20 11:10:03 Image size of job updated: 1326328
	594  -  MemoryUsage of job (MB)
	607668  -  ResidentSetSize of job (KB)
...
006 (6806848.000.000) 06/20 11:14:07 Image size of job updated: 1041344
	276  -  MemoryUsage of job (MB)
	282084  -  ResidentSetSize of job (KB)
...
006 (6806083.000.000) 06/20 11:15:03 Image size of job updated: 1327728
	594  -  MemoryUsage of job (MB)
	607668  -  ResidentSetSize of job (KB)
...
006 (6806848.000.000) 06/20 11:19:07 Image size of job updated: 1041344
	284  -  MemoryUsage of job (MB)
	290156  -  ResidentSetSize of job (KB)
...
006 (6806083.000.000) 06/20 11:20:03 Image size of job updated: 1329380
	594  -  MemoryUsage of job (MB)
	607668  -  ResidentSetSize of job (KB)
...
006 (6806848.000.000) 06/20 11:24:08 Image size of job updated: 1041344
	311  -  MemoryUsage of job (MB)
	317848  -  ResidentSetSize of job (KB)
...
006 (6806083.000.000) 06/20 11:25:03 Image size of job updated: 1330824
	594  -  MemoryUsage of job (MB)
	607668  -  ResidentSetSize of job (KB)
...
006 (6806083.000.000) 06/20 11:30:04 Image size of job updated: 1332432
	594  -  MemoryUsage of job (MB)
	607668  -  ResidentSetSize of job (KB)
...
006 (6806848.000.000) 06/20 11:34:08 Image size of job updated: 1047652
	329  -  MemoryUsage of job (MB)
	336348  -  ResidentSetSize of job (KB)
...
006 (6806083.000.000) 06/20 11:35:05 Image size of job updated: 1333936
	599  -  MemoryUsage of job (MB)
	612608  -  ResidentSetSize of job (KB)
...
006 (6806848.000.000) 06/20 11:39:09 Image size of job updated: 1055420
	329  -  MemoryUsage of job (MB)
	336348  -  ResidentSetSize of job (KB)
...
006 (6806083.000.000) 06/20 11:40:05 Image size of job updated: 1335524
	600  -  MemoryUsage of job (MB)
	613648  -  ResidentSetSize of job (KB)
...
006 (6806848.000.000) 06/20 11:44:09 Image size of job updated: 1063288
	343  -  MemoryUsage of job (MB)
	350276  -  ResidentSetSize of job (KB)
...
006 (6806083.000.000) 06/20 11:45:06 Image size of job updated: 1337020
	606  -  MemoryUsage of job (MB)
	620232  -  ResidentSetSize of job (KB)
...
006 (6806848.000.000) 06/20 11:49:09 Image size of job updated: 1070688
	349  -  MemoryUsage of job (MB)
	356848  -  ResidentSetSize of job (KB)
...
006 (6806083.000.000) 06/20 11:50:07 Image size of job updated: 1338584
	606  -  MemoryUsage of job (MB)
	620232  -  ResidentSetSize of job (KB)
...
006 (6806848.000.000) 06/20 11:54:10 Image size of job updated: 1078592
	349  -  MemoryUsage of job (MB)
	356848  -  ResidentSetSize of job (KB)
...
006 (6806083.000.000) 06/20 11:55:07 Image size of job updated: 1340064
	606  -  MemoryUsage of job (MB)
	620232  -  ResidentSetSize of job (KB)
...
006 (6806848.000.000) 06/20 11:59:10 Image size of job updated: 1084692
	351  -  MemoryUsage of job (MB)
	358836  -  ResidentSetSize of job (KB)
...
006 (6806083.000.000) 06/20 12:00:08 Image size of job updated: 1341760
	606  -  MemoryUsage of job (MB)
	620232  -  ResidentSetSize of job (KB)
...
006 (6806848.000.000) 06/20 12:04:10 Image size of job updated: 1091464
	352  -  MemoryUsage of job (MB)
	360252  -  ResidentSetSize of job (KB)
...
006 (6806083.000.000) 06/20 12:05:09 Image size of job updated: 1343060
	606  -  MemoryUsage of job (MB)
	620232  -  ResidentSetSize of job (KB)
...
006 (6806848.000.000) 06/20 12:09:11 Image size of job updated: 1097888
	353  -  MemoryUsage of job (MB)
	360812  -  ResidentSetSize of job (KB)
...
006 (6806083.000.000) 06/20 12:10:09 Image size of job updated: 1344360
	606  -  MemoryUsage of job (MB)
	620232  -  ResidentSetSize of job (KB)
...
006 (6806848.000.000) 06/20 12:14:12 Image size of job updated: 1103572
	356  -  MemoryUsage of job (MB)
	364396  -  ResidentSetSize of job (KB)
...
006 (6806083.000.000) 06/20 12:15:09 Image size of job updated: 1345568
	606  -  MemoryUsage of job (MB)
	620232  -  ResidentSetSize of job (KB)
...
006 (6806848.000.000) 06/20 12:19:12 Image size of job updated: 1109892
	377  -  MemoryUsage of job (MB)
	385780  -  ResidentSetSize of job (KB)
...
006 (6806083.000.000) 06/20 12:20:10 Image size of job updated: 1346888
	606  -  MemoryUsage of job (MB)
	620232  -  ResidentSetSize of job (KB)
...
006 (6806848.000.000) 06/20 12:24:13 Image size of job updated: 1118072
	383  -  MemoryUsage of job (MB)
	392136  -  ResidentSetSize of job (KB)
...
006 (6806083.000.000) 06/20 12:25:10 Image size of job updated: 1347992
	606  -  MemoryUsage of job (MB)
	620232  -  ResidentSetSize of job (KB)
...
006 (6806848.000.000) 06/20 12:29:14 Image size of job updated: 1121384
	383  -  MemoryUsage of job (MB)
	392136  -  ResidentSetSize of job (KB)
...
006 (6806083.000.000) 06/20 12:30:10 Image size of job updated: 1349332
	606  -  MemoryUsage of job (MB)
	620232  -  ResidentSetSize of job (KB)
...
006 (6806083.000.000) 06/20 12:31:00 Image size of job updated: 1572720
	609  -  MemoryUsage of job (MB)
	623612  -  ResidentSetSize of job (KB)
...
040 (6806083.000.000) 06/20 12:31:00 Started transferring output files
...
040 (6806083.000.000) 06/20 12:31:01 Finished transferring output files
...
005 (6806083.000.000) 06/20 12:31:01 Job terminated.
	(1) Normal termination (return value 0)
		Usr 0 02:37:30, Sys 0 08:03:57  -  Run Remote Usage
		Usr 0 00:00:00, Sys 0 00:00:00  -  Run Local Usage
		Usr 0 02:37:30, Sys 0 08:03:57  -  Total Remote Usage
		Usr 0 00:00:00, Sys 0 00:00:00  -  Total Local Usage
	2608167  -  Run Bytes Sent By Job
	10963  -  Run Bytes Received By Job
	2608167  -  Total Bytes Sent By Job
	10963  -  Total Bytes Received By Job
	Partitionable Resources :    Usage  Request Allocated 
	   Cpus                 :     0.99        1         1 
	   Disk (KB)            :  2578          12   2844394 
	   Memory (MB)          :   609        2000      2000 

	Job terminated of its own accord at 2024-06-20T10:31:00Z with exit-code 0.
...
006 (6806848.000.000) 06/20 12:34:14 Image size of job updated: 1126848
	383  -  MemoryUsage of job (MB)
	392136  -  ResidentSetSize of job (KB)
...
006 (6806848.000.000) 06/20 12:39:14 Image size of job updated: 1131848
	400  -  MemoryUsage of job (MB)
	408996  -  ResidentSetSize of job (KB)
...
006 (6806848.000.000) 06/20 12:44:15 Image size of job updated: 1136924
	400  -  MemoryUsage of job (MB)
	408996  -  ResidentSetSize of job (KB)
...
006 (6806848.000.000) 06/20 12:49:15 Image size of job updated: 1141620
	422  -  MemoryUsage of job (MB)
	431356  -  ResidentSetSize of job (KB)
...
006 (6806848.000.000) 06/20 12:54:15 Image size of job updated: 1146576
	426  -  MemoryUsage of job (MB)
	436224  -  ResidentSetSize of job (KB)
...
006 (6806848.000.000) 06/20 12:59:16 Image size of job updated: 1151576
	426  -  MemoryUsage of job (MB)
	436224  -  ResidentSetSize of job (KB)
...
006 (6806848.000.000) 06/20 13:04:17 Image size of job updated: 1156624
	426  -  MemoryUsage of job (MB)
	436224  -  ResidentSetSize of job (KB)
...
006 (6806848.000.000) 06/20 13:09:17 Image size of job updated: 1162084
	426  -  MemoryUsage of job (MB)
	436224  -  ResidentSetSize of job (KB)
...
006 (6806848.000.000) 06/20 13:14:18 Image size of job updated: 1167164
	451  -  MemoryUsage of job (MB)
	460912  -  ResidentSetSize of job (KB)
...
006 (6806848.000.000) 06/20 13:19:18 Image size of job updated: 1172708
	451  -  MemoryUsage of job (MB)
	460912  -  ResidentSetSize of job (KB)
...
006 (6806848.000.000) 06/20 13:24:18 Image size of job updated: 1177972
	457  -  MemoryUsage of job (MB)
	467308  -  ResidentSetSize of job (KB)
...
006 (6806848.000.000) 06/20 13:29:19 Image size of job updated: 1183080
	457  -  MemoryUsage of job (MB)
	467308  -  ResidentSetSize of job (KB)
...
006 (6806848.000.000) 06/20 13:34:19 Image size of job updated: 1188328
	457  -  MemoryUsage of job (MB)
	467308  -  ResidentSetSize of job (KB)
...
006 (6806848.000.000) 06/20 13:39:20 Image size of job updated: 1193332
	457  -  MemoryUsage of job (MB)
	467308  -  ResidentSetSize of job (KB)
...
006 (6806848.000.000) 06/20 13:44:21 Image size of job updated: 1198296
	463  -  MemoryUsage of job (MB)
	473904  -  ResidentSetSize of job (KB)
...
006 (6806848.000.000) 06/20 13:49:21 Image size of job updated: 1203032
	463  -  MemoryUsage of job (MB)
	473904  -  ResidentSetSize of job (KB)
...
006 (6806848.000.000) 06/20 13:54:22 Image size of job updated: 1207356
	463  -  MemoryUsage of job (MB)
	473904  -  ResidentSetSize of job (KB)
...
006 (6806848.000.000) 06/20 13:59:23 Image size of job updated: 1214416
	493  -  MemoryUsage of job (MB)
	504284  -  ResidentSetSize of job (KB)
...
006 (6806848.000.000) 06/20 14:04:23 Image size of job updated: 1216032
	493  -  MemoryUsage of job (MB)
	504284  -  ResidentSetSize of job (KB)
...
040 (6806848.000.000) 06/20 14:29:55 Started transferring output files
...
040 (6806848.000.000) 06/20 14:29:55 Finished transferring output files
...
004 (6806848.000.000) 06/20 14:29:55 Job was evicted.
	(0) CPU times
		Usr 0 01:01:57, Sys 0 02:28:02  -  Run Remote Usage
		Usr 0 00:00:00, Sys 0 00:00:00  -  Run Local Usage
	1660160  -  Run Bytes Sent By Job
	10953  -  Run Bytes Received By Job
	Partitionable Resources :    Usage  Request Allocated 
	   Cpus                 :     1.00        1         1 
	   Disk (KB)            :  1653          12   1295184 
	   Memory (MB)          :   493        2000      2000 
...
009 (6806848.000.000) 06/20 14:29:55 Job was aborted.
	via condor_rm (by user fsalerno)
...
000 (6812921.000.000) 06/20 17:46:54 Job submitted from host: <137.138.55.115:9618?addrs=137.138.55.115-9618+[2001-1458-d00-17--12a]-9618&alias=bigbird23.cern.ch&noUDP&sock=schedd_23881_f548>
...
040 (6812921.000.000) 06/20 17:58:33 Started transferring input files
	Transferring to host: <128.142.57.135:9618?addrs=128.142.57.135-9618&alias=b7s02p8414.cern.ch&noUDP&sock=slot1_36_7555_ee4c_170501>
...
040 (6812921.000.000) 06/20 17:58:33 Finished transferring input files
...
001 (6812921.000.000) 06/20 17:58:34 Job executing on host: <128.142.57.135:9618?addrs=128.142.57.135-9618&alias=b7s02p8414.cern.ch&noUDP&sock=startd_7488_b941>
	SlotName: slot1_36@b7s02p8414.cern.ch
...
006 (6812921.000.000) 06/20 17:58:43 Image size of job updated: 562972
	73  -  MemoryUsage of job (MB)
	73792  -  ResidentSetSize of job (KB)
...
006 (6812921.000.000) 06/20 17:58:49 Image size of job updated: 562972
	73  -  MemoryUsage of job (MB)
	73896  -  ResidentSetSize of job (KB)
...
040 (6812921.000.000) 06/20 17:58:49 Started transferring output files
...
040 (6812921.000.000) 06/20 17:58:49 Finished transferring output files
...
005 (6812921.000.000) 06/20 17:58:49 Job terminated.
	(1) Normal termination (return value 1)
		Usr 0 00:00:02, Sys 0 00:00:01  -  Run Remote Usage
		Usr 0 00:00:00, Sys 0 00:00:00  -  Run Local Usage
		Usr 0 00:00:02, Sys 0 00:00:01  -  Total Remote Usage
		Usr 0 00:00:00, Sys 0 00:00:00  -  Total Local Usage
	6236  -  Run Bytes Sent By Job
	10955  -  Run Bytes Received By Job
	6236  -  Total Bytes Sent By Job
	10955  -  Total Bytes Received By Job
	Partitionable Resources :    Usage  Request Allocated 
	   Cpus                 :                 1         1 
	   Disk (KB)            :       30       12   1274762 
	   Memory (MB)          :       73     2000      2000 

	Job terminated of its own accord at 2024-06-20T15:58:49Z with exit-code 1.
...
000 (6819133.000.000) 06/21 10:45:50 Job submitted from host: <137.138.55.115:9618?addrs=137.138.55.115-9618+[2001-1458-d00-17--12a]-9618&alias=bigbird23.cern.ch&noUDP&sock=schedd_23881_f548>
...
040 (6819133.000.000) 06/21 12:03:47 Started transferring input files
	Transferring to host: <128.142.56.34:9618?addrs=128.142.56.34-9618+[2001-1458-301-6--100-21]-9618&alias=b7s01p5261.cern.ch&noUDP&sock=slot1_14_60515_0ab6_170098>
...
040 (6819133.000.000) 06/21 12:03:47 Finished transferring input files
...
001 (6819133.000.000) 06/21 12:03:48 Job executing on host: <128.142.56.34:9618?addrs=128.142.56.34-9618+[2001-1458-301-6--100-21]-9618&alias=b7s01p5261.cern.ch&noUDP&sock=startd_60476_1594>
	SlotName: slot1_14@b7s01p5261.cern.ch
...
006 (6819133.000.000) 06/21 12:03:57 Image size of job updated: 380344
	137  -  MemoryUsage of job (MB)
	139636  -  ResidentSetSize of job (KB)
...
006 (6819133.000.000) 06/21 12:08:58 Image size of job updated: 981592
	233  -  MemoryUsage of job (MB)
	238232  -  ResidentSetSize of job (KB)
...
006 (6819133.000.000) 06/21 12:13:59 Image size of job updated: 1020768
	281  -  MemoryUsage of job (MB)
	287640  -  ResidentSetSize of job (KB)
...
006 (6819133.000.000) 06/21 12:18:59 Image size of job updated: 1037960
	298  -  MemoryUsage of job (MB)
	304192  -  ResidentSetSize of job (KB)
...
006 (6819133.000.000) 06/21 12:29:01 Image size of job updated: 1037960
	316  -  MemoryUsage of job (MB)
	323400  -  ResidentSetSize of job (KB)
...
006 (6819133.000.000) 06/21 12:34:01 Image size of job updated: 1046048
	327  -  MemoryUsage of job (MB)
	334476  -  ResidentSetSize of job (KB)
...
006 (6819133.000.000) 06/21 12:39:01 Image size of job updated: 1054896
	327  -  MemoryUsage of job (MB)
	334476  -  ResidentSetSize of job (KB)
...
006 (6819133.000.000) 06/21 12:44:02 Image size of job updated: 1062836
	345  -  MemoryUsage of job (MB)
	353224  -  ResidentSetSize of job (KB)
...
006 (6819133.000.000) 06/21 12:49:02 Image size of job updated: 1070768
	345  -  MemoryUsage of job (MB)
	353224  -  ResidentSetSize of job (KB)
...
006 (6819133.000.000) 06/21 12:54:02 Image size of job updated: 1078036
	345  -  MemoryUsage of job (MB)
	353224  -  ResidentSetSize of job (KB)
...
006 (6819133.000.000) 06/21 12:59:03 Image size of job updated: 1086000
	366  -  MemoryUsage of job (MB)
	374540  -  ResidentSetSize of job (KB)
...
006 (6819133.000.000) 06/21 13:04:04 Image size of job updated: 1093388
	378  -  MemoryUsage of job (MB)
	386296  -  ResidentSetSize of job (KB)
...
006 (6819133.000.000) 06/21 13:09:04 Image size of job updated: 1100364
	378  -  MemoryUsage of job (MB)
	386296  -  ResidentSetSize of job (KB)
...
006 (6819133.000.000) 06/21 13:14:05 Image size of job updated: 1106868
	378  -  MemoryUsage of job (MB)
	386296  -  ResidentSetSize of job (KB)
...
006 (6819133.000.000) 06/21 13:19:06 Image size of job updated: 1113072
	380  -  MemoryUsage of job (MB)
	388336  -  ResidentSetSize of job (KB)
...
006 (6819133.000.000) 06/21 13:24:06 Image size of job updated: 1118952
	385  -  MemoryUsage of job (MB)
	393420  -  ResidentSetSize of job (KB)
...
006 (6819133.000.000) 06/21 13:29:06 Image size of job updated: 1125100
	385  -  MemoryUsage of job (MB)
	393444  -  ResidentSetSize of job (KB)
...
006 (6819133.000.000) 06/21 13:34:07 Image size of job updated: 1131256
	414  -  MemoryUsage of job (MB)
	423880  -  ResidentSetSize of job (KB)
...
006 (6819133.000.000) 06/21 13:39:07 Image size of job updated: 1137048
	418  -  MemoryUsage of job (MB)
	427208  -  ResidentSetSize of job (KB)
...
006 (6819133.000.000) 06/21 13:44:07 Image size of job updated: 1142700
	418  -  MemoryUsage of job (MB)
	427208  -  ResidentSetSize of job (KB)
...
006 (6819133.000.000) 06/21 13:49:08 Image size of job updated: 1147988
	418  -  MemoryUsage of job (MB)
	427208  -  ResidentSetSize of job (KB)
...
006 (6819133.000.000) 06/21 13:54:09 Image size of job updated: 1153252
	418  -  MemoryUsage of job (MB)
	427208  -  ResidentSetSize of job (KB)
...
006 (6819133.000.000) 06/21 13:59:09 Image size of job updated: 1158808
	418  -  MemoryUsage of job (MB)
	427208  -  ResidentSetSize of job (KB)
...
006 (6819133.000.000) 06/21 14:04:10 Image size of job updated: 1164080
	418  -  MemoryUsage of job (MB)
	427208  -  ResidentSetSize of job (KB)
...
006 (6819133.000.000) 06/21 14:09:11 Image size of job updated: 1168768
	418  -  MemoryUsage of job (MB)
	427208  -  ResidentSetSize of job (KB)
...
006 (6819133.000.000) 06/21 14:14:11 Image size of job updated: 1174104
	435  -  MemoryUsage of job (MB)
	445172  -  ResidentSetSize of job (KB)
...
006 (6819133.000.000) 06/21 14:19:11 Image size of job updated: 1179076
	442  -  MemoryUsage of job (MB)
	452348  -  ResidentSetSize of job (KB)
...
006 (6819133.000.000) 06/21 14:24:12 Image size of job updated: 1184032
	442  -  MemoryUsage of job (MB)
	452348  -  ResidentSetSize of job (KB)
...
006 (6819133.000.000) 06/21 14:29:12 Image size of job updated: 1189012
	442  -  MemoryUsage of job (MB)
	452348  -  ResidentSetSize of job (KB)
...
006 (6819133.000.000) 06/21 14:34:12 Image size of job updated: 1194024
	442  -  MemoryUsage of job (MB)
	452348  -  ResidentSetSize of job (KB)
...
006 (6819133.000.000) 06/21 14:39:13 Image size of job updated: 1198776
	472  -  MemoryUsage of job (MB)
	482516  -  ResidentSetSize of job (KB)
...
006 (6819133.000.000) 06/21 14:44:14 Image size of job updated: 1203236
	479  -  MemoryUsage of job (MB)
	489992  -  ResidentSetSize of job (KB)
...
006 (6819133.000.000) 06/21 14:49:14 Image size of job updated: 1207796
	479  -  MemoryUsage of job (MB)
	489992  -  ResidentSetSize of job (KB)
...
006 (6819133.000.000) 06/21 14:54:14 Image size of job updated: 1212044
	479  -  MemoryUsage of job (MB)
	489992  -  ResidentSetSize of job (KB)
...
006 (6819133.000.000) 06/21 14:59:15 Image size of job updated: 1215864
	479  -  MemoryUsage of job (MB)
	489992  -  ResidentSetSize of job (KB)
...
006 (6819133.000.000) 06/21 15:54:20 Image size of job updated: 1215896
	479  -  MemoryUsage of job (MB)
	489992  -  ResidentSetSize of job (KB)
...
006 (6819133.000.000) 06/21 15:59:20 Image size of job updated: 1221168
	479  -  MemoryUsage of job (MB)
	489992  -  ResidentSetSize of job (KB)
...
006 (6819133.000.000) 06/21 16:04:21 Image size of job updated: 1223888
	479  -  MemoryUsage of job (MB)
	489992  -  ResidentSetSize of job (KB)
...
006 (6819133.000.000) 06/21 16:09:22 Image size of job updated: 1227308
	479  -  MemoryUsage of job (MB)
	489992  -  ResidentSetSize of job (KB)
...
006 (6819133.000.000) 06/21 16:19:23 Image size of job updated: 1231240
	479  -  MemoryUsage of job (MB)
	489992  -  ResidentSetSize of job (KB)
...
006 (6819133.000.000) 06/21 16:24:24 Image size of job updated: 1233652
	503  -  MemoryUsage of job (MB)
	514864  -  ResidentSetSize of job (KB)
...
006 (6819133.000.000) 06/21 16:29:24 Image size of job updated: 1238040
	503  -  MemoryUsage of job (MB)
	514864  -  ResidentSetSize of job (KB)
...
006 (6819133.000.000) 06/21 16:34:24 Image size of job updated: 1239332
	503  -  MemoryUsage of job (MB)
	514864  -  ResidentSetSize of job (KB)
...
006 (6819133.000.000) 06/21 16:39:25 Image size of job updated: 1242024
	503  -  MemoryUsage of job (MB)
	514864  -  ResidentSetSize of job (KB)
...
006 (6819133.000.000) 06/21 16:44:25 Image size of job updated: 1243968
	503  -  MemoryUsage of job (MB)
	514864  -  ResidentSetSize of job (KB)
...
006 (6819133.000.000) 06/21 16:49:25 Image size of job updated: 1248200
	503  -  MemoryUsage of job (MB)
	514864  -  ResidentSetSize of job (KB)
...
006 (6819133.000.000) 06/21 16:54:26 Image size of job updated: 1250924
	517  -  MemoryUsage of job (MB)
	529232  -  ResidentSetSize of job (KB)
...
006 (6819133.000.000) 06/21 16:59:26 Image size of job updated: 1252088
	517  -  MemoryUsage of job (MB)
	529232  -  ResidentSetSize of job (KB)
...
006 (6819133.000.000) 06/21 18:29:35 Image size of job updated: 1253520
	517  -  MemoryUsage of job (MB)
	529232  -  ResidentSetSize of job (KB)
...
006 (6819133.000.000) 06/21 18:34:36 Image size of job updated: 1255440
	517  -  MemoryUsage of job (MB)
	529232  -  ResidentSetSize of job (KB)
...
006 (6819133.000.000) 06/21 18:39:36 Image size of job updated: 1256956
	527  -  MemoryUsage of job (MB)
	538704  -  ResidentSetSize of job (KB)
...
006 (6819133.000.000) 06/21 18:44:36 Image size of job updated: 1258712
	527  -  MemoryUsage of job (MB)
	538704  -  ResidentSetSize of job (KB)
...
006 (6819133.000.000) 06/21 18:49:37 Image size of job updated: 1260304
	530  -  MemoryUsage of job (MB)
	541796  -  ResidentSetSize of job (KB)
...
006 (6819133.000.000) 06/21 18:54:37 Image size of job updated: 1261880
	535  -  MemoryUsage of job (MB)
	547796  -  ResidentSetSize of job (KB)
...
006 (6819133.000.000) 06/21 18:59:37 Image size of job updated: 1263520
	540  -  MemoryUsage of job (MB)
	552636  -  ResidentSetSize of job (KB)
...
006 (6819133.000.000) 06/21 19:04:39 Image size of job updated: 1265040
	540  -  MemoryUsage of job (MB)
	552636  -  ResidentSetSize of job (KB)
...
006 (6819133.000.000) 06/21 19:09:39 Image size of job updated: 1266652
	540  -  MemoryUsage of job (MB)
	552636  -  ResidentSetSize of job (KB)
...
006 (6819133.000.000) 06/21 19:14:39 Image size of job updated: 1268400
	540  -  MemoryUsage of job (MB)
	552636  -  ResidentSetSize of job (KB)
...
006 (6819133.000.000) 06/21 19:19:40 Image size of job updated: 1269960
	540  -  MemoryUsage of job (MB)
	552636  -  ResidentSetSize of job (KB)
...
006 (6819133.000.000) 06/21 19:24:41 Image size of job updated: 1271740
	540  -  MemoryUsage of job (MB)
	552636  -  ResidentSetSize of job (KB)
...
006 (6819133.000.000) 06/21 19:29:41 Image size of job updated: 1273332
	540  -  MemoryUsage of job (MB)
	552636  -  ResidentSetSize of job (KB)
...
006 (6819133.000.000) 06/21 19:34:42 Image size of job updated: 1275024
	540  -  MemoryUsage of job (MB)
	552636  -  ResidentSetSize of job (KB)
...
006 (6819133.000.000) 06/21 19:39:43 Image size of job updated: 1276748
	540  -  MemoryUsage of job (MB)
	552636  -  ResidentSetSize of job (KB)
...
006 (6819133.000.000) 06/21 19:44:43 Image size of job updated: 1278384
	540  -  MemoryUsage of job (MB)
	552636  -  ResidentSetSize of job (KB)
...
006 (6819133.000.000) 06/21 19:49:43 Image size of job updated: 1280132
	540  -  MemoryUsage of job (MB)
	552636  -  ResidentSetSize of job (KB)
...
006 (6819133.000.000) 06/21 19:54:44 Image size of job updated: 1281704
	540  -  MemoryUsage of job (MB)
	552636  -  ResidentSetSize of job (KB)
...
006 (6819133.000.000) 06/21 19:59:44 Image size of job updated: 1283208
	547  -  MemoryUsage of job (MB)
	559564  -  ResidentSetSize of job (KB)
...
006 (6819133.000.000) 06/21 20:04:44 Image size of job updated: 1284884
	547  -  MemoryUsage of job (MB)
	559564  -  ResidentSetSize of job (KB)
...
006 (6819133.000.000) 06/21 20:09:45 Image size of job updated: 1286432
	547  -  MemoryUsage of job (MB)
	559564  -  ResidentSetSize of job (KB)
...
006 (6819133.000.000) 06/21 20:14:45 Image size of job updated: 1287888
	547  -  MemoryUsage of job (MB)
	559564  -  ResidentSetSize of job (KB)
...
006 (6819133.000.000) 06/21 20:19:45 Image size of job updated: 1289572
	547  -  MemoryUsage of job (MB)
	559564  -  ResidentSetSize of job (KB)
...
006 (6819133.000.000) 06/21 20:24:46 Image size of job updated: 1291256
	547  -  MemoryUsage of job (MB)
	559564  -  ResidentSetSize of job (KB)
...
006 (6819133.000.000) 06/21 20:29:47 Image size of job updated: 1292784
	547  -  MemoryUsage of job (MB)
	559564  -  ResidentSetSize of job (KB)
...
006 (6819133.000.000) 06/21 20:34:47 Image size of job updated: 1294576
	547  -  MemoryUsage of job (MB)
	559564  -  ResidentSetSize of job (KB)
...
006 (6819133.000.000) 06/21 20:39:48 Image size of job updated: 1296140
	548  -  MemoryUsage of job (MB)
	560940  -  ResidentSetSize of job (KB)
...
006 (6819133.000.000) 06/21 20:44:49 Image size of job updated: 1297776
	556  -  MemoryUsage of job (MB)
	568664  -  ResidentSetSize of job (KB)
...
006 (6819133.000.000) 06/21 20:49:49 Image size of job updated: 1299288
	556  -  MemoryUsage of job (MB)
	568664  -  ResidentSetSize of job (KB)
...
006 (6819133.000.000) 06/21 20:54:49 Image size of job updated: 1300700
	556  -  MemoryUsage of job (MB)
	568664  -  ResidentSetSize of job (KB)
...
006 (6819133.000.000) 06/21 20:59:50 Image size of job updated: 1302176
	556  -  MemoryUsage of job (MB)
	568664  -  ResidentSetSize of job (KB)
...
006 (6819133.000.000) 06/21 21:04:50 Image size of job updated: 1303836
	556  -  MemoryUsage of job (MB)
	568664  -  ResidentSetSize of job (KB)
...
006 (6819133.000.000) 06/21 21:09:50 Image size of job updated: 1305312
	556  -  MemoryUsage of job (MB)
	568664  -  ResidentSetSize of job (KB)
...
006 (6819133.000.000) 06/21 21:14:51 Image size of job updated: 1306916
	556  -  MemoryUsage of job (MB)
	568664  -  ResidentSetSize of job (KB)
...
006 (6819133.000.000) 06/21 21:19:51 Image size of job updated: 1308504
	556  -  MemoryUsage of job (MB)
	568664  -  ResidentSetSize of job (KB)
...
006 (6819133.000.000) 06/21 21:24:51 Image size of job updated: 1309884
	566  -  MemoryUsage of job (MB)
	579076  -  ResidentSetSize of job (KB)
...
006 (6819133.000.000) 06/21 21:29:52 Image size of job updated: 1320532
	571  -  MemoryUsage of job (MB)
	584692  -  ResidentSetSize of job (KB)
...
006 (6819133.000.000) 06/21 21:34:53 Image size of job updated: 1321916
	571  -  MemoryUsage of job (MB)
	584692  -  ResidentSetSize of job (KB)
...
006 (6819133.000.000) 06/21 21:39:53 Image size of job updated: 1323272
	571  -  MemoryUsage of job (MB)
	584692  -  ResidentSetSize of job (KB)
...
006 (6819133.000.000) 06/21 21:44:54 Image size of job updated: 1324392
	571  -  MemoryUsage of job (MB)
	584692  -  ResidentSetSize of job (KB)
...
006 (6819133.000.000) 06/21 21:49:55 Image size of job updated: 1325808
	571  -  MemoryUsage of job (MB)
	584692  -  ResidentSetSize of job (KB)
...
006 (6819133.000.000) 06/21 21:54:55 Image size of job updated: 1327240
	571  -  MemoryUsage of job (MB)
	584692  -  ResidentSetSize of job (KB)
...
006 (6819133.000.000) 06/21 21:59:56 Image size of job updated: 1328548
	571  -  MemoryUsage of job (MB)
	584692  -  ResidentSetSize of job (KB)
...
006 (6819133.000.000) 06/21 22:04:57 Image size of job updated: 1329860
	591  -  MemoryUsage of job (MB)
	604320  -  ResidentSetSize of job (KB)
...
006 (6819133.000.000) 06/21 22:09:57 Image size of job updated: 1330844
	599  -  MemoryUsage of job (MB)
	612664  -  ResidentSetSize of job (KB)
...
006 (6819133.000.000) 06/21 22:14:57 Image size of job updated: 1332512
	599  -  MemoryUsage of job (MB)
	612664  -  ResidentSetSize of job (KB)
...
006 (6819133.000.000) 06/21 22:19:59 Image size of job updated: 1333848
	599  -  MemoryUsage of job (MB)
	612664  -  ResidentSetSize of job (KB)
...
006 (6819133.000.000) 06/21 22:24:59 Image size of job updated: 1335112
	599  -  MemoryUsage of job (MB)
	612664  -  ResidentSetSize of job (KB)
...
006 (6819133.000.000) 06/21 22:29:59 Image size of job updated: 1336428
	599  -  MemoryUsage of job (MB)
	612664  -  ResidentSetSize of job (KB)
...
006 (6819133.000.000) 06/21 22:35:00 Image size of job updated: 1337692
	599  -  MemoryUsage of job (MB)
	612664  -  ResidentSetSize of job (KB)
...
006 (6819133.000.000) 06/21 22:40:01 Image size of job updated: 1339080
	599  -  MemoryUsage of job (MB)
	612664  -  ResidentSetSize of job (KB)
...
006 (6819133.000.000) 06/21 22:45:01 Image size of job updated: 1340388
	599  -  MemoryUsage of job (MB)
	612664  -  ResidentSetSize of job (KB)
...
006 (6819133.000.000) 06/21 22:50:02 Image size of job updated: 1341628
	599  -  MemoryUsage of job (MB)
	612664  -  ResidentSetSize of job (KB)
...
006 (6819133.000.000) 06/21 22:50:48 Image size of job updated: 1341972
	599  -  MemoryUsage of job (MB)
	612664  -  ResidentSetSize of job (KB)
...
040 (6819133.000.000) 06/21 22:50:48 Started transferring output files
...
040 (6819133.000.000) 06/21 22:50:49 Finished transferring output files
...
005 (6819133.000.000) 06/21 22:50:49 Job terminated.
	(1) Normal termination (return value 0)
		Usr 0 02:36:42, Sys 0 08:08:11  -  Run Remote Usage
		Usr 0 00:00:00, Sys 0 00:00:00  -  Run Local Usage
		Usr 0 02:36:42, Sys 0 08:08:11  -  Total Remote Usage
		Usr 0 00:00:00, Sys 0 00:00:00  -  Total Local Usage
	83853  -  Run Bytes Sent By Job
	10959  -  Run Bytes Received By Job
	83853  -  Total Bytes Sent By Job
	10959  -  Total Bytes Received By Job
	Partitionable Resources :    Usage  Request Allocated 
	   Cpus                 :     1.00        1         1 
	   Disk (KB)            :   114          12   1257193 
	   Memory (MB)          :   599        2000      2000 

	Job terminated of its own accord at 2024-06-21T20:50:48Z with exit-code 0.
...
000 (6822053.000.000) 06/22 20:53:35 Job submitted from host: <137.138.55.115:9618?addrs=137.138.55.115-9618+[2001-1458-d00-17--12a]-9618&alias=bigbird23.cern.ch&noUDP&sock=schedd_23881_f548>
...
040 (6822053.000.000) 06/22 21:29:44 Started transferring input files
	Transferring to host: <128.142.57.77:9618?addrs=128.142.57.77-9618&alias=b7s02p0412.cern.ch&noUDP&sock=slot1_25_7101_0bfa_177881>
...
040 (6822053.000.000) 06/22 21:29:44 Finished transferring input files
...
001 (6822053.000.000) 06/22 21:29:45 Job executing on host: <128.142.57.77:9618?addrs=128.142.57.77-9618&alias=b7s02p0412.cern.ch&noUDP&sock=startd_7037_600a>
	SlotName: slot1_25@b7s02p0412.cern.ch
...
006 (6822053.000.000) 06/22 21:29:53 Image size of job updated: 348456
	179  -  MemoryUsage of job (MB)
	182952  -  ResidentSetSize of job (KB)
...
006 (6822053.000.000) 06/22 21:34:53 Image size of job updated: 973692
	249  -  MemoryUsage of job (MB)
	254544  -  ResidentSetSize of job (KB)
...
006 (6822053.000.000) 06/22 21:39:54 Image size of job updated: 1006968
	265  -  MemoryUsage of job (MB)
	270452  -  ResidentSetSize of job (KB)
...
006 (6822053.000.000) 06/22 21:44:54 Image size of job updated: 1038944
	284  -  MemoryUsage of job (MB)
	290360  -  ResidentSetSize of job (KB)
...
006 (6822053.000.000) 06/22 21:49:54 Image size of job updated: 1038944
	292  -  MemoryUsage of job (MB)
	298944  -  ResidentSetSize of job (KB)
...
006 (6822053.000.000) 06/22 21:59:56 Image size of job updated: 1041260
	296  -  MemoryUsage of job (MB)
	302208  -  ResidentSetSize of job (KB)
...
006 (6822053.000.000) 06/22 22:04:56 Image size of job updated: 1051048
	334  -  MemoryUsage of job (MB)
	341728  -  ResidentSetSize of job (KB)
...
006 (6822053.000.000) 06/22 22:09:56 Image size of job updated: 1059484
	334  -  MemoryUsage of job (MB)
	341728  -  ResidentSetSize of job (KB)
...
006 (6822053.000.000) 06/22 22:14:57 Image size of job updated: 1066968
	337  -  MemoryUsage of job (MB)
	344892  -  ResidentSetSize of job (KB)
...
006 (6822053.000.000) 06/22 22:19:57 Image size of job updated: 1076956
	342  -  MemoryUsage of job (MB)
	349456  -  ResidentSetSize of job (KB)
...
006 (6822053.000.000) 06/22 22:24:57 Image size of job updated: 1081544
	348  -  MemoryUsage of job (MB)
	356304  -  ResidentSetSize of job (KB)
...
006 (6822053.000.000) 06/22 22:29:58 Image size of job updated: 1089528
	348  -  MemoryUsage of job (MB)
	356304  -  ResidentSetSize of job (KB)
...
006 (6822053.000.000) 06/22 22:34:59 Image size of job updated: 1095028
	379  -  MemoryUsage of job (MB)
	387116  -  ResidentSetSize of job (KB)
...
006 (6822053.000.000) 06/22 22:39:59 Image size of job updated: 1101416
	379  -  MemoryUsage of job (MB)
	387116  -  ResidentSetSize of job (KB)
...
006 (6822053.000.000) 06/22 22:44:59 Image size of job updated: 1107076
	379  -  MemoryUsage of job (MB)
	387116  -  ResidentSetSize of job (KB)
...
006 (6822053.000.000) 06/22 22:50:00 Image size of job updated: 1113564
	379  -  MemoryUsage of job (MB)
	387116  -  ResidentSetSize of job (KB)
...
006 (6822053.000.000) 06/22 22:55:00 Image size of job updated: 1122172
	401  -  MemoryUsage of job (MB)
	409632  -  ResidentSetSize of job (KB)
...
006 (6822053.000.000) 06/22 23:00:00 Image size of job updated: 1128036
	407  -  MemoryUsage of job (MB)
	415824  -  ResidentSetSize of job (KB)
...
006 (6822053.000.000) 06/22 23:05:02 Image size of job updated: 1132152
	407  -  MemoryUsage of job (MB)
	415824  -  ResidentSetSize of job (KB)
...
006 (6822053.000.000) 06/22 23:10:02 Image size of job updated: 1137004
	407  -  MemoryUsage of job (MB)
	415824  -  ResidentSetSize of job (KB)
...
006 (6822053.000.000) 06/22 23:15:02 Image size of job updated: 1142292
	407  -  MemoryUsage of job (MB)
	415824  -  ResidentSetSize of job (KB)
...
006 (6822053.000.000) 06/22 23:20:03 Image size of job updated: 1146784
	422  -  MemoryUsage of job (MB)
	431552  -  ResidentSetSize of job (KB)
...
006 (6822053.000.000) 06/22 23:25:04 Image size of job updated: 1153340
	426  -  MemoryUsage of job (MB)
	435900  -  ResidentSetSize of job (KB)
...
006 (6822053.000.000) 06/22 23:30:04 Image size of job updated: 1157844
	426  -  MemoryUsage of job (MB)
	435900  -  ResidentSetSize of job (KB)
...
006 (6822053.000.000) 06/22 23:35:05 Image size of job updated: 1160556
	426  -  MemoryUsage of job (MB)
	435900  -  ResidentSetSize of job (KB)
...
006 (6822053.000.000) 06/22 23:40:06 Image size of job updated: 1165844
	426  -  MemoryUsage of job (MB)
	435900  -  ResidentSetSize of job (KB)
...
006 (6822053.000.000) 06/22 23:45:06 Image size of job updated: 1169820
	426  -  MemoryUsage of job (MB)
	435900  -  ResidentSetSize of job (KB)
...
006 (6822053.000.000) 06/22 23:50:06 Image size of job updated: 1175288
	451  -  MemoryUsage of job (MB)
	460856  -  ResidentSetSize of job (KB)
...
006 (6822053.000.000) 06/22 23:55:07 Image size of job updated: 1178620
	456  -  MemoryUsage of job (MB)
	466768  -  ResidentSetSize of job (KB)
...
006 (6822053.000.000) 06/23 00:00:07 Image size of job updated: 1183384
	456  -  MemoryUsage of job (MB)
	466768  -  ResidentSetSize of job (KB)
...
006 (6822053.000.000) 06/23 00:05:07 Image size of job updated: 1187280
	456  -  MemoryUsage of job (MB)
	466768  -  ResidentSetSize of job (KB)
...
006 (6822053.000.000) 06/23 00:10:08 Image size of job updated: 1191076
	456  -  MemoryUsage of job (MB)
	466768  -  ResidentSetSize of job (KB)
...
006 (6822053.000.000) 06/23 00:15:09 Image size of job updated: 1195148
	456  -  MemoryUsage of job (MB)
	466768  -  ResidentSetSize of job (KB)
...
006 (6822053.000.000) 06/23 00:20:09 Image size of job updated: 1198968
	456  -  MemoryUsage of job (MB)
	466768  -  ResidentSetSize of job (KB)
...
006 (6822053.000.000) 06/23 00:25:09 Image size of job updated: 1208728
	456  -  MemoryUsage of job (MB)
	466768  -  ResidentSetSize of job (KB)
...
006 (6822053.000.000) 06/23 00:30:10 Image size of job updated: 1213132
	456  -  MemoryUsage of job (MB)
	466768  -  ResidentSetSize of job (KB)
...
006 (6822053.000.000) 06/23 00:35:10 Image size of job updated: 1216680
	461  -  MemoryUsage of job (MB)
	471440  -  ResidentSetSize of job (KB)
...
006 (6822053.000.000) 06/23 00:40:10 Image size of job updated: 1221080
	461  -  MemoryUsage of job (MB)
	471440  -  ResidentSetSize of job (KB)
...
006 (6822053.000.000) 06/23 00:45:11 Image size of job updated: 1221444
	461  -  MemoryUsage of job (MB)
	471440  -  ResidentSetSize of job (KB)
...
006 (6822053.000.000) 06/23 01:30:16 Image size of job updated: 1221444
	477  -  MemoryUsage of job (MB)
	487872  -  ResidentSetSize of job (KB)
...
006 (6822053.000.000) 06/23 01:35:17 Image size of job updated: 1221444
	484  -  MemoryUsage of job (MB)
	495412  -  ResidentSetSize of job (KB)
...
006 (6822053.000.000) 06/23 01:40:17 Image size of job updated: 1222584
	484  -  MemoryUsage of job (MB)
	495412  -  ResidentSetSize of job (KB)
...
006 (6822053.000.000) 06/23 01:45:17 Image size of job updated: 1225504
	484  -  MemoryUsage of job (MB)
	495412  -  ResidentSetSize of job (KB)
...
006 (6822053.000.000) 06/23 01:50:18 Image size of job updated: 1226212
	484  -  MemoryUsage of job (MB)
	495412  -  ResidentSetSize of job (KB)
...
006 (6822053.000.000) 06/23 01:55:18 Image size of job updated: 1230560
	484  -  MemoryUsage of job (MB)
	495412  -  ResidentSetSize of job (KB)
...
006 (6822053.000.000) 06/23 02:00:18 Image size of job updated: 1230900
	484  -  MemoryUsage of job (MB)
	495412  -  ResidentSetSize of job (KB)
...
006 (6822053.000.000) 06/23 02:05:20 Image size of job updated: 1233292
	484  -  MemoryUsage of job (MB)
	495412  -  ResidentSetSize of job (KB)
...
006 (6822053.000.000) 06/23 02:10:20 Image size of job updated: 1236820
	484  -  MemoryUsage of job (MB)
	495412  -  ResidentSetSize of job (KB)
...
006 (6822053.000.000) 06/23 02:15:20 Image size of job updated: 1238768
	486  -  MemoryUsage of job (MB)
	497380  -  ResidentSetSize of job (KB)
...
006 (6822053.000.000) 06/23 02:20:22 Image size of job updated: 1241156
	493  -  MemoryUsage of job (MB)
	504064  -  ResidentSetSize of job (KB)
...
006 (6822053.000.000) 06/23 02:25:22 Image size of job updated: 1243156
	513  -  MemoryUsage of job (MB)
	524828  -  ResidentSetSize of job (KB)
...
006 (6822053.000.000) 06/23 02:30:22 Image size of job updated: 1245236
	518  -  MemoryUsage of job (MB)
	529500  -  ResidentSetSize of job (KB)
...
006 (6822053.000.000) 06/23 02:35:23 Image size of job updated: 1247072
	518  -  MemoryUsage of job (MB)
	529500  -  ResidentSetSize of job (KB)
...
006 (6822053.000.000) 06/23 02:40:24 Image size of job updated: 1250084
	518  -  MemoryUsage of job (MB)
	529500  -  ResidentSetSize of job (KB)
...
006 (6822053.000.000) 06/23 02:45:24 Image size of job updated: 1251704
	518  -  MemoryUsage of job (MB)
	529500  -  ResidentSetSize of job (KB)
...
006 (6822053.000.000) 06/23 02:50:24 Image size of job updated: 1254924
	518  -  MemoryUsage of job (MB)
	529500  -  ResidentSetSize of job (KB)
...
006 (6822053.000.000) 06/23 02:55:25 Image size of job updated: 1254924
	522  -  MemoryUsage of job (MB)
	534504  -  ResidentSetSize of job (KB)
...
006 (6822053.000.000) 06/23 04:30:34 Image size of job updated: 1255272
	522  -  MemoryUsage of job (MB)
	534504  -  ResidentSetSize of job (KB)
...
006 (6822053.000.000) 06/23 04:35:35 Image size of job updated: 1256272
	522  -  MemoryUsage of job (MB)
	534504  -  ResidentSetSize of job (KB)
...
006 (6822053.000.000) 06/23 04:40:36 Image size of job updated: 1258032
	522  -  MemoryUsage of job (MB)
	534504  -  ResidentSetSize of job (KB)
...
006 (6822053.000.000) 06/23 04:45:36 Image size of job updated: 1259920
	522  -  MemoryUsage of job (MB)
	534504  -  ResidentSetSize of job (KB)
...
006 (6822053.000.000) 06/23 04:50:36 Image size of job updated: 1261752
	522  -  MemoryUsage of job (MB)
	534504  -  ResidentSetSize of job (KB)
...
006 (6822053.000.000) 06/23 04:55:37 Image size of job updated: 1263400
	522  -  MemoryUsage of job (MB)
	534504  -  ResidentSetSize of job (KB)
...
006 (6822053.000.000) 06/23 05:00:37 Image size of job updated: 1265324
	522  -  MemoryUsage of job (MB)
	534504  -  ResidentSetSize of job (KB)
...
006 (6822053.000.000) 06/23 05:05:37 Image size of job updated: 1266948
	522  -  MemoryUsage of job (MB)
	534504  -  ResidentSetSize of job (KB)
...
006 (6822053.000.000) 06/23 05:10:38 Image size of job updated: 1268564
	522  -  MemoryUsage of job (MB)
	534504  -  ResidentSetSize of job (KB)
...
006 (6822053.000.000) 06/23 05:15:38 Image size of job updated: 1270384
	522  -  MemoryUsage of job (MB)
	534504  -  ResidentSetSize of job (KB)
...
006 (6822053.000.000) 06/23 05:20:38 Image size of job updated: 1272036
	522  -  MemoryUsage of job (MB)
	534504  -  ResidentSetSize of job (KB)
...
006 (6822053.000.000) 06/23 05:25:39 Image size of job updated: 1273900
	522  -  MemoryUsage of job (MB)
	534504  -  ResidentSetSize of job (KB)
...
006 (6822053.000.000) 06/23 05:30:40 Image size of job updated: 1275460
	522  -  MemoryUsage of job (MB)
	534504  -  ResidentSetSize of job (KB)
...
006 (6822053.000.000) 06/23 05:35:40 Image size of job updated: 1277260
	522  -  MemoryUsage of job (MB)
	534504  -  ResidentSetSize of job (KB)
...
006 (6822053.000.000) 06/23 05:40:41 Image size of job updated: 1278928
	522  -  MemoryUsage of job (MB)
	534504  -  ResidentSetSize of job (KB)
...
006 (6822053.000.000) 06/23 05:45:42 Image size of job updated: 1280560
	522  -  MemoryUsage of job (MB)
	534504  -  ResidentSetSize of job (KB)
...
006 (6822053.000.000) 06/23 05:50:42 Image size of job updated: 1282076
	522  -  MemoryUsage of job (MB)
	534504  -  ResidentSetSize of job (KB)
...
006 (6822053.000.000) 06/23 05:55:43 Image size of job updated: 1283764
	522  -  MemoryUsage of job (MB)
	534504  -  ResidentSetSize of job (KB)
...
006 (6822053.000.000) 06/23 06:00:44 Image size of job updated: 1285232
	522  -  MemoryUsage of job (MB)
	534504  -  ResidentSetSize of job (KB)
...
006 (6822053.000.000) 06/23 06:05:44 Image size of job updated: 1286916
	522  -  MemoryUsage of job (MB)
	534504  -  ResidentSetSize of job (KB)
...
006 (6822053.000.000) 06/23 06:10:44 Image size of job updated: 1288540
	522  -  MemoryUsage of job (MB)
	534504  -  ResidentSetSize of job (KB)
...
006 (6822053.000.000) 06/23 06:15:45 Image size of job updated: 1290076
	522  -  MemoryUsage of job (MB)
	534504  -  ResidentSetSize of job (KB)
...
006 (6822053.000.000) 06/23 06:20:45 Image size of job updated: 1291620
	522  -  MemoryUsage of job (MB)
	534504  -  ResidentSetSize of job (KB)
...
006 (6822053.000.000) 06/23 06:25:45 Image size of job updated: 1293260
	522  -  MemoryUsage of job (MB)
	534504  -  ResidentSetSize of job (KB)
...
006 (6822053.000.000) 06/23 06:30:46 Image size of job updated: 1294756
	522  -  MemoryUsage of job (MB)
	534504  -  ResidentSetSize of job (KB)
...
006 (6822053.000.000) 06/23 06:35:47 Image size of job updated: 1296384
	522  -  MemoryUsage of job (MB)
	534504  -  ResidentSetSize of job (KB)
...
006 (6822053.000.000) 06/23 06:40:47 Image size of job updated: 1297892
	522  -  MemoryUsage of job (MB)
	534504  -  ResidentSetSize of job (KB)
...
006 (6822053.000.000) 06/23 06:45:48 Image size of job updated: 1299312
	522  -  MemoryUsage of job (MB)
	534504  -  ResidentSetSize of job (KB)
...
006 (6822053.000.000) 06/23 06:50:49 Image size of job updated: 1300676
	536  -  MemoryUsage of job (MB)
	548612  -  ResidentSetSize of job (KB)
...
006 (6822053.000.000) 06/23 06:55:49 Image size of job updated: 1302432
	536  -  MemoryUsage of job (MB)
	548612  -  ResidentSetSize of job (KB)
...
006 (6822053.000.000) 06/23 07:00:50 Image size of job updated: 1303780
	541  -  MemoryUsage of job (MB)
	553384  -  ResidentSetSize of job (KB)
...
006 (6822053.000.000) 06/23 07:05:51 Image size of job updated: 1305396
	541  -  MemoryUsage of job (MB)
	553384  -  ResidentSetSize of job (KB)
...
006 (6822053.000.000) 06/23 07:10:51 Image size of job updated: 1306940
	541  -  MemoryUsage of job (MB)
	553384  -  ResidentSetSize of job (KB)
...
006 (6822053.000.000) 06/23 07:15:51 Image size of job updated: 1308400
	541  -  MemoryUsage of job (MB)
	553384  -  ResidentSetSize of job (KB)
...
006 (6822053.000.000) 06/23 07:20:52 Image size of job updated: 1309868
	541  -  MemoryUsage of job (MB)
	553384  -  ResidentSetSize of job (KB)
...
006 (6822053.000.000) 06/23 07:25:52 Image size of job updated: 1311340
	541  -  MemoryUsage of job (MB)
	553384  -  ResidentSetSize of job (KB)
...
006 (6822053.000.000) 06/23 07:30:52 Image size of job updated: 1312816
	541  -  MemoryUsage of job (MB)
	553384  -  ResidentSetSize of job (KB)
...
006 (6822053.000.000) 06/23 07:35:53 Image size of job updated: 1314328
	541  -  MemoryUsage of job (MB)
	553384  -  ResidentSetSize of job (KB)
...
006 (6822053.000.000) 06/23 07:40:53 Image size of job updated: 1315716
	541  -  MemoryUsage of job (MB)
	553384  -  ResidentSetSize of job (KB)
...
006 (6822053.000.000) 06/23 07:45:53 Image size of job updated: 1317220
	541  -  MemoryUsage of job (MB)
	553384  -  ResidentSetSize of job (KB)
...
006 (6822053.000.000) 06/23 07:50:54 Image size of job updated: 1318548
	555  -  MemoryUsage of job (MB)
	568136  -  ResidentSetSize of job (KB)
...
006 (6822053.000.000) 06/23 07:55:55 Image size of job updated: 1320240
	555  -  MemoryUsage of job (MB)
	568136  -  ResidentSetSize of job (KB)
...
006 (6822053.000.000) 06/23 08:00:55 Image size of job updated: 1321684
	555  -  MemoryUsage of job (MB)
	568136  -  ResidentSetSize of job (KB)
...
006 (6822053.000.000) 06/23 08:05:56 Image size of job updated: 1323136
	555  -  MemoryUsage of job (MB)
	568136  -  ResidentSetSize of job (KB)
...
006 (6822053.000.000) 06/23 08:10:57 Image size of job updated: 1324560
	555  -  MemoryUsage of job (MB)
	568136  -  ResidentSetSize of job (KB)
...
006 (6822053.000.000) 06/23 08:15:57 Image size of job updated: 1326012
	555  -  MemoryUsage of job (MB)
	568136  -  ResidentSetSize of job (KB)
...
006 (6822053.000.000) 06/23 08:20:58 Image size of job updated: 1327380
	555  -  MemoryUsage of job (MB)
	568136  -  ResidentSetSize of job (KB)
...
006 (6822053.000.000) 06/23 08:25:59 Image size of job updated: 1328908
	555  -  MemoryUsage of job (MB)
	568136  -  ResidentSetSize of job (KB)
...
006 (6822053.000.000) 06/23 08:30:59 Image size of job updated: 1330328
	556  -  MemoryUsage of job (MB)
	569148  -  ResidentSetSize of job (KB)
...
006 (6822053.000.000) 06/23 08:36:00 Image size of job updated: 1340532
	556  -  MemoryUsage of job (MB)
	569148  -  ResidentSetSize of job (KB)
...
006 (6822053.000.000) 06/23 08:41:01 Image size of job updated: 1341696
	556  -  MemoryUsage of job (MB)
	569148  -  ResidentSetSize of job (KB)
...
006 (6822053.000.000) 06/23 08:46:01 Image size of job updated: 1348296
	556  -  MemoryUsage of job (MB)
	569148  -  ResidentSetSize of job (KB)
...
006 (6822053.000.000) 06/23 08:51:01 Image size of job updated: 1349652
	556  -  MemoryUsage of job (MB)
	569148  -  ResidentSetSize of job (KB)
...
006 (6822053.000.000) 06/23 08:56:02 Image size of job updated: 1350696
	556  -  MemoryUsage of job (MB)
	569148  -  ResidentSetSize of job (KB)
...
006 (6822053.000.000) 06/23 09:01:02 Image size of job updated: 1352232
	556  -  MemoryUsage of job (MB)
	569148  -  ResidentSetSize of job (KB)
...
006 (6822053.000.000) 06/23 09:06:02 Image size of job updated: 1353584
	556  -  MemoryUsage of job (MB)
	569148  -  ResidentSetSize of job (KB)
...
006 (6822053.000.000) 06/23 09:08:18 Image size of job updated: 1694028
	556  -  MemoryUsage of job (MB)
	569148  -  ResidentSetSize of job (KB)
...
040 (6822053.000.000) 06/23 09:08:19 Started transferring output files
...
040 (6822053.000.000) 06/23 09:08:19 Finished transferring output files
...
005 (6822053.000.000) 06/23 09:08:19 Job terminated.
	(1) Normal termination (return value 0)
		Usr 0 02:39:22, Sys 0 08:54:32  -  Run Remote Usage
		Usr 0 00:00:00, Sys 0 00:00:00  -  Run Local Usage
		Usr 0 02:39:22, Sys 0 08:54:32  -  Total Remote Usage
		Usr 0 00:00:00, Sys 0 00:00:00  -  Total Local Usage
	83859  -  Run Bytes Sent By Job
	10961  -  Run Bytes Received By Job
	83859  -  Total Bytes Sent By Job
	10961  -  Total Bytes Received By Job
	Partitionable Resources :    Usage  Request Allocated 
	   Cpus                 :     1.00        1         1 
	   Disk (KB)            :   113          12   3016134 
	   Memory (MB)          :   556        2000      2000 

	Job terminated of its own accord at 2024-06-23T07:08:18Z with exit-code 0.
...
000 (6932085.000.000) 07/11 12:34:11 Job submitted from host: <137.138.55.115:9618?addrs=137.138.55.115-9618+[2001-1458-d00-17--12a]-9618&alias=bigbird23.cern.ch&noUDP&sock=schedd_23881_f548>
...
040 (6932085.000.000) 07/11 13:53:57 Started transferring input files
	Transferring to host: <128.142.59.55:9618?addrs=128.142.59.55-9618+[2001-1458-301-21--100-36]-9618&alias=b7s04p9106.cern.ch&noUDP&sock=slot1_15_26740_7fb8_196401>
...
040 (6932085.000.000) 07/11 13:53:57 Finished transferring input files
...
001 (6932085.000.000) 07/11 13:53:59 Job executing on host: <128.142.59.55:9618?addrs=128.142.59.55-9618+[2001-1458-301-21--100-36]-9618&alias=b7s04p9106.cern.ch&noUDP&sock=startd_26701_3e5b>
	SlotName: slot1_15@b7s04p9106.cern.ch
...
006 (6932085.000.000) 07/11 13:54:07 Image size of job updated: 280080
	134  -  MemoryUsage of job (MB)
	136212  -  ResidentSetSize of job (KB)
...
006 (6932085.000.000) 07/11 13:59:07 Image size of job updated: 964324
	252  -  MemoryUsage of job (MB)
	257896  -  ResidentSetSize of job (KB)
...
006 (6932085.000.000) 07/11 14:04:07 Image size of job updated: 1011276
	293  -  MemoryUsage of job (MB)
	299136  -  ResidentSetSize of job (KB)
...
006 (6932085.000.000) 07/11 14:09:08 Image size of job updated: 1039316
	298  -  MemoryUsage of job (MB)
	304560  -  ResidentSetSize of job (KB)
...
006 (6932085.000.000) 07/11 14:14:08 Image size of job updated: 1039316
	312  -  MemoryUsage of job (MB)
	318892  -  ResidentSetSize of job (KB)
...
006 (6932085.000.000) 07/11 14:19:09 Image size of job updated: 1039316
	316  -  MemoryUsage of job (MB)
	323376  -  ResidentSetSize of job (KB)
...
006 (6932085.000.000) 07/11 14:24:10 Image size of job updated: 1045264
	316  -  MemoryUsage of job (MB)
	323376  -  ResidentSetSize of job (KB)
...
006 (6932085.000.000) 07/11 14:29:10 Image size of job updated: 1054080
	319  -  MemoryUsage of job (MB)
	325716  -  ResidentSetSize of job (KB)
...
006 (6932085.000.000) 07/11 14:34:10 Image size of job updated: 1062556
	323  -  MemoryUsage of job (MB)
	330328  -  ResidentSetSize of job (KB)
...
006 (6932085.000.000) 07/11 14:39:11 Image size of job updated: 1070544
	323  -  MemoryUsage of job (MB)
	330328  -  ResidentSetSize of job (KB)
...
006 (6932085.000.000) 07/11 14:44:11 Image size of job updated: 1078096
	345  -  MemoryUsage of job (MB)
	352520  -  ResidentSetSize of job (KB)
...
006 (6932085.000.000) 07/11 14:49:11 Image size of job updated: 1085436
	351  -  MemoryUsage of job (MB)
	358472  -  ResidentSetSize of job (KB)
...
006 (6932085.000.000) 07/11 14:54:12 Image size of job updated: 1092216
	351  -  MemoryUsage of job (MB)
	358472  -  ResidentSetSize of job (KB)
...
000 (6932599.000.000) 07/11 14:55:59 Job submitted from host: <137.138.55.115:9618?addrs=137.138.55.115-9618+[2001-1458-d00-17--12a]-9618&alias=bigbird23.cern.ch&noUDP&sock=schedd_23881_f548>
...
006 (6932085.000.000) 07/11 14:58:03 Image size of job updated: 1097076
	352  -  MemoryUsage of job (MB)
	359472  -  ResidentSetSize of job (KB)
...
040 (6932085.000.000) 07/11 14:58:03 Started transferring output files
...
040 (6932085.000.000) 07/11 14:58:03 Finished transferring output files
...
005 (6932085.000.000) 07/11 14:58:03 Job terminated.
	(1) Normal termination (return value 0)
		Usr 0 00:22:18, Sys 0 00:41:28  -  Run Remote Usage
		Usr 0 00:00:00, Sys 0 00:00:00  -  Run Local Usage
		Usr 0 00:22:18, Sys 0 00:41:28  -  Total Remote Usage
		Usr 0 00:00:00, Sys 0 00:00:00  -  Total Local Usage
	33923  -  Run Bytes Sent By Job
	10973  -  Run Bytes Received By Job
	33923  -  Total Bytes Sent By Job
	10973  -  Total Bytes Received By Job
	Partitionable Resources :    Usage  Request Allocated 
	   Cpus                 :     1.00        1         1 
	   Disk (KB)            :    65          12   1297133 
	   Memory (MB)          :   352        2000      2000 

	Job terminated of its own accord at 2024-07-11T12:58:03Z with exit-code 0.
...
040 (6932599.000.000) 07/11 15:00:29 Started transferring input files
	Transferring to host: <128.142.59.46:9618?addrs=128.142.59.46-9618+[2001-1458-301-21--100-2d]-9618&alias=b7s04p7023.cern.ch&noUDP&sock=slot1_20_60708_071e_190109>
...
040 (6932599.000.000) 07/11 15:00:29 Finished transferring input files
...
001 (6932599.000.000) 07/11 15:00:30 Job executing on host: <128.142.59.46:9618?addrs=128.142.59.46-9618+[2001-1458-301-21--100-2d]-9618&alias=b7s04p7023.cern.ch&noUDP&sock=startd_60669_775b>
	SlotName: slot1_20@b7s04p7023.cern.ch
...
006 (6932599.000.000) 07/11 15:00:39 Image size of job updated: 278428
	132  -  MemoryUsage of job (MB)
	134652  -  ResidentSetSize of job (KB)
...
006 (6932599.000.000) 07/11 15:05:40 Image size of job updated: 972320
	228  -  MemoryUsage of job (MB)
	232820  -  ResidentSetSize of job (KB)
...
006 (6932599.000.000) 07/11 15:10:41 Image size of job updated: 1014688
	282  -  MemoryUsage of job (MB)
	287824  -  ResidentSetSize of job (KB)
...
006 (6932599.000.000) 07/11 15:15:41 Image size of job updated: 1041764
	291  -  MemoryUsage of job (MB)
	297236  -  ResidentSetSize of job (KB)
...
006 (6932599.000.000) 07/11 15:20:41 Image size of job updated: 1041764
	299  -  MemoryUsage of job (MB)
	305576  -  ResidentSetSize of job (KB)
...
006 (6932599.000.000) 07/11 15:25:42 Image size of job updated: 1041764
	311  -  MemoryUsage of job (MB)
	317468  -  ResidentSetSize of job (KB)
...
006 (6932599.000.000) 07/11 15:30:43 Image size of job updated: 1043536
	328  -  MemoryUsage of job (MB)
	335168  -  ResidentSetSize of job (KB)
...
006 (6932599.000.000) 07/11 15:35:43 Image size of job updated: 1052268
	328  -  MemoryUsage of job (MB)
	335168  -  ResidentSetSize of job (KB)
...
006 (6932599.000.000) 07/11 15:40:44 Image size of job updated: 1060704
	328  -  MemoryUsage of job (MB)
	335168  -  ResidentSetSize of job (KB)
...
006 (6932599.000.000) 07/11 15:45:45 Image size of job updated: 1068576
	341  -  MemoryUsage of job (MB)
	348764  -  ResidentSetSize of job (KB)
...
006 (6932599.000.000) 07/11 15:50:45 Image size of job updated: 1076016
	347  -  MemoryUsage of job (MB)
	355124  -  ResidentSetSize of job (KB)
...
006 (6932599.000.000) 07/11 15:53:15 Image size of job updated: 1079596
	347  -  MemoryUsage of job (MB)
	355124  -  ResidentSetSize of job (KB)
...
040 (6932599.000.000) 07/11 15:53:15 Started transferring output files
...
040 (6932599.000.000) 07/11 15:53:15 Finished transferring output files
...
005 (6932599.000.000) 07/11 15:53:15 Job terminated.
	(1) Normal termination (return value 0)
		Usr 0 00:18:45, Sys 0 00:33:45  -  Run Remote Usage
		Usr 0 00:00:00, Sys 0 00:00:00  -  Run Local Usage
		Usr 0 00:18:45, Sys 0 00:33:45  -  Total Remote Usage
		Usr 0 00:00:00, Sys 0 00:00:00  -  Total Local Usage
	31547  -  Run Bytes Sent By Job
	10973  -  Run Bytes Received By Job
	31547  -  Total Bytes Sent By Job
	10973  -  Total Bytes Received By Job
	Partitionable Resources :    Usage  Request Allocated 
	   Cpus                 :     1.00        1         1 
	   Disk (KB)            :    62          12   1285009 
	   Memory (MB)          :   347        2000      2000 

	Job terminated of its own accord at 2024-07-11T13:53:15Z with exit-code 0.
...
000 (6942111.000.000) 07/15 18:01:12 Job submitted from host: <137.138.55.115:9618?addrs=137.138.55.115-9618+[2001-1458-d00-17--12a]-9618&alias=bigbird23.cern.ch&noUDP&sock=schedd_23881_f548>
...
040 (6942111.000.000) 07/15 18:07:39 Started transferring input files
	Transferring to host: <128.142.57.68:9618?addrs=128.142.57.68-9618&alias=b7s02p2719.cern.ch&noUDP&sock=slot1_19_7431_8fc7_198907>
...
040 (6942111.000.000) 07/15 18:07:39 Finished transferring input files
...
001 (6942111.000.000) 07/15 18:07:40 Job executing on host: <128.142.57.68:9618?addrs=128.142.57.68-9618&alias=b7s02p2719.cern.ch&noUDP&sock=startd_7364_ab82>
	SlotName: slot1_19@b7s02p2719.cern.ch
...
006 (6942111.000.000) 07/15 18:07:50 Image size of job updated: 713740
	186  -  MemoryUsage of job (MB)
	190036  -  ResidentSetSize of job (KB)
...
006 (6942111.000.000) 07/15 18:12:50 Image size of job updated: 982360
	255  -  MemoryUsage of job (MB)
	260856  -  ResidentSetSize of job (KB)
...
006 (6942111.000.000) 07/15 18:17:50 Image size of job updated: 1024884
	288  -  MemoryUsage of job (MB)
	294044  -  ResidentSetSize of job (KB)
...
006 (6942111.000.000) 07/15 18:22:51 Image size of job updated: 1031816
	309  -  MemoryUsage of job (MB)
	315492  -  ResidentSetSize of job (KB)
...
006 (6942111.000.000) 07/15 18:27:52 Image size of job updated: 1035268
	309  -  MemoryUsage of job (MB)
	315492  -  ResidentSetSize of job (KB)
...
006 (6942111.000.000) 07/15 18:32:52 Image size of job updated: 1047240
	323  -  MemoryUsage of job (MB)
	329820  -  ResidentSetSize of job (KB)
...
006 (6942111.000.000) 07/15 18:37:52 Image size of job updated: 1055576
	335  -  MemoryUsage of job (MB)
	342032  -  ResidentSetSize of job (KB)
...
006 (6942111.000.000) 07/15 18:42:53 Image size of job updated: 1064800
	338  -  MemoryUsage of job (MB)
	345408  -  ResidentSetSize of job (KB)
...
006 (6942111.000.000) 07/15 18:47:54 Image size of job updated: 1073544
	339  -  MemoryUsage of job (MB)
	346588  -  ResidentSetSize of job (KB)
...
006 (6942111.000.000) 07/15 18:52:54 Image size of job updated: 1082048
	339  -  MemoryUsage of job (MB)
	346588  -  ResidentSetSize of job (KB)
...
006 (6942111.000.000) 07/15 18:57:55 Image size of job updated: 1090228
	368  -  MemoryUsage of job (MB)
	376792  -  ResidentSetSize of job (KB)
...
006 (6942111.000.000) 07/15 19:02:56 Image size of job updated: 1097692
	373  -  MemoryUsage of job (MB)
	381356  -  ResidentSetSize of job (KB)
...
006 (6942111.000.000) 07/15 19:03:25 Image size of job updated: 1098380
	373  -  MemoryUsage of job (MB)
	381356  -  ResidentSetSize of job (KB)
...
040 (6942111.000.000) 07/15 19:03:25 Started transferring output files
...
040 (6942111.000.000) 07/15 19:03:25 Finished transferring output files
...
005 (6942111.000.000) 07/15 19:03:26 Job terminated.
	(1) Normal termination (return value 0)
		Usr 0 00:19:00, Sys 0 00:36:39  -  Run Remote Usage
		Usr 0 00:00:00, Sys 0 00:00:00  -  Run Local Usage
		Usr 0 00:19:00, Sys 0 00:36:39  -  Total Remote Usage
		Usr 0 00:00:00, Sys 0 00:00:00  -  Total Local Usage
	34775  -  Run Bytes Sent By Job
	10981  -  Run Bytes Received By Job
	34775  -  Total Bytes Sent By Job
	10981  -  Total Bytes Received By Job
	Partitionable Resources :    Usage  Request Allocated 
	   Cpus                 :     1.00        1         1 
	   Disk (KB)            :    65          12   1303696 
	   Memory (MB)          :   373        2000      2000 

	Job terminated of its own accord at 2024-07-15T17:03:25Z with exit-code 0.
...
000 (6942419.000.000) 07/15 22:58:09 Job submitted from host: <137.138.55.115:9618?addrs=137.138.55.115-9618+[2001-1458-d00-17--12a]-9618&alias=bigbird23.cern.ch&noUDP&sock=schedd_23881_f548>
...
040 (6942419.000.000) 07/15 23:01:04 Started transferring input files
	Transferring to host: <128.142.57.68:9618?addrs=128.142.57.68-9618&alias=b7s02p2719.cern.ch&noUDP&sock=slot1_15_7431_8fc7_199087>
...
040 (6942419.000.000) 07/15 23:01:04 Finished transferring input files
...
001 (6942419.000.000) 07/15 23:01:05 Job executing on host: <128.142.57.68:9618?addrs=128.142.57.68-9618&alias=b7s02p2719.cern.ch&noUDP&sock=startd_7364_ab82>
	SlotName: slot1_15@b7s02p2719.cern.ch
...
006 (6942419.000.000) 07/15 23:01:13 Image size of job updated: 754464
	187  -  MemoryUsage of job (MB)
	190880  -  ResidentSetSize of job (KB)
...
006 (6942419.000.000) 07/15 23:06:13 Image size of job updated: 985088
	236  -  MemoryUsage of job (MB)
	240980  -  ResidentSetSize of job (KB)
...
006 (6942419.000.000) 07/15 23:11:14 Image size of job updated: 1015952
	287  -  MemoryUsage of job (MB)
	293864  -  ResidentSetSize of job (KB)
...
006 (6942419.000.000) 07/15 23:16:15 Image size of job updated: 1033356
	287  -  MemoryUsage of job (MB)
	293864  -  ResidentSetSize of job (KB)
...
006 (6942419.000.000) 07/15 23:21:15 Image size of job updated: 1033356
	310  -  MemoryUsage of job (MB)
	317412  -  ResidentSetSize of job (KB)
...
006 (6942419.000.000) 07/15 23:26:16 Image size of job updated: 1040396
	310  -  MemoryUsage of job (MB)
	317412  -  ResidentSetSize of job (KB)
...
006 (6942419.000.000) 07/15 23:31:17 Image size of job updated: 1049448
	310  -  MemoryUsage of job (MB)
	317412  -  ResidentSetSize of job (KB)
...
006 (6942419.000.000) 07/15 23:36:17 Image size of job updated: 1057444
	310  -  MemoryUsage of job (MB)
	317412  -  ResidentSetSize of job (KB)
...
006 (6942419.000.000) 07/15 23:41:17 Image size of job updated: 1066320
	310  -  MemoryUsage of job (MB)
	317412  -  ResidentSetSize of job (KB)
...
006 (6942419.000.000) 07/15 23:46:18 Image size of job updated: 1074700
	354  -  MemoryUsage of job (MB)
	362192  -  ResidentSetSize of job (KB)
...
006 (6942419.000.000) 07/15 23:50:21 Image size of job updated: 1079640
	354  -  MemoryUsage of job (MB)
	362192  -  ResidentSetSize of job (KB)
...
040 (6942419.000.000) 07/15 23:50:21 Started transferring output files
...
040 (6942419.000.000) 07/15 23:50:21 Finished transferring output files
...
005 (6942419.000.000) 07/15 23:50:21 Job terminated.
	(1) Normal termination (return value 0)
		Usr 0 00:16:57, Sys 0 00:32:06  -  Run Remote Usage
		Usr 0 00:00:00, Sys 0 00:00:00  -  Run Local Usage
		Usr 0 00:16:57, Sys 0 00:32:06  -  Total Remote Usage
		Usr 0 00:00:00, Sys 0 00:00:00  -  Total Local Usage
	32003  -  Run Bytes Sent By Job
	10973  -  Run Bytes Received By Job
	32003  -  Total Bytes Sent By Job
	10973  -  Total Bytes Received By Job
	Partitionable Resources :    Usage  Request Allocated 
	   Cpus                 :     1.00        1         1 
	   Disk (KB)            :    62          12   1239010 
	   Memory (MB)          :   354        2000      2000 

	Job terminated of its own accord at 2024-07-15T21:50:21Z with exit-code 0.
...
000 (7088345.000.000) 09/13 01:48:53 Job submitted from host: <137.138.55.115:9618?addrs=137.138.55.115-9618+[2001-1458-d00-17--12a]-9618&alias=bigbird23.cern.ch&noUDP&sock=schedd_23881_f548>
...
040 (7088345.000.000) 09/13 01:49:49 Started transferring input files
	Transferring to host: <188.185.196.10:9618?addrs=188.185.196.10-9618+[2001-1458-303-23--100-6]-9618&alias=b9p16p5837.cern.ch&noUDP&sock=slot1_14_3472503_4031_40045>
...
040 (7088345.000.000) 09/13 01:49:49 Finished transferring input files
...
001 (7088345.000.000) 09/13 01:49:50 Job executing on host: <188.185.196.10:9618?addrs=188.185.196.10-9618+[2001-1458-303-23--100-6]-9618&alias=b9p16p5837.cern.ch&noUDP&sock=startd_3966736_8918>
	SlotName: slot1_14@b9p16p5837.cern.ch
	CondorScratchDir = "/pool/condor/dir_1280487"
	Cpus = 1
	Disk = 2760173
	Memory = 2000
...
006 (7088345.000.000) 09/13 01:49:59 Image size of job updated: 411768
	403  -  MemoryUsage of job (MB)
	411768  -  ResidentSetSize of job (KB)
...
006 (7088345.000.000) 09/13 01:50:00 Image size of job updated: 456652
	403  -  MemoryUsage of job (MB)
	411992  -  ResidentSetSize of job (KB)
...
040 (7088345.000.000) 09/13 01:50:00 Started transferring output files
...
040 (7088345.000.000) 09/13 01:50:00 Finished transferring output files
...
005 (7088345.000.000) 09/13 01:50:00 Job terminated.
	(1) Normal termination (return value 1)
		Usr 0 00:00:02, Sys 0 00:00:01  -  Run Remote Usage
		Usr 0 00:00:00, Sys 0 00:00:00  -  Run Local Usage
		Usr 0 00:00:02, Sys 0 00:00:01  -  Total Remote Usage
		Usr 0 00:00:00, Sys 0 00:00:00  -  Total Local Usage
	1221  -  Run Bytes Sent By Job
	10926  -  Run Bytes Received By Job
	1221  -  Total Bytes Sent By Job
	10926  -  Total Bytes Received By Job
	Partitionable Resources :    Usage  Request Allocated 
	   Cpus                 :        0        1         1 
	   Disk (KB)            :       36       12   2760173 
	   Memory (MB)          :      403     2000      2000 

	Job terminated of its own accord at 2024-09-12T23:50:00Z with exit-code 1.
...
000 (7088353.000.000) 09/13 01:52:30 Job submitted from host: <137.138.55.115:9618?addrs=137.138.55.115-9618+[2001-1458-d00-17--12a]-9618&alias=bigbird23.cern.ch&noUDP&sock=schedd_23881_f548>
...
040 (7088353.000.000) 09/13 01:55:27 Started transferring input files
	Transferring to host: <188.185.198.48:9618?addrs=188.185.198.48-9618+[2001-1458-303-25--100-2c]-9618&alias=b9p15p8318.cern.ch&noUDP&sock=slot1_21_11547_a7ef_36952>
...
040 (7088353.000.000) 09/13 01:55:27 Finished transferring input files
...
001 (7088353.000.000) 09/13 01:55:28 Job executing on host: <188.185.198.48:9618?addrs=188.185.198.48-9618+[2001-1458-303-25--100-2c]-9618&alias=b9p15p8318.cern.ch&noUDP&sock=startd_11496_e0d6>
	SlotName: slot1_21@b9p15p8318.cern.ch
	CondorScratchDir = "/pool/condor/dir_2926373"
	Cpus = 1
	Disk = 2967937
	Memory = 2000
...
006 (7088353.000.000) 09/13 01:55:36 Image size of job updated: 453652
	321  -  MemoryUsage of job (MB)
	328636  -  ResidentSetSize of job (KB)
...
040 (7088353.000.000) 09/13 01:55:36 Started transferring output files
...
040 (7088353.000.000) 09/13 01:55:36 Finished transferring output files
...
005 (7088353.000.000) 09/13 01:55:36 Job terminated.
	(1) Normal termination (return value 1)
		Usr 0 00:00:02, Sys 0 00:00:01  -  Run Remote Usage
		Usr 0 00:00:00, Sys 0 00:00:00  -  Run Local Usage
		Usr 0 00:00:02, Sys 0 00:00:01  -  Total Remote Usage
		Usr 0 00:00:00, Sys 0 00:00:00  -  Total Local Usage
	1221  -  Run Bytes Sent By Job
	10929  -  Run Bytes Received By Job
	1221  -  Total Bytes Sent By Job
	10929  -  Total Bytes Received By Job
	Partitionable Resources :    Usage  Request Allocated 
	   Cpus                 :        0        1         1 
	   Disk (KB)            :       36       12   2967937 
	   Memory (MB)          :      321     2000      2000 

	Job terminated of its own accord at 2024-09-12T23:55:36Z with exit-code 1.
...
000 (7088389.000.000) 09/13 02:14:34 Job submitted from host: <137.138.55.115:9618?addrs=137.138.55.115-9618+[2001-1458-d00-17--12a]-9618&alias=bigbird23.cern.ch&noUDP&sock=schedd_23881_f548>
...
040 (7088389.000.000) 09/13 02:17:26 Started transferring input files
	Transferring to host: <188.184.185.156:9618?addrs=188.184.185.156-9618+[2001-1458-301-52--100-9b]-9618&alias=b9g37p3214.cern.ch&noUDP&sock=slot1_20_3641522_6d2a_17643>
...
040 (7088389.000.000) 09/13 02:17:26 Finished transferring input files
...
001 (7088389.000.000) 09/13 02:17:27 Job executing on host: <188.184.185.156:9618?addrs=188.184.185.156-9618+[2001-1458-301-52--100-9b]-9618&alias=b9g37p3214.cern.ch&noUDP&sock=startd_5249_f4b4>
	SlotName: slot1_20@b9g37p3214.cern.ch
	CondorScratchDir = "/pool/condor/dir_2015353"
	Cpus = 1
	Disk = 2758246
	Memory = 2000
...
006 (7088389.000.000) 09/13 02:17:36 Image size of job updated: 1
	0  -  MemoryUsage of job (MB)
	0  -  ResidentSetSize of job (KB)
...
006 (7088389.000.000) 09/13 02:22:37 Image size of job updated: 670788
	636  -  MemoryUsage of job (MB)
	650868  -  ResidentSetSize of job (KB)
...
006 (7088389.000.000) 09/13 02:27:37 Image size of job updated: 713684
	661  -  MemoryUsage of job (MB)
	675868  -  ResidentSetSize of job (KB)
...
006 (7088389.000.000) 09/13 02:32:37 Image size of job updated: 748744
	700  -  MemoryUsage of job (MB)
	716448  -  ResidentSetSize of job (KB)
...
006 (7088389.000.000) 09/13 02:37:38 Image size of job updated: 771440
	700  -  MemoryUsage of job (MB)
	716448  -  ResidentSetSize of job (KB)
...
006 (7088389.000.000) 09/13 02:42:39 Image size of job updated: 771440
	700  -  MemoryUsage of job (MB)
	716776  -  ResidentSetSize of job (KB)
...
006 (7088389.000.000) 09/13 02:47:39 Image size of job updated: 771440
	704  -  MemoryUsage of job (MB)
	720616  -  ResidentSetSize of job (KB)
...
006 (7088389.000.000) 09/13 21:55:52 Image size of job updated: 1712504
	704  -  MemoryUsage of job (MB)
	720616  -  ResidentSetSize of job (KB)
...
040 (7088389.000.000) 09/13 21:55:53 Started transferring output files
...
040 (7088389.000.000) 09/13 21:55:54 Finished transferring output files
...
005 (7088389.000.000) 09/13 21:55:54 Job terminated.
	(1) Normal termination (return value 0)
		Usr 0 08:26:14, Sys 0 10:47:21  -  Run Remote Usage
		Usr 0 00:00:00, Sys 0 00:00:00  -  Run Local Usage
		Usr 0 08:26:14, Sys 0 10:47:21  -  Total Remote Usage
		Usr 0 00:00:00, Sys 0 00:00:00  -  Total Local Usage
	125610  -  Run Bytes Sent By Job
	10930  -  Run Bytes Received By Job
	125610  -  Total Bytes Sent By Job
	10930  -  Total Bytes Received By Job
	Partitionable Resources :    Usage  Request Allocated 
	   Cpus                 :     0.99        1         1 
	   Disk (KB)            :   155          12   2758246 
	   Memory (MB)          :   704        2000      2000 

	Job terminated of its own accord at 2024-09-13T19:55:52Z with exit-code 0.
...
000 (7407022.000.000) 10/24 18:40:53 Job submitted from host: <137.138.55.115:9618?addrs=137.138.55.115-9618+[2001-1458-d00-17--12a]-9618&alias=bigbird23.cern.ch&noUDP&sock=schedd_4975_03c1>
...
040 (7407022.000.000) 10/24 18:45:07 Started transferring input files
	Transferring to host: <188.185.204.246:9618?addrs=188.185.204.246-9618+[2001-1458-303-8--100-73]-9618&alias=b9p02p7160.cern.ch&noUDP&sock=slot1_27_4459_84ce_85337>
...
040 (7407022.000.000) 10/24 18:45:07 Finished transferring input files
...
001 (7407022.000.000) 10/24 18:45:08 Job executing on host: <188.185.204.246:9618?addrs=188.185.204.246-9618+[2001-1458-303-8--100-73]-9618&alias=b9p02p7160.cern.ch&noUDP&sock=startd_3826_e570>
	SlotName: slot1_27@b9p02p7160.cern.ch
	CondorScratchDir = "/pool/condor/dir_3825188"
	Cpus = 1
	Disk = 2719704
	Memory = 2000
...
006 (7407022.000.000) 10/24 18:45:17 Image size of job updated: 28068
	19  -  MemoryUsage of job (MB)
	19384  -  ResidentSetSize of job (KB)
...
006 (7407022.000.000) 10/24 18:50:17 Image size of job updated: 694556
	305  -  MemoryUsage of job (MB)
	311588  -  ResidentSetSize of job (KB)
...
006 (7407022.000.000) 10/24 18:55:17 Image size of job updated: 694556
	320  -  MemoryUsage of job (MB)
	326756  -  ResidentSetSize of job (KB)
...
006 (7407022.000.000) 10/24 19:00:17 Image size of job updated: 694556
	343  -  MemoryUsage of job (MB)
	350252  -  ResidentSetSize of job (KB)
...
006 (7407022.000.000) 10/24 19:05:17 Image size of job updated: 694556
	379  -  MemoryUsage of job (MB)
	387372  -  ResidentSetSize of job (KB)
...
006 (7407022.000.000) 10/24 19:10:17 Image size of job updated: 694556
	412  -  MemoryUsage of job (MB)
	421420  -  ResidentSetSize of job (KB)
...
006 (7407022.000.000) 10/24 19:20:19 Image size of job updated: 694556
	428  -  MemoryUsage of job (MB)
	437816  -  ResidentSetSize of job (KB)
...
006 (7407022.000.000) 10/24 19:25:19 Image size of job updated: 694556
	459  -  MemoryUsage of job (MB)
	469872  -  ResidentSetSize of job (KB)
...
006 (7407022.000.000) 10/24 19:35:20 Image size of job updated: 694556
	461  -  MemoryUsage of job (MB)
	471728  -  ResidentSetSize of job (KB)
...
006 (7407022.000.000) 10/24 19:45:21 Image size of job updated: 694556
	493  -  MemoryUsage of job (MB)
	504676  -  ResidentSetSize of job (KB)
...
006 (7407022.000.000) 10/24 19:50:22 Image size of job updated: 694556
	517  -  MemoryUsage of job (MB)
	529400  -  ResidentSetSize of job (KB)
...
006 (7407022.000.000) 10/24 19:55:22 Image size of job updated: 694556
	528  -  MemoryUsage of job (MB)
	540672  -  ResidentSetSize of job (KB)
...
006 (7407022.000.000) 10/24 20:00:07 Image size of job updated: 981508
	528  -  MemoryUsage of job (MB)
	540672  -  ResidentSetSize of job (KB)
...
040 (7407022.000.000) 10/24 20:00:07 Started transferring output files
...
040 (7407022.000.000) 10/24 20:00:07 Finished transferring output files
...
005 (7407022.000.000) 10/24 20:00:07 Job terminated.
	(1) Normal termination (return value 0)
		Usr 0 00:41:23, Sys 0 00:31:23  -  Run Remote Usage
		Usr 0 00:00:00, Sys 0 00:00:00  -  Run Local Usage
		Usr 0 00:41:23, Sys 0 00:31:23  -  Total Remote Usage
		Usr 0 00:00:00, Sys 0 00:00:00  -  Total Local Usage
	61535  -  Run Bytes Sent By Job
	10931  -  Run Bytes Received By Job
	61535  -  Total Bytes Sent By Job
	10931  -  Total Bytes Received By Job
	Partitionable Resources :    Usage  Request Allocated 
	   Cpus                 :     0.98        1         1 
	   Disk (KB)            :    97          12   2719704 
	   Memory (MB)          :   528        2000      2000 

	Job terminated of its own accord at 2024-10-24T18:00:07Z with exit-code 0.
...
000 (7709098.000.000) 11/09 21:25:31 Job submitted from host: <137.138.55.115:9618?addrs=137.138.55.115-9618+[2001-1458-d00-17--12a]-9618&alias=bigbird23.cern.ch&noUDP&sock=schedd_4975_03c1>
...
040 (7709098.000.000) 11/09 22:57:16 Started transferring input files
	Transferring to host: <188.184.185.152:9618?addrs=188.184.185.152-9618+[2001-1458-301-52--100-97]-9618&alias=b9g37p1124.cern.ch&noUDP&sock=slot1_9_4870_1aff_14689>
...
040 (7709098.000.000) 11/09 22:57:16 Finished transferring input files
...
001 (7709098.000.000) 11/09 22:57:17 Job executing on host: <188.184.185.152:9618?addrs=188.184.185.152-9618+[2001-1458-301-52--100-97]-9618&alias=b9g37p1124.cern.ch&noUDP&sock=startd_3903_b63b>
	SlotName: slot1_9@b9g37p1124.cern.ch
	CondorScratchDir = "/pool/condor/dir_1189246"
	Cpus = 1
	Disk = 2816186
	Memory = 2000
...
006 (7709098.000.000) 11/09 22:57:26 Image size of job updated: 346712
	339  -  MemoryUsage of job (MB)
	346712  -  ResidentSetSize of job (KB)
...
006 (7709098.000.000) 11/09 22:57:30 Image size of job updated: 410684
	339  -  MemoryUsage of job (MB)
	346712  -  ResidentSetSize of job (KB)
...
040 (7709098.000.000) 11/09 22:57:30 Started transferring output files
...
040 (7709098.000.000) 11/09 22:57:30 Finished transferring output files
...
005 (7709098.000.000) 11/09 22:57:30 Job terminated.
	(1) Normal termination (return value 1)
		Usr 0 00:00:06, Sys 0 00:00:01  -  Run Remote Usage
		Usr 0 00:00:00, Sys 0 00:00:00  -  Run Local Usage
		Usr 0 00:00:06, Sys 0 00:00:01  -  Total Remote Usage
		Usr 0 00:00:00, Sys 0 00:00:00  -  Total Local Usage
	5893  -  Run Bytes Sent By Job
	10834  -  Run Bytes Received By Job
	5893  -  Total Bytes Sent By Job
	10834  -  Total Bytes Received By Job
	Partitionable Resources :    Usage  Request Allocated 
	   Cpus                 :                 1         1 
	   Disk (KB)            :       32       12   2816186 
	   Memory (MB)          :      339     2000      2000 

	Job terminated of its own accord at 2024-11-09T21:57:30Z with exit-code 1.
...
000 (7709619.000.000) 11/10 01:19:52 Job submitted from host: <137.138.55.115:9618?addrs=137.138.55.115-9618+[2001-1458-d00-17--12a]-9618&alias=bigbird23.cern.ch&noUDP&sock=schedd_4975_03c1>
...
040 (7709619.000.000) 11/10 02:50:16 Started transferring input files
	Transferring to host: <188.185.195.48:9618?addrs=188.185.195.48-9618+[2001-1458-303-22--100-2c]-9618&alias=b9p17p8463.cern.ch&noUDP&sock=slot1_11_7505_b38a_25235>
...
040 (7709619.000.000) 11/10 02:50:16 Finished transferring input files
...
001 (7709619.000.000) 11/10 02:50:17 Job executing on host: <188.185.195.48:9618?addrs=188.185.195.48-9618+[2001-1458-303-22--100-2c]-9618&alias=b9p17p8463.cern.ch&noUDP&sock=startd_6538_1a48>
	SlotName: slot1_11@b9p17p8463.cern.ch
	CondorScratchDir = "/pool/condor/dir_592103"
	Cpus = 1
	Disk = 3825
	GPUs = 0
	Memory = 2000
...
006 (7709619.000.000) 11/10 02:50:26 Image size of job updated: 414604
	405  -  MemoryUsage of job (MB)
	414604  -  ResidentSetSize of job (KB)
...
006 (7709619.000.000) 11/10 02:55:27 Image size of job updated: 621196
	607  -  MemoryUsage of job (MB)
	621196  -  ResidentSetSize of job (KB)
...
006 (7709619.000.000) 11/10 03:00:28 Image size of job updated: 663732
	649  -  MemoryUsage of job (MB)
	663732  -  ResidentSetSize of job (KB)
...
006 (7709619.000.000) 11/10 03:05:28 Image size of job updated: 680312
	665  -  MemoryUsage of job (MB)
	680312  -  ResidentSetSize of job (KB)
...
006 (7709619.000.000) 11/10 03:10:29 Image size of job updated: 680312
	666  -  MemoryUsage of job (MB)
	681848  -  ResidentSetSize of job (KB)
...
040 (7709619.000.000) 11/10 04:57:27 Started transferring output files
...
040 (7709619.000.000) 11/10 04:57:27 Finished transferring output files
...
005 (7709619.000.000) 11/10 04:57:27 Job terminated.
	(1) Normal termination (return value 0)
		Usr 0 01:21:59, Sys 0 00:42:13  -  Run Remote Usage
		Usr 0 00:00:00, Sys 0 00:00:00  -  Run Local Usage
		Usr 0 01:21:59, Sys 0 00:42:13  -  Total Remote Usage
		Usr 0 00:00:00, Sys 0 00:00:00  -  Total Local Usage
	61518  -  Run Bytes Sent By Job
	10920  -  Run Bytes Received By Job
	61518  -  Total Bytes Sent By Job
	10920  -  Total Bytes Received By Job
	Partitionable Resources :    Usage  Request Allocated 
	   Cpus                 :     0.97        1         1 
	   Disk (KB)            :    94          12      3825 
	   GPUs                 :                           0 
	   Memory (MB)          :   666        2000      2000 

	Job terminated of its own accord at 2024-11-10T03:57:26Z with exit-code 0.
...
000 (7712810.000.000) 11/10 21:23:54 Job submitted from host: <137.138.55.115:9618?addrs=137.138.55.115-9618+[2001-1458-d00-17--12a]-9618&alias=bigbird23.cern.ch&noUDP&sock=schedd_4975_03c1>
...
040 (7712810.000.000) 11/10 21:25:46 Started transferring input files
	Transferring to host: <188.184.185.34:9618?addrs=188.184.185.34-9618+[2001-1458-301-52--100-21]-9618&alias=b9g37p2729.cern.ch&noUDP&sock=slot1_17_3648039_3e13_14962>
...
040 (7712810.000.000) 11/10 21:25:46 Finished transferring input files
...
001 (7712810.000.000) 11/10 21:25:47 Job executing on host: <188.184.185.34:9618?addrs=188.184.185.34-9618+[2001-1458-301-52--100-21]-9618&alias=b9g37p2729.cern.ch&noUDP&sock=startd_4322_1c69>
	SlotName: slot1_17@b9g37p2729.cern.ch
	CondorScratchDir = "/pool/condor/dir_656855"
	Cpus = 1
	Disk = 2875662
	Memory = 2000
...
006 (7712810.000.000) 11/10 21:25:55 Image size of job updated: 273264
	267  -  MemoryUsage of job (MB)
	273124  -  ResidentSetSize of job (KB)
...
006 (7712810.000.000) 11/10 21:30:55 Image size of job updated: 691252
	657  -  MemoryUsage of job (MB)
	672488  -  ResidentSetSize of job (KB)
...
006 (7712810.000.000) 11/10 21:35:56 Image size of job updated: 732620
	659  -  MemoryUsage of job (MB)
	674100  -  ResidentSetSize of job (KB)
...
006 (7712810.000.000) 11/10 21:40:57 Image size of job updated: 768528
	697  -  MemoryUsage of job (MB)
	712776  -  ResidentSetSize of job (KB)
...
006 (7712810.000.000) 11/10 21:45:57 Image size of job updated: 780384
	697  -  MemoryUsage of job (MB)
	712776  -  ResidentSetSize of job (KB)
...
006 (7712810.000.000) 11/11 00:19:34 Image size of job updated: 984388
	697  -  MemoryUsage of job (MB)
	712776  -  ResidentSetSize of job (KB)
...
040 (7712810.000.000) 11/11 00:19:34 Started transferring output files
...
040 (7712810.000.000) 11/11 00:19:34 Finished transferring output files
...
005 (7712810.000.000) 11/11 00:19:34 Job terminated.
	(1) Normal termination (return value 0)
		Usr 0 01:34:42, Sys 0 01:16:07  -  Run Remote Usage
		Usr 0 00:00:00, Sys 0 00:00:00  -  Run Local Usage
		Usr 0 01:34:42, Sys 0 01:16:07  -  Total Remote Usage
		Usr 0 00:00:00, Sys 0 00:00:00  -  Total Local Usage
	61545  -  Run Bytes Sent By Job
	10924  -  Run Bytes Received By Job
	61545  -  Total Bytes Sent By Job
	10924  -  Total Bytes Received By Job
	Partitionable Resources :    Usage  Request Allocated 
	   Cpus                 :     0.98        1         1 
	   Disk (KB)            :    93          12   2875662 
	   Memory (MB)          :   697        2000      2000 

	Job terminated of its own accord at 2024-11-10T23:19:34Z with exit-code 0.
...
000 (7713873.000.000) 11/11 10:32:39 Job submitted from host: <137.138.55.115:9618?addrs=137.138.55.115-9618+[2001-1458-d00-17--12a]-9618&alias=bigbird23.cern.ch&noUDP&sock=schedd_4975_03c1>
...
040 (7713873.000.000) 11/11 10:34:43 Started transferring input files
	Transferring to host: <188.185.195.167:9618?addrs=188.185.195.167-9618+[2001-1458-303-22--100-a3]-9618&alias=b9p17p1897.cern.ch&noUDP&sock=slot1_8_8244_64c8_26696>
...
040 (7713873.000.000) 11/11 10:34:43 Finished transferring input files
...
001 (7713873.000.000) 11/11 10:34:44 Job executing on host: <188.185.195.167:9618?addrs=188.185.195.167-9618+[2001-1458-303-22--100-a3]-9618&alias=b9p17p1897.cern.ch&noUDP&sock=startd_7349_6197>
	SlotName: slot1_8@b9p17p1897.cern.ch
	CondorScratchDir = "/pool/condor/dir_1925181"
	Cpus = 1
	Disk = 3897
	GPUs = 0
	Memory = 2000
...
006 (7713873.000.000) 11/11 10:34:53 Image size of job updated: 146880
	144  -  MemoryUsage of job (MB)
	146880  -  ResidentSetSize of job (KB)
...
040 (7713873.000.000) 11/11 10:34:57 Started transferring output files
...
040 (7713873.000.000) 11/11 10:34:57 Finished transferring output files
...
005 (7713873.000.000) 11/11 10:34:57 Job terminated.
	(1) Normal termination (return value 1)
		Usr 0 00:00:06, Sys 0 00:00:02  -  Run Remote Usage
		Usr 0 00:00:00, Sys 0 00:00:00  -  Run Local Usage
		Usr 0 00:00:06, Sys 0 00:00:02  -  Total Remote Usage
		Usr 0 00:00:00, Sys 0 00:00:00  -  Total Local Usage
	5028  -  Run Bytes Sent By Job
	10924  -  Run Bytes Received By Job
	5028  -  Total Bytes Sent By Job
	10924  -  Total Bytes Received By Job
	Partitionable Resources :    Usage  Request Allocated 
	   Cpus                 :     0.10        1         1 
	   Disk (KB)            :    40          12      3897 
	   GPUs                 :                           0 
	   Memory (MB)          :   144        2000      2000 

	Job terminated of its own accord at 2024-11-11T09:34:57Z with exit-code 1.
...
000 (7713948.000.000) 11/11 10:59:10 Job submitted from host: <137.138.55.115:9618?addrs=137.138.55.115-9618+[2001-1458-d00-17--12a]-9618&alias=bigbird23.cern.ch&noUDP&sock=schedd_4975_03c1>
...
040 (7713948.000.000) 11/11 11:00:06 Started transferring input files
	Transferring to host: <188.185.193.26:9618?addrs=188.185.193.26-9618+[2001-1458-303-20--100-16]-9618&alias=b9p19p4200.cern.ch&noUDP&sock=slot1_9_2879631_4b04_6237>
...
040 (7713948.000.000) 11/11 11:00:06 Finished transferring input files
...
001 (7713948.000.000) 11/11 11:00:07 Job executing on host: <188.185.193.26:9618?addrs=188.185.193.26-9618+[2001-1458-303-20--100-16]-9618&alias=b9p19p4200.cern.ch&noUDP&sock=startd_128053_4915>
	SlotName: slot1_9@b9p19p4200.cern.ch
	CondorScratchDir = "/pool/condor/dir_4130836"
	Cpus = 1
	Disk = 2974738
	Memory = 2000
...
006 (7713948.000.000) 11/11 11:00:16 Image size of job updated: 1
	0  -  MemoryUsage of job (MB)
	0  -  ResidentSetSize of job (KB)
...
006 (7713948.000.000) 11/11 11:00:40 Image size of job updated: 193036
	3  -  MemoryUsage of job (MB)
	2912  -  ResidentSetSize of job (KB)
...
040 (7713948.000.000) 11/11 11:00:40 Started transferring output files
...
040 (7713948.000.000) 11/11 11:00:40 Finished transferring output files
...
005 (7713948.000.000) 11/11 11:00:41 Job terminated.
	(1) Normal termination (return value 1)
		Usr 0 00:00:05, Sys 0 00:00:01  -  Run Remote Usage
		Usr 0 00:00:00, Sys 0 00:00:00  -  Run Local Usage
		Usr 0 00:00:05, Sys 0 00:00:01  -  Total Remote Usage
		Usr 0 00:00:00, Sys 0 00:00:00  -  Total Local Usage
	4999  -  Run Bytes Sent By Job
	10924  -  Run Bytes Received By Job
	4999  -  Total Bytes Sent By Job
	10924  -  Total Bytes Received By Job
	Partitionable Resources :    Usage  Request Allocated 
	   Cpus                 :        0        1         1 
	   Disk (KB)            :       38       12   2974738 
	   Memory (MB)          :        3     2000      2000 

	Job terminated of its own accord at 2024-11-11T10:00:40Z with exit-code 1.
...
000 (7727947.000.000) 11/13 16:56:38 Job submitted from host: <137.138.55.115:9618?addrs=137.138.55.115-9618+[2001-1458-d00-17--12a]-9618&alias=bigbird23.cern.ch&noUDP&sock=schedd_4975_03c1>
...
040 (7727947.000.000) 11/13 17:05:33 Started transferring input files
	Transferring to host: <188.185.198.54:9618?addrs=188.185.198.54-9618+[2001-1458-303-25--100-32]-9618&alias=b9p15p4535.cern.ch&noUDP&sock=slot1_5_8914_7824_28785>
...
040 (7727947.000.000) 11/13 17:05:34 Finished transferring input files
...
001 (7727947.000.000) 11/13 17:05:34 Job executing on host: <188.185.198.54:9618?addrs=188.185.198.54-9618+[2001-1458-303-25--100-32]-9618&alias=b9p15p4535.cern.ch&noUDP&sock=startd_7767_182d>
	SlotName: slot1_5@b9p15p4535.cern.ch
	CondorScratchDir = "/pool/condor/dir_3354880"
	Cpus = 1
	Disk = 3819
	GPUs = 0
	Memory = 2000
...
006 (7727947.000.000) 11/13 17:05:43 Image size of job updated: 18612
	19  -  MemoryUsage of job (MB)
	18612  -  ResidentSetSize of job (KB)
...
006 (7727947.000.000) 11/13 17:10:44 Image size of job updated: 632300
	618  -  MemoryUsage of job (MB)
	632300  -  ResidentSetSize of job (KB)
...
006 (7727947.000.000) 11/13 17:11:04 Image size of job updated: 632300
	619  -  MemoryUsage of job (MB)
	633096  -  ResidentSetSize of job (KB)
...
040 (7727947.000.000) 11/13 17:11:04 Started transferring output files
...
040 (7727947.000.000) 11/13 17:11:04 Finished transferring output files
...
004 (7727947.000.000) 11/13 17:11:04 Job was evicted.
	(0) CPU times
		Usr 0 00:03:32, Sys 0 00:00:58  -  Run Remote Usage
		Usr 0 00:00:00, Sys 0 00:00:00  -  Run Local Usage
	823728  -  Run Bytes Sent By Job
	10924  -  Run Bytes Received By Job
	Partitionable Resources :    Usage  Request Allocated 
	   Cpus                 :     0.68        1         1 
	   Disk (KB)            :   838          12      3819 
	   GPUs                 :                           0 
	   Memory (MB)          :   619        2000      2000 
...
009 (7727947.000.000) 11/13 17:11:04 Job was aborted.
	via condor_rm (by user fsalerno)
...
000 (7728035.000.000) 11/13 18:08:09 Job submitted from host: <137.138.55.115:9618?addrs=137.138.55.115-9618+[2001-1458-d00-17--12a]-9618&alias=bigbird23.cern.ch&noUDP&sock=schedd_4975_03c1>
...
040 (7728035.000.000) 11/13 20:00:45 Started transferring input files
	Transferring to host: <188.185.196.97:9618?addrs=188.185.196.97-9618+[2001-1458-303-23--100-5d]-9618&alias=b9p16p8550.cern.ch&noUDP&sock=slot1_30_2800071_1361_9168>
...
040 (7728035.000.000) 11/13 20:00:45 Finished transferring input files
...
001 (7728035.000.000) 11/13 20:00:46 Job executing on host: <188.185.196.97:9618?addrs=188.185.196.97-9618+[2001-1458-303-23--100-5d]-9618&alias=b9p16p8550.cern.ch&noUDP&sock=startd_7886_b7f2>
	SlotName: slot1_30@b9p16p8550.cern.ch
	CondorScratchDir = "/pool/condor/dir_3046674"
	Cpus = 1
	Disk = 2957060
	Memory = 2000
...
006 (7728035.000.000) 11/13 20:00:54 Image size of job updated: 201364
	197  -  MemoryUsage of job (MB)
	201364  -  ResidentSetSize of job (KB)
...
006 (7728035.000.000) 11/13 20:05:54 Image size of job updated: 285496
	243  -  MemoryUsage of job (MB)
	247904  -  ResidentSetSize of job (KB)
...
006 (7728035.000.000) 11/13 20:10:55 Image size of job updated: 315648
	269  -  MemoryUsage of job (MB)
	275076  -  ResidentSetSize of job (KB)
...
006 (7728035.000.000) 11/13 20:15:55 Image size of job updated: 346800
	294  -  MemoryUsage of job (MB)
	300068  -  ResidentSetSize of job (KB)
...
006 (7728035.000.000) 11/13 20:20:55 Image size of job updated: 365088
	300  -  MemoryUsage of job (MB)
	306212  -  ResidentSetSize of job (KB)
...
006 (7728035.000.000) 11/13 20:25:56 Image size of job updated: 365088
	341  -  MemoryUsage of job (MB)
	348464  -  ResidentSetSize of job (KB)
...
006 (7728035.000.000) 11/13 20:30:57 Image size of job updated: 365088
	345  -  MemoryUsage of job (MB)
	352816  -  ResidentSetSize of job (KB)
...
006 (7728035.000.000) 11/13 20:35:57 Image size of job updated: 372868
	348  -  MemoryUsage of job (MB)
	355704  -  ResidentSetSize of job (KB)
...
006 (7728035.000.000) 11/13 20:40:57 Image size of job updated: 381144
	352  -  MemoryUsage of job (MB)
	359676  -  ResidentSetSize of job (KB)
...
006 (7728035.000.000) 11/13 20:45:58 Image size of job updated: 398328
	357  -  MemoryUsage of job (MB)
	365300  -  ResidentSetSize of job (KB)
...
006 (7728035.000.000) 11/13 20:50:59 Image size of job updated: 405728
	385  -  MemoryUsage of job (MB)
	393500  -  ResidentSetSize of job (KB)
...
006 (7728035.000.000) 11/13 20:55:59 Image size of job updated: 412656
	393  -  MemoryUsage of job (MB)
	401460  -  ResidentSetSize of job (KB)
...
006 (7728035.000.000) 11/13 21:01:00 Image size of job updated: 419916
	393  -  MemoryUsage of job (MB)
	401460  -  ResidentSetSize of job (KB)
...
006 (7728035.000.000) 11/13 21:06:00 Image size of job updated: 428296
	397  -  MemoryUsage of job (MB)
	405880  -  ResidentSetSize of job (KB)
...
006 (7728035.000.000) 11/13 21:11:01 Image size of job updated: 434940
	397  -  MemoryUsage of job (MB)
	405880  -  ResidentSetSize of job (KB)
...
006 (7728035.000.000) 11/13 21:16:01 Image size of job updated: 441024
	423  -  MemoryUsage of job (MB)
	432904  -  ResidentSetSize of job (KB)
...
006 (7728035.000.000) 11/13 21:21:02 Image size of job updated: 447004
	423  -  MemoryUsage of job (MB)
	432904  -  ResidentSetSize of job (KB)
...
006 (7728035.000.000) 11/13 21:26:02 Image size of job updated: 452956
	423  -  MemoryUsage of job (MB)
	432904  -  ResidentSetSize of job (KB)
...
006 (7728035.000.000) 11/13 21:31:03 Image size of job updated: 458672
	423  -  MemoryUsage of job (MB)
	432904  -  ResidentSetSize of job (KB)
...
006 (7728035.000.000) 11/13 21:36:03 Image size of job updated: 464196
	436  -  MemoryUsage of job (MB)
	446324  -  ResidentSetSize of job (KB)
...
006 (7728035.000.000) 11/13 21:41:03 Image size of job updated: 469852
	436  -  MemoryUsage of job (MB)
	446324  -  ResidentSetSize of job (KB)
...
006 (7728035.000.000) 11/13 21:46:04 Image size of job updated: 473408
	463  -  MemoryUsage of job (MB)
	473124  -  ResidentSetSize of job (KB)
...
006 (7728035.000.000) 11/13 21:51:04 Image size of job updated: 476728
	463  -  MemoryUsage of job (MB)
	473124  -  ResidentSetSize of job (KB)
...
006 (7728035.000.000) 11/13 21:54:21 Image size of job updated: 798816
	463  -  MemoryUsage of job (MB)
	473124  -  ResidentSetSize of job (KB)
...
040 (7728035.000.000) 11/13 21:54:23 Started transferring output files
...
040 (7728035.000.000) 11/13 21:54:25 Finished transferring output files
...
005 (7728035.000.000) 11/13 21:54:25 Job terminated.
	(1) Normal termination (return value 0)
		Usr 0 01:14:45, Sys 0 00:37:58  -  Run Remote Usage
		Usr 0 00:00:00, Sys 0 00:00:00  -  Run Local Usage
		Usr 0 01:14:45, Sys 0 00:37:58  -  Total Remote Usage
		Usr 0 00:00:00, Sys 0 00:00:00  -  Total Local Usage
	4054405  -  Run Bytes Sent By Job
	10924  -  Run Bytes Received By Job
	4054405  -  Total Bytes Sent By Job
	10924  -  Total Bytes Received By Job
	Partitionable Resources :    Usage  Request Allocated 
	   Cpus                 :     0.99        1         1 
	   Disk (KB)            :  3993          12   2957060 
	   Memory (MB)          :   463        2000      2000 

	Job terminated of its own accord at 2024-11-13T20:54:21Z with exit-code 0.
...
