000 (6753374.000.000) 06/10 18:33:11 Job submitted from host: <137.138.55.115:9618?addrs=137.138.55.115-9618+[2001-1458-d00-17--12a]-9618&alias=bigbird23.cern.ch&noUDP&sock=schedd_23881_f548>
...
040 (6753374.000.000) 06/10 18:34:03 Started transferring input files
	Transferring to host: <128.142.59.112:9618?addrs=128.142.59.112-9618&alias=b7s04p8697.cern.ch&noUDP&sock=slot1_7_6951_5bb4_161233>
...
040 (6753374.000.000) 06/10 18:34:03 Finished transferring input files
...
001 (6753374.000.000) 06/10 18:34:04 Job executing on host: <128.142.59.112:9618?addrs=128.142.59.112-9618&alias=b7s04p8697.cern.ch&noUDP&sock=startd_6864_b628>
	SlotName: slot1_7@b7s04p8697.cern.ch
...
006 (6753374.000.000) 06/10 18:34:13 Image size of job updated: 287420
	141  -  MemoryUsage of job (MB)
	143556  -  ResidentSetSize of job (KB)
...
006 (6753374.000.000) 06/10 18:39:14 Image size of job updated: 975940
	226  -  MemoryUsage of job (MB)
	230788  -  ResidentSetSize of job (KB)
...
006 (6753374.000.000) 06/10 18:44:15 Image size of job updated: 1016620
	299  -  MemoryUsage of job (MB)
	305288  -  ResidentSetSize of job (KB)
...
006 (6753374.000.000) 06/10 18:49:15 Image size of job updated: 1036912
	299  -  MemoryUsage of job (MB)
	305288  -  ResidentSetSize of job (KB)
...
006 (6753374.000.000) 06/10 18:59:17 Image size of job updated: 1036912
	302  -  MemoryUsage of job (MB)
	308432  -  ResidentSetSize of job (KB)
...
006 (6753374.000.000) 06/10 19:04:17 Image size of job updated: 1042272
	320  -  MemoryUsage of job (MB)
	327152  -  ResidentSetSize of job (KB)
...
006 (6753374.000.000) 06/10 19:09:18 Image size of job updated: 1051024
	331  -  MemoryUsage of job (MB)
	338384  -  ResidentSetSize of job (KB)
...
006 (6753374.000.000) 06/10 19:14:19 Image size of job updated: 1058980
	331  -  MemoryUsage of job (MB)
	338384  -  ResidentSetSize of job (KB)
...
006 (6753374.000.000) 06/10 19:19:19 Image size of job updated: 1066256
	340  -  MemoryUsage of job (MB)
	348000  -  ResidentSetSize of job (KB)
...
006 (6753374.000.000) 06/10 19:24:20 Image size of job updated: 1073684
	340  -  MemoryUsage of job (MB)
	348000  -  ResidentSetSize of job (KB)
...
006 (6753374.000.000) 06/10 19:29:21 Image size of job updated: 1080936
	340  -  MemoryUsage of job (MB)
	348112  -  ResidentSetSize of job (KB)
...
006 (6753374.000.000) 06/10 19:34:21 Image size of job updated: 1087212
	344  -  MemoryUsage of job (MB)
	351992  -  ResidentSetSize of job (KB)
...
006 (6753374.000.000) 06/10 19:39:22 Image size of job updated: 1093376
	365  -  MemoryUsage of job (MB)
	373020  -  ResidentSetSize of job (KB)
...
006 (6753374.000.000) 06/10 19:44:23 Image size of job updated: 1100552
	377  -  MemoryUsage of job (MB)
	385128  -  ResidentSetSize of job (KB)
...
006 (6753374.000.000) 06/10 19:49:23 Image size of job updated: 1106144
	382  -  MemoryUsage of job (MB)
	390900  -  ResidentSetSize of job (KB)
...
006 (6753374.000.000) 06/10 19:54:23 Image size of job updated: 1111916
	382  -  MemoryUsage of job (MB)
	390900  -  ResidentSetSize of job (KB)
...
006 (6753374.000.000) 06/10 19:59:24 Image size of job updated: 1119096
	382  -  MemoryUsage of job (MB)
	390900  -  ResidentSetSize of job (KB)
...
006 (6753374.000.000) 06/10 20:04:24 Image size of job updated: 1123880
	384  -  MemoryUsage of job (MB)
	393180  -  ResidentSetSize of job (KB)
...
006 (6753374.000.000) 06/10 20:09:24 Image size of job updated: 1129344
	392  -  MemoryUsage of job (MB)
	400996  -  ResidentSetSize of job (KB)
...
006 (6753374.000.000) 06/10 20:13:47 Image size of job updated: 1134008
	392  -  MemoryUsage of job (MB)
	400996  -  ResidentSetSize of job (KB)
...
040 (6753374.000.000) 06/10 20:13:48 Started transferring output files
...
040 (6753374.000.000) 06/10 20:13:48 Finished transferring output files
...
005 (6753374.000.000) 06/10 20:13:48 Job terminated.
	(1) Normal termination (return value 0)
		Usr 0 00:32:38, Sys 0 01:05:36  -  Run Remote Usage
		Usr 0 00:00:00, Sys 0 00:00:00  -  Run Local Usage
		Usr 0 00:32:38, Sys 0 01:05:36  -  Total Remote Usage
		Usr 0 00:00:00, Sys 0 00:00:00  -  Total Local Usage
	33657  -  Run Bytes Sent By Job
	10929  -  Run Bytes Received By Job
	33657  -  Total Bytes Sent By Job
	10929  -  Total Bytes Received By Job
	Partitionable Resources :    Usage  Request Allocated 
	   Cpus                 :     0.99        1         1 
	   Disk (KB)            :    64          12   1186126 
	   Memory (MB)          :   392        2000      2000 

	Job terminated of its own accord at 2024-06-10T18:13:47Z with exit-code 0.
...
000 (6781841.000.000) 06/16 18:30:02 Job submitted from host: <137.138.55.115:9618?addrs=137.138.55.115-9618+[2001-1458-d00-17--12a]-9618&alias=bigbird23.cern.ch&noUDP&sock=schedd_23881_f548>
...
040 (6781841.000.000) 06/16 18:56:04 Started transferring input files
	Transferring to host: <128.142.59.14:9618?addrs=128.142.59.14-9618&alias=b7s04p3770.cern.ch&noUDP&sock=slot1_6_7484_e7a9_169734>
...
040 (6781841.000.000) 06/16 18:56:04 Finished transferring input files
...
001 (6781841.000.000) 06/16 18:56:05 Job executing on host: <128.142.59.14:9618?addrs=128.142.59.14-9618&alias=b7s04p3770.cern.ch&noUDP&sock=startd_7431_a05b>
	SlotName: slot1_6@b7s04p3770.cern.ch
...
006 (6781841.000.000) 06/16 18:56:14 Image size of job updated: 126248
	14  -  MemoryUsage of job (MB)
	14148  -  ResidentSetSize of job (KB)
...
006 (6781841.000.000) 06/16 19:01:15 Image size of job updated: 975892
	238  -  MemoryUsage of job (MB)
	243180  -  ResidentSetSize of job (KB)
...
006 (6781841.000.000) 06/16 19:06:15 Image size of job updated: 999604
	275  -  MemoryUsage of job (MB)
	280752  -  ResidentSetSize of job (KB)
...
006 (6781841.000.000) 06/16 19:11:15 Image size of job updated: 1025292
	275  -  MemoryUsage of job (MB)
	280752  -  ResidentSetSize of job (KB)
...
006 (6781841.000.000) 06/16 19:21:16 Image size of job updated: 1031552
	298  -  MemoryUsage of job (MB)
	304680  -  ResidentSetSize of job (KB)
...
006 (6781841.000.000) 06/16 19:26:16 Image size of job updated: 1041260
	322  -  MemoryUsage of job (MB)
	328968  -  ResidentSetSize of job (KB)
...
006 (6781841.000.000) 06/16 19:31:17 Image size of job updated: 1050288
	324  -  MemoryUsage of job (MB)
	331224  -  ResidentSetSize of job (KB)
...
006 (6781841.000.000) 06/16 19:36:17 Image size of job updated: 1058252
	324  -  MemoryUsage of job (MB)
	331224  -  ResidentSetSize of job (KB)
...
006 (6781841.000.000) 06/16 19:41:17 Image size of job updated: 1066712
	324  -  MemoryUsage of job (MB)
	331224  -  ResidentSetSize of job (KB)
...
006 (6781841.000.000) 06/16 19:46:18 Image size of job updated: 1074344
	324  -  MemoryUsage of job (MB)
	331224  -  ResidentSetSize of job (KB)
...
006 (6781841.000.000) 06/16 19:51:19 Image size of job updated: 1081708
	324  -  MemoryUsage of job (MB)
	331224  -  ResidentSetSize of job (KB)
...
006 (6781841.000.000) 06/16 19:56:19 Image size of job updated: 1089052
	324  -  MemoryUsage of job (MB)
	331224  -  ResidentSetSize of job (KB)
...
006 (6781841.000.000) 06/16 20:01:20 Image size of job updated: 1094724
	363  -  MemoryUsage of job (MB)
	371152  -  ResidentSetSize of job (KB)
...
006 (6781841.000.000) 06/16 20:06:21 Image size of job updated: 1101996
	374  -  MemoryUsage of job (MB)
	382748  -  ResidentSetSize of job (KB)
...
006 (6781841.000.000) 06/16 20:11:21 Image size of job updated: 1107600
	374  -  MemoryUsage of job (MB)
	382748  -  ResidentSetSize of job (KB)
...
006 (6781841.000.000) 06/16 20:16:22 Image size of job updated: 1119492
	378  -  MemoryUsage of job (MB)
	386916  -  ResidentSetSize of job (KB)
...
006 (6781841.000.000) 06/16 20:21:23 Image size of job updated: 1126200
	408  -  MemoryUsage of job (MB)
	417784  -  ResidentSetSize of job (KB)
...
006 (6781841.000.000) 06/16 20:26:23 Image size of job updated: 1133588
	412  -  MemoryUsage of job (MB)
	421392  -  ResidentSetSize of job (KB)
...
006 (6781841.000.000) 06/16 20:31:23 Image size of job updated: 1136748
	417  -  MemoryUsage of job (MB)
	426780  -  ResidentSetSize of job (KB)
...
006 (6781841.000.000) 06/16 20:33:50 Image size of job updated: 1138292
	417  -  MemoryUsage of job (MB)
	426780  -  ResidentSetSize of job (KB)
...
040 (6781841.000.000) 06/16 20:33:50 Started transferring output files
...
040 (6781841.000.000) 06/16 20:33:50 Finished transferring output files
...
005 (6781841.000.000) 06/16 20:33:51 Job terminated.
	(1) Normal termination (return value 0)
		Usr 0 00:32:27, Sys 0 01:04:28  -  Run Remote Usage
		Usr 0 00:00:00, Sys 0 00:00:00  -  Run Local Usage
		Usr 0 00:32:27, Sys 0 01:04:28  -  Total Remote Usage
		Usr 0 00:00:00, Sys 0 00:00:00  -  Total Local Usage
	1174503  -  Run Bytes Sent By Job
	10916  -  Run Bytes Received By Job
	1174503  -  Total Bytes Sent By Job
	10916  -  Total Bytes Received By Job
	Partitionable Resources :    Usage  Request Allocated 
	   Cpus                 :     0.99        1         1 
	   Disk (KB)            :  1178          12   1128483 
	   Memory (MB)          :   417        2000      2000 

	Job terminated of its own accord at 2024-06-16T18:33:50Z with exit-code 0.
...
000 (6806084.000.000) 06/19 23:16:52 Job submitted from host: <137.138.55.115:9618?addrs=137.138.55.115-9618+[2001-1458-d00-17--12a]-9618&alias=bigbird23.cern.ch&noUDP&sock=schedd_23881_f548>
...
040 (6806084.000.000) 06/20 01:43:53 Started transferring input files
	Transferring to host: <128.142.59.147:9618?addrs=128.142.59.147-9618&alias=b7s04p2767.cern.ch&noUDP&sock=slot1_12_7045_96f8_174415>
...
040 (6806084.000.000) 06/20 01:43:54 Finished transferring input files
...
001 (6806084.000.000) 06/20 01:43:54 Job executing on host: <128.142.59.147:9618?addrs=128.142.59.147-9618&alias=b7s04p2767.cern.ch&noUDP&sock=startd_6978_e7f4>
	SlotName: slot1_12@b7s04p2767.cern.ch
...
006 (6806084.000.000) 06/20 01:44:03 Image size of job updated: 272604
	127  -  MemoryUsage of job (MB)
	129028  -  ResidentSetSize of job (KB)
...
006 (6806084.000.000) 06/20 01:49:03 Image size of job updated: 981620
	257  -  MemoryUsage of job (MB)
	262224  -  ResidentSetSize of job (KB)
...
006 (6806084.000.000) 06/20 01:54:03 Image size of job updated: 1016536
	273  -  MemoryUsage of job (MB)
	278760  -  ResidentSetSize of job (KB)
...
006 (6806084.000.000) 06/20 01:59:04 Image size of job updated: 1041092
	276  -  MemoryUsage of job (MB)
	282432  -  ResidentSetSize of job (KB)
...
006 (6806084.000.000) 06/20 02:04:04 Image size of job updated: 1041092
	308  -  MemoryUsage of job (MB)
	314960  -  ResidentSetSize of job (KB)
...
006 (6806084.000.000) 06/20 02:14:05 Image size of job updated: 1042596
	308  -  MemoryUsage of job (MB)
	314960  -  ResidentSetSize of job (KB)
...
006 (6806084.000.000) 06/20 02:19:06 Image size of job updated: 1051372
	314  -  MemoryUsage of job (MB)
	321484  -  ResidentSetSize of job (KB)
...
006 (6806084.000.000) 06/20 02:24:06 Image size of job updated: 1060252
	342  -  MemoryUsage of job (MB)
	349576  -  ResidentSetSize of job (KB)
...
006 (6806084.000.000) 06/20 02:29:07 Image size of job updated: 1068656
	343  -  MemoryUsage of job (MB)
	350908  -  ResidentSetSize of job (KB)
...
006 (6806084.000.000) 06/20 02:34:08 Image size of job updated: 1076588
	350  -  MemoryUsage of job (MB)
	357556  -  ResidentSetSize of job (KB)
...
006 (6806084.000.000) 06/20 02:39:08 Image size of job updated: 1084852
	356  -  MemoryUsage of job (MB)
	363700  -  ResidentSetSize of job (KB)
...
006 (6806084.000.000) 06/20 02:44:08 Image size of job updated: 1092456
	356  -  MemoryUsage of job (MB)
	363700  -  ResidentSetSize of job (KB)
...
006 (6806084.000.000) 06/20 02:49:09 Image size of job updated: 1099660
	377  -  MemoryUsage of job (MB)
	385508  -  ResidentSetSize of job (KB)
...
006 (6806084.000.000) 06/20 02:54:10 Image size of job updated: 1107828
	377  -  MemoryUsage of job (MB)
	385508  -  ResidentSetSize of job (KB)
...
006 (6806084.000.000) 06/20 02:59:10 Image size of job updated: 1112624
	377  -  MemoryUsage of job (MB)
	385508  -  ResidentSetSize of job (KB)
...
006 (6806084.000.000) 06/20 03:04:11 Image size of job updated: 1121772
	377  -  MemoryUsage of job (MB)
	385508  -  ResidentSetSize of job (KB)
...
006 (6806084.000.000) 06/20 03:09:12 Image size of job updated: 1126952
	399  -  MemoryUsage of job (MB)
	408032  -  ResidentSetSize of job (KB)
...
006 (6806084.000.000) 06/20 03:14:12 Image size of job updated: 1132616
	405  -  MemoryUsage of job (MB)
	414616  -  ResidentSetSize of job (KB)
...
006 (6806084.000.000) 06/20 03:19:12 Image size of job updated: 1138856
	405  -  MemoryUsage of job (MB)
	414616  -  ResidentSetSize of job (KB)
...
006 (6806084.000.000) 06/20 03:24:13 Image size of job updated: 1146736
	415  -  MemoryUsage of job (MB)
	424660  -  ResidentSetSize of job (KB)
...
006 (6806084.000.000) 06/20 03:29:13 Image size of job updated: 1149504
	421  -  MemoryUsage of job (MB)
	430848  -  ResidentSetSize of job (KB)
...
006 (6806084.000.000) 06/20 03:34:13 Image size of job updated: 1156432
	432  -  MemoryUsage of job (MB)
	442216  -  ResidentSetSize of job (KB)
...
006 (6806084.000.000) 06/20 03:39:14 Image size of job updated: 1160220
	442  -  MemoryUsage of job (MB)
	452112  -  ResidentSetSize of job (KB)
...
006 (6806084.000.000) 06/20 03:44:15 Image size of job updated: 1167072
	442  -  MemoryUsage of job (MB)
	452344  -  ResidentSetSize of job (KB)
...
006 (6806084.000.000) 06/20 03:49:15 Image size of job updated: 1169872
	444  -  MemoryUsage of job (MB)
	454604  -  ResidentSetSize of job (KB)
...
006 (6806084.000.000) 06/20 03:54:15 Image size of job updated: 1175940
	444  -  MemoryUsage of job (MB)
	454604  -  ResidentSetSize of job (KB)
...
006 (6806084.000.000) 06/20 03:59:16 Image size of job updated: 1180964
	444  -  MemoryUsage of job (MB)
	454604  -  ResidentSetSize of job (KB)
...
006 (6806084.000.000) 06/20 04:04:16 Image size of job updated: 1185884
	444  -  MemoryUsage of job (MB)
	454604  -  ResidentSetSize of job (KB)
...
006 (6806084.000.000) 06/20 04:09:16 Image size of job updated: 1190884
	444  -  MemoryUsage of job (MB)
	454604  -  ResidentSetSize of job (KB)
...
006 (6806084.000.000) 06/20 04:14:17 Image size of job updated: 1196776
	444  -  MemoryUsage of job (MB)
	454604  -  ResidentSetSize of job (KB)
...
006 (6806084.000.000) 06/20 04:19:18 Image size of job updated: 1200872
	444  -  MemoryUsage of job (MB)
	454604  -  ResidentSetSize of job (KB)
...
006 (6806084.000.000) 06/20 04:24:18 Image size of job updated: 1204872
	451  -  MemoryUsage of job (MB)
	461416  -  ResidentSetSize of job (KB)
...
006 (6806084.000.000) 06/20 04:29:19 Image size of job updated: 1206992
	451  -  MemoryUsage of job (MB)
	461416  -  ResidentSetSize of job (KB)
...
006 (6806084.000.000) 06/20 04:34:20 Image size of job updated: 1211380
	451  -  MemoryUsage of job (MB)
	461416  -  ResidentSetSize of job (KB)
...
006 (6806084.000.000) 06/20 04:39:20 Image size of job updated: 1221000
	451  -  MemoryUsage of job (MB)
	461416  -  ResidentSetSize of job (KB)
...
006 (6806084.000.000) 06/20 04:44:20 Image size of job updated: 1233588
	451  -  MemoryUsage of job (MB)
	461416  -  ResidentSetSize of job (KB)
...
006 (6806084.000.000) 06/20 04:54:21 Image size of job updated: 1239512
	451  -  MemoryUsage of job (MB)
	461416  -  ResidentSetSize of job (KB)
...
006 (6806084.000.000) 06/20 04:59:21 Image size of job updated: 1242556
	451  -  MemoryUsage of job (MB)
	461416  -  ResidentSetSize of job (KB)
...
006 (6806084.000.000) 06/20 05:04:22 Image size of job updated: 1247708
	451  -  MemoryUsage of job (MB)
	461416  -  ResidentSetSize of job (KB)
...
006 (6806084.000.000) 06/20 05:14:22 Image size of job updated: 1252580
	451  -  MemoryUsage of job (MB)
	461416  -  ResidentSetSize of job (KB)
...
006 (6806084.000.000) 06/20 05:19:23 Image size of job updated: 1255524
	454  -  MemoryUsage of job (MB)
	464120  -  ResidentSetSize of job (KB)
...
006 (6806084.000.000) 06/20 05:24:24 Image size of job updated: 1258776
	454  -  MemoryUsage of job (MB)
	464120  -  ResidentSetSize of job (KB)
...
006 (6806084.000.000) 06/20 05:29:24 Image size of job updated: 1261988
	454  -  MemoryUsage of job (MB)
	464120  -  ResidentSetSize of job (KB)
...
006 (6806084.000.000) 06/20 05:39:26 Image size of job updated: 1269452
	454  -  MemoryUsage of job (MB)
	464120  -  ResidentSetSize of job (KB)
...
006 (6806084.000.000) 06/20 05:44:26 Image size of job updated: 1272676
	465  -  MemoryUsage of job (MB)
	475724  -  ResidentSetSize of job (KB)
...
006 (6806084.000.000) 06/20 05:49:27 Image size of job updated: 1272676
	509  -  MemoryUsage of job (MB)
	520340  -  ResidentSetSize of job (KB)
...
006 (6806084.000.000) 06/20 05:54:28 Image size of job updated: 1277484
	517  -  MemoryUsage of job (MB)
	528828  -  ResidentSetSize of job (KB)
...
006 (6806084.000.000) 06/20 05:59:28 Image size of job updated: 1279652
	517  -  MemoryUsage of job (MB)
	528828  -  ResidentSetSize of job (KB)
...
006 (6806084.000.000) 06/20 06:04:28 Image size of job updated: 1283416
	517  -  MemoryUsage of job (MB)
	528828  -  ResidentSetSize of job (KB)
...
006 (6806084.000.000) 06/20 06:09:30 Image size of job updated: 1286968
	517  -  MemoryUsage of job (MB)
	528828  -  ResidentSetSize of job (KB)
...
006 (6806084.000.000) 06/20 06:14:30 Image size of job updated: 1288924
	517  -  MemoryUsage of job (MB)
	528828  -  ResidentSetSize of job (KB)
...
006 (6806084.000.000) 06/20 06:24:31 Image size of job updated: 1296868
	517  -  MemoryUsage of job (MB)
	528876  -  ResidentSetSize of job (KB)
...
006 (6806084.000.000) 06/20 06:29:32 Image size of job updated: 1299168
	519  -  MemoryUsage of job (MB)
	530912  -  ResidentSetSize of job (KB)
...
006 (6806084.000.000) 06/20 06:34:32 Image size of job updated: 1303052
	525  -  MemoryUsage of job (MB)
	536736  -  ResidentSetSize of job (KB)
...
006 (6806084.000.000) 06/20 07:14:37 Image size of job updated: 1303052
	525  -  MemoryUsage of job (MB)
	537080  -  ResidentSetSize of job (KB)
...
006 (6806084.000.000) 06/20 07:19:37 Image size of job updated: 1303052
	532  -  MemoryUsage of job (MB)
	544372  -  ResidentSetSize of job (KB)
...
006 (6806084.000.000) 06/20 09:04:46 Image size of job updated: 1303052
	538  -  MemoryUsage of job (MB)
	550372  -  ResidentSetSize of job (KB)
...
006 (6806084.000.000) 06/20 09:39:51 Image size of job updated: 1303052
	577  -  MemoryUsage of job (MB)
	590080  -  ResidentSetSize of job (KB)
...
006 (6806084.000.000) 06/20 09:49:52 Image size of job updated: 1304040
	577  -  MemoryUsage of job (MB)
	590080  -  ResidentSetSize of job (KB)
...
006 (6806084.000.000) 06/20 09:54:52 Image size of job updated: 1305476
	577  -  MemoryUsage of job (MB)
	590080  -  ResidentSetSize of job (KB)
...
000 (6806768.000.000) 06/20 09:56:32 Job submitted from host: <137.138.55.115:9618?addrs=137.138.55.115-9618+[2001-1458-d00-17--12a]-9618&alias=bigbird23.cern.ch&noUDP&sock=schedd_23881_f548>
...
040 (6806768.000.000) 06/20 09:57:59 Started transferring input files
	Transferring to host: <128.142.57.84:9618?addrs=128.142.57.84-9618+[2001-1458-301-7--100-53]-9618&alias=b7s02p4931.cern.ch&noUDP&sock=slot1_2_33544_884d_165383>
...
001 (6806768.000.000) 06/20 09:58:02 Job executing on host: <128.142.57.84:9618?addrs=128.142.57.84-9618+[2001-1458-301-7--100-53]-9618&alias=b7s02p4931.cern.ch&noUDP&sock=startd_33506_e856>
	SlotName: slot1_2@b7s02p4931.cern.ch
...
040 (6806768.000.000) 06/20 09:58:02 Finished transferring input files
...
006 (6806768.000.000) 06/20 09:58:11 Image size of job updated: 527980
	49  -  MemoryUsage of job (MB)
	49160  -  ResidentSetSize of job (KB)
...
040 (6806768.000.000) 06/20 09:58:19 Started transferring output files
...
040 (6806768.000.000) 06/20 09:58:19 Finished transferring output files
...
005 (6806768.000.000) 06/20 09:58:20 Job terminated.
	(1) Normal termination (return value 1)
		Usr 0 00:00:03, Sys 0 00:00:01  -  Run Remote Usage
		Usr 0 00:00:00, Sys 0 00:00:00  -  Run Local Usage
		Usr 0 00:00:03, Sys 0 00:00:01  -  Total Remote Usage
		Usr 0 00:00:00, Sys 0 00:00:00  -  Total Local Usage
	5422  -  Run Bytes Sent By Job
	10950  -  Run Bytes Received By Job
	5422  -  Total Bytes Sent By Job
	10950  -  Total Bytes Received By Job
	Partitionable Resources :    Usage  Request Allocated 
	   Cpus                 :                 1         1 
	   Disk (KB)            :       30       12   1194229 
	   Memory (MB)          :       49     2000      2000 

	Job terminated of its own accord at 2024-06-20T07:58:19Z with exit-code 1.
...
006 (6806084.000.000) 06/20 09:59:53 Image size of job updated: 1307008
	577  -  MemoryUsage of job (MB)
	590080  -  ResidentSetSize of job (KB)
...
006 (6806084.000.000) 06/20 10:04:53 Image size of job updated: 1308500
	577  -  MemoryUsage of job (MB)
	590080  -  ResidentSetSize of job (KB)
...
006 (6806084.000.000) 06/20 10:09:53 Image size of job updated: 1309896
	577  -  MemoryUsage of job (MB)
	590080  -  ResidentSetSize of job (KB)
...
006 (6806084.000.000) 06/20 10:14:54 Image size of job updated: 1311392
	577  -  MemoryUsage of job (MB)
	590080  -  ResidentSetSize of job (KB)
...
006 (6806084.000.000) 06/20 10:19:55 Image size of job updated: 1312820
	577  -  MemoryUsage of job (MB)
	590080  -  ResidentSetSize of job (KB)
...
006 (6806084.000.000) 06/20 10:24:56 Image size of job updated: 1314220
	577  -  MemoryUsage of job (MB)
	590080  -  ResidentSetSize of job (KB)
...
006 (6806084.000.000) 06/20 10:29:56 Image size of job updated: 1315560
	577  -  MemoryUsage of job (MB)
	590080  -  ResidentSetSize of job (KB)
...
006 (6806084.000.000) 06/20 10:34:56 Image size of job updated: 1316808
	577  -  MemoryUsage of job (MB)
	590080  -  ResidentSetSize of job (KB)
...
006 (6806084.000.000) 06/20 10:39:56 Image size of job updated: 1318064
	577  -  MemoryUsage of job (MB)
	590080  -  ResidentSetSize of job (KB)
...
006 (6806084.000.000) 06/20 10:44:56 Image size of job updated: 1319752
	577  -  MemoryUsage of job (MB)
	590080  -  ResidentSetSize of job (KB)
...
000 (6806850.000.000) 06/20 10:48:28 Job submitted from host: <137.138.55.115:9618?addrs=137.138.55.115-9618+[2001-1458-d00-17--12a]-9618&alias=bigbird23.cern.ch&noUDP&sock=schedd_23881_f548>
...
006 (6806084.000.000) 06/20 10:49:56 Image size of job updated: 1321076
	577  -  MemoryUsage of job (MB)
	590080  -  ResidentSetSize of job (KB)
...
006 (6806084.000.000) 06/20 10:54:57 Image size of job updated: 1322248
	577  -  MemoryUsage of job (MB)
	590080  -  ResidentSetSize of job (KB)
...
006 (6806084.000.000) 06/20 10:59:58 Image size of job updated: 1324616
	577  -  MemoryUsage of job (MB)
	590080  -  ResidentSetSize of job (KB)
...
006 (6806084.000.000) 06/20 11:04:59 Image size of job updated: 1325376
	577  -  MemoryUsage of job (MB)
	590080  -  ResidentSetSize of job (KB)
...
040 (6806850.000.000) 06/20 11:05:13 Started transferring input files
	Transferring to host: <128.142.59.117:9618?addrs=128.142.59.117-9618&alias=b7s04p9167.cern.ch&noUDP&sock=slot1_14_7492_8aaa_173280>
...
040 (6806850.000.000) 06/20 11:05:13 Finished transferring input files
...
001 (6806850.000.000) 06/20 11:05:15 Job executing on host: <128.142.59.117:9618?addrs=128.142.59.117-9618&alias=b7s04p9167.cern.ch&noUDP&sock=startd_7429_412a>
	SlotName: slot1_14@b7s04p9167.cern.ch
...
006 (6806850.000.000) 06/20 11:05:24 Image size of job updated: 792360
	156  -  MemoryUsage of job (MB)
	158996  -  ResidentSetSize of job (KB)
...
006 (6806084.000.000) 06/20 11:09:59 Image size of job updated: 1326772
	577  -  MemoryUsage of job (MB)
	590080  -  ResidentSetSize of job (KB)
...
006 (6806850.000.000) 06/20 11:10:25 Image size of job updated: 977572
	252  -  MemoryUsage of job (MB)
	257656  -  ResidentSetSize of job (KB)
...
006 (6806084.000.000) 06/20 11:14:59 Image size of job updated: 1328044
	577  -  MemoryUsage of job (MB)
	590080  -  ResidentSetSize of job (KB)
...
006 (6806850.000.000) 06/20 11:15:25 Image size of job updated: 1013452
	283  -  MemoryUsage of job (MB)
	289760  -  ResidentSetSize of job (KB)
...
006 (6806084.000.000) 06/20 11:20:00 Image size of job updated: 1329448
	577  -  MemoryUsage of job (MB)
	590080  -  ResidentSetSize of job (KB)
...
006 (6806850.000.000) 06/20 11:20:25 Image size of job updated: 1035404
	283  -  MemoryUsage of job (MB)
	289760  -  ResidentSetSize of job (KB)
...
006 (6806084.000.000) 06/20 11:25:00 Image size of job updated: 1330600
	610  -  MemoryUsage of job (MB)
	623756  -  ResidentSetSize of job (KB)
...
006 (6806850.000.000) 06/20 11:25:25 Image size of job updated: 1035404
	312  -  MemoryUsage of job (MB)
	319456  -  ResidentSetSize of job (KB)
...
006 (6806084.000.000) 06/20 11:30:01 Image size of job updated: 1332096
	610  -  MemoryUsage of job (MB)
	623756  -  ResidentSetSize of job (KB)
...
006 (6806850.000.000) 06/20 11:30:26 Image size of job updated: 1035748
	312  -  MemoryUsage of job (MB)
	319456  -  ResidentSetSize of job (KB)
...
006 (6806084.000.000) 06/20 11:35:02 Image size of job updated: 1333396
	612  -  MemoryUsage of job (MB)
	626180  -  ResidentSetSize of job (KB)
...
006 (6806850.000.000) 06/20 11:35:27 Image size of job updated: 1045472
	328  -  MemoryUsage of job (MB)
	335612  -  ResidentSetSize of job (KB)
...
006 (6806084.000.000) 06/20 11:40:02 Image size of job updated: 1342952
	615  -  MemoryUsage of job (MB)
	628740  -  ResidentSetSize of job (KB)
...
006 (6806850.000.000) 06/20 11:40:27 Image size of job updated: 1054888
	328  -  MemoryUsage of job (MB)
	335612  -  ResidentSetSize of job (KB)
...
006 (6806084.000.000) 06/20 11:45:02 Image size of job updated: 1344464
	615  -  MemoryUsage of job (MB)
	628740  -  ResidentSetSize of job (KB)
...
006 (6806850.000.000) 06/20 11:45:28 Image size of job updated: 1063420
	328  -  MemoryUsage of job (MB)
	335612  -  ResidentSetSize of job (KB)
...
006 (6806084.000.000) 06/20 11:50:03 Image size of job updated: 1345952
	615  -  MemoryUsage of job (MB)
	628740  -  ResidentSetSize of job (KB)
...
006 (6806850.000.000) 06/20 11:50:29 Image size of job updated: 1071352
	328  -  MemoryUsage of job (MB)
	335612  -  ResidentSetSize of job (KB)
...
006 (6806084.000.000) 06/20 11:55:03 Image size of job updated: 1352276
	628  -  MemoryUsage of job (MB)
	642664  -  ResidentSetSize of job (KB)
...
006 (6806850.000.000) 06/20 11:55:29 Image size of job updated: 1079236
	341  -  MemoryUsage of job (MB)
	348528  -  ResidentSetSize of job (KB)
...
006 (6806084.000.000) 06/20 12:00:03 Image size of job updated: 1353792
	628  -  MemoryUsage of job (MB)
	642664  -  ResidentSetSize of job (KB)
...
006 (6806850.000.000) 06/20 12:00:30 Image size of job updated: 1086876
	344  -  MemoryUsage of job (MB)
	351396  -  ResidentSetSize of job (KB)
...
006 (6806084.000.000) 06/20 12:05:04 Image size of job updated: 1355020
	628  -  MemoryUsage of job (MB)
	642664  -  ResidentSetSize of job (KB)
...
006 (6806850.000.000) 06/20 12:05:31 Image size of job updated: 1094156
	358  -  MemoryUsage of job (MB)
	366508  -  ResidentSetSize of job (KB)
...
006 (6806084.000.000) 06/20 12:10:04 Image size of job updated: 1356840
	628  -  MemoryUsage of job (MB)
	642664  -  ResidentSetSize of job (KB)
...
006 (6806850.000.000) 06/20 12:10:31 Image size of job updated: 1101124
	367  -  MemoryUsage of job (MB)
	375448  -  ResidentSetSize of job (KB)
...
006 (6806084.000.000) 06/20 12:15:04 Image size of job updated: 1358076
	628  -  MemoryUsage of job (MB)
	642664  -  ResidentSetSize of job (KB)
...
006 (6806850.000.000) 06/20 12:15:31 Image size of job updated: 1107632
	367  -  MemoryUsage of job (MB)
	375448  -  ResidentSetSize of job (KB)
...
006 (6806084.000.000) 06/20 12:20:05 Image size of job updated: 1359348
	628  -  MemoryUsage of job (MB)
	642664  -  ResidentSetSize of job (KB)
...
006 (6806850.000.000) 06/20 12:20:32 Image size of job updated: 1113728
	391  -  MemoryUsage of job (MB)
	399520  -  ResidentSetSize of job (KB)
...
006 (6806084.000.000) 06/20 12:25:06 Image size of job updated: 1360400
	628  -  MemoryUsage of job (MB)
	642664  -  ResidentSetSize of job (KB)
...
006 (6806850.000.000) 06/20 12:25:32 Image size of job updated: 1123936
	399  -  MemoryUsage of job (MB)
	407596  -  ResidentSetSize of job (KB)
...
006 (6806084.000.000) 06/20 12:30:06 Image size of job updated: 1361852
	628  -  MemoryUsage of job (MB)
	642664  -  ResidentSetSize of job (KB)
...
006 (6806850.000.000) 06/20 12:30:32 Image size of job updated: 1127244
	399  -  MemoryUsage of job (MB)
	407596  -  ResidentSetSize of job (KB)
...
006 (6806084.000.000) 06/20 12:35:07 Image size of job updated: 1363164
	628  -  MemoryUsage of job (MB)
	642664  -  ResidentSetSize of job (KB)
...
006 (6806850.000.000) 06/20 12:35:33 Image size of job updated: 1135196
	399  -  MemoryUsage of job (MB)
	407596  -  ResidentSetSize of job (KB)
...
006 (6806084.000.000) 06/20 12:40:08 Image size of job updated: 1364460
	628  -  MemoryUsage of job (MB)
	642664  -  ResidentSetSize of job (KB)
...
006 (6806850.000.000) 06/20 12:40:34 Image size of job updated: 1139184
	419  -  MemoryUsage of job (MB)
	428708  -  ResidentSetSize of job (KB)
...
006 (6806084.000.000) 06/20 12:45:08 Image size of job updated: 1365724
	628  -  MemoryUsage of job (MB)
	642664  -  ResidentSetSize of job (KB)
...
006 (6806850.000.000) 06/20 12:45:34 Image size of job updated: 1147076
	425  -  MemoryUsage of job (MB)
	434756  -  ResidentSetSize of job (KB)
...
006 (6806084.000.000) 06/20 12:50:09 Image size of job updated: 1366844
	628  -  MemoryUsage of job (MB)
	642664  -  ResidentSetSize of job (KB)
...
006 (6806850.000.000) 06/20 12:50:35 Image size of job updated: 1149844
	428  -  MemoryUsage of job (MB)
	438088  -  ResidentSetSize of job (KB)
...
006 (6806084.000.000) 06/20 12:55:10 Image size of job updated: 1368072
	628  -  MemoryUsage of job (MB)
	642664  -  ResidentSetSize of job (KB)
...
006 (6806850.000.000) 06/20 12:55:36 Image size of job updated: 1157024
	428  -  MemoryUsage of job (MB)
	438088  -  ResidentSetSize of job (KB)
...
006 (6806084.000.000) 06/20 13:00:10 Image size of job updated: 1369424
	636  -  MemoryUsage of job (MB)
	650620  -  ResidentSetSize of job (KB)
...
006 (6806850.000.000) 06/20 13:00:36 Image size of job updated: 1161728
	428  -  MemoryUsage of job (MB)
	438088  -  ResidentSetSize of job (KB)
...
006 (6806084.000.000) 06/20 13:05:10 Image size of job updated: 1370664
	642  -  MemoryUsage of job (MB)
	657248  -  ResidentSetSize of job (KB)
...
006 (6806850.000.000) 06/20 13:05:37 Image size of job updated: 1167420
	428  -  MemoryUsage of job (MB)
	438088  -  ResidentSetSize of job (KB)
...
006 (6806084.000.000) 06/20 13:10:10 Image size of job updated: 1371944
	642  -  MemoryUsage of job (MB)
	657248  -  ResidentSetSize of job (KB)
...
006 (6806850.000.000) 06/20 13:10:37 Image size of job updated: 1170668
	432  -  MemoryUsage of job (MB)
	442364  -  ResidentSetSize of job (KB)
...
006 (6806084.000.000) 06/20 13:15:10 Image size of job updated: 1373148
	642  -  MemoryUsage of job (MB)
	657248  -  ResidentSetSize of job (KB)
...
006 (6806850.000.000) 06/20 13:15:38 Image size of job updated: 1177572
	432  -  MemoryUsage of job (MB)
	442364  -  ResidentSetSize of job (KB)
...
006 (6806084.000.000) 06/20 13:20:11 Image size of job updated: 1374240
	645  -  MemoryUsage of job (MB)
	659524  -  ResidentSetSize of job (KB)
...
006 (6806850.000.000) 06/20 13:20:39 Image size of job updated: 1182772
	432  -  MemoryUsage of job (MB)
	442364  -  ResidentSetSize of job (KB)
...
006 (6806084.000.000) 06/20 13:25:11 Image size of job updated: 1375440
	651  -  MemoryUsage of job (MB)
	665932  -  ResidentSetSize of job (KB)
...
006 (6806850.000.000) 06/20 13:25:39 Image size of job updated: 1187840
	465  -  MemoryUsage of job (MB)
	475800  -  ResidentSetSize of job (KB)
...
006 (6806084.000.000) 06/20 13:30:12 Image size of job updated: 1376360
	651  -  MemoryUsage of job (MB)
	665932  -  ResidentSetSize of job (KB)
...
006 (6806850.000.000) 06/20 13:30:40 Image size of job updated: 1192704
	471  -  MemoryUsage of job (MB)
	481888  -  ResidentSetSize of job (KB)
...
006 (6806850.000.000) 06/20 13:35:40 Image size of job updated: 1196764
	473  -  MemoryUsage of job (MB)
	483988  -  ResidentSetSize of job (KB)
...
006 (6806850.000.000) 06/20 13:40:41 Image size of job updated: 1200900
	473  -  MemoryUsage of job (MB)
	483988  -  ResidentSetSize of job (KB)
...
006 (6806850.000.000) 06/20 13:45:42 Image size of job updated: 1204800
	473  -  MemoryUsage of job (MB)
	483988  -  ResidentSetSize of job (KB)
...
006 (6806850.000.000) 06/20 13:50:42 Image size of job updated: 1208684
	473  -  MemoryUsage of job (MB)
	483988  -  ResidentSetSize of job (KB)
...
006 (6806084.000.000) 06/20 13:55:15 Image size of job updated: 1376848
	651  -  MemoryUsage of job (MB)
	665932  -  ResidentSetSize of job (KB)
...
006 (6806850.000.000) 06/20 13:55:43 Image size of job updated: 1214600
	473  -  MemoryUsage of job (MB)
	483988  -  ResidentSetSize of job (KB)
...
006 (6806084.000.000) 06/20 14:00:15 Image size of job updated: 1378044
	654  -  MemoryUsage of job (MB)
	668940  -  ResidentSetSize of job (KB)
...
006 (6806850.000.000) 06/20 14:00:44 Image size of job updated: 1218560
	473  -  MemoryUsage of job (MB)
	483988  -  ResidentSetSize of job (KB)
...
006 (6806084.000.000) 06/20 14:05:16 Image size of job updated: 1379216
	654  -  MemoryUsage of job (MB)
	668940  -  ResidentSetSize of job (KB)
...
006 (6806084.000.000) 06/20 14:10:16 Image size of job updated: 1380400
	654  -  MemoryUsage of job (MB)
	668940  -  ResidentSetSize of job (KB)
...
006 (6806850.000.000) 06/20 14:10:44 Image size of job updated: 1238808
	473  -  MemoryUsage of job (MB)
	483988  -  ResidentSetSize of job (KB)
...
006 (6806084.000.000) 06/20 14:15:16 Image size of job updated: 1381508
	654  -  MemoryUsage of job (MB)
	668940  -  ResidentSetSize of job (KB)
...
006 (6806850.000.000) 06/20 14:15:45 Image size of job updated: 1241432
	473  -  MemoryUsage of job (MB)
	483988  -  ResidentSetSize of job (KB)
...
006 (6806084.000.000) 06/20 14:20:18 Image size of job updated: 1384256
	654  -  MemoryUsage of job (MB)
	668940  -  ResidentSetSize of job (KB)
...
006 (6806850.000.000) 06/20 14:20:46 Image size of job updated: 1248780
	473  -  MemoryUsage of job (MB)
	483988  -  ResidentSetSize of job (KB)
...
006 (6806084.000.000) 06/20 14:25:18 Image size of job updated: 1391104
	654  -  MemoryUsage of job (MB)
	668940  -  ResidentSetSize of job (KB)
...
006 (6806084.000.000) 06/20 14:29:55 Image size of job updated: 1392348
	654  -  MemoryUsage of job (MB)
	668940  -  ResidentSetSize of job (KB)
...
040 (6806084.000.000) 06/20 14:29:55 Started transferring output files
...
006 (6806850.000.000) 06/20 14:29:55 Image size of job updated: 1251260
	473  -  MemoryUsage of job (MB)
	483988  -  ResidentSetSize of job (KB)
...
040 (6806850.000.000) 06/20 14:29:55 Started transferring output files
...
040 (6806084.000.000) 06/20 14:29:55 Finished transferring output files
...
040 (6806850.000.000) 06/20 14:29:55 Finished transferring output files
...
004 (6806084.000.000) 06/20 14:29:55 Job was evicted.
	(0) CPU times
		Usr 0 03:03:25, Sys 0 09:37:35  -  Run Remote Usage
		Usr 0 00:00:00, Sys 0 00:00:00  -  Run Local Usage
	2788378  -  Run Bytes Sent By Job
	10960  -  Run Bytes Received By Job
	Partitionable Resources :    Usage  Request Allocated 
	   Cpus                 :     1.00        1         1 
	   Disk (KB)            :  2754          12   1325614 
	   Memory (MB)          :   654        2000      2000 
...
004 (6806850.000.000) 06/20 14:29:55 Job was evicted.
	(0) CPU times
		Usr 0 01:02:36, Sys 0 02:20:56  -  Run Remote Usage
		Usr 0 00:00:00, Sys 0 00:00:00  -  Run Local Usage
	1660164  -  Run Bytes Sent By Job
	10950  -  Run Bytes Received By Job
	Partitionable Resources :    Usage  Request Allocated 
	   Cpus                 :     0.99        1         1 
	   Disk (KB)            :  1653          12   1240936 
	   Memory (MB)          :   473        2000      2000 
...
009 (6806084.000.000) 06/20 14:29:55 Job was aborted.
	via condor_rm (by user fsalerno)
...
009 (6806850.000.000) 06/20 14:29:55 Job was aborted.
	via condor_rm (by user fsalerno)
...
000 (6812907.000.000) 06/20 17:36:58 Job submitted from host: <137.138.55.115:9618?addrs=137.138.55.115-9618+[2001-1458-d00-17--12a]-9618&alias=bigbird23.cern.ch&noUDP&sock=schedd_23881_f548>
...
000 (6812912.000.000) 06/20 17:43:38 Job submitted from host: <137.138.55.115:9618?addrs=137.138.55.115-9618+[2001-1458-d00-17--12a]-9618&alias=bigbird23.cern.ch&noUDP&sock=schedd_23881_f548>
...
009 (6812907.000.000) 06/20 17:44:59 Job was aborted.
	via condor_rm (by user fsalerno)
...
009 (6812912.000.000) 06/20 17:44:59 Job was aborted.
	via condor_rm (by user fsalerno)
...
000 (6812923.000.000) 06/20 17:47:31 Job submitted from host: <137.138.55.115:9618?addrs=137.138.55.115-9618+[2001-1458-d00-17--12a]-9618&alias=bigbird23.cern.ch&noUDP&sock=schedd_23881_f548>
...
040 (6812923.000.000) 06/20 17:58:30 Started transferring input files
	Transferring to host: <128.142.56.168:9618?addrs=128.142.56.168-9618+[2001-1458-301-6--100-a7]-9618&alias=b7s01p8317.cern.ch&noUDP&sock=slot1_18_7482_7ee9_173623>
...
040 (6812923.000.000) 06/20 17:58:30 Finished transferring input files
...
001 (6812923.000.000) 06/20 17:58:31 Job executing on host: <128.142.56.168:9618?addrs=128.142.56.168-9618+[2001-1458-301-6--100-a7]-9618&alias=b7s01p8317.cern.ch&noUDP&sock=startd_7419_6538>
	SlotName: slot1_18@b7s01p8317.cern.ch
...
006 (6812923.000.000) 06/20 17:58:39 Image size of job updated: 196760
	130  -  MemoryUsage of job (MB)
	132340  -  ResidentSetSize of job (KB)
...
006 (6812923.000.000) 06/20 17:58:42 Image size of job updated: 211220
	130  -  MemoryUsage of job (MB)
	132340  -  ResidentSetSize of job (KB)
...
040 (6812923.000.000) 06/20 17:58:42 Started transferring output files
...
040 (6812923.000.000) 06/20 17:58:42 Finished transferring output files
...
005 (6812923.000.000) 06/20 17:58:42 Job terminated.
	(1) Normal termination (return value 1)
		Usr 0 00:00:02, Sys 0 00:00:01  -  Run Remote Usage
		Usr 0 00:00:00, Sys 0 00:00:00  -  Run Local Usage
		Usr 0 00:00:02, Sys 0 00:00:01  -  Total Remote Usage
		Usr 0 00:00:00, Sys 0 00:00:00  -  Total Local Usage
	6234  -  Run Bytes Sent By Job
	10952  -  Run Bytes Received By Job
	6234  -  Total Bytes Sent By Job
	10952  -  Total Bytes Received By Job
	Partitionable Resources :    Usage  Request Allocated 
	   Cpus                 :                 1         1 
	   Disk (KB)            :       30       12   1238363 
	   Memory (MB)          :      130     2000      2000 

	Job terminated of its own accord at 2024-06-20T15:58:42Z with exit-code 1.
...
000 (6819134.000.000) 06/21 10:46:43 Job submitted from host: <137.138.55.115:9618?addrs=137.138.55.115-9618+[2001-1458-d00-17--12a]-9618&alias=bigbird23.cern.ch&noUDP&sock=schedd_23881_f548>
...
040 (6819134.000.000) 06/21 12:03:47 Started transferring input files
	Transferring to host: <128.142.56.141:9618?addrs=128.142.56.141-9618&alias=b7s01p9998.cern.ch&noUDP&sock=slot1_15_7552_d12c_174145>
...
040 (6819134.000.000) 06/21 12:03:47 Finished transferring input files
...
001 (6819134.000.000) 06/21 12:03:48 Job executing on host: <128.142.56.141:9618?addrs=128.142.56.141-9618&alias=b7s01p9998.cern.ch&noUDP&sock=startd_7484_fae0>
	SlotName: slot1_15@b7s01p9998.cern.ch
...
006 (6819134.000.000) 06/21 12:03:57 Image size of job updated: 275172
	131  -  MemoryUsage of job (MB)
	133580  -  ResidentSetSize of job (KB)
...
006 (6819134.000.000) 06/21 12:08:57 Image size of job updated: 978816
	234  -  MemoryUsage of job (MB)
	239304  -  ResidentSetSize of job (KB)
...
006 (6819134.000.000) 06/21 12:13:58 Image size of job updated: 1023052
	252  -  MemoryUsage of job (MB)
	257944  -  ResidentSetSize of job (KB)
...
006 (6819134.000.000) 06/21 12:18:59 Image size of job updated: 1037040
	301  -  MemoryUsage of job (MB)
	307444  -  ResidentSetSize of job (KB)
...
006 (6819134.000.000) 06/21 12:23:59 Image size of job updated: 1037040
	303  -  MemoryUsage of job (MB)
	310136  -  ResidentSetSize of job (KB)
...
006 (6819134.000.000) 06/21 12:29:00 Image size of job updated: 1037620
	311  -  MemoryUsage of job (MB)
	318080  -  ResidentSetSize of job (KB)
...
006 (6819134.000.000) 06/21 12:34:01 Image size of job updated: 1046372
	316  -  MemoryUsage of job (MB)
	322964  -  ResidentSetSize of job (KB)
...
006 (6819134.000.000) 06/21 12:39:01 Image size of job updated: 1054612
	330  -  MemoryUsage of job (MB)
	337036  -  ResidentSetSize of job (KB)
...
006 (6819134.000.000) 06/21 12:44:01 Image size of job updated: 1063216
	330  -  MemoryUsage of job (MB)
	337036  -  ResidentSetSize of job (KB)
...
006 (6819134.000.000) 06/21 12:49:02 Image size of job updated: 1071148
	330  -  MemoryUsage of job (MB)
	337036  -  ResidentSetSize of job (KB)
...
006 (6819134.000.000) 06/21 12:54:02 Image size of job updated: 1078788
	358  -  MemoryUsage of job (MB)
	366572  -  ResidentSetSize of job (KB)
...
006 (6819134.000.000) 06/21 12:59:02 Image size of job updated: 1086048
	364  -  MemoryUsage of job (MB)
	372172  -  ResidentSetSize of job (KB)
...
006 (6819134.000.000) 06/21 13:04:03 Image size of job updated: 1093280
	364  -  MemoryUsage of job (MB)
	372172  -  ResidentSetSize of job (KB)
...
006 (6819134.000.000) 06/21 13:09:03 Image size of job updated: 1101332
	380  -  MemoryUsage of job (MB)
	388356  -  ResidentSetSize of job (KB)
...
006 (6819134.000.000) 06/21 13:14:03 Image size of job updated: 1108556
	380  -  MemoryUsage of job (MB)
	388356  -  ResidentSetSize of job (KB)
...
006 (6819134.000.000) 06/21 13:19:04 Image size of job updated: 1115512
	380  -  MemoryUsage of job (MB)
	388356  -  ResidentSetSize of job (KB)
...
006 (6819134.000.000) 06/21 13:24:04 Image size of job updated: 1121960
	380  -  MemoryUsage of job (MB)
	388356  -  ResidentSetSize of job (KB)
...
006 (6819134.000.000) 06/21 13:29:04 Image size of job updated: 1128132
	412  -  MemoryUsage of job (MB)
	421520  -  ResidentSetSize of job (KB)
...
006 (6819134.000.000) 06/21 13:34:05 Image size of job updated: 1134108
	412  -  MemoryUsage of job (MB)
	421520  -  ResidentSetSize of job (KB)
...
006 (6819134.000.000) 06/21 13:39:06 Image size of job updated: 1140160
	412  -  MemoryUsage of job (MB)
	421520  -  ResidentSetSize of job (KB)
...
006 (6819134.000.000) 06/21 13:44:06 Image size of job updated: 1146640
	424  -  MemoryUsage of job (MB)
	433492  -  ResidentSetSize of job (KB)
...
006 (6819134.000.000) 06/21 13:49:07 Image size of job updated: 1151852
	430  -  MemoryUsage of job (MB)
	439364  -  ResidentSetSize of job (KB)
...
006 (6819134.000.000) 06/21 13:54:08 Image size of job updated: 1157652
	430  -  MemoryUsage of job (MB)
	439364  -  ResidentSetSize of job (KB)
...
006 (6819134.000.000) 06/21 13:59:08 Image size of job updated: 1163200
	437  -  MemoryUsage of job (MB)
	446852  -  ResidentSetSize of job (KB)
...
006 (6819134.000.000) 06/21 14:04:09 Image size of job updated: 1168592
	444  -  MemoryUsage of job (MB)
	454216  -  ResidentSetSize of job (KB)
...
006 (6819134.000.000) 06/21 14:09:10 Image size of job updated: 1174564
	444  -  MemoryUsage of job (MB)
	454216  -  ResidentSetSize of job (KB)
...
006 (6819134.000.000) 06/21 14:14:10 Image size of job updated: 1179460
	444  -  MemoryUsage of job (MB)
	454216  -  ResidentSetSize of job (KB)
...
006 (6819134.000.000) 06/21 14:19:10 Image size of job updated: 1187552
	444  -  MemoryUsage of job (MB)
	454216  -  ResidentSetSize of job (KB)
...
006 (6819134.000.000) 06/21 14:24:11 Image size of job updated: 1190160
	444  -  MemoryUsage of job (MB)
	454216  -  ResidentSetSize of job (KB)
...
006 (6819134.000.000) 06/21 14:29:11 Image size of job updated: 1194436
	450  -  MemoryUsage of job (MB)
	459908  -  ResidentSetSize of job (KB)
...
006 (6819134.000.000) 06/21 14:34:11 Image size of job updated: 1198952
	450  -  MemoryUsage of job (MB)
	459908  -  ResidentSetSize of job (KB)
...
006 (6819134.000.000) 06/21 14:39:12 Image size of job updated: 1203640
	478  -  MemoryUsage of job (MB)
	488636  -  ResidentSetSize of job (KB)
...
006 (6819134.000.000) 06/21 14:44:12 Image size of job updated: 1208320
	478  -  MemoryUsage of job (MB)
	488636  -  ResidentSetSize of job (KB)
...
006 (6819134.000.000) 06/21 14:49:12 Image size of job updated: 1212748
	478  -  MemoryUsage of job (MB)
	488636  -  ResidentSetSize of job (KB)
...
006 (6819134.000.000) 06/21 14:54:13 Image size of job updated: 1219060
	478  -  MemoryUsage of job (MB)
	488636  -  ResidentSetSize of job (KB)
...
006 (6819134.000.000) 06/21 15:34:15 Image size of job updated: 1219060
	480  -  MemoryUsage of job (MB)
	491128  -  ResidentSetSize of job (KB)
...
006 (6819134.000.000) 06/21 15:39:16 Image size of job updated: 1219060
	490  -  MemoryUsage of job (MB)
	501496  -  ResidentSetSize of job (KB)
...
006 (6819134.000.000) 06/21 15:54:18 Image size of job updated: 1224640
	490  -  MemoryUsage of job (MB)
	501496  -  ResidentSetSize of job (KB)
...
006 (6819134.000.000) 06/21 15:59:19 Image size of job updated: 1227144
	490  -  MemoryUsage of job (MB)
	501496  -  ResidentSetSize of job (KB)
...
006 (6819134.000.000) 06/21 16:04:19 Image size of job updated: 1229800
	490  -  MemoryUsage of job (MB)
	501496  -  ResidentSetSize of job (KB)
...
006 (6819134.000.000) 06/21 16:09:20 Image size of job updated: 1234036
	490  -  MemoryUsage of job (MB)
	501496  -  ResidentSetSize of job (KB)
...
006 (6819134.000.000) 06/21 16:14:21 Image size of job updated: 1237296
	490  -  MemoryUsage of job (MB)
	501496  -  ResidentSetSize of job (KB)
...
006 (6819134.000.000) 06/21 16:19:21 Image size of job updated: 1237296
	515  -  MemoryUsage of job (MB)
	526776  -  ResidentSetSize of job (KB)
...
006 (6819134.000.000) 06/21 16:24:21 Image size of job updated: 1242900
	515  -  MemoryUsage of job (MB)
	526776  -  ResidentSetSize of job (KB)
...
006 (6819134.000.000) 06/21 16:34:22 Image size of job updated: 1247368
	515  -  MemoryUsage of job (MB)
	526776  -  ResidentSetSize of job (KB)
...
006 (6819134.000.000) 06/21 16:39:22 Image size of job updated: 1251068
	515  -  MemoryUsage of job (MB)
	526776  -  ResidentSetSize of job (KB)
...
006 (6819134.000.000) 06/21 16:44:23 Image size of job updated: 1252636
	527  -  MemoryUsage of job (MB)
	538836  -  ResidentSetSize of job (KB)
...
006 (6819134.000.000) 06/21 16:49:24 Image size of job updated: 1254668
	527  -  MemoryUsage of job (MB)
	538836  -  ResidentSetSize of job (KB)
...
006 (6819134.000.000) 06/21 17:49:30 Image size of job updated: 1255824
	527  -  MemoryUsage of job (MB)
	538836  -  ResidentSetSize of job (KB)
...
006 (6819134.000.000) 06/21 17:54:31 Image size of job updated: 1258568
	527  -  MemoryUsage of job (MB)
	538836  -  ResidentSetSize of job (KB)
...
006 (6819134.000.000) 06/21 17:59:31 Image size of job updated: 1260004
	539  -  MemoryUsage of job (MB)
	551704  -  ResidentSetSize of job (KB)
...
006 (6819134.000.000) 06/21 18:04:32 Image size of job updated: 1261984
	539  -  MemoryUsage of job (MB)
	551704  -  ResidentSetSize of job (KB)
...
006 (6819134.000.000) 06/21 18:09:33 Image size of job updated: 1268344
	539  -  MemoryUsage of job (MB)
	551704  -  ResidentSetSize of job (KB)
...
006 (6819134.000.000) 06/21 18:14:33 Image size of job updated: 1294948
	539  -  MemoryUsage of job (MB)
	551704  -  ResidentSetSize of job (KB)
...
006 (6819134.000.000) 06/21 18:19:33 Image size of job updated: 1297388
	552  -  MemoryUsage of job (MB)
	564476  -  ResidentSetSize of job (KB)
...
006 (6819134.000.000) 06/21 18:24:34 Image size of job updated: 1303616
	552  -  MemoryUsage of job (MB)
	564476  -  ResidentSetSize of job (KB)
...
006 (6819134.000.000) 06/21 18:29:34 Image size of job updated: 1305464
	552  -  MemoryUsage of job (MB)
	564476  -  ResidentSetSize of job (KB)
...
006 (6819134.000.000) 06/21 18:34:34 Image size of job updated: 1307164
	552  -  MemoryUsage of job (MB)
	564476  -  ResidentSetSize of job (KB)
...
006 (6819134.000.000) 06/21 18:39:35 Image size of job updated: 1308204
	572  -  MemoryUsage of job (MB)
	585316  -  ResidentSetSize of job (KB)
...
006 (6819134.000.000) 06/21 18:44:35 Image size of job updated: 1310296
	579  -  MemoryUsage of job (MB)
	592864  -  ResidentSetSize of job (KB)
...
006 (6819134.000.000) 06/21 18:49:35 Image size of job updated: 1312080
	579  -  MemoryUsage of job (MB)
	592864  -  ResidentSetSize of job (KB)
...
006 (6819134.000.000) 06/21 18:54:36 Image size of job updated: 1314308
	579  -  MemoryUsage of job (MB)
	592864  -  ResidentSetSize of job (KB)
...
006 (6819134.000.000) 06/21 18:59:37 Image size of job updated: 1315532
	579  -  MemoryUsage of job (MB)
	592864  -  ResidentSetSize of job (KB)
...
006 (6819134.000.000) 06/21 19:04:37 Image size of job updated: 1318608
	579  -  MemoryUsage of job (MB)
	592864  -  ResidentSetSize of job (KB)
...
006 (6819134.000.000) 06/21 19:09:38 Image size of job updated: 1320660
	585  -  MemoryUsage of job (MB)
	598376  -  ResidentSetSize of job (KB)
...
006 (6819134.000.000) 06/21 19:14:39 Image size of job updated: 1322448
	585  -  MemoryUsage of job (MB)
	598376  -  ResidentSetSize of job (KB)
...
006 (6819134.000.000) 06/21 19:19:39 Image size of job updated: 1325184
	585  -  MemoryUsage of job (MB)
	598376  -  ResidentSetSize of job (KB)
...
006 (6819134.000.000) 06/21 19:24:40 Image size of job updated: 1327256
	585  -  MemoryUsage of job (MB)
	598376  -  ResidentSetSize of job (KB)
...
006 (6819134.000.000) 06/21 19:29:41 Image size of job updated: 1327436
	585  -  MemoryUsage of job (MB)
	598376  -  ResidentSetSize of job (KB)
...
006 (6819134.000.000) 06/21 20:44:48 Image size of job updated: 1327520
	585  -  MemoryUsage of job (MB)
	598376  -  ResidentSetSize of job (KB)
...
006 (6819134.000.000) 06/21 20:49:49 Image size of job updated: 1329056
	585  -  MemoryUsage of job (MB)
	598376  -  ResidentSetSize of job (KB)
...
006 (6819134.000.000) 06/21 20:54:50 Image size of job updated: 1330596
	585  -  MemoryUsage of job (MB)
	598376  -  ResidentSetSize of job (KB)
...
006 (6819134.000.000) 06/21 20:59:50 Image size of job updated: 1331980
	591  -  MemoryUsage of job (MB)
	604388  -  ResidentSetSize of job (KB)
...
006 (6819134.000.000) 06/21 21:04:51 Image size of job updated: 1333644
	598  -  MemoryUsage of job (MB)
	611476  -  ResidentSetSize of job (KB)
...
006 (6819134.000.000) 06/21 21:09:52 Image size of job updated: 1335056
	598  -  MemoryUsage of job (MB)
	611476  -  ResidentSetSize of job (KB)
...
006 (6819134.000.000) 06/21 21:14:52 Image size of job updated: 1336644
	598  -  MemoryUsage of job (MB)
	611476  -  ResidentSetSize of job (KB)
...
006 (6819134.000.000) 06/21 21:19:52 Image size of job updated: 1338112
	598  -  MemoryUsage of job (MB)
	611476  -  ResidentSetSize of job (KB)
...
006 (6819134.000.000) 06/21 21:24:53 Image size of job updated: 1339588
	598  -  MemoryUsage of job (MB)
	611476  -  ResidentSetSize of job (KB)
...
006 (6819134.000.000) 06/21 21:29:53 Image size of job updated: 1340920
	598  -  MemoryUsage of job (MB)
	611476  -  ResidentSetSize of job (KB)
...
006 (6819134.000.000) 06/21 21:34:53 Image size of job updated: 1342444
	598  -  MemoryUsage of job (MB)
	611476  -  ResidentSetSize of job (KB)
...
006 (6819134.000.000) 06/21 21:39:54 Image size of job updated: 1343896
	598  -  MemoryUsage of job (MB)
	611476  -  ResidentSetSize of job (KB)
...
006 (6819134.000.000) 06/21 21:44:55 Image size of job updated: 1345356
	598  -  MemoryUsage of job (MB)
	611476  -  ResidentSetSize of job (KB)
...
006 (6819134.000.000) 06/21 21:49:55 Image size of job updated: 1348640
	598  -  MemoryUsage of job (MB)
	611476  -  ResidentSetSize of job (KB)
...
006 (6819134.000.000) 06/21 21:54:56 Image size of job updated: 1355200
	598  -  MemoryUsage of job (MB)
	611476  -  ResidentSetSize of job (KB)
...
006 (6819134.000.000) 06/21 21:59:57 Image size of job updated: 1356520
	598  -  MemoryUsage of job (MB)
	611476  -  ResidentSetSize of job (KB)
...
006 (6819134.000.000) 06/21 22:04:57 Image size of job updated: 1357736
	598  -  MemoryUsage of job (MB)
	611476  -  ResidentSetSize of job (KB)
...
006 (6819134.000.000) 06/21 22:09:57 Image size of job updated: 1359048
	600  -  MemoryUsage of job (MB)
	614272  -  ResidentSetSize of job (KB)
...
006 (6819134.000.000) 06/21 22:14:58 Image size of job updated: 1360448
	600  -  MemoryUsage of job (MB)
	614272  -  ResidentSetSize of job (KB)
...
006 (6819134.000.000) 06/21 22:19:58 Image size of job updated: 1361740
	611  -  MemoryUsage of job (MB)
	624832  -  ResidentSetSize of job (KB)
...
006 (6819134.000.000) 06/21 22:24:58 Image size of job updated: 1363028
	616  -  MemoryUsage of job (MB)
	630772  -  ResidentSetSize of job (KB)
...
006 (6819134.000.000) 06/21 22:29:59 Image size of job updated: 1364416
	616  -  MemoryUsage of job (MB)
	630772  -  ResidentSetSize of job (KB)
...
006 (6819134.000.000) 06/21 22:34:59 Image size of job updated: 1365864
	625  -  MemoryUsage of job (MB)
	639392  -  ResidentSetSize of job (KB)
...
006 (6819134.000.000) 06/21 22:39:59 Image size of job updated: 1369368
	632  -  MemoryUsage of job (MB)
	646440  -  ResidentSetSize of job (KB)
...
006 (6819134.000.000) 06/21 22:45:00 Image size of job updated: 1370756
	632  -  MemoryUsage of job (MB)
	646440  -  ResidentSetSize of job (KB)
...
006 (6819134.000.000) 06/21 22:50:01 Image size of job updated: 1372284
	632  -  MemoryUsage of job (MB)
	646440  -  ResidentSetSize of job (KB)
...
006 (6819134.000.000) 06/21 22:55:01 Image size of job updated: 1373596
	632  -  MemoryUsage of job (MB)
	646440  -  ResidentSetSize of job (KB)
...
006 (6819134.000.000) 06/21 23:00:02 Image size of job updated: 1374800
	632  -  MemoryUsage of job (MB)
	646440  -  ResidentSetSize of job (KB)
...
006 (6819134.000.000) 06/21 23:05:03 Image size of job updated: 1377608
	632  -  MemoryUsage of job (MB)
	646440  -  ResidentSetSize of job (KB)
...
006 (6819134.000.000) 06/21 23:10:03 Image size of job updated: 1378984
	632  -  MemoryUsage of job (MB)
	646440  -  ResidentSetSize of job (KB)
...
006 (6819134.000.000) 06/21 23:15:04 Image size of job updated: 1380240
	632  -  MemoryUsage of job (MB)
	646440  -  ResidentSetSize of job (KB)
...
006 (6819134.000.000) 06/21 23:20:05 Image size of job updated: 1381724
	632  -  MemoryUsage of job (MB)
	646440  -  ResidentSetSize of job (KB)
...
006 (6819134.000.000) 06/21 23:25:05 Image size of job updated: 1383116
	632  -  MemoryUsage of job (MB)
	646440  -  ResidentSetSize of job (KB)
...
006 (6819134.000.000) 06/21 23:30:05 Image size of job updated: 1384320
	632  -  MemoryUsage of job (MB)
	646440  -  ResidentSetSize of job (KB)
...
006 (6819134.000.000) 06/21 23:35:05 Image size of job updated: 1385744
	632  -  MemoryUsage of job (MB)
	646440  -  ResidentSetSize of job (KB)
...
006 (6819134.000.000) 06/21 23:40:05 Image size of job updated: 1387112
	632  -  MemoryUsage of job (MB)
	646440  -  ResidentSetSize of job (KB)
...
006 (6819134.000.000) 06/21 23:45:06 Image size of job updated: 1388264
	632  -  MemoryUsage of job (MB)
	646440  -  ResidentSetSize of job (KB)
...
006 (6819134.000.000) 06/21 23:50:07 Image size of job updated: 1389840
	632  -  MemoryUsage of job (MB)
	646440  -  ResidentSetSize of job (KB)
...
006 (6819134.000.000) 06/21 23:55:07 Image size of job updated: 1391168
	632  -  MemoryUsage of job (MB)
	646440  -  ResidentSetSize of job (KB)
...
006 (6819134.000.000) 06/22 00:00:08 Image size of job updated: 1392404
	632  -  MemoryUsage of job (MB)
	646440  -  ResidentSetSize of job (KB)
...
006 (6819134.000.000) 06/22 00:05:09 Image size of job updated: 1393640
	632  -  MemoryUsage of job (MB)
	646440  -  ResidentSetSize of job (KB)
...
006 (6819134.000.000) 06/22 00:10:09 Image size of job updated: 1394812
	632  -  MemoryUsage of job (MB)
	646440  -  ResidentSetSize of job (KB)
...
006 (6819134.000.000) 06/22 00:15:09 Image size of job updated: 1396132
	632  -  MemoryUsage of job (MB)
	646440  -  ResidentSetSize of job (KB)
...
006 (6819134.000.000) 06/22 00:20:10 Image size of job updated: 1397352
	632  -  MemoryUsage of job (MB)
	646440  -  ResidentSetSize of job (KB)
...
006 (6819134.000.000) 06/22 00:25:10 Image size of job updated: 1398492
	632  -  MemoryUsage of job (MB)
	646440  -  ResidentSetSize of job (KB)
...
006 (6819134.000.000) 06/22 00:26:56 Image size of job updated: 1399020
	632  -  MemoryUsage of job (MB)
	646440  -  ResidentSetSize of job (KB)
...
040 (6819134.000.000) 06/22 00:26:57 Started transferring output files
...
040 (6819134.000.000) 06/22 00:26:57 Finished transferring output files
...
005 (6819134.000.000) 06/22 00:26:57 Job terminated.
	(1) Normal termination (return value 0)
		Usr 0 02:58:56, Sys 0 09:23:28  -  Run Remote Usage
		Usr 0 00:00:00, Sys 0 00:00:00  -  Run Local Usage
		Usr 0 02:58:56, Sys 0 09:23:28  -  Total Remote Usage
		Usr 0 00:00:00, Sys 0 00:00:00  -  Total Local Usage
	74144  -  Run Bytes Sent By Job
	10956  -  Run Bytes Received By Job
	74144  -  Total Bytes Sent By Job
	10956  -  Total Bytes Received By Job
	Partitionable Resources :    Usage  Request Allocated 
	   Cpus                 :     1.00        1         1 
	   Disk (KB)            :   104          12   3040432 
	   Memory (MB)          :   632        2000      2000 

	Job terminated of its own accord at 2024-06-21T22:26:56Z with exit-code 0.
...
000 (6822049.000.000) 06/22 20:52:58 Job submitted from host: <137.138.55.115:9618?addrs=137.138.55.115-9618+[2001-1458-d00-17--12a]-9618&alias=bigbird23.cern.ch&noUDP&sock=schedd_23881_f548>
...
040 (6822049.000.000) 06/22 21:29:44 Started transferring input files
	Transferring to host: <128.142.56.63:9618?addrs=128.142.56.63-9618&alias=b7s01p2370.cern.ch&noUDP&sock=slot1_7_7011_a236_174979>
...
040 (6822049.000.000) 06/22 21:29:44 Finished transferring input files
...
001 (6822049.000.000) 06/22 21:29:45 Job executing on host: <128.142.56.63:9618?addrs=128.142.56.63-9618&alias=b7s01p2370.cern.ch&noUDP&sock=startd_6949_03b5>
	SlotName: slot1_7@b7s01p2370.cern.ch
...
006 (6822049.000.000) 06/22 21:29:53 Image size of job updated: 254048
	113  -  MemoryUsage of job (MB)
	115024  -  ResidentSetSize of job (KB)
...
006 (6822049.000.000) 06/22 21:34:53 Image size of job updated: 977212
	256  -  MemoryUsage of job (MB)
	262012  -  ResidentSetSize of job (KB)
...
006 (6822049.000.000) 06/22 21:39:54 Image size of job updated: 1014304
	288  -  MemoryUsage of job (MB)
	294068  -  ResidentSetSize of job (KB)
...
006 (6822049.000.000) 06/22 21:44:55 Image size of job updated: 1027260
	288  -  MemoryUsage of job (MB)
	294068  -  ResidentSetSize of job (KB)
...
006 (6822049.000.000) 06/22 21:49:55 Image size of job updated: 1029864
	312  -  MemoryUsage of job (MB)
	319276  -  ResidentSetSize of job (KB)
...
006 (6822049.000.000) 06/22 21:54:56 Image size of job updated: 1040780
	327  -  MemoryUsage of job (MB)
	334048  -  ResidentSetSize of job (KB)
...
006 (6822049.000.000) 06/22 21:59:57 Image size of job updated: 1051332
	336  -  MemoryUsage of job (MB)
	343260  -  ResidentSetSize of job (KB)
...
006 (6822049.000.000) 06/22 22:04:57 Image size of job updated: 1060424
	336  -  MemoryUsage of job (MB)
	343260  -  ResidentSetSize of job (KB)
...
006 (6822049.000.000) 06/22 22:09:57 Image size of job updated: 1068632
	339  -  MemoryUsage of job (MB)
	347088  -  ResidentSetSize of job (KB)
...
006 (6822049.000.000) 06/22 22:14:58 Image size of job updated: 1077196
	346  -  MemoryUsage of job (MB)
	354176  -  ResidentSetSize of job (KB)
...
006 (6822049.000.000) 06/22 22:19:59 Image size of job updated: 1085292
	352  -  MemoryUsage of job (MB)
	359812  -  ResidentSetSize of job (KB)
...
006 (6822049.000.000) 06/22 22:24:59 Image size of job updated: 1092832
	352  -  MemoryUsage of job (MB)
	359812  -  ResidentSetSize of job (KB)
...
006 (6822049.000.000) 06/22 22:30:00 Image size of job updated: 1102800
	357  -  MemoryUsage of job (MB)
	364672  -  ResidentSetSize of job (KB)
...
006 (6822049.000.000) 06/22 22:35:01 Image size of job updated: 1107796
	380  -  MemoryUsage of job (MB)
	388904  -  ResidentSetSize of job (KB)
...
006 (6822049.000.000) 06/22 22:40:01 Image size of job updated: 1114740
	380  -  MemoryUsage of job (MB)
	388904  -  ResidentSetSize of job (KB)
...
006 (6822049.000.000) 06/22 22:45:01 Image size of job updated: 1122780
	384  -  MemoryUsage of job (MB)
	392660  -  ResidentSetSize of job (KB)
...
006 (6822049.000.000) 06/22 22:50:02 Image size of job updated: 1130016
	384  -  MemoryUsage of job (MB)
	392660  -  ResidentSetSize of job (KB)
...
006 (6822049.000.000) 06/22 22:55:03 Image size of job updated: 1134304
	400  -  MemoryUsage of job (MB)
	409300  -  ResidentSetSize of job (KB)
...
006 (6822049.000.000) 06/22 23:00:03 Image size of job updated: 1140500
	408  -  MemoryUsage of job (MB)
	416800  -  ResidentSetSize of job (KB)
...
006 (6822049.000.000) 06/22 23:05:04 Image size of job updated: 1148720
	408  -  MemoryUsage of job (MB)
	416800  -  ResidentSetSize of job (KB)
...
006 (6822049.000.000) 06/22 23:10:05 Image size of job updated: 1152364
	408  -  MemoryUsage of job (MB)
	416800  -  ResidentSetSize of job (KB)
...
006 (6822049.000.000) 06/22 23:15:05 Image size of job updated: 1159228
	408  -  MemoryUsage of job (MB)
	416800  -  ResidentSetSize of job (KB)
...
006 (6822049.000.000) 06/22 23:20:05 Image size of job updated: 1165576
	408  -  MemoryUsage of job (MB)
	416800  -  ResidentSetSize of job (KB)
...
006 (6822049.000.000) 06/22 23:25:06 Image size of job updated: 1171728
	439  -  MemoryUsage of job (MB)
	448696  -  ResidentSetSize of job (KB)
...
006 (6822049.000.000) 06/22 23:30:06 Image size of job updated: 1179940
	457  -  MemoryUsage of job (MB)
	467356  -  ResidentSetSize of job (KB)
...
006 (6822049.000.000) 06/22 23:35:06 Image size of job updated: 1182948
	457  -  MemoryUsage of job (MB)
	467356  -  ResidentSetSize of job (KB)
...
006 (6822049.000.000) 06/22 23:40:07 Image size of job updated: 1186668
	463  -  MemoryUsage of job (MB)
	473096  -  ResidentSetSize of job (KB)
...
006 (6822049.000.000) 06/22 23:45:08 Image size of job updated: 1192752
	470  -  MemoryUsage of job (MB)
	480596  -  ResidentSetSize of job (KB)
...
006 (6822049.000.000) 06/22 23:50:08 Image size of job updated: 1195576
	470  -  MemoryUsage of job (MB)
	480596  -  ResidentSetSize of job (KB)
...
006 (6822049.000.000) 06/22 23:55:08 Image size of job updated: 1200800
	470  -  MemoryUsage of job (MB)
	480596  -  ResidentSetSize of job (KB)
...
006 (6822049.000.000) 06/23 00:00:09 Image size of job updated: 1206268
	470  -  MemoryUsage of job (MB)
	480596  -  ResidentSetSize of job (KB)
...
006 (6822049.000.000) 06/23 00:05:09 Image size of job updated: 1210560
	481  -  MemoryUsage of job (MB)
	492120  -  ResidentSetSize of job (KB)
...
006 (6822049.000.000) 06/23 00:10:09 Image size of job updated: 1218068
	489  -  MemoryUsage of job (MB)
	500352  -  ResidentSetSize of job (KB)
...
006 (6822049.000.000) 06/23 00:15:10 Image size of job updated: 1219580
	496  -  MemoryUsage of job (MB)
	507392  -  ResidentSetSize of job (KB)
...
006 (6822049.000.000) 06/23 01:00:14 Image size of job updated: 1220092
	496  -  MemoryUsage of job (MB)
	507392  -  ResidentSetSize of job (KB)
...
006 (6822049.000.000) 06/23 01:05:15 Image size of job updated: 1223016
	496  -  MemoryUsage of job (MB)
	507392  -  ResidentSetSize of job (KB)
...
006 (6822049.000.000) 06/23 01:10:16 Image size of job updated: 1223780
	496  -  MemoryUsage of job (MB)
	507392  -  ResidentSetSize of job (KB)
...
006 (6822049.000.000) 06/23 01:15:16 Image size of job updated: 1229360
	496  -  MemoryUsage of job (MB)
	507392  -  ResidentSetSize of job (KB)
...
006 (6822049.000.000) 06/23 01:20:16 Image size of job updated: 1232368
	496  -  MemoryUsage of job (MB)
	507392  -  ResidentSetSize of job (KB)
...
006 (6822049.000.000) 06/23 01:25:17 Image size of job updated: 1235232
	500  -  MemoryUsage of job (MB)
	511140  -  ResidentSetSize of job (KB)
...
006 (6822049.000.000) 06/23 01:30:17 Image size of job updated: 1237888
	500  -  MemoryUsage of job (MB)
	511140  -  ResidentSetSize of job (KB)
...
006 (6822049.000.000) 06/23 01:35:17 Image size of job updated: 1239948
	500  -  MemoryUsage of job (MB)
	511140  -  ResidentSetSize of job (KB)
...
006 (6822049.000.000) 06/23 01:40:18 Image size of job updated: 1242772
	500  -  MemoryUsage of job (MB)
	511140  -  ResidentSetSize of job (KB)
...
006 (6822049.000.000) 06/23 01:45:19 Image size of job updated: 1244472
	500  -  MemoryUsage of job (MB)
	511140  -  ResidentSetSize of job (KB)
...
006 (6822049.000.000) 06/23 01:50:19 Image size of job updated: 1246228
	500  -  MemoryUsage of job (MB)
	511140  -  ResidentSetSize of job (KB)
...
006 (6822049.000.000) 06/23 01:55:19 Image size of job updated: 1251192
	500  -  MemoryUsage of job (MB)
	511140  -  ResidentSetSize of job (KB)
...
006 (6822049.000.000) 06/23 02:00:20 Image size of job updated: 1252528
	500  -  MemoryUsage of job (MB)
	511140  -  ResidentSetSize of job (KB)
...
006 (6822049.000.000) 06/23 02:05:20 Image size of job updated: 1254916
	500  -  MemoryUsage of job (MB)
	511140  -  ResidentSetSize of job (KB)
...
006 (6822049.000.000) 06/23 02:10:20 Image size of job updated: 1254916
	503  -  MemoryUsage of job (MB)
	514064  -  ResidentSetSize of job (KB)
...
006 (6822049.000.000) 06/23 02:15:21 Image size of job updated: 1254916
	503  -  MemoryUsage of job (MB)
	514360  -  ResidentSetSize of job (KB)
...
006 (6822049.000.000) 06/23 02:40:24 Image size of job updated: 1254916
	518  -  MemoryUsage of job (MB)
	530300  -  ResidentSetSize of job (KB)
...
006 (6822049.000.000) 06/23 03:05:26 Image size of job updated: 1258860
	518  -  MemoryUsage of job (MB)
	530300  -  ResidentSetSize of job (KB)
...
006 (6822049.000.000) 06/23 03:10:27 Image size of job updated: 1260652
	520  -  MemoryUsage of job (MB)
	531524  -  ResidentSetSize of job (KB)
...
006 (6822049.000.000) 06/23 03:15:28 Image size of job updated: 1262264
	526  -  MemoryUsage of job (MB)
	538400  -  ResidentSetSize of job (KB)
...
006 (6822049.000.000) 06/23 03:20:28 Image size of job updated: 1293576
	526  -  MemoryUsage of job (MB)
	538400  -  ResidentSetSize of job (KB)
...
006 (6822049.000.000) 06/23 03:25:29 Image size of job updated: 1296088
	526  -  MemoryUsage of job (MB)
	538400  -  ResidentSetSize of job (KB)
...
006 (6822049.000.000) 06/23 03:30:30 Image size of job updated: 1302656
	526  -  MemoryUsage of job (MB)
	538400  -  ResidentSetSize of job (KB)
...
006 (6822049.000.000) 06/23 03:40:30 Image size of job updated: 1306368
	526  -  MemoryUsage of job (MB)
	538400  -  ResidentSetSize of job (KB)
...
006 (6822049.000.000) 06/23 04:20:37 Image size of job updated: 1306368
	549  -  MemoryUsage of job (MB)
	561908  -  ResidentSetSize of job (KB)
...
006 (6822049.000.000) 06/23 05:15:39 Image size of job updated: 1307100
	549  -  MemoryUsage of job (MB)
	561908  -  ResidentSetSize of job (KB)
...
006 (6822049.000.000) 06/23 05:20:40 Image size of job updated: 1309192
	549  -  MemoryUsage of job (MB)
	561908  -  ResidentSetSize of job (KB)
...
006 (6822049.000.000) 06/23 05:25:41 Image size of job updated: 1310704
	549  -  MemoryUsage of job (MB)
	561908  -  ResidentSetSize of job (KB)
...
006 (6822049.000.000) 06/23 05:30:41 Image size of job updated: 1312900
	549  -  MemoryUsage of job (MB)
	561908  -  ResidentSetSize of job (KB)
...
006 (6822049.000.000) 06/23 05:35:41 Image size of job updated: 1314476
	549  -  MemoryUsage of job (MB)
	561908  -  ResidentSetSize of job (KB)
...
006 (6822049.000.000) 06/23 05:40:42 Image size of job updated: 1316048
	549  -  MemoryUsage of job (MB)
	561908  -  ResidentSetSize of job (KB)
...
006 (6822049.000.000) 06/23 05:45:43 Image size of job updated: 1317604
	549  -  MemoryUsage of job (MB)
	561908  -  ResidentSetSize of job (KB)
...
006 (6822049.000.000) 06/23 05:50:43 Image size of job updated: 1324832
	549  -  MemoryUsage of job (MB)
	561908  -  ResidentSetSize of job (KB)
...
006 (6822049.000.000) 06/23 05:55:44 Image size of job updated: 1326468
	549  -  MemoryUsage of job (MB)
	561908  -  ResidentSetSize of job (KB)
...
006 (6822049.000.000) 06/23 06:00:45 Image size of job updated: 1327848
	549  -  MemoryUsage of job (MB)
	561908  -  ResidentSetSize of job (KB)
...
006 (6822049.000.000) 06/23 06:05:45 Image size of job updated: 1330624
	549  -  MemoryUsage of job (MB)
	561908  -  ResidentSetSize of job (KB)
...
006 (6822049.000.000) 06/23 06:10:45 Image size of job updated: 1332108
	549  -  MemoryUsage of job (MB)
	561908  -  ResidentSetSize of job (KB)
...
006 (6822049.000.000) 06/23 06:15:46 Image size of job updated: 1333624
	549  -  MemoryUsage of job (MB)
	561908  -  ResidentSetSize of job (KB)
...
006 (6822049.000.000) 06/23 06:20:47 Image size of job updated: 1335940
	549  -  MemoryUsage of job (MB)
	561908  -  ResidentSetSize of job (KB)
...
006 (6822049.000.000) 06/23 06:25:47 Image size of job updated: 1337508
	549  -  MemoryUsage of job (MB)
	561908  -  ResidentSetSize of job (KB)
...
006 (6822049.000.000) 06/23 06:30:47 Image size of job updated: 1338960
	549  -  MemoryUsage of job (MB)
	561908  -  ResidentSetSize of job (KB)
...
006 (6822049.000.000) 06/23 06:35:48 Image size of job updated: 1340416
	549  -  MemoryUsage of job (MB)
	561908  -  ResidentSetSize of job (KB)
...
006 (6822049.000.000) 06/23 06:40:48 Image size of job updated: 1342104
	549  -  MemoryUsage of job (MB)
	561908  -  ResidentSetSize of job (KB)
...
006 (6822049.000.000) 06/23 06:45:48 Image size of job updated: 1343576
	549  -  MemoryUsage of job (MB)
	561908  -  ResidentSetSize of job (KB)
...
006 (6822049.000.000) 06/23 06:50:49 Image size of job updated: 1344976
	549  -  MemoryUsage of job (MB)
	561908  -  ResidentSetSize of job (KB)
...
006 (6822049.000.000) 06/23 06:55:50 Image size of job updated: 1346528
	549  -  MemoryUsage of job (MB)
	561908  -  ResidentSetSize of job (KB)
...
006 (6822049.000.000) 06/23 07:00:50 Image size of job updated: 1347980
	549  -  MemoryUsage of job (MB)
	561908  -  ResidentSetSize of job (KB)
...
006 (6822049.000.000) 06/23 07:05:50 Image size of job updated: 1349516
	549  -  MemoryUsage of job (MB)
	561908  -  ResidentSetSize of job (KB)
...
006 (6822049.000.000) 06/23 07:10:51 Image size of job updated: 1350832
	549  -  MemoryUsage of job (MB)
	561908  -  ResidentSetSize of job (KB)
...
006 (6822049.000.000) 06/23 07:15:52 Image size of job updated: 1355220
	549  -  MemoryUsage of job (MB)
	561908  -  ResidentSetSize of job (KB)
...
006 (6822049.000.000) 06/23 07:20:52 Image size of job updated: 1356784
	549  -  MemoryUsage of job (MB)
	561908  -  ResidentSetSize of job (KB)
...
006 (6822049.000.000) 06/23 07:25:53 Image size of job updated: 1358220
	549  -  MemoryUsage of job (MB)
	561908  -  ResidentSetSize of job (KB)
...
006 (6822049.000.000) 06/23 07:30:54 Image size of job updated: 1359664
	549  -  MemoryUsage of job (MB)
	561908  -  ResidentSetSize of job (KB)
...
006 (6822049.000.000) 06/23 07:35:54 Image size of job updated: 1361116
	549  -  MemoryUsage of job (MB)
	561908  -  ResidentSetSize of job (KB)
...
006 (6822049.000.000) 06/23 07:40:54 Image size of job updated: 1362460
	549  -  MemoryUsage of job (MB)
	561908  -  ResidentSetSize of job (KB)
...
006 (6822049.000.000) 06/23 07:45:55 Image size of job updated: 1363880
	549  -  MemoryUsage of job (MB)
	561908  -  ResidentSetSize of job (KB)
...
006 (6822049.000.000) 06/23 07:50:56 Image size of job updated: 1365300
	549  -  MemoryUsage of job (MB)
	561908  -  ResidentSetSize of job (KB)
...
006 (6822049.000.000) 06/23 07:55:56 Image size of job updated: 1366704
	549  -  MemoryUsage of job (MB)
	561908  -  ResidentSetSize of job (KB)
...
006 (6822049.000.000) 06/23 08:00:56 Image size of job updated: 1368156
	549  -  MemoryUsage of job (MB)
	561908  -  ResidentSetSize of job (KB)
...
006 (6822049.000.000) 06/23 08:05:58 Image size of job updated: 1369608
	549  -  MemoryUsage of job (MB)
	561908  -  ResidentSetSize of job (KB)
...
006 (6822049.000.000) 06/23 08:10:58 Image size of job updated: 1371060
	549  -  MemoryUsage of job (MB)
	561908  -  ResidentSetSize of job (KB)
...
006 (6822049.000.000) 06/23 08:15:58 Image size of job updated: 1372416
	549  -  MemoryUsage of job (MB)
	561908  -  ResidentSetSize of job (KB)
...
006 (6822049.000.000) 06/23 08:20:59 Image size of job updated: 1373808
	549  -  MemoryUsage of job (MB)
	561908  -  ResidentSetSize of job (KB)
...
006 (6822049.000.000) 06/23 08:26:00 Image size of job updated: 1375284
	549  -  MemoryUsage of job (MB)
	561908  -  ResidentSetSize of job (KB)
...
006 (6822049.000.000) 06/23 08:31:00 Image size of job updated: 1376540
	549  -  MemoryUsage of job (MB)
	561908  -  ResidentSetSize of job (KB)
...
006 (6822049.000.000) 06/23 08:36:00 Image size of job updated: 1378116
	549  -  MemoryUsage of job (MB)
	561908  -  ResidentSetSize of job (KB)
...
006 (6822049.000.000) 06/23 08:41:01 Image size of job updated: 1379508
	549  -  MemoryUsage of job (MB)
	561908  -  ResidentSetSize of job (KB)
...
006 (6822049.000.000) 06/23 08:46:02 Image size of job updated: 1380912
	549  -  MemoryUsage of job (MB)
	561908  -  ResidentSetSize of job (KB)
...
006 (6822049.000.000) 06/23 08:51:02 Image size of job updated: 1382260
	549  -  MemoryUsage of job (MB)
	561908  -  ResidentSetSize of job (KB)
...
006 (6822049.000.000) 06/23 08:56:02 Image size of job updated: 1383592
	549  -  MemoryUsage of job (MB)
	561908  -  ResidentSetSize of job (KB)
...
006 (6822049.000.000) 06/23 09:01:03 Image size of job updated: 1389940
	549  -  MemoryUsage of job (MB)
	561908  -  ResidentSetSize of job (KB)
...
006 (6822049.000.000) 06/23 09:06:03 Image size of job updated: 1391640
	549  -  MemoryUsage of job (MB)
	561908  -  ResidentSetSize of job (KB)
...
006 (6822049.000.000) 06/23 09:11:03 Image size of job updated: 1393136
	549  -  MemoryUsage of job (MB)
	561908  -  ResidentSetSize of job (KB)
...
006 (6822049.000.000) 06/23 09:16:04 Image size of job updated: 1394792
	549  -  MemoryUsage of job (MB)
	561908  -  ResidentSetSize of job (KB)
...
006 (6822049.000.000) 06/23 09:21:05 Image size of job updated: 1395988
	549  -  MemoryUsage of job (MB)
	561908  -  ResidentSetSize of job (KB)
...
006 (6822049.000.000) 06/23 09:26:05 Image size of job updated: 1397324
	549  -  MemoryUsage of job (MB)
	561908  -  ResidentSetSize of job (KB)
...
006 (6822049.000.000) 06/23 09:31:06 Image size of job updated: 1398536
	549  -  MemoryUsage of job (MB)
	561908  -  ResidentSetSize of job (KB)
...
006 (6822049.000.000) 06/23 09:36:07 Image size of job updated: 1399752
	549  -  MemoryUsage of job (MB)
	561908  -  ResidentSetSize of job (KB)
...
006 (6822049.000.000) 06/23 09:41:07 Image size of job updated: 1400940
	549  -  MemoryUsage of job (MB)
	561908  -  ResidentSetSize of job (KB)
...
006 (6822049.000.000) 06/23 09:42:38 Image size of job updated: 1401248
	549  -  MemoryUsage of job (MB)
	561908  -  ResidentSetSize of job (KB)
...
040 (6822049.000.000) 06/23 09:42:38 Started transferring output files
...
040 (6822049.000.000) 06/23 09:42:38 Finished transferring output files
...
005 (6822049.000.000) 06/23 09:42:39 Job terminated.
	(1) Normal termination (return value 0)
		Usr 0 02:44:22, Sys 0 09:23:46  -  Run Remote Usage
		Usr 0 00:00:00, Sys 0 00:00:00  -  Run Local Usage
		Usr 0 02:44:22, Sys 0 09:23:46  -  Total Remote Usage
		Usr 0 00:00:00, Sys 0 00:00:00  -  Total Local Usage
	74150  -  Run Bytes Sent By Job
	10958  -  Run Bytes Received By Job
	74150  -  Total Bytes Sent By Job
	10958  -  Total Bytes Received By Job
	Partitionable Resources :    Usage  Request Allocated 
	   Cpus                 :     1.00        1         1 
	   Disk (KB)            :   104          12   1300697 
	   Memory (MB)          :   549        2000      2000 

	Job terminated of its own accord at 2024-06-23T07:42:38Z with exit-code 0.
...
000 (6932086.000.000) 07/11 12:34:31 Job submitted from host: <137.138.55.115:9618?addrs=137.138.55.115-9618+[2001-1458-d00-17--12a]-9618&alias=bigbird23.cern.ch&noUDP&sock=schedd_23881_f548>
...
040 (6932086.000.000) 07/11 13:53:57 Started transferring input files
	Transferring to host: <128.142.56.158:9618?addrs=128.142.56.158-9618&alias=b7s01p2846.cern.ch&noUDP&sock=slot1_8_6928_2713_195044>
...
040 (6932086.000.000) 07/11 13:53:57 Finished transferring input files
...
001 (6932086.000.000) 07/11 13:53:59 Job executing on host: <128.142.56.158:9618?addrs=128.142.56.158-9618&alias=b7s01p2846.cern.ch&noUDP&sock=startd_6842_9f12>
	SlotName: slot1_8@b7s01p2846.cern.ch
...
006 (6932086.000.000) 07/11 13:54:07 Image size of job updated: 298176
	149  -  MemoryUsage of job (MB)
	151780  -  ResidentSetSize of job (KB)
...
006 (6932086.000.000) 07/11 13:59:07 Image size of job updated: 978788
	227  -  MemoryUsage of job (MB)
	231812  -  ResidentSetSize of job (KB)
...
006 (6932086.000.000) 07/11 14:04:07 Image size of job updated: 1008416
	280  -  MemoryUsage of job (MB)
	285752  -  ResidentSetSize of job (KB)
...
006 (6932086.000.000) 07/11 14:09:08 Image size of job updated: 1040968
	281  -  MemoryUsage of job (MB)
	287408  -  ResidentSetSize of job (KB)
...
006 (6932086.000.000) 07/11 14:14:08 Image size of job updated: 1040968
	306  -  MemoryUsage of job (MB)
	312416  -  ResidentSetSize of job (KB)
...
006 (6932086.000.000) 07/11 14:24:10 Image size of job updated: 1044120
	322  -  MemoryUsage of job (MB)
	328852  -  ResidentSetSize of job (KB)
...
006 (6932086.000.000) 07/11 14:29:10 Image size of job updated: 1052904
	322  -  MemoryUsage of job (MB)
	328852  -  ResidentSetSize of job (KB)
...
006 (6932086.000.000) 07/11 14:34:10 Image size of job updated: 1061232
	322  -  MemoryUsage of job (MB)
	328852  -  ResidentSetSize of job (KB)
...
006 (6932086.000.000) 07/11 14:39:11 Image size of job updated: 1068904
	340  -  MemoryUsage of job (MB)
	348040  -  ResidentSetSize of job (KB)
...
006 (6932086.000.000) 07/11 14:44:11 Image size of job updated: 1076528
	345  -  MemoryUsage of job (MB)
	352700  -  ResidentSetSize of job (KB)
...
006 (6932086.000.000) 07/11 14:49:11 Image size of job updated: 1083844
	345  -  MemoryUsage of job (MB)
	352700  -  ResidentSetSize of job (KB)
...
006 (6932086.000.000) 07/11 14:54:12 Image size of job updated: 1090736
	345  -  MemoryUsage of job (MB)
	352700  -  ResidentSetSize of job (KB)
...
000 (6932607.000.000) 07/11 14:56:27 Job submitted from host: <137.138.55.115:9618?addrs=137.138.55.115-9618+[2001-1458-d00-17--12a]-9618&alias=bigbird23.cern.ch&noUDP&sock=schedd_23881_f548>
...
000 (6932610.000.000) 07/11 14:56:33 Job submitted from host: <137.138.55.115:9618?addrs=137.138.55.115-9618+[2001-1458-d00-17--12a]-9618&alias=bigbird23.cern.ch&noUDP&sock=schedd_23881_f548>
...
009 (6932610.000.000) 07/11 14:56:50 Job was aborted.
	via condor_rm (by user fsalerno)
...
006 (6932086.000.000) 07/11 14:59:13 Image size of job updated: 1099580
	378  -  MemoryUsage of job (MB)
	386968  -  ResidentSetSize of job (KB)
...
040 (6932607.000.000) 07/11 15:00:28 Started transferring input files
	Transferring to host: <128.142.59.13:9618?addrs=128.142.59.13-9618+[2001-1458-301-21--100-c]-9618&alias=b7s04p6925.cern.ch&noUDP&sock=slot1_19_16512_f299_187539>
...
040 (6932607.000.000) 07/11 15:00:28 Finished transferring input files
...
001 (6932607.000.000) 07/11 15:00:29 Job executing on host: <128.142.59.13:9618?addrs=128.142.59.13-9618+[2001-1458-301-21--100-c]-9618&alias=b7s04p6925.cern.ch&noUDP&sock=startd_16475_0ee2>
	SlotName: slot1_19@b7s04p6925.cern.ch
...
006 (6932607.000.000) 07/11 15:00:38 Image size of job updated: 373616
	157  -  MemoryUsage of job (MB)
	160032  -  ResidentSetSize of job (KB)
...
006 (6932086.000.000) 07/11 15:04:13 Image size of job updated: 1104792
	383  -  MemoryUsage of job (MB)
	391840  -  ResidentSetSize of job (KB)
...
006 (6932607.000.000) 07/11 15:05:39 Image size of job updated: 970760
	253  -  MemoryUsage of job (MB)
	258900  -  ResidentSetSize of job (KB)
...
006 (6932086.000.000) 07/11 15:09:13 Image size of job updated: 1110936
	383  -  MemoryUsage of job (MB)
	391840  -  ResidentSetSize of job (KB)
...
006 (6932607.000.000) 07/11 15:10:39 Image size of job updated: 1015236
	255  -  MemoryUsage of job (MB)
	260148  -  ResidentSetSize of job (KB)
...
006 (6932086.000.000) 07/11 15:14:13 Image size of job updated: 1119008
	388  -  MemoryUsage of job (MB)
	396696  -  ResidentSetSize of job (KB)
...
006 (6932607.000.000) 07/11 15:15:39 Image size of job updated: 1027696
	267  -  MemoryUsage of job (MB)
	273084  -  ResidentSetSize of job (KB)
...
006 (6932086.000.000) 07/11 15:19:14 Image size of job updated: 1124172
	392  -  MemoryUsage of job (MB)
	401300  -  ResidentSetSize of job (KB)
...
006 (6932607.000.000) 07/11 15:20:40 Image size of job updated: 1027696
	288  -  MemoryUsage of job (MB)
	294196  -  ResidentSetSize of job (KB)
...
006 (6932086.000.000) 07/11 15:24:14 Image size of job updated: 1129756
	392  -  MemoryUsage of job (MB)
	401300  -  ResidentSetSize of job (KB)
...
006 (6932607.000.000) 07/11 15:25:41 Image size of job updated: 1032892
	309  -  MemoryUsage of job (MB)
	315648  -  ResidentSetSize of job (KB)
...
006 (6932086.000.000) 07/11 15:28:19 Image size of job updated: 1134688
	392  -  MemoryUsage of job (MB)
	401300  -  ResidentSetSize of job (KB)
...
040 (6932086.000.000) 07/11 15:28:19 Started transferring output files
...
040 (6932086.000.000) 07/11 15:28:20 Finished transferring output files
...
005 (6932086.000.000) 07/11 15:28:20 Job terminated.
	(1) Normal termination (return value 0)
		Usr 0 00:30:55, Sys 0 01:03:12  -  Run Remote Usage
		Usr 0 00:00:00, Sys 0 00:00:00  -  Run Local Usage
		Usr 0 00:30:55, Sys 0 01:03:12  -  Total Remote Usage
		Usr 0 00:00:00, Sys 0 00:00:00  -  Total Local Usage
	34805  -  Run Bytes Sent By Job
	10970  -  Run Bytes Received By Job
	34805  -  Total Bytes Sent By Job
	10970  -  Total Bytes Received By Job
	Partitionable Resources :    Usage  Request Allocated 
	   Cpus                 :     1.00        1         1 
	   Disk (KB)            :    65          12   1323408 
	   Memory (MB)          :   392        2000      2000 

	Job terminated of its own accord at 2024-07-11T13:28:19Z with exit-code 0.
...
006 (6932607.000.000) 07/11 15:30:41 Image size of job updated: 1042452
	315  -  MemoryUsage of job (MB)
	321776  -  ResidentSetSize of job (KB)
...
006 (6932607.000.000) 07/11 15:35:42 Image size of job updated: 1051692
	337  -  MemoryUsage of job (MB)
	344964  -  ResidentSetSize of job (KB)
...
006 (6932607.000.000) 07/11 15:40:43 Image size of job updated: 1060248
	337  -  MemoryUsage of job (MB)
	344964  -  ResidentSetSize of job (KB)
...
006 (6932607.000.000) 07/11 15:45:43 Image size of job updated: 1068528
	337  -  MemoryUsage of job (MB)
	344964  -  ResidentSetSize of job (KB)
...
006 (6932607.000.000) 07/11 15:50:43 Image size of job updated: 1076092
	337  -  MemoryUsage of job (MB)
	344964  -  ResidentSetSize of job (KB)
...
006 (6932607.000.000) 07/11 15:55:44 Image size of job updated: 1083736
	359  -  MemoryUsage of job (MB)
	366784  -  ResidentSetSize of job (KB)
...
006 (6932607.000.000) 07/11 16:00:44 Image size of job updated: 1090824
	364  -  MemoryUsage of job (MB)
	371984  -  ResidentSetSize of job (KB)
...
006 (6932607.000.000) 07/11 16:05:44 Image size of job updated: 1097628
	365  -  MemoryUsage of job (MB)
	373280  -  ResidentSetSize of job (KB)
...
006 (6932607.000.000) 07/11 16:10:45 Image size of job updated: 1105132
	369  -  MemoryUsage of job (MB)
	377740  -  ResidentSetSize of job (KB)
...
006 (6932607.000.000) 07/11 16:15:46 Image size of job updated: 1111312
	369  -  MemoryUsage of job (MB)
	377740  -  ResidentSetSize of job (KB)
...
006 (6932607.000.000) 07/11 16:20:46 Image size of job updated: 1123044
	406  -  MemoryUsage of job (MB)
	415032  -  ResidentSetSize of job (KB)
...
006 (6932607.000.000) 07/11 16:25:47 Image size of job updated: 1129916
	406  -  MemoryUsage of job (MB)
	415032  -  ResidentSetSize of job (KB)
...
006 (6932607.000.000) 07/11 16:30:48 Image size of job updated: 1133896
	406  -  MemoryUsage of job (MB)
	415032  -  ResidentSetSize of job (KB)
...
006 (6932607.000.000) 07/11 16:34:42 Image size of job updated: 1136320
	406  -  MemoryUsage of job (MB)
	415032  -  ResidentSetSize of job (KB)
...
040 (6932607.000.000) 07/11 16:34:42 Started transferring output files
...
040 (6932607.000.000) 07/11 16:34:42 Finished transferring output files
...
005 (6932607.000.000) 07/11 16:34:42 Job terminated.
	(1) Normal termination (return value 0)
		Usr 0 00:30:37, Sys 0 01:03:24  -  Run Remote Usage
		Usr 0 00:00:00, Sys 0 00:00:00  -  Run Local Usage
		Usr 0 00:30:37, Sys 0 01:03:24  -  Total Remote Usage
		Usr 0 00:00:00, Sys 0 00:00:00  -  Total Local Usage
	34805  -  Run Bytes Sent By Job
	10970  -  Run Bytes Received By Job
	34805  -  Total Bytes Sent By Job
	10970  -  Total Bytes Received By Job
	Partitionable Resources :    Usage  Request Allocated 
	   Cpus                 :     1.00        1         1 
	   Disk (KB)            :    65          12   1341587 
	   Memory (MB)          :   406        2000      2000 

	Job terminated of its own accord at 2024-07-11T14:34:42Z with exit-code 0.
...
000 (6942109.000.000) 07/15 18:00:08 Job submitted from host: <137.138.55.115:9618?addrs=137.138.55.115-9618+[2001-1458-d00-17--12a]-9618&alias=bigbird23.cern.ch&noUDP&sock=schedd_23881_f548>
...
040 (6942109.000.000) 07/15 18:06:13 Started transferring input files
	Transferring to host: <128.142.56.37:9618?addrs=128.142.56.37-9618&alias=b7s01p8945.cern.ch&noUDP&sock=slot1_13_7436_15a7_197183>
...
040 (6942109.000.000) 07/15 18:06:13 Finished transferring input files
...
001 (6942109.000.000) 07/15 18:06:15 Job executing on host: <128.142.56.37:9618?addrs=128.142.56.37-9618&alias=b7s01p8945.cern.ch&noUDP&sock=startd_7371_78ac>
	SlotName: slot1_13@b7s01p8945.cern.ch
...
006 (6942109.000.000) 07/15 18:06:23 Image size of job updated: 839852
	151  -  MemoryUsage of job (MB)
	154092  -  ResidentSetSize of job (KB)
...
006 (6942109.000.000) 07/15 18:11:23 Image size of job updated: 961172
	242  -  MemoryUsage of job (MB)
	246984  -  ResidentSetSize of job (KB)
...
006 (6942109.000.000) 07/15 18:16:23 Image size of job updated: 1005784
	262  -  MemoryUsage of job (MB)
	267580  -  ResidentSetSize of job (KB)
...
006 (6942109.000.000) 07/15 18:21:24 Image size of job updated: 1036088
	284  -  MemoryUsage of job (MB)
	290404  -  ResidentSetSize of job (KB)
...
006 (6942109.000.000) 07/15 18:26:24 Image size of job updated: 1036088
	288  -  MemoryUsage of job (MB)
	294796  -  ResidentSetSize of job (KB)
...
006 (6942109.000.000) 07/15 18:31:25 Image size of job updated: 1036088
	314  -  MemoryUsage of job (MB)
	320988  -  ResidentSetSize of job (KB)
...
006 (6942109.000.000) 07/15 18:36:26 Image size of job updated: 1039424
	314  -  MemoryUsage of job (MB)
	320988  -  ResidentSetSize of job (KB)
...
006 (6942109.000.000) 07/15 18:41:26 Image size of job updated: 1049140
	314  -  MemoryUsage of job (MB)
	320988  -  ResidentSetSize of job (KB)
...
006 (6942109.000.000) 07/15 18:46:26 Image size of job updated: 1058028
	333  -  MemoryUsage of job (MB)
	340352  -  ResidentSetSize of job (KB)
...
006 (6942109.000.000) 07/15 18:51:28 Image size of job updated: 1065848
	341  -  MemoryUsage of job (MB)
	348712  -  ResidentSetSize of job (KB)
...
006 (6942109.000.000) 07/15 18:56:28 Image size of job updated: 1073756
	342  -  MemoryUsage of job (MB)
	349564  -  ResidentSetSize of job (KB)
...
006 (6942109.000.000) 07/15 19:01:28 Image size of job updated: 1080852
	363  -  MemoryUsage of job (MB)
	371136  -  ResidentSetSize of job (KB)
...
006 (6942109.000.000) 07/15 19:06:29 Image size of job updated: 1088476
	363  -  MemoryUsage of job (MB)
	371136  -  ResidentSetSize of job (KB)
...
006 (6942109.000.000) 07/15 19:11:30 Image size of job updated: 1096164
	363  -  MemoryUsage of job (MB)
	371136  -  ResidentSetSize of job (KB)
...
006 (6942109.000.000) 07/15 19:16:30 Image size of job updated: 1104064
	368  -  MemoryUsage of job (MB)
	376324  -  ResidentSetSize of job (KB)
...
006 (6942109.000.000) 07/15 19:21:30 Image size of job updated: 1108768
	393  -  MemoryUsage of job (MB)
	401832  -  ResidentSetSize of job (KB)
...
006 (6942109.000.000) 07/15 19:26:31 Image size of job updated: 1114660
	393  -  MemoryUsage of job (MB)
	401832  -  ResidentSetSize of job (KB)
...
006 (6942109.000.000) 07/15 19:31:31 Image size of job updated: 1122696
	403  -  MemoryUsage of job (MB)
	412084  -  ResidentSetSize of job (KB)
...
006 (6942109.000.000) 07/15 19:36:31 Image size of job updated: 1127300
	407  -  MemoryUsage of job (MB)
	416072  -  ResidentSetSize of job (KB)
...
006 (6942109.000.000) 07/15 19:41:32 Image size of job updated: 1134332
	410  -  MemoryUsage of job (MB)
	419196  -  ResidentSetSize of job (KB)
...
006 (6942109.000.000) 07/15 19:43:33 Image size of job updated: 1135324
	410  -  MemoryUsage of job (MB)
	419196  -  ResidentSetSize of job (KB)
...
040 (6942109.000.000) 07/15 19:43:34 Started transferring output files
...
040 (6942109.000.000) 07/15 19:43:35 Finished transferring output files
...
005 (6942109.000.000) 07/15 19:43:35 Job terminated.
	(1) Normal termination (return value 0)
		Usr 0 00:30:44, Sys 0 01:06:14  -  Run Remote Usage
		Usr 0 00:00:00, Sys 0 00:00:00  -  Run Local Usage
		Usr 0 00:30:44, Sys 0 01:06:14  -  Total Remote Usage
		Usr 0 00:00:00, Sys 0 00:00:00  -  Total Local Usage
	35261  -  Run Bytes Sent By Job
	10978  -  Run Bytes Received By Job
	35261  -  Total Bytes Sent By Job
	10978  -  Total Bytes Received By Job
	Partitionable Resources :    Usage  Request Allocated 
	   Cpus                 :     1.00        1         1 
	   Disk (KB)            :    65          12   1324280 
	   Memory (MB)          :   410        2000      2000 

	Job terminated of its own accord at 2024-07-15T17:43:33Z with exit-code 0.
...
000 (6942420.000.000) 07/15 22:58:30 Job submitted from host: <137.138.55.115:9618?addrs=137.138.55.115-9618+[2001-1458-d00-17--12a]-9618&alias=bigbird23.cern.ch&noUDP&sock=schedd_23881_f548>
...
040 (6942420.000.000) 07/15 23:01:05 Started transferring input files
	Transferring to host: <128.142.59.116:9618?addrs=128.142.59.116-9618&alias=b7s04p1998.cern.ch&noUDP&sock=slot1_7_6935_15b3_197448>
...
040 (6942420.000.000) 07/15 23:01:05 Finished transferring input files
...
001 (6942420.000.000) 07/15 23:01:06 Job executing on host: <128.142.59.116:9618?addrs=128.142.59.116-9618&alias=b7s04p1998.cern.ch&noUDP&sock=startd_6872_32ea>
	SlotName: slot1_7@b7s04p1998.cern.ch
...
006 (6942420.000.000) 07/15 23:01:14 Image size of job updated: 915332
	0  -  MemoryUsage of job (MB)
	0  -  ResidentSetSize of job (KB)
...
040 (6942420.000.000) 07/15 23:01:14 Started transferring output files
...
040 (6942420.000.000) 07/15 23:01:14 Finished transferring output files
...
005 (6942420.000.000) 07/15 23:01:14 Job terminated.
	(1) Normal termination (return value 1)
		Usr 0 00:00:02, Sys 0 00:00:01  -  Run Remote Usage
		Usr 0 00:00:00, Sys 0 00:00:00  -  Run Local Usage
		Usr 0 00:00:02, Sys 0 00:00:01  -  Total Remote Usage
		Usr 0 00:00:00, Sys 0 00:00:00  -  Total Local Usage
	6653  -  Run Bytes Sent By Job
	10970  -  Run Bytes Received By Job
	6653  -  Total Bytes Sent By Job
	10970  -  Total Bytes Received By Job
	Partitionable Resources :    Usage  Request Allocated 
	   Cpus                 :                 1         1 
	   Disk (KB)            :       30       12   1219196 
	   Memory (MB)          :        0     2000      2000 

	Job terminated of its own accord at 2024-07-15T21:01:14Z with exit-code 1.
...
000 (6943871.000.000) 07/16 17:43:50 Job submitted from host: <137.138.55.115:9618?addrs=137.138.55.115-9618+[2001-1458-d00-17--12a]-9618&alias=bigbird23.cern.ch&noUDP&sock=schedd_23881_f548>
...
040 (6943871.000.000) 07/16 17:47:58 Started transferring input files
	Transferring to host: <128.142.59.50:9618?addrs=128.142.59.50-9618&alias=b7s04p0830.cern.ch&noUDP&sock=slot1_27_7236_2a9f_198208>
...
040 (6943871.000.000) 07/16 17:47:58 Finished transferring input files
...
001 (6943871.000.000) 07/16 17:47:59 Job executing on host: <128.142.59.50:9618?addrs=128.142.59.50-9618&alias=b7s04p0830.cern.ch&noUDP&sock=startd_7172_f953>
	SlotName: slot1_27@b7s04p0830.cern.ch
...
006 (6943871.000.000) 07/16 17:48:07 Image size of job updated: 679512
	131  -  MemoryUsage of job (MB)
	133924  -  ResidentSetSize of job (KB)
...
040 (6943871.000.000) 07/16 17:48:11 Started transferring output files
...
040 (6943871.000.000) 07/16 17:48:11 Finished transferring output files
...
005 (6943871.000.000) 07/16 17:48:11 Job terminated.
	(1) Normal termination (return value 1)
		Usr 0 00:00:03, Sys 0 00:00:01  -  Run Remote Usage
		Usr 0 00:00:00, Sys 0 00:00:00  -  Run Local Usage
		Usr 0 00:00:03, Sys 0 00:00:01  -  Total Remote Usage
		Usr 0 00:00:00, Sys 0 00:00:00  -  Total Local Usage
	6197  -  Run Bytes Sent By Job
	10974  -  Run Bytes Received By Job
	6197  -  Total Bytes Sent By Job
	10974  -  Total Bytes Received By Job
	Partitionable Resources :    Usage  Request Allocated 
	   Cpus                 :                 1         1 
	   Disk (KB)            :       30       12   1276881 
	   Memory (MB)          :      131     2000      2000 

	Job terminated of its own accord at 2024-07-16T15:48:11Z with exit-code 1.
...
000 (7088342.000.000) 09/13 01:47:01 Job submitted from host: <137.138.55.115:9618?addrs=137.138.55.115-9618+[2001-1458-d00-17--12a]-9618&alias=bigbird23.cern.ch&noUDP&sock=schedd_23881_f548>
...
040 (7088342.000.000) 09/13 01:47:21 Started transferring input files
	Transferring to host: <188.185.205.200:9618?addrs=188.185.205.200-9618+[2001-1458-303-a--100-45]-9618&alias=b9p04p4114.cern.ch&noUDP&sock=slot1_18_5820_7766_133021>
...
040 (7088342.000.000) 09/13 01:47:21 Finished transferring input files
...
001 (7088342.000.000) 09/13 01:47:22 Job executing on host: <188.185.205.200:9618?addrs=188.185.205.200-9618+[2001-1458-303-a--100-45]-9618&alias=b9p04p4114.cern.ch&noUDP&sock=startd_4852_a59b>
	SlotName: slot1_18@b9p04p4114.cern.ch
	CondorScratchDir = "/pool/condor/dir_246666"
	Cpus = 1
	Disk = 2570736
	Memory = 2000
...
000 (7088343.000.000) 09/13 01:47:25 Job submitted from host: <137.138.55.115:9618?addrs=137.138.55.115-9618+[2001-1458-d00-17--12a]-9618&alias=bigbird23.cern.ch&noUDP&sock=schedd_23881_f548>
...
040 (7088343.000.000) 09/13 01:47:30 Started transferring input files
	Transferring to host: <188.185.205.137:9618?addrs=188.185.205.137-9618+[2001-1458-303-a--100-6]-9618&alias=b9p04p9214.cern.ch&noUDP&sock=slot1_29_3697_9eef_39344>
...
040 (7088343.000.000) 09/13 01:47:30 Finished transferring input files
...
006 (7088342.000.000) 09/13 01:47:31 Image size of job updated: 417520
	408  -  MemoryUsage of job (MB)
	417520  -  ResidentSetSize of job (KB)
...
001 (7088343.000.000) 09/13 01:47:31 Job executing on host: <188.185.205.137:9618?addrs=188.185.205.137-9618+[2001-1458-303-a--100-6]-9618&alias=b9p04p9214.cern.ch&noUDP&sock=startd_3323_e14c>
	SlotName: slot1_29@b9p04p9214.cern.ch
	CondorScratchDir = "/pool/condor/dir_1841712"
	Cpus = 1
	Disk = 2717005
	Memory = 2000
...
006 (7088342.000.000) 09/13 01:47:32 Image size of job updated: 453788
	408  -  MemoryUsage of job (MB)
	417776  -  ResidentSetSize of job (KB)
...
040 (7088342.000.000) 09/13 01:47:32 Started transferring output files
...
040 (7088342.000.000) 09/13 01:47:32 Finished transferring output files
...
005 (7088342.000.000) 09/13 01:47:32 Job terminated.
	(1) Normal termination (return value 1)
		Usr 0 00:00:01, Sys 0 00:00:01  -  Run Remote Usage
		Usr 0 00:00:00, Sys 0 00:00:00  -  Run Local Usage
		Usr 0 00:00:01, Sys 0 00:00:01  -  Total Remote Usage
		Usr 0 00:00:00, Sys 0 00:00:00  -  Total Local Usage
	1221  -  Run Bytes Sent By Job
	10948  -  Run Bytes Received By Job
	1221  -  Total Bytes Sent By Job
	10948  -  Total Bytes Received By Job
	Partitionable Resources :    Usage  Request Allocated 
	   Cpus                 :        0        1         1 
	   Disk (KB)            :       40       12   2570736 
	   Memory (MB)          :      408     2000      2000 

	Job terminated of its own accord at 2024-09-12T23:47:32Z with exit-code 1.
...
006 (7088343.000.000) 09/13 01:47:34 Image size of job updated: 126996
	2  -  MemoryUsage of job (MB)
	1988  -  ResidentSetSize of job (KB)
...
040 (7088343.000.000) 09/13 01:47:34 Started transferring output files
...
040 (7088343.000.000) 09/13 01:47:34 Finished transferring output files
...
005 (7088343.000.000) 09/13 01:47:34 Job terminated.
	(1) Normal termination (return value 1)
		Usr 0 00:00:01, Sys 0 00:00:00  -  Run Remote Usage
		Usr 0 00:00:00, Sys 0 00:00:00  -  Run Local Usage
		Usr 0 00:00:01, Sys 0 00:00:00  -  Total Remote Usage
		Usr 0 00:00:00, Sys 0 00:00:00  -  Total Local Usage
	1221  -  Run Bytes Sent By Job
	10948  -  Run Bytes Received By Job
	1221  -  Total Bytes Sent By Job
	10948  -  Total Bytes Received By Job
	Partitionable Resources :    Usage  Request Allocated 
	   Cpus                 :        0        1         1 
	   Disk (KB)            :       40       12   2717005 
	   Memory (MB)          :        2     2000      2000 

	Job terminated of its own accord at 2024-09-12T23:47:34Z with exit-code 1.
...
000 (7088346.000.000) 09/13 01:49:15 Job submitted from host: <137.138.55.115:9618?addrs=137.138.55.115-9618+[2001-1458-d00-17--12a]-9618&alias=bigbird23.cern.ch&noUDP&sock=schedd_23881_f548>
...
040 (7088346.000.000) 09/13 01:49:49 Started transferring input files
	Transferring to host: <188.185.192.32:9618?addrs=188.185.192.32-9618&alias=b9p13p8414.cern.ch&noUDP&sock=slot1_6_2631421_e4d7_41429>
...
040 (7088346.000.000) 09/13 01:49:49 Finished transferring input files
...
001 (7088346.000.000) 09/13 01:49:50 Job executing on host: <188.185.192.32:9618?addrs=188.185.192.32-9618&alias=b9p13p8414.cern.ch&noUDP&sock=startd_3751831_949f>
	SlotName: slot1_6@b9p13p8414.cern.ch
	CondorScratchDir = "/pool/condor/dir_3885865"
	Cpus = 1
	Disk = 2818301
	Memory = 2000
...
006 (7088346.000.000) 09/13 01:49:59 Image size of job updated: 1
	0  -  MemoryUsage of job (MB)
	0  -  ResidentSetSize of job (KB)
...
006 (7088346.000.000) 09/13 01:50:24 Image size of job updated: 455336
	323  -  MemoryUsage of job (MB)
	330372  -  ResidentSetSize of job (KB)
...
040 (7088346.000.000) 09/13 01:50:24 Started transferring output files
...
040 (7088346.000.000) 09/13 01:50:24 Finished transferring output files
...
005 (7088346.000.000) 09/13 01:50:24 Job terminated.
	(1) Normal termination (return value 1)
		Usr 0 00:00:02, Sys 0 00:00:01  -  Run Remote Usage
		Usr 0 00:00:00, Sys 0 00:00:00  -  Run Local Usage
		Usr 0 00:00:02, Sys 0 00:00:01  -  Total Remote Usage
		Usr 0 00:00:00, Sys 0 00:00:00  -  Total Local Usage
	1221  -  Run Bytes Sent By Job
	10923  -  Run Bytes Received By Job
	1221  -  Total Bytes Sent By Job
	10923  -  Total Bytes Received By Job
	Partitionable Resources :    Usage  Request Allocated 
	   Cpus                 :        0        1         1 
	   Disk (KB)            :       36       12   2818301 
	   Memory (MB)          :      323     2000      2000 

	Job terminated of its own accord at 2024-09-12T23:50:24Z with exit-code 1.
...
000 (7088349.000.000) 09/13 01:51:23 Job submitted from host: <137.138.55.115:9618?addrs=137.138.55.115-9618+[2001-1458-d00-17--12a]-9618&alias=bigbird23.cern.ch&noUDP&sock=schedd_23881_f548>
...
009 (7088349.000.000) 09/13 01:51:36 Job was aborted.
	via condor_rm (by user fsalerno)
...
000 (7088373.000.000) 09/13 01:52:53 Job submitted from host: <137.138.55.115:9618?addrs=137.138.55.115-9618+[2001-1458-d00-17--12a]-9618&alias=bigbird23.cern.ch&noUDP&sock=schedd_23881_f548>
...
040 (7088373.000.000) 09/13 01:55:27 Started transferring input files
	Transferring to host: <188.185.195.57:9618?addrs=188.185.195.57-9618+[2001-1458-303-22--100-35]-9618&alias=b9p17p7907.cern.ch&noUDP&sock=slot1_15_802760_ca7d_38916>
...
040 (7088373.000.000) 09/13 01:55:27 Finished transferring input files
...
001 (7088373.000.000) 09/13 01:55:28 Job executing on host: <188.185.195.57:9618?addrs=188.185.195.57-9618+[2001-1458-303-22--100-35]-9618&alias=b9p17p7907.cern.ch&noUDP&sock=startd_174933_10f0>
	SlotName: slot1_15@b9p17p7907.cern.ch
	CondorScratchDir = "/pool/condor/dir_1206443"
	Cpus = 1
	Disk = 3053928
	Memory = 2000
...
006 (7088373.000.000) 09/13 01:55:34 Image size of job updated: 452848
	321  -  MemoryUsage of job (MB)
	328424  -  ResidentSetSize of job (KB)
...
040 (7088373.000.000) 09/13 01:55:34 Started transferring output files
...
040 (7088373.000.000) 09/13 01:55:34 Finished transferring output files
...
005 (7088373.000.000) 09/13 01:55:34 Job terminated.
	(1) Normal termination (return value 1)
		Usr 0 00:00:02, Sys 0 00:00:01  -  Run Remote Usage
		Usr 0 00:00:00, Sys 0 00:00:00  -  Run Local Usage
		Usr 0 00:00:02, Sys 0 00:00:01  -  Total Remote Usage
		Usr 0 00:00:00, Sys 0 00:00:00  -  Total Local Usage
	1221  -  Run Bytes Sent By Job
	10926  -  Run Bytes Received By Job
	1221  -  Total Bytes Sent By Job
	10926  -  Total Bytes Received By Job
	Partitionable Resources :    Usage  Request Allocated 
	   Cpus                 :        0        1         1 
	   Disk (KB)            :       36       12   3053928 
	   Memory (MB)          :      321     2000      2000 

	Job terminated of its own accord at 2024-09-12T23:55:34Z with exit-code 1.
...
000 (7088390.000.000) 09/13 02:14:56 Job submitted from host: <137.138.55.115:9618?addrs=137.138.55.115-9618+[2001-1458-d00-17--12a]-9618&alias=bigbird23.cern.ch&noUDP&sock=schedd_23881_f548>
...
040 (7088390.000.000) 09/13 02:17:25 Started transferring input files
	Transferring to host: <128.142.33.55:9618?addrs=128.142.33.55-9618+[2001-1458-301-53--100-34]-9618&alias=b9g34p2738.cern.ch&noUDP&sock=slot1_16_188270_ff21_46362>
...
040 (7088390.000.000) 09/13 02:17:25 Finished transferring input files
...
001 (7088390.000.000) 09/13 02:17:26 Job executing on host: <128.142.33.55:9618?addrs=128.142.33.55-9618+[2001-1458-301-53--100-34]-9618&alias=b9g34p2738.cern.ch&noUDP&sock=startd_5574_e0fc>
	SlotName: slot1_16@b9g34p2738.cern.ch
	CondorScratchDir = "/pool/condor/dir_1819775"
	Cpus = 1
	Disk = 2771466
	Memory = 2000
...
006 (7088390.000.000) 09/13 02:17:35 Image size of job updated: 2396
	2  -  MemoryUsage of job (MB)
	2036  -  ResidentSetSize of job (KB)
...
006 (7088390.000.000) 09/13 02:22:36 Image size of job updated: 651812
	626  -  MemoryUsage of job (MB)
	640328  -  ResidentSetSize of job (KB)
...
006 (7088390.000.000) 09/13 02:27:37 Image size of job updated: 693736
	657  -  MemoryUsage of job (MB)
	671976  -  ResidentSetSize of job (KB)
...
006 (7088390.000.000) 09/13 02:32:37 Image size of job updated: 726572
	701  -  MemoryUsage of job (MB)
	717400  -  ResidentSetSize of job (KB)
...
006 (7088390.000.000) 09/13 02:37:37 Image size of job updated: 748248
	707  -  MemoryUsage of job (MB)
	723544  -  ResidentSetSize of job (KB)
...
006 (7088390.000.000) 09/13 02:42:38 Image size of job updated: 751000
	707  -  MemoryUsage of job (MB)
	723544  -  ResidentSetSize of job (KB)
...
006 (7088390.000.000) 09/13 15:06:57 Image size of job updated: 751000
	714  -  MemoryUsage of job (MB)
	730280  -  ResidentSetSize of job (KB)
...
006 (7088390.000.000) 09/13 15:21:59 Image size of job updated: 751000
	715  -  MemoryUsage of job (MB)
	732072  -  ResidentSetSize of job (KB)
...
006 (7088390.000.000) 09/13 16:02:03 Image size of job updated: 751000
	717  -  MemoryUsage of job (MB)
	734000  -  ResidentSetSize of job (KB)
...
006 (7088390.000.000) 09/13 16:07:03 Image size of job updated: 751000
	727  -  MemoryUsage of job (MB)
	744240  -  ResidentSetSize of job (KB)
...
006 (7088390.000.000) 09/13 16:12:04 Image size of job updated: 751160
	727  -  MemoryUsage of job (MB)
	744240  -  ResidentSetSize of job (KB)
...
006 (7088390.000.000) 09/13 16:17:05 Image size of job updated: 752912
	727  -  MemoryUsage of job (MB)
	744240  -  ResidentSetSize of job (KB)
...
006 (7088390.000.000) 09/13 16:22:05 Image size of job updated: 753460
	727  -  MemoryUsage of job (MB)
	744240  -  ResidentSetSize of job (KB)
...
006 (7088390.000.000) 09/13 16:27:06 Image size of job updated: 755068
	727  -  MemoryUsage of job (MB)
	744240  -  ResidentSetSize of job (KB)
...
006 (7088390.000.000) 09/13 16:32:07 Image size of job updated: 756588
	727  -  MemoryUsage of job (MB)
	744240  -  ResidentSetSize of job (KB)
...
006 (7088390.000.000) 09/13 16:37:07 Image size of job updated: 757528
	727  -  MemoryUsage of job (MB)
	744240  -  ResidentSetSize of job (KB)
...
006 (7088390.000.000) 09/13 17:02:09 Image size of job updated: 758360
	737  -  MemoryUsage of job (MB)
	754008  -  ResidentSetSize of job (KB)
...
006 (7088390.000.000) 09/13 17:07:10 Image size of job updated: 759408
	740  -  MemoryUsage of job (MB)
	757592  -  ResidentSetSize of job (KB)
...
006 (7088390.000.000) 09/13 17:17:11 Image size of job updated: 760752
	740  -  MemoryUsage of job (MB)
	757592  -  ResidentSetSize of job (KB)
...
006 (7088390.000.000) 09/13 17:22:12 Image size of job updated: 762016
	740  -  MemoryUsage of job (MB)
	757592  -  ResidentSetSize of job (KB)
...
006 (7088390.000.000) 09/13 17:27:12 Image size of job updated: 763556
	740  -  MemoryUsage of job (MB)
	757592  -  ResidentSetSize of job (KB)
...
006 (7088390.000.000) 09/13 17:32:13 Image size of job updated: 765136
	740  -  MemoryUsage of job (MB)
	757592  -  ResidentSetSize of job (KB)
...
006 (7088390.000.000) 09/13 17:37:14 Image size of job updated: 766304
	740  -  MemoryUsage of job (MB)
	757592  -  ResidentSetSize of job (KB)
...
006 (7088390.000.000) 09/13 17:42:14 Image size of job updated: 768720
	740  -  MemoryUsage of job (MB)
	757592  -  ResidentSetSize of job (KB)
...
006 (7088390.000.000) 09/13 17:47:14 Image size of job updated: 769360
	740  -  MemoryUsage of job (MB)
	757592  -  ResidentSetSize of job (KB)
...
006 (7088390.000.000) 09/13 17:52:15 Image size of job updated: 770260
	740  -  MemoryUsage of job (MB)
	757592  -  ResidentSetSize of job (KB)
...
006 (7088390.000.000) 09/13 17:57:15 Image size of job updated: 772764
	740  -  MemoryUsage of job (MB)
	757592  -  ResidentSetSize of job (KB)
...
006 (7088390.000.000) 09/13 18:02:15 Image size of job updated: 773348
	740  -  MemoryUsage of job (MB)
	757592  -  ResidentSetSize of job (KB)
...
006 (7088390.000.000) 09/13 18:07:17 Image size of job updated: 774884
	740  -  MemoryUsage of job (MB)
	757592  -  ResidentSetSize of job (KB)
...
006 (7088390.000.000) 09/13 18:12:17 Image size of job updated: 776552
	740  -  MemoryUsage of job (MB)
	757592  -  ResidentSetSize of job (KB)
...
006 (7088390.000.000) 09/13 18:17:17 Image size of job updated: 778408
	740  -  MemoryUsage of job (MB)
	757592  -  ResidentSetSize of job (KB)
...
006 (7088390.000.000) 09/13 18:22:18 Image size of job updated: 780116
	740  -  MemoryUsage of job (MB)
	757592  -  ResidentSetSize of job (KB)
...
006 (7088390.000.000) 09/13 18:27:18 Image size of job updated: 781928
	740  -  MemoryUsage of job (MB)
	757592  -  ResidentSetSize of job (KB)
...
006 (7088390.000.000) 09/13 18:32:18 Image size of job updated: 783480
	740  -  MemoryUsage of job (MB)
	757592  -  ResidentSetSize of job (KB)
...
006 (7088390.000.000) 09/13 18:37:19 Image size of job updated: 785448
	740  -  MemoryUsage of job (MB)
	757592  -  ResidentSetSize of job (KB)
...
006 (7088390.000.000) 09/13 18:42:20 Image size of job updated: 786780
	740  -  MemoryUsage of job (MB)
	757592  -  ResidentSetSize of job (KB)
...
006 (7088390.000.000) 09/13 18:47:20 Image size of job updated: 788224
	747  -  MemoryUsage of job (MB)
	764672  -  ResidentSetSize of job (KB)
...
006 (7088390.000.000) 09/13 18:52:21 Image size of job updated: 791104
	771  -  MemoryUsage of job (MB)
	789432  -  ResidentSetSize of job (KB)
...
006 (7088390.000.000) 09/13 19:02:22 Image size of job updated: 792236
	771  -  MemoryUsage of job (MB)
	789432  -  ResidentSetSize of job (KB)
...
006 (7088390.000.000) 09/13 19:07:23 Image size of job updated: 793448
	771  -  MemoryUsage of job (MB)
	789432  -  ResidentSetSize of job (KB)
...
006 (7088390.000.000) 09/13 19:12:24 Image size of job updated: 795760
	771  -  MemoryUsage of job (MB)
	789432  -  ResidentSetSize of job (KB)
...
006 (7088390.000.000) 09/13 19:22:25 Image size of job updated: 796428
	771  -  MemoryUsage of job (MB)
	789432  -  ResidentSetSize of job (KB)
...
006 (7088390.000.000) 09/13 19:32:26 Image size of job updated: 796656
	771  -  MemoryUsage of job (MB)
	789432  -  ResidentSetSize of job (KB)
...
006 (7088390.000.000) 09/13 19:37:26 Image size of job updated: 797452
	771  -  MemoryUsage of job (MB)
	789432  -  ResidentSetSize of job (KB)
...
006 (7088390.000.000) 09/13 19:42:27 Image size of job updated: 798272
	771  -  MemoryUsage of job (MB)
	789432  -  ResidentSetSize of job (KB)
...
006 (7088390.000.000) 09/13 19:47:27 Image size of job updated: 800940
	771  -  MemoryUsage of job (MB)
	789432  -  ResidentSetSize of job (KB)
...
006 (7088390.000.000) 09/13 19:57:28 Image size of job updated: 801148
	771  -  MemoryUsage of job (MB)
	789432  -  ResidentSetSize of job (KB)
...
006 (7088390.000.000) 09/13 20:02:29 Image size of job updated: 802244
	771  -  MemoryUsage of job (MB)
	789432  -  ResidentSetSize of job (KB)
...
006 (7088390.000.000) 09/13 20:07:29 Image size of job updated: 803492
	771  -  MemoryUsage of job (MB)
	789432  -  ResidentSetSize of job (KB)
...
006 (7088390.000.000) 09/13 20:12:30 Image size of job updated: 804316
	774  -  MemoryUsage of job (MB)
	791804  -  ResidentSetSize of job (KB)
...
006 (7088390.000.000) 09/13 20:17:31 Image size of job updated: 804668
	776  -  MemoryUsage of job (MB)
	793852  -  ResidentSetSize of job (KB)
...
006 (7088390.000.000) 09/13 20:22:31 Image size of job updated: 805004
	776  -  MemoryUsage of job (MB)
	793852  -  ResidentSetSize of job (KB)
...
006 (7088390.000.000) 09/13 20:27:31 Image size of job updated: 805500
	776  -  MemoryUsage of job (MB)
	793852  -  ResidentSetSize of job (KB)
...
006 (7088390.000.000) 09/13 20:32:32 Image size of job updated: 805844
	776  -  MemoryUsage of job (MB)
	793852  -  ResidentSetSize of job (KB)
...
006 (7088390.000.000) 09/13 20:37:32 Image size of job updated: 806216
	778  -  MemoryUsage of job (MB)
	796500  -  ResidentSetSize of job (KB)
...
006 (7088390.000.000) 09/13 20:47:33 Image size of job updated: 806216
	782  -  MemoryUsage of job (MB)
	800132  -  ResidentSetSize of job (KB)
...
006 (7088390.000.000) 09/13 20:52:33 Image size of job updated: 806216
	784  -  MemoryUsage of job (MB)
	801924  -  ResidentSetSize of job (KB)
...
006 (7088390.000.000) 09/13 20:57:33 Image size of job updated: 807612
	784  -  MemoryUsage of job (MB)
	801924  -  ResidentSetSize of job (KB)
...
006 (7088390.000.000) 09/13 21:22:37 Image size of job updated: 808440
	784  -  MemoryUsage of job (MB)
	801924  -  ResidentSetSize of job (KB)
...
006 (7088390.000.000) 09/13 21:32:37 Image size of job updated: 809536
	784  -  MemoryUsage of job (MB)
	801924  -  ResidentSetSize of job (KB)
...
006 (7088390.000.000) 09/13 21:37:38 Image size of job updated: 810900
	784  -  MemoryUsage of job (MB)
	801924  -  ResidentSetSize of job (KB)
...
006 (7088390.000.000) 09/13 21:42:38 Image size of job updated: 812260
	784  -  MemoryUsage of job (MB)
	801924  -  ResidentSetSize of job (KB)
...
006 (7088390.000.000) 09/13 21:47:38 Image size of job updated: 813512
	788  -  MemoryUsage of job (MB)
	806376  -  ResidentSetSize of job (KB)
...
006 (7088390.000.000) 09/13 21:52:39 Image size of job updated: 814760
	796  -  MemoryUsage of job (MB)
	814232  -  ResidentSetSize of job (KB)
...
006 (7088390.000.000) 09/13 21:57:40 Image size of job updated: 815760
	796  -  MemoryUsage of job (MB)
	814232  -  ResidentSetSize of job (KB)
...
006 (7088390.000.000) 09/13 22:02:40 Image size of job updated: 816636
	796  -  MemoryUsage of job (MB)
	814232  -  ResidentSetSize of job (KB)
...
006 (7088390.000.000) 09/13 22:07:41 Image size of job updated: 818492
	796  -  MemoryUsage of job (MB)
	814232  -  ResidentSetSize of job (KB)
...
006 (7088390.000.000) 09/13 22:12:42 Image size of job updated: 819844
	796  -  MemoryUsage of job (MB)
	814232  -  ResidentSetSize of job (KB)
...
006 (7088390.000.000) 09/13 22:22:43 Image size of job updated: 821144
	796  -  MemoryUsage of job (MB)
	814232  -  ResidentSetSize of job (KB)
...
006 (7088390.000.000) 09/13 22:32:44 Image size of job updated: 823108
	796  -  MemoryUsage of job (MB)
	814232  -  ResidentSetSize of job (KB)
...
006 (7088390.000.000) 09/13 22:42:45 Image size of job updated: 824884
	796  -  MemoryUsage of job (MB)
	814232  -  ResidentSetSize of job (KB)
...
006 (7088390.000.000) 09/13 23:27:50 Image size of job updated: 826084
	796  -  MemoryUsage of job (MB)
	814232  -  ResidentSetSize of job (KB)
...
006 (7088390.000.000) 09/13 23:32:51 Image size of job updated: 826084
	806  -  MemoryUsage of job (MB)
	824608  -  ResidentSetSize of job (KB)
...
006 (7088390.000.000) 09/13 23:42:51 Image size of job updated: 826516
	806  -  MemoryUsage of job (MB)
	824608  -  ResidentSetSize of job (KB)
...
006 (7088390.000.000) 09/13 23:47:52 Image size of job updated: 830904
	806  -  MemoryUsage of job (MB)
	824608  -  ResidentSetSize of job (KB)
...
006 (7088390.000.000) 09/13 23:57:52 Image size of job updated: 830956
	807  -  MemoryUsage of job (MB)
	826000  -  ResidentSetSize of job (KB)
...
006 (7088390.000.000) 09/14 00:02:53 Image size of job updated: 832516
	807  -  MemoryUsage of job (MB)
	826000  -  ResidentSetSize of job (KB)
...
006 (7088390.000.000) 09/14 00:12:53 Image size of job updated: 832520
	807  -  MemoryUsage of job (MB)
	826000  -  ResidentSetSize of job (KB)
...
006 (7088390.000.000) 09/14 00:17:54 Image size of job updated: 833972
	807  -  MemoryUsage of job (MB)
	826000  -  ResidentSetSize of job (KB)
...
006 (7088390.000.000) 09/14 00:22:55 Image size of job updated: 834236
	807  -  MemoryUsage of job (MB)
	826000  -  ResidentSetSize of job (KB)
...
006 (7088390.000.000) 09/14 00:27:55 Image size of job updated: 835060
	807  -  MemoryUsage of job (MB)
	826000  -  ResidentSetSize of job (KB)
...
006 (7088390.000.000) 09/14 00:32:56 Image size of job updated: 835772
	807  -  MemoryUsage of job (MB)
	826000  -  ResidentSetSize of job (KB)
...
006 (7088390.000.000) 09/14 00:37:57 Image size of job updated: 838288
	807  -  MemoryUsage of job (MB)
	826000  -  ResidentSetSize of job (KB)
...
006 (7088390.000.000) 09/14 00:47:57 Image size of job updated: 839568
	807  -  MemoryUsage of job (MB)
	826000  -  ResidentSetSize of job (KB)
...
006 (7088390.000.000) 09/14 00:52:58 Image size of job updated: 840712
	807  -  MemoryUsage of job (MB)
	826000  -  ResidentSetSize of job (KB)
...
006 (7088390.000.000) 09/14 00:57:58 Image size of job updated: 841968
	807  -  MemoryUsage of job (MB)
	826000  -  ResidentSetSize of job (KB)
...
006 (7088390.000.000) 09/14 01:02:58 Image size of job updated: 843528
	807  -  MemoryUsage of job (MB)
	826000  -  ResidentSetSize of job (KB)
...
006 (7088390.000.000) 09/14 01:07:59 Image size of job updated: 844556
	807  -  MemoryUsage of job (MB)
	826000  -  ResidentSetSize of job (KB)
...
006 (7088390.000.000) 09/14 01:12:59 Image size of job updated: 845668
	807  -  MemoryUsage of job (MB)
	826000  -  ResidentSetSize of job (KB)
...
006 (7088390.000.000) 09/14 01:17:59 Image size of job updated: 847652
	807  -  MemoryUsage of job (MB)
	826000  -  ResidentSetSize of job (KB)
...
006 (7088390.000.000) 09/14 01:23:00 Image size of job updated: 848448
	807  -  MemoryUsage of job (MB)
	826000  -  ResidentSetSize of job (KB)
...
006 (7088390.000.000) 09/14 01:28:01 Image size of job updated: 849768
	807  -  MemoryUsage of job (MB)
	826000  -  ResidentSetSize of job (KB)
...
006 (7088390.000.000) 09/14 01:33:01 Image size of job updated: 851132
	807  -  MemoryUsage of job (MB)
	826000  -  ResidentSetSize of job (KB)
...
006 (7088390.000.000) 09/14 01:38:02 Image size of job updated: 852652
	807  -  MemoryUsage of job (MB)
	826000  -  ResidentSetSize of job (KB)
...
006 (7088390.000.000) 09/14 01:43:03 Image size of job updated: 853988
	807  -  MemoryUsage of job (MB)
	826000  -  ResidentSetSize of job (KB)
...
006 (7088390.000.000) 09/14 01:48:03 Image size of job updated: 855396
	807  -  MemoryUsage of job (MB)
	826000  -  ResidentSetSize of job (KB)
...
006 (7088390.000.000) 09/14 01:53:03 Image size of job updated: 856856
	822  -  MemoryUsage of job (MB)
	840872  -  ResidentSetSize of job (KB)
...
006 (7088390.000.000) 09/14 01:58:04 Image size of job updated: 858324
	826  -  MemoryUsage of job (MB)
	844968  -  ResidentSetSize of job (KB)
...
006 (7088390.000.000) 09/14 02:03:04 Image size of job updated: 859768
	826  -  MemoryUsage of job (MB)
	844968  -  ResidentSetSize of job (KB)
...
006 (7088390.000.000) 09/14 02:08:04 Image size of job updated: 861600
	826  -  MemoryUsage of job (MB)
	844968  -  ResidentSetSize of job (KB)
...
006 (7088390.000.000) 09/14 04:58:00 Image size of job updated: 861872
	826  -  MemoryUsage of job (MB)
	844968  -  ResidentSetSize of job (KB)
...
006 (7088390.000.000) 09/14 05:03:01 Image size of job updated: 865928
	826  -  MemoryUsage of job (MB)
	844968  -  ResidentSetSize of job (KB)
...
006 (7088390.000.000) 09/14 05:08:01 Image size of job updated: 867332
	826  -  MemoryUsage of job (MB)
	844968  -  ResidentSetSize of job (KB)
...
006 (7088390.000.000) 09/14 05:13:01 Image size of job updated: 868752
	826  -  MemoryUsage of job (MB)
	844968  -  ResidentSetSize of job (KB)
...
006 (7088390.000.000) 09/14 05:18:02 Image size of job updated: 870052
	826  -  MemoryUsage of job (MB)
	844968  -  ResidentSetSize of job (KB)
...
006 (7088390.000.000) 09/14 05:23:03 Image size of job updated: 871424
	826  -  MemoryUsage of job (MB)
	844968  -  ResidentSetSize of job (KB)
...
006 (7088390.000.000) 09/14 05:28:03 Image size of job updated: 872796
	826  -  MemoryUsage of job (MB)
	844968  -  ResidentSetSize of job (KB)
...
006 (7088390.000.000) 09/14 05:33:04 Image size of job updated: 874240
	826  -  MemoryUsage of job (MB)
	844968  -  ResidentSetSize of job (KB)
...
006 (7088390.000.000) 09/14 05:38:05 Image size of job updated: 875620
	826  -  MemoryUsage of job (MB)
	844968  -  ResidentSetSize of job (KB)
...
006 (7088390.000.000) 09/14 05:43:05 Image size of job updated: 876956
	826  -  MemoryUsage of job (MB)
	844968  -  ResidentSetSize of job (KB)
...
006 (7088390.000.000) 09/14 05:48:05 Image size of job updated: 878408
	826  -  MemoryUsage of job (MB)
	844968  -  ResidentSetSize of job (KB)
...
006 (7088390.000.000) 09/14 05:53:06 Image size of job updated: 879920
	826  -  MemoryUsage of job (MB)
	844968  -  ResidentSetSize of job (KB)
...
006 (7088390.000.000) 09/14 05:58:06 Image size of job updated: 881152
	826  -  MemoryUsage of job (MB)
	844968  -  ResidentSetSize of job (KB)
...
006 (7088390.000.000) 09/14 06:03:06 Image size of job updated: 882740
	826  -  MemoryUsage of job (MB)
	844968  -  ResidentSetSize of job (KB)
...
006 (7088390.000.000) 09/14 06:08:07 Image size of job updated: 883892
	826  -  MemoryUsage of job (MB)
	844968  -  ResidentSetSize of job (KB)
...
006 (7088390.000.000) 09/14 06:13:08 Image size of job updated: 885108
	826  -  MemoryUsage of job (MB)
	844968  -  ResidentSetSize of job (KB)
...
006 (7088390.000.000) 09/14 06:18:08 Image size of job updated: 886296
	826  -  MemoryUsage of job (MB)
	844968  -  ResidentSetSize of job (KB)
...
006 (7088390.000.000) 09/14 06:23:09 Image size of job updated: 887588
	826  -  MemoryUsage of job (MB)
	844968  -  ResidentSetSize of job (KB)
...
006 (7088390.000.000) 09/14 06:28:10 Image size of job updated: 890180
	847  -  MemoryUsage of job (MB)
	866508  -  ResidentSetSize of job (KB)
...
006 (7088390.000.000) 09/14 06:33:10 Image size of job updated: 890216
	857  -  MemoryUsage of job (MB)
	876748  -  ResidentSetSize of job (KB)
...
006 (7088390.000.000) 09/14 06:38:10 Image size of job updated: 892224
	864  -  MemoryUsage of job (MB)
	883760  -  ResidentSetSize of job (KB)
...
006 (7088390.000.000) 09/14 06:48:11 Image size of job updated: 894332
	864  -  MemoryUsage of job (MB)
	883760  -  ResidentSetSize of job (KB)
...
006 (7088390.000.000) 09/14 06:53:11 Image size of job updated: 894484
	864  -  MemoryUsage of job (MB)
	883760  -  ResidentSetSize of job (KB)
...
006 (7088390.000.000) 09/14 06:58:12 Image size of job updated: 894828
	864  -  MemoryUsage of job (MB)
	883760  -  ResidentSetSize of job (KB)
...
006 (7088390.000.000) 09/14 07:03:12 Image size of job updated: 896184
	864  -  MemoryUsage of job (MB)
	883760  -  ResidentSetSize of job (KB)
...
006 (7088390.000.000) 09/14 07:08:12 Image size of job updated: 898940
	864  -  MemoryUsage of job (MB)
	883760  -  ResidentSetSize of job (KB)
...
006 (7088390.000.000) 09/14 07:18:14 Image size of job updated: 898940
	866  -  MemoryUsage of job (MB)
	885804  -  ResidentSetSize of job (KB)
...
006 (7088390.000.000) 09/14 07:43:16 Image size of job updated: 899092
	866  -  MemoryUsage of job (MB)
	885804  -  ResidentSetSize of job (KB)
...
006 (7088390.000.000) 09/14 07:48:17 Image size of job updated: 900564
	866  -  MemoryUsage of job (MB)
	885804  -  ResidentSetSize of job (KB)
...
006 (7088390.000.000) 09/14 07:53:17 Image size of job updated: 901372
	866  -  MemoryUsage of job (MB)
	885804  -  ResidentSetSize of job (KB)
...
006 (7088390.000.000) 09/14 08:28:21 Image size of job updated: 901700
	866  -  MemoryUsage of job (MB)
	885804  -  ResidentSetSize of job (KB)
...
006 (7088390.000.000) 09/14 08:33:22 Image size of job updated: 902936
	866  -  MemoryUsage of job (MB)
	885804  -  ResidentSetSize of job (KB)
...
006 (7088390.000.000) 09/14 08:38:23 Image size of job updated: 904360
	866  -  MemoryUsage of job (MB)
	885804  -  ResidentSetSize of job (KB)
...
006 (7088390.000.000) 09/14 08:43:23 Image size of job updated: 905588
	866  -  MemoryUsage of job (MB)
	885804  -  ResidentSetSize of job (KB)
...
006 (7088390.000.000) 09/14 08:48:23 Image size of job updated: 911344
	866  -  MemoryUsage of job (MB)
	885804  -  ResidentSetSize of job (KB)
...
006 (7088390.000.000) 09/14 08:53:24 Image size of job updated: 912624
	866  -  MemoryUsage of job (MB)
	885804  -  ResidentSetSize of job (KB)
...
006 (7088390.000.000) 09/14 08:58:24 Image size of job updated: 913880
	866  -  MemoryUsage of job (MB)
	885804  -  ResidentSetSize of job (KB)
...
006 (7088390.000.000) 09/14 09:03:24 Image size of job updated: 914992
	866  -  MemoryUsage of job (MB)
	885804  -  ResidentSetSize of job (KB)
...
006 (7088390.000.000) 09/14 09:08:25 Image size of job updated: 916284
	866  -  MemoryUsage of job (MB)
	885804  -  ResidentSetSize of job (KB)
...
006 (7088390.000.000) 09/14 09:13:25 Image size of job updated: 917584
	866  -  MemoryUsage of job (MB)
	885804  -  ResidentSetSize of job (KB)
...
006 (7088390.000.000) 09/14 09:18:25 Image size of job updated: 918840
	866  -  MemoryUsage of job (MB)
	885804  -  ResidentSetSize of job (KB)
...
006 (7088390.000.000) 09/14 09:23:26 Image size of job updated: 920996
	866  -  MemoryUsage of job (MB)
	885804  -  ResidentSetSize of job (KB)
...
006 (7088390.000.000) 09/14 09:33:27 Image size of job updated: 921964
	866  -  MemoryUsage of job (MB)
	885804  -  ResidentSetSize of job (KB)
...
006 (7088390.000.000) 09/14 09:38:28 Image size of job updated: 924416
	866  -  MemoryUsage of job (MB)
	885804  -  ResidentSetSize of job (KB)
...
006 (7088390.000.000) 09/14 09:43:29 Image size of job updated: 925100
	891  -  MemoryUsage of job (MB)
	912196  -  ResidentSetSize of job (KB)
...
006 (7088390.000.000) 09/14 09:48:29 Image size of job updated: 925100
	895  -  MemoryUsage of job (MB)
	916292  -  ResidentSetSize of job (KB)
...
006 (7088390.000.000) 09/14 09:53:29 Image size of job updated: 926300
	895  -  MemoryUsage of job (MB)
	916292  -  ResidentSetSize of job (KB)
...
006 (7088390.000.000) 09/14 09:58:30 Image size of job updated: 926504
	895  -  MemoryUsage of job (MB)
	916292  -  ResidentSetSize of job (KB)
...
006 (7088390.000.000) 09/14 10:03:30 Image size of job updated: 926680
	895  -  MemoryUsage of job (MB)
	916292  -  ResidentSetSize of job (KB)
...
006 (7088390.000.000) 09/14 10:13:31 Image size of job updated: 926696
	895  -  MemoryUsage of job (MB)
	916292  -  ResidentSetSize of job (KB)
...
006 (7088390.000.000) 09/14 10:18:32 Image size of job updated: 929148
	903  -  MemoryUsage of job (MB)
	924396  -  ResidentSetSize of job (KB)
...
006 (7088390.000.000) 09/14 10:23:32 Image size of job updated: 929920
	903  -  MemoryUsage of job (MB)
	924396  -  ResidentSetSize of job (KB)
...
006 (7088390.000.000) 09/14 10:33:33 Image size of job updated: 931604
	903  -  MemoryUsage of job (MB)
	924396  -  ResidentSetSize of job (KB)
...
006 (7088390.000.000) 09/14 10:48:35 Image size of job updated: 932480
	903  -  MemoryUsage of job (MB)
	924396  -  ResidentSetSize of job (KB)
...
006 (7088390.000.000) 09/14 10:53:35 Image size of job updated: 932568
	903  -  MemoryUsage of job (MB)
	924396  -  ResidentSetSize of job (KB)
...
006 (7088390.000.000) 09/14 10:58:36 Image size of job updated: 932568
	907  -  MemoryUsage of job (MB)
	928008  -  ResidentSetSize of job (KB)
...
006 (7088390.000.000) 09/14 11:03:37 Image size of job updated: 932568
	909  -  MemoryUsage of job (MB)
	930564  -  ResidentSetSize of job (KB)
...
006 (7088390.000.000) 09/14 11:28:39 Image size of job updated: 934456
	909  -  MemoryUsage of job (MB)
	930564  -  ResidentSetSize of job (KB)
...
006 (7088390.000.000) 09/14 11:33:40 Image size of job updated: 935000
	909  -  MemoryUsage of job (MB)
	930564  -  ResidentSetSize of job (KB)
...
006 (7088390.000.000) 09/14 11:43:40 Image size of job updated: 935216
	909  -  MemoryUsage of job (MB)
	930564  -  ResidentSetSize of job (KB)
...
006 (7088390.000.000) 09/14 11:48:41 Image size of job updated: 938132
	909  -  MemoryUsage of job (MB)
	930564  -  ResidentSetSize of job (KB)
...
006 (7088390.000.000) 09/14 11:53:42 Image size of job updated: 939312
	909  -  MemoryUsage of job (MB)
	930564  -  ResidentSetSize of job (KB)
...
006 (7088390.000.000) 09/14 11:58:42 Image size of job updated: 940072
	909  -  MemoryUsage of job (MB)
	930564  -  ResidentSetSize of job (KB)
...
006 (7088390.000.000) 09/14 12:03:43 Image size of job updated: 940220
	909  -  MemoryUsage of job (MB)
	930564  -  ResidentSetSize of job (KB)
...
006 (7088390.000.000) 09/14 12:08:44 Image size of job updated: 941464
	912  -  MemoryUsage of job (MB)
	933148  -  ResidentSetSize of job (KB)
...
006 (7088390.000.000) 09/14 12:13:44 Image size of job updated: 942516
	912  -  MemoryUsage of job (MB)
	933148  -  ResidentSetSize of job (KB)
...
006 (7088390.000.000) 09/14 12:18:44 Image size of job updated: 943672
	912  -  MemoryUsage of job (MB)
	933148  -  ResidentSetSize of job (KB)
...
006 (7088390.000.000) 09/14 12:23:45 Image size of job updated: 944856
	912  -  MemoryUsage of job (MB)
	933148  -  ResidentSetSize of job (KB)
...
006 (7088390.000.000) 09/14 12:28:45 Image size of job updated: 946200
	912  -  MemoryUsage of job (MB)
	933148  -  ResidentSetSize of job (KB)
...
006 (7088390.000.000) 09/14 12:33:45 Image size of job updated: 947228
	912  -  MemoryUsage of job (MB)
	933148  -  ResidentSetSize of job (KB)
...
006 (7088390.000.000) 09/14 12:38:46 Image size of job updated: 948604
	912  -  MemoryUsage of job (MB)
	933148  -  ResidentSetSize of job (KB)
...
006 (7088390.000.000) 09/14 12:43:46 Image size of job updated: 949640
	912  -  MemoryUsage of job (MB)
	933148  -  ResidentSetSize of job (KB)
...
006 (7088390.000.000) 09/14 12:48:46 Image size of job updated: 951224
	912  -  MemoryUsage of job (MB)
	933148  -  ResidentSetSize of job (KB)
...
006 (7088390.000.000) 09/14 12:53:47 Image size of job updated: 952324
	912  -  MemoryUsage of job (MB)
	933148  -  ResidentSetSize of job (KB)
...
006 (7088390.000.000) 09/14 12:58:48 Image size of job updated: 953488
	912  -  MemoryUsage of job (MB)
	933148  -  ResidentSetSize of job (KB)
...
006 (7088390.000.000) 09/14 13:03:48 Image size of job updated: 954544
	912  -  MemoryUsage of job (MB)
	933148  -  ResidentSetSize of job (KB)
...
006 (7088390.000.000) 09/14 13:08:49 Image size of job updated: 955688
	912  -  MemoryUsage of job (MB)
	933148  -  ResidentSetSize of job (KB)
...
006 (7088390.000.000) 09/14 13:13:50 Image size of job updated: 957012
	912  -  MemoryUsage of job (MB)
	933148  -  ResidentSetSize of job (KB)
...
006 (7088390.000.000) 09/14 13:18:50 Image size of job updated: 958016
	912  -  MemoryUsage of job (MB)
	933148  -  ResidentSetSize of job (KB)
...
006 (7088390.000.000) 09/14 13:23:51 Image size of job updated: 959184
	912  -  MemoryUsage of job (MB)
	933148  -  ResidentSetSize of job (KB)
...
006 (7088390.000.000) 09/14 13:28:52 Image size of job updated: 960312
	923  -  MemoryUsage of job (MB)
	944232  -  ResidentSetSize of job (KB)
...
006 (7088390.000.000) 09/14 13:33:52 Image size of job updated: 961464
	937  -  MemoryUsage of job (MB)
	958568  -  ResidentSetSize of job (KB)
...
006 (7088390.000.000) 09/14 13:38:52 Image size of job updated: 962632
	937  -  MemoryUsage of job (MB)
	958568  -  ResidentSetSize of job (KB)
...
006 (7088390.000.000) 09/14 13:43:53 Image size of job updated: 963052
	937  -  MemoryUsage of job (MB)
	958568  -  ResidentSetSize of job (KB)
...
006 (7088390.000.000) 09/14 13:48:53 Image size of job updated: 964236
	937  -  MemoryUsage of job (MB)
	958568  -  ResidentSetSize of job (KB)
...
006 (7088390.000.000) 09/14 13:53:53 Image size of job updated: 964776
	937  -  MemoryUsage of job (MB)
	958568  -  ResidentSetSize of job (KB)
...
006 (7088390.000.000) 09/14 13:58:54 Image size of job updated: 966020
	937  -  MemoryUsage of job (MB)
	958568  -  ResidentSetSize of job (KB)
...
006 (7088390.000.000) 09/14 14:03:55 Image size of job updated: 967292
	937  -  MemoryUsage of job (MB)
	958568  -  ResidentSetSize of job (KB)
...
006 (7088390.000.000) 09/14 14:08:55 Image size of job updated: 968164
	937  -  MemoryUsage of job (MB)
	958568  -  ResidentSetSize of job (KB)
...
006 (7088390.000.000) 09/14 14:13:56 Image size of job updated: 969196
	937  -  MemoryUsage of job (MB)
	958568  -  ResidentSetSize of job (KB)
...
006 (7088390.000.000) 09/14 14:18:57 Image size of job updated: 969724
	937  -  MemoryUsage of job (MB)
	958568  -  ResidentSetSize of job (KB)
...
006 (7088390.000.000) 09/14 14:23:57 Image size of job updated: 971596
	937  -  MemoryUsage of job (MB)
	958568  -  ResidentSetSize of job (KB)
...
006 (7088390.000.000) 09/14 14:28:58 Image size of job updated: 973368
	937  -  MemoryUsage of job (MB)
	958568  -  ResidentSetSize of job (KB)
...
006 (7088390.000.000) 09/14 14:43:59 Image size of job updated: 974264
	937  -  MemoryUsage of job (MB)
	958568  -  ResidentSetSize of job (KB)
...
006 (7088390.000.000) 09/14 14:49:00 Image size of job updated: 974268
	937  -  MemoryUsage of job (MB)
	958568  -  ResidentSetSize of job (KB)
...
006 (7088390.000.000) 09/14 15:24:04 Image size of job updated: 975028
	937  -  MemoryUsage of job (MB)
	958568  -  ResidentSetSize of job (KB)
...
006 (7088390.000.000) 09/14 15:29:04 Image size of job updated: 976156
	937  -  MemoryUsage of job (MB)
	958568  -  ResidentSetSize of job (KB)
...
006 (7088390.000.000) 09/14 15:34:04 Image size of job updated: 977296
	937  -  MemoryUsage of job (MB)
	958568  -  ResidentSetSize of job (KB)
...
006 (7088390.000.000) 09/14 15:39:05 Image size of job updated: 978412
	937  -  MemoryUsage of job (MB)
	958568  -  ResidentSetSize of job (KB)
...
006 (7088390.000.000) 09/14 15:44:05 Image size of job updated: 979524
	937  -  MemoryUsage of job (MB)
	958568  -  ResidentSetSize of job (KB)
...
006 (7088390.000.000) 09/14 15:49:05 Image size of job updated: 980756
	937  -  MemoryUsage of job (MB)
	958568  -  ResidentSetSize of job (KB)
...
006 (7088390.000.000) 09/14 15:54:07 Image size of job updated: 981896
	955  -  MemoryUsage of job (MB)
	977780  -  ResidentSetSize of job (KB)
...
006 (7088390.000.000) 09/14 15:59:07 Image size of job updated: 983036
	959  -  MemoryUsage of job (MB)
	981100  -  ResidentSetSize of job (KB)
...
006 (7088390.000.000) 09/14 16:04:07 Image size of job updated: 984260
	959  -  MemoryUsage of job (MB)
	981100  -  ResidentSetSize of job (KB)
...
006 (7088390.000.000) 09/14 16:09:08 Image size of job updated: 985440
	959  -  MemoryUsage of job (MB)
	981100  -  ResidentSetSize of job (KB)
...
006 (7088390.000.000) 09/14 16:14:09 Image size of job updated: 986380
	959  -  MemoryUsage of job (MB)
	981100  -  ResidentSetSize of job (KB)
...
006 (7088390.000.000) 09/14 16:19:09 Image size of job updated: 987556
	959  -  MemoryUsage of job (MB)
	981100  -  ResidentSetSize of job (KB)
...
006 (7088390.000.000) 09/14 16:24:10 Image size of job updated: 988644
	959  -  MemoryUsage of job (MB)
	981100  -  ResidentSetSize of job (KB)
...
006 (7088390.000.000) 09/14 16:29:11 Image size of job updated: 989708
	959  -  MemoryUsage of job (MB)
	981100  -  ResidentSetSize of job (KB)
...
006 (7088390.000.000) 09/14 16:34:11 Image size of job updated: 990968
	959  -  MemoryUsage of job (MB)
	981100  -  ResidentSetSize of job (KB)
...
006 (7088390.000.000) 09/14 16:39:11 Image size of job updated: 991980
	959  -  MemoryUsage of job (MB)
	981100  -  ResidentSetSize of job (KB)
...
006 (7088390.000.000) 09/14 16:44:12 Image size of job updated: 993256
	959  -  MemoryUsage of job (MB)
	981100  -  ResidentSetSize of job (KB)
...
006 (7088390.000.000) 09/14 16:49:12 Image size of job updated: 994224
	959  -  MemoryUsage of job (MB)
	981100  -  ResidentSetSize of job (KB)
...
006 (7088390.000.000) 09/14 16:54:12 Image size of job updated: 995332
	959  -  MemoryUsage of job (MB)
	981100  -  ResidentSetSize of job (KB)
...
006 (7088390.000.000) 09/14 16:59:14 Image size of job updated: 996520
	959  -  MemoryUsage of job (MB)
	981100  -  ResidentSetSize of job (KB)
...
006 (7088390.000.000) 09/14 17:04:14 Image size of job updated: 997588
	959  -  MemoryUsage of job (MB)
	981100  -  ResidentSetSize of job (KB)
...
006 (7088390.000.000) 09/14 17:09:14 Image size of job updated: 998692
	959  -  MemoryUsage of job (MB)
	981100  -  ResidentSetSize of job (KB)
...
006 (7088390.000.000) 09/14 17:14:15 Image size of job updated: 999792
	959  -  MemoryUsage of job (MB)
	981100  -  ResidentSetSize of job (KB)
...
006 (7088390.000.000) 09/14 17:19:16 Image size of job updated: 1000852
	960  -  MemoryUsage of job (MB)
	982420  -  ResidentSetSize of job (KB)
...
006 (7088390.000.000) 09/14 17:24:16 Image size of job updated: 1002052
	976  -  MemoryUsage of job (MB)
	998804  -  ResidentSetSize of job (KB)
...
006 (7088390.000.000) 09/14 17:29:17 Image size of job updated: 1003236
	976  -  MemoryUsage of job (MB)
	998804  -  ResidentSetSize of job (KB)
...
006 (7088390.000.000) 09/14 17:34:18 Image size of job updated: 1004200
	976  -  MemoryUsage of job (MB)
	998804  -  ResidentSetSize of job (KB)
...
006 (7088390.000.000) 09/14 17:39:18 Image size of job updated: 1005348
	976  -  MemoryUsage of job (MB)
	998804  -  ResidentSetSize of job (KB)
...
006 (7088390.000.000) 09/14 17:44:18 Image size of job updated: 1006424
	982  -  MemoryUsage of job (MB)
	1004696  -  ResidentSetSize of job (KB)
...
006 (7088390.000.000) 09/14 17:49:19 Image size of job updated: 1007240
	982  -  MemoryUsage of job (MB)
	1004696  -  ResidentSetSize of job (KB)
...
006 (7088390.000.000) 09/14 17:54:19 Image size of job updated: 1007732
	982  -  MemoryUsage of job (MB)
	1004696  -  ResidentSetSize of job (KB)
...
006 (7088390.000.000) 09/14 19:34:28 Image size of job updated: 1008408
	982  -  MemoryUsage of job (MB)
	1004696  -  ResidentSetSize of job (KB)
...
006 (7088390.000.000) 09/14 19:39:29 Image size of job updated: 1009176
	982  -  MemoryUsage of job (MB)
	1004696  -  ResidentSetSize of job (KB)
...
006 (7088390.000.000) 09/14 20:44:36 Image size of job updated: 1011280
	982  -  MemoryUsage of job (MB)
	1004696  -  ResidentSetSize of job (KB)
...
006 (7088390.000.000) 09/14 20:49:37 Image size of job updated: 1012800
	982  -  MemoryUsage of job (MB)
	1004696  -  ResidentSetSize of job (KB)
...
006 (7088390.000.000) 09/14 20:54:37 Image size of job updated: 1013864
	982  -  MemoryUsage of job (MB)
	1004696  -  ResidentSetSize of job (KB)
...
006 (7088390.000.000) 09/14 20:59:37 Image size of job updated: 1015048
	983  -  MemoryUsage of job (MB)
	1006096  -  ResidentSetSize of job (KB)
...
006 (7088390.000.000) 09/14 21:04:38 Image size of job updated: 1015884
	983  -  MemoryUsage of job (MB)
	1006096  -  ResidentSetSize of job (KB)
...
006 (7088390.000.000) 09/14 21:09:38 Image size of job updated: 1016956
	983  -  MemoryUsage of job (MB)
	1006096  -  ResidentSetSize of job (KB)
...
006 (7088390.000.000) 09/14 21:14:38 Image size of job updated: 1017868
	983  -  MemoryUsage of job (MB)
	1006096  -  ResidentSetSize of job (KB)
...
006 (7088390.000.000) 09/14 21:19:40 Image size of job updated: 1018992
	983  -  MemoryUsage of job (MB)
	1006096  -  ResidentSetSize of job (KB)
...
006 (7088390.000.000) 09/14 21:24:40 Image size of job updated: 1019076
	983  -  MemoryUsage of job (MB)
	1006096  -  ResidentSetSize of job (KB)
...
006 (7088390.000.000) 09/14 21:54:44 Image size of job updated: 1019364
	983  -  MemoryUsage of job (MB)
	1006096  -  ResidentSetSize of job (KB)
...
006 (7088390.000.000) 09/14 22:19:45 Image size of job updated: 1019392
	983  -  MemoryUsage of job (MB)
	1006096  -  ResidentSetSize of job (KB)
...
006 (7088390.000.000) 09/14 22:24:47 Image size of job updated: 1019576
	983  -  MemoryUsage of job (MB)
	1006096  -  ResidentSetSize of job (KB)
...
006 (7088390.000.000) 09/14 22:29:47 Image size of job updated: 1020596
	983  -  MemoryUsage of job (MB)
	1006096  -  ResidentSetSize of job (KB)
...
006 (7088390.000.000) 09/14 22:34:47 Image size of job updated: 1021612
	983  -  MemoryUsage of job (MB)
	1006096  -  ResidentSetSize of job (KB)
...
006 (7088390.000.000) 09/14 22:39:48 Image size of job updated: 1023048
	983  -  MemoryUsage of job (MB)
	1006096  -  ResidentSetSize of job (KB)
...
006 (7088390.000.000) 09/14 22:49:49 Image size of job updated: 1025664
	985  -  MemoryUsage of job (MB)
	1008268  -  ResidentSetSize of job (KB)
...
006 (7088390.000.000) 09/14 22:54:50 Image size of job updated: 1027776
	999  -  MemoryUsage of job (MB)
	1022860  -  ResidentSetSize of job (KB)
...
006 (7088390.000.000) 09/14 22:59:51 Image size of job updated: 1028052
	999  -  MemoryUsage of job (MB)
	1022860  -  ResidentSetSize of job (KB)
...
006 (7088390.000.000) 09/14 23:04:51 Image size of job updated: 1028988
	999  -  MemoryUsage of job (MB)
	1022860  -  ResidentSetSize of job (KB)
...
006 (7088390.000.000) 09/14 23:09:51 Image size of job updated: 1029944
	999  -  MemoryUsage of job (MB)
	1022860  -  ResidentSetSize of job (KB)
...
006 (7088390.000.000) 09/14 23:14:52 Image size of job updated: 1030896
	999  -  MemoryUsage of job (MB)
	1022860  -  ResidentSetSize of job (KB)
...
006 (7088390.000.000) 09/14 23:19:52 Image size of job updated: 1031260
	999  -  MemoryUsage of job (MB)
	1022860  -  ResidentSetSize of job (KB)
...
006 (7088390.000.000) 09/14 23:24:52 Image size of job updated: 1033708
	999  -  MemoryUsage of job (MB)
	1022860  -  ResidentSetSize of job (KB)
...
006 (7088390.000.000) 09/14 23:34:54 Image size of job updated: 1034692
	999  -  MemoryUsage of job (MB)
	1022860  -  ResidentSetSize of job (KB)
...
006 (7088390.000.000) 09/14 23:44:55 Image size of job updated: 1034928
	999  -  MemoryUsage of job (MB)
	1022860  -  ResidentSetSize of job (KB)
...
006 (7088390.000.000) 09/14 23:49:56 Image size of job updated: 1037028
	999  -  MemoryUsage of job (MB)
	1022860  -  ResidentSetSize of job (KB)
...
006 (7088390.000.000) 09/14 23:54:56 Image size of job updated: 1037396
	999  -  MemoryUsage of job (MB)
	1022860  -  ResidentSetSize of job (KB)
...
006 (7088390.000.000) 09/15 00:04:58 Image size of job updated: 1038296
	1010  -  MemoryUsage of job (MB)
	1033712  -  ResidentSetSize of job (KB)
...
006 (7088390.000.000) 09/15 00:25:00 Image size of job updated: 1040204
	1010  -  MemoryUsage of job (MB)
	1033712  -  ResidentSetSize of job (KB)
...
006 (7088390.000.000) 09/15 00:35:01 Image size of job updated: 1040476
	1010  -  MemoryUsage of job (MB)
	1033712  -  ResidentSetSize of job (KB)
...
006 (7088390.000.000) 09/15 00:40:02 Image size of job updated: 1041300
	1010  -  MemoryUsage of job (MB)
	1033712  -  ResidentSetSize of job (KB)
...
006 (7088390.000.000) 09/15 00:45:02 Image size of job updated: 1042660
	1010  -  MemoryUsage of job (MB)
	1033712  -  ResidentSetSize of job (KB)
...
006 (7088390.000.000) 09/15 00:55:04 Image size of job updated: 1044736
	1010  -  MemoryUsage of job (MB)
	1033712  -  ResidentSetSize of job (KB)
...
006 (7088390.000.000) 09/15 01:00:04 Image size of job updated: 1046648
	1010  -  MemoryUsage of job (MB)
	1033712  -  ResidentSetSize of job (KB)
...
006 (7088390.000.000) 09/15 01:10:05 Image size of job updated: 1047184
	1010  -  MemoryUsage of job (MB)
	1033712  -  ResidentSetSize of job (KB)
...
006 (7088390.000.000) 09/15 01:30:07 Image size of job updated: 1048524
	1010  -  MemoryUsage of job (MB)
	1033712  -  ResidentSetSize of job (KB)
...
006 (7088390.000.000) 09/15 01:40:07 Image size of job updated: 1048524
	1019  -  MemoryUsage of job (MB)
	1042596  -  ResidentSetSize of job (KB)
...
006 (7088390.000.000) 09/15 01:45:07 Image size of job updated: 1048576
	1019  -  MemoryUsage of job (MB)
	1042596  -  ResidentSetSize of job (KB)
...
006 (7088390.000.000) 09/15 01:50:08 Image size of job updated: 1050708
	1019  -  MemoryUsage of job (MB)
	1042596  -  ResidentSetSize of job (KB)
...
006 (7088390.000.000) 09/15 01:55:08 Image size of job updated: 1051148
	1019  -  MemoryUsage of job (MB)
	1042596  -  ResidentSetSize of job (KB)
...
006 (7088390.000.000) 09/15 02:00:08 Image size of job updated: 1052052
	1019  -  MemoryUsage of job (MB)
	1042596  -  ResidentSetSize of job (KB)
...
006 (7088390.000.000) 09/15 02:20:10 Image size of job updated: 1052792
	1019  -  MemoryUsage of job (MB)
	1042596  -  ResidentSetSize of job (KB)
...
006 (7088390.000.000) 09/15 02:30:11 Image size of job updated: 1053476
	1019  -  MemoryUsage of job (MB)
	1042596  -  ResidentSetSize of job (KB)
...
006 (7088390.000.000) 09/15 02:35:13 Image size of job updated: 1054464
	1019  -  MemoryUsage of job (MB)
	1042596  -  ResidentSetSize of job (KB)
...
006 (7088390.000.000) 09/15 02:40:13 Image size of job updated: 1056328
	1019  -  MemoryUsage of job (MB)
	1042596  -  ResidentSetSize of job (KB)
...
006 (7088390.000.000) 09/15 02:50:14 Image size of job updated: 1061600
	1019  -  MemoryUsage of job (MB)
	1042596  -  ResidentSetSize of job (KB)
...
006 (7088390.000.000) 09/15 02:55:15 Image size of job updated: 1061964
	1019  -  MemoryUsage of job (MB)
	1042596  -  ResidentSetSize of job (KB)
...
006 (7088390.000.000) 09/15 03:00:15 Image size of job updated: 1062708
	1019  -  MemoryUsage of job (MB)
	1042596  -  ResidentSetSize of job (KB)
...
006 (7088390.000.000) 09/15 03:05:16 Image size of job updated: 1065260
	1019  -  MemoryUsage of job (MB)
	1042596  -  ResidentSetSize of job (KB)
...
006 (7088390.000.000) 09/15 03:20:17 Image size of job updated: 1066228
	1038  -  MemoryUsage of job (MB)
	1062876  -  ResidentSetSize of job (KB)
...
006 (7088390.000.000) 09/15 03:25:18 Image size of job updated: 1066980
	1038  -  MemoryUsage of job (MB)
	1062876  -  ResidentSetSize of job (KB)
...
006 (7088390.000.000) 09/15 03:35:18 Image size of job updated: 1067048
	1038  -  MemoryUsage of job (MB)
	1062876  -  ResidentSetSize of job (KB)
...
006 (7088390.000.000) 09/15 03:50:20 Image size of job updated: 1067500
	1038  -  MemoryUsage of job (MB)
	1062876  -  ResidentSetSize of job (KB)
...
006 (7088390.000.000) 09/15 04:00:22 Image size of job updated: 1067944
	1038  -  MemoryUsage of job (MB)
	1062876  -  ResidentSetSize of job (KB)
...
006 (7088390.000.000) 09/15 04:05:22 Image size of job updated: 1068720
	1038  -  MemoryUsage of job (MB)
	1062876  -  ResidentSetSize of job (KB)
...
006 (7088390.000.000) 09/15 04:10:23 Image size of job updated: 1070896
	1038  -  MemoryUsage of job (MB)
	1062876  -  ResidentSetSize of job (KB)
...
006 (7088390.000.000) 09/15 04:25:24 Image size of job updated: 1072208
	1038  -  MemoryUsage of job (MB)
	1062876  -  ResidentSetSize of job (KB)
...
006 (7088390.000.000) 09/15 04:35:26 Image size of job updated: 1073528
	1038  -  MemoryUsage of job (MB)
	1062876  -  ResidentSetSize of job (KB)
...
006 (7088390.000.000) 09/15 04:45:27 Image size of job updated: 1074032
	1038  -  MemoryUsage of job (MB)
	1062876  -  ResidentSetSize of job (KB)
...
006 (7088390.000.000) 09/15 04:50:28 Image size of job updated: 1076352
	1038  -  MemoryUsage of job (MB)
	1062876  -  ResidentSetSize of job (KB)
...
006 (7088390.000.000) 09/15 04:55:28 Image size of job updated: 1077824
	1038  -  MemoryUsage of job (MB)
	1062876  -  ResidentSetSize of job (KB)
...
006 (7088390.000.000) 09/15 08:55:54 Image size of job updated: 1078892
	1038  -  MemoryUsage of job (MB)
	1062876  -  ResidentSetSize of job (KB)
...
006 (7088390.000.000) 09/15 09:30:57 Image size of job updated: 1080356
	1038  -  MemoryUsage of job (MB)
	1062876  -  ResidentSetSize of job (KB)
...
006 (7088390.000.000) 09/15 09:50:59 Image size of job updated: 1080592
	1038  -  MemoryUsage of job (MB)
	1062876  -  ResidentSetSize of job (KB)
...
006 (7088390.000.000) 09/15 10:46:05 Image size of job updated: 1083608
	1038  -  MemoryUsage of job (MB)
	1062876  -  ResidentSetSize of job (KB)
...
006 (7088390.000.000) 09/15 10:51:05 Image size of job updated: 1084244
	1038  -  MemoryUsage of job (MB)
	1062876  -  ResidentSetSize of job (KB)
...
006 (7088390.000.000) 09/15 10:56:05 Image size of job updated: 1085160
	1038  -  MemoryUsage of job (MB)
	1062876  -  ResidentSetSize of job (KB)
...
006 (7088390.000.000) 09/15 11:01:06 Image size of job updated: 1085920
	1038  -  MemoryUsage of job (MB)
	1062876  -  ResidentSetSize of job (KB)
...
006 (7088390.000.000) 09/15 11:06:07 Image size of job updated: 1086820
	1038  -  MemoryUsage of job (MB)
	1062876  -  ResidentSetSize of job (KB)
...
006 (7088390.000.000) 09/15 11:16:08 Image size of job updated: 1088232
	1038  -  MemoryUsage of job (MB)
	1062876  -  ResidentSetSize of job (KB)
...
006 (7088390.000.000) 09/15 11:26:09 Image size of job updated: 1088272
	1038  -  MemoryUsage of job (MB)
	1062876  -  ResidentSetSize of job (KB)
...
006 (7088390.000.000) 09/15 11:31:09 Image size of job updated: 1089232
	1038  -  MemoryUsage of job (MB)
	1062876  -  ResidentSetSize of job (KB)
...
006 (7088390.000.000) 09/15 11:36:10 Image size of job updated: 1089868
	1038  -  MemoryUsage of job (MB)
	1062876  -  ResidentSetSize of job (KB)
...
006 (7088390.000.000) 09/15 11:41:10 Image size of job updated: 1090668
	1038  -  MemoryUsage of job (MB)
	1062876  -  ResidentSetSize of job (KB)
...
006 (7088390.000.000) 09/15 11:46:10 Image size of job updated: 1091476
	1038  -  MemoryUsage of job (MB)
	1062876  -  ResidentSetSize of job (KB)
...
006 (7088390.000.000) 09/15 11:51:11 Image size of job updated: 1092128
	1038  -  MemoryUsage of job (MB)
	1062876  -  ResidentSetSize of job (KB)
...
006 (7088390.000.000) 09/15 11:56:12 Image size of job updated: 1094908
	1038  -  MemoryUsage of job (MB)
	1062876  -  ResidentSetSize of job (KB)
...
006 (7088390.000.000) 09/15 12:01:12 Image size of job updated: 1095300
	1038  -  MemoryUsage of job (MB)
	1062876  -  ResidentSetSize of job (KB)
...
006 (7088390.000.000) 09/15 12:06:13 Image size of job updated: 1095576
	1067  -  MemoryUsage of job (MB)
	1092520  -  ResidentSetSize of job (KB)
...
006 (7088390.000.000) 09/15 12:11:14 Image size of job updated: 1096292
	1067  -  MemoryUsage of job (MB)
	1092520  -  ResidentSetSize of job (KB)
...
006 (7088390.000.000) 09/15 12:16:14 Image size of job updated: 1097012
	1067  -  MemoryUsage of job (MB)
	1092520  -  ResidentSetSize of job (KB)
...
006 (7088390.000.000) 09/15 12:21:15 Image size of job updated: 1097832
	1070  -  MemoryUsage of job (MB)
	1095132  -  ResidentSetSize of job (KB)
...
006 (7088390.000.000) 09/15 12:26:16 Image size of job updated: 1098692
	1070  -  MemoryUsage of job (MB)
	1095132  -  ResidentSetSize of job (KB)
...
006 (7088390.000.000) 09/15 12:31:16 Image size of job updated: 1099504
	1070  -  MemoryUsage of job (MB)
	1095132  -  ResidentSetSize of job (KB)
...
006 (7088390.000.000) 09/15 12:36:16 Image size of job updated: 1100452
	1070  -  MemoryUsage of job (MB)
	1095132  -  ResidentSetSize of job (KB)
...
006 (7088390.000.000) 09/15 12:41:18 Image size of job updated: 1101276
	1070  -  MemoryUsage of job (MB)
	1095132  -  ResidentSetSize of job (KB)
...
006 (7088390.000.000) 09/15 12:46:18 Image size of job updated: 1103596
	1071  -  MemoryUsage of job (MB)
	1096620  -  ResidentSetSize of job (KB)
...
006 (7088390.000.000) 09/15 12:51:18 Image size of job updated: 1103612
	1071  -  MemoryUsage of job (MB)
	1096620  -  ResidentSetSize of job (KB)
...
006 (7088390.000.000) 09/15 12:56:19 Image size of job updated: 1106172
	1071  -  MemoryUsage of job (MB)
	1096620  -  ResidentSetSize of job (KB)
...
006 (7088390.000.000) 09/15 13:11:21 Image size of job updated: 1106560
	1071  -  MemoryUsage of job (MB)
	1096620  -  ResidentSetSize of job (KB)
...
006 (7088390.000.000) 09/15 13:16:22 Image size of job updated: 1107516
	1071  -  MemoryUsage of job (MB)
	1096620  -  ResidentSetSize of job (KB)
...
006 (7088390.000.000) 09/15 13:21:22 Image size of job updated: 1108116
	1071  -  MemoryUsage of job (MB)
	1096620  -  ResidentSetSize of job (KB)
...
006 (7088390.000.000) 09/15 13:26:22 Image size of job updated: 1108984
	1071  -  MemoryUsage of job (MB)
	1096620  -  ResidentSetSize of job (KB)
...
006 (7088390.000.000) 09/15 13:31:23 Image size of job updated: 1109840
	1071  -  MemoryUsage of job (MB)
	1096620  -  ResidentSetSize of job (KB)
...
006 (7088390.000.000) 09/15 13:36:23 Image size of job updated: 1110692
	1071  -  MemoryUsage of job (MB)
	1096620  -  ResidentSetSize of job (KB)
...
006 (7088390.000.000) 09/15 13:41:23 Image size of job updated: 1111488
	1072  -  MemoryUsage of job (MB)
	1096928  -  ResidentSetSize of job (KB)
...
006 (7088390.000.000) 09/15 13:46:24 Image size of job updated: 1112508
	1072  -  MemoryUsage of job (MB)
	1096928  -  ResidentSetSize of job (KB)
...
006 (7088390.000.000) 09/15 13:51:25 Image size of job updated: 1113292
	1072  -  MemoryUsage of job (MB)
	1096928  -  ResidentSetSize of job (KB)
...
006 (7088390.000.000) 09/15 13:56:25 Image size of job updated: 1114220
	1072  -  MemoryUsage of job (MB)
	1096928  -  ResidentSetSize of job (KB)
...
006 (7088390.000.000) 09/15 14:01:26 Image size of job updated: 1115112
	1072  -  MemoryUsage of job (MB)
	1096928  -  ResidentSetSize of job (KB)
...
006 (7088390.000.000) 09/15 14:06:27 Image size of job updated: 1115872
	1072  -  MemoryUsage of job (MB)
	1096928  -  ResidentSetSize of job (KB)
...
006 (7088390.000.000) 09/15 14:11:27 Image size of job updated: 1116320
	1072  -  MemoryUsage of job (MB)
	1096928  -  ResidentSetSize of job (KB)
...
006 (7088390.000.000) 09/15 14:16:27 Image size of job updated: 1117412
	1072  -  MemoryUsage of job (MB)
	1096928  -  ResidentSetSize of job (KB)
...
006 (7088390.000.000) 09/15 14:21:28 Image size of job updated: 1117704
	1072  -  MemoryUsage of job (MB)
	1096928  -  ResidentSetSize of job (KB)
...
006 (7088390.000.000) 09/15 14:26:28 Image size of job updated: 1118508
	1072  -  MemoryUsage of job (MB)
	1096928  -  ResidentSetSize of job (KB)
...
006 (7088390.000.000) 09/15 14:31:28 Image size of job updated: 1119368
	1072  -  MemoryUsage of job (MB)
	1096928  -  ResidentSetSize of job (KB)
...
006 (7088390.000.000) 09/15 14:36:29 Image size of job updated: 1120208
	1072  -  MemoryUsage of job (MB)
	1096928  -  ResidentSetSize of job (KB)
...
006 (7088390.000.000) 09/15 14:41:30 Image size of job updated: 1121012
	1072  -  MemoryUsage of job (MB)
	1096928  -  ResidentSetSize of job (KB)
...
006 (7088390.000.000) 09/15 14:46:30 Image size of job updated: 1121964
	1073  -  MemoryUsage of job (MB)
	1097812  -  ResidentSetSize of job (KB)
...
006 (7088390.000.000) 09/15 14:51:30 Image size of job updated: 1123156
	1073  -  MemoryUsage of job (MB)
	1097812  -  ResidentSetSize of job (KB)
...
006 (7088390.000.000) 09/15 14:56:31 Image size of job updated: 1123876
	1073  -  MemoryUsage of job (MB)
	1097812  -  ResidentSetSize of job (KB)
...
006 (7088390.000.000) 09/15 15:01:31 Image size of job updated: 1124444
	1073  -  MemoryUsage of job (MB)
	1097812  -  ResidentSetSize of job (KB)
...
006 (7088390.000.000) 09/15 15:06:31 Image size of job updated: 1125384
	1073  -  MemoryUsage of job (MB)
	1097812  -  ResidentSetSize of job (KB)
...
006 (7088390.000.000) 09/15 15:11:32 Image size of job updated: 1126160
	1073  -  MemoryUsage of job (MB)
	1097812  -  ResidentSetSize of job (KB)
...
006 (7088390.000.000) 09/15 15:16:33 Image size of job updated: 1126956
	1073  -  MemoryUsage of job (MB)
	1097812  -  ResidentSetSize of job (KB)
...
006 (7088390.000.000) 09/15 15:21:33 Image size of job updated: 1127988
	1073  -  MemoryUsage of job (MB)
	1097812  -  ResidentSetSize of job (KB)
...
006 (7088390.000.000) 09/15 15:26:34 Image size of job updated: 1128844
	1073  -  MemoryUsage of job (MB)
	1097812  -  ResidentSetSize of job (KB)
...
006 (7088390.000.000) 09/15 15:31:35 Image size of job updated: 1129592
	1073  -  MemoryUsage of job (MB)
	1097812  -  ResidentSetSize of job (KB)
...
006 (7088390.000.000) 09/15 15:36:35 Image size of job updated: 1130408
	1073  -  MemoryUsage of job (MB)
	1097812  -  ResidentSetSize of job (KB)
...
006 (7088390.000.000) 09/15 15:41:35 Image size of job updated: 1131436
	1073  -  MemoryUsage of job (MB)
	1097812  -  ResidentSetSize of job (KB)
...
006 (7088390.000.000) 09/15 15:46:36 Image size of job updated: 1132236
	1073  -  MemoryUsage of job (MB)
	1097812  -  ResidentSetSize of job (KB)
...
006 (7088390.000.000) 09/15 15:51:36 Image size of job updated: 1132860
	1073  -  MemoryUsage of job (MB)
	1097812  -  ResidentSetSize of job (KB)
...
006 (7088390.000.000) 09/15 15:56:36 Image size of job updated: 1133596
	1073  -  MemoryUsage of job (MB)
	1097812  -  ResidentSetSize of job (KB)
...
006 (7088390.000.000) 09/15 16:01:37 Image size of job updated: 1134200
	1073  -  MemoryUsage of job (MB)
	1097812  -  ResidentSetSize of job (KB)
...
006 (7088390.000.000) 09/15 16:06:38 Image size of job updated: 1134804
	1073  -  MemoryUsage of job (MB)
	1097812  -  ResidentSetSize of job (KB)
...
006 (7088390.000.000) 09/15 16:11:38 Image size of job updated: 1135412
	1073  -  MemoryUsage of job (MB)
	1097812  -  ResidentSetSize of job (KB)
...
006 (7088390.000.000) 09/15 16:16:39 Image size of job updated: 1136284
	1073  -  MemoryUsage of job (MB)
	1097812  -  ResidentSetSize of job (KB)
...
006 (7088390.000.000) 09/15 16:21:40 Image size of job updated: 1137060
	1073  -  MemoryUsage of job (MB)
	1097812  -  ResidentSetSize of job (KB)
...
006 (7088390.000.000) 09/15 16:26:40 Image size of job updated: 1139240
	1073  -  MemoryUsage of job (MB)
	1097812  -  ResidentSetSize of job (KB)
...
006 (7088390.000.000) 09/15 16:36:41 Image size of job updated: 1139352
	1073  -  MemoryUsage of job (MB)
	1097812  -  ResidentSetSize of job (KB)
...
006 (7088390.000.000) 09/15 16:41:41 Image size of job updated: 1140196
	1073  -  MemoryUsage of job (MB)
	1097812  -  ResidentSetSize of job (KB)
...
006 (7088390.000.000) 09/15 16:46:41 Image size of job updated: 1141628
	1102  -  MemoryUsage of job (MB)
	1128236  -  ResidentSetSize of job (KB)
...
006 (7088390.000.000) 09/15 16:51:42 Image size of job updated: 1142456
	1108  -  MemoryUsage of job (MB)
	1134380  -  ResidentSetSize of job (KB)
...
006 (7088390.000.000) 09/15 16:56:43 Image size of job updated: 1143296
	1108  -  MemoryUsage of job (MB)
	1134380  -  ResidentSetSize of job (KB)
...
006 (7088390.000.000) 09/15 17:01:43 Image size of job updated: 1144232
	1108  -  MemoryUsage of job (MB)
	1134380  -  ResidentSetSize of job (KB)
...
006 (7088390.000.000) 09/15 17:06:44 Image size of job updated: 1145040
	1108  -  MemoryUsage of job (MB)
	1134380  -  ResidentSetSize of job (KB)
...
006 (7088390.000.000) 09/15 17:11:45 Image size of job updated: 1145800
	1108  -  MemoryUsage of job (MB)
	1134380  -  ResidentSetSize of job (KB)
...
006 (7088390.000.000) 09/15 17:16:45 Image size of job updated: 1146720
	1108  -  MemoryUsage of job (MB)
	1134380  -  ResidentSetSize of job (KB)
...
006 (7088390.000.000) 09/15 17:21:45 Image size of job updated: 1147528
	1108  -  MemoryUsage of job (MB)
	1134380  -  ResidentSetSize of job (KB)
...
006 (7088390.000.000) 09/15 17:26:46 Image size of job updated: 1148428
	1108  -  MemoryUsage of job (MB)
	1134380  -  ResidentSetSize of job (KB)
...
006 (7088390.000.000) 09/15 17:31:46 Image size of job updated: 1149140
	1108  -  MemoryUsage of job (MB)
	1134380  -  ResidentSetSize of job (KB)
...
006 (7088390.000.000) 09/15 17:36:46 Image size of job updated: 1150108
	1108  -  MemoryUsage of job (MB)
	1134380  -  ResidentSetSize of job (KB)
...
006 (7088390.000.000) 09/15 17:41:47 Image size of job updated: 1150880
	1108  -  MemoryUsage of job (MB)
	1134380  -  ResidentSetSize of job (KB)
...
006 (7088390.000.000) 09/15 17:46:48 Image size of job updated: 1151880
	1108  -  MemoryUsage of job (MB)
	1134380  -  ResidentSetSize of job (KB)
...
006 (7088390.000.000) 09/15 17:51:48 Image size of job updated: 1152588
	1108  -  MemoryUsage of job (MB)
	1134380  -  ResidentSetSize of job (KB)
...
006 (7088390.000.000) 09/15 17:56:49 Image size of job updated: 1153376
	1108  -  MemoryUsage of job (MB)
	1134380  -  ResidentSetSize of job (KB)
...
006 (7088390.000.000) 09/15 18:01:50 Image size of job updated: 1154108
	1108  -  MemoryUsage of job (MB)
	1134380  -  ResidentSetSize of job (KB)
...
006 (7088390.000.000) 09/15 18:06:50 Image size of job updated: 1154828
	1108  -  MemoryUsage of job (MB)
	1134380  -  ResidentSetSize of job (KB)
...
006 (7088390.000.000) 09/15 18:11:50 Image size of job updated: 1156004
	1108  -  MemoryUsage of job (MB)
	1134380  -  ResidentSetSize of job (KB)
...
006 (7088390.000.000) 09/15 18:21:51 Image size of job updated: 1156424
	1108  -  MemoryUsage of job (MB)
	1134380  -  ResidentSetSize of job (KB)
...
006 (7088390.000.000) 09/15 18:26:51 Image size of job updated: 1158512
	1108  -  MemoryUsage of job (MB)
	1134380  -  ResidentSetSize of job (KB)
...
006 (7088390.000.000) 09/15 18:46:53 Image size of job updated: 1159652
	1108  -  MemoryUsage of job (MB)
	1134380  -  ResidentSetSize of job (KB)
...
006 (7088390.000.000) 09/15 18:51:53 Image size of job updated: 1159660
	1108  -  MemoryUsage of job (MB)
	1134380  -  ResidentSetSize of job (KB)
...
006 (7088390.000.000) 09/15 18:56:53 Image size of job updated: 1159716
	1108  -  MemoryUsage of job (MB)
	1134380  -  ResidentSetSize of job (KB)
...
006 (7088390.000.000) 09/15 19:01:54 Image size of job updated: 1160524
	1108  -  MemoryUsage of job (MB)
	1134380  -  ResidentSetSize of job (KB)
...
006 (7088390.000.000) 09/15 19:06:55 Image size of job updated: 1160680
	1108  -  MemoryUsage of job (MB)
	1134380  -  ResidentSetSize of job (KB)
...
006 (7088390.000.000) 09/15 19:11:55 Image size of job updated: 1162560
	1108  -  MemoryUsage of job (MB)
	1134380  -  ResidentSetSize of job (KB)
...
006 (7088390.000.000) 09/15 19:21:57 Image size of job updated: 1163556
	1108  -  MemoryUsage of job (MB)
	1134380  -  ResidentSetSize of job (KB)
...
006 (7088390.000.000) 09/15 19:36:58 Image size of job updated: 1164132
	1108  -  MemoryUsage of job (MB)
	1134380  -  ResidentSetSize of job (KB)
...
006 (7088390.000.000) 09/15 19:41:58 Image size of job updated: 1165724
	1108  -  MemoryUsage of job (MB)
	1134380  -  ResidentSetSize of job (KB)
...
006 (7088390.000.000) 09/15 19:51:59 Image size of job updated: 1165792
	1108  -  MemoryUsage of job (MB)
	1134380  -  ResidentSetSize of job (KB)
...
006 (7088390.000.000) 09/15 19:57:00 Image size of job updated: 1166472
	1108  -  MemoryUsage of job (MB)
	1134380  -  ResidentSetSize of job (KB)
...
006 (7088390.000.000) 09/15 20:02:00 Image size of job updated: 1166992
	1108  -  MemoryUsage of job (MB)
	1134380  -  ResidentSetSize of job (KB)
...
006 (7088390.000.000) 09/15 20:07:01 Image size of job updated: 1167700
	1108  -  MemoryUsage of job (MB)
	1134380  -  ResidentSetSize of job (KB)
...
006 (7088390.000.000) 09/15 20:12:02 Image size of job updated: 1168288
	1134  -  MemoryUsage of job (MB)
	1160444  -  ResidentSetSize of job (KB)
...
006 (7088390.000.000) 09/15 20:17:02 Image size of job updated: 1169372
	1134  -  MemoryUsage of job (MB)
	1160444  -  ResidentSetSize of job (KB)
...
006 (7088390.000.000) 09/15 20:22:02 Image size of job updated: 1169724
	1134  -  MemoryUsage of job (MB)
	1160444  -  ResidentSetSize of job (KB)
...
006 (7088390.000.000) 09/15 20:27:03 Image size of job updated: 1170308
	1134  -  MemoryUsage of job (MB)
	1160444  -  ResidentSetSize of job (KB)
...
006 (7088390.000.000) 09/15 20:32:03 Image size of job updated: 1172540
	1134  -  MemoryUsage of job (MB)
	1160444  -  ResidentSetSize of job (KB)
...
006 (7088390.000.000) 09/15 20:42:05 Image size of job updated: 1173584
	1134  -  MemoryUsage of job (MB)
	1160444  -  ResidentSetSize of job (KB)
...
006 (7088390.000.000) 09/15 21:07:07 Image size of job updated: 1174060
	1134  -  MemoryUsage of job (MB)
	1160444  -  ResidentSetSize of job (KB)
...
006 (7088390.000.000) 09/15 21:12:08 Image size of job updated: 1174396
	1134  -  MemoryUsage of job (MB)
	1160444  -  ResidentSetSize of job (KB)
...
006 (7088390.000.000) 09/15 21:17:09 Image size of job updated: 1175396
	1134  -  MemoryUsage of job (MB)
	1160444  -  ResidentSetSize of job (KB)
...
006 (7088390.000.000) 09/15 21:22:09 Image size of job updated: 1176120
	1134  -  MemoryUsage of job (MB)
	1160444  -  ResidentSetSize of job (KB)
...
006 (7088390.000.000) 09/15 21:27:09 Image size of job updated: 1176684
	1136  -  MemoryUsage of job (MB)
	1163004  -  ResidentSetSize of job (KB)
...
006 (7088390.000.000) 09/15 21:32:10 Image size of job updated: 1177072
	1136  -  MemoryUsage of job (MB)
	1163004  -  ResidentSetSize of job (KB)
...
006 (7088390.000.000) 09/15 21:37:10 Image size of job updated: 1177668
	1136  -  MemoryUsage of job (MB)
	1163004  -  ResidentSetSize of job (KB)
...
006 (7088390.000.000) 09/15 21:42:10 Image size of job updated: 1178056
	1136  -  MemoryUsage of job (MB)
	1163004  -  ResidentSetSize of job (KB)
...
006 (7088390.000.000) 09/15 21:47:11 Image size of job updated: 1179944
	1136  -  MemoryUsage of job (MB)
	1163004  -  ResidentSetSize of job (KB)
...
006 (7088390.000.000) 09/15 21:52:12 Image size of job updated: 1180436
	1136  -  MemoryUsage of job (MB)
	1163004  -  ResidentSetSize of job (KB)
...
006 (7088390.000.000) 09/15 21:57:12 Image size of job updated: 1181288
	1136  -  MemoryUsage of job (MB)
	1163004  -  ResidentSetSize of job (KB)
...
006 (7088390.000.000) 09/15 22:02:13 Image size of job updated: 1181428
	1136  -  MemoryUsage of job (MB)
	1163004  -  ResidentSetSize of job (KB)
...
006 (7088390.000.000) 09/15 22:07:14 Image size of job updated: 1182080
	1136  -  MemoryUsage of job (MB)
	1163004  -  ResidentSetSize of job (KB)
...
006 (7088390.000.000) 09/15 22:12:14 Image size of job updated: 1182664
	1136  -  MemoryUsage of job (MB)
	1163004  -  ResidentSetSize of job (KB)
...
006 (7088390.000.000) 09/15 22:17:14 Image size of job updated: 1183628
	1136  -  MemoryUsage of job (MB)
	1163004  -  ResidentSetSize of job (KB)
...
006 (7088390.000.000) 09/15 22:22:15 Image size of job updated: 1184396
	1136  -  MemoryUsage of job (MB)
	1163004  -  ResidentSetSize of job (KB)
...
006 (7088390.000.000) 09/15 22:27:15 Image size of job updated: 1185168
	1136  -  MemoryUsage of job (MB)
	1163004  -  ResidentSetSize of job (KB)
...
006 (7088390.000.000) 09/15 22:32:15 Image size of job updated: 1186132
	1136  -  MemoryUsage of job (MB)
	1163004  -  ResidentSetSize of job (KB)
...
006 (7088390.000.000) 09/15 22:37:16 Image size of job updated: 1186936
	1136  -  MemoryUsage of job (MB)
	1163004  -  ResidentSetSize of job (KB)
...
006 (7088390.000.000) 09/15 22:42:17 Image size of job updated: 1187596
	1136  -  MemoryUsage of job (MB)
	1163004  -  ResidentSetSize of job (KB)
...
006 (7088390.000.000) 09/15 22:47:17 Image size of job updated: 1189056
	1136  -  MemoryUsage of job (MB)
	1163004  -  ResidentSetSize of job (KB)
...
006 (7088390.000.000) 09/15 22:52:17 Image size of job updated: 1189784
	1136  -  MemoryUsage of job (MB)
	1163004  -  ResidentSetSize of job (KB)
...
006 (7088390.000.000) 09/15 22:57:18 Image size of job updated: 1190580
	1136  -  MemoryUsage of job (MB)
	1163004  -  ResidentSetSize of job (KB)
...
006 (7088390.000.000) 09/15 23:02:18 Image size of job updated: 1191264
	1136  -  MemoryUsage of job (MB)
	1163004  -  ResidentSetSize of job (KB)
...
006 (7088390.000.000) 09/15 23:07:18 Image size of job updated: 1193744
	1136  -  MemoryUsage of job (MB)
	1163004  -  ResidentSetSize of job (KB)
...
006 (7088390.000.000) 09/15 23:22:20 Image size of job updated: 1194416
	1136  -  MemoryUsage of job (MB)
	1163004  -  ResidentSetSize of job (KB)
...
006 (7088390.000.000) 09/15 23:27:21 Image size of job updated: 1195032
	1136  -  MemoryUsage of job (MB)
	1163004  -  ResidentSetSize of job (KB)
...
006 (7088390.000.000) 09/15 23:32:22 Image size of job updated: 1197012
	1136  -  MemoryUsage of job (MB)
	1163004  -  ResidentSetSize of job (KB)
...
006 (7088390.000.000) 09/15 23:42:22 Image size of job updated: 1197104
	1136  -  MemoryUsage of job (MB)
	1163004  -  ResidentSetSize of job (KB)
...
006 (7088390.000.000) 09/15 23:47:23 Image size of job updated: 1197668
	1136  -  MemoryUsage of job (MB)
	1163004  -  ResidentSetSize of job (KB)
...
006 (7088390.000.000) 09/15 23:52:23 Image size of job updated: 1198448
	1136  -  MemoryUsage of job (MB)
	1163004  -  ResidentSetSize of job (KB)
...
006 (7088390.000.000) 09/15 23:57:23 Image size of job updated: 1199176
	1136  -  MemoryUsage of job (MB)
	1163004  -  ResidentSetSize of job (KB)
...
006 (7088390.000.000) 09/16 00:02:24 Image size of job updated: 1200000
	1136  -  MemoryUsage of job (MB)
	1163004  -  ResidentSetSize of job (KB)
...
006 (7088390.000.000) 09/16 00:07:25 Image size of job updated: 1200936
	1136  -  MemoryUsage of job (MB)
	1163004  -  ResidentSetSize of job (KB)
...
006 (7088390.000.000) 09/16 00:12:25 Image size of job updated: 1201684
	1136  -  MemoryUsage of job (MB)
	1163004  -  ResidentSetSize of job (KB)
...
006 (7088390.000.000) 09/16 00:17:26 Image size of job updated: 1201832
	1136  -  MemoryUsage of job (MB)
	1163004  -  ResidentSetSize of job (KB)
...
006 (7088390.000.000) 09/16 00:22:27 Image size of job updated: 1202648
	1136  -  MemoryUsage of job (MB)
	1163004  -  ResidentSetSize of job (KB)
...
006 (7088390.000.000) 09/16 00:27:27 Image size of job updated: 1203472
	1136  -  MemoryUsage of job (MB)
	1163004  -  ResidentSetSize of job (KB)
...
006 (7088390.000.000) 09/16 00:32:27 Image size of job updated: 1204148
	1136  -  MemoryUsage of job (MB)
	1163004  -  ResidentSetSize of job (KB)
...
006 (7088390.000.000) 09/16 00:37:28 Image size of job updated: 1204992
	1136  -  MemoryUsage of job (MB)
	1163004  -  ResidentSetSize of job (KB)
...
006 (7088390.000.000) 09/16 00:42:28 Image size of job updated: 1205808
	1136  -  MemoryUsage of job (MB)
	1163004  -  ResidentSetSize of job (KB)
...
006 (7088390.000.000) 09/16 00:47:28 Image size of job updated: 1206696
	1136  -  MemoryUsage of job (MB)
	1163004  -  ResidentSetSize of job (KB)
...
006 (7088390.000.000) 09/16 00:52:29 Image size of job updated: 1207500
	1136  -  MemoryUsage of job (MB)
	1163004  -  ResidentSetSize of job (KB)
...
006 (7088390.000.000) 09/16 00:57:30 Image size of job updated: 1208380
	1136  -  MemoryUsage of job (MB)
	1163004  -  ResidentSetSize of job (KB)
...
006 (7088390.000.000) 09/16 01:02:30 Image size of job updated: 1210932
	1136  -  MemoryUsage of job (MB)
	1163004  -  ResidentSetSize of job (KB)
...
006 (7088390.000.000) 09/16 01:17:31 Image size of job updated: 1211628
	1136  -  MemoryUsage of job (MB)
	1163004  -  ResidentSetSize of job (KB)
...
006 (7088390.000.000) 09/16 01:22:31 Image size of job updated: 1212420
	1136  -  MemoryUsage of job (MB)
	1163004  -  ResidentSetSize of job (KB)
...
006 (7088390.000.000) 09/16 01:27:32 Image size of job updated: 1214212
	1136  -  MemoryUsage of job (MB)
	1163004  -  ResidentSetSize of job (KB)
...
006 (7088390.000.000) 09/16 01:37:32 Image size of job updated: 1214212
	1177  -  MemoryUsage of job (MB)
	1204408  -  ResidentSetSize of job (KB)
...
006 (7088390.000.000) 09/16 01:42:33 Image size of job updated: 1215408
	1179  -  MemoryUsage of job (MB)
	1206456  -  ResidentSetSize of job (KB)
...
006 (7088390.000.000) 09/16 01:57:35 Image size of job updated: 1215896
	1179  -  MemoryUsage of job (MB)
	1206456  -  ResidentSetSize of job (KB)
...
006 (7088390.000.000) 09/16 02:02:36 Image size of job updated: 1216196
	1179  -  MemoryUsage of job (MB)
	1206456  -  ResidentSetSize of job (KB)
...
006 (7088390.000.000) 09/16 02:07:36 Image size of job updated: 1217040
	1179  -  MemoryUsage of job (MB)
	1206456  -  ResidentSetSize of job (KB)
...
040 (7088390.000.000) 09/16 02:17:36 Started transferring output files
...
040 (7088390.000.000) 09/16 02:17:36 Finished transferring output files
...
009 (7088390.000.000) 09/16 02:17:38 Job was aborted.
	Job removed by SYSTEM_PERIODIC_REMOVE due to wall time exceeded allowed max.
...
000 (7150819.000.000) 09/23 12:43:29 Job submitted from host: <137.138.55.115:9618?addrs=137.138.55.115-9618+[2001-1458-d00-17--12a]-9618&alias=bigbird23.cern.ch&noUDP&sock=schedd_4975_03c1>
...
040 (7150819.000.000) 09/23 12:46:59 Started transferring input files
	Transferring to host: <188.185.215.160:9618?addrs=188.185.215.160-9618+[2001-1458-303-26--100-1c]-9618&alias=b9p18p9531.cern.ch&noUDP&sock=slot1_48_1695785_b0b8_46320>
...
040 (7150819.000.000) 09/23 12:46:59 Finished transferring input files
...
001 (7150819.000.000) 09/23 12:47:00 Job executing on host: <188.185.215.160:9618?addrs=188.185.215.160-9618+[2001-1458-303-26--100-1c]-9618&alias=b9p18p9531.cern.ch&noUDP&sock=startd_11213_c389>
	SlotName: slot1_48@b9p18p9531.cern.ch
	CondorScratchDir = "/pool/condor/dir_3977064"
	Cpus = 1
	Disk = 2964584
	Memory = 2000
...
006 (7150819.000.000) 09/23 12:47:09 Image size of job updated: 39276
	37  -  MemoryUsage of job (MB)
	37760  -  ResidentSetSize of job (KB)
...
006 (7150819.000.000) 09/23 12:52:10 Image size of job updated: 674208
	644  -  MemoryUsage of job (MB)
	658536  -  ResidentSetSize of job (KB)
...
006 (7150819.000.000) 09/23 12:57:11 Image size of job updated: 705720
	687  -  MemoryUsage of job (MB)
	702568  -  ResidentSetSize of job (KB)
...
006 (7150819.000.000) 09/23 13:02:12 Image size of job updated: 712712
	687  -  MemoryUsage of job (MB)
	702568  -  ResidentSetSize of job (KB)
...
006 (7150819.000.000) 09/23 14:52:04 Image size of job updated: 779716
	687  -  MemoryUsage of job (MB)
	702568  -  ResidentSetSize of job (KB)
...
040 (7150819.000.000) 09/23 14:52:05 Started transferring output files
...
040 (7150819.000.000) 09/23 14:52:06 Finished transferring output files
...
005 (7150819.000.000) 09/23 14:52:06 Job terminated.
	(1) Normal termination (return value 0)
		Usr 0 01:16:44, Sys 0 00:42:11  -  Run Remote Usage
		Usr 0 00:00:00, Sys 0 00:00:00  -  Run Local Usage
		Usr 0 01:16:44, Sys 0 00:42:11  -  Total Remote Usage
		Usr 0 00:00:00, Sys 0 00:00:00  -  Total Local Usage
	34787  -  Run Bytes Sent By Job
	10928  -  Run Bytes Received By Job
	34787  -  Total Bytes Sent By Job
	10928  -  Total Bytes Received By Job
	Partitionable Resources :    Usage  Request Allocated 
	   Cpus                 :     0.96        1         1 
	   Disk (KB)            :    66          12   2964584 
	   Memory (MB)          :   687        2000      2000 

	Job terminated of its own accord at 2024-09-23T12:52:04Z with exit-code 0.
...
000 (7407023.000.000) 10/24 18:41:53 Job submitted from host: <137.138.55.115:9618?addrs=137.138.55.115-9618+[2001-1458-d00-17--12a]-9618&alias=bigbird23.cern.ch&noUDP&sock=schedd_4975_03c1>
...
040 (7407023.000.000) 10/24 18:45:06 Started transferring input files
	Transferring to host: <188.185.208.203:9618?addrs=188.185.208.203-9618+[2001-1458-303-10--100-48]-9618&alias=b9p10p7069.cern.ch&noUDP&sock=slot1_29_300648_76bb_52893>
...
040 (7407023.000.000) 10/24 18:45:06 Finished transferring input files
...
001 (7407023.000.000) 10/24 18:45:07 Job executing on host: <188.185.208.203:9618?addrs=188.185.208.203-9618+[2001-1458-303-10--100-48]-9618&alias=b9p10p7069.cern.ch&noUDP&sock=startd_4386_0279>
	SlotName: slot1_29@b9p10p7069.cern.ch
	CondorScratchDir = "/pool/condor/dir_563272"
	Cpus = 1
	Disk = 2784557
	Memory = 2000
...
006 (7407023.000.000) 10/24 18:45:16 Image size of job updated: 185916
	182  -  MemoryUsage of job (MB)
	185916  -  ResidentSetSize of job (KB)
...
006 (7407023.000.000) 10/24 18:50:17 Image size of job updated: 695900
	300  -  MemoryUsage of job (MB)
	307004  -  ResidentSetSize of job (KB)
...
006 (7407023.000.000) 10/24 18:55:18 Image size of job updated: 695900
	364  -  MemoryUsage of job (MB)
	372616  -  ResidentSetSize of job (KB)
...
006 (7407023.000.000) 10/24 19:00:18 Image size of job updated: 695900
	388  -  MemoryUsage of job (MB)
	396912  -  ResidentSetSize of job (KB)
...
006 (7407023.000.000) 10/24 19:10:19 Image size of job updated: 695900
	390  -  MemoryUsage of job (MB)
	398408  -  ResidentSetSize of job (KB)
...
006 (7407023.000.000) 10/24 19:15:20 Image size of job updated: 695900
	394  -  MemoryUsage of job (MB)
	403208  -  ResidentSetSize of job (KB)
...
006 (7407023.000.000) 10/24 19:20:21 Image size of job updated: 695900
	425  -  MemoryUsage of job (MB)
	434392  -  ResidentSetSize of job (KB)
...
006 (7407023.000.000) 10/24 19:25:21 Image size of job updated: 695900
	485  -  MemoryUsage of job (MB)
	496436  -  ResidentSetSize of job (KB)
...
006 (7407023.000.000) 10/24 19:35:22 Image size of job updated: 695900
	516  -  MemoryUsage of job (MB)
	527792  -  ResidentSetSize of job (KB)
...
006 (7407023.000.000) 10/24 19:40:22 Image size of job updated: 695900
	517  -  MemoryUsage of job (MB)
	528660  -  ResidentSetSize of job (KB)
...
006 (7407023.000.000) 10/24 19:45:22 Image size of job updated: 695900
	529  -  MemoryUsage of job (MB)
	540948  -  ResidentSetSize of job (KB)
...
006 (7407023.000.000) 10/24 20:15:26 Image size of job updated: 695900
	530  -  MemoryUsage of job (MB)
	542184  -  ResidentSetSize of job (KB)
...
006 (7407023.000.000) 10/24 20:20:26 Image size of job updated: 695900
	544  -  MemoryUsage of job (MB)
	556520  -  ResidentSetSize of job (KB)
...
006 (7407023.000.000) 10/24 20:25:27 Image size of job updated: 695900
	562  -  MemoryUsage of job (MB)
	575132  -  ResidentSetSize of job (KB)
...
006 (7407023.000.000) 10/24 20:30:27 Image size of job updated: 695900
	580  -  MemoryUsage of job (MB)
	593564  -  ResidentSetSize of job (KB)
...
006 (7407023.000.000) 10/24 21:30:33 Image size of job updated: 695900
	589  -  MemoryUsage of job (MB)
	602844  -  ResidentSetSize of job (KB)
...
006 (7407023.000.000) 10/24 21:37:34 Image size of job updated: 1266100
	589  -  MemoryUsage of job (MB)
	602844  -  ResidentSetSize of job (KB)
...
040 (7407023.000.000) 10/24 21:37:34 Started transferring output files
...
040 (7407023.000.000) 10/24 21:37:35 Finished transferring output files
...
005 (7407023.000.000) 10/24 21:37:35 Job terminated.
	(1) Normal termination (return value 0)
		Usr 0 01:19:36, Sys 0 01:30:43  -  Run Remote Usage
		Usr 0 00:00:00, Sys 0 00:00:00  -  Run Local Usage
		Usr 0 01:19:36, Sys 0 01:30:43  -  Total Remote Usage
		Usr 0 00:00:00, Sys 0 00:00:00  -  Total Local Usage
	73817  -  Run Bytes Sent By Job
	10928  -  Run Bytes Received By Job
	73817  -  Total Bytes Sent By Job
	10928  -  Total Bytes Received By Job
	Partitionable Resources :    Usage  Request Allocated 
	   Cpus                 :     0.99        1         1 
	   Disk (KB)            :   107          12   2784557 
	   Memory (MB)          :   589        2000      2000 

	Job terminated of its own accord at 2024-10-24T19:37:34Z with exit-code 0.
...
000 (7709144.000.000) 11/09 21:26:10 Job submitted from host: <137.138.55.115:9618?addrs=137.138.55.115-9618+[2001-1458-d00-17--12a]-9618&alias=bigbird23.cern.ch&noUDP&sock=schedd_4975_03c1>
...
040 (7709144.000.000) 11/09 22:57:32 Started transferring input files
	Transferring to host: <188.184.185.152:9618?addrs=188.184.185.152-9618+[2001-1458-301-52--100-97]-9618&alias=b9g37p1124.cern.ch&noUDP&sock=slot1_9_4870_1aff_14690>
...
040 (7709144.000.000) 11/09 22:57:32 Finished transferring input files
...
001 (7709144.000.000) 11/09 22:57:33 Job executing on host: <188.184.185.152:9618?addrs=188.184.185.152-9618+[2001-1458-301-52--100-97]-9618&alias=b9g37p1124.cern.ch&noUDP&sock=startd_3903_b63b>
	SlotName: slot1_9@b9g37p1124.cern.ch
	CondorScratchDir = "/pool/condor/dir_1195384"
	Cpus = 1
	Disk = 2816174
	Memory = 2000
...
006 (7709144.000.000) 11/09 22:57:41 Image size of job updated: 139624
	137  -  MemoryUsage of job (MB)
	139624  -  ResidentSetSize of job (KB)
...
006 (7709144.000.000) 11/09 22:57:44 Image size of job updated: 177864
	137  -  MemoryUsage of job (MB)
	139624  -  ResidentSetSize of job (KB)
...
040 (7709144.000.000) 11/09 22:57:44 Started transferring output files
...
040 (7709144.000.000) 11/09 22:57:44 Finished transferring output files
...
005 (7709144.000.000) 11/09 22:57:44 Job terminated.
	(1) Normal termination (return value 1)
		Usr 0 00:00:06, Sys 0 00:00:01  -  Run Remote Usage
		Usr 0 00:00:00, Sys 0 00:00:00  -  Run Local Usage
		Usr 0 00:00:06, Sys 0 00:00:01  -  Total Remote Usage
		Usr 0 00:00:00, Sys 0 00:00:00  -  Total Local Usage
	5893  -  Run Bytes Sent By Job
	10831  -  Run Bytes Received By Job
	5893  -  Total Bytes Sent By Job
	10831  -  Total Bytes Received By Job
	Partitionable Resources :    Usage  Request Allocated 
	   Cpus                 :                 1         1 
	   Disk (KB)            :       32       12   2816174 
	   Memory (MB)          :      137     2000      2000 

	Job terminated of its own accord at 2024-11-09T21:57:44Z with exit-code 1.
...
000 (7709620.000.000) 11/10 01:20:08 Job submitted from host: <137.138.55.115:9618?addrs=137.138.55.115-9618+[2001-1458-d00-17--12a]-9618&alias=bigbird23.cern.ch&noUDP&sock=schedd_4975_03c1>
...
040 (7709620.000.000) 11/10 02:57:16 Started transferring input files
	Transferring to host: <188.185.196.135:9618?addrs=188.185.196.135-9618+[2001-1458-303-23--100-83]-9618&alias=b9p16p6625.cern.ch&noUDP&sock=slot1_39_308472_2df9_4527>
...
040 (7709620.000.000) 11/10 02:57:16 Finished transferring input files
...
001 (7709620.000.000) 11/10 02:57:17 Job executing on host: <188.185.196.135:9618?addrs=188.185.196.135-9618+[2001-1458-303-23--100-83]-9618&alias=b9p16p6625.cern.ch&noUDP&sock=startd_166345_6999>
	SlotName: slot1_39@b9p16p6625.cern.ch
	CondorScratchDir = "/pool/condor/dir_4138515"
	Cpus = 1
	Disk = 3050622
	Memory = 2000
...
006 (7709620.000.000) 11/10 02:57:26 Image size of job updated: 1
	0  -  MemoryUsage of job (MB)
	0  -  ResidentSetSize of job (KB)
...
006 (7709620.000.000) 11/10 03:02:27 Image size of job updated: 571952
	545  -  MemoryUsage of job (MB)
	558076  -  ResidentSetSize of job (KB)
...
006 (7709620.000.000) 11/10 03:07:27 Image size of job updated: 605172
	586  -  MemoryUsage of job (MB)
	599796  -  ResidentSetSize of job (KB)
...
006 (7709620.000.000) 11/10 03:12:27 Image size of job updated: 634068
	596  -  MemoryUsage of job (MB)
	609692  -  ResidentSetSize of job (KB)
...
006 (7709620.000.000) 11/10 03:17:28 Image size of job updated: 655616
	611  -  MemoryUsage of job (MB)
	624988  -  ResidentSetSize of job (KB)
...
006 (7709620.000.000) 11/10 03:22:28 Image size of job updated: 676472
	628  -  MemoryUsage of job (MB)
	642120  -  ResidentSetSize of job (KB)
...
006 (7709620.000.000) 11/10 03:27:28 Image size of job updated: 681280
	628  -  MemoryUsage of job (MB)
	642120  -  ResidentSetSize of job (KB)
...
006 (7709620.000.000) 11/10 03:32:29 Image size of job updated: 681280
	644  -  MemoryUsage of job (MB)
	659056  -  ResidentSetSize of job (KB)
...
006 (7709620.000.000) 11/10 03:37:29 Image size of job updated: 681280
	648  -  MemoryUsage of job (MB)
	663152  -  ResidentSetSize of job (KB)
...
006 (7709620.000.000) 11/10 03:42:29 Image size of job updated: 681280
	657  -  MemoryUsage of job (MB)
	671892  -  ResidentSetSize of job (KB)
...
006 (7709620.000.000) 11/10 03:47:30 Image size of job updated: 688404
	661  -  MemoryUsage of job (MB)
	675988  -  ResidentSetSize of job (KB)
...
006 (7709620.000.000) 11/10 03:52:31 Image size of job updated: 695576
	663  -  MemoryUsage of job (MB)
	678824  -  ResidentSetSize of job (KB)
...
006 (7709620.000.000) 11/10 03:57:31 Image size of job updated: 695776
	663  -  MemoryUsage of job (MB)
	678824  -  ResidentSetSize of job (KB)
...
006 (7709620.000.000) 11/10 07:52:06 Image size of job updated: 1037636
	663  -  MemoryUsage of job (MB)
	678824  -  ResidentSetSize of job (KB)
...
040 (7709620.000.000) 11/10 07:52:06 Started transferring output files
...
040 (7709620.000.000) 11/10 07:52:06 Finished transferring output files
...
005 (7709620.000.000) 11/10 07:52:06 Job terminated.
	(1) Normal termination (return value 0)
		Usr 0 02:57:24, Sys 0 01:50:51  -  Run Remote Usage
		Usr 0 00:00:00, Sys 0 00:00:00  -  Run Local Usage
		Usr 0 02:57:24, Sys 0 01:50:51  -  Total Remote Usage
		Usr 0 00:00:00, Sys 0 00:00:00  -  Total Local Usage
	72444  -  Run Bytes Sent By Job
	10917  -  Run Bytes Received By Job
	72444  -  Total Bytes Sent By Job
	10917  -  Total Bytes Received By Job
	Partitionable Resources :    Usage  Request Allocated 
	   Cpus                 :     0.98        1         1 
	   Disk (KB)            :   105          12   3050622 
	   Memory (MB)          :   663        2000      2000 

	Job terminated of its own accord at 2024-11-10T06:52:06Z with exit-code 0.
...
000 (7712803.000.000) 11/10 21:17:45 Job submitted from host: <137.138.55.115:9618?addrs=137.138.55.115-9618+[2001-1458-d00-17--12a]-9618&alias=bigbird23.cern.ch&noUDP&sock=schedd_4975_03c1>
...
040 (7712803.000.000) 11/10 21:18:32 Started transferring input files
	Transferring to host: <128.142.33.41:9618?addrs=128.142.33.41-9618+[2001-1458-301-53--100-26]-9618&alias=b9g34p3999.cern.ch&noUDP&sock=slot1_22_6538_5cc3_6886>
...
040 (7712803.000.000) 11/10 21:18:32 Finished transferring input files
...
001 (7712803.000.000) 11/10 21:18:33 Job executing on host: <128.142.33.41:9618?addrs=128.142.33.41-9618+[2001-1458-301-53--100-26]-9618&alias=b9g34p3999.cern.ch&noUDP&sock=startd_5486_84a6>
	SlotName: slot1_22@b9g34p3999.cern.ch
	CondorScratchDir = "/pool/condor/dir_3836260"
	Cpus = 1
	Disk = 3718
	GPUs = 0
	Memory = 2000
...
006 (7712803.000.000) 11/10 21:18:41 Image size of job updated: 400016
	391  -  MemoryUsage of job (MB)
	400016  -  ResidentSetSize of job (KB)
...
006 (7712803.000.000) 11/10 21:23:41 Image size of job updated: 643588
	629  -  MemoryUsage of job (MB)
	643588  -  ResidentSetSize of job (KB)
...
006 (7712803.000.000) 11/10 21:28:42 Image size of job updated: 681556
	666  -  MemoryUsage of job (MB)
	681556  -  ResidentSetSize of job (KB)
...
006 (7712803.000.000) 11/10 21:33:42 Image size of job updated: 706180
	690  -  MemoryUsage of job (MB)
	706180  -  ResidentSetSize of job (KB)
...
006 (7712803.000.000) 11/10 21:43:44 Image size of job updated: 706180
	691  -  MemoryUsage of job (MB)
	707556  -  ResidentSetSize of job (KB)
...
040 (7712803.000.000) 11/11 04:02:09 Started transferring output files
...
040 (7712803.000.000) 11/11 04:02:09 Finished transferring output files
...
005 (7712803.000.000) 11/11 04:02:09 Job terminated.
	(1) Normal termination (return value 0)
		Usr 0 03:10:18, Sys 0 03:29:32  -  Run Remote Usage
		Usr 0 00:00:00, Sys 0 00:00:00  -  Run Local Usage
		Usr 0 03:10:18, Sys 0 03:29:32  -  Total Remote Usage
		Usr 0 00:00:00, Sys 0 00:00:00  -  Total Local Usage
	73827  -  Run Bytes Sent By Job
	10921  -  Run Bytes Received By Job
	73827  -  Total Bytes Sent By Job
	10921  -  Total Bytes Received By Job
	Partitionable Resources :    Usage  Request Allocated 
	   Cpus                 :     0.99        1         1 
	   Disk (KB)            :   105          12      3718 
	   GPUs                 :                           0 
	   Memory (MB)          :   691        2000      2000 

	Job terminated of its own accord at 2024-11-11T03:02:08Z with exit-code 0.
...
000 (7713872.000.000) 11/11 10:32:14 Job submitted from host: <137.138.55.115:9618?addrs=137.138.55.115-9618+[2001-1458-d00-17--12a]-9618&alias=bigbird23.cern.ch&noUDP&sock=schedd_4975_03c1>
...
040 (7713872.000.000) 11/11 10:32:16 Started transferring input files
	Transferring to host: <128.142.131.150:9618?addrs=128.142.131.150-9618+[2001-1458-301-59--100-8a]-9618&alias=b9g11p1003.cern.ch&noUDP&sock=slot1_18_3007_7413_24124>
...
040 (7713872.000.000) 11/11 10:32:16 Finished transferring input files
...
001 (7713872.000.000) 11/11 10:32:17 Job executing on host: <128.142.131.150:9618?addrs=128.142.131.150-9618+[2001-1458-301-59--100-8a]-9618&alias=b9g11p1003.cern.ch&noUDP&sock=startd_2641_15b5>
	SlotName: slot1_18@b9g11p1003.cern.ch
	CondorScratchDir = "/pool/condor/dir_3097388"
	Cpus = 1
	Disk = 2601
	GPUs = 0
	Memory = 2000
...
006 (7713872.000.000) 11/11 10:32:26 Image size of job updated: 163928
	161  -  MemoryUsage of job (MB)
	163928  -  ResidentSetSize of job (KB)
...
040 (7713872.000.000) 11/11 10:32:28 Started transferring output files
...
040 (7713872.000.000) 11/11 10:32:28 Finished transferring output files
...
005 (7713872.000.000) 11/11 10:32:28 Job terminated.
	(1) Normal termination (return value 1)
		Usr 0 00:00:06, Sys 0 00:00:01  -  Run Remote Usage
		Usr 0 00:00:00, Sys 0 00:00:00  -  Run Local Usage
		Usr 0 00:00:06, Sys 0 00:00:01  -  Total Remote Usage
		Usr 0 00:00:00, Sys 0 00:00:00  -  Total Local Usage
	5028  -  Run Bytes Sent By Job
	10921  -  Run Bytes Received By Job
	5028  -  Total Bytes Sent By Job
	10921  -  Total Bytes Received By Job
	Partitionable Resources :    Usage  Request Allocated 
	   Cpus                 :        0        1         1 
	   Disk (KB)            :       39       12      2601 
	   GPUs                 :                           0 
	   Memory (MB)          :      161     2000      2000 

	Job terminated of its own accord at 2024-11-11T09:32:28Z with exit-code 1.
...
000 (7713997.000.000) 11/11 10:59:23 Job submitted from host: <137.138.55.115:9618?addrs=137.138.55.115-9618+[2001-1458-d00-17--12a]-9618&alias=bigbird23.cern.ch&noUDP&sock=schedd_4975_03c1>
...
040 (7713997.000.000) 11/11 11:01:01 Started transferring input files
	Transferring to host: <188.185.193.26:9618?addrs=188.185.193.26-9618+[2001-1458-303-20--100-16]-9618&alias=b9p19p4200.cern.ch&noUDP&sock=slot1_9_2879631_4b04_6238>
...
040 (7713997.000.000) 11/11 11:01:01 Finished transferring input files
...
001 (7713997.000.000) 11/11 11:01:02 Job executing on host: <188.185.193.26:9618?addrs=188.185.193.26-9618+[2001-1458-303-20--100-16]-9618&alias=b9p19p4200.cern.ch&noUDP&sock=startd_128053_4915>
	SlotName: slot1_9@b9p19p4200.cern.ch
	CondorScratchDir = "/pool/condor/dir_607737"
	Cpus = 1
	Disk = 2974969
	Memory = 2000
...
006 (7713997.000.000) 11/11 11:01:11 Image size of job updated: 1
	0  -  MemoryUsage of job (MB)
	0  -  ResidentSetSize of job (KB)
...
006 (7713997.000.000) 11/11 11:01:36 Image size of job updated: 193444
	4  -  MemoryUsage of job (MB)
	3308  -  ResidentSetSize of job (KB)
...
040 (7713997.000.000) 11/11 11:01:36 Started transferring output files
...
040 (7713997.000.000) 11/11 11:01:36 Finished transferring output files
...
005 (7713997.000.000) 11/11 11:01:36 Job terminated.
	(1) Normal termination (return value 1)
		Usr 0 00:00:05, Sys 0 00:00:01  -  Run Remote Usage
		Usr 0 00:00:00, Sys 0 00:00:00  -  Run Local Usage
		Usr 0 00:00:05, Sys 0 00:00:01  -  Total Remote Usage
		Usr 0 00:00:00, Sys 0 00:00:00  -  Total Local Usage
	4999  -  Run Bytes Sent By Job
	10921  -  Run Bytes Received By Job
	4999  -  Total Bytes Sent By Job
	10921  -  Total Bytes Received By Job
	Partitionable Resources :    Usage  Request Allocated 
	   Cpus                 :        0        1         1 
	   Disk (KB)            :       38       12   2974969 
	   Memory (MB)          :        4     2000      2000 

	Job terminated of its own accord at 2024-11-11T10:01:36Z with exit-code 1.
...
000 (7714672.000.000) 11/11 11:06:19 Job submitted from host: <137.138.55.115:9618?addrs=137.138.55.115-9618+[2001-1458-d00-17--12a]-9618&alias=bigbird23.cern.ch&noUDP&sock=schedd_4975_03c1>
...
040 (7714672.000.000) 11/11 11:07:32 Started transferring input files
	Transferring to host: <188.185.194.61:9618?addrs=188.185.194.61-9618+[2001-1458-303-21--100-39]-9618&alias=b9p20p1071.cern.ch&noUDP&sock=slot1_42_109720_6a67_94675>
...
040 (7714672.000.000) 11/11 11:07:32 Finished transferring input files
...
001 (7714672.000.000) 11/11 11:07:33 Job executing on host: <188.185.194.61:9618?addrs=188.185.194.61-9618+[2001-1458-303-21--100-39]-9618&alias=b9p20p1071.cern.ch&noUDP&sock=startd_127866_04df>
	SlotName: slot1_42@b9p20p1071.cern.ch
	CondorScratchDir = "/pool/condor/dir_4104934"
	Cpus = 1
	Disk = 2926317
	Memory = 2000
...
006 (7714672.000.000) 11/11 11:07:42 Image size of job updated: 174980
	171  -  MemoryUsage of job (MB)
	174464  -  ResidentSetSize of job (KB)
...
006 (7714672.000.000) 11/11 11:07:50 Image size of job updated: 387488
	195  -  MemoryUsage of job (MB)
	199184  -  ResidentSetSize of job (KB)
...
040 (7714672.000.000) 11/11 11:07:50 Started transferring output files
...
040 (7714672.000.000) 11/11 11:07:50 Finished transferring output files
...
005 (7714672.000.000) 11/11 11:07:50 Job terminated.
	(1) Normal termination (return value 1)
		Usr 0 00:00:06, Sys 0 00:00:02  -  Run Remote Usage
		Usr 0 00:00:00, Sys 0 00:00:00  -  Run Local Usage
		Usr 0 00:00:06, Sys 0 00:00:02  -  Total Remote Usage
		Usr 0 00:00:00, Sys 0 00:00:00  -  Total Local Usage
	5235  -  Run Bytes Sent By Job
	10921  -  Run Bytes Received By Job
	5235  -  Total Bytes Sent By Job
	10921  -  Total Bytes Received By Job
	Partitionable Resources :    Usage  Request Allocated 
	   Cpus                 :        0        1         1 
	   Disk (KB)            :       38       12   2926317 
	   Memory (MB)          :      195     2000      2000 

	Job terminated of its own accord at 2024-11-11T10:07:50Z with exit-code 1.
...
000 (7727887.000.000) 11/13 15:35:44 Job submitted from host: <137.138.55.115:9618?addrs=137.138.55.115-9618+[2001-1458-d00-17--12a]-9618&alias=bigbird23.cern.ch&noUDP&sock=schedd_4975_03c1>
...
040 (7727887.000.000) 11/13 15:39:10 Started transferring input files
	Transferring to host: <128.142.137.218:9618?addrs=128.142.137.218-9618+[2001-1458-301-5e--100-ce]-9618&alias=b9g19p5070.cern.ch&noUDP&sock=slot1_9_2807_890b_26039>
...
040 (7727887.000.000) 11/13 15:39:10 Finished transferring input files
...
001 (7727887.000.000) 11/13 15:39:11 Job executing on host: <128.142.137.218:9618?addrs=128.142.137.218-9618+[2001-1458-301-5e--100-ce]-9618&alias=b9g19p5070.cern.ch&noUDP&sock=startd_2435_c933>
	SlotName: slot1_9@b9g19p5070.cern.ch
	CondorScratchDir = "/pool/condor/dir_465777"
	Cpus = 1
	Disk = 2703
	GPUs = 0
	Memory = 2000
...
006 (7727887.000.000) 11/13 15:39:19 Image size of job updated: 48976
	48  -  MemoryUsage of job (MB)
	48976  -  ResidentSetSize of job (KB)
...
006 (7727887.000.000) 11/13 15:39:37 Image size of job updated: 385088
	377  -  MemoryUsage of job (MB)
	385088  -  ResidentSetSize of job (KB)
...
040 (7727887.000.000) 11/13 15:39:38 Started transferring output files
...
040 (7727887.000.000) 11/13 15:39:38 Finished transferring output files
...
005 (7727887.000.000) 11/13 15:39:38 Job terminated.
	(1) Normal termination (return value 1)
		Usr 0 00:00:06, Sys 0 00:00:02  -  Run Remote Usage
		Usr 0 00:00:00, Sys 0 00:00:00  -  Run Local Usage
		Usr 0 00:00:06, Sys 0 00:00:02  -  Total Remote Usage
		Usr 0 00:00:00, Sys 0 00:00:00  -  Total Local Usage
	5235  -  Run Bytes Sent By Job
	10921  -  Run Bytes Received By Job
	5235  -  Total Bytes Sent By Job
	10921  -  Total Bytes Received By Job
	Partitionable Resources :    Usage  Request Allocated 
	   Cpus                 :        0        1         1 
	   Disk (KB)            :       38       12      2703 
	   GPUs                 :                           0 
	   Memory (MB)          :      377     2000      2000 

	Job terminated of its own accord at 2024-11-13T14:39:37Z with exit-code 1.
...
000 (7727946.000.000) 11/13 16:56:22 Job submitted from host: <137.138.55.115:9618?addrs=137.138.55.115-9618+[2001-1458-d00-17--12a]-9618&alias=bigbird23.cern.ch&noUDP&sock=schedd_4975_03c1>
...
040 (7727946.000.000) 11/13 17:05:34 Started transferring input files
	Transferring to host: <188.185.192.173:9618?addrs=188.185.192.173-9618+[2001-1458-303-1f--100-a9]-9618&alias=b9p13p0054.cern.ch&noUDP&sock=slot1_4_2292807_b2cd_44456>
...
040 (7727946.000.000) 11/13 17:05:34 Finished transferring input files
...
001 (7727946.000.000) 11/13 17:05:35 Job executing on host: <188.185.192.173:9618?addrs=188.185.192.173-9618+[2001-1458-303-1f--100-a9]-9618&alias=b9p13p0054.cern.ch&noUDP&sock=startd_128378_355d>
	SlotName: slot1_4@b9p13p0054.cern.ch
	CondorScratchDir = "/pool/condor/dir_52190"
	Cpus = 1
	Disk = 2930818
	Memory = 2000
...
006 (7727946.000.000) 11/13 17:05:43 Image size of job updated: 1
	0  -  MemoryUsage of job (MB)
	0  -  ResidentSetSize of job (KB)
...
006 (7727946.000.000) 11/13 17:10:43 Image size of job updated: 651404
	622  -  MemoryUsage of job (MB)
	636076  -  ResidentSetSize of job (KB)
...
006 (7727946.000.000) 11/13 17:11:04 Image size of job updated: 654808
	622  -  MemoryUsage of job (MB)
	636076  -  ResidentSetSize of job (KB)
...
040 (7727946.000.000) 11/13 17:11:04 Started transferring output files
...
040 (7727946.000.000) 11/13 17:11:04 Finished transferring output files
...
004 (7727946.000.000) 11/13 17:11:04 Job was evicted.
	(0) CPU times
		Usr 0 00:03:56, Sys 0 00:00:58  -  Run Remote Usage
		Usr 0 00:00:00, Sys 0 00:00:00  -  Run Local Usage
	864672  -  Run Bytes Sent By Job
	10921  -  Run Bytes Received By Job
	Partitionable Resources :    Usage  Request Allocated 
	   Cpus                 :     0.99        1         1 
	   Disk (KB)            :   877          12   2930818 
	   Memory (MB)          :   622        2000      2000 
...
009 (7727946.000.000) 11/13 17:11:04 Job was aborted.
	via condor_rm (by user fsalerno)
...
000 (7728037.000.000) 11/13 18:08:21 Job submitted from host: <137.138.55.115:9618?addrs=137.138.55.115-9618+[2001-1458-d00-17--12a]-9618&alias=bigbird23.cern.ch&noUDP&sock=schedd_4975_03c1>
...
040 (7728037.000.000) 11/13 20:06:21 Started transferring input files
	Transferring to host: <188.185.195.120:9618?addrs=188.185.195.120-9618+[2001-1458-303-22--100-74]-9618&alias=b9p17p7877.cern.ch&noUDP&sock=slot1_20_1163202_c97e_29022>
...
040 (7728037.000.000) 11/13 20:06:21 Finished transferring input files
...
001 (7728037.000.000) 11/13 20:06:22 Job executing on host: <188.185.195.120:9618?addrs=188.185.195.120-9618+[2001-1458-303-22--100-74]-9618&alias=b9p17p7877.cern.ch&noUDP&sock=startd_7907_1f6f>
	SlotName: slot1_20@b9p17p7877.cern.ch
	CondorScratchDir = "/pool/condor/dir_1980353"
	Cpus = 1
	Disk = 2961215
	Memory = 2000
...
006 (7728037.000.000) 11/13 20:06:31 Image size of job updated: 82812
	81  -  MemoryUsage of job (MB)
	82808  -  ResidentSetSize of job (KB)
...
006 (7728037.000.000) 11/13 20:11:32 Image size of job updated: 280916
	274  -  MemoryUsage of job (MB)
	279972  -  ResidentSetSize of job (KB)
...
006 (7728037.000.000) 11/13 20:16:33 Image size of job updated: 320648
	274  -  MemoryUsage of job (MB)
	279972  -  ResidentSetSize of job (KB)
...
006 (7728037.000.000) 11/13 20:21:33 Image size of job updated: 342308
	327  -  MemoryUsage of job (MB)
	334016  -  ResidentSetSize of job (KB)
...
006 (7728037.000.000) 11/13 20:26:34 Image size of job updated: 368068
	327  -  MemoryUsage of job (MB)
	334016  -  ResidentSetSize of job (KB)
...
006 (7728037.000.000) 11/13 20:31:34 Image size of job updated: 368456
	327  -  MemoryUsage of job (MB)
	334016  -  ResidentSetSize of job (KB)
...
006 (7728037.000.000) 11/13 20:36:34 Image size of job updated: 368456
	342  -  MemoryUsage of job (MB)
	349720  -  ResidentSetSize of job (KB)
...
006 (7728037.000.000) 11/13 20:41:35 Image size of job updated: 369080
	342  -  MemoryUsage of job (MB)
	349720  -  ResidentSetSize of job (KB)
...
006 (7728037.000.000) 11/13 20:46:35 Image size of job updated: 387232
	353  -  MemoryUsage of job (MB)
	360828  -  ResidentSetSize of job (KB)
...
006 (7728037.000.000) 11/13 20:51:36 Image size of job updated: 395844
	360  -  MemoryUsage of job (MB)
	367784  -  ResidentSetSize of job (KB)
...
006 (7728037.000.000) 11/13 20:56:37 Image size of job updated: 404312
	374  -  MemoryUsage of job (MB)
	382600  -  ResidentSetSize of job (KB)
...
006 (7728037.000.000) 11/13 21:01:37 Image size of job updated: 411984
	374  -  MemoryUsage of job (MB)
	382600  -  ResidentSetSize of job (KB)
...
006 (7728037.000.000) 11/13 21:06:38 Image size of job updated: 419464
	399  -  MemoryUsage of job (MB)
	408512  -  ResidentSetSize of job (KB)
...
006 (7728037.000.000) 11/13 21:11:39 Image size of job updated: 426760
	404  -  MemoryUsage of job (MB)
	413444  -  ResidentSetSize of job (KB)
...
006 (7728037.000.000) 11/13 21:16:39 Image size of job updated: 433396
	408  -  MemoryUsage of job (MB)
	417116  -  ResidentSetSize of job (KB)
...
006 (7728037.000.000) 11/13 21:21:40 Image size of job updated: 440128
	408  -  MemoryUsage of job (MB)
	417116  -  ResidentSetSize of job (KB)
...
006 (7728037.000.000) 11/13 21:26:41 Image size of job updated: 446580
	408  -  MemoryUsage of job (MB)
	417116  -  ResidentSetSize of job (KB)
...
006 (7728037.000.000) 11/13 21:31:41 Image size of job updated: 452656
	435  -  MemoryUsage of job (MB)
	445000  -  ResidentSetSize of job (KB)
...
006 (7728037.000.000) 11/13 21:36:42 Image size of job updated: 459104
	438  -  MemoryUsage of job (MB)
	448024  -  ResidentSetSize of job (KB)
...
006 (7728037.000.000) 11/13 21:41:43 Image size of job updated: 465392
	443  -  MemoryUsage of job (MB)
	453340  -  ResidentSetSize of job (KB)
...
006 (7728037.000.000) 11/13 21:46:43 Image size of job updated: 471132
	460  -  MemoryUsage of job (MB)
	470816  -  ResidentSetSize of job (KB)
...
006 (7728037.000.000) 11/13 21:51:45 Image size of job updated: 476756
	460  -  MemoryUsage of job (MB)
	470816  -  ResidentSetSize of job (KB)
...
006 (7728037.000.000) 11/13 21:56:45 Image size of job updated: 482168
	460  -  MemoryUsage of job (MB)
	470816  -  ResidentSetSize of job (KB)
...
006 (7728037.000.000) 11/13 22:01:45 Image size of job updated: 487464
	460  -  MemoryUsage of job (MB)
	470816  -  ResidentSetSize of job (KB)
...
006 (7728037.000.000) 11/13 22:06:46 Image size of job updated: 492928
	481  -  MemoryUsage of job (MB)
	491532  -  ResidentSetSize of job (KB)
...
006 (7728037.000.000) 11/13 22:11:46 Image size of job updated: 497984
	481  -  MemoryUsage of job (MB)
	491532  -  ResidentSetSize of job (KB)
...
006 (7728037.000.000) 11/13 22:16:46 Image size of job updated: 503244
	481  -  MemoryUsage of job (MB)
	491532  -  ResidentSetSize of job (KB)
...
006 (7728037.000.000) 11/13 22:21:47 Image size of job updated: 507716
	481  -  MemoryUsage of job (MB)
	491532  -  ResidentSetSize of job (KB)
...
006 (7728037.000.000) 11/13 22:26:47 Image size of job updated: 511900
	481  -  MemoryUsage of job (MB)
	491532  -  ResidentSetSize of job (KB)
...
006 (7728037.000.000) 11/13 22:31:47 Image size of job updated: 515488
	481  -  MemoryUsage of job (MB)
	491532  -  ResidentSetSize of job (KB)
...
006 (7728037.000.000) 11/13 22:36:48 Image size of job updated: 519684
	481  -  MemoryUsage of job (MB)
	491532  -  ResidentSetSize of job (KB)
...
006 (7728037.000.000) 11/13 22:41:48 Image size of job updated: 523804
	481  -  MemoryUsage of job (MB)
	491532  -  ResidentSetSize of job (KB)
...
006 (7728037.000.000) 11/13 22:46:48 Image size of job updated: 528248
	481  -  MemoryUsage of job (MB)
	492368  -  ResidentSetSize of job (KB)
...
006 (7728037.000.000) 11/13 22:51:49 Image size of job updated: 531724
	487  -  MemoryUsage of job (MB)
	497916  -  ResidentSetSize of job (KB)
...
006 (7728037.000.000) 11/13 22:56:50 Image size of job updated: 535764
	487  -  MemoryUsage of job (MB)
	497916  -  ResidentSetSize of job (KB)
...
006 (7728037.000.000) 11/13 23:01:50 Image size of job updated: 538124
	487  -  MemoryUsage of job (MB)
	497916  -  ResidentSetSize of job (KB)
...
006 (7728037.000.000) 11/13 23:06:51 Image size of job updated: 542672
	487  -  MemoryUsage of job (MB)
	497916  -  ResidentSetSize of job (KB)
...
006 (7728037.000.000) 11/13 23:11:52 Image size of job updated: 546468
	503  -  MemoryUsage of job (MB)
	514528  -  ResidentSetSize of job (KB)
...
006 (7728037.000.000) 11/13 23:16:53 Image size of job updated: 550548
	509  -  MemoryUsage of job (MB)
	520456  -  ResidentSetSize of job (KB)
...
006 (7728037.000.000) 11/13 23:21:53 Image size of job updated: 554432
	535  -  MemoryUsage of job (MB)
	547660  -  ResidentSetSize of job (KB)
...
006 (7728037.000.000) 11/13 23:26:53 Image size of job updated: 558256
	545  -  MemoryUsage of job (MB)
	557724  -  ResidentSetSize of job (KB)
...
006 (7728037.000.000) 11/13 23:31:54 Image size of job updated: 562112
	545  -  MemoryUsage of job (MB)
	557724  -  ResidentSetSize of job (KB)
...
006 (7728037.000.000) 11/13 23:36:54 Image size of job updated: 565688
	545  -  MemoryUsage of job (MB)
	557724  -  ResidentSetSize of job (KB)
...
006 (7728037.000.000) 11/13 23:41:54 Image size of job updated: 568188
	545  -  MemoryUsage of job (MB)
	557724  -  ResidentSetSize of job (KB)
...
006 (7728037.000.000) 11/13 23:46:56 Image size of job updated: 571068
	545  -  MemoryUsage of job (MB)
	557724  -  ResidentSetSize of job (KB)
...
006 (7728037.000.000) 11/13 23:51:56 Image size of job updated: 575736
	545  -  MemoryUsage of job (MB)
	557724  -  ResidentSetSize of job (KB)
...
006 (7728037.000.000) 11/13 23:56:56 Image size of job updated: 577744
	545  -  MemoryUsage of job (MB)
	557724  -  ResidentSetSize of job (KB)
...
006 (7728037.000.000) 11/14 00:01:57 Image size of job updated: 609528
	545  -  MemoryUsage of job (MB)
	557724  -  ResidentSetSize of job (KB)
...
006 (7728037.000.000) 11/14 00:06:58 Image size of job updated: 613136
	545  -  MemoryUsage of job (MB)
	557724  -  ResidentSetSize of job (KB)
...
006 (7728037.000.000) 11/14 00:11:58 Image size of job updated: 614004
	545  -  MemoryUsage of job (MB)
	557724  -  ResidentSetSize of job (KB)
...
006 (7728037.000.000) 11/14 00:16:58 Image size of job updated: 616552
	545  -  MemoryUsage of job (MB)
	557724  -  ResidentSetSize of job (KB)
...
006 (7728037.000.000) 11/14 00:21:59 Image size of job updated: 616868
	545  -  MemoryUsage of job (MB)
	557724  -  ResidentSetSize of job (KB)
...
006 (7728037.000.000) 11/14 00:25:45 Image size of job updated: 1018060
	545  -  MemoryUsage of job (MB)
	557724  -  ResidentSetSize of job (KB)
...
040 (7728037.000.000) 11/14 00:25:47 Started transferring output files
...
040 (7728037.000.000) 11/14 00:25:47 Finished transferring output files
...
005 (7728037.000.000) 11/14 00:25:48 Job terminated.
	(1) Normal termination (return value 0)
		Usr 0 02:29:47, Sys 0 01:37:25  -  Run Remote Usage
		Usr 0 00:00:00, Sys 0 00:00:00  -  Run Local Usage
		Usr 0 02:29:47, Sys 0 01:37:25  -  Total Remote Usage
		Usr 0 00:00:00, Sys 0 00:00:00  -  Total Local Usage
	5757993  -  Run Bytes Sent By Job
	10921  -  Run Bytes Received By Job
	5757993  -  Total Bytes Sent By Job
	10921  -  Total Bytes Received By Job
	Partitionable Resources :    Usage  Request Allocated 
	   Cpus                 :     0.95        1         1 
	   Disk (KB)            :  5657          12   2961215 
	   Memory (MB)          :   545        2000      2000 

	Job terminated of its own accord at 2024-11-13T23:25:45Z with exit-code 0.
...
