000 (6704261.000.000) 06/02 20:46:36 Job submitted from host: <137.138.55.115:9618?addrs=137.138.55.115-9618+[2001-1458-d00-17--12a]-9618&alias=bigbird23.cern.ch&noUDP&sock=schedd_23881_f548>
...
040 (6704261.000.000) 06/02 20:50:50 Started transferring input files
	Transferring to host: <128.142.56.136:9618?addrs=128.142.56.136-9618&alias=b7s01p6498.cern.ch&noUDP&sock=slot1_9_6931_4433_151704>
...
040 (6704261.000.000) 06/02 20:50:50 Finished transferring input files
...
001 (6704261.000.000) 06/02 20:50:51 Job executing on host: <128.142.56.136:9618?addrs=128.142.56.136-9618&alias=b7s01p6498.cern.ch&noUDP&sock=startd_6866_1558>
	SlotName: slot1_9@b7s01p6498.cern.ch
...
006 (6704261.000.000) 06/02 20:51:00 Image size of job updated: 83208
	47  -  MemoryUsage of job (MB)
	47920  -  ResidentSetSize of job (KB)
...
006 (6704261.000.000) 06/02 20:51:22 Image size of job updated: 855280
	47  -  MemoryUsage of job (MB)
	47920  -  ResidentSetSize of job (KB)
...
040 (6704261.000.000) 06/02 20:51:22 Started transferring output files
...
040 (6704261.000.000) 06/02 20:51:22 Finished transferring output files
...
005 (6704261.000.000) 06/02 20:51:22 Job terminated.
	(1) Normal termination (return value 1)
		Usr 0 00:00:03, Sys 0 00:00:01  -  Run Remote Usage
		Usr 0 00:00:00, Sys 0 00:00:00  -  Run Local Usage
		Usr 0 00:00:03, Sys 0 00:00:01  -  Total Remote Usage
		Usr 0 00:00:00, Sys 0 00:00:00  -  Total Local Usage
	5763  -  Run Bytes Sent By Job
	10927  -  Run Bytes Received By Job
	5763  -  Total Bytes Sent By Job
	10927  -  Total Bytes Received By Job
	Partitionable Resources :    Usage  Request Allocated 
	   Cpus                 :                 1         1 
	   Disk (KB)            :       30       12   1148057 
	   Memory (MB)          :       47     2000      2000 

	Job terminated of its own accord at 2024-06-02T18:51:22Z with exit-code 1.
...
000 (6704869.000.000) 06/02 21:45:27 Job submitted from host: <137.138.55.115:9618?addrs=137.138.55.115-9618+[2001-1458-d00-17--12a]-9618&alias=bigbird23.cern.ch&noUDP&sock=schedd_23881_f548>
...
040 (6704869.000.000) 06/02 21:46:59 Started transferring input files
	Transferring to host: <128.142.59.18:9618?addrs=128.142.59.18-9618+[2001-1458-301-21--100-11]-9618&alias=b7s04p4604.cern.ch&noUDP&sock=slot1_22_64789_7624_155472>
...
040 (6704869.000.000) 06/02 21:46:59 Finished transferring input files
...
001 (6704869.000.000) 06/02 21:47:00 Job executing on host: <128.142.59.18:9618?addrs=128.142.59.18-9618+[2001-1458-301-21--100-11]-9618&alias=b7s04p4604.cern.ch&noUDP&sock=startd_64750_b15b>
	SlotName: slot1_22@b7s04p4604.cern.ch
...
006 (6704869.000.000) 06/02 21:47:08 Image size of job updated: 145044
	137  -  MemoryUsage of job (MB)
	139996  -  ResidentSetSize of job (KB)
...
006 (6704869.000.000) 06/02 21:52:08 Image size of job updated: 1010720
	295  -  MemoryUsage of job (MB)
	301988  -  ResidentSetSize of job (KB)
...
006 (6704869.000.000) 06/02 21:57:09 Image size of job updated: 1042872
	295  -  MemoryUsage of job (MB)
	301988  -  ResidentSetSize of job (KB)
...
006 (6704869.000.000) 06/02 22:02:10 Image size of job updated: 1059232
	295  -  MemoryUsage of job (MB)
	301988  -  ResidentSetSize of job (KB)
...
006 (6704869.000.000) 06/02 22:07:10 Image size of job updated: 1059232
	300  -  MemoryUsage of job (MB)
	306364  -  ResidentSetSize of job (KB)
...
006 (6704869.000.000) 06/02 22:12:10 Image size of job updated: 1060260
	300  -  MemoryUsage of job (MB)
	306876  -  ResidentSetSize of job (KB)
...
006 (6704869.000.000) 06/02 22:17:11 Image size of job updated: 1072740
	334  -  MemoryUsage of job (MB)
	341076  -  ResidentSetSize of job (KB)
...
006 (6704869.000.000) 06/02 22:22:11 Image size of job updated: 1077740
	338  -  MemoryUsage of job (MB)
	346044  -  ResidentSetSize of job (KB)
...
006 (6704869.000.000) 06/02 22:27:12 Image size of job updated: 1092212
	344  -  MemoryUsage of job (MB)
	352092  -  ResidentSetSize of job (KB)
...
006 (6704869.000.000) 06/02 22:32:13 Image size of job updated: 1096668
	353  -  MemoryUsage of job (MB)
	360548  -  ResidentSetSize of job (KB)
...
006 (6704869.000.000) 06/02 22:37:14 Image size of job updated: 1100908
	353  -  MemoryUsage of job (MB)
	360548  -  ResidentSetSize of job (KB)
...
006 (6704869.000.000) 06/02 22:42:14 Image size of job updated: 1106328
	353  -  MemoryUsage of job (MB)
	360548  -  ResidentSetSize of job (KB)
...
006 (6704869.000.000) 06/02 22:47:14 Image size of job updated: 1112524
	366  -  MemoryUsage of job (MB)
	373964  -  ResidentSetSize of job (KB)
...
006 (6704869.000.000) 06/02 22:52:15 Image size of job updated: 1118972
	376  -  MemoryUsage of job (MB)
	384644  -  ResidentSetSize of job (KB)
...
006 (6704869.000.000) 06/02 22:57:15 Image size of job updated: 1126760
	376  -  MemoryUsage of job (MB)
	384644  -  ResidentSetSize of job (KB)
...
006 (6704869.000.000) 06/02 23:02:15 Image size of job updated: 1131520
	376  -  MemoryUsage of job (MB)
	384644  -  ResidentSetSize of job (KB)
...
006 (6704869.000.000) 06/02 23:07:16 Image size of job updated: 1137452
	376  -  MemoryUsage of job (MB)
	384644  -  ResidentSetSize of job (KB)
...
006 (6704869.000.000) 06/02 23:12:17 Image size of job updated: 1142920
	393  -  MemoryUsage of job (MB)
	402116  -  ResidentSetSize of job (KB)
...
006 (6704869.000.000) 06/02 23:17:17 Image size of job updated: 1148348
	401  -  MemoryUsage of job (MB)
	410588  -  ResidentSetSize of job (KB)
...
006 (6704869.000.000) 06/02 23:22:18 Image size of job updated: 1153636
	401  -  MemoryUsage of job (MB)
	410588  -  ResidentSetSize of job (KB)
...
006 (6704869.000.000) 06/02 23:27:19 Image size of job updated: 1159260
	430  -  MemoryUsage of job (MB)
	439440  -  ResidentSetSize of job (KB)
...
006 (6704869.000.000) 06/02 23:32:19 Image size of job updated: 1164484
	430  -  MemoryUsage of job (MB)
	439440  -  ResidentSetSize of job (KB)
...
006 (6704869.000.000) 06/02 23:37:19 Image size of job updated: 1170180
	430  -  MemoryUsage of job (MB)
	439440  -  ResidentSetSize of job (KB)
...
006 (6704869.000.000) 06/02 23:42:20 Image size of job updated: 1175088
	447  -  MemoryUsage of job (MB)
	456900  -  ResidentSetSize of job (KB)
...
006 (6704869.000.000) 06/02 23:47:20 Image size of job updated: 1179916
	447  -  MemoryUsage of job (MB)
	456900  -  ResidentSetSize of job (KB)
...
006 (6704869.000.000) 06/02 23:52:21 Image size of job updated: 1184728
	447  -  MemoryUsage of job (MB)
	456900  -  ResidentSetSize of job (KB)
...
006 (6704869.000.000) 06/02 23:57:21 Image size of job updated: 1189856
	447  -  MemoryUsage of job (MB)
	456900  -  ResidentSetSize of job (KB)
...
006 (6704869.000.000) 06/03 00:02:22 Image size of job updated: 1194524
	447  -  MemoryUsage of job (MB)
	456900  -  ResidentSetSize of job (KB)
...
006 (6704869.000.000) 06/03 00:07:23 Image size of job updated: 1199100
	447  -  MemoryUsage of job (MB)
	456900  -  ResidentSetSize of job (KB)
...
006 (6704869.000.000) 06/03 00:12:23 Image size of job updated: 1203832
	447  -  MemoryUsage of job (MB)
	456900  -  ResidentSetSize of job (KB)
...
006 (6704869.000.000) 06/03 00:17:23 Image size of job updated: 1208368
	447  -  MemoryUsage of job (MB)
	456900  -  ResidentSetSize of job (KB)
...
006 (6704869.000.000) 06/03 00:22:24 Image size of job updated: 1213156
	464  -  MemoryUsage of job (MB)
	474256  -  ResidentSetSize of job (KB)
...
006 (6704869.000.000) 06/03 00:27:24 Image size of job updated: 1217624
	493  -  MemoryUsage of job (MB)
	503812  -  ResidentSetSize of job (KB)
...
006 (6704869.000.000) 06/03 00:32:24 Image size of job updated: 1221808
	493  -  MemoryUsage of job (MB)
	503812  -  ResidentSetSize of job (KB)
...
006 (6704869.000.000) 06/03 00:37:25 Image size of job updated: 1226400
	493  -  MemoryUsage of job (MB)
	503812  -  ResidentSetSize of job (KB)
...
006 (6704869.000.000) 06/03 00:42:25 Image size of job updated: 1230548
	493  -  MemoryUsage of job (MB)
	503812  -  ResidentSetSize of job (KB)
...
006 (6704869.000.000) 06/03 00:47:25 Image size of job updated: 1234900
	495  -  MemoryUsage of job (MB)
	505864  -  ResidentSetSize of job (KB)
...
006 (6704869.000.000) 06/03 00:52:26 Image size of job updated: 1239112
	495  -  MemoryUsage of job (MB)
	505864  -  ResidentSetSize of job (KB)
...
006 (6704869.000.000) 06/03 00:57:26 Image size of job updated: 1242764
	495  -  MemoryUsage of job (MB)
	505864  -  ResidentSetSize of job (KB)
...
006 (6704869.000.000) 06/03 01:02:26 Image size of job updated: 1246808
	495  -  MemoryUsage of job (MB)
	505864  -  ResidentSetSize of job (KB)
...
006 (6704869.000.000) 06/03 01:07:27 Image size of job updated: 1250680
	495  -  MemoryUsage of job (MB)
	505864  -  ResidentSetSize of job (KB)
...
006 (6704869.000.000) 06/03 01:12:28 Image size of job updated: 1254224
	503  -  MemoryUsage of job (MB)
	514064  -  ResidentSetSize of job (KB)
...
006 (6704869.000.000) 06/03 01:17:28 Image size of job updated: 1258116
	503  -  MemoryUsage of job (MB)
	514064  -  ResidentSetSize of job (KB)
...
006 (6704869.000.000) 06/03 01:22:29 Image size of job updated: 1261648
	503  -  MemoryUsage of job (MB)
	514064  -  ResidentSetSize of job (KB)
...
006 (6704869.000.000) 06/03 01:27:30 Image size of job updated: 1264808
	519  -  MemoryUsage of job (MB)
	531184  -  ResidentSetSize of job (KB)
...
006 (6704869.000.000) 06/03 01:32:30 Image size of job updated: 1268332
	539  -  MemoryUsage of job (MB)
	551720  -  ResidentSetSize of job (KB)
...
006 (6704869.000.000) 06/03 01:37:31 Image size of job updated: 1271936
	539  -  MemoryUsage of job (MB)
	551720  -  ResidentSetSize of job (KB)
...
006 (6704869.000.000) 06/03 01:42:32 Image size of job updated: 1275692
	541  -  MemoryUsage of job (MB)
	553048  -  ResidentSetSize of job (KB)
...
006 (6704869.000.000) 06/03 01:47:32 Image size of job updated: 1279012
	547  -  MemoryUsage of job (MB)
	559396  -  ResidentSetSize of job (KB)
...
006 (6704869.000.000) 06/03 01:52:32 Image size of job updated: 1282344
	547  -  MemoryUsage of job (MB)
	559396  -  ResidentSetSize of job (KB)
...
006 (6704869.000.000) 06/03 01:57:33 Image size of job updated: 1285864
	547  -  MemoryUsage of job (MB)
	559396  -  ResidentSetSize of job (KB)
...
006 (6704869.000.000) 06/03 02:02:33 Image size of job updated: 1288928
	556  -  MemoryUsage of job (MB)
	568832  -  ResidentSetSize of job (KB)
...
006 (6704869.000.000) 06/03 02:07:33 Image size of job updated: 1292556
	556  -  MemoryUsage of job (MB)
	568832  -  ResidentSetSize of job (KB)
...
006 (6704869.000.000) 06/03 02:12:34 Image size of job updated: 1295956
	556  -  MemoryUsage of job (MB)
	568832  -  ResidentSetSize of job (KB)
...
006 (6704869.000.000) 06/03 02:17:35 Image size of job updated: 1297432
	556  -  MemoryUsage of job (MB)
	568832  -  ResidentSetSize of job (KB)
...
006 (6704869.000.000) 06/03 04:07:46 Image size of job updated: 1297432
	559  -  MemoryUsage of job (MB)
	572032  -  ResidentSetSize of job (KB)
...
006 (6704869.000.000) 06/03 04:22:47 Image size of job updated: 1297776
	559  -  MemoryUsage of job (MB)
	572032  -  ResidentSetSize of job (KB)
...
006 (6704869.000.000) 06/03 04:27:48 Image size of job updated: 1299500
	559  -  MemoryUsage of job (MB)
	572032  -  ResidentSetSize of job (KB)
...
006 (6704869.000.000) 06/03 04:32:49 Image size of job updated: 1301372
	559  -  MemoryUsage of job (MB)
	572032  -  ResidentSetSize of job (KB)
...
006 (6704869.000.000) 06/03 04:37:49 Image size of job updated: 1303476
	566  -  MemoryUsage of job (MB)
	578864  -  ResidentSetSize of job (KB)
...
006 (6704869.000.000) 06/03 04:42:50 Image size of job updated: 1305208
	566  -  MemoryUsage of job (MB)
	578864  -  ResidentSetSize of job (KB)
...
006 (6704869.000.000) 06/03 04:47:51 Image size of job updated: 1307024
	569  -  MemoryUsage of job (MB)
	581920  -  ResidentSetSize of job (KB)
...
006 (6704869.000.000) 06/03 04:52:51 Image size of job updated: 1308844
	569  -  MemoryUsage of job (MB)
	581920  -  ResidentSetSize of job (KB)
...
006 (6704869.000.000) 06/03 04:57:51 Image size of job updated: 1310644
	569  -  MemoryUsage of job (MB)
	581920  -  ResidentSetSize of job (KB)
...
006 (6704869.000.000) 06/03 05:02:52 Image size of job updated: 1312440
	569  -  MemoryUsage of job (MB)
	581920  -  ResidentSetSize of job (KB)
...
006 (6704869.000.000) 06/03 05:07:52 Image size of job updated: 1314224
	569  -  MemoryUsage of job (MB)
	581920  -  ResidentSetSize of job (KB)
...
006 (6704869.000.000) 06/03 05:12:52 Image size of job updated: 1315924
	577  -  MemoryUsage of job (MB)
	590744  -  ResidentSetSize of job (KB)
...
006 (6704869.000.000) 06/03 05:17:53 Image size of job updated: 1317604
	577  -  MemoryUsage of job (MB)
	590744  -  ResidentSetSize of job (KB)
...
006 (6704869.000.000) 06/03 05:22:54 Image size of job updated: 1319412
	577  -  MemoryUsage of job (MB)
	590744  -  ResidentSetSize of job (KB)
...
006 (6704869.000.000) 06/03 05:27:54 Image size of job updated: 1321184
	577  -  MemoryUsage of job (MB)
	590744  -  ResidentSetSize of job (KB)
...
006 (6704869.000.000) 06/03 05:32:55 Image size of job updated: 1322780
	586  -  MemoryUsage of job (MB)
	599928  -  ResidentSetSize of job (KB)
...
006 (6704869.000.000) 06/03 05:37:56 Image size of job updated: 1324524
	586  -  MemoryUsage of job (MB)
	599928  -  ResidentSetSize of job (KB)
...
006 (6704869.000.000) 06/03 05:42:56 Image size of job updated: 1326288
	586  -  MemoryUsage of job (MB)
	599928  -  ResidentSetSize of job (KB)
...
006 (6704869.000.000) 06/03 05:47:56 Image size of job updated: 1328128
	586  -  MemoryUsage of job (MB)
	599928  -  ResidentSetSize of job (KB)
...
006 (6704869.000.000) 06/03 05:52:57 Image size of job updated: 1329748
	586  -  MemoryUsage of job (MB)
	599928  -  ResidentSetSize of job (KB)
...
006 (6704869.000.000) 06/03 05:57:58 Image size of job updated: 1331468
	586  -  MemoryUsage of job (MB)
	599928  -  ResidentSetSize of job (KB)
...
006 (6704869.000.000) 06/03 06:02:58 Image size of job updated: 1333016
	586  -  MemoryUsage of job (MB)
	599928  -  ResidentSetSize of job (KB)
...
006 (6704869.000.000) 06/03 06:07:59 Image size of job updated: 1334540
	586  -  MemoryUsage of job (MB)
	599928  -  ResidentSetSize of job (KB)
...
006 (6704869.000.000) 06/03 06:13:00 Image size of job updated: 1336324
	586  -  MemoryUsage of job (MB)
	599928  -  ResidentSetSize of job (KB)
...
006 (6704869.000.000) 06/03 06:18:00 Image size of job updated: 1337832
	586  -  MemoryUsage of job (MB)
	599928  -  ResidentSetSize of job (KB)
...
006 (6704869.000.000) 06/03 06:23:01 Image size of job updated: 1339536
	586  -  MemoryUsage of job (MB)
	599928  -  ResidentSetSize of job (KB)
...
006 (6704869.000.000) 06/03 06:28:02 Image size of job updated: 1340948
	586  -  MemoryUsage of job (MB)
	599928  -  ResidentSetSize of job (KB)
...
006 (6704869.000.000) 06/03 06:33:02 Image size of job updated: 1342512
	586  -  MemoryUsage of job (MB)
	599928  -  ResidentSetSize of job (KB)
...
006 (6704869.000.000) 06/03 06:38:02 Image size of job updated: 1343892
	586  -  MemoryUsage of job (MB)
	599928  -  ResidentSetSize of job (KB)
...
006 (6704869.000.000) 06/03 06:43:03 Image size of job updated: 1345596
	586  -  MemoryUsage of job (MB)
	599928  -  ResidentSetSize of job (KB)
...
006 (6704869.000.000) 06/03 06:48:04 Image size of job updated: 1347104
	592  -  MemoryUsage of job (MB)
	605276  -  ResidentSetSize of job (KB)
...
006 (6704869.000.000) 06/03 06:53:04 Image size of job updated: 1348792
	601  -  MemoryUsage of job (MB)
	614692  -  ResidentSetSize of job (KB)
...
006 (6704869.000.000) 06/03 06:58:05 Image size of job updated: 1350292
	601  -  MemoryUsage of job (MB)
	614692  -  ResidentSetSize of job (KB)
...
006 (6704869.000.000) 06/03 07:03:06 Image size of job updated: 1351800
	601  -  MemoryUsage of job (MB)
	614692  -  ResidentSetSize of job (KB)
...
006 (6704869.000.000) 06/03 07:08:06 Image size of job updated: 1353424
	601  -  MemoryUsage of job (MB)
	614692  -  ResidentSetSize of job (KB)
...
006 (6704869.000.000) 06/03 07:13:07 Image size of job updated: 1354836
	601  -  MemoryUsage of job (MB)
	614692  -  ResidentSetSize of job (KB)
...
006 (6704869.000.000) 06/03 07:18:08 Image size of job updated: 1356248
	628  -  MemoryUsage of job (MB)
	642148  -  ResidentSetSize of job (KB)
...
006 (6704869.000.000) 06/03 07:23:08 Image size of job updated: 1358032
	628  -  MemoryUsage of job (MB)
	642148  -  ResidentSetSize of job (KB)
...
006 (6704869.000.000) 06/03 07:28:08 Image size of job updated: 1359244
	628  -  MemoryUsage of job (MB)
	642148  -  ResidentSetSize of job (KB)
...
006 (6704869.000.000) 06/03 07:33:09 Image size of job updated: 1360928
	628  -  MemoryUsage of job (MB)
	642148  -  ResidentSetSize of job (KB)
...
006 (6704869.000.000) 06/03 07:38:10 Image size of job updated: 1362408
	628  -  MemoryUsage of job (MB)
	642148  -  ResidentSetSize of job (KB)
...
006 (6704869.000.000) 06/03 07:43:10 Image size of job updated: 1364028
	628  -  MemoryUsage of job (MB)
	642148  -  ResidentSetSize of job (KB)
...
006 (6704869.000.000) 06/03 07:48:10 Image size of job updated: 1365480
	628  -  MemoryUsage of job (MB)
	642148  -  ResidentSetSize of job (KB)
...
006 (6704869.000.000) 06/03 07:53:11 Image size of job updated: 1366980
	628  -  MemoryUsage of job (MB)
	642148  -  ResidentSetSize of job (KB)
...
006 (6704869.000.000) 06/03 07:58:11 Image size of job updated: 1368428
	628  -  MemoryUsage of job (MB)
	642148  -  ResidentSetSize of job (KB)
...
006 (6704869.000.000) 06/03 08:03:11 Image size of job updated: 1369792
	628  -  MemoryUsage of job (MB)
	642148  -  ResidentSetSize of job (KB)
...
006 (6704869.000.000) 06/03 08:08:12 Image size of job updated: 1371232
	628  -  MemoryUsage of job (MB)
	642148  -  ResidentSetSize of job (KB)
...
006 (6704869.000.000) 06/03 08:13:13 Image size of job updated: 1372640
	628  -  MemoryUsage of job (MB)
	642148  -  ResidentSetSize of job (KB)
...
006 (6704869.000.000) 06/03 08:18:13 Image size of job updated: 1374100
	644  -  MemoryUsage of job (MB)
	658764  -  ResidentSetSize of job (KB)
...
006 (6704869.000.000) 06/03 08:23:14 Image size of job updated: 1375692
	644  -  MemoryUsage of job (MB)
	658764  -  ResidentSetSize of job (KB)
...
006 (6704869.000.000) 06/03 08:28:15 Image size of job updated: 1377224
	644  -  MemoryUsage of job (MB)
	658764  -  ResidentSetSize of job (KB)
...
006 (6704869.000.000) 06/03 08:33:15 Image size of job updated: 1378652
	644  -  MemoryUsage of job (MB)
	658764  -  ResidentSetSize of job (KB)
...
006 (6704869.000.000) 06/03 08:38:15 Image size of job updated: 1380092
	644  -  MemoryUsage of job (MB)
	658764  -  ResidentSetSize of job (KB)
...
006 (6704869.000.000) 06/03 08:43:16 Image size of job updated: 1381656
	644  -  MemoryUsage of job (MB)
	658764  -  ResidentSetSize of job (KB)
...
006 (6704869.000.000) 06/03 08:48:16 Image size of job updated: 1383068
	644  -  MemoryUsage of job (MB)
	658764  -  ResidentSetSize of job (KB)
...
006 (6704869.000.000) 06/03 08:53:16 Image size of job updated: 1384708
	644  -  MemoryUsage of job (MB)
	658764  -  ResidentSetSize of job (KB)
...
006 (6704869.000.000) 06/03 08:58:17 Image size of job updated: 1386184
	644  -  MemoryUsage of job (MB)
	658764  -  ResidentSetSize of job (KB)
...
006 (6704869.000.000) 06/03 09:03:17 Image size of job updated: 1387680
	644  -  MemoryUsage of job (MB)
	658764  -  ResidentSetSize of job (KB)
...
006 (6704869.000.000) 06/03 09:08:17 Image size of job updated: 1389136
	644  -  MemoryUsage of job (MB)
	658764  -  ResidentSetSize of job (KB)
...
006 (6704869.000.000) 06/03 09:13:18 Image size of job updated: 1390848
	644  -  MemoryUsage of job (MB)
	658764  -  ResidentSetSize of job (KB)
...
006 (6704869.000.000) 06/03 09:18:18 Image size of job updated: 1392196
	644  -  MemoryUsage of job (MB)
	658764  -  ResidentSetSize of job (KB)
...
006 (6704869.000.000) 06/03 09:23:18 Image size of job updated: 1393632
	644  -  MemoryUsage of job (MB)
	658764  -  ResidentSetSize of job (KB)
...
006 (6704869.000.000) 06/03 09:28:19 Image size of job updated: 1395280
	644  -  MemoryUsage of job (MB)
	658764  -  ResidentSetSize of job (KB)
...
006 (6704869.000.000) 06/03 09:33:20 Image size of job updated: 1396700
	644  -  MemoryUsage of job (MB)
	658764  -  ResidentSetSize of job (KB)
...
006 (6704869.000.000) 06/03 09:38:20 Image size of job updated: 1398104
	644  -  MemoryUsage of job (MB)
	658764  -  ResidentSetSize of job (KB)
...
006 (6704869.000.000) 06/03 09:43:21 Image size of job updated: 1399444
	644  -  MemoryUsage of job (MB)
	658764  -  ResidentSetSize of job (KB)
...
006 (6704869.000.000) 06/03 09:48:22 Image size of job updated: 1401044
	644  -  MemoryUsage of job (MB)
	658764  -  ResidentSetSize of job (KB)
...
006 (6704869.000.000) 06/03 09:53:22 Image size of job updated: 1402424
	644  -  MemoryUsage of job (MB)
	658764  -  ResidentSetSize of job (KB)
...
006 (6704869.000.000) 06/03 09:58:23 Image size of job updated: 1403740
	644  -  MemoryUsage of job (MB)
	658764  -  ResidentSetSize of job (KB)
...
006 (6704869.000.000) 06/03 10:03:24 Image size of job updated: 1405080
	644  -  MemoryUsage of job (MB)
	658764  -  ResidentSetSize of job (KB)
...
006 (6704869.000.000) 06/03 10:08:24 Image size of job updated: 1406436
	644  -  MemoryUsage of job (MB)
	658764  -  ResidentSetSize of job (KB)
...
006 (6704869.000.000) 06/03 10:13:24 Image size of job updated: 1407956
	644  -  MemoryUsage of job (MB)
	658764  -  ResidentSetSize of job (KB)
...
006 (6704869.000.000) 06/03 10:18:25 Image size of job updated: 1409400
	644  -  MemoryUsage of job (MB)
	658764  -  ResidentSetSize of job (KB)
...
006 (6704869.000.000) 06/03 10:23:26 Image size of job updated: 1410844
	671  -  MemoryUsage of job (MB)
	686432  -  ResidentSetSize of job (KB)
...
006 (6704869.000.000) 06/03 10:28:26 Image size of job updated: 1412288
	676  -  MemoryUsage of job (MB)
	691676  -  ResidentSetSize of job (KB)
...
006 (6704869.000.000) 06/03 10:33:27 Image size of job updated: 1413848
	676  -  MemoryUsage of job (MB)
	691676  -  ResidentSetSize of job (KB)
...
006 (6704869.000.000) 06/03 10:38:28 Image size of job updated: 1415292
	676  -  MemoryUsage of job (MB)
	691676  -  ResidentSetSize of job (KB)
...
006 (6704869.000.000) 06/03 10:43:28 Image size of job updated: 1416680
	676  -  MemoryUsage of job (MB)
	691676  -  ResidentSetSize of job (KB)
...
006 (6704869.000.000) 06/03 10:48:28 Image size of job updated: 1418052
	676  -  MemoryUsage of job (MB)
	691676  -  ResidentSetSize of job (KB)
...
006 (6704869.000.000) 06/03 10:53:30 Image size of job updated: 1419772
	676  -  MemoryUsage of job (MB)
	691676  -  ResidentSetSize of job (KB)
...
006 (6704869.000.000) 06/03 10:58:30 Image size of job updated: 1421264
	676  -  MemoryUsage of job (MB)
	691676  -  ResidentSetSize of job (KB)
...
006 (6704869.000.000) 06/03 11:03:30 Image size of job updated: 1422716
	676  -  MemoryUsage of job (MB)
	691676  -  ResidentSetSize of job (KB)
...
006 (6704869.000.000) 06/03 11:08:31 Image size of job updated: 1424188
	676  -  MemoryUsage of job (MB)
	691676  -  ResidentSetSize of job (KB)
...
006 (6704869.000.000) 06/03 11:13:32 Image size of job updated: 1425624
	676  -  MemoryUsage of job (MB)
	691676  -  ResidentSetSize of job (KB)
...
006 (6704869.000.000) 06/03 11:18:32 Image size of job updated: 1427012
	676  -  MemoryUsage of job (MB)
	691676  -  ResidentSetSize of job (KB)
...
006 (6704869.000.000) 06/03 11:23:32 Image size of job updated: 1428328
	676  -  MemoryUsage of job (MB)
	691676  -  ResidentSetSize of job (KB)
...
006 (6704869.000.000) 06/03 11:28:34 Image size of job updated: 1430032
	676  -  MemoryUsage of job (MB)
	691676  -  ResidentSetSize of job (KB)
...
006 (6704869.000.000) 06/03 11:33:34 Image size of job updated: 1431452
	676  -  MemoryUsage of job (MB)
	691676  -  ResidentSetSize of job (KB)
...
006 (6704869.000.000) 06/03 11:38:34 Image size of job updated: 1432824
	685  -  MemoryUsage of job (MB)
	701288  -  ResidentSetSize of job (KB)
...
006 (6704869.000.000) 06/03 11:43:35 Image size of job updated: 1434204
	691  -  MemoryUsage of job (MB)
	706924  -  ResidentSetSize of job (KB)
...
006 (6704869.000.000) 06/03 11:48:36 Image size of job updated: 1435568
	691  -  MemoryUsage of job (MB)
	706924  -  ResidentSetSize of job (KB)
...
006 (6704869.000.000) 06/03 11:53:36 Image size of job updated: 1437080
	698  -  MemoryUsage of job (MB)
	714328  -  ResidentSetSize of job (KB)
...
006 (6704869.000.000) 06/03 11:58:36 Image size of job updated: 1438552
	707  -  MemoryUsage of job (MB)
	723328  -  ResidentSetSize of job (KB)
...
006 (6704869.000.000) 06/03 12:03:38 Image size of job updated: 1439856
	707  -  MemoryUsage of job (MB)
	723328  -  ResidentSetSize of job (KB)
...
006 (6704869.000.000) 06/03 12:08:38 Image size of job updated: 1441268
	707  -  MemoryUsage of job (MB)
	723644  -  ResidentSetSize of job (KB)
...
006 (6704869.000.000) 06/03 12:13:38 Image size of job updated: 1442552
	707  -  MemoryUsage of job (MB)
	723644  -  ResidentSetSize of job (KB)
...
006 (6704869.000.000) 06/03 12:18:39 Image size of job updated: 1444032
	707  -  MemoryUsage of job (MB)
	723644  -  ResidentSetSize of job (KB)
...
006 (6704869.000.000) 06/03 12:23:40 Image size of job updated: 1445444
	707  -  MemoryUsage of job (MB)
	723644  -  ResidentSetSize of job (KB)
...
006 (6704869.000.000) 06/03 12:28:40 Image size of job updated: 1446824
	707  -  MemoryUsage of job (MB)
	723644  -  ResidentSetSize of job (KB)
...
006 (6704869.000.000) 06/03 12:33:41 Image size of job updated: 1448228
	715  -  MemoryUsage of job (MB)
	731672  -  ResidentSetSize of job (KB)
...
006 (6704869.000.000) 06/03 12:38:41 Image size of job updated: 1449568
	715  -  MemoryUsage of job (MB)
	731672  -  ResidentSetSize of job (KB)
...
006 (6704869.000.000) 06/03 12:43:41 Image size of job updated: 1451192
	715  -  MemoryUsage of job (MB)
	731672  -  ResidentSetSize of job (KB)
...
006 (6704869.000.000) 06/03 12:48:42 Image size of job updated: 1452556
	715  -  MemoryUsage of job (MB)
	731672  -  ResidentSetSize of job (KB)
...
006 (6704869.000.000) 06/03 12:53:43 Image size of job updated: 1453952
	715  -  MemoryUsage of job (MB)
	731672  -  ResidentSetSize of job (KB)
...
006 (6704869.000.000) 06/03 12:58:43 Image size of job updated: 1455380
	715  -  MemoryUsage of job (MB)
	731672  -  ResidentSetSize of job (KB)
...
006 (6704869.000.000) 06/03 13:03:43 Image size of job updated: 1456876
	715  -  MemoryUsage of job (MB)
	731672  -  ResidentSetSize of job (KB)
...
006 (6704869.000.000) 06/03 13:08:44 Image size of job updated: 1458172
	715  -  MemoryUsage of job (MB)
	731672  -  ResidentSetSize of job (KB)
...
006 (6704869.000.000) 06/03 13:13:44 Image size of job updated: 1459620
	715  -  MemoryUsage of job (MB)
	731672  -  ResidentSetSize of job (KB)
...
006 (6704869.000.000) 06/03 13:18:44 Image size of job updated: 1460984
	715  -  MemoryUsage of job (MB)
	731672  -  ResidentSetSize of job (KB)
...
006 (6704869.000.000) 06/03 13:23:46 Image size of job updated: 1462196
	715  -  MemoryUsage of job (MB)
	731672  -  ResidentSetSize of job (KB)
...
006 (6704869.000.000) 06/03 13:28:46 Image size of job updated: 1463456
	715  -  MemoryUsage of job (MB)
	731672  -  ResidentSetSize of job (KB)
...
006 (6704869.000.000) 06/03 13:33:46 Image size of job updated: 1464968
	715  -  MemoryUsage of job (MB)
	731672  -  ResidentSetSize of job (KB)
...
006 (6704869.000.000) 06/03 13:38:47 Image size of job updated: 1466468
	715  -  MemoryUsage of job (MB)
	731672  -  ResidentSetSize of job (KB)
...
006 (6704869.000.000) 06/03 13:43:47 Image size of job updated: 1467752
	715  -  MemoryUsage of job (MB)
	731672  -  ResidentSetSize of job (KB)
...
006 (6704869.000.000) 06/03 13:48:48 Image size of job updated: 1469188
	715  -  MemoryUsage of job (MB)
	731672  -  ResidentSetSize of job (KB)
...
006 (6704869.000.000) 06/03 13:53:49 Image size of job updated: 1470756
	716  -  MemoryUsage of job (MB)
	732544  -  ResidentSetSize of job (KB)
...
006 (6704869.000.000) 06/03 13:58:49 Image size of job updated: 1472056
	716  -  MemoryUsage of job (MB)
	732544  -  ResidentSetSize of job (KB)
...
006 (6704869.000.000) 06/03 14:03:49 Image size of job updated: 1473476
	716  -  MemoryUsage of job (MB)
	732544  -  ResidentSetSize of job (KB)
...
006 (6704869.000.000) 06/03 14:08:50 Image size of job updated: 1474776
	716  -  MemoryUsage of job (MB)
	732544  -  ResidentSetSize of job (KB)
...
006 (6704869.000.000) 06/03 14:13:51 Image size of job updated: 1476188
	732  -  MemoryUsage of job (MB)
	748984  -  ResidentSetSize of job (KB)
...
006 (6704869.000.000) 06/03 14:18:51 Image size of job updated: 1477688
	739  -  MemoryUsage of job (MB)
	756720  -  ResidentSetSize of job (KB)
...
006 (6704869.000.000) 06/03 14:23:51 Image size of job updated: 1479016
	739  -  MemoryUsage of job (MB)
	756720  -  ResidentSetSize of job (KB)
...
006 (6704869.000.000) 06/03 14:28:52 Image size of job updated: 1480240
	739  -  MemoryUsage of job (MB)
	756720  -  ResidentSetSize of job (KB)
...
006 (6704869.000.000) 06/03 14:33:53 Image size of job updated: 1481580
	739  -  MemoryUsage of job (MB)
	756720  -  ResidentSetSize of job (KB)
...
006 (6704869.000.000) 06/03 14:38:53 Image size of job updated: 1483020
	739  -  MemoryUsage of job (MB)
	756720  -  ResidentSetSize of job (KB)
...
006 (6704869.000.000) 06/03 14:43:53 Image size of job updated: 1484328
	739  -  MemoryUsage of job (MB)
	756720  -  ResidentSetSize of job (KB)
...
006 (6704869.000.000) 06/03 14:48:54 Image size of job updated: 1485888
	739  -  MemoryUsage of job (MB)
	756720  -  ResidentSetSize of job (KB)
...
006 (6704869.000.000) 06/03 14:53:54 Image size of job updated: 1487148
	739  -  MemoryUsage of job (MB)
	756720  -  ResidentSetSize of job (KB)
...
006 (6704869.000.000) 06/03 14:58:55 Image size of job updated: 1488408
	739  -  MemoryUsage of job (MB)
	756720  -  ResidentSetSize of job (KB)
...
006 (6704869.000.000) 06/03 15:03:56 Image size of job updated: 1489644
	739  -  MemoryUsage of job (MB)
	756720  -  ResidentSetSize of job (KB)
...
006 (6704869.000.000) 06/03 15:08:56 Image size of job updated: 1490952
	739  -  MemoryUsage of job (MB)
	756720  -  ResidentSetSize of job (KB)
...
006 (6704869.000.000) 06/03 15:13:56 Image size of job updated: 1492060
	739  -  MemoryUsage of job (MB)
	756720  -  ResidentSetSize of job (KB)
...
006 (6704869.000.000) 06/03 15:18:58 Image size of job updated: 1493356
	742  -  MemoryUsage of job (MB)
	759596  -  ResidentSetSize of job (KB)
...
006 (6704869.000.000) 06/03 15:23:58 Image size of job updated: 1494492
	742  -  MemoryUsage of job (MB)
	759596  -  ResidentSetSize of job (KB)
...
006 (6704869.000.000) 06/03 15:28:58 Image size of job updated: 1495720
	742  -  MemoryUsage of job (MB)
	759596  -  ResidentSetSize of job (KB)
...
006 (6704869.000.000) 06/03 15:33:59 Image size of job updated: 1496900
	747  -  MemoryUsage of job (MB)
	764380  -  ResidentSetSize of job (KB)
...
006 (6704869.000.000) 06/03 15:39:00 Image size of job updated: 1498072
	747  -  MemoryUsage of job (MB)
	764380  -  ResidentSetSize of job (KB)
...
006 (6704869.000.000) 06/03 15:44:00 Image size of job updated: 1499340
	747  -  MemoryUsage of job (MB)
	764380  -  ResidentSetSize of job (KB)
...
006 (6704869.000.000) 06/03 15:49:00 Image size of job updated: 1500520
	747  -  MemoryUsage of job (MB)
	764380  -  ResidentSetSize of job (KB)
...
006 (6704869.000.000) 06/03 15:54:01 Image size of job updated: 1501732
	747  -  MemoryUsage of job (MB)
	764380  -  ResidentSetSize of job (KB)
...
006 (6704869.000.000) 06/03 15:59:01 Image size of job updated: 1503260
	747  -  MemoryUsage of job (MB)
	764380  -  ResidentSetSize of job (KB)
...
006 (6704869.000.000) 06/03 16:04:01 Image size of job updated: 1504448
	747  -  MemoryUsage of job (MB)
	764380  -  ResidentSetSize of job (KB)
...
006 (6704869.000.000) 06/03 16:09:02 Image size of job updated: 1505772
	747  -  MemoryUsage of job (MB)
	764380  -  ResidentSetSize of job (KB)
...
006 (6704869.000.000) 06/03 16:14:03 Image size of job updated: 1507080
	747  -  MemoryUsage of job (MB)
	764380  -  ResidentSetSize of job (KB)
...
006 (6704869.000.000) 06/03 16:19:03 Image size of job updated: 1508316
	747  -  MemoryUsage of job (MB)
	764380  -  ResidentSetSize of job (KB)
...
006 (6704869.000.000) 06/03 16:24:04 Image size of job updated: 1509592
	747  -  MemoryUsage of job (MB)
	764380  -  ResidentSetSize of job (KB)
...
006 (6704869.000.000) 06/03 16:29:05 Image size of job updated: 1510860
	747  -  MemoryUsage of job (MB)
	764380  -  ResidentSetSize of job (KB)
...
006 (6704869.000.000) 06/03 16:34:05 Image size of job updated: 1512112
	747  -  MemoryUsage of job (MB)
	764380  -  ResidentSetSize of job (KB)
...
006 (6704869.000.000) 06/03 16:39:05 Image size of job updated: 1513364
	747  -  MemoryUsage of job (MB)
	764380  -  ResidentSetSize of job (KB)
...
006 (6704869.000.000) 06/03 16:44:06 Image size of job updated: 1514496
	747  -  MemoryUsage of job (MB)
	764380  -  ResidentSetSize of job (KB)
...
006 (6704869.000.000) 06/03 16:49:06 Image size of job updated: 1515604
	772  -  MemoryUsage of job (MB)
	789696  -  ResidentSetSize of job (KB)
...
006 (6704869.000.000) 06/03 16:54:06 Image size of job updated: 1516780
	781  -  MemoryUsage of job (MB)
	798776  -  ResidentSetSize of job (KB)
...
006 (6704869.000.000) 06/03 16:59:07 Image size of job updated: 1517916
	781  -  MemoryUsage of job (MB)
	798776  -  ResidentSetSize of job (KB)
...
006 (6704869.000.000) 06/03 17:04:08 Image size of job updated: 1519208
	781  -  MemoryUsage of job (MB)
	798776  -  ResidentSetSize of job (KB)
...
006 (6704869.000.000) 06/03 17:09:08 Image size of job updated: 1520428
	781  -  MemoryUsage of job (MB)
	798776  -  ResidentSetSize of job (KB)
...
006 (6704869.000.000) 06/03 17:14:09 Image size of job updated: 1521764
	781  -  MemoryUsage of job (MB)
	798776  -  ResidentSetSize of job (KB)
...
006 (6704869.000.000) 06/03 17:19:10 Image size of job updated: 1523008
	781  -  MemoryUsage of job (MB)
	798776  -  ResidentSetSize of job (KB)
...
006 (6704869.000.000) 06/03 17:24:10 Image size of job updated: 1523808
	781  -  MemoryUsage of job (MB)
	798776  -  ResidentSetSize of job (KB)
...
006 (6704869.000.000) 06/03 17:29:10 Image size of job updated: 1524844
	781  -  MemoryUsage of job (MB)
	798776  -  ResidentSetSize of job (KB)
...
006 (6704869.000.000) 06/03 17:34:11 Image size of job updated: 1525864
	781  -  MemoryUsage of job (MB)
	798776  -  ResidentSetSize of job (KB)
...
006 (6704869.000.000) 06/03 17:39:11 Image size of job updated: 1526996
	781  -  MemoryUsage of job (MB)
	798776  -  ResidentSetSize of job (KB)
...
006 (6704869.000.000) 06/03 17:44:11 Image size of job updated: 1527928
	781  -  MemoryUsage of job (MB)
	798776  -  ResidentSetSize of job (KB)
...
006 (6704869.000.000) 06/03 17:49:13 Image size of job updated: 1528884
	781  -  MemoryUsage of job (MB)
	798776  -  ResidentSetSize of job (KB)
...
006 (6704869.000.000) 06/03 17:54:13 Image size of job updated: 1529564
	781  -  MemoryUsage of job (MB)
	798776  -  ResidentSetSize of job (KB)
...
006 (6704869.000.000) 06/03 17:59:13 Image size of job updated: 1530760
	781  -  MemoryUsage of job (MB)
	798776  -  ResidentSetSize of job (KB)
...
006 (6704869.000.000) 06/03 18:04:14 Image size of job updated: 1531684
	781  -  MemoryUsage of job (MB)
	798776  -  ResidentSetSize of job (KB)
...
006 (6704869.000.000) 06/03 18:09:15 Image size of job updated: 1532688
	781  -  MemoryUsage of job (MB)
	798776  -  ResidentSetSize of job (KB)
...
006 (6704869.000.000) 06/03 18:14:15 Image size of job updated: 1533540
	797  -  MemoryUsage of job (MB)
	815880  -  ResidentSetSize of job (KB)
...
006 (6704869.000.000) 06/03 18:19:16 Image size of job updated: 1534688
	797  -  MemoryUsage of job (MB)
	815880  -  ResidentSetSize of job (KB)
...
006 (6704869.000.000) 06/03 18:24:17 Image size of job updated: 1535756
	797  -  MemoryUsage of job (MB)
	815880  -  ResidentSetSize of job (KB)
...
006 (6704869.000.000) 06/03 18:29:17 Image size of job updated: 1536668
	797  -  MemoryUsage of job (MB)
	815880  -  ResidentSetSize of job (KB)
...
006 (6704869.000.000) 06/03 18:34:18 Image size of job updated: 1537592
	797  -  MemoryUsage of job (MB)
	815880  -  ResidentSetSize of job (KB)
...
006 (6704869.000.000) 06/03 18:39:19 Image size of job updated: 1538644
	797  -  MemoryUsage of job (MB)
	815880  -  ResidentSetSize of job (KB)
...
006 (6704869.000.000) 06/03 18:44:19 Image size of job updated: 1539660
	797  -  MemoryUsage of job (MB)
	815880  -  ResidentSetSize of job (KB)
...
006 (6704869.000.000) 06/03 18:49:19 Image size of job updated: 1540692
	797  -  MemoryUsage of job (MB)
	815880  -  ResidentSetSize of job (KB)
...
006 (6704869.000.000) 06/03 18:54:21 Image size of job updated: 1541720
	797  -  MemoryUsage of job (MB)
	815880  -  ResidentSetSize of job (KB)
...
006 (6704869.000.000) 06/03 18:59:21 Image size of job updated: 1542680
	797  -  MemoryUsage of job (MB)
	815880  -  ResidentSetSize of job (KB)
...
006 (6704869.000.000) 06/03 19:04:21 Image size of job updated: 1543620
	797  -  MemoryUsage of job (MB)
	815880  -  ResidentSetSize of job (KB)
...
006 (6704869.000.000) 06/03 19:09:22 Image size of job updated: 1544616
	797  -  MemoryUsage of job (MB)
	815880  -  ResidentSetSize of job (KB)
...
006 (6704869.000.000) 06/03 19:14:23 Image size of job updated: 1545644
	797  -  MemoryUsage of job (MB)
	815880  -  ResidentSetSize of job (KB)
...
006 (6704869.000.000) 06/03 19:19:23 Image size of job updated: 1546624
	797  -  MemoryUsage of job (MB)
	815880  -  ResidentSetSize of job (KB)
...
006 (6704869.000.000) 06/03 19:24:29 Image size of job updated: 1547756
	797  -  MemoryUsage of job (MB)
	815880  -  ResidentSetSize of job (KB)
...
006 (6704869.000.000) 06/03 19:29:25 Image size of job updated: 1548648
	797  -  MemoryUsage of job (MB)
	815880  -  ResidentSetSize of job (KB)
...
006 (6704869.000.000) 06/03 19:34:25 Image size of job updated: 1549476
	797  -  MemoryUsage of job (MB)
	815880  -  ResidentSetSize of job (KB)
...
006 (6704869.000.000) 06/03 19:39:26 Image size of job updated: 1550508
	797  -  MemoryUsage of job (MB)
	815880  -  ResidentSetSize of job (KB)
...
006 (6704869.000.000) 06/03 19:44:27 Image size of job updated: 1551480
	797  -  MemoryUsage of job (MB)
	815880  -  ResidentSetSize of job (KB)
...
006 (6704869.000.000) 06/03 19:49:27 Image size of job updated: 1552524
	797  -  MemoryUsage of job (MB)
	815880  -  ResidentSetSize of job (KB)
...
006 (6704869.000.000) 06/03 19:54:28 Image size of job updated: 1553512
	797  -  MemoryUsage of job (MB)
	815880  -  ResidentSetSize of job (KB)
...
006 (6704869.000.000) 06/03 19:59:29 Image size of job updated: 1554516
	797  -  MemoryUsage of job (MB)
	815880  -  ResidentSetSize of job (KB)
...
006 (6704869.000.000) 06/03 20:04:29 Image size of job updated: 1555504
	797  -  MemoryUsage of job (MB)
	815880  -  ResidentSetSize of job (KB)
...
006 (6704869.000.000) 06/03 20:09:29 Image size of job updated: 1556312
	797  -  MemoryUsage of job (MB)
	815880  -  ResidentSetSize of job (KB)
...
006 (6704869.000.000) 06/03 20:14:30 Image size of job updated: 1557212
	797  -  MemoryUsage of job (MB)
	815880  -  ResidentSetSize of job (KB)
...
006 (6704869.000.000) 06/03 20:19:30 Image size of job updated: 1558344
	797  -  MemoryUsage of job (MB)
	815880  -  ResidentSetSize of job (KB)
...
006 (6704869.000.000) 06/03 20:24:31 Image size of job updated: 1559396
	797  -  MemoryUsage of job (MB)
	815880  -  ResidentSetSize of job (KB)
...
006 (6704869.000.000) 06/03 20:29:31 Image size of job updated: 1560464
	797  -  MemoryUsage of job (MB)
	815880  -  ResidentSetSize of job (KB)
...
006 (6704869.000.000) 06/03 20:34:31 Image size of job updated: 1561460
	797  -  MemoryUsage of job (MB)
	815880  -  ResidentSetSize of job (KB)
...
006 (6704869.000.000) 06/03 20:39:32 Image size of job updated: 1562228
	797  -  MemoryUsage of job (MB)
	815880  -  ResidentSetSize of job (KB)
...
006 (6704869.000.000) 06/03 20:44:33 Image size of job updated: 1563296
	797  -  MemoryUsage of job (MB)
	815880  -  ResidentSetSize of job (KB)
...
006 (6704869.000.000) 06/03 20:49:33 Image size of job updated: 1564268
	816  -  MemoryUsage of job (MB)
	834928  -  ResidentSetSize of job (KB)
...
006 (6704869.000.000) 06/03 20:54:34 Image size of job updated: 1565216
	824  -  MemoryUsage of job (MB)
	843724  -  ResidentSetSize of job (KB)
...
006 (6704869.000.000) 06/03 20:59:35 Image size of job updated: 1566196
	824  -  MemoryUsage of job (MB)
	843724  -  ResidentSetSize of job (KB)
...
006 (6704869.000.000) 06/03 21:04:35 Image size of job updated: 1567112
	824  -  MemoryUsage of job (MB)
	843724  -  ResidentSetSize of job (KB)
...
006 (6704869.000.000) 06/03 21:09:36 Image size of job updated: 1568008
	824  -  MemoryUsage of job (MB)
	843724  -  ResidentSetSize of job (KB)
...
006 (6704869.000.000) 06/03 21:14:37 Image size of job updated: 1568980
	830  -  MemoryUsage of job (MB)
	849908  -  ResidentSetSize of job (KB)
...
006 (6704869.000.000) 06/03 21:19:37 Image size of job updated: 1569952
	835  -  MemoryUsage of job (MB)
	854924  -  ResidentSetSize of job (KB)
...
006 (6704869.000.000) 06/03 21:24:38 Image size of job updated: 1570876
	835  -  MemoryUsage of job (MB)
	854924  -  ResidentSetSize of job (KB)
...
006 (6704869.000.000) 06/03 21:29:39 Image size of job updated: 1571784
	835  -  MemoryUsage of job (MB)
	854924  -  ResidentSetSize of job (KB)
...
006 (6704869.000.000) 06/03 21:34:39 Image size of job updated: 1572600
	835  -  MemoryUsage of job (MB)
	854924  -  ResidentSetSize of job (KB)
...
006 (6704869.000.000) 06/03 21:39:39 Image size of job updated: 1573660
	835  -  MemoryUsage of job (MB)
	854924  -  ResidentSetSize of job (KB)
...
006 (6704869.000.000) 06/03 21:44:40 Image size of job updated: 1574576
	835  -  MemoryUsage of job (MB)
	854924  -  ResidentSetSize of job (KB)
...
006 (6704869.000.000) 06/03 21:49:40 Image size of job updated: 1575580
	835  -  MemoryUsage of job (MB)
	854924  -  ResidentSetSize of job (KB)
...
006 (6704869.000.000) 06/03 21:54:40 Image size of job updated: 1576544
	835  -  MemoryUsage of job (MB)
	854924  -  ResidentSetSize of job (KB)
...
006 (6704869.000.000) 06/03 21:59:41 Image size of job updated: 1577368
	835  -  MemoryUsage of job (MB)
	854924  -  ResidentSetSize of job (KB)
...
006 (6704869.000.000) 06/03 22:04:41 Image size of job updated: 1578340
	835  -  MemoryUsage of job (MB)
	854924  -  ResidentSetSize of job (KB)
...
006 (6704869.000.000) 06/03 22:09:41 Image size of job updated: 1579248
	835  -  MemoryUsage of job (MB)
	854924  -  ResidentSetSize of job (KB)
...
006 (6704869.000.000) 06/03 22:14:42 Image size of job updated: 1580212
	844  -  MemoryUsage of job (MB)
	863500  -  ResidentSetSize of job (KB)
...
006 (6704869.000.000) 06/03 22:19:43 Image size of job updated: 1581184
	844  -  MemoryUsage of job (MB)
	863500  -  ResidentSetSize of job (KB)
...
006 (6704869.000.000) 06/03 22:24:43 Image size of job updated: 1582008
	844  -  MemoryUsage of job (MB)
	863500  -  ResidentSetSize of job (KB)
...
006 (6704869.000.000) 06/03 22:29:44 Image size of job updated: 1582920
	844  -  MemoryUsage of job (MB)
	863500  -  ResidentSetSize of job (KB)
...
006 (6704869.000.000) 06/03 22:34:45 Image size of job updated: 1583880
	844  -  MemoryUsage of job (MB)
	863500  -  ResidentSetSize of job (KB)
...
000 (6714385.000.000) 06/03 22:38:49 Job submitted from host: <137.138.55.115:9618?addrs=137.138.55.115-9618+[2001-1458-d00-17--12a]-9618&alias=bigbird23.cern.ch&noUDP&sock=schedd_23881_f548>
...
006 (6704869.000.000) 06/03 22:39:45 Image size of job updated: 1584876
	844  -  MemoryUsage of job (MB)
	863500  -  ResidentSetSize of job (KB)
...
006 (6704869.000.000) 06/03 22:44:46 Image size of job updated: 1585800
	844  -  MemoryUsage of job (MB)
	863500  -  ResidentSetSize of job (KB)
...
006 (6704869.000.000) 06/03 22:49:47 Image size of job updated: 1586608
	844  -  MemoryUsage of job (MB)
	863500  -  ResidentSetSize of job (KB)
...
040 (6714385.000.000) 06/03 22:50:14 Started transferring input files
	Transferring to host: <128.142.59.109:9618?addrs=128.142.59.109-9618&alias=b7s04p7950.cern.ch&noUDP&sock=slot1_12_7015_73b6_156108>
...
040 (6714385.000.000) 06/03 22:50:14 Finished transferring input files
...
001 (6714385.000.000) 06/03 22:50:15 Job executing on host: <128.142.59.109:9618?addrs=128.142.59.109-9618&alias=b7s04p7950.cern.ch&noUDP&sock=startd_6950_b34d>
	SlotName: slot1_12@b7s04p7950.cern.ch
...
006 (6714385.000.000) 06/03 22:50:23 Image size of job updated: 102268
	62  -  MemoryUsage of job (MB)
	62484  -  ResidentSetSize of job (KB)
...
006 (6704869.000.000) 06/03 22:54:47 Image size of job updated: 1587564
	844  -  MemoryUsage of job (MB)
	863500  -  ResidentSetSize of job (KB)
...
006 (6714385.000.000) 06/03 22:55:23 Image size of job updated: 981268
	253  -  MemoryUsage of job (MB)
	258072  -  ResidentSetSize of job (KB)
...
006 (6704869.000.000) 06/03 22:59:48 Image size of job updated: 1588520
	849  -  MemoryUsage of job (MB)
	869196  -  ResidentSetSize of job (KB)
...
006 (6714385.000.000) 06/03 23:00:24 Image size of job updated: 1001832
	283  -  MemoryUsage of job (MB)
	288992  -  ResidentSetSize of job (KB)
...
006 (6704869.000.000) 06/03 23:04:48 Image size of job updated: 1589484
	849  -  MemoryUsage of job (MB)
	869196  -  ResidentSetSize of job (KB)
...
006 (6714385.000.000) 06/03 23:05:25 Image size of job updated: 1044044
	293  -  MemoryUsage of job (MB)
	299604  -  ResidentSetSize of job (KB)
...
006 (6704869.000.000) 06/03 23:09:48 Image size of job updated: 1590400
	849  -  MemoryUsage of job (MB)
	869196  -  ResidentSetSize of job (KB)
...
006 (6714385.000.000) 06/03 23:10:25 Image size of job updated: 1044044
	301  -  MemoryUsage of job (MB)
	308172  -  ResidentSetSize of job (KB)
...
006 (6704869.000.000) 06/03 23:14:49 Image size of job updated: 1591176
	849  -  MemoryUsage of job (MB)
	869196  -  ResidentSetSize of job (KB)
...
006 (6714385.000.000) 06/03 23:15:26 Image size of job updated: 1046036
	317  -  MemoryUsage of job (MB)
	324588  -  ResidentSetSize of job (KB)
...
006 (6704869.000.000) 06/03 23:19:50 Image size of job updated: 1592148
	849  -  MemoryUsage of job (MB)
	869196  -  ResidentSetSize of job (KB)
...
006 (6714385.000.000) 06/03 23:20:27 Image size of job updated: 1055224
	319  -  MemoryUsage of job (MB)
	326436  -  ResidentSetSize of job (KB)
...
006 (6704869.000.000) 06/03 23:24:50 Image size of job updated: 1593032
	849  -  MemoryUsage of job (MB)
	869196  -  ResidentSetSize of job (KB)
...
006 (6714385.000.000) 06/03 23:25:27 Image size of job updated: 1063976
	326  -  MemoryUsage of job (MB)
	333080  -  ResidentSetSize of job (KB)
...
006 (6704869.000.000) 06/03 23:29:52 Image size of job updated: 1594004
	849  -  MemoryUsage of job (MB)
	869196  -  ResidentSetSize of job (KB)
...
006 (6714385.000.000) 06/03 23:30:28 Image size of job updated: 1072484
	327  -  MemoryUsage of job (MB)
	334004  -  ResidentSetSize of job (KB)
...
006 (6704869.000.000) 06/03 23:34:52 Image size of job updated: 1594944
	849  -  MemoryUsage of job (MB)
	869196  -  ResidentSetSize of job (KB)
...
006 (6714385.000.000) 06/03 23:35:29 Image size of job updated: 1080164
	332  -  MemoryUsage of job (MB)
	339276  -  ResidentSetSize of job (KB)
...
006 (6704869.000.000) 06/03 23:39:52 Image size of job updated: 1595776
	849  -  MemoryUsage of job (MB)
	869196  -  ResidentSetSize of job (KB)
...
006 (6714385.000.000) 06/03 23:40:29 Image size of job updated: 1088000
	339  -  MemoryUsage of job (MB)
	346832  -  ResidentSetSize of job (KB)
...
006 (6704869.000.000) 06/03 23:44:53 Image size of job updated: 1596796
	849  -  MemoryUsage of job (MB)
	869196  -  ResidentSetSize of job (KB)
...
006 (6714385.000.000) 06/03 23:45:29 Image size of job updated: 1095348
	357  -  MemoryUsage of job (MB)
	365336  -  ResidentSetSize of job (KB)
...
006 (6704869.000.000) 06/03 23:49:54 Image size of job updated: 1597768
	849  -  MemoryUsage of job (MB)
	869196  -  ResidentSetSize of job (KB)
...
006 (6714385.000.000) 06/03 23:50:30 Image size of job updated: 1102500
	364  -  MemoryUsage of job (MB)
	372688  -  ResidentSetSize of job (KB)
...
006 (6704869.000.000) 06/03 23:54:54 Image size of job updated: 1598724
	849  -  MemoryUsage of job (MB)
	869196  -  ResidentSetSize of job (KB)
...
006 (6714385.000.000) 06/03 23:55:30 Image size of job updated: 1109556
	376  -  MemoryUsage of job (MB)
	384244  -  ResidentSetSize of job (KB)
...
006 (6704869.000.000) 06/03 23:59:55 Image size of job updated: 1599672
	849  -  MemoryUsage of job (MB)
	869196  -  ResidentSetSize of job (KB)
...
006 (6714385.000.000) 06/04 00:00:30 Image size of job updated: 1119752
	383  -  MemoryUsage of job (MB)
	391396  -  ResidentSetSize of job (KB)
...
006 (6704869.000.000) 06/04 00:04:56 Image size of job updated: 1600504
	849  -  MemoryUsage of job (MB)
	869196  -  ResidentSetSize of job (KB)
...
006 (6714385.000.000) 06/04 00:05:31 Image size of job updated: 1126004
	386  -  MemoryUsage of job (MB)
	394596  -  ResidentSetSize of job (KB)
...
006 (6704869.000.000) 06/04 00:09:56 Image size of job updated: 1601452
	849  -  MemoryUsage of job (MB)
	869196  -  ResidentSetSize of job (KB)
...
006 (6714385.000.000) 06/04 00:10:31 Image size of job updated: 1132168
	386  -  MemoryUsage of job (MB)
	394596  -  ResidentSetSize of job (KB)
...
006 (6704869.000.000) 06/04 00:14:57 Image size of job updated: 1602408
	849  -  MemoryUsage of job (MB)
	869196  -  ResidentSetSize of job (KB)
...
006 (6714385.000.000) 06/04 00:15:31 Image size of job updated: 1138252
	386  -  MemoryUsage of job (MB)
	394856  -  ResidentSetSize of job (KB)
...
006 (6704869.000.000) 06/04 00:19:58 Image size of job updated: 1603316
	849  -  MemoryUsage of job (MB)
	869196  -  ResidentSetSize of job (KB)
...
006 (6714385.000.000) 06/04 00:20:32 Image size of job updated: 1143588
	393  -  MemoryUsage of job (MB)
	401520  -  ResidentSetSize of job (KB)
...
006 (6704869.000.000) 06/04 00:24:58 Image size of job updated: 1604256
	849  -  MemoryUsage of job (MB)
	869196  -  ResidentSetSize of job (KB)
...
006 (6714385.000.000) 06/04 00:25:33 Image size of job updated: 1149532
	393  -  MemoryUsage of job (MB)
	401520  -  ResidentSetSize of job (KB)
...
006 (6704869.000.000) 06/04 00:29:58 Image size of job updated: 1605104
	849  -  MemoryUsage of job (MB)
	869196  -  ResidentSetSize of job (KB)
...
006 (6714385.000.000) 06/04 00:30:33 Image size of job updated: 1155144
	393  -  MemoryUsage of job (MB)
	401520  -  ResidentSetSize of job (KB)
...
006 (6704869.000.000) 06/04 00:34:59 Image size of job updated: 1605964
	849  -  MemoryUsage of job (MB)
	869196  -  ResidentSetSize of job (KB)
...
006 (6714385.000.000) 06/04 00:35:34 Image size of job updated: 1160724
	414  -  MemoryUsage of job (MB)
	423660  -  ResidentSetSize of job (KB)
...
006 (6704869.000.000) 06/04 00:39:59 Image size of job updated: 1606904
	849  -  MemoryUsage of job (MB)
	869196  -  ResidentSetSize of job (KB)
...
006 (6714385.000.000) 06/04 00:40:35 Image size of job updated: 1166484
	423  -  MemoryUsage of job (MB)
	433044  -  ResidentSetSize of job (KB)
...
006 (6704869.000.000) 06/04 00:44:59 Image size of job updated: 1607900
	853  -  MemoryUsage of job (MB)
	873176  -  ResidentSetSize of job (KB)
...
006 (6714385.000.000) 06/04 00:45:35 Image size of job updated: 1171876
	423  -  MemoryUsage of job (MB)
	433044  -  ResidentSetSize of job (KB)
...
006 (6704869.000.000) 06/04 00:50:00 Image size of job updated: 1608700
	853  -  MemoryUsage of job (MB)
	873176  -  ResidentSetSize of job (KB)
...
006 (6714385.000.000) 06/04 00:50:35 Image size of job updated: 1177328
	425  -  MemoryUsage of job (MB)
	434236  -  ResidentSetSize of job (KB)
...
006 (6704869.000.000) 06/04 00:55:00 Image size of job updated: 1609600
	853  -  MemoryUsage of job (MB)
	873176  -  ResidentSetSize of job (KB)
...
006 (6714385.000.000) 06/04 00:55:36 Image size of job updated: 1182428
	458  -  MemoryUsage of job (MB)
	468336  -  ResidentSetSize of job (KB)
...
006 (6704869.000.000) 06/04 01:00:00 Image size of job updated: 1610540
	853  -  MemoryUsage of job (MB)
	873176  -  ResidentSetSize of job (KB)
...
006 (6714385.000.000) 06/04 01:00:36 Image size of job updated: 1187640
	458  -  MemoryUsage of job (MB)
	468336  -  ResidentSetSize of job (KB)
...
006 (6704869.000.000) 06/04 01:05:02 Image size of job updated: 1611528
	876  -  MemoryUsage of job (MB)
	896856  -  ResidentSetSize of job (KB)
...
006 (6714385.000.000) 06/04 01:05:36 Image size of job updated: 1192680
	462  -  MemoryUsage of job (MB)
	472068  -  ResidentSetSize of job (KB)
...
006 (6704869.000.000) 06/04 01:10:02 Image size of job updated: 1612472
	876  -  MemoryUsage of job (MB)
	896856  -  ResidentSetSize of job (KB)
...
006 (6714385.000.000) 06/04 01:10:38 Image size of job updated: 1197644
	468  -  MemoryUsage of job (MB)
	479228  -  ResidentSetSize of job (KB)
...
006 (6704869.000.000) 06/04 01:15:02 Image size of job updated: 1613236
	876  -  MemoryUsage of job (MB)
	896856  -  ResidentSetSize of job (KB)
...
006 (6714385.000.000) 06/04 01:15:38 Image size of job updated: 1202344
	468  -  MemoryUsage of job (MB)
	479228  -  ResidentSetSize of job (KB)
...
006 (6704869.000.000) 06/04 01:20:03 Image size of job updated: 1614232
	876  -  MemoryUsage of job (MB)
	896856  -  ResidentSetSize of job (KB)
...
006 (6714385.000.000) 06/04 01:20:38 Image size of job updated: 1207036
	468  -  MemoryUsage of job (MB)
	479228  -  ResidentSetSize of job (KB)
...
006 (6704869.000.000) 06/04 01:25:04 Image size of job updated: 1615180
	876  -  MemoryUsage of job (MB)
	896856  -  ResidentSetSize of job (KB)
...
006 (6714385.000.000) 06/04 01:25:39 Image size of job updated: 1211976
	468  -  MemoryUsage of job (MB)
	479228  -  ResidentSetSize of job (KB)
...
006 (6704869.000.000) 06/04 01:30:04 Image size of job updated: 1616128
	876  -  MemoryUsage of job (MB)
	896856  -  ResidentSetSize of job (KB)
...
006 (6714385.000.000) 06/04 01:30:40 Image size of job updated: 1216476
	468  -  MemoryUsage of job (MB)
	479228  -  ResidentSetSize of job (KB)
...
006 (6704869.000.000) 06/04 01:35:05 Image size of job updated: 1617076
	876  -  MemoryUsage of job (MB)
	896856  -  ResidentSetSize of job (KB)
...
006 (6714385.000.000) 06/04 01:35:40 Image size of job updated: 1221204
	468  -  MemoryUsage of job (MB)
	479228  -  ResidentSetSize of job (KB)
...
006 (6704869.000.000) 06/04 01:40:06 Image size of job updated: 1617804
	876  -  MemoryUsage of job (MB)
	896856  -  ResidentSetSize of job (KB)
...
006 (6714385.000.000) 06/04 01:40:41 Image size of job updated: 1225748
	495  -  MemoryUsage of job (MB)
	506332  -  ResidentSetSize of job (KB)
...
006 (6704869.000.000) 06/04 01:45:06 Image size of job updated: 1618848
	876  -  MemoryUsage of job (MB)
	896856  -  ResidentSetSize of job (KB)
...
006 (6714385.000.000) 06/04 01:45:42 Image size of job updated: 1230020
	501  -  MemoryUsage of job (MB)
	512136  -  ResidentSetSize of job (KB)
...
006 (6704869.000.000) 06/04 01:50:07 Image size of job updated: 1619780
	876  -  MemoryUsage of job (MB)
	896856  -  ResidentSetSize of job (KB)
...
006 (6714385.000.000) 06/04 01:50:42 Image size of job updated: 1233388
	501  -  MemoryUsage of job (MB)
	512136  -  ResidentSetSize of job (KB)
...
006 (6704869.000.000) 06/04 01:55:08 Image size of job updated: 1620680
	876  -  MemoryUsage of job (MB)
	896856  -  ResidentSetSize of job (KB)
...
006 (6704869.000.000) 06/04 02:00:08 Image size of job updated: 1621512
	876  -  MemoryUsage of job (MB)
	896856  -  ResidentSetSize of job (KB)
...
006 (6704869.000.000) 06/04 02:05:08 Image size of job updated: 1622372
	876  -  MemoryUsage of job (MB)
	896856  -  ResidentSetSize of job (KB)
...
006 (6704869.000.000) 06/04 02:10:09 Image size of job updated: 1623384
	876  -  MemoryUsage of job (MB)
	896856  -  ResidentSetSize of job (KB)
...
006 (6704869.000.000) 06/04 02:15:09 Image size of job updated: 1624320
	876  -  MemoryUsage of job (MB)
	896856  -  ResidentSetSize of job (KB)
...
006 (6704869.000.000) 06/04 02:20:09 Image size of job updated: 1625264
	876  -  MemoryUsage of job (MB)
	896856  -  ResidentSetSize of job (KB)
...
006 (6704869.000.000) 06/04 02:25:11 Image size of job updated: 1626072
	876  -  MemoryUsage of job (MB)
	896856  -  ResidentSetSize of job (KB)
...
006 (6704869.000.000) 06/04 02:30:11 Image size of job updated: 1627028
	876  -  MemoryUsage of job (MB)
	896856  -  ResidentSetSize of job (KB)
...
006 (6704869.000.000) 06/04 02:35:11 Image size of job updated: 1627936
	876  -  MemoryUsage of job (MB)
	896856  -  ResidentSetSize of job (KB)
...
006 (6704869.000.000) 06/04 02:40:12 Image size of job updated: 1628828
	876  -  MemoryUsage of job (MB)
	896856  -  ResidentSetSize of job (KB)
...
006 (6704869.000.000) 06/04 02:45:13 Image size of job updated: 1629824
	876  -  MemoryUsage of job (MB)
	896856  -  ResidentSetSize of job (KB)
...
006 (6714385.000.000) 06/04 02:45:48 Image size of job updated: 1235880
	501  -  MemoryUsage of job (MB)
	512136  -  ResidentSetSize of job (KB)
...
006 (6704869.000.000) 06/04 02:50:13 Image size of job updated: 1630616
	876  -  MemoryUsage of job (MB)
	896856  -  ResidentSetSize of job (KB)
...
006 (6714385.000.000) 06/04 02:50:49 Image size of job updated: 1237528
	501  -  MemoryUsage of job (MB)
	512136  -  ResidentSetSize of job (KB)
...
006 (6704869.000.000) 06/04 02:55:14 Image size of job updated: 1631540
	876  -  MemoryUsage of job (MB)
	896856  -  ResidentSetSize of job (KB)
...
006 (6714385.000.000) 06/04 02:55:49 Image size of job updated: 1241184
	501  -  MemoryUsage of job (MB)
	512136  -  ResidentSetSize of job (KB)
...
006 (6704869.000.000) 06/04 03:00:15 Image size of job updated: 1632464
	876  -  MemoryUsage of job (MB)
	896856  -  ResidentSetSize of job (KB)
...
006 (6714385.000.000) 06/04 03:00:49 Image size of job updated: 1243436
	501  -  MemoryUsage of job (MB)
	512136  -  ResidentSetSize of job (KB)
...
006 (6704869.000.000) 06/04 03:05:15 Image size of job updated: 1633396
	876  -  MemoryUsage of job (MB)
	896856  -  ResidentSetSize of job (KB)
...
006 (6714385.000.000) 06/04 03:05:50 Image size of job updated: 1245416
	501  -  MemoryUsage of job (MB)
	512136  -  ResidentSetSize of job (KB)
...
006 (6704869.000.000) 06/04 03:10:16 Image size of job updated: 1634188
	876  -  MemoryUsage of job (MB)
	896856  -  ResidentSetSize of job (KB)
...
006 (6714385.000.000) 06/04 03:10:50 Image size of job updated: 1245472
	501  -  MemoryUsage of job (MB)
	512136  -  ResidentSetSize of job (KB)
...
006 (6704869.000.000) 06/04 03:15:17 Image size of job updated: 1635032
	876  -  MemoryUsage of job (MB)
	896856  -  ResidentSetSize of job (KB)
...
006 (6714385.000.000) 06/04 03:15:50 Image size of job updated: 1251692
	501  -  MemoryUsage of job (MB)
	512136  -  ResidentSetSize of job (KB)
...
006 (6704869.000.000) 06/04 03:20:17 Image size of job updated: 1635956
	876  -  MemoryUsage of job (MB)
	896856  -  ResidentSetSize of job (KB)
...
006 (6714385.000.000) 06/04 03:20:51 Image size of job updated: 1253500
	501  -  MemoryUsage of job (MB)
	512136  -  ResidentSetSize of job (KB)
...
006 (6704869.000.000) 06/04 03:25:17 Image size of job updated: 1636912
	876  -  MemoryUsage of job (MB)
	896856  -  ResidentSetSize of job (KB)
...
006 (6714385.000.000) 06/04 03:25:51 Image size of job updated: 1255180
	501  -  MemoryUsage of job (MB)
	512136  -  ResidentSetSize of job (KB)
...
006 (6704869.000.000) 06/04 03:30:18 Image size of job updated: 1637488
	876  -  MemoryUsage of job (MB)
	896856  -  ResidentSetSize of job (KB)
...
006 (6714385.000.000) 06/04 03:30:51 Image size of job updated: 1258176
	501  -  MemoryUsage of job (MB)
	512136  -  ResidentSetSize of job (KB)
...
006 (6704869.000.000) 06/04 03:35:18 Image size of job updated: 1638588
	876  -  MemoryUsage of job (MB)
	896856  -  ResidentSetSize of job (KB)
...
006 (6714385.000.000) 06/04 03:35:52 Image size of job updated: 1261672
	523  -  MemoryUsage of job (MB)
	535056  -  ResidentSetSize of job (KB)
...
006 (6704869.000.000) 06/04 03:40:18 Image size of job updated: 1639504
	876  -  MemoryUsage of job (MB)
	896856  -  ResidentSetSize of job (KB)
...
006 (6704869.000.000) 06/04 03:45:20 Image size of job updated: 1640340
	876  -  MemoryUsage of job (MB)
	896856  -  ResidentSetSize of job (KB)
...
006 (6714385.000.000) 06/04 03:45:52 Image size of job updated: 1266788
	529  -  MemoryUsage of job (MB)
	540928  -  ResidentSetSize of job (KB)
...
006 (6704869.000.000) 06/04 03:50:20 Image size of job updated: 1641196
	876  -  MemoryUsage of job (MB)
	896856  -  ResidentSetSize of job (KB)
...
006 (6704869.000.000) 06/04 03:55:20 Image size of job updated: 1642104
	876  -  MemoryUsage of job (MB)
	896856  -  ResidentSetSize of job (KB)
...
006 (6704869.000.000) 06/04 04:00:21 Image size of job updated: 1643052
	876  -  MemoryUsage of job (MB)
	896856  -  ResidentSetSize of job (KB)
...
006 (6704869.000.000) 06/04 04:05:22 Image size of job updated: 1643960
	876  -  MemoryUsage of job (MB)
	896856  -  ResidentSetSize of job (KB)
...
006 (6704869.000.000) 06/04 04:10:22 Image size of job updated: 1644916
	876  -  MemoryUsage of job (MB)
	896856  -  ResidentSetSize of job (KB)
...
006 (6704869.000.000) 06/04 04:15:22 Image size of job updated: 1645620
	876  -  MemoryUsage of job (MB)
	896856  -  ResidentSetSize of job (KB)
...
006 (6704869.000.000) 06/04 04:20:24 Image size of job updated: 1646616
	876  -  MemoryUsage of job (MB)
	896856  -  ResidentSetSize of job (KB)
...
006 (6704869.000.000) 06/04 04:25:24 Image size of job updated: 1647516
	876  -  MemoryUsage of job (MB)
	896856  -  ResidentSetSize of job (KB)
...
006 (6704869.000.000) 06/04 04:30:24 Image size of job updated: 1648376
	876  -  MemoryUsage of job (MB)
	896856  -  ResidentSetSize of job (KB)
...
006 (6704869.000.000) 06/04 04:35:25 Image size of job updated: 1649152
	876  -  MemoryUsage of job (MB)
	896856  -  ResidentSetSize of job (KB)
...
006 (6704869.000.000) 06/04 04:40:26 Image size of job updated: 1650020
	876  -  MemoryUsage of job (MB)
	896856  -  ResidentSetSize of job (KB)
...
006 (6704869.000.000) 06/04 04:45:26 Image size of job updated: 1650984
	876  -  MemoryUsage of job (MB)
	896856  -  ResidentSetSize of job (KB)
...
006 (6714385.000.000) 06/04 04:46:00 Image size of job updated: 1267196
	529  -  MemoryUsage of job (MB)
	540928  -  ResidentSetSize of job (KB)
...
006 (6704869.000.000) 06/04 04:50:27 Image size of job updated: 1651616
	876  -  MemoryUsage of job (MB)
	896856  -  ResidentSetSize of job (KB)
...
006 (6714385.000.000) 06/04 04:51:00 Image size of job updated: 1268940
	529  -  MemoryUsage of job (MB)
	540928  -  ResidentSetSize of job (KB)
...
006 (6704869.000.000) 06/04 04:55:28 Image size of job updated: 1652580
	876  -  MemoryUsage of job (MB)
	896856  -  ResidentSetSize of job (KB)
...
006 (6714385.000.000) 06/04 04:56:01 Image size of job updated: 1270512
	532  -  MemoryUsage of job (MB)
	544192  -  ResidentSetSize of job (KB)
...
006 (6704869.000.000) 06/04 05:00:28 Image size of job updated: 1653432
	876  -  MemoryUsage of job (MB)
	896856  -  ResidentSetSize of job (KB)
...
006 (6714385.000.000) 06/04 05:01:02 Image size of job updated: 1272224
	540  -  MemoryUsage of job (MB)
	552448  -  ResidentSetSize of job (KB)
...
006 (6704869.000.000) 06/04 05:05:29 Image size of job updated: 1654324
	876  -  MemoryUsage of job (MB)
	896856  -  ResidentSetSize of job (KB)
...
006 (6714385.000.000) 06/04 05:06:02 Image size of job updated: 1273628
	540  -  MemoryUsage of job (MB)
	552448  -  ResidentSetSize of job (KB)
...
006 (6704869.000.000) 06/04 05:10:30 Image size of job updated: 1655124
	889  -  MemoryUsage of job (MB)
	910116  -  ResidentSetSize of job (KB)
...
006 (6714385.000.000) 06/04 05:11:02 Image size of job updated: 1275556
	540  -  MemoryUsage of job (MB)
	552448  -  ResidentSetSize of job (KB)
...
006 (6704869.000.000) 06/04 05:15:30 Image size of job updated: 1656008
	895  -  MemoryUsage of job (MB)
	915972  -  ResidentSetSize of job (KB)
...
006 (6714385.000.000) 06/04 05:16:04 Image size of job updated: 1277144
	540  -  MemoryUsage of job (MB)
	552448  -  ResidentSetSize of job (KB)
...
006 (6704869.000.000) 06/04 05:20:31 Image size of job updated: 1656884
	895  -  MemoryUsage of job (MB)
	915972  -  ResidentSetSize of job (KB)
...
006 (6714385.000.000) 06/04 05:21:04 Image size of job updated: 1278824
	540  -  MemoryUsage of job (MB)
	552448  -  ResidentSetSize of job (KB)
...
006 (6704869.000.000) 06/04 05:25:32 Image size of job updated: 1657776
	895  -  MemoryUsage of job (MB)
	915972  -  ResidentSetSize of job (KB)
...
006 (6714385.000.000) 06/04 05:26:04 Image size of job updated: 1280388
	540  -  MemoryUsage of job (MB)
	552448  -  ResidentSetSize of job (KB)
...
006 (6704869.000.000) 06/04 05:30:32 Image size of job updated: 1658544
	895  -  MemoryUsage of job (MB)
	915972  -  ResidentSetSize of job (KB)
...
006 (6714385.000.000) 06/04 05:31:05 Image size of job updated: 1282108
	540  -  MemoryUsage of job (MB)
	552448  -  ResidentSetSize of job (KB)
...
006 (6704869.000.000) 06/04 05:35:33 Image size of job updated: 1659460
	895  -  MemoryUsage of job (MB)
	915972  -  ResidentSetSize of job (KB)
...
006 (6714385.000.000) 06/04 05:36:06 Image size of job updated: 1283656
	541  -  MemoryUsage of job (MB)
	553396  -  ResidentSetSize of job (KB)
...
006 (6704869.000.000) 06/04 05:40:34 Image size of job updated: 1660336
	895  -  MemoryUsage of job (MB)
	915972  -  ResidentSetSize of job (KB)
...
006 (6714385.000.000) 06/04 05:41:06 Image size of job updated: 1285064
	551  -  MemoryUsage of job (MB)
	563736  -  ResidentSetSize of job (KB)
...
006 (6704869.000.000) 06/04 05:45:34 Image size of job updated: 1661164
	921  -  MemoryUsage of job (MB)
	942936  -  ResidentSetSize of job (KB)
...
006 (6714385.000.000) 06/04 05:46:07 Image size of job updated: 1286224
	551  -  MemoryUsage of job (MB)
	563736  -  ResidentSetSize of job (KB)
...
006 (6704869.000.000) 06/04 05:50:34 Image size of job updated: 1661876
	921  -  MemoryUsage of job (MB)
	942936  -  ResidentSetSize of job (KB)
...
006 (6714385.000.000) 06/04 05:51:08 Image size of job updated: 1288200
	551  -  MemoryUsage of job (MB)
	563736  -  ResidentSetSize of job (KB)
...
006 (6704869.000.000) 06/04 05:55:35 Image size of job updated: 1662824
	921  -  MemoryUsage of job (MB)
	942936  -  ResidentSetSize of job (KB)
...
006 (6714385.000.000) 06/04 05:56:08 Image size of job updated: 1289692
	551  -  MemoryUsage of job (MB)
	563736  -  ResidentSetSize of job (KB)
...
006 (6704869.000.000) 06/04 06:00:35 Image size of job updated: 1663704
	921  -  MemoryUsage of job (MB)
	942936  -  ResidentSetSize of job (KB)
...
006 (6714385.000.000) 06/04 06:01:08 Image size of job updated: 1291096
	551  -  MemoryUsage of job (MB)
	563736  -  ResidentSetSize of job (KB)
...
006 (6704869.000.000) 06/04 06:05:35 Image size of job updated: 1664436
	921  -  MemoryUsage of job (MB)
	942936  -  ResidentSetSize of job (KB)
...
006 (6714385.000.000) 06/04 06:06:09 Image size of job updated: 1292700
	551  -  MemoryUsage of job (MB)
	563736  -  ResidentSetSize of job (KB)
...
006 (6704869.000.000) 06/04 06:10:36 Image size of job updated: 1665328
	921  -  MemoryUsage of job (MB)
	942936  -  ResidentSetSize of job (KB)
...
006 (6714385.000.000) 06/04 06:11:09 Image size of job updated: 1294160
	551  -  MemoryUsage of job (MB)
	563736  -  ResidentSetSize of job (KB)
...
006 (6704869.000.000) 06/04 06:15:36 Image size of job updated: 1666220
	921  -  MemoryUsage of job (MB)
	942936  -  ResidentSetSize of job (KB)
...
006 (6714385.000.000) 06/04 06:16:09 Image size of job updated: 1295644
	551  -  MemoryUsage of job (MB)
	563736  -  ResidentSetSize of job (KB)
...
006 (6704869.000.000) 06/04 06:20:36 Image size of job updated: 1667072
	921  -  MemoryUsage of job (MB)
	942936  -  ResidentSetSize of job (KB)
...
006 (6714385.000.000) 06/04 06:21:10 Image size of job updated: 1297052
	551  -  MemoryUsage of job (MB)
	563736  -  ResidentSetSize of job (KB)
...
006 (6704869.000.000) 06/04 06:25:37 Image size of job updated: 1667880
	921  -  MemoryUsage of job (MB)
	942936  -  ResidentSetSize of job (KB)
...
006 (6714385.000.000) 06/04 06:26:11 Image size of job updated: 1298652
	551  -  MemoryUsage of job (MB)
	563736  -  ResidentSetSize of job (KB)
...
006 (6704869.000.000) 06/04 06:30:38 Image size of job updated: 1668748
	921  -  MemoryUsage of job (MB)
	942936  -  ResidentSetSize of job (KB)
...
006 (6714385.000.000) 06/04 06:31:11 Image size of job updated: 1300008
	551  -  MemoryUsage of job (MB)
	563736  -  ResidentSetSize of job (KB)
...
006 (6704869.000.000) 06/04 06:35:38 Image size of job updated: 1669600
	921  -  MemoryUsage of job (MB)
	942936  -  ResidentSetSize of job (KB)
...
006 (6714385.000.000) 06/04 06:36:11 Image size of job updated: 1301552
	551  -  MemoryUsage of job (MB)
	563736  -  ResidentSetSize of job (KB)
...
006 (6704869.000.000) 06/04 06:40:39 Image size of job updated: 1670556
	921  -  MemoryUsage of job (MB)
	942936  -  ResidentSetSize of job (KB)
...
006 (6714385.000.000) 06/04 06:41:13 Image size of job updated: 1303028
	557  -  MemoryUsage of job (MB)
	570256  -  ResidentSetSize of job (KB)
...
006 (6704869.000.000) 06/04 06:45:40 Image size of job updated: 1671292
	921  -  MemoryUsage of job (MB)
	942936  -  ResidentSetSize of job (KB)
...
006 (6714385.000.000) 06/04 06:46:13 Image size of job updated: 1304552
	565  -  MemoryUsage of job (MB)
	577832  -  ResidentSetSize of job (KB)
...
006 (6704869.000.000) 06/04 06:50:40 Image size of job updated: 1672144
	921  -  MemoryUsage of job (MB)
	942936  -  ResidentSetSize of job (KB)
...
006 (6714385.000.000) 06/04 06:51:13 Image size of job updated: 1305924
	565  -  MemoryUsage of job (MB)
	577832  -  ResidentSetSize of job (KB)
...
006 (6704869.000.000) 06/04 06:55:40 Image size of job updated: 1672964
	921  -  MemoryUsage of job (MB)
	942936  -  ResidentSetSize of job (KB)
...
006 (6714385.000.000) 06/04 06:56:14 Image size of job updated: 1307516
	571  -  MemoryUsage of job (MB)
	584512  -  ResidentSetSize of job (KB)
...
006 (6704869.000.000) 06/04 07:00:41 Image size of job updated: 1673692
	921  -  MemoryUsage of job (MB)
	942936  -  ResidentSetSize of job (KB)
...
006 (6714385.000.000) 06/04 07:01:15 Image size of job updated: 1309032
	576  -  MemoryUsage of job (MB)
	589188  -  ResidentSetSize of job (KB)
...
006 (6704869.000.000) 06/04 07:05:41 Image size of job updated: 1674576
	921  -  MemoryUsage of job (MB)
	942936  -  ResidentSetSize of job (KB)
...
006 (6714385.000.000) 06/04 07:06:15 Image size of job updated: 1310436
	576  -  MemoryUsage of job (MB)
	589188  -  ResidentSetSize of job (KB)
...
006 (6704869.000.000) 06/04 07:10:41 Image size of job updated: 1675456
	921  -  MemoryUsage of job (MB)
	942936  -  ResidentSetSize of job (KB)
...
006 (6714385.000.000) 06/04 07:11:16 Image size of job updated: 1312052
	576  -  MemoryUsage of job (MB)
	589188  -  ResidentSetSize of job (KB)
...
006 (6704869.000.000) 06/04 07:15:42 Image size of job updated: 1676328
	921  -  MemoryUsage of job (MB)
	942936  -  ResidentSetSize of job (KB)
...
006 (6714385.000.000) 06/04 07:16:17 Image size of job updated: 1313680
	576  -  MemoryUsage of job (MB)
	589188  -  ResidentSetSize of job (KB)
...
006 (6704869.000.000) 06/04 07:20:43 Image size of job updated: 1677072
	921  -  MemoryUsage of job (MB)
	942936  -  ResidentSetSize of job (KB)
...
006 (6714385.000.000) 06/04 07:21:17 Image size of job updated: 1315196
	576  -  MemoryUsage of job (MB)
	589188  -  ResidentSetSize of job (KB)
...
006 (6704869.000.000) 06/04 07:25:43 Image size of job updated: 1677908
	921  -  MemoryUsage of job (MB)
	942936  -  ResidentSetSize of job (KB)
...
006 (6714385.000.000) 06/04 07:26:17 Image size of job updated: 1316828
	576  -  MemoryUsage of job (MB)
	589188  -  ResidentSetSize of job (KB)
...
006 (6704869.000.000) 06/04 07:30:44 Image size of job updated: 1678808
	921  -  MemoryUsage of job (MB)
	942936  -  ResidentSetSize of job (KB)
...
006 (6714385.000.000) 06/04 07:31:18 Image size of job updated: 1318272
	576  -  MemoryUsage of job (MB)
	589188  -  ResidentSetSize of job (KB)
...
006 (6704869.000.000) 06/04 07:35:45 Image size of job updated: 1679552
	921  -  MemoryUsage of job (MB)
	942936  -  ResidentSetSize of job (KB)
...
006 (6714385.000.000) 06/04 07:36:18 Image size of job updated: 1319888
	592  -  MemoryUsage of job (MB)
	606092  -  ResidentSetSize of job (KB)
...
006 (6704869.000.000) 06/04 07:40:45 Image size of job updated: 1680380
	945  -  MemoryUsage of job (MB)
	966816  -  ResidentSetSize of job (KB)
...
006 (6714385.000.000) 06/04 07:41:18 Image size of job updated: 1321284
	592  -  MemoryUsage of job (MB)
	606092  -  ResidentSetSize of job (KB)
...
006 (6704869.000.000) 06/04 07:45:45 Image size of job updated: 1681216
	945  -  MemoryUsage of job (MB)
	966816  -  ResidentSetSize of job (KB)
...
006 (6714385.000.000) 06/04 07:46:19 Image size of job updated: 1322664
	592  -  MemoryUsage of job (MB)
	606092  -  ResidentSetSize of job (KB)
...
006 (6704869.000.000) 06/04 07:50:46 Image size of job updated: 1682076
	945  -  MemoryUsage of job (MB)
	966816  -  ResidentSetSize of job (KB)
...
006 (6714385.000.000) 06/04 07:51:20 Image size of job updated: 1324148
	592  -  MemoryUsage of job (MB)
	606092  -  ResidentSetSize of job (KB)
...
006 (6704869.000.000) 06/04 07:55:46 Image size of job updated: 1682836
	945  -  MemoryUsage of job (MB)
	966816  -  ResidentSetSize of job (KB)
...
006 (6714385.000.000) 06/04 07:56:20 Image size of job updated: 1325576
	592  -  MemoryUsage of job (MB)
	606092  -  ResidentSetSize of job (KB)
...
006 (6704869.000.000) 06/04 08:00:46 Image size of job updated: 1683664
	945  -  MemoryUsage of job (MB)
	966816  -  ResidentSetSize of job (KB)
...
006 (6714385.000.000) 06/04 08:01:21 Image size of job updated: 1326920
	592  -  MemoryUsage of job (MB)
	606092  -  ResidentSetSize of job (KB)
...
006 (6704869.000.000) 06/04 08:05:47 Image size of job updated: 1684564
	945  -  MemoryUsage of job (MB)
	966816  -  ResidentSetSize of job (KB)
...
006 (6714385.000.000) 06/04 08:06:22 Image size of job updated: 1328424
	592  -  MemoryUsage of job (MB)
	606092  -  ResidentSetSize of job (KB)
...
006 (6704869.000.000) 06/04 08:10:47 Image size of job updated: 1685252
	945  -  MemoryUsage of job (MB)
	966816  -  ResidentSetSize of job (KB)
...
006 (6714385.000.000) 06/04 08:11:22 Image size of job updated: 1329628
	592  -  MemoryUsage of job (MB)
	606092  -  ResidentSetSize of job (KB)
...
006 (6704869.000.000) 06/04 08:15:47 Image size of job updated: 1686168
	945  -  MemoryUsage of job (MB)
	966816  -  ResidentSetSize of job (KB)
...
006 (6714385.000.000) 06/04 08:16:22 Image size of job updated: 1331260
	592  -  MemoryUsage of job (MB)
	606092  -  ResidentSetSize of job (KB)
...
006 (6704869.000.000) 06/04 08:20:48 Image size of job updated: 1687100
	945  -  MemoryUsage of job (MB)
	966816  -  ResidentSetSize of job (KB)
...
006 (6714385.000.000) 06/04 08:21:23 Image size of job updated: 1332624
	592  -  MemoryUsage of job (MB)
	606092  -  ResidentSetSize of job (KB)
...
006 (6704869.000.000) 06/04 08:25:49 Image size of job updated: 1687888
	945  -  MemoryUsage of job (MB)
	966816  -  ResidentSetSize of job (KB)
...
006 (6714385.000.000) 06/04 08:26:23 Image size of job updated: 1334064
	607  -  MemoryUsage of job (MB)
	620652  -  ResidentSetSize of job (KB)
...
006 (6704869.000.000) 06/04 08:30:49 Image size of job updated: 1688592
	945  -  MemoryUsage of job (MB)
	966816  -  ResidentSetSize of job (KB)
...
006 (6714385.000.000) 06/04 08:31:23 Image size of job updated: 1335768
	607  -  MemoryUsage of job (MB)
	620652  -  ResidentSetSize of job (KB)
...
006 (6704869.000.000) 06/04 08:35:50 Image size of job updated: 1689808
	945  -  MemoryUsage of job (MB)
	966816  -  ResidentSetSize of job (KB)
...
006 (6714385.000.000) 06/04 08:36:24 Image size of job updated: 1337172
	607  -  MemoryUsage of job (MB)
	620652  -  ResidentSetSize of job (KB)
...
006 (6704869.000.000) 06/04 08:40:51 Image size of job updated: 1690672
	947  -  MemoryUsage of job (MB)
	969536  -  ResidentSetSize of job (KB)
...
006 (6714385.000.000) 06/04 08:41:24 Image size of job updated: 1338716
	607  -  MemoryUsage of job (MB)
	620652  -  ResidentSetSize of job (KB)
...
006 (6704869.000.000) 06/04 08:45:51 Image size of job updated: 1691428
	947  -  MemoryUsage of job (MB)
	969536  -  ResidentSetSize of job (KB)
...
006 (6714385.000.000) 06/04 08:46:24 Image size of job updated: 1340324
	607  -  MemoryUsage of job (MB)
	620652  -  ResidentSetSize of job (KB)
...
006 (6704869.000.000) 06/04 08:50:51 Image size of job updated: 1692300
	947  -  MemoryUsage of job (MB)
	969536  -  ResidentSetSize of job (KB)
...
006 (6714385.000.000) 06/04 08:51:25 Image size of job updated: 1341808
	607  -  MemoryUsage of job (MB)
	620652  -  ResidentSetSize of job (KB)
...
006 (6704869.000.000) 06/04 08:55:52 Image size of job updated: 1693116
	947  -  MemoryUsage of job (MB)
	969536  -  ResidentSetSize of job (KB)
...
006 (6714385.000.000) 06/04 08:56:26 Image size of job updated: 1343512
	607  -  MemoryUsage of job (MB)
	620652  -  ResidentSetSize of job (KB)
...
006 (6704869.000.000) 06/04 09:00:52 Image size of job updated: 1693956
	947  -  MemoryUsage of job (MB)
	969536  -  ResidentSetSize of job (KB)
...
006 (6714385.000.000) 06/04 09:01:26 Image size of job updated: 1344988
	607  -  MemoryUsage of job (MB)
	620652  -  ResidentSetSize of job (KB)
...
006 (6704869.000.000) 06/04 09:05:53 Image size of job updated: 1694668
	947  -  MemoryUsage of job (MB)
	969536  -  ResidentSetSize of job (KB)
...
006 (6714385.000.000) 06/04 09:06:27 Image size of job updated: 1346440
	607  -  MemoryUsage of job (MB)
	620652  -  ResidentSetSize of job (KB)
...
006 (6704869.000.000) 06/04 09:10:54 Image size of job updated: 1695520
	947  -  MemoryUsage of job (MB)
	969536  -  ResidentSetSize of job (KB)
...
006 (6714385.000.000) 06/04 09:11:28 Image size of job updated: 1347920
	607  -  MemoryUsage of job (MB)
	620652  -  ResidentSetSize of job (KB)
...
006 (6704869.000.000) 06/04 09:15:54 Image size of job updated: 1696364
	947  -  MemoryUsage of job (MB)
	969536  -  ResidentSetSize of job (KB)
...
006 (6714385.000.000) 06/04 09:16:28 Image size of job updated: 1349528
	607  -  MemoryUsage of job (MB)
	620652  -  ResidentSetSize of job (KB)
...
006 (6704869.000.000) 06/04 09:20:54 Image size of job updated: 1697060
	947  -  MemoryUsage of job (MB)
	969536  -  ResidentSetSize of job (KB)
...
006 (6714385.000.000) 06/04 09:21:29 Image size of job updated: 1350968
	607  -  MemoryUsage of job (MB)
	620652  -  ResidentSetSize of job (KB)
...
006 (6704869.000.000) 06/04 09:25:55 Image size of job updated: 1697872
	947  -  MemoryUsage of job (MB)
	969536  -  ResidentSetSize of job (KB)
...
006 (6714385.000.000) 06/04 09:26:30 Image size of job updated: 1352492
	611  -  MemoryUsage of job (MB)
	625416  -  ResidentSetSize of job (KB)
...
006 (6704869.000.000) 06/04 09:30:55 Image size of job updated: 1698700
	947  -  MemoryUsage of job (MB)
	969536  -  ResidentSetSize of job (KB)
...
006 (6714385.000.000) 06/04 09:31:30 Image size of job updated: 1353896
	611  -  MemoryUsage of job (MB)
	625416  -  ResidentSetSize of job (KB)
...
006 (6704869.000.000) 06/04 09:35:55 Image size of job updated: 1699428
	947  -  MemoryUsage of job (MB)
	969536  -  ResidentSetSize of job (KB)
...
006 (6714385.000.000) 06/04 09:36:30 Image size of job updated: 1355448
	611  -  MemoryUsage of job (MB)
	625416  -  ResidentSetSize of job (KB)
...
006 (6704869.000.000) 06/04 09:40:56 Image size of job updated: 1700320
	947  -  MemoryUsage of job (MB)
	969536  -  ResidentSetSize of job (KB)
...
006 (6714385.000.000) 06/04 09:41:31 Image size of job updated: 1356868
	611  -  MemoryUsage of job (MB)
	625416  -  ResidentSetSize of job (KB)
...
006 (6704869.000.000) 06/04 09:45:56 Image size of job updated: 1700924
	947  -  MemoryUsage of job (MB)
	969536  -  ResidentSetSize of job (KB)
...
006 (6714385.000.000) 06/04 09:46:31 Image size of job updated: 1358076
	611  -  MemoryUsage of job (MB)
	625416  -  ResidentSetSize of job (KB)
...
006 (6704869.000.000) 06/04 09:50:56 Image size of job updated: 1701620
	947  -  MemoryUsage of job (MB)
	969536  -  ResidentSetSize of job (KB)
...
006 (6714385.000.000) 06/04 09:51:31 Image size of job updated: 1359668
	611  -  MemoryUsage of job (MB)
	625416  -  ResidentSetSize of job (KB)
...
006 (6704869.000.000) 06/04 09:55:57 Image size of job updated: 1702528
	947  -  MemoryUsage of job (MB)
	969536  -  ResidentSetSize of job (KB)
...
006 (6714385.000.000) 06/04 09:56:32 Image size of job updated: 1361172
	618  -  MemoryUsage of job (MB)
	632424  -  ResidentSetSize of job (KB)
...
006 (6704869.000.000) 06/04 10:00:57 Image size of job updated: 1703372
	947  -  MemoryUsage of job (MB)
	969536  -  ResidentSetSize of job (KB)
...
006 (6714385.000.000) 06/04 10:01:32 Image size of job updated: 1362500
	625  -  MemoryUsage of job (MB)
	639892  -  ResidentSetSize of job (KB)
...
006 (6704869.000.000) 06/04 10:05:57 Image size of job updated: 1704304
	947  -  MemoryUsage of job (MB)
	969536  -  ResidentSetSize of job (KB)
...
006 (6714385.000.000) 06/04 10:06:32 Image size of job updated: 1363708
	625  -  MemoryUsage of job (MB)
	639892  -  ResidentSetSize of job (KB)
...
006 (6704869.000.000) 06/04 10:10:58 Image size of job updated: 1704936
	947  -  MemoryUsage of job (MB)
	969536  -  ResidentSetSize of job (KB)
...
006 (6714385.000.000) 06/04 10:11:33 Image size of job updated: 1365088
	625  -  MemoryUsage of job (MB)
	639892  -  ResidentSetSize of job (KB)
...
006 (6704869.000.000) 06/04 10:15:58 Image size of job updated: 1705796
	947  -  MemoryUsage of job (MB)
	969536  -  ResidentSetSize of job (KB)
...
006 (6714385.000.000) 06/04 10:16:33 Image size of job updated: 1366456
	625  -  MemoryUsage of job (MB)
	639892  -  ResidentSetSize of job (KB)
...
006 (6704869.000.000) 06/04 10:20:58 Image size of job updated: 1706608
	947  -  MemoryUsage of job (MB)
	969536  -  ResidentSetSize of job (KB)
...
006 (6714385.000.000) 06/04 10:21:33 Image size of job updated: 1367792
	625  -  MemoryUsage of job (MB)
	639892  -  ResidentSetSize of job (KB)
...
006 (6704869.000.000) 06/04 10:25:59 Image size of job updated: 1707344
	947  -  MemoryUsage of job (MB)
	969536  -  ResidentSetSize of job (KB)
...
006 (6714385.000.000) 06/04 10:26:34 Image size of job updated: 1369140
	625  -  MemoryUsage of job (MB)
	639892  -  ResidentSetSize of job (KB)
...
006 (6704869.000.000) 06/04 10:30:59 Image size of job updated: 1708140
	947  -  MemoryUsage of job (MB)
	969536  -  ResidentSetSize of job (KB)
...
006 (6714385.000.000) 06/04 10:31:34 Image size of job updated: 1370480
	625  -  MemoryUsage of job (MB)
	639892  -  ResidentSetSize of job (KB)
...
006 (6704869.000.000) 06/04 10:35:59 Image size of job updated: 1709024
	947  -  MemoryUsage of job (MB)
	969536  -  ResidentSetSize of job (KB)
...
006 (6714385.000.000) 06/04 10:36:34 Image size of job updated: 1371908
	625  -  MemoryUsage of job (MB)
	639892  -  ResidentSetSize of job (KB)
...
006 (6704869.000.000) 06/04 10:41:00 Image size of job updated: 1709736
	947  -  MemoryUsage of job (MB)
	969536  -  ResidentSetSize of job (KB)
...
006 (6714385.000.000) 06/04 10:41:35 Image size of job updated: 1373328
	625  -  MemoryUsage of job (MB)
	639892  -  ResidentSetSize of job (KB)
...
006 (6704869.000.000) 06/04 10:46:00 Image size of job updated: 1710556
	947  -  MemoryUsage of job (MB)
	969536  -  ResidentSetSize of job (KB)
...
006 (6714385.000.000) 06/04 10:46:35 Image size of job updated: 1374644
	625  -  MemoryUsage of job (MB)
	639892  -  ResidentSetSize of job (KB)
...
006 (6704869.000.000) 06/04 10:51:00 Image size of job updated: 1711432
	947  -  MemoryUsage of job (MB)
	969536  -  ResidentSetSize of job (KB)
...
006 (6714385.000.000) 06/04 10:51:35 Image size of job updated: 1375864
	625  -  MemoryUsage of job (MB)
	639892  -  ResidentSetSize of job (KB)
...
006 (6704869.000.000) 06/04 10:56:01 Image size of job updated: 1712268
	947  -  MemoryUsage of job (MB)
	969536  -  ResidentSetSize of job (KB)
...
006 (6714385.000.000) 06/04 10:56:36 Image size of job updated: 1377160
	625  -  MemoryUsage of job (MB)
	639892  -  ResidentSetSize of job (KB)
...
006 (6704869.000.000) 06/04 11:01:02 Image size of job updated: 1713008
	971  -  MemoryUsage of job (MB)
	993668  -  ResidentSetSize of job (KB)
...
006 (6714385.000.000) 06/04 11:01:37 Image size of job updated: 1378444
	625  -  MemoryUsage of job (MB)
	639892  -  ResidentSetSize of job (KB)
...
006 (6704869.000.000) 06/04 11:06:02 Image size of job updated: 1713800
	971  -  MemoryUsage of job (MB)
	993668  -  ResidentSetSize of job (KB)
...
006 (6714385.000.000) 06/04 11:06:37 Image size of job updated: 1379700
	625  -  MemoryUsage of job (MB)
	639892  -  ResidentSetSize of job (KB)
...
006 (6704869.000.000) 06/04 11:11:03 Image size of job updated: 1714648
	971  -  MemoryUsage of job (MB)
	993668  -  ResidentSetSize of job (KB)
...
006 (6714385.000.000) 06/04 11:11:38 Image size of job updated: 1381056
	625  -  MemoryUsage of job (MB)
	639892  -  ResidentSetSize of job (KB)
...
006 (6704869.000.000) 06/04 11:16:04 Image size of job updated: 1715340
	971  -  MemoryUsage of job (MB)
	993668  -  ResidentSetSize of job (KB)
...
006 (6714385.000.000) 06/04 11:16:39 Image size of job updated: 1382352
	625  -  MemoryUsage of job (MB)
	639892  -  ResidentSetSize of job (KB)
...
006 (6704869.000.000) 06/04 11:21:04 Image size of job updated: 1716176
	971  -  MemoryUsage of job (MB)
	993668  -  ResidentSetSize of job (KB)
...
006 (6714385.000.000) 06/04 11:21:39 Image size of job updated: 1383808
	625  -  MemoryUsage of job (MB)
	639892  -  ResidentSetSize of job (KB)
...
006 (6704869.000.000) 06/04 11:26:04 Image size of job updated: 1717036
	971  -  MemoryUsage of job (MB)
	993668  -  ResidentSetSize of job (KB)
...
006 (6714385.000.000) 06/04 11:26:39 Image size of job updated: 1385028
	645  -  MemoryUsage of job (MB)
	659664  -  ResidentSetSize of job (KB)
...
006 (6704869.000.000) 06/04 11:31:05 Image size of job updated: 1717724
	971  -  MemoryUsage of job (MB)
	993668  -  ResidentSetSize of job (KB)
...
006 (6714385.000.000) 06/04 11:31:40 Image size of job updated: 1385904
	655  -  MemoryUsage of job (MB)
	670196  -  ResidentSetSize of job (KB)
...
006 (6704869.000.000) 06/04 11:36:05 Image size of job updated: 1718520
	971  -  MemoryUsage of job (MB)
	993668  -  ResidentSetSize of job (KB)
...
006 (6714385.000.000) 06/04 11:36:40 Image size of job updated: 1387608
	655  -  MemoryUsage of job (MB)
	670196  -  ResidentSetSize of job (KB)
...
006 (6704869.000.000) 06/04 11:41:05 Image size of job updated: 1719356
	971  -  MemoryUsage of job (MB)
	993668  -  ResidentSetSize of job (KB)
...
006 (6714385.000.000) 06/04 11:41:40 Image size of job updated: 1388952
	656  -  MemoryUsage of job (MB)
	671400  -  ResidentSetSize of job (KB)
...
006 (6704869.000.000) 06/04 11:46:06 Image size of job updated: 1720028
	971  -  MemoryUsage of job (MB)
	993668  -  ResidentSetSize of job (KB)
...
006 (6714385.000.000) 06/04 11:46:41 Image size of job updated: 1390192
	656  -  MemoryUsage of job (MB)
	671400  -  ResidentSetSize of job (KB)
...
006 (6704869.000.000) 06/04 11:51:06 Image size of job updated: 1720800
	971  -  MemoryUsage of job (MB)
	993668  -  ResidentSetSize of job (KB)
...
006 (6714385.000.000) 06/04 11:51:41 Image size of job updated: 1391332
	656  -  MemoryUsage of job (MB)
	671400  -  ResidentSetSize of job (KB)
...
006 (6704869.000.000) 06/04 11:56:06 Image size of job updated: 1721676
	974  -  MemoryUsage of job (MB)
	997044  -  ResidentSetSize of job (KB)
...
006 (6714385.000.000) 06/04 11:56:41 Image size of job updated: 1392624
	661  -  MemoryUsage of job (MB)
	676400  -  ResidentSetSize of job (KB)
...
006 (6704869.000.000) 06/04 12:01:07 Image size of job updated: 1722380
	983  -  MemoryUsage of job (MB)
	1005688  -  ResidentSetSize of job (KB)
...
006 (6714385.000.000) 06/04 12:01:42 Image size of job updated: 1393896
	661  -  MemoryUsage of job (MB)
	676400  -  ResidentSetSize of job (KB)
...
006 (6704869.000.000) 06/04 12:06:08 Image size of job updated: 1723200
	983  -  MemoryUsage of job (MB)
	1005688  -  ResidentSetSize of job (KB)
...
006 (6714385.000.000) 06/04 12:06:43 Image size of job updated: 1395172
	661  -  MemoryUsage of job (MB)
	676400  -  ResidentSetSize of job (KB)
...
006 (6704869.000.000) 06/04 12:11:08 Image size of job updated: 1724052
	983  -  MemoryUsage of job (MB)
	1005688  -  ResidentSetSize of job (KB)
...
006 (6714385.000.000) 06/04 12:11:43 Image size of job updated: 1396496
	661  -  MemoryUsage of job (MB)
	676400  -  ResidentSetSize of job (KB)
...
006 (6704869.000.000) 06/04 12:16:09 Image size of job updated: 1724756
	983  -  MemoryUsage of job (MB)
	1005688  -  ResidentSetSize of job (KB)
...
006 (6714385.000.000) 06/04 12:16:44 Image size of job updated: 1397688
	661  -  MemoryUsage of job (MB)
	676400  -  ResidentSetSize of job (KB)
...
006 (6704869.000.000) 06/04 12:21:10 Image size of job updated: 1725600
	983  -  MemoryUsage of job (MB)
	1005688  -  ResidentSetSize of job (KB)
...
006 (6714385.000.000) 06/04 12:21:45 Image size of job updated: 1398960
	661  -  MemoryUsage of job (MB)
	676400  -  ResidentSetSize of job (KB)
...
006 (6704869.000.000) 06/04 12:26:10 Image size of job updated: 1726436
	983  -  MemoryUsage of job (MB)
	1005688  -  ResidentSetSize of job (KB)
...
006 (6714385.000.000) 06/04 12:26:45 Image size of job updated: 1400412
	671  -  MemoryUsage of job (MB)
	686272  -  ResidentSetSize of job (KB)
...
006 (6704869.000.000) 06/04 12:31:10 Image size of job updated: 1727156
	983  -  MemoryUsage of job (MB)
	1005688  -  ResidentSetSize of job (KB)
...
006 (6714385.000.000) 06/04 12:31:46 Image size of job updated: 1401604
	671  -  MemoryUsage of job (MB)
	686272  -  ResidentSetSize of job (KB)
...
006 (6704869.000.000) 06/04 12:36:12 Image size of job updated: 1727952
	983  -  MemoryUsage of job (MB)
	1005688  -  ResidentSetSize of job (KB)
...
006 (6714385.000.000) 06/04 12:36:47 Image size of job updated: 1402784
	671  -  MemoryUsage of job (MB)
	686272  -  ResidentSetSize of job (KB)
...
006 (6704869.000.000) 06/04 12:41:12 Image size of job updated: 1728828
	983  -  MemoryUsage of job (MB)
	1005688  -  ResidentSetSize of job (KB)
...
006 (6714385.000.000) 06/04 12:41:47 Image size of job updated: 1404096
	671  -  MemoryUsage of job (MB)
	686272  -  ResidentSetSize of job (KB)
...
006 (6704869.000.000) 06/04 12:46:12 Image size of job updated: 1729468
	983  -  MemoryUsage of job (MB)
	1005688  -  ResidentSetSize of job (KB)
...
006 (6714385.000.000) 06/04 12:46:47 Image size of job updated: 1405300
	671  -  MemoryUsage of job (MB)
	686272  -  ResidentSetSize of job (KB)
...
006 (6704869.000.000) 06/04 12:51:13 Image size of job updated: 1730384
	983  -  MemoryUsage of job (MB)
	1005688  -  ResidentSetSize of job (KB)
...
006 (6714385.000.000) 06/04 12:51:48 Image size of job updated: 1406548
	671  -  MemoryUsage of job (MB)
	686272  -  ResidentSetSize of job (KB)
...
006 (6704869.000.000) 06/04 12:56:14 Image size of job updated: 1731204
	983  -  MemoryUsage of job (MB)
	1005688  -  ResidentSetSize of job (KB)
...
006 (6714385.000.000) 06/04 12:56:48 Image size of job updated: 1407760
	671  -  MemoryUsage of job (MB)
	686272  -  ResidentSetSize of job (KB)
...
006 (6704869.000.000) 06/04 13:01:14 Image size of job updated: 1732080
	983  -  MemoryUsage of job (MB)
	1005688  -  ResidentSetSize of job (KB)
...
006 (6714385.000.000) 06/04 13:01:48 Image size of job updated: 1409192
	671  -  MemoryUsage of job (MB)
	686272  -  ResidentSetSize of job (KB)
...
006 (6704869.000.000) 06/04 13:06:15 Image size of job updated: 1732848
	983  -  MemoryUsage of job (MB)
	1005688  -  ResidentSetSize of job (KB)
...
006 (6714385.000.000) 06/04 13:06:49 Image size of job updated: 1410444
	671  -  MemoryUsage of job (MB)
	686272  -  ResidentSetSize of job (KB)
...
006 (6704869.000.000) 06/04 13:11:16 Image size of job updated: 1733704
	983  -  MemoryUsage of job (MB)
	1005688  -  ResidentSetSize of job (KB)
...
006 (6714385.000.000) 06/04 13:11:50 Image size of job updated: 1411676
	671  -  MemoryUsage of job (MB)
	686272  -  ResidentSetSize of job (KB)
...
006 (6704869.000.000) 06/04 13:16:16 Image size of job updated: 1734528
	994  -  MemoryUsage of job (MB)
	1017732  -  ResidentSetSize of job (KB)
...
006 (6714385.000.000) 06/04 13:16:50 Image size of job updated: 1412576
	671  -  MemoryUsage of job (MB)
	686272  -  ResidentSetSize of job (KB)
...
006 (6704869.000.000) 06/04 13:21:17 Image size of job updated: 1735184
	994  -  MemoryUsage of job (MB)
	1017732  -  ResidentSetSize of job (KB)
...
006 (6714385.000.000) 06/04 13:21:51 Image size of job updated: 1413648
	671  -  MemoryUsage of job (MB)
	686272  -  ResidentSetSize of job (KB)
...
006 (6704869.000.000) 06/04 13:26:18 Image size of job updated: 1736012
	994  -  MemoryUsage of job (MB)
	1017732  -  ResidentSetSize of job (KB)
...
006 (6714385.000.000) 06/04 13:26:52 Image size of job updated: 1415004
	671  -  MemoryUsage of job (MB)
	686272  -  ResidentSetSize of job (KB)
...
006 (6704869.000.000) 06/04 13:31:18 Image size of job updated: 1736928
	994  -  MemoryUsage of job (MB)
	1017732  -  ResidentSetSize of job (KB)
...
006 (6714385.000.000) 06/04 13:31:52 Image size of job updated: 1416320
	671  -  MemoryUsage of job (MB)
	686272  -  ResidentSetSize of job (KB)
...
006 (6704869.000.000) 06/04 13:36:18 Image size of job updated: 1737624
	994  -  MemoryUsage of job (MB)
	1017732  -  ResidentSetSize of job (KB)
...
006 (6714385.000.000) 06/04 13:36:53 Image size of job updated: 1417508
	671  -  MemoryUsage of job (MB)
	686272  -  ResidentSetSize of job (KB)
...
006 (6704869.000.000) 06/04 13:41:19 Image size of job updated: 1738500
	994  -  MemoryUsage of job (MB)
	1017732  -  ResidentSetSize of job (KB)
...
006 (6714385.000.000) 06/04 13:41:54 Image size of job updated: 1418820
	671  -  MemoryUsage of job (MB)
	686272  -  ResidentSetSize of job (KB)
...
006 (6704869.000.000) 06/04 13:46:19 Image size of job updated: 1739320
	994  -  MemoryUsage of job (MB)
	1017732  -  ResidentSetSize of job (KB)
...
006 (6714385.000.000) 06/04 13:46:54 Image size of job updated: 1420120
	671  -  MemoryUsage of job (MB)
	686272  -  ResidentSetSize of job (KB)
...
006 (6704869.000.000) 06/04 13:51:19 Image size of job updated: 1740148
	994  -  MemoryUsage of job (MB)
	1017732  -  ResidentSetSize of job (KB)
...
006 (6714385.000.000) 06/04 13:51:54 Image size of job updated: 1421548
	671  -  MemoryUsage of job (MB)
	686272  -  ResidentSetSize of job (KB)
...
006 (6704869.000.000) 06/04 13:56:20 Image size of job updated: 1740844
	994  -  MemoryUsage of job (MB)
	1017732  -  ResidentSetSize of job (KB)
...
006 (6714385.000.000) 06/04 13:56:55 Image size of job updated: 1422812
	671  -  MemoryUsage of job (MB)
	686272  -  ResidentSetSize of job (KB)
...
006 (6704869.000.000) 06/04 14:01:20 Image size of job updated: 1741680
	994  -  MemoryUsage of job (MB)
	1017732  -  ResidentSetSize of job (KB)
...
006 (6714385.000.000) 06/04 14:01:55 Image size of job updated: 1423976
	671  -  MemoryUsage of job (MB)
	686272  -  ResidentSetSize of job (KB)
...
006 (6704869.000.000) 06/04 14:06:20 Image size of job updated: 1742532
	994  -  MemoryUsage of job (MB)
	1017732  -  ResidentSetSize of job (KB)
...
006 (6714385.000.000) 06/04 14:06:55 Image size of job updated: 1425076
	671  -  MemoryUsage of job (MB)
	686272  -  ResidentSetSize of job (KB)
...
006 (6704869.000.000) 06/04 14:11:21 Image size of job updated: 1743260
	994  -  MemoryUsage of job (MB)
	1017732  -  ResidentSetSize of job (KB)
...
006 (6714385.000.000) 06/04 14:11:56 Image size of job updated: 1426104
	671  -  MemoryUsage of job (MB)
	686272  -  ResidentSetSize of job (KB)
...
006 (6704869.000.000) 06/04 14:16:22 Image size of job updated: 1744096
	994  -  MemoryUsage of job (MB)
	1017732  -  ResidentSetSize of job (KB)
...
006 (6714385.000.000) 06/04 14:16:57 Image size of job updated: 1427120
	671  -  MemoryUsage of job (MB)
	686272  -  ResidentSetSize of job (KB)
...
006 (6704869.000.000) 06/04 14:21:22 Image size of job updated: 1744876
	994  -  MemoryUsage of job (MB)
	1017732  -  ResidentSetSize of job (KB)
...
006 (6714385.000.000) 06/04 14:21:57 Image size of job updated: 1428168
	671  -  MemoryUsage of job (MB)
	686272  -  ResidentSetSize of job (KB)
...
006 (6704869.000.000) 06/04 14:26:23 Image size of job updated: 1745684
	994  -  MemoryUsage of job (MB)
	1017732  -  ResidentSetSize of job (KB)
...
006 (6714385.000.000) 06/04 14:26:58 Image size of job updated: 1429228
	671  -  MemoryUsage of job (MB)
	686272  -  ResidentSetSize of job (KB)
...
006 (6704869.000.000) 06/04 14:31:24 Image size of job updated: 1746504
	994  -  MemoryUsage of job (MB)
	1017732  -  ResidentSetSize of job (KB)
...
006 (6714385.000.000) 06/04 14:31:59 Image size of job updated: 1430320
	671  -  MemoryUsage of job (MB)
	686272  -  ResidentSetSize of job (KB)
...
006 (6704869.000.000) 06/04 14:36:24 Image size of job updated: 1747324
	994  -  MemoryUsage of job (MB)
	1017732  -  ResidentSetSize of job (KB)
...
006 (6714385.000.000) 06/04 14:36:59 Image size of job updated: 1431480
	671  -  MemoryUsage of job (MB)
	686272  -  ResidentSetSize of job (KB)
...
006 (6704869.000.000) 06/04 14:41:25 Image size of job updated: 1748052
	994  -  MemoryUsage of job (MB)
	1017732  -  ResidentSetSize of job (KB)
...
006 (6714385.000.000) 06/04 14:42:00 Image size of job updated: 1432760
	671  -  MemoryUsage of job (MB)
	686272  -  ResidentSetSize of job (KB)
...
006 (6704869.000.000) 06/04 14:46:26 Image size of job updated: 1748904
	994  -  MemoryUsage of job (MB)
	1017732  -  ResidentSetSize of job (KB)
...
006 (6714385.000.000) 06/04 14:47:01 Image size of job updated: 1433948
	671  -  MemoryUsage of job (MB)
	686272  -  ResidentSetSize of job (KB)
...
006 (6704869.000.000) 06/04 14:51:26 Image size of job updated: 1749780
	994  -  MemoryUsage of job (MB)
	1017732  -  ResidentSetSize of job (KB)
...
006 (6714385.000.000) 06/04 14:52:01 Image size of job updated: 1435168
	671  -  MemoryUsage of job (MB)
	686272  -  ResidentSetSize of job (KB)
...
006 (6704869.000.000) 06/04 14:56:26 Image size of job updated: 1750632
	994  -  MemoryUsage of job (MB)
	1017732  -  ResidentSetSize of job (KB)
...
006 (6714385.000.000) 06/04 14:57:01 Image size of job updated: 1436220
	674  -  MemoryUsage of job (MB)
	690036  -  ResidentSetSize of job (KB)
...
006 (6704869.000.000) 06/04 15:01:27 Image size of job updated: 1751296
	994  -  MemoryUsage of job (MB)
	1017732  -  ResidentSetSize of job (KB)
...
006 (6714385.000.000) 06/04 15:02:02 Image size of job updated: 1437472
	690  -  MemoryUsage of job (MB)
	705688  -  ResidentSetSize of job (KB)
...
006 (6704869.000.000) 06/04 15:06:27 Image size of job updated: 1752092
	994  -  MemoryUsage of job (MB)
	1017732  -  ResidentSetSize of job (KB)
...
006 (6714385.000.000) 06/04 15:07:02 Image size of job updated: 1438548
	690  -  MemoryUsage of job (MB)
	705688  -  ResidentSetSize of job (KB)
...
006 (6704869.000.000) 06/04 15:11:27 Image size of job updated: 1752984
	994  -  MemoryUsage of job (MB)
	1017732  -  ResidentSetSize of job (KB)
...
006 (6714385.000.000) 06/04 15:12:02 Image size of job updated: 1439600
	690  -  MemoryUsage of job (MB)
	705688  -  ResidentSetSize of job (KB)
...
006 (6704869.000.000) 06/04 15:16:28 Image size of job updated: 1753632
	994  -  MemoryUsage of job (MB)
	1017732  -  ResidentSetSize of job (KB)
...
006 (6714385.000.000) 06/04 15:17:03 Image size of job updated: 1440756
	690  -  MemoryUsage of job (MB)
	705688  -  ResidentSetSize of job (KB)
...
006 (6704869.000.000) 06/04 15:21:29 Image size of job updated: 1754452
	994  -  MemoryUsage of job (MB)
	1017732  -  ResidentSetSize of job (KB)
...
006 (6714385.000.000) 06/04 15:22:03 Image size of job updated: 1441892
	690  -  MemoryUsage of job (MB)
	705688  -  ResidentSetSize of job (KB)
...
006 (6704869.000.000) 06/04 15:26:29 Image size of job updated: 1755312
	994  -  MemoryUsage of job (MB)
	1017732  -  ResidentSetSize of job (KB)
...
006 (6714385.000.000) 06/04 15:27:03 Image size of job updated: 1443080
	690  -  MemoryUsage of job (MB)
	705688  -  ResidentSetSize of job (KB)
...
006 (6704869.000.000) 06/04 15:31:30 Image size of job updated: 1755912
	994  -  MemoryUsage of job (MB)
	1017732  -  ResidentSetSize of job (KB)
...
006 (6714385.000.000) 06/04 15:32:04 Image size of job updated: 1444240
	690  -  MemoryUsage of job (MB)
	705688  -  ResidentSetSize of job (KB)
...
006 (6704869.000.000) 06/04 15:36:31 Image size of job updated: 1756852
	994  -  MemoryUsage of job (MB)
	1017732  -  ResidentSetSize of job (KB)
...
006 (6714385.000.000) 06/04 15:37:04 Image size of job updated: 1445456
	690  -  MemoryUsage of job (MB)
	705688  -  ResidentSetSize of job (KB)
...
006 (6704869.000.000) 06/04 15:41:31 Image size of job updated: 1757624
	994  -  MemoryUsage of job (MB)
	1017732  -  ResidentSetSize of job (KB)
...
006 (6714385.000.000) 06/04 15:42:04 Image size of job updated: 1446604
	690  -  MemoryUsage of job (MB)
	705688  -  ResidentSetSize of job (KB)
...
006 (6704869.000.000) 06/04 15:46:31 Image size of job updated: 1758392
	994  -  MemoryUsage of job (MB)
	1017732  -  ResidentSetSize of job (KB)
...
006 (6714385.000.000) 06/04 15:47:05 Image size of job updated: 1447704
	690  -  MemoryUsage of job (MB)
	705688  -  ResidentSetSize of job (KB)
...
006 (6704869.000.000) 06/04 15:51:32 Image size of job updated: 1759112
	994  -  MemoryUsage of job (MB)
	1017732  -  ResidentSetSize of job (KB)
...
006 (6714385.000.000) 06/04 15:52:06 Image size of job updated: 1448860
	690  -  MemoryUsage of job (MB)
	705688  -  ResidentSetSize of job (KB)
...
006 (6704869.000.000) 06/04 15:56:32 Image size of job updated: 1759928
	994  -  MemoryUsage of job (MB)
	1017732  -  ResidentSetSize of job (KB)
...
006 (6714385.000.000) 06/04 15:57:06 Image size of job updated: 1449852
	690  -  MemoryUsage of job (MB)
	705688  -  ResidentSetSize of job (KB)
...
006 (6704869.000.000) 06/04 16:01:32 Image size of job updated: 1760464
	994  -  MemoryUsage of job (MB)
	1017732  -  ResidentSetSize of job (KB)
...
006 (6714385.000.000) 06/04 16:02:07 Image size of job updated: 1450996
	690  -  MemoryUsage of job (MB)
	705688  -  ResidentSetSize of job (KB)
...
006 (6704869.000.000) 06/04 16:06:33 Image size of job updated: 1761212
	994  -  MemoryUsage of job (MB)
	1017732  -  ResidentSetSize of job (KB)
...
006 (6714385.000.000) 06/04 16:07:08 Image size of job updated: 1452144
	690  -  MemoryUsage of job (MB)
	705688  -  ResidentSetSize of job (KB)
...
006 (6704869.000.000) 06/04 16:11:33 Image size of job updated: 1761740
	994  -  MemoryUsage of job (MB)
	1017732  -  ResidentSetSize of job (KB)
...
006 (6714385.000.000) 06/04 16:12:08 Image size of job updated: 1453256
	690  -  MemoryUsage of job (MB)
	705688  -  ResidentSetSize of job (KB)
...
006 (6704869.000.000) 06/04 16:16:33 Image size of job updated: 1762608
	1002  -  MemoryUsage of job (MB)
	1025476  -  ResidentSetSize of job (KB)
...
006 (6714385.000.000) 06/04 16:17:09 Image size of job updated: 1454424
	690  -  MemoryUsage of job (MB)
	705688  -  ResidentSetSize of job (KB)
...
006 (6704869.000.000) 06/04 16:21:34 Image size of job updated: 1763420
	1008  -  MemoryUsage of job (MB)
	1031324  -  ResidentSetSize of job (KB)
...
006 (6714385.000.000) 06/04 16:22:10 Image size of job updated: 1455696
	690  -  MemoryUsage of job (MB)
	705688  -  ResidentSetSize of job (KB)
...
006 (6704869.000.000) 06/04 16:26:34 Image size of job updated: 1764116
	1015  -  MemoryUsage of job (MB)
	1039128  -  ResidentSetSize of job (KB)
...
006 (6714385.000.000) 06/04 16:27:10 Image size of job updated: 1456744
	690  -  MemoryUsage of job (MB)
	705688  -  ResidentSetSize of job (KB)
...
006 (6704869.000.000) 06/04 16:31:34 Image size of job updated: 1764896
	1023  -  MemoryUsage of job (MB)
	1046784  -  ResidentSetSize of job (KB)
...
006 (6714385.000.000) 06/04 16:32:11 Image size of job updated: 1457808
	690  -  MemoryUsage of job (MB)
	705688  -  ResidentSetSize of job (KB)
...
006 (6704869.000.000) 06/04 16:36:35 Image size of job updated: 1765536
	1023  -  MemoryUsage of job (MB)
	1046784  -  ResidentSetSize of job (KB)
...
006 (6714385.000.000) 06/04 16:37:12 Image size of job updated: 1459008
	690  -  MemoryUsage of job (MB)
	705688  -  ResidentSetSize of job (KB)
...
006 (6704869.000.000) 06/04 16:41:36 Image size of job updated: 1766396
	1023  -  MemoryUsage of job (MB)
	1046784  -  ResidentSetSize of job (KB)
...
006 (6714385.000.000) 06/04 16:42:12 Image size of job updated: 1459928
	690  -  MemoryUsage of job (MB)
	705688  -  ResidentSetSize of job (KB)
...
006 (6704869.000.000) 06/04 16:46:36 Image size of job updated: 1767312
	1023  -  MemoryUsage of job (MB)
	1046784  -  ResidentSetSize of job (KB)
...
006 (6714385.000.000) 06/04 16:47:12 Image size of job updated: 1461028
	690  -  MemoryUsage of job (MB)
	705688  -  ResidentSetSize of job (KB)
...
006 (6704869.000.000) 06/04 16:51:37 Image size of job updated: 1768084
	1023  -  MemoryUsage of job (MB)
	1046784  -  ResidentSetSize of job (KB)
...
006 (6714385.000.000) 06/04 16:52:13 Image size of job updated: 1462196
	690  -  MemoryUsage of job (MB)
	705688  -  ResidentSetSize of job (KB)
...
006 (6704869.000.000) 06/04 16:56:38 Image size of job updated: 1768708
	1023  -  MemoryUsage of job (MB)
	1046784  -  ResidentSetSize of job (KB)
...
006 (6714385.000.000) 06/04 16:57:13 Image size of job updated: 1463408
	690  -  MemoryUsage of job (MB)
	705688  -  ResidentSetSize of job (KB)
...
006 (6704869.000.000) 06/04 17:01:38 Image size of job updated: 1769440
	1023  -  MemoryUsage of job (MB)
	1046784  -  ResidentSetSize of job (KB)
...
006 (6714385.000.000) 06/04 17:02:13 Image size of job updated: 1464336
	690  -  MemoryUsage of job (MB)
	705688  -  ResidentSetSize of job (KB)
...
006 (6704869.000.000) 06/04 17:06:39 Image size of job updated: 1770144
	1023  -  MemoryUsage of job (MB)
	1046784  -  ResidentSetSize of job (KB)
...
006 (6714385.000.000) 06/04 17:07:14 Image size of job updated: 1465496
	690  -  MemoryUsage of job (MB)
	705688  -  ResidentSetSize of job (KB)
...
006 (6704869.000.000) 06/04 17:11:40 Image size of job updated: 1770908
	1023  -  MemoryUsage of job (MB)
	1046784  -  ResidentSetSize of job (KB)
...
006 (6714385.000.000) 06/04 17:12:15 Image size of job updated: 1466488
	690  -  MemoryUsage of job (MB)
	705688  -  ResidentSetSize of job (KB)
...
006 (6704869.000.000) 06/04 17:16:40 Image size of job updated: 1771692
	1023  -  MemoryUsage of job (MB)
	1046784  -  ResidentSetSize of job (KB)
...
006 (6714385.000.000) 06/04 17:17:15 Image size of job updated: 1467688
	691  -  MemoryUsage of job (MB)
	707488  -  ResidentSetSize of job (KB)
...
006 (6704869.000.000) 06/04 17:21:40 Image size of job updated: 1772448
	1023  -  MemoryUsage of job (MB)
	1046784  -  ResidentSetSize of job (KB)
...
006 (6714385.000.000) 06/04 17:22:16 Image size of job updated: 1468688
	691  -  MemoryUsage of job (MB)
	707488  -  ResidentSetSize of job (KB)
...
006 (6704869.000.000) 06/04 17:26:41 Image size of job updated: 1773252
	1023  -  MemoryUsage of job (MB)
	1046784  -  ResidentSetSize of job (KB)
...
006 (6714385.000.000) 06/04 17:27:17 Image size of job updated: 1469876
	691  -  MemoryUsage of job (MB)
	707488  -  ResidentSetSize of job (KB)
...
006 (6704869.000.000) 06/04 17:31:42 Image size of job updated: 1774064
	1023  -  MemoryUsage of job (MB)
	1046784  -  ResidentSetSize of job (KB)
...
006 (6714385.000.000) 06/04 17:32:17 Image size of job updated: 1470968
	691  -  MemoryUsage of job (MB)
	707488  -  ResidentSetSize of job (KB)
...
006 (6704869.000.000) 06/04 17:36:42 Image size of job updated: 1774696
	1023  -  MemoryUsage of job (MB)
	1046784  -  ResidentSetSize of job (KB)
...
006 (6714385.000.000) 06/04 17:37:17 Image size of job updated: 1472060
	691  -  MemoryUsage of job (MB)
	707488  -  ResidentSetSize of job (KB)
...
006 (6704869.000.000) 06/04 17:41:43 Image size of job updated: 1775532
	1023  -  MemoryUsage of job (MB)
	1046784  -  ResidentSetSize of job (KB)
...
006 (6714385.000.000) 06/04 17:42:18 Image size of job updated: 1473296
	719  -  MemoryUsage of job (MB)
	735892  -  ResidentSetSize of job (KB)
...
006 (6704869.000.000) 06/04 17:46:44 Image size of job updated: 1776352
	1023  -  MemoryUsage of job (MB)
	1046784  -  ResidentSetSize of job (KB)
...
006 (6714385.000.000) 06/04 17:47:18 Image size of job updated: 1474180
	722  -  MemoryUsage of job (MB)
	739304  -  ResidentSetSize of job (KB)
...
006 (6704869.000.000) 06/04 17:51:44 Image size of job updated: 1777008
	1023  -  MemoryUsage of job (MB)
	1046784  -  ResidentSetSize of job (KB)
...
006 (6714385.000.000) 06/04 17:52:18 Image size of job updated: 1475184
	722  -  MemoryUsage of job (MB)
	739304  -  ResidentSetSize of job (KB)
...
006 (6704869.000.000) 06/04 17:56:45 Image size of job updated: 1777736
	1023  -  MemoryUsage of job (MB)
	1046784  -  ResidentSetSize of job (KB)
...
006 (6714385.000.000) 06/04 17:57:19 Image size of job updated: 1476292
	722  -  MemoryUsage of job (MB)
	739304  -  ResidentSetSize of job (KB)
...
006 (6704869.000.000) 06/04 18:01:46 Image size of job updated: 1778488
	1023  -  MemoryUsage of job (MB)
	1046784  -  ResidentSetSize of job (KB)
...
006 (6714385.000.000) 06/04 18:02:19 Image size of job updated: 1477404
	722  -  MemoryUsage of job (MB)
	739304  -  ResidentSetSize of job (KB)
...
006 (6704869.000.000) 06/04 18:06:46 Image size of job updated: 1779184
	1023  -  MemoryUsage of job (MB)
	1046784  -  ResidentSetSize of job (KB)
...
006 (6714385.000.000) 06/04 18:07:19 Image size of job updated: 1478352
	723  -  MemoryUsage of job (MB)
	739700  -  ResidentSetSize of job (KB)
...
006 (6704869.000.000) 06/04 18:11:46 Image size of job updated: 1779940
	1023  -  MemoryUsage of job (MB)
	1046784  -  ResidentSetSize of job (KB)
...
006 (6714385.000.000) 06/04 18:12:20 Image size of job updated: 1479500
	731  -  MemoryUsage of job (MB)
	748328  -  ResidentSetSize of job (KB)
...
006 (6704869.000.000) 06/04 18:16:47 Image size of job updated: 1780640
	1023  -  MemoryUsage of job (MB)
	1046784  -  ResidentSetSize of job (KB)
...
006 (6714385.000.000) 06/04 18:17:21 Image size of job updated: 1480528
	737  -  MemoryUsage of job (MB)
	754528  -  ResidentSetSize of job (KB)
...
006 (6704869.000.000) 06/04 18:21:47 Image size of job updated: 1781360
	1023  -  MemoryUsage of job (MB)
	1046784  -  ResidentSetSize of job (KB)
...
006 (6714385.000.000) 06/04 18:22:21 Image size of job updated: 1481724
	737  -  MemoryUsage of job (MB)
	754528  -  ResidentSetSize of job (KB)
...
006 (6704869.000.000) 06/04 18:26:47 Image size of job updated: 1782228
	1023  -  MemoryUsage of job (MB)
	1046784  -  ResidentSetSize of job (KB)
...
006 (6714385.000.000) 06/04 18:27:22 Image size of job updated: 1482760
	737  -  MemoryUsage of job (MB)
	754528  -  ResidentSetSize of job (KB)
...
006 (6704869.000.000) 06/04 18:31:48 Image size of job updated: 1782876
	1023  -  MemoryUsage of job (MB)
	1046784  -  ResidentSetSize of job (KB)
...
006 (6714385.000.000) 06/04 18:32:23 Image size of job updated: 1483984
	737  -  MemoryUsage of job (MB)
	754528  -  ResidentSetSize of job (KB)
...
006 (6704869.000.000) 06/04 18:36:49 Image size of job updated: 1783624
	1023  -  MemoryUsage of job (MB)
	1046784  -  ResidentSetSize of job (KB)
...
006 (6714385.000.000) 06/04 18:37:23 Image size of job updated: 1485100
	737  -  MemoryUsage of job (MB)
	754528  -  ResidentSetSize of job (KB)
...
006 (6704869.000.000) 06/04 18:41:49 Image size of job updated: 1784436
	1023  -  MemoryUsage of job (MB)
	1046784  -  ResidentSetSize of job (KB)
...
006 (6714385.000.000) 06/04 18:42:24 Image size of job updated: 1486224
	737  -  MemoryUsage of job (MB)
	754528  -  ResidentSetSize of job (KB)
...
006 (6704869.000.000) 06/04 18:46:50 Image size of job updated: 1785052
	1024  -  MemoryUsage of job (MB)
	1047908  -  ResidentSetSize of job (KB)
...
006 (6714385.000.000) 06/04 18:47:25 Image size of job updated: 1487356
	737  -  MemoryUsage of job (MB)
	754528  -  ResidentSetSize of job (KB)
...
006 (6704869.000.000) 06/04 18:51:51 Image size of job updated: 1785860
	1026  -  MemoryUsage of job (MB)
	1050580  -  ResidentSetSize of job (KB)
...
006 (6714385.000.000) 06/04 18:52:25 Image size of job updated: 1488480
	737  -  MemoryUsage of job (MB)
	754528  -  ResidentSetSize of job (KB)
...
006 (6704869.000.000) 06/04 18:56:51 Image size of job updated: 1786628
	1026  -  MemoryUsage of job (MB)
	1050580  -  ResidentSetSize of job (KB)
...
006 (6714385.000.000) 06/04 18:57:25 Image size of job updated: 1489444
	737  -  MemoryUsage of job (MB)
	754528  -  ResidentSetSize of job (KB)
...
006 (6704869.000.000) 06/04 19:01:52 Image size of job updated: 1787276
	1037  -  MemoryUsage of job (MB)
	1061440  -  ResidentSetSize of job (KB)
...
006 (6714385.000.000) 06/04 19:02:26 Image size of job updated: 1490696
	737  -  MemoryUsage of job (MB)
	754528  -  ResidentSetSize of job (KB)
...
006 (6704869.000.000) 06/04 19:06:53 Image size of job updated: 1788060
	1045  -  MemoryUsage of job (MB)
	1069196  -  ResidentSetSize of job (KB)
...
006 (6714385.000.000) 06/04 19:07:26 Image size of job updated: 1491800
	737  -  MemoryUsage of job (MB)
	754528  -  ResidentSetSize of job (KB)
...
006 (6704869.000.000) 06/04 19:11:53 Image size of job updated: 1788664
	1045  -  MemoryUsage of job (MB)
	1069196  -  ResidentSetSize of job (KB)
...
006 (6714385.000.000) 06/04 19:12:26 Image size of job updated: 1492620
	737  -  MemoryUsage of job (MB)
	754528  -  ResidentSetSize of job (KB)
...
006 (6704869.000.000) 06/04 19:16:53 Image size of job updated: 1789388
	1045  -  MemoryUsage of job (MB)
	1069196  -  ResidentSetSize of job (KB)
...
006 (6714385.000.000) 06/04 19:17:27 Image size of job updated: 1494004
	737  -  MemoryUsage of job (MB)
	754528  -  ResidentSetSize of job (KB)
...
006 (6704869.000.000) 06/04 19:21:54 Image size of job updated: 1790128
	1045  -  MemoryUsage of job (MB)
	1069196  -  ResidentSetSize of job (KB)
...
006 (6714385.000.000) 06/04 19:22:28 Image size of job updated: 1494888
	737  -  MemoryUsage of job (MB)
	754528  -  ResidentSetSize of job (KB)
...
006 (6704869.000.000) 06/04 19:26:54 Image size of job updated: 1790764
	1045  -  MemoryUsage of job (MB)
	1069196  -  ResidentSetSize of job (KB)
...
006 (6714385.000.000) 06/04 19:27:28 Image size of job updated: 1495896
	737  -  MemoryUsage of job (MB)
	754528  -  ResidentSetSize of job (KB)
...
006 (6704869.000.000) 06/04 19:31:54 Image size of job updated: 1791540
	1045  -  MemoryUsage of job (MB)
	1069196  -  ResidentSetSize of job (KB)
...
006 (6714385.000.000) 06/04 19:32:29 Image size of job updated: 1497208
	737  -  MemoryUsage of job (MB)
	754528  -  ResidentSetSize of job (KB)
...
006 (6704869.000.000) 06/04 19:36:55 Image size of job updated: 1792180
	1047  -  MemoryUsage of job (MB)
	1071740  -  ResidentSetSize of job (KB)
...
006 (6714385.000.000) 06/04 19:37:30 Image size of job updated: 1498368
	737  -  MemoryUsage of job (MB)
	754528  -  ResidentSetSize of job (KB)
...
006 (6704869.000.000) 06/04 19:41:56 Image size of job updated: 1792928
	1047  -  MemoryUsage of job (MB)
	1071740  -  ResidentSetSize of job (KB)
...
006 (6714385.000.000) 06/04 19:42:30 Image size of job updated: 1499524
	737  -  MemoryUsage of job (MB)
	754528  -  ResidentSetSize of job (KB)
...
006 (6704869.000.000) 06/04 19:46:56 Image size of job updated: 1793440
	1047  -  MemoryUsage of job (MB)
	1071740  -  ResidentSetSize of job (KB)
...
006 (6714385.000.000) 06/04 19:47:30 Image size of job updated: 1500624
	737  -  MemoryUsage of job (MB)
	754528  -  ResidentSetSize of job (KB)
...
006 (6704869.000.000) 06/04 19:51:57 Image size of job updated: 1794300
	1047  -  MemoryUsage of job (MB)
	1071740  -  ResidentSetSize of job (KB)
...
006 (6714385.000.000) 06/04 19:52:31 Image size of job updated: 1501740
	737  -  MemoryUsage of job (MB)
	754528  -  ResidentSetSize of job (KB)
...
006 (6704869.000.000) 06/04 19:56:58 Image size of job updated: 1795040
	1047  -  MemoryUsage of job (MB)
	1071740  -  ResidentSetSize of job (KB)
...
006 (6714385.000.000) 06/04 19:57:31 Image size of job updated: 1502864
	737  -  MemoryUsage of job (MB)
	754528  -  ResidentSetSize of job (KB)
...
006 (6704869.000.000) 06/04 20:01:58 Image size of job updated: 1795720
	1047  -  MemoryUsage of job (MB)
	1071740  -  ResidentSetSize of job (KB)
...
006 (6714385.000.000) 06/04 20:02:31 Image size of job updated: 1503976
	737  -  MemoryUsage of job (MB)
	754528  -  ResidentSetSize of job (KB)
...
006 (6704869.000.000) 06/04 20:06:58 Image size of job updated: 1796508
	1047  -  MemoryUsage of job (MB)
	1071740  -  ResidentSetSize of job (KB)
...
006 (6714385.000.000) 06/04 20:07:32 Image size of job updated: 1505092
	737  -  MemoryUsage of job (MB)
	754528  -  ResidentSetSize of job (KB)
...
006 (6704869.000.000) 06/04 20:11:59 Image size of job updated: 1797160
	1047  -  MemoryUsage of job (MB)
	1071740  -  ResidentSetSize of job (KB)
...
006 (6714385.000.000) 06/04 20:12:33 Image size of job updated: 1506160
	737  -  MemoryUsage of job (MB)
	754528  -  ResidentSetSize of job (KB)
...
006 (6704869.000.000) 06/04 20:16:59 Image size of job updated: 1797864
	1047  -  MemoryUsage of job (MB)
	1071740  -  ResidentSetSize of job (KB)
...
006 (6714385.000.000) 06/04 20:17:33 Image size of job updated: 1507276
	737  -  MemoryUsage of job (MB)
	754528  -  ResidentSetSize of job (KB)
...
006 (6704869.000.000) 06/04 20:21:59 Image size of job updated: 1798664
	1047  -  MemoryUsage of job (MB)
	1071740  -  ResidentSetSize of job (KB)
...
006 (6714385.000.000) 06/04 20:22:34 Image size of job updated: 1508388
	737  -  MemoryUsage of job (MB)
	754528  -  ResidentSetSize of job (KB)
...
006 (6704869.000.000) 06/04 20:27:01 Image size of job updated: 1799512
	1047  -  MemoryUsage of job (MB)
	1071740  -  ResidentSetSize of job (KB)
...
006 (6714385.000.000) 06/04 20:27:35 Image size of job updated: 1509460
	737  -  MemoryUsage of job (MB)
	754528  -  ResidentSetSize of job (KB)
...
006 (6704869.000.000) 06/04 20:32:01 Image size of job updated: 1800168
	1047  -  MemoryUsage of job (MB)
	1071740  -  ResidentSetSize of job (KB)
...
006 (6714385.000.000) 06/04 20:32:35 Image size of job updated: 1510624
	737  -  MemoryUsage of job (MB)
	754528  -  ResidentSetSize of job (KB)
...
006 (6704869.000.000) 06/04 20:37:01 Image size of job updated: 1800932
	1047  -  MemoryUsage of job (MB)
	1071740  -  ResidentSetSize of job (KB)
...
006 (6714385.000.000) 06/04 20:37:36 Image size of job updated: 1511584
	737  -  MemoryUsage of job (MB)
	754528  -  ResidentSetSize of job (KB)
...
006 (6704869.000.000) 06/04 20:42:02 Image size of job updated: 1801484
	1047  -  MemoryUsage of job (MB)
	1071740  -  ResidentSetSize of job (KB)
...
006 (6714385.000.000) 06/04 20:42:37 Image size of job updated: 1512644
	737  -  MemoryUsage of job (MB)
	754528  -  ResidentSetSize of job (KB)
...
006 (6704869.000.000) 06/04 20:47:03 Image size of job updated: 1802368
	1047  -  MemoryUsage of job (MB)
	1071740  -  ResidentSetSize of job (KB)
...
006 (6714385.000.000) 06/04 20:47:37 Image size of job updated: 1513780
	737  -  MemoryUsage of job (MB)
	754528  -  ResidentSetSize of job (KB)
...
006 (6704869.000.000) 06/04 20:52:03 Image size of job updated: 1803068
	1047  -  MemoryUsage of job (MB)
	1071740  -  ResidentSetSize of job (KB)
...
006 (6714385.000.000) 06/04 20:52:37 Image size of job updated: 1514876
	741  -  MemoryUsage of job (MB)
	758072  -  ResidentSetSize of job (KB)
...
006 (6704869.000.000) 06/04 20:57:04 Image size of job updated: 1803756
	1047  -  MemoryUsage of job (MB)
	1071740  -  ResidentSetSize of job (KB)
...
006 (6714385.000.000) 06/04 20:57:38 Image size of job updated: 1516004
	741  -  MemoryUsage of job (MB)
	758072  -  ResidentSetSize of job (KB)
...
006 (6704869.000.000) 06/04 21:02:05 Image size of job updated: 1804496
	1047  -  MemoryUsage of job (MB)
	1071740  -  ResidentSetSize of job (KB)
...
006 (6714385.000.000) 06/04 21:02:39 Image size of job updated: 1517088
	741  -  MemoryUsage of job (MB)
	758072  -  ResidentSetSize of job (KB)
...
006 (6704869.000.000) 06/04 21:07:05 Image size of job updated: 1805276
	1047  -  MemoryUsage of job (MB)
	1071896  -  ResidentSetSize of job (KB)
...
006 (6714385.000.000) 06/04 21:07:39 Image size of job updated: 1518220
	741  -  MemoryUsage of job (MB)
	758072  -  ResidentSetSize of job (KB)
...
006 (6704869.000.000) 06/04 21:12:05 Image size of job updated: 1805932
	1059  -  MemoryUsage of job (MB)
	1083620  -  ResidentSetSize of job (KB)
...
006 (6714385.000.000) 06/04 21:12:40 Image size of job updated: 1519316
	741  -  MemoryUsage of job (MB)
	758072  -  ResidentSetSize of job (KB)
...
006 (6704869.000.000) 06/04 21:17:06 Image size of job updated: 1806640
	1067  -  MemoryUsage of job (MB)
	1092596  -  ResidentSetSize of job (KB)
...
006 (6714385.000.000) 06/04 21:17:41 Image size of job updated: 1520280
	785  -  MemoryUsage of job (MB)
	803380  -  ResidentSetSize of job (KB)
...
006 (6704869.000.000) 06/04 21:22:06 Image size of job updated: 1807264
	1067  -  MemoryUsage of job (MB)
	1092596  -  ResidentSetSize of job (KB)
...
006 (6714385.000.000) 06/04 21:22:41 Image size of job updated: 1521520
	785  -  MemoryUsage of job (MB)
	803380  -  ResidentSetSize of job (KB)
...
006 (6704869.000.000) 06/04 21:27:06 Image size of job updated: 1807996
	1067  -  MemoryUsage of job (MB)
	1092596  -  ResidentSetSize of job (KB)
...
006 (6714385.000.000) 06/04 21:27:41 Image size of job updated: 1522504
	785  -  MemoryUsage of job (MB)
	803380  -  ResidentSetSize of job (KB)
...
006 (6704869.000.000) 06/04 21:32:07 Image size of job updated: 1808780
	1067  -  MemoryUsage of job (MB)
	1092596  -  ResidentSetSize of job (KB)
...
006 (6714385.000.000) 06/04 21:32:42 Image size of job updated: 1523704
	785  -  MemoryUsage of job (MB)
	803380  -  ResidentSetSize of job (KB)
...
006 (6704869.000.000) 06/04 21:37:08 Image size of job updated: 1809416
	1067  -  MemoryUsage of job (MB)
	1092596  -  ResidentSetSize of job (KB)
...
006 (6714385.000.000) 06/04 21:37:43 Image size of job updated: 1524548
	785  -  MemoryUsage of job (MB)
	803380  -  ResidentSetSize of job (KB)
...
006 (6704869.000.000) 06/04 21:42:08 Image size of job updated: 1810292
	1067  -  MemoryUsage of job (MB)
	1092596  -  ResidentSetSize of job (KB)
...
006 (6714385.000.000) 06/04 21:42:43 Image size of job updated: 1525676
	785  -  MemoryUsage of job (MB)
	803380  -  ResidentSetSize of job (KB)
...
006 (6704869.000.000) 06/04 21:47:09 Image size of job updated: 1811064
	1067  -  MemoryUsage of job (MB)
	1092596  -  ResidentSetSize of job (KB)
...
006 (6714385.000.000) 06/04 21:47:44 Image size of job updated: 1526752
	785  -  MemoryUsage of job (MB)
	803380  -  ResidentSetSize of job (KB)
...
006 (6704869.000.000) 06/04 21:52:10 Image size of job updated: 1811712
	1067  -  MemoryUsage of job (MB)
	1092596  -  ResidentSetSize of job (KB)
...
006 (6714385.000.000) 06/04 21:52:45 Image size of job updated: 1527888
	785  -  MemoryUsage of job (MB)
	803380  -  ResidentSetSize of job (KB)
...
006 (6704869.000.000) 06/04 21:57:10 Image size of job updated: 1812548
	1067  -  MemoryUsage of job (MB)
	1092596  -  ResidentSetSize of job (KB)
...
006 (6714385.000.000) 06/04 21:57:45 Image size of job updated: 1528908
	785  -  MemoryUsage of job (MB)
	803380  -  ResidentSetSize of job (KB)
...
006 (6704869.000.000) 06/04 22:02:11 Image size of job updated: 1813324
	1067  -  MemoryUsage of job (MB)
	1092596  -  ResidentSetSize of job (KB)
...
006 (6714385.000.000) 06/04 22:02:45 Image size of job updated: 1529976
	785  -  MemoryUsage of job (MB)
	803380  -  ResidentSetSize of job (KB)
...
006 (6704869.000.000) 06/04 22:07:12 Image size of job updated: 1813912
	1067  -  MemoryUsage of job (MB)
	1092596  -  ResidentSetSize of job (KB)
...
006 (6714385.000.000) 06/04 22:07:46 Image size of job updated: 1531044
	785  -  MemoryUsage of job (MB)
	803380  -  ResidentSetSize of job (KB)
...
006 (6704869.000.000) 06/04 22:12:12 Image size of job updated: 1814668
	1067  -  MemoryUsage of job (MB)
	1092596  -  ResidentSetSize of job (KB)
...
006 (6714385.000.000) 06/04 22:12:46 Image size of job updated: 1532104
	785  -  MemoryUsage of job (MB)
	803380  -  ResidentSetSize of job (KB)
...
006 (6704869.000.000) 06/04 22:17:12 Image size of job updated: 1815372
	1067  -  MemoryUsage of job (MB)
	1092596  -  ResidentSetSize of job (KB)
...
006 (6714385.000.000) 06/04 22:17:46 Image size of job updated: 1533336
	785  -  MemoryUsage of job (MB)
	803380  -  ResidentSetSize of job (KB)
...
006 (6704869.000.000) 06/04 22:22:13 Image size of job updated: 1816120
	1067  -  MemoryUsage of job (MB)
	1092596  -  ResidentSetSize of job (KB)
...
006 (6714385.000.000) 06/04 22:22:47 Image size of job updated: 1534384
	785  -  MemoryUsage of job (MB)
	803380  -  ResidentSetSize of job (KB)
...
006 (6704869.000.000) 06/04 22:27:14 Image size of job updated: 1816940
	1067  -  MemoryUsage of job (MB)
	1092596  -  ResidentSetSize of job (KB)
...
006 (6714385.000.000) 06/04 22:27:48 Image size of job updated: 1535132
	785  -  MemoryUsage of job (MB)
	803380  -  ResidentSetSize of job (KB)
...
006 (6704869.000.000) 06/04 22:32:14 Image size of job updated: 1817612
	1067  -  MemoryUsage of job (MB)
	1092596  -  ResidentSetSize of job (KB)
...
006 (6714385.000.000) 06/04 22:32:48 Image size of job updated: 1536308
	785  -  MemoryUsage of job (MB)
	803380  -  ResidentSetSize of job (KB)
...
006 (6704869.000.000) 06/04 22:37:15 Image size of job updated: 1818408
	1067  -  MemoryUsage of job (MB)
	1092596  -  ResidentSetSize of job (KB)
...
006 (6714385.000.000) 06/04 22:37:49 Image size of job updated: 1537340
	785  -  MemoryUsage of job (MB)
	803380  -  ResidentSetSize of job (KB)
...
006 (6704869.000.000) 06/04 22:42:16 Image size of job updated: 1819156
	1067  -  MemoryUsage of job (MB)
	1092596  -  ResidentSetSize of job (KB)
...
006 (6714385.000.000) 06/04 22:42:50 Image size of job updated: 1538384
	785  -  MemoryUsage of job (MB)
	803380  -  ResidentSetSize of job (KB)
...
006 (6704869.000.000) 06/04 22:47:16 Image size of job updated: 1819780
	1067  -  MemoryUsage of job (MB)
	1092596  -  ResidentSetSize of job (KB)
...
006 (6714385.000.000) 06/04 22:47:50 Image size of job updated: 1539384
	785  -  MemoryUsage of job (MB)
	803380  -  ResidentSetSize of job (KB)
...
006 (6704869.000.000) 06/04 22:52:16 Image size of job updated: 1820544
	1067  -  MemoryUsage of job (MB)
	1092596  -  ResidentSetSize of job (KB)
...
006 (6714385.000.000) 06/04 22:52:50 Image size of job updated: 1540508
	785  -  MemoryUsage of job (MB)
	803380  -  ResidentSetSize of job (KB)
...
006 (6704869.000.000) 06/04 22:57:17 Image size of job updated: 1821200
	1067  -  MemoryUsage of job (MB)
	1092596  -  ResidentSetSize of job (KB)
...
006 (6714385.000.000) 06/04 22:57:51 Image size of job updated: 1541568
	785  -  MemoryUsage of job (MB)
	803380  -  ResidentSetSize of job (KB)
...
006 (6704869.000.000) 06/04 23:02:17 Image size of job updated: 1822132
	1067  -  MemoryUsage of job (MB)
	1092596  -  ResidentSetSize of job (KB)
...
006 (6714385.000.000) 06/04 23:02:51 Image size of job updated: 1542452
	785  -  MemoryUsage of job (MB)
	803380  -  ResidentSetSize of job (KB)
...
006 (6704869.000.000) 06/04 23:07:17 Image size of job updated: 1822944
	1067  -  MemoryUsage of job (MB)
	1092596  -  ResidentSetSize of job (KB)
...
006 (6714385.000.000) 06/04 23:07:51 Image size of job updated: 1543544
	785  -  MemoryUsage of job (MB)
	803380  -  ResidentSetSize of job (KB)
...
006 (6704869.000.000) 06/04 23:12:18 Image size of job updated: 1823584
	1067  -  MemoryUsage of job (MB)
	1092596  -  ResidentSetSize of job (KB)
...
006 (6714385.000.000) 06/04 23:12:52 Image size of job updated: 1544548
	785  -  MemoryUsage of job (MB)
	803380  -  ResidentSetSize of job (KB)
...
006 (6704869.000.000) 06/04 23:17:19 Image size of job updated: 1824372
	1067  -  MemoryUsage of job (MB)
	1092596  -  ResidentSetSize of job (KB)
...
006 (6714385.000.000) 06/04 23:17:52 Image size of job updated: 1545576
	785  -  MemoryUsage of job (MB)
	803380  -  ResidentSetSize of job (KB)
...
006 (6704869.000.000) 06/04 23:22:19 Image size of job updated: 1825080
	1067  -  MemoryUsage of job (MB)
	1092596  -  ResidentSetSize of job (KB)
...
006 (6714385.000.000) 06/04 23:22:52 Image size of job updated: 1546616
	785  -  MemoryUsage of job (MB)
	803380  -  ResidentSetSize of job (KB)
...
006 (6704869.000.000) 06/04 23:27:19 Image size of job updated: 1825752
	1067  -  MemoryUsage of job (MB)
	1092596  -  ResidentSetSize of job (KB)
...
006 (6714385.000.000) 06/04 23:27:53 Image size of job updated: 1547636
	785  -  MemoryUsage of job (MB)
	803380  -  ResidentSetSize of job (KB)
...
006 (6704869.000.000) 06/04 23:32:20 Image size of job updated: 1826572
	1067  -  MemoryUsage of job (MB)
	1092596  -  ResidentSetSize of job (KB)
...
006 (6714385.000.000) 06/04 23:32:54 Image size of job updated: 1548664
	785  -  MemoryUsage of job (MB)
	803380  -  ResidentSetSize of job (KB)
...
006 (6704869.000.000) 06/04 23:37:20 Image size of job updated: 1827320
	1067  -  MemoryUsage of job (MB)
	1092596  -  ResidentSetSize of job (KB)
...
006 (6714385.000.000) 06/04 23:37:54 Image size of job updated: 1549592
	785  -  MemoryUsage of job (MB)
	803380  -  ResidentSetSize of job (KB)
...
006 (6704869.000.000) 06/04 23:42:20 Image size of job updated: 1827984
	1068  -  MemoryUsage of job (MB)
	1093528  -  ResidentSetSize of job (KB)
...
006 (6714385.000.000) 06/04 23:42:55 Image size of job updated: 1550576
	785  -  MemoryUsage of job (MB)
	803380  -  ResidentSetSize of job (KB)
...
006 (6704869.000.000) 06/04 23:47:22 Image size of job updated: 1828716
	1068  -  MemoryUsage of job (MB)
	1093528  -  ResidentSetSize of job (KB)
...
006 (6714385.000.000) 06/04 23:47:56 Image size of job updated: 1551644
	785  -  MemoryUsage of job (MB)
	803380  -  ResidentSetSize of job (KB)
...
006 (6704869.000.000) 06/04 23:52:22 Image size of job updated: 1829356
	1068  -  MemoryUsage of job (MB)
	1093528  -  ResidentSetSize of job (KB)
...
006 (6714385.000.000) 06/04 23:52:56 Image size of job updated: 1552684
	785  -  MemoryUsage of job (MB)
	803380  -  ResidentSetSize of job (KB)
...
006 (6704869.000.000) 06/04 23:57:22 Image size of job updated: 1830152
	1087  -  MemoryUsage of job (MB)
	1112328  -  ResidentSetSize of job (KB)
...
006 (6714385.000.000) 06/04 23:57:56 Image size of job updated: 1553660
	785  -  MemoryUsage of job (MB)
	803380  -  ResidentSetSize of job (KB)
...
006 (6704869.000.000) 06/05 00:02:23 Image size of job updated: 1830884
	1087  -  MemoryUsage of job (MB)
	1112328  -  ResidentSetSize of job (KB)
...
006 (6714385.000.000) 06/05 00:02:57 Image size of job updated: 1554696
	785  -  MemoryUsage of job (MB)
	803380  -  ResidentSetSize of job (KB)
...
006 (6704869.000.000) 06/05 00:07:24 Image size of job updated: 1831436
	1087  -  MemoryUsage of job (MB)
	1112328  -  ResidentSetSize of job (KB)
...
006 (6714385.000.000) 06/05 00:07:57 Image size of job updated: 1555572
	785  -  MemoryUsage of job (MB)
	803380  -  ResidentSetSize of job (KB)
...
006 (6704869.000.000) 06/05 00:12:24 Image size of job updated: 1832336
	1087  -  MemoryUsage of job (MB)
	1112328  -  ResidentSetSize of job (KB)
...
006 (6714385.000.000) 06/05 00:12:57 Image size of job updated: 1556600
	785  -  MemoryUsage of job (MB)
	803380  -  ResidentSetSize of job (KB)
...
006 (6704869.000.000) 06/05 00:17:25 Image size of job updated: 1833188
	1087  -  MemoryUsage of job (MB)
	1112328  -  ResidentSetSize of job (KB)
...
006 (6714385.000.000) 06/05 00:17:58 Image size of job updated: 1557620
	785  -  MemoryUsage of job (MB)
	803380  -  ResidentSetSize of job (KB)
...
006 (6704869.000.000) 06/05 00:22:26 Image size of job updated: 1833876
	1087  -  MemoryUsage of job (MB)
	1112328  -  ResidentSetSize of job (KB)
...
006 (6714385.000.000) 06/05 00:22:59 Image size of job updated: 1558688
	785  -  MemoryUsage of job (MB)
	803380  -  ResidentSetSize of job (KB)
...
006 (6704869.000.000) 06/05 00:27:26 Image size of job updated: 1834632
	1087  -  MemoryUsage of job (MB)
	1112328  -  ResidentSetSize of job (KB)
...
006 (6714385.000.000) 06/05 00:27:59 Image size of job updated: 1559700
	785  -  MemoryUsage of job (MB)
	803380  -  ResidentSetSize of job (KB)
...
006 (6704869.000.000) 06/05 00:32:26 Image size of job updated: 1835428
	1087  -  MemoryUsage of job (MB)
	1112328  -  ResidentSetSize of job (KB)
...
006 (6714385.000.000) 06/05 00:33:00 Image size of job updated: 1560756
	785  -  MemoryUsage of job (MB)
	803380  -  ResidentSetSize of job (KB)
...
006 (6704869.000.000) 06/05 00:37:27 Image size of job updated: 1836084
	1087  -  MemoryUsage of job (MB)
	1112328  -  ResidentSetSize of job (KB)
...
006 (6714385.000.000) 06/05 00:38:01 Image size of job updated: 1561732
	785  -  MemoryUsage of job (MB)
	803380  -  ResidentSetSize of job (KB)
...
006 (6704869.000.000) 06/05 00:42:27 Image size of job updated: 1836888
	1087  -  MemoryUsage of job (MB)
	1112328  -  ResidentSetSize of job (KB)
...
006 (6714385.000.000) 06/05 00:43:02 Image size of job updated: 1562560
	785  -  MemoryUsage of job (MB)
	803380  -  ResidentSetSize of job (KB)
...
006 (6704869.000.000) 06/05 00:47:27 Image size of job updated: 1837520
	1087  -  MemoryUsage of job (MB)
	1112328  -  ResidentSetSize of job (KB)
...
006 (6714385.000.000) 06/05 00:48:02 Image size of job updated: 1563580
	785  -  MemoryUsage of job (MB)
	803380  -  ResidentSetSize of job (KB)
...
006 (6704869.000.000) 06/05 00:52:28 Image size of job updated: 1838124
	1087  -  MemoryUsage of job (MB)
	1112328  -  ResidentSetSize of job (KB)
...
006 (6714385.000.000) 06/05 00:53:02 Image size of job updated: 1564672
	785  -  MemoryUsage of job (MB)
	803380  -  ResidentSetSize of job (KB)
...
006 (6704869.000.000) 06/05 00:57:29 Image size of job updated: 1839048
	1087  -  MemoryUsage of job (MB)
	1112328  -  ResidentSetSize of job (KB)
...
006 (6714385.000.000) 06/05 00:58:03 Image size of job updated: 1565656
	785  -  MemoryUsage of job (MB)
	803380  -  ResidentSetSize of job (KB)
...
006 (6704869.000.000) 06/05 01:02:29 Image size of job updated: 1839696
	1087  -  MemoryUsage of job (MB)
	1112328  -  ResidentSetSize of job (KB)
...
006 (6714385.000.000) 06/05 01:03:04 Image size of job updated: 1566664
	785  -  MemoryUsage of job (MB)
	803380  -  ResidentSetSize of job (KB)
...
006 (6704869.000.000) 06/05 01:07:30 Image size of job updated: 1840412
	1087  -  MemoryUsage of job (MB)
	1112328  -  ResidentSetSize of job (KB)
...
006 (6714385.000.000) 06/05 01:08:04 Image size of job updated: 1567488
	785  -  MemoryUsage of job (MB)
	803380  -  ResidentSetSize of job (KB)
...
006 (6704869.000.000) 06/05 01:12:31 Image size of job updated: 1841280
	1087  -  MemoryUsage of job (MB)
	1112328  -  ResidentSetSize of job (KB)
...
006 (6714385.000.000) 06/05 01:13:05 Image size of job updated: 1568596
	785  -  MemoryUsage of job (MB)
	803380  -  ResidentSetSize of job (KB)
...
006 (6704869.000.000) 06/05 01:17:31 Image size of job updated: 1841872
	1087  -  MemoryUsage of job (MB)
	1112328  -  ResidentSetSize of job (KB)
...
006 (6714385.000.000) 06/05 01:18:06 Image size of job updated: 1569596
	785  -  MemoryUsage of job (MB)
	803380  -  ResidentSetSize of job (KB)
...
006 (6704869.000.000) 06/05 01:22:31 Image size of job updated: 1842756
	1087  -  MemoryUsage of job (MB)
	1112328  -  ResidentSetSize of job (KB)
...
006 (6714385.000.000) 06/05 01:23:06 Image size of job updated: 1570664
	785  -  MemoryUsage of job (MB)
	803380  -  ResidentSetSize of job (KB)
...
006 (6704869.000.000) 06/05 01:27:32 Image size of job updated: 1843552
	1087  -  MemoryUsage of job (MB)
	1112328  -  ResidentSetSize of job (KB)
...
006 (6714385.000.000) 06/05 01:28:06 Image size of job updated: 1571640
	785  -  MemoryUsage of job (MB)
	803380  -  ResidentSetSize of job (KB)
...
006 (6704869.000.000) 06/05 01:32:32 Image size of job updated: 1844176
	1087  -  MemoryUsage of job (MB)
	1112328  -  ResidentSetSize of job (KB)
...
006 (6714385.000.000) 06/05 01:33:07 Image size of job updated: 1572612
	785  -  MemoryUsage of job (MB)
	803380  -  ResidentSetSize of job (KB)
...
006 (6704869.000.000) 06/05 01:37:32 Image size of job updated: 1844972
	1087  -  MemoryUsage of job (MB)
	1112328  -  ResidentSetSize of job (KB)
...
006 (6714385.000.000) 06/05 01:38:07 Image size of job updated: 1573832
	785  -  MemoryUsage of job (MB)
	803380  -  ResidentSetSize of job (KB)
...
006 (6704869.000.000) 06/05 01:42:33 Image size of job updated: 1845612
	1087  -  MemoryUsage of job (MB)
	1112328  -  ResidentSetSize of job (KB)
...
006 (6714385.000.000) 06/05 01:43:07 Image size of job updated: 1574884
	785  -  MemoryUsage of job (MB)
	803380  -  ResidentSetSize of job (KB)
...
006 (6704869.000.000) 06/05 01:47:33 Image size of job updated: 1846352
	1087  -  MemoryUsage of job (MB)
	1112328  -  ResidentSetSize of job (KB)
...
006 (6714385.000.000) 06/05 01:48:08 Image size of job updated: 1575780
	834  -  MemoryUsage of job (MB)
	853928  -  ResidentSetSize of job (KB)
...
006 (6704869.000.000) 06/05 01:52:33 Image size of job updated: 1847084
	1087  -  MemoryUsage of job (MB)
	1112328  -  ResidentSetSize of job (KB)
...
006 (6714385.000.000) 06/05 01:53:08 Image size of job updated: 1576716
	834  -  MemoryUsage of job (MB)
	853928  -  ResidentSetSize of job (KB)
...
006 (6704869.000.000) 06/05 01:57:34 Image size of job updated: 1847676
	1087  -  MemoryUsage of job (MB)
	1112328  -  ResidentSetSize of job (KB)
...
006 (6714385.000.000) 06/05 01:58:08 Image size of job updated: 1577824
	834  -  MemoryUsage of job (MB)
	853928  -  ResidentSetSize of job (KB)
...
006 (6704869.000.000) 06/05 02:02:35 Image size of job updated: 1848392
	1087  -  MemoryUsage of job (MB)
	1112328  -  ResidentSetSize of job (KB)
...
006 (6714385.000.000) 06/05 02:03:09 Image size of job updated: 1578788
	834  -  MemoryUsage of job (MB)
	853928  -  ResidentSetSize of job (KB)
...
006 (6704869.000.000) 06/05 02:07:35 Image size of job updated: 1848968
	1087  -  MemoryUsage of job (MB)
	1112328  -  ResidentSetSize of job (KB)
...
006 (6714385.000.000) 06/05 02:08:10 Image size of job updated: 1579696
	834  -  MemoryUsage of job (MB)
	853928  -  ResidentSetSize of job (KB)
...
006 (6704869.000.000) 06/05 02:12:36 Image size of job updated: 1849740
	1087  -  MemoryUsage of job (MB)
	1112328  -  ResidentSetSize of job (KB)
...
006 (6714385.000.000) 06/05 02:13:10 Image size of job updated: 1580460
	834  -  MemoryUsage of job (MB)
	853928  -  ResidentSetSize of job (KB)
...
006 (6704869.000.000) 06/05 02:17:37 Image size of job updated: 1850348
	1087  -  MemoryUsage of job (MB)
	1112328  -  ResidentSetSize of job (KB)
...
006 (6714385.000.000) 06/05 02:18:11 Image size of job updated: 1581304
	834  -  MemoryUsage of job (MB)
	853928  -  ResidentSetSize of job (KB)
...
006 (6704869.000.000) 06/05 02:22:37 Image size of job updated: 1851048
	1087  -  MemoryUsage of job (MB)
	1112328  -  ResidentSetSize of job (KB)
...
006 (6714385.000.000) 06/05 02:23:12 Image size of job updated: 1582192
	834  -  MemoryUsage of job (MB)
	853928  -  ResidentSetSize of job (KB)
...
006 (6704869.000.000) 06/05 02:27:38 Image size of job updated: 1851820
	1087  -  MemoryUsage of job (MB)
	1112328  -  ResidentSetSize of job (KB)
...
006 (6714385.000.000) 06/05 02:28:12 Image size of job updated: 1583092
	834  -  MemoryUsage of job (MB)
	853928  -  ResidentSetSize of job (KB)
...
006 (6704869.000.000) 06/05 02:32:39 Image size of job updated: 1852444
	1087  -  MemoryUsage of job (MB)
	1112328  -  ResidentSetSize of job (KB)
...
006 (6714385.000.000) 06/05 02:33:12 Image size of job updated: 1583800
	834  -  MemoryUsage of job (MB)
	853928  -  ResidentSetSize of job (KB)
...
006 (6704869.000.000) 06/05 02:37:39 Image size of job updated: 1853168
	1087  -  MemoryUsage of job (MB)
	1112328  -  ResidentSetSize of job (KB)
...
006 (6714385.000.000) 06/05 02:38:13 Image size of job updated: 1584760
	834  -  MemoryUsage of job (MB)
	853928  -  ResidentSetSize of job (KB)
...
006 (6704869.000.000) 06/05 02:42:39 Image size of job updated: 1853808
	1087  -  MemoryUsage of job (MB)
	1112328  -  ResidentSetSize of job (KB)
...
006 (6714385.000.000) 06/05 02:43:13 Image size of job updated: 1585756
	834  -  MemoryUsage of job (MB)
	853928  -  ResidentSetSize of job (KB)
...
006 (6704869.000.000) 06/05 02:47:40 Image size of job updated: 1854524
	1087  -  MemoryUsage of job (MB)
	1112328  -  ResidentSetSize of job (KB)
...
006 (6714385.000.000) 06/05 02:48:13 Image size of job updated: 1586428
	834  -  MemoryUsage of job (MB)
	853928  -  ResidentSetSize of job (KB)
...
006 (6704869.000.000) 06/05 02:52:41 Image size of job updated: 1855296
	1087  -  MemoryUsage of job (MB)
	1112328  -  ResidentSetSize of job (KB)
...
006 (6714385.000.000) 06/05 02:53:14 Image size of job updated: 1587224
	834  -  MemoryUsage of job (MB)
	853928  -  ResidentSetSize of job (KB)
...
006 (6704869.000.000) 06/05 02:57:41 Image size of job updated: 1855912
	1087  -  MemoryUsage of job (MB)
	1112328  -  ResidentSetSize of job (KB)
...
006 (6714385.000.000) 06/05 02:58:14 Image size of job updated: 1588120
	834  -  MemoryUsage of job (MB)
	853928  -  ResidentSetSize of job (KB)
...
006 (6704869.000.000) 06/05 03:02:42 Image size of job updated: 1856640
	1087  -  MemoryUsage of job (MB)
	1112328  -  ResidentSetSize of job (KB)
...
006 (6714385.000.000) 06/05 03:03:14 Image size of job updated: 1588860
	834  -  MemoryUsage of job (MB)
	853928  -  ResidentSetSize of job (KB)
...
006 (6704869.000.000) 06/05 03:07:43 Image size of job updated: 1857316
	1087  -  MemoryUsage of job (MB)
	1112328  -  ResidentSetSize of job (KB)
...
006 (6714385.000.000) 06/05 03:08:15 Image size of job updated: 1589972
	834  -  MemoryUsage of job (MB)
	853928  -  ResidentSetSize of job (KB)
...
006 (6704869.000.000) 06/05 03:12:43 Image size of job updated: 1857992
	1087  -  MemoryUsage of job (MB)
	1112328  -  ResidentSetSize of job (KB)
...
006 (6714385.000.000) 06/05 03:13:16 Image size of job updated: 1590980
	834  -  MemoryUsage of job (MB)
	853928  -  ResidentSetSize of job (KB)
...
006 (6704869.000.000) 06/05 03:17:43 Image size of job updated: 1858876
	1087  -  MemoryUsage of job (MB)
	1112328  -  ResidentSetSize of job (KB)
...
006 (6714385.000.000) 06/05 03:18:16 Image size of job updated: 1591952
	834  -  MemoryUsage of job (MB)
	853928  -  ResidentSetSize of job (KB)
...
006 (6704869.000.000) 06/05 03:22:44 Image size of job updated: 1859496
	1087  -  MemoryUsage of job (MB)
	1112328  -  ResidentSetSize of job (KB)
...
006 (6714385.000.000) 06/05 03:23:17 Image size of job updated: 1592856
	834  -  MemoryUsage of job (MB)
	853928  -  ResidentSetSize of job (KB)
...
006 (6704869.000.000) 06/05 03:27:44 Image size of job updated: 1860312
	1087  -  MemoryUsage of job (MB)
	1112328  -  ResidentSetSize of job (KB)
...
006 (6714385.000.000) 06/05 03:28:18 Image size of job updated: 1593836
	836  -  MemoryUsage of job (MB)
	855104  -  ResidentSetSize of job (KB)
...
006 (6704869.000.000) 06/05 03:32:44 Image size of job updated: 1861132
	1087  -  MemoryUsage of job (MB)
	1112328  -  ResidentSetSize of job (KB)
...
006 (6714385.000.000) 06/05 03:33:18 Image size of job updated: 1594564
	836  -  MemoryUsage of job (MB)
	855104  -  ResidentSetSize of job (KB)
...
006 (6704869.000.000) 06/05 03:37:45 Image size of job updated: 1861700
	1087  -  MemoryUsage of job (MB)
	1112328  -  ResidentSetSize of job (KB)
...
006 (6714385.000.000) 06/05 03:38:18 Image size of job updated: 1595548
	836  -  MemoryUsage of job (MB)
	855104  -  ResidentSetSize of job (KB)
...
006 (6704869.000.000) 06/05 03:42:46 Image size of job updated: 1862552
	1087  -  MemoryUsage of job (MB)
	1112328  -  ResidentSetSize of job (KB)
...
006 (6714385.000.000) 06/05 03:43:19 Image size of job updated: 1596492
	836  -  MemoryUsage of job (MB)
	855104  -  ResidentSetSize of job (KB)
...
006 (6704869.000.000) 06/05 03:47:46 Image size of job updated: 1863348
	1087  -  MemoryUsage of job (MB)
	1112328  -  ResidentSetSize of job (KB)
...
006 (6714385.000.000) 06/05 03:48:19 Image size of job updated: 1597372
	836  -  MemoryUsage of job (MB)
	855104  -  ResidentSetSize of job (KB)
...
006 (6704869.000.000) 06/05 03:52:46 Image size of job updated: 1864012
	1087  -  MemoryUsage of job (MB)
	1112328  -  ResidentSetSize of job (KB)
...
006 (6714385.000.000) 06/05 03:53:19 Image size of job updated: 1598152
	836  -  MemoryUsage of job (MB)
	855104  -  ResidentSetSize of job (KB)
...
006 (6704869.000.000) 06/05 03:57:47 Image size of job updated: 1864784
	1087  -  MemoryUsage of job (MB)
	1112328  -  ResidentSetSize of job (KB)
...
006 (6714385.000.000) 06/05 03:58:20 Image size of job updated: 1599112
	836  -  MemoryUsage of job (MB)
	855104  -  ResidentSetSize of job (KB)
...
006 (6704869.000.000) 06/05 04:02:47 Image size of job updated: 1865392
	1087  -  MemoryUsage of job (MB)
	1112328  -  ResidentSetSize of job (KB)
...
006 (6714385.000.000) 06/05 04:03:21 Image size of job updated: 1599960
	836  -  MemoryUsage of job (MB)
	855104  -  ResidentSetSize of job (KB)
...
006 (6704869.000.000) 06/05 04:07:47 Image size of job updated: 1866212
	1087  -  MemoryUsage of job (MB)
	1112328  -  ResidentSetSize of job (KB)
...
006 (6714385.000.000) 06/05 04:08:21 Image size of job updated: 1600944
	836  -  MemoryUsage of job (MB)
	855104  -  ResidentSetSize of job (KB)
...
006 (6704869.000.000) 06/05 04:12:48 Image size of job updated: 1867000
	1087  -  MemoryUsage of job (MB)
	1112328  -  ResidentSetSize of job (KB)
...
006 (6714385.000.000) 06/05 04:13:22 Image size of job updated: 1601756
	836  -  MemoryUsage of job (MB)
	855104  -  ResidentSetSize of job (KB)
...
006 (6704869.000.000) 06/05 04:17:49 Image size of job updated: 1867656
	1087  -  MemoryUsage of job (MB)
	1112328  -  ResidentSetSize of job (KB)
...
006 (6714385.000.000) 06/05 04:18:23 Image size of job updated: 1602752
	836  -  MemoryUsage of job (MB)
	855104  -  ResidentSetSize of job (KB)
...
006 (6704869.000.000) 06/05 04:22:49 Image size of job updated: 1868388
	1097  -  MemoryUsage of job (MB)
	1122956  -  ResidentSetSize of job (KB)
...
006 (6714385.000.000) 06/05 04:23:23 Image size of job updated: 1603692
	836  -  MemoryUsage of job (MB)
	855104  -  ResidentSetSize of job (KB)
...
006 (6704869.000.000) 06/05 04:27:50 Image size of job updated: 1869172
	1097  -  MemoryUsage of job (MB)
	1122956  -  ResidentSetSize of job (KB)
...
006 (6714385.000.000) 06/05 04:28:24 Image size of job updated: 1604680
	836  -  MemoryUsage of job (MB)
	855104  -  ResidentSetSize of job (KB)
...
006 (6704869.000.000) 06/05 04:32:51 Image size of job updated: 1869728
	1097  -  MemoryUsage of job (MB)
	1122956  -  ResidentSetSize of job (KB)
...
006 (6714385.000.000) 06/05 04:33:25 Image size of job updated: 1605448
	836  -  MemoryUsage of job (MB)
	855104  -  ResidentSetSize of job (KB)
...
006 (6704869.000.000) 06/05 04:37:51 Image size of job updated: 1870540
	1097  -  MemoryUsage of job (MB)
	1122956  -  ResidentSetSize of job (KB)
...
006 (6714385.000.000) 06/05 04:38:25 Image size of job updated: 1606348
	836  -  MemoryUsage of job (MB)
	855104  -  ResidentSetSize of job (KB)
...
006 (6704869.000.000) 06/05 04:42:51 Image size of job updated: 1871140
	1097  -  MemoryUsage of job (MB)
	1122956  -  ResidentSetSize of job (KB)
...
006 (6714385.000.000) 06/05 04:43:25 Image size of job updated: 1607380
	836  -  MemoryUsage of job (MB)
	855104  -  ResidentSetSize of job (KB)
...
006 (6704869.000.000) 06/05 04:47:52 Image size of job updated: 1871928
	1097  -  MemoryUsage of job (MB)
	1122956  -  ResidentSetSize of job (KB)
...
006 (6714385.000.000) 06/05 04:48:26 Image size of job updated: 1608316
	836  -  MemoryUsage of job (MB)
	855104  -  ResidentSetSize of job (KB)
...
006 (6704869.000.000) 06/05 04:52:52 Image size of job updated: 1872676
	1097  -  MemoryUsage of job (MB)
	1122956  -  ResidentSetSize of job (KB)
...
006 (6714385.000.000) 06/05 04:53:27 Image size of job updated: 1609260
	836  -  MemoryUsage of job (MB)
	855104  -  ResidentSetSize of job (KB)
...
006 (6704869.000.000) 06/05 04:57:52 Image size of job updated: 1873292
	1097  -  MemoryUsage of job (MB)
	1122956  -  ResidentSetSize of job (KB)
...
006 (6714385.000.000) 06/05 04:58:27 Image size of job updated: 1610032
	836  -  MemoryUsage of job (MB)
	855104  -  ResidentSetSize of job (KB)
...
006 (6704869.000.000) 06/05 05:02:53 Image size of job updated: 1874040
	1097  -  MemoryUsage of job (MB)
	1122956  -  ResidentSetSize of job (KB)
...
006 (6714385.000.000) 06/05 05:03:28 Image size of job updated: 1611016
	836  -  MemoryUsage of job (MB)
	855104  -  ResidentSetSize of job (KB)
...
006 (6704869.000.000) 06/05 05:07:54 Image size of job updated: 1874664
	1097  -  MemoryUsage of job (MB)
	1122956  -  ResidentSetSize of job (KB)
...
006 (6714385.000.000) 06/05 05:08:29 Image size of job updated: 1611880
	836  -  MemoryUsage of job (MB)
	855104  -  ResidentSetSize of job (KB)
...
006 (6704869.000.000) 06/05 05:12:54 Image size of job updated: 1875444
	1097  -  MemoryUsage of job (MB)
	1122956  -  ResidentSetSize of job (KB)
...
006 (6714385.000.000) 06/05 05:13:29 Image size of job updated: 1612824
	836  -  MemoryUsage of job (MB)
	855104  -  ResidentSetSize of job (KB)
...
006 (6704869.000.000) 06/05 05:17:55 Image size of job updated: 1876208
	1097  -  MemoryUsage of job (MB)
	1122956  -  ResidentSetSize of job (KB)
...
006 (6714385.000.000) 06/05 05:18:29 Image size of job updated: 1613732
	836  -  MemoryUsage of job (MB)
	855104  -  ResidentSetSize of job (KB)
...
006 (6704869.000.000) 06/05 05:22:56 Image size of job updated: 1876832
	1097  -  MemoryUsage of job (MB)
	1122956  -  ResidentSetSize of job (KB)
...
006 (6714385.000.000) 06/05 05:23:30 Image size of job updated: 1614632
	836  -  MemoryUsage of job (MB)
	855104  -  ResidentSetSize of job (KB)
...
006 (6704869.000.000) 06/05 05:27:56 Image size of job updated: 1877588
	1097  -  MemoryUsage of job (MB)
	1122956  -  ResidentSetSize of job (KB)
...
006 (6714385.000.000) 06/05 05:28:30 Image size of job updated: 1615624
	836  -  MemoryUsage of job (MB)
	855104  -  ResidentSetSize of job (KB)
...
006 (6704869.000.000) 06/05 05:32:56 Image size of job updated: 1878228
	1097  -  MemoryUsage of job (MB)
	1122956  -  ResidentSetSize of job (KB)
...
006 (6714385.000.000) 06/05 05:33:30 Image size of job updated: 1616528
	836  -  MemoryUsage of job (MB)
	855104  -  ResidentSetSize of job (KB)
...
006 (6704869.000.000) 06/05 05:37:58 Image size of job updated: 1879000
	1097  -  MemoryUsage of job (MB)
	1122956  -  ResidentSetSize of job (KB)
...
006 (6714385.000.000) 06/05 05:38:31 Image size of job updated: 1617360
	836  -  MemoryUsage of job (MB)
	855104  -  ResidentSetSize of job (KB)
...
006 (6704869.000.000) 06/05 05:42:58 Image size of job updated: 1879724
	1097  -  MemoryUsage of job (MB)
	1122956  -  ResidentSetSize of job (KB)
...
006 (6714385.000.000) 06/05 05:43:32 Image size of job updated: 1618216
	836  -  MemoryUsage of job (MB)
	855104  -  ResidentSetSize of job (KB)
...
006 (6704869.000.000) 06/05 05:47:58 Image size of job updated: 1880372
	1097  -  MemoryUsage of job (MB)
	1122956  -  ResidentSetSize of job (KB)
...
006 (6714385.000.000) 06/05 05:48:32 Image size of job updated: 1619136
	871  -  MemoryUsage of job (MB)
	891252  -  ResidentSetSize of job (KB)
...
006 (6704869.000.000) 06/05 05:53:00 Image size of job updated: 1881104
	1139  -  MemoryUsage of job (MB)
	1165388  -  ResidentSetSize of job (KB)
...
006 (6714385.000.000) 06/05 05:53:33 Image size of job updated: 1620100
	871  -  MemoryUsage of job (MB)
	891252  -  ResidentSetSize of job (KB)
...
006 (6704869.000.000) 06/05 05:58:00 Image size of job updated: 1881712
	1139  -  MemoryUsage of job (MB)
	1165388  -  ResidentSetSize of job (KB)
...
006 (6714385.000.000) 06/05 05:58:34 Image size of job updated: 1620788
	871  -  MemoryUsage of job (MB)
	891252  -  ResidentSetSize of job (KB)
...
006 (6704869.000.000) 06/05 06:03:00 Image size of job updated: 1882444
	1139  -  MemoryUsage of job (MB)
	1165388  -  ResidentSetSize of job (KB)
...
006 (6714385.000.000) 06/05 06:03:34 Image size of job updated: 1621812
	871  -  MemoryUsage of job (MB)
	891252  -  ResidentSetSize of job (KB)
...
006 (6704869.000.000) 06/05 06:08:01 Image size of job updated: 1883200
	1139  -  MemoryUsage of job (MB)
	1165388  -  ResidentSetSize of job (KB)
...
006 (6714385.000.000) 06/05 06:08:35 Image size of job updated: 1622788
	871  -  MemoryUsage of job (MB)
	891252  -  ResidentSetSize of job (KB)
...
006 (6704869.000.000) 06/05 06:13:02 Image size of job updated: 1883784
	1139  -  MemoryUsage of job (MB)
	1165388  -  ResidentSetSize of job (KB)
...
006 (6714385.000.000) 06/05 06:13:36 Image size of job updated: 1623724
	871  -  MemoryUsage of job (MB)
	891252  -  ResidentSetSize of job (KB)
...
006 (6704869.000.000) 06/05 06:18:02 Image size of job updated: 1884500
	1139  -  MemoryUsage of job (MB)
	1165388  -  ResidentSetSize of job (KB)
...
006 (6714385.000.000) 06/05 06:18:36 Image size of job updated: 1624508
	871  -  MemoryUsage of job (MB)
	891252  -  ResidentSetSize of job (KB)
...
006 (6704869.000.000) 06/05 06:23:03 Image size of job updated: 1885100
	1139  -  MemoryUsage of job (MB)
	1165388  -  ResidentSetSize of job (KB)
...
006 (6714385.000.000) 06/05 06:23:36 Image size of job updated: 1625344
	871  -  MemoryUsage of job (MB)
	891252  -  ResidentSetSize of job (KB)
...
006 (6704869.000.000) 06/05 06:28:04 Image size of job updated: 1885808
	1139  -  MemoryUsage of job (MB)
	1165388  -  ResidentSetSize of job (KB)
...
006 (6714385.000.000) 06/05 06:28:37 Image size of job updated: 1626264
	871  -  MemoryUsage of job (MB)
	891252  -  ResidentSetSize of job (KB)
...
006 (6704869.000.000) 06/05 06:33:04 Image size of job updated: 1886604
	1139  -  MemoryUsage of job (MB)
	1165388  -  ResidentSetSize of job (KB)
...
006 (6714385.000.000) 06/05 06:33:37 Image size of job updated: 1627176
	871  -  MemoryUsage of job (MB)
	891252  -  ResidentSetSize of job (KB)
...
006 (6704869.000.000) 06/05 06:38:04 Image size of job updated: 1887204
	1139  -  MemoryUsage of job (MB)
	1165388  -  ResidentSetSize of job (KB)
...
006 (6714385.000.000) 06/05 06:38:37 Image size of job updated: 1627988
	871  -  MemoryUsage of job (MB)
	891252  -  ResidentSetSize of job (KB)
...
006 (6704869.000.000) 06/05 06:43:05 Image size of job updated: 1887500
	1139  -  MemoryUsage of job (MB)
	1165388  -  ResidentSetSize of job (KB)
...
006 (6714385.000.000) 06/05 06:43:38 Image size of job updated: 1628964
	871  -  MemoryUsage of job (MB)
	891252  -  ResidentSetSize of job (KB)
...
006 (6714385.000.000) 06/05 06:48:39 Image size of job updated: 1629924
	871  -  MemoryUsage of job (MB)
	891252  -  ResidentSetSize of job (KB)
...
006 (6714385.000.000) 06/05 06:53:39 Image size of job updated: 1630904
	871  -  MemoryUsage of job (MB)
	891252  -  ResidentSetSize of job (KB)
...
006 (6714385.000.000) 06/05 06:58:40 Image size of job updated: 1631780
	871  -  MemoryUsage of job (MB)
	891252  -  ResidentSetSize of job (KB)
...
006 (6714385.000.000) 06/05 07:03:41 Image size of job updated: 1632684
	871  -  MemoryUsage of job (MB)
	891252  -  ResidentSetSize of job (KB)
...
006 (6714385.000.000) 06/05 07:08:41 Image size of job updated: 1633628
	871  -  MemoryUsage of job (MB)
	891252  -  ResidentSetSize of job (KB)
...
006 (6714385.000.000) 06/05 07:13:41 Image size of job updated: 1634592
	871  -  MemoryUsage of job (MB)
	891252  -  ResidentSetSize of job (KB)
...
006 (6714385.000.000) 06/05 07:18:42 Image size of job updated: 1635536
	871  -  MemoryUsage of job (MB)
	891252  -  ResidentSetSize of job (KB)
...
006 (6714385.000.000) 06/05 07:23:42 Image size of job updated: 1636360
	871  -  MemoryUsage of job (MB)
	891252  -  ResidentSetSize of job (KB)
...
006 (6714385.000.000) 06/05 07:28:42 Image size of job updated: 1637152
	871  -  MemoryUsage of job (MB)
	891252  -  ResidentSetSize of job (KB)
...
006 (6714385.000.000) 06/05 07:33:43 Image size of job updated: 1638224
	871  -  MemoryUsage of job (MB)
	891252  -  ResidentSetSize of job (KB)
...
006 (6714385.000.000) 06/05 07:38:44 Image size of job updated: 1639184
	871  -  MemoryUsage of job (MB)
	891252  -  ResidentSetSize of job (KB)
...
006 (6714385.000.000) 06/05 07:43:44 Image size of job updated: 1640116
	875  -  MemoryUsage of job (MB)
	895428  -  ResidentSetSize of job (KB)
...
006 (6714385.000.000) 06/05 07:48:45 Image size of job updated: 1640940
	875  -  MemoryUsage of job (MB)
	895428  -  ResidentSetSize of job (KB)
...
006 (6714385.000.000) 06/05 07:53:46 Image size of job updated: 1641816
	875  -  MemoryUsage of job (MB)
	895428  -  ResidentSetSize of job (KB)
...
006 (6714385.000.000) 06/05 07:58:46 Image size of job updated: 1642732
	875  -  MemoryUsage of job (MB)
	895428  -  ResidentSetSize of job (KB)
...
006 (6714385.000.000) 06/05 08:03:47 Image size of job updated: 1643520
	875  -  MemoryUsage of job (MB)
	895428  -  ResidentSetSize of job (KB)
...
006 (6714385.000.000) 06/05 08:08:48 Image size of job updated: 1644348
	875  -  MemoryUsage of job (MB)
	895428  -  ResidentSetSize of job (KB)
...
006 (6714385.000.000) 06/05 08:13:48 Image size of job updated: 1645360
	875  -  MemoryUsage of job (MB)
	895428  -  ResidentSetSize of job (KB)
...
006 (6714385.000.000) 06/05 08:18:48 Image size of job updated: 1646156
	875  -  MemoryUsage of job (MB)
	895428  -  ResidentSetSize of job (KB)
...
006 (6714385.000.000) 06/05 08:23:49 Image size of job updated: 1647068
	875  -  MemoryUsage of job (MB)
	895428  -  ResidentSetSize of job (KB)
...
006 (6714385.000.000) 06/05 08:28:49 Image size of job updated: 1647940
	875  -  MemoryUsage of job (MB)
	895428  -  ResidentSetSize of job (KB)
...
006 (6714385.000.000) 06/05 08:33:49 Image size of job updated: 1648884
	913  -  MemoryUsage of job (MB)
	934716  -  ResidentSetSize of job (KB)
...
006 (6714385.000.000) 06/05 08:38:50 Image size of job updated: 1649792
	913  -  MemoryUsage of job (MB)
	934716  -  ResidentSetSize of job (KB)
...
006 (6714385.000.000) 06/05 08:43:51 Image size of job updated: 1650580
	913  -  MemoryUsage of job (MB)
	934716  -  ResidentSetSize of job (KB)
...
006 (6714385.000.000) 06/05 08:48:51 Image size of job updated: 1651492
	913  -  MemoryUsage of job (MB)
	934716  -  ResidentSetSize of job (KB)
...
006 (6714385.000.000) 06/05 08:53:52 Image size of job updated: 1652404
	913  -  MemoryUsage of job (MB)
	934716  -  ResidentSetSize of job (KB)
...
006 (6714385.000.000) 06/05 08:58:53 Image size of job updated: 1653300
	913  -  MemoryUsage of job (MB)
	934716  -  ResidentSetSize of job (KB)
...
006 (6714385.000.000) 06/05 09:03:53 Image size of job updated: 1654336
	913  -  MemoryUsage of job (MB)
	934716  -  ResidentSetSize of job (KB)
...
006 (6714385.000.000) 06/05 09:08:53 Image size of job updated: 1655452
	913  -  MemoryUsage of job (MB)
	934716  -  ResidentSetSize of job (KB)
...
006 (6714385.000.000) 06/05 09:13:54 Image size of job updated: 1656404
	913  -  MemoryUsage of job (MB)
	934716  -  ResidentSetSize of job (KB)
...
006 (6714385.000.000) 06/05 09:18:55 Image size of job updated: 1657284
	913  -  MemoryUsage of job (MB)
	934716  -  ResidentSetSize of job (KB)
...
006 (6714385.000.000) 06/05 09:23:55 Image size of job updated: 1658040
	913  -  MemoryUsage of job (MB)
	934716  -  ResidentSetSize of job (KB)
...
006 (6714385.000.000) 06/05 09:28:56 Image size of job updated: 1658960
	913  -  MemoryUsage of job (MB)
	934716  -  ResidentSetSize of job (KB)
...
006 (6714385.000.000) 06/05 09:33:57 Image size of job updated: 1659832
	913  -  MemoryUsage of job (MB)
	934716  -  ResidentSetSize of job (KB)
...
006 (6714385.000.000) 06/05 09:38:57 Image size of job updated: 1660608
	913  -  MemoryUsage of job (MB)
	934716  -  ResidentSetSize of job (KB)
...
006 (6714385.000.000) 06/05 09:43:58 Image size of job updated: 1661488
	913  -  MemoryUsage of job (MB)
	934716  -  ResidentSetSize of job (KB)
...
006 (6714385.000.000) 06/05 09:48:59 Image size of job updated: 1662464
	913  -  MemoryUsage of job (MB)
	934716  -  ResidentSetSize of job (KB)
...
006 (6714385.000.000) 06/05 09:53:59 Image size of job updated: 1663360
	913  -  MemoryUsage of job (MB)
	934716  -  ResidentSetSize of job (KB)
...
006 (6714385.000.000) 06/05 09:59:00 Image size of job updated: 1664108
	913  -  MemoryUsage of job (MB)
	934716  -  ResidentSetSize of job (KB)
...
006 (6714385.000.000) 06/05 10:04:01 Image size of job updated: 1664752
	913  -  MemoryUsage of job (MB)
	934716  -  ResidentSetSize of job (KB)
...
006 (6714385.000.000) 06/05 10:09:01 Image size of job updated: 1665568
	913  -  MemoryUsage of job (MB)
	934716  -  ResidentSetSize of job (KB)
...
006 (6714385.000.000) 06/05 10:14:01 Image size of job updated: 1666280
	913  -  MemoryUsage of job (MB)
	934716  -  ResidentSetSize of job (KB)
...
006 (6714385.000.000) 06/05 10:19:02 Image size of job updated: 1667136
	913  -  MemoryUsage of job (MB)
	934716  -  ResidentSetSize of job (KB)
...
006 (6714385.000.000) 06/05 10:24:02 Image size of job updated: 1667892
	913  -  MemoryUsage of job (MB)
	934716  -  ResidentSetSize of job (KB)
...
006 (6714385.000.000) 06/05 10:29:02 Image size of job updated: 1668712
	913  -  MemoryUsage of job (MB)
	934716  -  ResidentSetSize of job (KB)
...
006 (6714385.000.000) 06/05 10:34:03 Image size of job updated: 1669580
	913  -  MemoryUsage of job (MB)
	934716  -  ResidentSetSize of job (KB)
...
006 (6714385.000.000) 06/05 10:39:03 Image size of job updated: 1670436
	913  -  MemoryUsage of job (MB)
	934716  -  ResidentSetSize of job (KB)
...
006 (6714385.000.000) 06/05 10:44:03 Image size of job updated: 1671304
	913  -  MemoryUsage of job (MB)
	934716  -  ResidentSetSize of job (KB)
...
006 (6714385.000.000) 06/05 10:49:04 Image size of job updated: 1672036
	913  -  MemoryUsage of job (MB)
	934716  -  ResidentSetSize of job (KB)
...
006 (6714385.000.000) 06/05 10:54:05 Image size of job updated: 1672924
	913  -  MemoryUsage of job (MB)
	934716  -  ResidentSetSize of job (KB)
...
006 (6714385.000.000) 06/05 10:59:05 Image size of job updated: 1673680
	913  -  MemoryUsage of job (MB)
	934716  -  ResidentSetSize of job (KB)
...
006 (6714385.000.000) 06/05 11:04:06 Image size of job updated: 1674512
	913  -  MemoryUsage of job (MB)
	934716  -  ResidentSetSize of job (KB)
...
006 (6714385.000.000) 06/05 11:09:07 Image size of job updated: 1675436
	913  -  MemoryUsage of job (MB)
	934716  -  ResidentSetSize of job (KB)
...
006 (6704869.000.000) 06/05 11:13:32 Image size of job updated: 1887676
	1139  -  MemoryUsage of job (MB)
	1165388  -  ResidentSetSize of job (KB)
...
006 (6714385.000.000) 06/05 11:14:07 Image size of job updated: 1676272
	913  -  MemoryUsage of job (MB)
	934716  -  ResidentSetSize of job (KB)
...
006 (6704869.000.000) 06/05 11:18:33 Image size of job updated: 1888280
	1139  -  MemoryUsage of job (MB)
	1165388  -  ResidentSetSize of job (KB)
...
006 (6714385.000.000) 06/05 11:19:08 Image size of job updated: 1677004
	913  -  MemoryUsage of job (MB)
	934716  -  ResidentSetSize of job (KB)
...
006 (6704869.000.000) 06/05 11:23:33 Image size of job updated: 1888996
	1139  -  MemoryUsage of job (MB)
	1165388  -  ResidentSetSize of job (KB)
...
006 (6714385.000.000) 06/05 11:24:09 Image size of job updated: 1677776
	913  -  MemoryUsage of job (MB)
	934716  -  ResidentSetSize of job (KB)
...
006 (6704869.000.000) 06/05 11:28:33 Image size of job updated: 1889476
	1139  -  MemoryUsage of job (MB)
	1165388  -  ResidentSetSize of job (KB)
...
006 (6714385.000.000) 06/05 11:29:09 Image size of job updated: 1678728
	913  -  MemoryUsage of job (MB)
	934716  -  ResidentSetSize of job (KB)
...
006 (6704869.000.000) 06/05 11:33:35 Image size of job updated: 1890108
	1139  -  MemoryUsage of job (MB)
	1165388  -  ResidentSetSize of job (KB)
...
006 (6714385.000.000) 06/05 11:34:09 Image size of job updated: 1679608
	913  -  MemoryUsage of job (MB)
	934716  -  ResidentSetSize of job (KB)
...
006 (6704869.000.000) 06/05 11:38:35 Image size of job updated: 1890680
	1139  -  MemoryUsage of job (MB)
	1165388  -  ResidentSetSize of job (KB)
...
006 (6714385.000.000) 06/05 11:39:10 Image size of job updated: 1680412
	913  -  MemoryUsage of job (MB)
	934716  -  ResidentSetSize of job (KB)
...
006 (6704869.000.000) 06/05 11:43:35 Image size of job updated: 1891360
	1139  -  MemoryUsage of job (MB)
	1165388  -  ResidentSetSize of job (KB)
...
006 (6714385.000.000) 06/05 11:44:10 Image size of job updated: 1681248
	913  -  MemoryUsage of job (MB)
	934716  -  ResidentSetSize of job (KB)
...
006 (6704869.000.000) 06/05 11:48:36 Image size of job updated: 1891984
	1139  -  MemoryUsage of job (MB)
	1165388  -  ResidentSetSize of job (KB)
...
006 (6714385.000.000) 06/05 11:49:10 Image size of job updated: 1682100
	913  -  MemoryUsage of job (MB)
	934716  -  ResidentSetSize of job (KB)
...
006 (6704869.000.000) 06/05 11:53:37 Image size of job updated: 1892592
	1139  -  MemoryUsage of job (MB)
	1165388  -  ResidentSetSize of job (KB)
...
006 (6714385.000.000) 06/05 11:54:11 Image size of job updated: 1682956
	913  -  MemoryUsage of job (MB)
	934716  -  ResidentSetSize of job (KB)
...
006 (6704869.000.000) 06/05 11:58:37 Image size of job updated: 1893224
	1139  -  MemoryUsage of job (MB)
	1165388  -  ResidentSetSize of job (KB)
...
006 (6714385.000.000) 06/05 11:59:11 Image size of job updated: 1683836
	913  -  MemoryUsage of job (MB)
	934716  -  ResidentSetSize of job (KB)
...
006 (6704869.000.000) 06/05 12:03:37 Image size of job updated: 1893836
	1139  -  MemoryUsage of job (MB)
	1165388  -  ResidentSetSize of job (KB)
...
006 (6714385.000.000) 06/05 12:04:11 Image size of job updated: 1684724
	913  -  MemoryUsage of job (MB)
	934716  -  ResidentSetSize of job (KB)
...
006 (6704869.000.000) 06/05 12:08:38 Image size of job updated: 1894516
	1139  -  MemoryUsage of job (MB)
	1165388  -  ResidentSetSize of job (KB)
...
006 (6714385.000.000) 06/05 12:09:12 Image size of job updated: 1685600
	913  -  MemoryUsage of job (MB)
	934716  -  ResidentSetSize of job (KB)
...
006 (6704869.000.000) 06/05 12:13:38 Image size of job updated: 1895100
	1139  -  MemoryUsage of job (MB)
	1165388  -  ResidentSetSize of job (KB)
...
006 (6714385.000.000) 06/05 12:14:13 Image size of job updated: 1686272
	913  -  MemoryUsage of job (MB)
	934716  -  ResidentSetSize of job (KB)
...
006 (6704869.000.000) 06/05 12:18:38 Image size of job updated: 1895704
	1139  -  MemoryUsage of job (MB)
	1165388  -  ResidentSetSize of job (KB)
...
006 (6714385.000.000) 06/05 12:19:13 Image size of job updated: 1687156
	913  -  MemoryUsage of job (MB)
	934716  -  ResidentSetSize of job (KB)
...
006 (6704869.000.000) 06/05 12:23:39 Image size of job updated: 1896144
	1139  -  MemoryUsage of job (MB)
	1165388  -  ResidentSetSize of job (KB)
...
006 (6714385.000.000) 06/05 12:24:14 Image size of job updated: 1688040
	913  -  MemoryUsage of job (MB)
	934716  -  ResidentSetSize of job (KB)
...
006 (6704869.000.000) 06/05 12:28:40 Image size of job updated: 1897000
	1139  -  MemoryUsage of job (MB)
	1165388  -  ResidentSetSize of job (KB)
...
006 (6714385.000.000) 06/05 12:29:15 Image size of job updated: 1688800
	913  -  MemoryUsage of job (MB)
	934716  -  ResidentSetSize of job (KB)
...
006 (6704869.000.000) 06/05 12:33:40 Image size of job updated: 1897624
	1139  -  MemoryUsage of job (MB)
	1165388  -  ResidentSetSize of job (KB)
...
006 (6714385.000.000) 06/05 12:34:15 Image size of job updated: 1689712
	913  -  MemoryUsage of job (MB)
	934716  -  ResidentSetSize of job (KB)
...
006 (6704869.000.000) 06/05 12:38:41 Image size of job updated: 1898148
	1139  -  MemoryUsage of job (MB)
	1165388  -  ResidentSetSize of job (KB)
...
006 (6714385.000.000) 06/05 12:39:15 Image size of job updated: 1690676
	913  -  MemoryUsage of job (MB)
	934716  -  ResidentSetSize of job (KB)
...
006 (6704869.000.000) 06/05 12:43:42 Image size of job updated: 1898796
	1139  -  MemoryUsage of job (MB)
	1165388  -  ResidentSetSize of job (KB)
...
006 (6714385.000.000) 06/05 12:44:16 Image size of job updated: 1691456
	913  -  MemoryUsage of job (MB)
	934716  -  ResidentSetSize of job (KB)
...
006 (6704869.000.000) 06/05 12:48:42 Image size of job updated: 1899352
	1139  -  MemoryUsage of job (MB)
	1165388  -  ResidentSetSize of job (KB)
...
006 (6714385.000.000) 06/05 12:49:16 Image size of job updated: 1692308
	913  -  MemoryUsage of job (MB)
	934716  -  ResidentSetSize of job (KB)
...
006 (6704869.000.000) 06/05 12:53:42 Image size of job updated: 1900040
	1139  -  MemoryUsage of job (MB)
	1165388  -  ResidentSetSize of job (KB)
...
006 (6714385.000.000) 06/05 12:54:16 Image size of job updated: 1693176
	913  -  MemoryUsage of job (MB)
	934716  -  ResidentSetSize of job (KB)
...
006 (6704869.000.000) 06/05 12:58:43 Image size of job updated: 1900620
	1139  -  MemoryUsage of job (MB)
	1165388  -  ResidentSetSize of job (KB)
...
006 (6714385.000.000) 06/05 12:59:17 Image size of job updated: 1694048
	913  -  MemoryUsage of job (MB)
	934716  -  ResidentSetSize of job (KB)
...
006 (6704869.000.000) 06/05 13:03:43 Image size of job updated: 1901088
	1139  -  MemoryUsage of job (MB)
	1165388  -  ResidentSetSize of job (KB)
...
006 (6714385.000.000) 06/05 13:04:18 Image size of job updated: 1694804
	913  -  MemoryUsage of job (MB)
	934716  -  ResidentSetSize of job (KB)
...
006 (6704869.000.000) 06/05 13:08:44 Image size of job updated: 1901620
	1139  -  MemoryUsage of job (MB)
	1165388  -  ResidentSetSize of job (KB)
...
006 (6714385.000.000) 06/05 13:09:18 Image size of job updated: 1695564
	913  -  MemoryUsage of job (MB)
	934716  -  ResidentSetSize of job (KB)
...
006 (6704869.000.000) 06/05 13:13:44 Image size of job updated: 1902200
	1139  -  MemoryUsage of job (MB)
	1165388  -  ResidentSetSize of job (KB)
...
006 (6714385.000.000) 06/05 13:14:19 Image size of job updated: 1696520
	913  -  MemoryUsage of job (MB)
	934716  -  ResidentSetSize of job (KB)
...
006 (6704869.000.000) 06/05 13:18:44 Image size of job updated: 1902912
	1152  -  MemoryUsage of job (MB)
	1178632  -  ResidentSetSize of job (KB)
...
006 (6714385.000.000) 06/05 13:19:20 Image size of job updated: 1697224
	913  -  MemoryUsage of job (MB)
	934716  -  ResidentSetSize of job (KB)
...
006 (6704869.000.000) 06/05 13:23:45 Image size of job updated: 1903520
	1156  -  MemoryUsage of job (MB)
	1182796  -  ResidentSetSize of job (KB)
...
006 (6714385.000.000) 06/05 13:24:20 Image size of job updated: 1698088
	913  -  MemoryUsage of job (MB)
	934716  -  ResidentSetSize of job (KB)
...
006 (6704869.000.000) 06/05 13:28:46 Image size of job updated: 1904152
	1156  -  MemoryUsage of job (MB)
	1182796  -  ResidentSetSize of job (KB)
...
006 (6714385.000.000) 06/05 13:29:20 Image size of job updated: 1698876
	913  -  MemoryUsage of job (MB)
	934716  -  ResidentSetSize of job (KB)
...
006 (6704869.000.000) 06/05 13:33:46 Image size of job updated: 1904748
	1156  -  MemoryUsage of job (MB)
	1182796  -  ResidentSetSize of job (KB)
...
006 (6714385.000.000) 06/05 13:34:21 Image size of job updated: 1699548
	913  -  MemoryUsage of job (MB)
	934716  -  ResidentSetSize of job (KB)
...
006 (6704869.000.000) 06/05 13:38:46 Image size of job updated: 1905488
	1156  -  MemoryUsage of job (MB)
	1182796  -  ResidentSetSize of job (KB)
...
006 (6714385.000.000) 06/05 13:39:21 Image size of job updated: 1700444
	945  -  MemoryUsage of job (MB)
	967472  -  ResidentSetSize of job (KB)
...
006 (6704869.000.000) 06/05 13:43:47 Image size of job updated: 1906088
	1156  -  MemoryUsage of job (MB)
	1182796  -  ResidentSetSize of job (KB)
...
006 (6714385.000.000) 06/05 13:44:21 Image size of job updated: 1701240
	952  -  MemoryUsage of job (MB)
	973888  -  ResidentSetSize of job (KB)
...
006 (6704869.000.000) 06/05 13:48:47 Image size of job updated: 1906652
	1156  -  MemoryUsage of job (MB)
	1182796  -  ResidentSetSize of job (KB)
...
006 (6714385.000.000) 06/05 13:49:22 Image size of job updated: 1701960
	952  -  MemoryUsage of job (MB)
	973888  -  ResidentSetSize of job (KB)
...
006 (6704869.000.000) 06/05 13:53:47 Image size of job updated: 1907184
	1156  -  MemoryUsage of job (MB)
	1182796  -  ResidentSetSize of job (KB)
...
006 (6714385.000.000) 06/05 13:54:23 Image size of job updated: 1702824
	952  -  MemoryUsage of job (MB)
	973888  -  ResidentSetSize of job (KB)
...
006 (6704869.000.000) 06/05 13:58:48 Image size of job updated: 1907792
	1156  -  MemoryUsage of job (MB)
	1182796  -  ResidentSetSize of job (KB)
...
006 (6714385.000.000) 06/05 13:59:23 Image size of job updated: 1703688
	952  -  MemoryUsage of job (MB)
	973888  -  ResidentSetSize of job (KB)
...
006 (6704869.000.000) 06/05 14:03:49 Image size of job updated: 1908596
	1156  -  MemoryUsage of job (MB)
	1182796  -  ResidentSetSize of job (KB)
...
006 (6714385.000.000) 06/05 14:04:24 Image size of job updated: 1704588
	952  -  MemoryUsage of job (MB)
	973888  -  ResidentSetSize of job (KB)
...
006 (6704869.000.000) 06/05 14:08:49 Image size of job updated: 1909192
	1156  -  MemoryUsage of job (MB)
	1182796  -  ResidentSetSize of job (KB)
...
006 (6714385.000.000) 06/05 14:09:25 Image size of job updated: 1705336
	952  -  MemoryUsage of job (MB)
	973888  -  ResidentSetSize of job (KB)
...
006 (6704869.000.000) 06/05 14:13:50 Image size of job updated: 1909792
	1156  -  MemoryUsage of job (MB)
	1182796  -  ResidentSetSize of job (KB)
...
006 (6714385.000.000) 06/05 14:14:25 Image size of job updated: 1706192
	952  -  MemoryUsage of job (MB)
	973888  -  ResidentSetSize of job (KB)
...
006 (6704869.000.000) 06/05 14:18:51 Image size of job updated: 1910348
	1156  -  MemoryUsage of job (MB)
	1182796  -  ResidentSetSize of job (KB)
...
006 (6714385.000.000) 06/05 14:19:26 Image size of job updated: 1707084
	952  -  MemoryUsage of job (MB)
	973888  -  ResidentSetSize of job (KB)
...
006 (6704869.000.000) 06/05 14:23:51 Image size of job updated: 1911104
	1156  -  MemoryUsage of job (MB)
	1182796  -  ResidentSetSize of job (KB)
...
006 (6714385.000.000) 06/05 14:24:27 Image size of job updated: 1707816
	952  -  MemoryUsage of job (MB)
	973888  -  ResidentSetSize of job (KB)
...
006 (6704869.000.000) 06/05 14:28:51 Image size of job updated: 1911684
	1156  -  MemoryUsage of job (MB)
	1182796  -  ResidentSetSize of job (KB)
...
006 (6714385.000.000) 06/05 14:29:27 Image size of job updated: 1708836
	952  -  MemoryUsage of job (MB)
	973888  -  ResidentSetSize of job (KB)
...
006 (6704869.000.000) 06/05 14:33:52 Image size of job updated: 1912292
	1156  -  MemoryUsage of job (MB)
	1182796  -  ResidentSetSize of job (KB)
...
006 (6714385.000.000) 06/05 14:34:27 Image size of job updated: 1709800
	952  -  MemoryUsage of job (MB)
	973888  -  ResidentSetSize of job (KB)
...
006 (6704869.000.000) 06/05 14:38:53 Image size of job updated: 1912956
	1156  -  MemoryUsage of job (MB)
	1182796  -  ResidentSetSize of job (KB)
...
006 (6714385.000.000) 06/05 14:39:28 Image size of job updated: 1710712
	952  -  MemoryUsage of job (MB)
	973888  -  ResidentSetSize of job (KB)
...
006 (6704869.000.000) 06/05 14:43:53 Image size of job updated: 1913588
	1156  -  MemoryUsage of job (MB)
	1182796  -  ResidentSetSize of job (KB)
...
006 (6714385.000.000) 06/05 14:44:28 Image size of job updated: 1711636
	952  -  MemoryUsage of job (MB)
	973888  -  ResidentSetSize of job (KB)
...
006 (6704869.000.000) 06/05 14:48:54 Image size of job updated: 1914300
	1156  -  MemoryUsage of job (MB)
	1182796  -  ResidentSetSize of job (KB)
...
006 (6714385.000.000) 06/05 14:49:28 Image size of job updated: 1712520
	952  -  MemoryUsage of job (MB)
	973888  -  ResidentSetSize of job (KB)
...
006 (6704869.000.000) 06/05 14:53:55 Image size of job updated: 1914988
	1156  -  MemoryUsage of job (MB)
	1182796  -  ResidentSetSize of job (KB)
...
006 (6714385.000.000) 06/05 14:54:29 Image size of job updated: 1713448
	952  -  MemoryUsage of job (MB)
	973888  -  ResidentSetSize of job (KB)
...
006 (6704869.000.000) 06/05 14:58:55 Image size of job updated: 1915612
	1156  -  MemoryUsage of job (MB)
	1182796  -  ResidentSetSize of job (KB)
...
006 (6714385.000.000) 06/05 14:59:30 Image size of job updated: 1714256
	952  -  MemoryUsage of job (MB)
	973888  -  ResidentSetSize of job (KB)
...
006 (6704869.000.000) 06/05 15:03:55 Image size of job updated: 1916244
	1156  -  MemoryUsage of job (MB)
	1182796  -  ResidentSetSize of job (KB)
...
006 (6714385.000.000) 06/05 15:04:30 Image size of job updated: 1715368
	952  -  MemoryUsage of job (MB)
	973888  -  ResidentSetSize of job (KB)
...
006 (6704869.000.000) 06/05 15:08:56 Image size of job updated: 1916956
	1175  -  MemoryUsage of job (MB)
	1202236  -  ResidentSetSize of job (KB)
...
006 (6714385.000.000) 06/05 15:09:31 Image size of job updated: 1716124
	952  -  MemoryUsage of job (MB)
	973888  -  ResidentSetSize of job (KB)
...
006 (6704869.000.000) 06/05 15:13:57 Image size of job updated: 1917604
	1175  -  MemoryUsage of job (MB)
	1202236  -  ResidentSetSize of job (KB)
...
006 (6714385.000.000) 06/05 15:14:32 Image size of job updated: 1716820
	952  -  MemoryUsage of job (MB)
	973888  -  ResidentSetSize of job (KB)
...
006 (6704869.000.000) 06/05 15:18:57 Image size of job updated: 1918204
	1175  -  MemoryUsage of job (MB)
	1202236  -  ResidentSetSize of job (KB)
...
006 (6714385.000.000) 06/05 15:19:32 Image size of job updated: 1717884
	952  -  MemoryUsage of job (MB)
	973888  -  ResidentSetSize of job (KB)
...
006 (6704869.000.000) 06/05 15:23:58 Image size of job updated: 1918800
	1175  -  MemoryUsage of job (MB)
	1202236  -  ResidentSetSize of job (KB)
...
006 (6714385.000.000) 06/05 15:24:32 Image size of job updated: 1718596
	952  -  MemoryUsage of job (MB)
	973888  -  ResidentSetSize of job (KB)
...
006 (6704869.000.000) 06/05 15:28:59 Image size of job updated: 1919472
	1175  -  MemoryUsage of job (MB)
	1202236  -  ResidentSetSize of job (KB)
...
006 (6714385.000.000) 06/05 15:29:33 Image size of job updated: 1719484
	952  -  MemoryUsage of job (MB)
	973888  -  ResidentSetSize of job (KB)
...
006 (6704869.000.000) 06/05 15:33:59 Image size of job updated: 1920120
	1175  -  MemoryUsage of job (MB)
	1202236  -  ResidentSetSize of job (KB)
...
006 (6714385.000.000) 06/05 15:34:33 Image size of job updated: 1720332
	952  -  MemoryUsage of job (MB)
	973888  -  ResidentSetSize of job (KB)
...
006 (6704869.000.000) 06/05 15:38:59 Image size of job updated: 1920720
	1175  -  MemoryUsage of job (MB)
	1202236  -  ResidentSetSize of job (KB)
...
006 (6714385.000.000) 06/05 15:39:33 Image size of job updated: 1721200
	952  -  MemoryUsage of job (MB)
	973888  -  ResidentSetSize of job (KB)
...
006 (6704869.000.000) 06/05 15:44:00 Image size of job updated: 1921236
	1175  -  MemoryUsage of job (MB)
	1202236  -  ResidentSetSize of job (KB)
...
006 (6714385.000.000) 06/05 15:44:34 Image size of job updated: 1721916
	952  -  MemoryUsage of job (MB)
	973888  -  ResidentSetSize of job (KB)
...
006 (6704869.000.000) 06/05 15:49:00 Image size of job updated: 1921832
	1175  -  MemoryUsage of job (MB)
	1202236  -  ResidentSetSize of job (KB)
...
006 (6714385.000.000) 06/05 15:49:34 Image size of job updated: 1722728
	952  -  MemoryUsage of job (MB)
	973888  -  ResidentSetSize of job (KB)
...
006 (6704869.000.000) 06/05 15:54:00 Image size of job updated: 1922496
	1175  -  MemoryUsage of job (MB)
	1202236  -  ResidentSetSize of job (KB)
...
006 (6714385.000.000) 06/05 15:54:34 Image size of job updated: 1723652
	952  -  MemoryUsage of job (MB)
	973888  -  ResidentSetSize of job (KB)
...
006 (6704869.000.000) 06/05 15:59:02 Image size of job updated: 1923144
	1175  -  MemoryUsage of job (MB)
	1202236  -  ResidentSetSize of job (KB)
...
006 (6714385.000.000) 06/05 15:59:35 Image size of job updated: 1724384
	952  -  MemoryUsage of job (MB)
	973888  -  ResidentSetSize of job (KB)
...
006 (6704869.000.000) 06/05 16:04:02 Image size of job updated: 1923708
	1175  -  MemoryUsage of job (MB)
	1202236  -  ResidentSetSize of job (KB)
...
006 (6714385.000.000) 06/05 16:04:35 Image size of job updated: 1725312
	952  -  MemoryUsage of job (MB)
	973888  -  ResidentSetSize of job (KB)
...
006 (6704869.000.000) 06/05 16:09:02 Image size of job updated: 1924284
	1175  -  MemoryUsage of job (MB)
	1202236  -  ResidentSetSize of job (KB)
...
006 (6714385.000.000) 06/05 16:09:35 Image size of job updated: 1726132
	952  -  MemoryUsage of job (MB)
	973888  -  ResidentSetSize of job (KB)
...
006 (6704869.000.000) 06/05 16:14:03 Image size of job updated: 1925028
	1175  -  MemoryUsage of job (MB)
	1202236  -  ResidentSetSize of job (KB)
...
006 (6714385.000.000) 06/05 16:14:36 Image size of job updated: 1726904
	978  -  MemoryUsage of job (MB)
	1001196  -  ResidentSetSize of job (KB)
...
006 (6704869.000.000) 06/05 16:19:04 Image size of job updated: 1925628
	1175  -  MemoryUsage of job (MB)
	1202236  -  ResidentSetSize of job (KB)
...
006 (6714385.000.000) 06/05 16:19:36 Image size of job updated: 1727768
	983  -  MemoryUsage of job (MB)
	1005972  -  ResidentSetSize of job (KB)
...
006 (6704869.000.000) 06/05 16:24:04 Image size of job updated: 1926236
	1175  -  MemoryUsage of job (MB)
	1202236  -  ResidentSetSize of job (KB)
...
006 (6714385.000.000) 06/05 16:24:36 Image size of job updated: 1728660
	983  -  MemoryUsage of job (MB)
	1005972  -  ResidentSetSize of job (KB)
...
006 (6704869.000.000) 06/05 16:29:04 Image size of job updated: 1926856
	1175  -  MemoryUsage of job (MB)
	1202236  -  ResidentSetSize of job (KB)
...
006 (6714385.000.000) 06/05 16:29:37 Image size of job updated: 1729572
	983  -  MemoryUsage of job (MB)
	1005972  -  ResidentSetSize of job (KB)
...
006 (6704869.000.000) 06/05 16:34:05 Image size of job updated: 1927456
	1175  -  MemoryUsage of job (MB)
	1202236  -  ResidentSetSize of job (KB)
...
006 (6714385.000.000) 06/05 16:34:38 Image size of job updated: 1730268
	983  -  MemoryUsage of job (MB)
	1005972  -  ResidentSetSize of job (KB)
...
006 (6704869.000.000) 06/05 16:39:06 Image size of job updated: 1928204
	1180  -  MemoryUsage of job (MB)
	1207660  -  ResidentSetSize of job (KB)
...
006 (6714385.000.000) 06/05 16:39:38 Image size of job updated: 1731184
	983  -  MemoryUsage of job (MB)
	1005972  -  ResidentSetSize of job (KB)
...
006 (6704869.000.000) 06/05 16:44:06 Image size of job updated: 1928808
	1180  -  MemoryUsage of job (MB)
	1207660  -  ResidentSetSize of job (KB)
...
006 (6714385.000.000) 06/05 16:44:38 Image size of job updated: 1731976
	983  -  MemoryUsage of job (MB)
	1005972  -  ResidentSetSize of job (KB)
...
006 (6704869.000.000) 06/05 16:49:07 Image size of job updated: 1929424
	1180  -  MemoryUsage of job (MB)
	1207660  -  ResidentSetSize of job (KB)
...
006 (6714385.000.000) 06/05 16:49:39 Image size of job updated: 1732768
	983  -  MemoryUsage of job (MB)
	1005972  -  ResidentSetSize of job (KB)
...
006 (6704869.000.000) 06/05 16:54:08 Image size of job updated: 1930012
	1180  -  MemoryUsage of job (MB)
	1207660  -  ResidentSetSize of job (KB)
...
006 (6714385.000.000) 06/05 16:54:39 Image size of job updated: 1733656
	983  -  MemoryUsage of job (MB)
	1005972  -  ResidentSetSize of job (KB)
...
006 (6704869.000.000) 06/05 16:59:08 Image size of job updated: 1930728
	1180  -  MemoryUsage of job (MB)
	1207660  -  ResidentSetSize of job (KB)
...
006 (6714385.000.000) 06/05 16:59:39 Image size of job updated: 1734532
	983  -  MemoryUsage of job (MB)
	1005972  -  ResidentSetSize of job (KB)
...
006 (6704869.000.000) 06/05 17:04:09 Image size of job updated: 1931332
	1180  -  MemoryUsage of job (MB)
	1207660  -  ResidentSetSize of job (KB)
...
006 (6714385.000.000) 06/05 17:04:40 Image size of job updated: 1735400
	983  -  MemoryUsage of job (MB)
	1005972  -  ResidentSetSize of job (KB)
...
006 (6704869.000.000) 06/05 17:09:10 Image size of job updated: 1931908
	1180  -  MemoryUsage of job (MB)
	1207660  -  ResidentSetSize of job (KB)
...
006 (6714385.000.000) 06/05 17:09:40 Image size of job updated: 1736124
	983  -  MemoryUsage of job (MB)
	1005972  -  ResidentSetSize of job (KB)
...
006 (6704869.000.000) 06/05 17:14:10 Image size of job updated: 1932512
	1180  -  MemoryUsage of job (MB)
	1207660  -  ResidentSetSize of job (KB)
...
006 (6714385.000.000) 06/05 17:14:40 Image size of job updated: 1736824
	983  -  MemoryUsage of job (MB)
	1005972  -  ResidentSetSize of job (KB)
...
006 (6704869.000.000) 06/05 17:19:10 Image size of job updated: 1933128
	1180  -  MemoryUsage of job (MB)
	1207660  -  ResidentSetSize of job (KB)
...
006 (6714385.000.000) 06/05 17:19:41 Image size of job updated: 1737800
	983  -  MemoryUsage of job (MB)
	1005972  -  ResidentSetSize of job (KB)
...
006 (6704869.000.000) 06/05 17:24:11 Image size of job updated: 1933776
	1180  -  MemoryUsage of job (MB)
	1207660  -  ResidentSetSize of job (KB)
...
006 (6714385.000.000) 06/05 17:24:42 Image size of job updated: 1738448
	983  -  MemoryUsage of job (MB)
	1005972  -  ResidentSetSize of job (KB)
...
006 (6704869.000.000) 06/05 17:29:12 Image size of job updated: 1934416
	1180  -  MemoryUsage of job (MB)
	1207660  -  ResidentSetSize of job (KB)
...
006 (6714385.000.000) 06/05 17:29:42 Image size of job updated: 1739376
	983  -  MemoryUsage of job (MB)
	1005972  -  ResidentSetSize of job (KB)
...
006 (6704869.000.000) 06/05 17:34:12 Image size of job updated: 1934948
	1180  -  MemoryUsage of job (MB)
	1207660  -  ResidentSetSize of job (KB)
...
006 (6714385.000.000) 06/05 17:34:43 Image size of job updated: 1739960
	983  -  MemoryUsage of job (MB)
	1005972  -  ResidentSetSize of job (KB)
...
006 (6704869.000.000) 06/05 17:39:13 Image size of job updated: 1935504
	1180  -  MemoryUsage of job (MB)
	1207660  -  ResidentSetSize of job (KB)
...
006 (6714385.000.000) 06/05 17:39:44 Image size of job updated: 1740732
	983  -  MemoryUsage of job (MB)
	1005972  -  ResidentSetSize of job (KB)
...
006 (6704869.000.000) 06/05 17:44:14 Image size of job updated: 1936064
	1180  -  MemoryUsage of job (MB)
	1207660  -  ResidentSetSize of job (KB)
...
006 (6714385.000.000) 06/05 17:44:44 Image size of job updated: 1741584
	983  -  MemoryUsage of job (MB)
	1005972  -  ResidentSetSize of job (KB)
...
006 (6704869.000.000) 06/05 17:49:14 Image size of job updated: 1936740
	1180  -  MemoryUsage of job (MB)
	1207660  -  ResidentSetSize of job (KB)
...
006 (6714385.000.000) 06/05 17:49:45 Image size of job updated: 1742292
	983  -  MemoryUsage of job (MB)
	1005972  -  ResidentSetSize of job (KB)
...
006 (6704869.000.000) 06/05 17:54:15 Image size of job updated: 1937316
	1180  -  MemoryUsage of job (MB)
	1207660  -  ResidentSetSize of job (KB)
...
006 (6714385.000.000) 06/05 17:54:46 Image size of job updated: 1743136
	983  -  MemoryUsage of job (MB)
	1005972  -  ResidentSetSize of job (KB)
...
006 (6704869.000.000) 06/05 17:59:16 Image size of job updated: 1937816
	1180  -  MemoryUsage of job (MB)
	1207660  -  ResidentSetSize of job (KB)
...
006 (6714385.000.000) 06/05 17:59:46 Image size of job updated: 1743892
	983  -  MemoryUsage of job (MB)
	1005972  -  ResidentSetSize of job (KB)
...
006 (6704869.000.000) 06/05 18:04:16 Image size of job updated: 1938356
	1180  -  MemoryUsage of job (MB)
	1207660  -  ResidentSetSize of job (KB)
...
006 (6714385.000.000) 06/05 18:04:47 Image size of job updated: 1744636
	983  -  MemoryUsage of job (MB)
	1005972  -  ResidentSetSize of job (KB)
...
006 (6704869.000.000) 06/05 18:09:16 Image size of job updated: 1938876
	1180  -  MemoryUsage of job (MB)
	1207660  -  ResidentSetSize of job (KB)
...
006 (6714385.000.000) 06/05 18:09:48 Image size of job updated: 1745456
	983  -  MemoryUsage of job (MB)
	1005972  -  ResidentSetSize of job (KB)
...
006 (6704869.000.000) 06/05 18:14:17 Image size of job updated: 1939540
	1180  -  MemoryUsage of job (MB)
	1207660  -  ResidentSetSize of job (KB)
...
006 (6714385.000.000) 06/05 18:14:48 Image size of job updated: 1746288
	983  -  MemoryUsage of job (MB)
	1005972  -  ResidentSetSize of job (KB)
...
006 (6704869.000.000) 06/05 18:19:17 Image size of job updated: 1940044
	1180  -  MemoryUsage of job (MB)
	1207660  -  ResidentSetSize of job (KB)
...
006 (6714385.000.000) 06/05 18:19:48 Image size of job updated: 1746944
	983  -  MemoryUsage of job (MB)
	1005972  -  ResidentSetSize of job (KB)
...
006 (6704869.000.000) 06/05 18:24:17 Image size of job updated: 1940476
	1180  -  MemoryUsage of job (MB)
	1207660  -  ResidentSetSize of job (KB)
...
006 (6714385.000.000) 06/05 18:24:49 Image size of job updated: 1747740
	983  -  MemoryUsage of job (MB)
	1005972  -  ResidentSetSize of job (KB)
...
006 (6704869.000.000) 06/05 18:29:19 Image size of job updated: 1941060
	1180  -  MemoryUsage of job (MB)
	1207660  -  ResidentSetSize of job (KB)
...
006 (6714385.000.000) 06/05 18:29:49 Image size of job updated: 1748504
	983  -  MemoryUsage of job (MB)
	1005972  -  ResidentSetSize of job (KB)
...
006 (6704869.000.000) 06/05 18:34:19 Image size of job updated: 1941624
	1180  -  MemoryUsage of job (MB)
	1207660  -  ResidentSetSize of job (KB)
...
006 (6714385.000.000) 06/05 18:34:49 Image size of job updated: 1749220
	983  -  MemoryUsage of job (MB)
	1005972  -  ResidentSetSize of job (KB)
...
006 (6704869.000.000) 06/05 18:39:19 Image size of job updated: 1942328
	1180  -  MemoryUsage of job (MB)
	1207660  -  ResidentSetSize of job (KB)
...
006 (6714385.000.000) 06/05 18:39:50 Image size of job updated: 1750000
	983  -  MemoryUsage of job (MB)
	1005972  -  ResidentSetSize of job (KB)
...
006 (6704869.000.000) 06/05 18:44:20 Image size of job updated: 1942868
	1180  -  MemoryUsage of job (MB)
	1207660  -  ResidentSetSize of job (KB)
...
006 (6714385.000.000) 06/05 18:44:50 Image size of job updated: 1750692
	983  -  MemoryUsage of job (MB)
	1005972  -  ResidentSetSize of job (KB)
...
006 (6704869.000.000) 06/05 18:49:21 Image size of job updated: 1943300
	1180  -  MemoryUsage of job (MB)
	1207660  -  ResidentSetSize of job (KB)
...
006 (6714385.000.000) 06/05 18:49:50 Image size of job updated: 1751532
	983  -  MemoryUsage of job (MB)
	1005972  -  ResidentSetSize of job (KB)
...
006 (6704869.000.000) 06/05 18:54:21 Image size of job updated: 1943900
	1180  -  MemoryUsage of job (MB)
	1207660  -  ResidentSetSize of job (KB)
...
006 (6714385.000.000) 06/05 18:54:51 Image size of job updated: 1752312
	1015  -  MemoryUsage of job (MB)
	1039092  -  ResidentSetSize of job (KB)
...
006 (6704869.000.000) 06/05 18:59:22 Image size of job updated: 1944340
	1180  -  MemoryUsage of job (MB)
	1207660  -  ResidentSetSize of job (KB)
...
006 (6714385.000.000) 06/05 18:59:51 Image size of job updated: 1752996
	1015  -  MemoryUsage of job (MB)
	1039092  -  ResidentSetSize of job (KB)
...
006 (6704869.000.000) 06/05 19:04:23 Image size of job updated: 1945104
	1180  -  MemoryUsage of job (MB)
	1207660  -  ResidentSetSize of job (KB)
...
006 (6714385.000.000) 06/05 19:04:51 Image size of job updated: 1753792
	1015  -  MemoryUsage of job (MB)
	1039092  -  ResidentSetSize of job (KB)
...
006 (6704869.000.000) 06/05 19:09:23 Image size of job updated: 1945676
	1180  -  MemoryUsage of job (MB)
	1207660  -  ResidentSetSize of job (KB)
...
006 (6714385.000.000) 06/05 19:09:52 Image size of job updated: 1754648
	1015  -  MemoryUsage of job (MB)
	1039092  -  ResidentSetSize of job (KB)
...
006 (6704869.000.000) 06/05 19:14:23 Image size of job updated: 1946240
	1180  -  MemoryUsage of job (MB)
	1207660  -  ResidentSetSize of job (KB)
...
006 (6714385.000.000) 06/05 19:14:53 Image size of job updated: 1755320
	1015  -  MemoryUsage of job (MB)
	1039092  -  ResidentSetSize of job (KB)
...
006 (6704869.000.000) 06/05 19:19:24 Image size of job updated: 1946764
	1180  -  MemoryUsage of job (MB)
	1207660  -  ResidentSetSize of job (KB)
...
006 (6714385.000.000) 06/05 19:19:53 Image size of job updated: 1756092
	1015  -  MemoryUsage of job (MB)
	1039092  -  ResidentSetSize of job (KB)
...
006 (6704869.000.000) 06/05 19:24:25 Image size of job updated: 1947472
	1180  -  MemoryUsage of job (MB)
	1207660  -  ResidentSetSize of job (KB)
...
006 (6714385.000.000) 06/05 19:24:54 Image size of job updated: 1756896
	1015  -  MemoryUsage of job (MB)
	1039092  -  ResidentSetSize of job (KB)
...
006 (6704869.000.000) 06/05 19:29:25 Image size of job updated: 1948008
	1180  -  MemoryUsage of job (MB)
	1207660  -  ResidentSetSize of job (KB)
...
006 (6714385.000.000) 06/05 19:29:55 Image size of job updated: 1757588
	1015  -  MemoryUsage of job (MB)
	1039092  -  ResidentSetSize of job (KB)
...
006 (6704869.000.000) 06/05 19:34:26 Image size of job updated: 1948540
	1180  -  MemoryUsage of job (MB)
	1207660  -  ResidentSetSize of job (KB)
...
006 (6714385.000.000) 06/05 19:34:55 Image size of job updated: 1758356
	1015  -  MemoryUsage of job (MB)
	1039092  -  ResidentSetSize of job (KB)
...
006 (6704869.000.000) 06/05 19:39:27 Image size of job updated: 1949048
	1180  -  MemoryUsage of job (MB)
	1207660  -  ResidentSetSize of job (KB)
...
006 (6714385.000.000) 06/05 19:39:56 Image size of job updated: 1759164
	1015  -  MemoryUsage of job (MB)
	1039092  -  ResidentSetSize of job (KB)
...
006 (6704869.000.000) 06/05 19:44:27 Image size of job updated: 1949588
	1180  -  MemoryUsage of job (MB)
	1207660  -  ResidentSetSize of job (KB)
...
006 (6714385.000.000) 06/05 19:44:57 Image size of job updated: 1759892
	1015  -  MemoryUsage of job (MB)
	1039092  -  ResidentSetSize of job (KB)
...
006 (6704869.000.000) 06/05 19:49:28 Image size of job updated: 1950088
	1180  -  MemoryUsage of job (MB)
	1207660  -  ResidentSetSize of job (KB)
...
006 (6714385.000.000) 06/05 19:49:57 Image size of job updated: 1760572
	1015  -  MemoryUsage of job (MB)
	1039092  -  ResidentSetSize of job (KB)
...
006 (6704869.000.000) 06/05 19:54:29 Image size of job updated: 1950752
	1180  -  MemoryUsage of job (MB)
	1207660  -  ResidentSetSize of job (KB)
...
006 (6714385.000.000) 06/05 19:54:57 Image size of job updated: 1761236
	1015  -  MemoryUsage of job (MB)
	1039092  -  ResidentSetSize of job (KB)
...
006 (6704869.000.000) 06/05 19:59:29 Image size of job updated: 1951292
	1180  -  MemoryUsage of job (MB)
	1207660  -  ResidentSetSize of job (KB)
...
006 (6714385.000.000) 06/05 19:59:58 Image size of job updated: 1762108
	1015  -  MemoryUsage of job (MB)
	1039092  -  ResidentSetSize of job (KB)
...
006 (6704869.000.000) 06/05 20:04:29 Image size of job updated: 1951832
	1180  -  MemoryUsage of job (MB)
	1207660  -  ResidentSetSize of job (KB)
...
006 (6714385.000.000) 06/05 20:04:58 Image size of job updated: 1762888
	1015  -  MemoryUsage of job (MB)
	1039092  -  ResidentSetSize of job (KB)
...
006 (6704869.000.000) 06/05 20:09:30 Image size of job updated: 1952352
	1180  -  MemoryUsage of job (MB)
	1207660  -  ResidentSetSize of job (KB)
...
006 (6714385.000.000) 06/05 20:09:58 Image size of job updated: 1763580
	1015  -  MemoryUsage of job (MB)
	1039092  -  ResidentSetSize of job (KB)
...
006 (6704869.000.000) 06/05 20:14:30 Image size of job updated: 1952892
	1180  -  MemoryUsage of job (MB)
	1207660  -  ResidentSetSize of job (KB)
...
006 (6714385.000.000) 06/05 20:14:59 Image size of job updated: 1764384
	1021  -  MemoryUsage of job (MB)
	1044824  -  ResidentSetSize of job (KB)
...
006 (6704869.000.000) 06/05 20:19:30 Image size of job updated: 1953492
	1206  -  MemoryUsage of job (MB)
	1234424  -  ResidentSetSize of job (KB)
...
006 (6714385.000.000) 06/05 20:19:59 Image size of job updated: 1765144
	1027  -  MemoryUsage of job (MB)
	1050896  -  ResidentSetSize of job (KB)
...
006 (6704869.000.000) 06/05 20:24:31 Image size of job updated: 1954048
	1206  -  MemoryUsage of job (MB)
	1234424  -  ResidentSetSize of job (KB)
...
006 (6714385.000.000) 06/05 20:24:59 Image size of job updated: 1765836
	1027  -  MemoryUsage of job (MB)
	1050896  -  ResidentSetSize of job (KB)
...
006 (6704869.000.000) 06/05 20:29:32 Image size of job updated: 1954604
	1206  -  MemoryUsage of job (MB)
	1234424  -  ResidentSetSize of job (KB)
...
006 (6714385.000.000) 06/05 20:30:00 Image size of job updated: 1766548
	1027  -  MemoryUsage of job (MB)
	1050896  -  ResidentSetSize of job (KB)
...
006 (6704869.000.000) 06/05 20:34:32 Image size of job updated: 1955108
	1206  -  MemoryUsage of job (MB)
	1234424  -  ResidentSetSize of job (KB)
...
006 (6714385.000.000) 06/05 20:35:00 Image size of job updated: 1767264
	1027  -  MemoryUsage of job (MB)
	1050896  -  ResidentSetSize of job (KB)
...
006 (6704869.000.000) 06/05 20:39:33 Image size of job updated: 1955608
	1206  -  MemoryUsage of job (MB)
	1234424  -  ResidentSetSize of job (KB)
...
006 (6714385.000.000) 06/05 20:40:00 Image size of job updated: 1768052
	1027  -  MemoryUsage of job (MB)
	1050896  -  ResidentSetSize of job (KB)
...
006 (6704869.000.000) 06/05 20:44:34 Image size of job updated: 1956344
	1206  -  MemoryUsage of job (MB)
	1234424  -  ResidentSetSize of job (KB)
...
006 (6714385.000.000) 06/05 20:45:02 Image size of job updated: 1768804
	1027  -  MemoryUsage of job (MB)
	1050896  -  ResidentSetSize of job (KB)
...
006 (6704869.000.000) 06/05 20:49:34 Image size of job updated: 1956896
	1206  -  MemoryUsage of job (MB)
	1234424  -  ResidentSetSize of job (KB)
...
006 (6714385.000.000) 06/05 20:50:02 Image size of job updated: 1769488
	1027  -  MemoryUsage of job (MB)
	1050896  -  ResidentSetSize of job (KB)
...
006 (6704869.000.000) 06/05 20:54:35 Image size of job updated: 1957452
	1206  -  MemoryUsage of job (MB)
	1234424  -  ResidentSetSize of job (KB)
...
006 (6714385.000.000) 06/05 20:55:02 Image size of job updated: 1770276
	1027  -  MemoryUsage of job (MB)
	1050896  -  ResidentSetSize of job (KB)
...
006 (6704869.000.000) 06/05 20:59:36 Image size of job updated: 1958000
	1206  -  MemoryUsage of job (MB)
	1234424  -  ResidentSetSize of job (KB)
...
006 (6714385.000.000) 06/05 21:00:03 Image size of job updated: 1771108
	1027  -  MemoryUsage of job (MB)
	1050896  -  ResidentSetSize of job (KB)
...
006 (6704869.000.000) 06/05 21:04:36 Image size of job updated: 1958756
	1206  -  MemoryUsage of job (MB)
	1234424  -  ResidentSetSize of job (KB)
...
006 (6714385.000.000) 06/05 21:05:04 Image size of job updated: 1771748
	1027  -  MemoryUsage of job (MB)
	1050896  -  ResidentSetSize of job (KB)
...
006 (6704869.000.000) 06/05 21:09:36 Image size of job updated: 1959364
	1206  -  MemoryUsage of job (MB)
	1234424  -  ResidentSetSize of job (KB)
...
006 (6714385.000.000) 06/05 21:10:04 Image size of job updated: 1772476
	1027  -  MemoryUsage of job (MB)
	1050896  -  ResidentSetSize of job (KB)
...
006 (6704869.000.000) 06/05 21:14:37 Image size of job updated: 1959904
	1206  -  MemoryUsage of job (MB)
	1234424  -  ResidentSetSize of job (KB)
...
006 (6714385.000.000) 06/05 21:15:05 Image size of job updated: 1773096
	1027  -  MemoryUsage of job (MB)
	1050896  -  ResidentSetSize of job (KB)
...
006 (6704869.000.000) 06/05 21:19:37 Image size of job updated: 1960452
	1206  -  MemoryUsage of job (MB)
	1234424  -  ResidentSetSize of job (KB)
...
006 (6714385.000.000) 06/05 21:20:06 Image size of job updated: 1773972
	1027  -  MemoryUsage of job (MB)
	1050896  -  ResidentSetSize of job (KB)
...
006 (6704869.000.000) 06/05 21:24:37 Image size of job updated: 1960996
	1206  -  MemoryUsage of job (MB)
	1234424  -  ResidentSetSize of job (KB)
...
006 (6714385.000.000) 06/05 21:25:06 Image size of job updated: 1774720
	1027  -  MemoryUsage of job (MB)
	1050896  -  ResidentSetSize of job (KB)
...
006 (6704869.000.000) 06/05 21:29:38 Image size of job updated: 1961656
	1206  -  MemoryUsage of job (MB)
	1234424  -  ResidentSetSize of job (KB)
...
006 (6714385.000.000) 06/05 21:30:07 Image size of job updated: 1775320
	1027  -  MemoryUsage of job (MB)
	1050896  -  ResidentSetSize of job (KB)
...
006 (6704869.000.000) 06/05 21:34:39 Image size of job updated: 1962236
	1206  -  MemoryUsage of job (MB)
	1234424  -  ResidentSetSize of job (KB)
...
006 (6714385.000.000) 06/05 21:35:08 Image size of job updated: 1776092
	1027  -  MemoryUsage of job (MB)
	1050896  -  ResidentSetSize of job (KB)
...
006 (6704869.000.000) 06/05 21:39:39 Image size of job updated: 1962808
	1206  -  MemoryUsage of job (MB)
	1234424  -  ResidentSetSize of job (KB)
...
006 (6714385.000.000) 06/05 21:40:08 Image size of job updated: 1776780
	1027  -  MemoryUsage of job (MB)
	1050896  -  ResidentSetSize of job (KB)
...
006 (6704869.000.000) 06/05 21:44:40 Image size of job updated: 1963416
	1206  -  MemoryUsage of job (MB)
	1234424  -  ResidentSetSize of job (KB)
...
006 (6714385.000.000) 06/05 21:45:09 Image size of job updated: 1777544
	1027  -  MemoryUsage of job (MB)
	1050896  -  ResidentSetSize of job (KB)
...
006 (6704869.000.000) 06/05 21:47:40 Image size of job updated: 1963780
	1206  -  MemoryUsage of job (MB)
	1234424  -  ResidentSetSize of job (KB)
...
040 (6704869.000.000) 06/05 21:47:40 Started transferring output files
...
040 (6704869.000.000) 06/05 21:47:40 Finished transferring output files
...
009 (6704869.000.000) 06/05 21:47:41 Job was aborted.
	Job removed by SYSTEM_PERIODIC_REMOVE due to wall time exceeded allowed max.
...
006 (6714385.000.000) 06/05 21:50:10 Image size of job updated: 1778312
	1027  -  MemoryUsage of job (MB)
	1050896  -  ResidentSetSize of job (KB)
...
006 (6714385.000.000) 06/05 21:55:10 Image size of job updated: 1778864
	1027  -  MemoryUsage of job (MB)
	1050896  -  ResidentSetSize of job (KB)
...
006 (6714385.000.000) 06/05 22:00:10 Image size of job updated: 1779720
	1027  -  MemoryUsage of job (MB)
	1050896  -  ResidentSetSize of job (KB)
...
006 (6714385.000.000) 06/05 22:05:11 Image size of job updated: 1780360
	1027  -  MemoryUsage of job (MB)
	1050896  -  ResidentSetSize of job (KB)
...
006 (6714385.000.000) 06/05 22:10:11 Image size of job updated: 1781132
	1039  -  MemoryUsage of job (MB)
	1063372  -  ResidentSetSize of job (KB)
...
006 (6714385.000.000) 06/05 22:15:11 Image size of job updated: 1781904
	1042  -  MemoryUsage of job (MB)
	1066324  -  ResidentSetSize of job (KB)
...
006 (6714385.000.000) 06/05 22:20:12 Image size of job updated: 1782576
	1042  -  MemoryUsage of job (MB)
	1066324  -  ResidentSetSize of job (KB)
...
006 (6714385.000.000) 06/05 22:25:12 Image size of job updated: 1783276
	1042  -  MemoryUsage of job (MB)
	1066324  -  ResidentSetSize of job (KB)
...
006 (6714385.000.000) 06/05 22:30:12 Image size of job updated: 1783924
	1042  -  MemoryUsage of job (MB)
	1066324  -  ResidentSetSize of job (KB)
...
006 (6714385.000.000) 06/05 22:35:13 Image size of job updated: 1784784
	1042  -  MemoryUsage of job (MB)
	1066324  -  ResidentSetSize of job (KB)
...
006 (6714385.000.000) 06/05 22:40:14 Image size of job updated: 1785564
	1042  -  MemoryUsage of job (MB)
	1066324  -  ResidentSetSize of job (KB)
...
006 (6714385.000.000) 06/05 22:45:14 Image size of job updated: 1786204
	1042  -  MemoryUsage of job (MB)
	1066324  -  ResidentSetSize of job (KB)
...
006 (6714385.000.000) 06/05 22:50:15 Image size of job updated: 1786956
	1042  -  MemoryUsage of job (MB)
	1066324  -  ResidentSetSize of job (KB)
...
006 (6714385.000.000) 06/05 22:55:16 Image size of job updated: 1787512
	1042  -  MemoryUsage of job (MB)
	1066324  -  ResidentSetSize of job (KB)
...
006 (6714385.000.000) 06/05 23:00:16 Image size of job updated: 1788336
	1042  -  MemoryUsage of job (MB)
	1066324  -  ResidentSetSize of job (KB)
...
006 (6714385.000.000) 06/05 23:05:16 Image size of job updated: 1789104
	1042  -  MemoryUsage of job (MB)
	1066324  -  ResidentSetSize of job (KB)
...
006 (6714385.000.000) 06/05 23:10:17 Image size of job updated: 1789736
	1042  -  MemoryUsage of job (MB)
	1066324  -  ResidentSetSize of job (KB)
...
006 (6714385.000.000) 06/05 23:15:17 Image size of job updated: 1790444
	1042  -  MemoryUsage of job (MB)
	1066324  -  ResidentSetSize of job (KB)
...
006 (6714385.000.000) 06/05 23:20:17 Image size of job updated: 1791292
	1042  -  MemoryUsage of job (MB)
	1066324  -  ResidentSetSize of job (KB)
...
006 (6714385.000.000) 06/05 23:25:18 Image size of job updated: 1791888
	1042  -  MemoryUsage of job (MB)
	1066324  -  ResidentSetSize of job (KB)
...
006 (6714385.000.000) 06/05 23:30:18 Image size of job updated: 1792608
	1042  -  MemoryUsage of job (MB)
	1066324  -  ResidentSetSize of job (KB)
...
006 (6714385.000.000) 06/05 23:35:18 Image size of job updated: 1793260
	1042  -  MemoryUsage of job (MB)
	1066324  -  ResidentSetSize of job (KB)
...
006 (6714385.000.000) 06/05 23:40:19 Image size of job updated: 1794012
	1042  -  MemoryUsage of job (MB)
	1066324  -  ResidentSetSize of job (KB)
...
006 (6714385.000.000) 06/05 23:45:20 Image size of job updated: 1794628
	1042  -  MemoryUsage of job (MB)
	1066324  -  ResidentSetSize of job (KB)
...
006 (6714385.000.000) 06/05 23:50:20 Image size of job updated: 1795360
	1042  -  MemoryUsage of job (MB)
	1066324  -  ResidentSetSize of job (KB)
...
006 (6714385.000.000) 06/05 23:55:21 Image size of job updated: 1796152
	1042  -  MemoryUsage of job (MB)
	1066324  -  ResidentSetSize of job (KB)
...
006 (6714385.000.000) 06/06 00:00:22 Image size of job updated: 1796788
	1042  -  MemoryUsage of job (MB)
	1066324  -  ResidentSetSize of job (KB)
...
006 (6714385.000.000) 06/06 00:05:22 Image size of job updated: 1797520
	1042  -  MemoryUsage of job (MB)
	1066324  -  ResidentSetSize of job (KB)
...
006 (6714385.000.000) 06/06 00:10:23 Image size of job updated: 1798160
	1042  -  MemoryUsage of job (MB)
	1066324  -  ResidentSetSize of job (KB)
...
006 (6714385.000.000) 06/06 00:15:24 Image size of job updated: 1798888
	1042  -  MemoryUsage of job (MB)
	1066324  -  ResidentSetSize of job (KB)
...
006 (6714385.000.000) 06/06 00:20:24 Image size of job updated: 1799756
	1042  -  MemoryUsage of job (MB)
	1066324  -  ResidentSetSize of job (KB)
...
006 (6714385.000.000) 06/06 00:25:24 Image size of job updated: 1800420
	1042  -  MemoryUsage of job (MB)
	1066324  -  ResidentSetSize of job (KB)
...
006 (6714385.000.000) 06/06 00:30:25 Image size of job updated: 1801212
	1042  -  MemoryUsage of job (MB)
	1066324  -  ResidentSetSize of job (KB)
...
006 (6714385.000.000) 06/06 00:35:25 Image size of job updated: 1802000
	1042  -  MemoryUsage of job (MB)
	1066324  -  ResidentSetSize of job (KB)
...
006 (6714385.000.000) 06/06 00:40:25 Image size of job updated: 1802644
	1042  -  MemoryUsage of job (MB)
	1066324  -  ResidentSetSize of job (KB)
...
006 (6714385.000.000) 06/06 00:45:27 Image size of job updated: 1803416
	1042  -  MemoryUsage of job (MB)
	1066324  -  ResidentSetSize of job (KB)
...
006 (6714385.000.000) 06/06 00:50:27 Image size of job updated: 1804056
	1042  -  MemoryUsage of job (MB)
	1066324  -  ResidentSetSize of job (KB)
...
006 (6714385.000.000) 06/06 00:55:27 Image size of job updated: 1804840
	1042  -  MemoryUsage of job (MB)
	1066324  -  ResidentSetSize of job (KB)
...
006 (6714385.000.000) 06/06 01:00:28 Image size of job updated: 1805568
	1042  -  MemoryUsage of job (MB)
	1066324  -  ResidentSetSize of job (KB)
...
006 (6714385.000.000) 06/06 01:05:29 Image size of job updated: 1806028
	1042  -  MemoryUsage of job (MB)
	1066324  -  ResidentSetSize of job (KB)
...
006 (6714385.000.000) 06/06 01:10:29 Image size of job updated: 1806928
	1042  -  MemoryUsage of job (MB)
	1066324  -  ResidentSetSize of job (KB)
...
006 (6714385.000.000) 06/06 01:15:30 Image size of job updated: 1807536
	1042  -  MemoryUsage of job (MB)
	1066324  -  ResidentSetSize of job (KB)
...
006 (6714385.000.000) 06/06 01:20:31 Image size of job updated: 1808256
	1042  -  MemoryUsage of job (MB)
	1066324  -  ResidentSetSize of job (KB)
...
006 (6714385.000.000) 06/06 01:25:31 Image size of job updated: 1808864
	1042  -  MemoryUsage of job (MB)
	1066324  -  ResidentSetSize of job (KB)
...
006 (6714385.000.000) 06/06 01:30:31 Image size of job updated: 1809680
	1042  -  MemoryUsage of job (MB)
	1066324  -  ResidentSetSize of job (KB)
...
006 (6714385.000.000) 06/06 01:35:32 Image size of job updated: 1810532
	1042  -  MemoryUsage of job (MB)
	1066324  -  ResidentSetSize of job (KB)
...
006 (6714385.000.000) 06/06 01:40:32 Image size of job updated: 1811080
	1042  -  MemoryUsage of job (MB)
	1066324  -  ResidentSetSize of job (KB)
...
006 (6714385.000.000) 06/06 01:45:32 Image size of job updated: 1811828
	1042  -  MemoryUsage of job (MB)
	1066324  -  ResidentSetSize of job (KB)
...
006 (6714385.000.000) 06/06 01:50:33 Image size of job updated: 1812404
	1042  -  MemoryUsage of job (MB)
	1066324  -  ResidentSetSize of job (KB)
...
006 (6714385.000.000) 06/06 01:55:34 Image size of job updated: 1813124
	1042  -  MemoryUsage of job (MB)
	1066324  -  ResidentSetSize of job (KB)
...
006 (6714385.000.000) 06/06 02:00:34 Image size of job updated: 1813884
	1042  -  MemoryUsage of job (MB)
	1066324  -  ResidentSetSize of job (KB)
...
006 (6714385.000.000) 06/06 02:05:34 Image size of job updated: 1814472
	1042  -  MemoryUsage of job (MB)
	1066324  -  ResidentSetSize of job (KB)
...
006 (6714385.000.000) 06/06 02:10:35 Image size of job updated: 1815156
	1042  -  MemoryUsage of job (MB)
	1066324  -  ResidentSetSize of job (KB)
...
006 (6714385.000.000) 06/06 02:15:35 Image size of job updated: 1815768
	1042  -  MemoryUsage of job (MB)
	1066324  -  ResidentSetSize of job (KB)
...
006 (6714385.000.000) 06/06 02:20:35 Image size of job updated: 1816468
	1042  -  MemoryUsage of job (MB)
	1066324  -  ResidentSetSize of job (KB)
...
006 (6714385.000.000) 06/06 02:25:37 Image size of job updated: 1817060
	1042  -  MemoryUsage of job (MB)
	1066324  -  ResidentSetSize of job (KB)
...
006 (6714385.000.000) 06/06 02:30:37 Image size of job updated: 1817760
	1042  -  MemoryUsage of job (MB)
	1066324  -  ResidentSetSize of job (KB)
...
006 (6714385.000.000) 06/06 02:35:37 Image size of job updated: 1818384
	1042  -  MemoryUsage of job (MB)
	1066324  -  ResidentSetSize of job (KB)
...
006 (6714385.000.000) 06/06 02:40:38 Image size of job updated: 1819052
	1042  -  MemoryUsage of job (MB)
	1066324  -  ResidentSetSize of job (KB)
...
006 (6714385.000.000) 06/06 02:45:39 Image size of job updated: 1819804
	1042  -  MemoryUsage of job (MB)
	1066324  -  ResidentSetSize of job (KB)
...
006 (6714385.000.000) 06/06 02:50:39 Image size of job updated: 1820432
	1042  -  MemoryUsage of job (MB)
	1066324  -  ResidentSetSize of job (KB)
...
006 (6714385.000.000) 06/06 02:55:40 Image size of job updated: 1821184
	1042  -  MemoryUsage of job (MB)
	1066324  -  ResidentSetSize of job (KB)
...
006 (6714385.000.000) 06/06 03:00:41 Image size of job updated: 1821788
	1042  -  MemoryUsage of job (MB)
	1066324  -  ResidentSetSize of job (KB)
...
006 (6714385.000.000) 06/06 03:05:41 Image size of job updated: 1822536
	1042  -  MemoryUsage of job (MB)
	1066324  -  ResidentSetSize of job (KB)
...
006 (6714385.000.000) 06/06 03:10:42 Image size of job updated: 1823152
	1042  -  MemoryUsage of job (MB)
	1066324  -  ResidentSetSize of job (KB)
...
006 (6714385.000.000) 06/06 03:15:43 Image size of job updated: 1823760
	1042  -  MemoryUsage of job (MB)
	1066324  -  ResidentSetSize of job (KB)
...
006 (6714385.000.000) 06/06 03:20:43 Image size of job updated: 1824672
	1042  -  MemoryUsage of job (MB)
	1066324  -  ResidentSetSize of job (KB)
...
006 (6714385.000.000) 06/06 03:25:43 Image size of job updated: 1825312
	1042  -  MemoryUsage of job (MB)
	1066324  -  ResidentSetSize of job (KB)
...
006 (6714385.000.000) 06/06 03:30:44 Image size of job updated: 1826084
	1042  -  MemoryUsage of job (MB)
	1066324  -  ResidentSetSize of job (KB)
...
006 (6714385.000.000) 06/06 03:35:44 Image size of job updated: 1826716
	1042  -  MemoryUsage of job (MB)
	1066324  -  ResidentSetSize of job (KB)
...
006 (6714385.000.000) 06/06 03:40:44 Image size of job updated: 1827432
	1042  -  MemoryUsage of job (MB)
	1066324  -  ResidentSetSize of job (KB)
...
006 (6714385.000.000) 06/06 03:45:45 Image size of job updated: 1827992
	1042  -  MemoryUsage of job (MB)
	1066324  -  ResidentSetSize of job (KB)
...
006 (6714385.000.000) 06/06 03:50:46 Image size of job updated: 1828536
	1042  -  MemoryUsage of job (MB)
	1066324  -  ResidentSetSize of job (KB)
...
006 (6714385.000.000) 06/06 03:55:46 Image size of job updated: 1829360
	1042  -  MemoryUsage of job (MB)
	1066324  -  ResidentSetSize of job (KB)
...
006 (6714385.000.000) 06/06 04:00:47 Image size of job updated: 1829972
	1042  -  MemoryUsage of job (MB)
	1066324  -  ResidentSetSize of job (KB)
...
006 (6714385.000.000) 06/06 04:05:48 Image size of job updated: 1830728
	1042  -  MemoryUsage of job (MB)
	1066324  -  ResidentSetSize of job (KB)
...
006 (6714385.000.000) 06/06 04:10:48 Image size of job updated: 1831448
	1042  -  MemoryUsage of job (MB)
	1066324  -  ResidentSetSize of job (KB)
...
006 (6714385.000.000) 06/06 04:15:48 Image size of job updated: 1831928
	1042  -  MemoryUsage of job (MB)
	1066324  -  ResidentSetSize of job (KB)
...
006 (6714385.000.000) 06/06 04:20:49 Image size of job updated: 1832840
	1042  -  MemoryUsage of job (MB)
	1066324  -  ResidentSetSize of job (KB)
...
006 (6714385.000.000) 06/06 04:25:49 Image size of job updated: 1833480
	1066  -  MemoryUsage of job (MB)
	1091564  -  ResidentSetSize of job (KB)
...
006 (6714385.000.000) 06/06 04:30:49 Image size of job updated: 1834252
	1072  -  MemoryUsage of job (MB)
	1097620  -  ResidentSetSize of job (KB)
...
006 (6714385.000.000) 06/06 04:35:50 Image size of job updated: 1834980
	1072  -  MemoryUsage of job (MB)
	1097620  -  ResidentSetSize of job (KB)
...
006 (6714385.000.000) 06/06 04:40:51 Image size of job updated: 1835736
	1072  -  MemoryUsage of job (MB)
	1097620  -  ResidentSetSize of job (KB)
...
006 (6714385.000.000) 06/06 04:45:51 Image size of job updated: 1836488
	1072  -  MemoryUsage of job (MB)
	1097620  -  ResidentSetSize of job (KB)
...
006 (6714385.000.000) 06/06 04:50:51 Image size of job updated: 1837120
	1072  -  MemoryUsage of job (MB)
	1097620  -  ResidentSetSize of job (KB)
...
006 (6714385.000.000) 06/06 04:55:52 Image size of job updated: 1837892
	1072  -  MemoryUsage of job (MB)
	1097620  -  ResidentSetSize of job (KB)
...
006 (6714385.000.000) 06/06 05:00:52 Image size of job updated: 1838620
	1072  -  MemoryUsage of job (MB)
	1097620  -  ResidentSetSize of job (KB)
...
006 (6714385.000.000) 06/06 05:05:52 Image size of job updated: 1839228
	1072  -  MemoryUsage of job (MB)
	1097620  -  ResidentSetSize of job (KB)
...
006 (6714385.000.000) 06/06 05:10:53 Image size of job updated: 1839904
	1072  -  MemoryUsage of job (MB)
	1097620  -  ResidentSetSize of job (KB)
...
006 (6714385.000.000) 06/06 05:15:54 Image size of job updated: 1840588
	1072  -  MemoryUsage of job (MB)
	1097620  -  ResidentSetSize of job (KB)
...
006 (6714385.000.000) 06/06 05:20:54 Image size of job updated: 1841336
	1072  -  MemoryUsage of job (MB)
	1097620  -  ResidentSetSize of job (KB)
...
006 (6714385.000.000) 06/06 05:25:55 Image size of job updated: 1842108
	1072  -  MemoryUsage of job (MB)
	1097620  -  ResidentSetSize of job (KB)
...
006 (6714385.000.000) 06/06 05:30:56 Image size of job updated: 1842736
	1072  -  MemoryUsage of job (MB)
	1097620  -  ResidentSetSize of job (KB)
...
006 (6714385.000.000) 06/06 05:35:56 Image size of job updated: 1843488
	1072  -  MemoryUsage of job (MB)
	1097620  -  ResidentSetSize of job (KB)
...
006 (6714385.000.000) 06/06 05:40:56 Image size of job updated: 1844088
	1072  -  MemoryUsage of job (MB)
	1097620  -  ResidentSetSize of job (KB)
...
006 (6714385.000.000) 06/06 05:45:57 Image size of job updated: 1844760
	1074  -  MemoryUsage of job (MB)
	1099140  -  ResidentSetSize of job (KB)
...
006 (6714385.000.000) 06/06 05:50:58 Image size of job updated: 1845412
	1074  -  MemoryUsage of job (MB)
	1099140  -  ResidentSetSize of job (KB)
...
006 (6714385.000.000) 06/06 05:55:58 Image size of job updated: 1846144
	1074  -  MemoryUsage of job (MB)
	1099140  -  ResidentSetSize of job (KB)
...
006 (6714385.000.000) 06/06 06:00:58 Image size of job updated: 1846852
	1074  -  MemoryUsage of job (MB)
	1099140  -  ResidentSetSize of job (KB)
...
006 (6714385.000.000) 06/06 06:05:59 Image size of job updated: 1847460
	1074  -  MemoryUsage of job (MB)
	1099140  -  ResidentSetSize of job (KB)
...
006 (6714385.000.000) 06/06 06:10:59 Image size of job updated: 1848188
	1074  -  MemoryUsage of job (MB)
	1099140  -  ResidentSetSize of job (KB)
...
006 (6714385.000.000) 06/06 06:15:59 Image size of job updated: 1848776
	1074  -  MemoryUsage of job (MB)
	1099140  -  ResidentSetSize of job (KB)
...
006 (6714385.000.000) 06/06 06:21:00 Image size of job updated: 1849524
	1074  -  MemoryUsage of job (MB)
	1099140  -  ResidentSetSize of job (KB)
...
006 (6714385.000.000) 06/06 06:26:01 Image size of job updated: 1850152
	1074  -  MemoryUsage of job (MB)
	1099140  -  ResidentSetSize of job (KB)
...
006 (6714385.000.000) 06/06 06:31:01 Image size of job updated: 1850712
	1074  -  MemoryUsage of job (MB)
	1099140  -  ResidentSetSize of job (KB)
...
006 (6714385.000.000) 06/06 06:36:02 Image size of job updated: 1851644
	1074  -  MemoryUsage of job (MB)
	1099536  -  ResidentSetSize of job (KB)
...
006 (6714385.000.000) 06/06 06:41:03 Image size of job updated: 1852188
	1074  -  MemoryUsage of job (MB)
	1099536  -  ResidentSetSize of job (KB)
...
006 (6714385.000.000) 06/06 06:46:03 Image size of job updated: 1852972
	1074  -  MemoryUsage of job (MB)
	1099536  -  ResidentSetSize of job (KB)
...
006 (6714385.000.000) 06/06 06:51:03 Image size of job updated: 1853592
	1074  -  MemoryUsage of job (MB)
	1099536  -  ResidentSetSize of job (KB)
...
006 (6714385.000.000) 06/06 06:56:04 Image size of job updated: 1854288
	1074  -  MemoryUsage of job (MB)
	1099536  -  ResidentSetSize of job (KB)
...
006 (6714385.000.000) 06/06 07:01:04 Image size of job updated: 1854960
	1074  -  MemoryUsage of job (MB)
	1099536  -  ResidentSetSize of job (KB)
...
006 (6714385.000.000) 06/06 07:06:04 Image size of job updated: 1855644
	1074  -  MemoryUsage of job (MB)
	1099536  -  ResidentSetSize of job (KB)
...
006 (6714385.000.000) 06/06 07:11:05 Image size of job updated: 1856428
	1074  -  MemoryUsage of job (MB)
	1099536  -  ResidentSetSize of job (KB)
...
006 (6714385.000.000) 06/06 07:16:06 Image size of job updated: 1857016
	1074  -  MemoryUsage of job (MB)
	1099536  -  ResidentSetSize of job (KB)
...
006 (6714385.000.000) 06/06 07:21:06 Image size of job updated: 1857748
	1074  -  MemoryUsage of job (MB)
	1099536  -  ResidentSetSize of job (KB)
...
006 (6714385.000.000) 06/06 07:26:07 Image size of job updated: 1858352
	1074  -  MemoryUsage of job (MB)
	1099536  -  ResidentSetSize of job (KB)
...
006 (6714385.000.000) 06/06 07:31:08 Image size of job updated: 1859020
	1076  -  MemoryUsage of job (MB)
	1101272  -  ResidentSetSize of job (KB)
...
006 (6714385.000.000) 06/06 07:36:08 Image size of job updated: 1859660
	1076  -  MemoryUsage of job (MB)
	1101272  -  ResidentSetSize of job (KB)
...
006 (6714385.000.000) 06/06 07:41:09 Image size of job updated: 1860332
	1076  -  MemoryUsage of job (MB)
	1101272  -  ResidentSetSize of job (KB)
...
006 (6714385.000.000) 06/06 07:46:10 Image size of job updated: 1861268
	1076  -  MemoryUsage of job (MB)
	1101272  -  ResidentSetSize of job (KB)
...
006 (6714385.000.000) 06/06 07:51:10 Image size of job updated: 1861968
	1076  -  MemoryUsage of job (MB)
	1101272  -  ResidentSetSize of job (KB)
...
006 (6714385.000.000) 06/06 07:56:10 Image size of job updated: 1862712
	1076  -  MemoryUsage of job (MB)
	1101272  -  ResidentSetSize of job (KB)
...
006 (6714385.000.000) 06/06 08:01:11 Image size of job updated: 1863472
	1076  -  MemoryUsage of job (MB)
	1101272  -  ResidentSetSize of job (KB)
...
006 (6714385.000.000) 06/06 08:06:12 Image size of job updated: 1864112
	1076  -  MemoryUsage of job (MB)
	1101272  -  ResidentSetSize of job (KB)
...
006 (6714385.000.000) 06/06 08:11:12 Image size of job updated: 1864884
	1076  -  MemoryUsage of job (MB)
	1101272  -  ResidentSetSize of job (KB)
...
006 (6714385.000.000) 06/06 08:16:13 Image size of job updated: 1865504
	1076  -  MemoryUsage of job (MB)
	1101272  -  ResidentSetSize of job (KB)
...
006 (6714385.000.000) 06/06 08:21:14 Image size of job updated: 1866328
	1076  -  MemoryUsage of job (MB)
	1101272  -  ResidentSetSize of job (KB)
...
006 (6714385.000.000) 06/06 08:26:14 Image size of job updated: 1867080
	1076  -  MemoryUsage of job (MB)
	1101272  -  ResidentSetSize of job (KB)
...
006 (6714385.000.000) 06/06 08:31:14 Image size of job updated: 1867796
	1076  -  MemoryUsage of job (MB)
	1101272  -  ResidentSetSize of job (KB)
...
006 (6714385.000.000) 06/06 08:36:15 Image size of job updated: 1868576
	1118  -  MemoryUsage of job (MB)
	1144376  -  ResidentSetSize of job (KB)
...
006 (6714385.000.000) 06/06 08:41:16 Image size of job updated: 1868972
	1118  -  MemoryUsage of job (MB)
	1144376  -  ResidentSetSize of job (KB)
...
006 (6714385.000.000) 06/06 08:46:16 Image size of job updated: 1869964
	1118  -  MemoryUsage of job (MB)
	1144376  -  ResidentSetSize of job (KB)
...
006 (6714385.000.000) 06/06 08:51:17 Image size of job updated: 1870752
	1118  -  MemoryUsage of job (MB)
	1144376  -  ResidentSetSize of job (KB)
...
006 (6714385.000.000) 06/06 08:56:18 Image size of job updated: 1871444
	1118  -  MemoryUsage of job (MB)
	1144376  -  ResidentSetSize of job (KB)
...
006 (6714385.000.000) 06/06 09:01:18 Image size of job updated: 1872236
	1118  -  MemoryUsage of job (MB)
	1144376  -  ResidentSetSize of job (KB)
...
006 (6714385.000.000) 06/06 09:06:18 Image size of job updated: 1872976
	1118  -  MemoryUsage of job (MB)
	1144376  -  ResidentSetSize of job (KB)
...
006 (6714385.000.000) 06/06 09:11:19 Image size of job updated: 1873524
	1118  -  MemoryUsage of job (MB)
	1144376  -  ResidentSetSize of job (KB)
...
006 (6714385.000.000) 06/06 09:16:19 Image size of job updated: 1874316
	1118  -  MemoryUsage of job (MB)
	1144376  -  ResidentSetSize of job (KB)
...
006 (6714385.000.000) 06/06 09:21:19 Image size of job updated: 1874868
	1118  -  MemoryUsage of job (MB)
	1144376  -  ResidentSetSize of job (KB)
...
006 (6714385.000.000) 06/06 09:26:20 Image size of job updated: 1875588
	1118  -  MemoryUsage of job (MB)
	1144376  -  ResidentSetSize of job (KB)
...
006 (6714385.000.000) 06/06 09:31:21 Image size of job updated: 1876152
	1118  -  MemoryUsage of job (MB)
	1144376  -  ResidentSetSize of job (KB)
...
006 (6714385.000.000) 06/06 09:36:21 Image size of job updated: 1876836
	1118  -  MemoryUsage of job (MB)
	1144376  -  ResidentSetSize of job (KB)
...
006 (6714385.000.000) 06/06 09:41:22 Image size of job updated: 1877444
	1118  -  MemoryUsage of job (MB)
	1144376  -  ResidentSetSize of job (KB)
...
006 (6714385.000.000) 06/06 09:46:23 Image size of job updated: 1878240
	1118  -  MemoryUsage of job (MB)
	1144376  -  ResidentSetSize of job (KB)
...
006 (6714385.000.000) 06/06 09:51:23 Image size of job updated: 1878936
	1118  -  MemoryUsage of job (MB)
	1144376  -  ResidentSetSize of job (KB)
...
006 (6714385.000.000) 06/06 09:56:23 Image size of job updated: 1879544
	1118  -  MemoryUsage of job (MB)
	1144376  -  ResidentSetSize of job (KB)
...
006 (6714385.000.000) 06/06 10:01:24 Image size of job updated: 1880244
	1118  -  MemoryUsage of job (MB)
	1144376  -  ResidentSetSize of job (KB)
...
006 (6714385.000.000) 06/06 10:06:24 Image size of job updated: 1880924
	1118  -  MemoryUsage of job (MB)
	1144376  -  ResidentSetSize of job (KB)
...
006 (6714385.000.000) 06/06 10:11:24 Image size of job updated: 1881632
	1118  -  MemoryUsage of job (MB)
	1144376  -  ResidentSetSize of job (KB)
...
006 (6714385.000.000) 06/06 10:16:25 Image size of job updated: 1882244
	1118  -  MemoryUsage of job (MB)
	1144376  -  ResidentSetSize of job (KB)
...
006 (6714385.000.000) 06/06 10:21:25 Image size of job updated: 1883044
	1118  -  MemoryUsage of job (MB)
	1144376  -  ResidentSetSize of job (KB)
...
006 (6714385.000.000) 06/06 10:26:25 Image size of job updated: 1883840
	1118  -  MemoryUsage of job (MB)
	1144376  -  ResidentSetSize of job (KB)
...
006 (6714385.000.000) 06/06 10:31:26 Image size of job updated: 1884456
	1118  -  MemoryUsage of job (MB)
	1144376  -  ResidentSetSize of job (KB)
...
006 (6714385.000.000) 06/06 10:36:27 Image size of job updated: 1885260
	1118  -  MemoryUsage of job (MB)
	1144376  -  ResidentSetSize of job (KB)
...
006 (6714385.000.000) 06/06 10:41:27 Image size of job updated: 1886004
	1132  -  MemoryUsage of job (MB)
	1158648  -  ResidentSetSize of job (KB)
...
006 (6714385.000.000) 06/06 10:46:27 Image size of job updated: 1886652
	1138  -  MemoryUsage of job (MB)
	1164380  -  ResidentSetSize of job (KB)
...
006 (6714385.000.000) 06/06 10:51:29 Image size of job updated: 1887436
	1138  -  MemoryUsage of job (MB)
	1164380  -  ResidentSetSize of job (KB)
...
006 (6714385.000.000) 06/06 10:56:29 Image size of job updated: 1888028
	1138  -  MemoryUsage of job (MB)
	1164380  -  ResidentSetSize of job (KB)
...
006 (6714385.000.000) 06/06 11:01:29 Image size of job updated: 1888760
	1138  -  MemoryUsage of job (MB)
	1164380  -  ResidentSetSize of job (KB)
...
006 (6714385.000.000) 06/06 11:06:30 Image size of job updated: 1889372
	1138  -  MemoryUsage of job (MB)
	1164380  -  ResidentSetSize of job (KB)
...
006 (6714385.000.000) 06/06 11:11:31 Image size of job updated: 1890120
	1138  -  MemoryUsage of job (MB)
	1164380  -  ResidentSetSize of job (KB)
...
006 (6714385.000.000) 06/06 11:16:31 Image size of job updated: 1890848
	1138  -  MemoryUsage of job (MB)
	1164380  -  ResidentSetSize of job (KB)
...
006 (6714385.000.000) 06/06 11:21:31 Image size of job updated: 1891492
	1138  -  MemoryUsage of job (MB)
	1164380  -  ResidentSetSize of job (KB)
...
006 (6714385.000.000) 06/06 11:26:32 Image size of job updated: 1891804
	1138  -  MemoryUsage of job (MB)
	1164380  -  ResidentSetSize of job (KB)
...
006 (6714385.000.000) 06/06 15:57:03 Image size of job updated: 1891920
	1138  -  MemoryUsage of job (MB)
	1164380  -  ResidentSetSize of job (KB)
...
006 (6714385.000.000) 06/06 16:02:04 Image size of job updated: 1892476
	1138  -  MemoryUsage of job (MB)
	1164380  -  ResidentSetSize of job (KB)
...
006 (6714385.000.000) 06/06 16:07:05 Image size of job updated: 1893040
	1138  -  MemoryUsage of job (MB)
	1164380  -  ResidentSetSize of job (KB)
...
006 (6714385.000.000) 06/06 16:12:05 Image size of job updated: 1893736
	1138  -  MemoryUsage of job (MB)
	1164380  -  ResidentSetSize of job (KB)
...
006 (6714385.000.000) 06/06 16:17:06 Image size of job updated: 1894248
	1138  -  MemoryUsage of job (MB)
	1164380  -  ResidentSetSize of job (KB)
...
006 (6714385.000.000) 06/06 16:22:07 Image size of job updated: 1894836
	1138  -  MemoryUsage of job (MB)
	1164380  -  ResidentSetSize of job (KB)
...
006 (6714385.000.000) 06/06 16:27:07 Image size of job updated: 1895428
	1138  -  MemoryUsage of job (MB)
	1164380  -  ResidentSetSize of job (KB)
...
006 (6714385.000.000) 06/06 16:32:08 Image size of job updated: 1896000
	1138  -  MemoryUsage of job (MB)
	1164380  -  ResidentSetSize of job (KB)
...
006 (6714385.000.000) 06/06 16:37:09 Image size of job updated: 1896712
	1138  -  MemoryUsage of job (MB)
	1164380  -  ResidentSetSize of job (KB)
...
006 (6714385.000.000) 06/06 16:42:09 Image size of job updated: 1897296
	1138  -  MemoryUsage of job (MB)
	1164380  -  ResidentSetSize of job (KB)
...
006 (6714385.000.000) 06/06 16:47:09 Image size of job updated: 1897928
	1138  -  MemoryUsage of job (MB)
	1164380  -  ResidentSetSize of job (KB)
...
006 (6714385.000.000) 06/06 16:52:10 Image size of job updated: 1898508
	1138  -  MemoryUsage of job (MB)
	1164380  -  ResidentSetSize of job (KB)
...
006 (6714385.000.000) 06/06 16:57:10 Image size of job updated: 1899120
	1138  -  MemoryUsage of job (MB)
	1164380  -  ResidentSetSize of job (KB)
...
006 (6714385.000.000) 06/06 17:02:10 Image size of job updated: 1899876
	1138  -  MemoryUsage of job (MB)
	1164380  -  ResidentSetSize of job (KB)
...
006 (6714385.000.000) 06/06 17:07:11 Image size of job updated: 1900340
	1138  -  MemoryUsage of job (MB)
	1164380  -  ResidentSetSize of job (KB)
...
006 (6714385.000.000) 06/06 17:12:11 Image size of job updated: 1901040
	1138  -  MemoryUsage of job (MB)
	1164380  -  ResidentSetSize of job (KB)
...
006 (6714385.000.000) 06/06 17:17:11 Image size of job updated: 1901596
	1138  -  MemoryUsage of job (MB)
	1164380  -  ResidentSetSize of job (KB)
...
006 (6714385.000.000) 06/06 17:22:12 Image size of job updated: 1902256
	1138  -  MemoryUsage of job (MB)
	1164380  -  ResidentSetSize of job (KB)
...
006 (6714385.000.000) 06/06 17:27:12 Image size of job updated: 1902888
	1138  -  MemoryUsage of job (MB)
	1164380  -  ResidentSetSize of job (KB)
...
006 (6714385.000.000) 06/06 17:32:12 Image size of job updated: 1903480
	1138  -  MemoryUsage of job (MB)
	1164380  -  ResidentSetSize of job (KB)
...
006 (6714385.000.000) 06/06 17:37:13 Image size of job updated: 1904032
	1138  -  MemoryUsage of job (MB)
	1164380  -  ResidentSetSize of job (KB)
...
006 (6714385.000.000) 06/06 17:42:14 Image size of job updated: 1904568
	1138  -  MemoryUsage of job (MB)
	1164380  -  ResidentSetSize of job (KB)
...
006 (6714385.000.000) 06/06 17:47:14 Image size of job updated: 1905160
	1138  -  MemoryUsage of job (MB)
	1164380  -  ResidentSetSize of job (KB)
...
006 (6714385.000.000) 06/06 17:52:15 Image size of job updated: 1905740
	1138  -  MemoryUsage of job (MB)
	1164380  -  ResidentSetSize of job (KB)
...
006 (6714385.000.000) 06/06 17:57:16 Image size of job updated: 1906328
	1138  -  MemoryUsage of job (MB)
	1164380  -  ResidentSetSize of job (KB)
...
006 (6714385.000.000) 06/06 18:02:16 Image size of job updated: 1906780
	1138  -  MemoryUsage of job (MB)
	1164380  -  ResidentSetSize of job (KB)
...
006 (6714385.000.000) 06/06 18:07:17 Image size of job updated: 1907356
	1138  -  MemoryUsage of job (MB)
	1164380  -  ResidentSetSize of job (KB)
...
006 (6714385.000.000) 06/06 18:12:18 Image size of job updated: 1908028
	1138  -  MemoryUsage of job (MB)
	1164380  -  ResidentSetSize of job (KB)
...
006 (6714385.000.000) 06/06 18:17:18 Image size of job updated: 1908548
	1138  -  MemoryUsage of job (MB)
	1164380  -  ResidentSetSize of job (KB)
...
006 (6714385.000.000) 06/06 18:22:19 Image size of job updated: 1909116
	1138  -  MemoryUsage of job (MB)
	1164380  -  ResidentSetSize of job (KB)
...
006 (6714385.000.000) 06/06 18:27:20 Image size of job updated: 1909656
	1138  -  MemoryUsage of job (MB)
	1164380  -  ResidentSetSize of job (KB)
...
006 (6714385.000.000) 06/06 18:32:20 Image size of job updated: 1910164
	1138  -  MemoryUsage of job (MB)
	1164380  -  ResidentSetSize of job (KB)
...
006 (6714385.000.000) 06/06 18:37:21 Image size of job updated: 1910684
	1138  -  MemoryUsage of job (MB)
	1164380  -  ResidentSetSize of job (KB)
...
006 (6714385.000.000) 06/06 18:42:22 Image size of job updated: 1911352
	1138  -  MemoryUsage of job (MB)
	1164380  -  ResidentSetSize of job (KB)
...
006 (6714385.000.000) 06/06 18:47:22 Image size of job updated: 1911880
	1138  -  MemoryUsage of job (MB)
	1164380  -  ResidentSetSize of job (KB)
...
006 (6714385.000.000) 06/06 18:52:23 Image size of job updated: 1912452
	1169  -  MemoryUsage of job (MB)
	1196656  -  ResidentSetSize of job (KB)
...
006 (6714385.000.000) 06/06 18:57:24 Image size of job updated: 1913000
	1169  -  MemoryUsage of job (MB)
	1196656  -  ResidentSetSize of job (KB)
...
006 (6714385.000.000) 06/06 19:02:24 Image size of job updated: 1913532
	1169  -  MemoryUsage of job (MB)
	1196656  -  ResidentSetSize of job (KB)
...
006 (6714385.000.000) 06/06 19:07:24 Image size of job updated: 1914208
	1169  -  MemoryUsage of job (MB)
	1196656  -  ResidentSetSize of job (KB)
...
006 (6714385.000.000) 06/06 19:12:25 Image size of job updated: 1914724
	1169  -  MemoryUsage of job (MB)
	1196656  -  ResidentSetSize of job (KB)
...
006 (6714385.000.000) 06/06 19:17:25 Image size of job updated: 1915204
	1169  -  MemoryUsage of job (MB)
	1196656  -  ResidentSetSize of job (KB)
...
006 (6714385.000.000) 06/06 19:22:26 Image size of job updated: 1915768
	1169  -  MemoryUsage of job (MB)
	1196656  -  ResidentSetSize of job (KB)
...
006 (6714385.000.000) 06/06 19:27:27 Image size of job updated: 1916328
	1169  -  MemoryUsage of job (MB)
	1196656  -  ResidentSetSize of job (KB)
...
006 (6714385.000.000) 06/06 19:32:27 Image size of job updated: 1917004
	1169  -  MemoryUsage of job (MB)
	1196656  -  ResidentSetSize of job (KB)
...
006 (6714385.000.000) 06/06 19:36:53 Image size of job updated: 1917456
	1169  -  MemoryUsage of job (MB)
	1196656  -  ResidentSetSize of job (KB)
...
040 (6714385.000.000) 06/06 19:36:53 Started transferring output files
...
040 (6714385.000.000) 06/06 19:36:53 Finished transferring output files
...
004 (6714385.000.000) 06/06 19:36:53 Job was evicted.
	(0) CPU times
		Usr 0 14:29:11, Sys 2 05:59:19  -  Run Remote Usage
		Usr 0 00:00:00, Sys 0 00:00:00  -  Run Local Usage
	764280  -  Run Bytes Sent By Job
	10937  -  Run Bytes Received By Job
	Partitionable Resources :    Usage  Request Allocated 
	   Cpus                 :     0.98        1         1 
	   Disk (KB)            :   777          12   2917993 
	   Memory (MB)          :  1169        2000      2000 
...
009 (6714385.000.000) 06/06 19:36:53 Job was aborted.
	via condor_rm (by user fsalerno)
...
000 (6745831.000.000) 06/08 20:13:36 Job submitted from host: <137.138.55.115:9618?addrs=137.138.55.115-9618+[2001-1458-d00-17--12a]-9618&alias=bigbird23.cern.ch&noUDP&sock=schedd_23881_f548>
...
040 (6745831.000.000) 06/08 20:46:14 Started transferring input files
	Transferring to host: <128.142.56.133:9618?addrs=128.142.56.133-9618+[2001-1458-301-6--100-84]-9618&alias=b7s01p5770.cern.ch&noUDP&sock=slot1_18_2954_1c31_160524>
...
040 (6745831.000.000) 06/08 20:46:14 Finished transferring input files
...
001 (6745831.000.000) 06/08 20:46:16 Job executing on host: <128.142.56.133:9618?addrs=128.142.56.133-9618+[2001-1458-301-6--100-84]-9618&alias=b7s01p5770.cern.ch&noUDP&sock=startd_2702_ecfc>
	SlotName: slot1_18@b7s01p5770.cern.ch
...
006 (6745831.000.000) 06/08 20:46:24 Image size of job updated: 416656
	76  -  MemoryUsage of job (MB)
	77124  -  ResidentSetSize of job (KB)
...
006 (6745831.000.000) 06/08 20:51:24 Image size of job updated: 977244
	244  -  MemoryUsage of job (MB)
	249544  -  ResidentSetSize of job (KB)
...
006 (6745831.000.000) 06/08 20:56:25 Image size of job updated: 1011068
	282  -  MemoryUsage of job (MB)
	288208  -  ResidentSetSize of job (KB)
...
006 (6745831.000.000) 06/08 21:01:26 Image size of job updated: 1042328
	288  -  MemoryUsage of job (MB)
	294164  -  ResidentSetSize of job (KB)
...
006 (6745831.000.000) 06/08 21:06:26 Image size of job updated: 1042328
	308  -  MemoryUsage of job (MB)
	314600  -  ResidentSetSize of job (KB)
...
006 (6745831.000.000) 06/08 21:11:26 Image size of job updated: 1044524
	308  -  MemoryUsage of job (MB)
	314600  -  ResidentSetSize of job (KB)
...
006 (6745831.000.000) 06/08 21:16:27 Image size of job updated: 1053292
	315  -  MemoryUsage of job (MB)
	322032  -  ResidentSetSize of job (KB)
...
006 (6745831.000.000) 06/08 21:21:27 Image size of job updated: 1061484
	324  -  MemoryUsage of job (MB)
	330816  -  ResidentSetSize of job (KB)
...
006 (6745831.000.000) 06/08 21:26:27 Image size of job updated: 1070008
	324  -  MemoryUsage of job (MB)
	330816  -  ResidentSetSize of job (KB)
...
006 (6745831.000.000) 06/08 21:31:28 Image size of job updated: 1077348
	324  -  MemoryUsage of job (MB)
	330816  -  ResidentSetSize of job (KB)
...
006 (6745831.000.000) 06/08 21:36:29 Image size of job updated: 1085208
	337  -  MemoryUsage of job (MB)
	344432  -  ResidentSetSize of job (KB)
...
006 (6745831.000.000) 06/08 21:41:29 Image size of job updated: 1092312
	337  -  MemoryUsage of job (MB)
	344432  -  ResidentSetSize of job (KB)
...
006 (6745831.000.000) 06/08 21:46:30 Image size of job updated: 1098888
	360  -  MemoryUsage of job (MB)
	368636  -  ResidentSetSize of job (KB)
...
006 (6745831.000.000) 06/08 21:51:31 Image size of job updated: 1106188
	382  -  MemoryUsage of job (MB)
	390740  -  ResidentSetSize of job (KB)
...
006 (6745831.000.000) 06/08 21:56:31 Image size of job updated: 1112992
	382  -  MemoryUsage of job (MB)
	390740  -  ResidentSetSize of job (KB)
...
006 (6745831.000.000) 06/08 22:01:31 Image size of job updated: 1119136
	382  -  MemoryUsage of job (MB)
	390740  -  ResidentSetSize of job (KB)
...
006 (6745831.000.000) 06/08 22:02:29 Image size of job updated: 1120496
	382  -  MemoryUsage of job (MB)
	390740  -  ResidentSetSize of job (KB)
...
040 (6745831.000.000) 06/08 22:02:29 Started transferring output files
...
040 (6745831.000.000) 06/08 22:02:29 Finished transferring output files
...
005 (6745831.000.000) 06/08 22:02:29 Job terminated.
	(1) Normal termination (return value 0)
		Usr 0 00:25:23, Sys 0 00:50:13  -  Run Remote Usage
		Usr 0 00:00:00, Sys 0 00:00:00  -  Run Local Usage
		Usr 0 00:25:23, Sys 0 00:50:13  -  Total Remote Usage
		Usr 0 00:00:00, Sys 0 00:00:00  -  Total Local Usage
	123999  -  Run Bytes Sent By Job
	10951  -  Run Bytes Received By Job
	123999  -  Total Bytes Sent By Job
	10951  -  Total Bytes Received By Job
	Partitionable Resources :    Usage  Request Allocated 
	   Cpus                 :     0.99        1         1 
	   Disk (KB)            :   153          12   1186524 
	   Memory (MB)          :   382        2000      2000 

	Job terminated of its own accord at 2024-06-08T20:02:29Z with exit-code 0.
...
000 (6746083.000.000) 06/08 23:05:04 Job submitted from host: <137.138.55.115:9618?addrs=137.138.55.115-9618+[2001-1458-d00-17--12a]-9618&alias=bigbird23.cern.ch&noUDP&sock=schedd_23881_f548>
...
040 (6746083.000.000) 06/08 23:06:14 Started transferring input files
	Transferring to host: <128.142.59.107:9618?addrs=128.142.59.107-9618&alias=b7s04p4327.cern.ch&noUDP&sock=slot1_20_6927_72b3_160258>
...
040 (6746083.000.000) 06/08 23:06:14 Finished transferring input files
...
001 (6746083.000.000) 06/08 23:06:15 Job executing on host: <128.142.59.107:9618?addrs=128.142.59.107-9618&alias=b7s04p4327.cern.ch&noUDP&sock=startd_6862_56f7>
	SlotName: slot1_20@b7s04p4327.cern.ch
...
006 (6746083.000.000) 06/08 23:06:24 Image size of job updated: 948308
	147  -  MemoryUsage of job (MB)
	150264  -  ResidentSetSize of job (KB)
...
040 (6746083.000.000) 06/08 23:06:27 Started transferring output files
...
040 (6746083.000.000) 06/08 23:06:27 Finished transferring output files
...
005 (6746083.000.000) 06/08 23:06:27 Job terminated.
	(1) Normal termination (return value 1)
		Usr 0 00:00:02, Sys 0 00:00:01  -  Run Remote Usage
		Usr 0 00:00:00, Sys 0 00:00:00  -  Run Local Usage
		Usr 0 00:00:02, Sys 0 00:00:01  -  Total Remote Usage
		Usr 0 00:00:00, Sys 0 00:00:00  -  Total Local Usage
	5738  -  Run Bytes Sent By Job
	10951  -  Run Bytes Received By Job
	5738  -  Total Bytes Sent By Job
	10951  -  Total Bytes Received By Job
	Partitionable Resources :    Usage  Request Allocated 
	   Cpus                 :                 1         1 
	   Disk (KB)            :       30       12    947300 
	   Memory (MB)          :      147     2000      2000 

	Job terminated of its own accord at 2024-06-08T21:06:27Z with exit-code 1.
...
000 (6752244.000.000) 06/10 11:56:37 Job submitted from host: <137.138.55.115:9618?addrs=137.138.55.115-9618+[2001-1458-d00-17--12a]-9618&alias=bigbird23.cern.ch&noUDP&sock=schedd_23881_f548>
...
040 (6752244.000.000) 06/10 11:57:38 Started transferring input files
	Transferring to host: <128.142.56.28:9618?addrs=128.142.56.28-9618+[2001-1458-301-6--100-1b]-9618&alias=b7s01p4763.cern.ch&noUDP&sock=slot1_10_59997_1061_160433>
...
040 (6752244.000.000) 06/10 11:57:38 Finished transferring input files
...
001 (6752244.000.000) 06/10 11:57:39 Job executing on host: <128.142.56.28:9618?addrs=128.142.56.28-9618+[2001-1458-301-6--100-1b]-9618&alias=b7s01p4763.cern.ch&noUDP&sock=startd_59958_c785>
	SlotName: slot1_10@b7s01p4763.cern.ch
...
006 (6752244.000.000) 06/10 11:57:48 Image size of job updated: 845524
	157  -  MemoryUsage of job (MB)
	160108  -  ResidentSetSize of job (KB)
...
040 (6752244.000.000) 06/10 11:57:50 Started transferring output files
...
040 (6752244.000.000) 06/10 11:57:50 Finished transferring output files
...
005 (6752244.000.000) 06/10 11:57:50 Job terminated.
	(1) Normal termination (return value 1)
		Usr 0 00:00:03, Sys 0 00:00:01  -  Run Remote Usage
		Usr 0 00:00:00, Sys 0 00:00:00  -  Run Local Usage
		Usr 0 00:00:03, Sys 0 00:00:01  -  Total Remote Usage
		Usr 0 00:00:00, Sys 0 00:00:00  -  Total Local Usage
	5295  -  Run Bytes Sent By Job
	10947  -  Run Bytes Received By Job
	5295  -  Total Bytes Sent By Job
	10947  -  Total Bytes Received By Job
	Partitionable Resources :    Usage  Request Allocated 
	   Cpus                 :                 1         1 
	   Disk (KB)            :       29       12   1023627 
	   Memory (MB)          :      157     2000      2000 

	Job terminated of its own accord at 2024-06-10T09:57:50Z with exit-code 1.
...
000 (6752315.000.000) 06/10 13:19:53 Job submitted from host: <137.138.55.115:9618?addrs=137.138.55.115-9618+[2001-1458-d00-17--12a]-9618&alias=bigbird23.cern.ch&noUDP&sock=schedd_23881_f548>
...
040 (6752315.000.000) 06/10 13:21:37 Started transferring input files
	Transferring to host: <128.142.59.73:9618?addrs=128.142.59.73-9618+[2001-1458-301-21--100-48]-9618&alias=b7s04p0096.cern.ch&noUDP&sock=slot1_15_3315_77a0_80035>
...
001 (6752315.000.000) 06/10 13:21:41 Job executing on host: <128.142.59.73:9618?addrs=128.142.59.73-9618+[2001-1458-301-21--100-48]-9618&alias=b7s04p0096.cern.ch&noUDP&sock=startd_2812_6067>
	SlotName: slot1_15@b7s04p0096.cern.ch
...
040 (6752315.000.000) 06/10 13:21:41 Finished transferring input files
...
006 (6752315.000.000) 06/10 13:21:50 Image size of job updated: 714436
	130  -  MemoryUsage of job (MB)
	132544  -  ResidentSetSize of job (KB)
...
006 (6752315.000.000) 06/10 13:26:51 Image size of job updated: 987736
	252  -  MemoryUsage of job (MB)
	257976  -  ResidentSetSize of job (KB)
...
006 (6752315.000.000) 06/10 13:31:51 Image size of job updated: 1011388
	276  -  MemoryUsage of job (MB)
	282068  -  ResidentSetSize of job (KB)
...
006 (6752315.000.000) 06/10 13:36:52 Image size of job updated: 1045776
	297  -  MemoryUsage of job (MB)
	303968  -  ResidentSetSize of job (KB)
...
006 (6752315.000.000) 06/10 13:51:53 Image size of job updated: 1054312
	297  -  MemoryUsage of job (MB)
	303968  -  ResidentSetSize of job (KB)
...
006 (6752315.000.000) 06/10 13:56:54 Image size of job updated: 1063176
	321  -  MemoryUsage of job (MB)
	328560  -  ResidentSetSize of job (KB)
...
006 (6752315.000.000) 06/10 14:01:54 Image size of job updated: 1071952
	327  -  MemoryUsage of job (MB)
	334624  -  ResidentSetSize of job (KB)
...
006 (6752315.000.000) 06/10 14:06:54 Image size of job updated: 1080468
	327  -  MemoryUsage of job (MB)
	334624  -  ResidentSetSize of job (KB)
...
006 (6752315.000.000) 06/10 14:11:55 Image size of job updated: 1088936
	346  -  MemoryUsage of job (MB)
	353432  -  ResidentSetSize of job (KB)
...
006 (6752315.000.000) 06/10 14:16:56 Image size of job updated: 1096940
	352  -  MemoryUsage of job (MB)
	359984  -  ResidentSetSize of job (KB)
...
006 (6752315.000.000) 06/10 14:21:56 Image size of job updated: 1105384
	372  -  MemoryUsage of job (MB)
	380756  -  ResidentSetSize of job (KB)
...
006 (6752315.000.000) 06/10 14:26:56 Image size of job updated: 1113428
	378  -  MemoryUsage of job (MB)
	387036  -  ResidentSetSize of job (KB)
...
006 (6752315.000.000) 06/10 14:31:57 Image size of job updated: 1120688
	378  -  MemoryUsage of job (MB)
	387036  -  ResidentSetSize of job (KB)
...
006 (6752315.000.000) 06/10 14:32:05 Image size of job updated: 1121352
	380  -  MemoryUsage of job (MB)
	389116  -  ResidentSetSize of job (KB)
...
040 (6752315.000.000) 06/10 14:32:05 Started transferring output files
...
040 (6752315.000.000) 06/10 14:32:05 Finished transferring output files
...
005 (6752315.000.000) 06/10 14:32:05 Job terminated.
	(1) Normal termination (return value 0)
		Usr 0 00:23:37, Sys 0 00:46:31  -  Run Remote Usage
		Usr 0 00:00:00, Sys 0 00:00:00  -  Run Local Usage
		Usr 0 00:23:37, Sys 0 00:46:31  -  Total Remote Usage
		Usr 0 00:00:00, Sys 0 00:00:00  -  Total Local Usage
	123999  -  Run Bytes Sent By Job
	10947  -  Run Bytes Received By Job
	123999  -  Total Bytes Sent By Job
	10947  -  Total Bytes Received By Job
	Partitionable Resources :    Usage  Request Allocated 
	   Cpus                 :     1.00        1         1 
	   Disk (KB)            :   153          12   1127122 
	   Memory (MB)          :   380        2000      2000 

	Job terminated of its own accord at 2024-06-10T12:32:05Z with exit-code 0.
...
000 (6770103.000.000) 06/14 13:16:46 Job submitted from host: <137.138.55.115:9618?addrs=137.138.55.115-9618+[2001-1458-d00-17--12a]-9618&alias=bigbird23.cern.ch&noUDP&sock=schedd_23881_f548>
...
040 (6770103.000.000) 06/14 13:20:53 Started transferring input files
	Transferring to host: <128.142.57.37:9618?addrs=128.142.57.37-9618&alias=b7s02p5036.cern.ch&noUDP&sock=slot1_12_6913_9572_164490>
...
040 (6770103.000.000) 06/14 13:20:53 Finished transferring input files
...
001 (6770103.000.000) 06/14 13:20:54 Job executing on host: <128.142.57.37:9618?addrs=128.142.57.37-9618&alias=b7s02p5036.cern.ch&noUDP&sock=startd_6849_6c3c>
	SlotName: slot1_12@b7s02p5036.cern.ch
...
006 (6770103.000.000) 06/14 13:21:03 Image size of job updated: 428780
	31  -  MemoryUsage of job (MB)
	31308  -  ResidentSetSize of job (KB)
...
040 (6770103.000.000) 06/14 13:21:14 Started transferring output files
...
040 (6770103.000.000) 06/14 13:21:15 Finished transferring output files
...
005 (6770103.000.000) 06/14 13:21:15 Job terminated.
	(1) Normal termination (return value 1)
		Usr 0 00:00:02, Sys 0 00:00:01  -  Run Remote Usage
		Usr 0 00:00:00, Sys 0 00:00:00  -  Run Local Usage
		Usr 0 00:00:02, Sys 0 00:00:01  -  Total Remote Usage
		Usr 0 00:00:00, Sys 0 00:00:00  -  Total Local Usage
	5732  -  Run Bytes Sent By Job
	10944  -  Run Bytes Received By Job
	5732  -  Total Bytes Sent By Job
	10944  -  Total Bytes Received By Job
	Partitionable Resources :    Usage  Request Allocated 
	   Cpus                 :                 1         1 
	   Disk (KB)            :       30       12   1250981 
	   Memory (MB)          :       31     2000      2000 

	Job terminated of its own accord at 2024-06-14T11:21:14Z with exit-code 1.
...
000 (6770112.000.000) 06/14 13:30:02 Job submitted from host: <137.138.55.115:9618?addrs=137.138.55.115-9618+[2001-1458-d00-17--12a]-9618&alias=bigbird23.cern.ch&noUDP&sock=schedd_23881_f548>
...
040 (6770112.000.000) 06/14 13:30:49 Started transferring input files
	Transferring to host: <128.142.57.137:9618?addrs=128.142.57.137-9618&alias=b7s02p6080.cern.ch&noUDP&sock=slot1_4_7435_6147_163695>
...
040 (6770112.000.000) 06/14 13:30:49 Finished transferring input files
...
001 (6770112.000.000) 06/14 13:30:50 Job executing on host: <128.142.57.137:9618?addrs=128.142.57.137-9618&alias=b7s02p6080.cern.ch&noUDP&sock=startd_7372_2844>
	SlotName: slot1_4@b7s02p6080.cern.ch
...
006 (6770112.000.000) 06/14 13:30:59 Image size of job updated: 257456
	118  -  MemoryUsage of job (MB)
	120160  -  ResidentSetSize of job (KB)
...
006 (6770112.000.000) 06/14 13:36:00 Image size of job updated: 995168
	255  -  MemoryUsage of job (MB)
	261052  -  ResidentSetSize of job (KB)
...
006 (6770112.000.000) 06/14 13:41:00 Image size of job updated: 1029080
	265  -  MemoryUsage of job (MB)
	271332  -  ResidentSetSize of job (KB)
...
006 (6770112.000.000) 06/14 13:46:00 Image size of job updated: 1055056
	296  -  MemoryUsage of job (MB)
	302880  -  ResidentSetSize of job (KB)
...
006 (6770112.000.000) 06/14 13:51:01 Image size of job updated: 1055056
	301  -  MemoryUsage of job (MB)
	307524  -  ResidentSetSize of job (KB)
...
006 (6770112.000.000) 06/14 14:01:01 Image size of job updated: 1058116
	314  -  MemoryUsage of job (MB)
	320976  -  ResidentSetSize of job (KB)
...
006 (6770112.000.000) 06/14 14:06:02 Image size of job updated: 1067280
	322  -  MemoryUsage of job (MB)
	329548  -  ResidentSetSize of job (KB)
...
006 (6770112.000.000) 06/14 14:11:02 Image size of job updated: 1075488
	326  -  MemoryUsage of job (MB)
	333592  -  ResidentSetSize of job (KB)
...
006 (6770112.000.000) 06/14 14:16:02 Image size of job updated: 1083412
	334  -  MemoryUsage of job (MB)
	341228  -  ResidentSetSize of job (KB)
...
006 (6770112.000.000) 06/14 14:21:03 Image size of job updated: 1091076
	334  -  MemoryUsage of job (MB)
	341228  -  ResidentSetSize of job (KB)
...
006 (6770112.000.000) 06/14 14:26:04 Image size of job updated: 1098336
	361  -  MemoryUsage of job (MB)
	369384  -  ResidentSetSize of job (KB)
...
006 (6770112.000.000) 06/14 14:31:04 Image size of job updated: 1105376
	366  -  MemoryUsage of job (MB)
	374196  -  ResidentSetSize of job (KB)
...
006 (6770112.000.000) 06/14 14:36:05 Image size of job updated: 1112032
	366  -  MemoryUsage of job (MB)
	374196  -  ResidentSetSize of job (KB)
...
006 (6770112.000.000) 06/14 14:41:06 Image size of job updated: 1118644
	390  -  MemoryUsage of job (MB)
	398648  -  ResidentSetSize of job (KB)
...
006 (6770112.000.000) 06/14 14:43:15 Image size of job updated: 1121304
	394  -  MemoryUsage of job (MB)
	403404  -  ResidentSetSize of job (KB)
...
040 (6770112.000.000) 06/14 14:43:15 Started transferring output files
...
040 (6770112.000.000) 06/14 14:43:15 Finished transferring output files
...
005 (6770112.000.000) 06/14 14:43:15 Job terminated.
	(1) Normal termination (return value 0)
		Usr 0 00:24:14, Sys 0 00:47:52  -  Run Remote Usage
		Usr 0 00:00:00, Sys 0 00:00:00  -  Run Local Usage
		Usr 0 00:24:14, Sys 0 00:47:52  -  Total Remote Usage
		Usr 0 00:00:00, Sys 0 00:00:00  -  Total Local Usage
	123999  -  Run Bytes Sent By Job
	10947  -  Run Bytes Received By Job
	123999  -  Total Bytes Sent By Job
	10947  -  Total Bytes Received By Job
	Partitionable Resources :    Usage  Request Allocated 
	   Cpus                 :     0.99        1         1 
	   Disk (KB)            :   152          12   1328564 
	   Memory (MB)          :   394        2000      2000 

	Job terminated of its own accord at 2024-06-14T12:43:15Z with exit-code 0.
...
000 (6770148.000.000) 06/14 15:01:00 Job submitted from host: <137.138.55.115:9618?addrs=137.138.55.115-9618+[2001-1458-d00-17--12a]-9618&alias=bigbird23.cern.ch&noUDP&sock=schedd_23881_f548>
...
040 (6770148.000.000) 06/14 15:05:46 Started transferring input files
	Transferring to host: <128.142.59.21:9618?addrs=128.142.59.21-9618+[2001-1458-301-21--100-14]-9618&alias=b7s04p2966.cern.ch&noUDP&sock=slot1_8_42892_0b49_160036>
...
040 (6770148.000.000) 06/14 15:05:46 Finished transferring input files
...
001 (6770148.000.000) 06/14 15:05:47 Job executing on host: <128.142.59.21:9618?addrs=128.142.59.21-9618+[2001-1458-301-21--100-14]-9618&alias=b7s04p2966.cern.ch&noUDP&sock=startd_54689_af03>
	SlotName: slot1_8@b7s04p2966.cern.ch
...
006 (6770148.000.000) 06/14 15:05:55 Image size of job updated: 283176
	137  -  MemoryUsage of job (MB)
	139560  -  ResidentSetSize of job (KB)
...
006 (6770148.000.000) 06/14 15:10:55 Image size of job updated: 976172
	251  -  MemoryUsage of job (MB)
	256944  -  ResidentSetSize of job (KB)
...
006 (6770148.000.000) 06/14 15:15:56 Image size of job updated: 1012252
	299  -  MemoryUsage of job (MB)
	305944  -  ResidentSetSize of job (KB)
...
006 (6770148.000.000) 06/14 15:20:57 Image size of job updated: 1054560
	299  -  MemoryUsage of job (MB)
	305944  -  ResidentSetSize of job (KB)
...
006 (6770148.000.000) 06/14 15:35:58 Image size of job updated: 1055288
	320  -  MemoryUsage of job (MB)
	327424  -  ResidentSetSize of job (KB)
...
006 (6770148.000.000) 06/14 15:40:58 Image size of job updated: 1064072
	325  -  MemoryUsage of job (MB)
	332632  -  ResidentSetSize of job (KB)
...
006 (6770148.000.000) 06/14 15:45:58 Image size of job updated: 1072820
	325  -  MemoryUsage of job (MB)
	332632  -  ResidentSetSize of job (KB)
...
006 (6770148.000.000) 06/14 15:50:59 Image size of job updated: 1080456
	325  -  MemoryUsage of job (MB)
	332632  -  ResidentSetSize of job (KB)
...
006 (6770148.000.000) 06/14 15:56:00 Image size of job updated: 1088632
	325  -  MemoryUsage of job (MB)
	332632  -  ResidentSetSize of job (KB)
...
006 (6770148.000.000) 06/14 16:01:00 Image size of job updated: 1095692
	350  -  MemoryUsage of job (MB)
	358040  -  ResidentSetSize of job (KB)
...
006 (6770148.000.000) 06/14 16:06:01 Image size of job updated: 1102800
	360  -  MemoryUsage of job (MB)
	368332  -  ResidentSetSize of job (KB)
...
006 (6770148.000.000) 06/14 16:11:02 Image size of job updated: 1109816
	379  -  MemoryUsage of job (MB)
	387076  -  ResidentSetSize of job (KB)
...
006 (6770148.000.000) 06/14 16:16:02 Image size of job updated: 1115460
	380  -  MemoryUsage of job (MB)
	388492  -  ResidentSetSize of job (KB)
...
006 (6770148.000.000) 06/14 16:19:46 Image size of job updated: 1121348
	380  -  MemoryUsage of job (MB)
	388492  -  ResidentSetSize of job (KB)
...
040 (6770148.000.000) 06/14 16:19:50 Started transferring output files
...
040 (6770148.000.000) 06/14 16:19:52 Finished transferring output files
...
005 (6770148.000.000) 06/14 16:19:57 Job terminated.
	(1) Normal termination (return value 0)
		Usr 0 00:25:14, Sys 0 00:48:20  -  Run Remote Usage
		Usr 0 00:00:00, Sys 0 00:00:00  -  Run Local Usage
		Usr 0 00:25:14, Sys 0 00:48:20  -  Total Remote Usage
		Usr 0 00:00:00, Sys 0 00:00:00  -  Total Local Usage
	123999  -  Run Bytes Sent By Job
	10947  -  Run Bytes Received By Job
	123999  -  Total Bytes Sent By Job
	10947  -  Total Bytes Received By Job
	Partitionable Resources :    Usage  Request Allocated 
	   Cpus                 :     1.00        1         1 
	   Disk (KB)            :   153          12   2959301 
	   Memory (MB)          :   380        2000      2000 

	Job terminated of its own accord at 2024-06-14T14:19:46Z with exit-code 0.
...
000 (6772891.000.000) 06/14 16:44:00 Job submitted from host: <137.138.55.115:9618?addrs=137.138.55.115-9618+[2001-1458-d00-17--12a]-9618&alias=bigbird23.cern.ch&noUDP&sock=schedd_23881_f548>
...
040 (6772891.000.000) 06/14 16:46:59 Started transferring input files
	Transferring to host: <128.142.57.74:9618?addrs=128.142.57.74-9618&alias=b7s02p6933.cern.ch&noUDP&sock=slot1_18_6924_5593_169028>
...
040 (6772891.000.000) 06/14 16:46:59 Finished transferring input files
...
001 (6772891.000.000) 06/14 16:47:00 Job executing on host: <128.142.57.74:9618?addrs=128.142.57.74-9618&alias=b7s02p6933.cern.ch&noUDP&sock=startd_6859_482f>
	SlotName: slot1_18@b7s02p6933.cern.ch
...
006 (6772891.000.000) 06/14 16:47:09 Image size of job updated: 272500
	5  -  MemoryUsage of job (MB)
	4828  -  ResidentSetSize of job (KB)
...
006 (6772891.000.000) 06/14 16:52:09 Image size of job updated: 987312
	255  -  MemoryUsage of job (MB)
	260396  -  ResidentSetSize of job (KB)
...
006 (6772891.000.000) 06/14 16:57:09 Image size of job updated: 1009052
	265  -  MemoryUsage of job (MB)
	270892  -  ResidentSetSize of job (KB)
...
006 (6772891.000.000) 06/14 17:02:10 Image size of job updated: 1046236
	272  -  MemoryUsage of job (MB)
	277596  -  ResidentSetSize of job (KB)
...
006 (6772891.000.000) 06/14 17:07:10 Image size of job updated: 1046236
	305  -  MemoryUsage of job (MB)
	312024  -  ResidentSetSize of job (KB)
...
006 (6772891.000.000) 06/14 17:12:11 Image size of job updated: 1046236
	311  -  MemoryUsage of job (MB)
	317804  -  ResidentSetSize of job (KB)
...
006 (6772891.000.000) 06/14 17:17:11 Image size of job updated: 1052092
	325  -  MemoryUsage of job (MB)
	331828  -  ResidentSetSize of job (KB)
...
006 (6772891.000.000) 06/14 17:22:11 Image size of job updated: 1060980
	325  -  MemoryUsage of job (MB)
	331828  -  ResidentSetSize of job (KB)
...
006 (6772891.000.000) 06/14 17:27:12 Image size of job updated: 1069180
	325  -  MemoryUsage of job (MB)
	331828  -  ResidentSetSize of job (KB)
...
006 (6772891.000.000) 06/14 17:32:12 Image size of job updated: 1076292
	350  -  MemoryUsage of job (MB)
	357868  -  ResidentSetSize of job (KB)
...
006 (6772891.000.000) 06/14 17:37:12 Image size of job updated: 1084736
	355  -  MemoryUsage of job (MB)
	363352  -  ResidentSetSize of job (KB)
...
006 (6772891.000.000) 06/14 17:42:13 Image size of job updated: 1092012
	359  -  MemoryUsage of job (MB)
	367548  -  ResidentSetSize of job (KB)
...
006 (6772891.000.000) 06/14 17:47:13 Image size of job updated: 1098588
	359  -  MemoryUsage of job (MB)
	367548  -  ResidentSetSize of job (KB)
...
006 (6772891.000.000) 06/14 17:52:13 Image size of job updated: 1105652
	372  -  MemoryUsage of job (MB)
	380880  -  ResidentSetSize of job (KB)
...
006 (6772891.000.000) 06/14 17:57:14 Image size of job updated: 1111832
	381  -  MemoryUsage of job (MB)
	390076  -  ResidentSetSize of job (KB)
...
006 (6772891.000.000) 06/14 18:02:14 Image size of job updated: 1118280
	387  -  MemoryUsage of job (MB)
	395868  -  ResidentSetSize of job (KB)
...
006 (6772891.000.000) 06/14 18:04:30 Image size of job updated: 1121184
	387  -  MemoryUsage of job (MB)
	395868  -  ResidentSetSize of job (KB)
...
040 (6772891.000.000) 06/14 18:04:31 Started transferring output files
...
040 (6772891.000.000) 06/14 18:04:31 Finished transferring output files
...
005 (6772891.000.000) 06/14 18:04:31 Job terminated.
	(1) Normal termination (return value 0)
		Usr 0 00:26:24, Sys 0 00:49:34  -  Run Remote Usage
		Usr 0 00:00:00, Sys 0 00:00:00  -  Run Local Usage
		Usr 0 00:26:24, Sys 0 00:49:34  -  Total Remote Usage
		Usr 0 00:00:00, Sys 0 00:00:00  -  Total Local Usage
	1124267  -  Run Bytes Sent By Job
	10947  -  Run Bytes Received By Job
	1124267  -  Total Bytes Sent By Job
	10947  -  Total Bytes Received By Job
	Partitionable Resources :    Usage  Request Allocated 
	   Cpus                 :     0.99        1         1 
	   Disk (KB)            :  1129          12   1283749 
	   Memory (MB)          :   387        2000      2000 

	Job terminated of its own accord at 2024-06-14T16:04:30Z with exit-code 0.
...
000 (6780187.000.000) 06/16 09:51:36 Job submitted from host: <137.138.55.115:9618?addrs=137.138.55.115-9618+[2001-1458-d00-17--12a]-9618&alias=bigbird23.cern.ch&noUDP&sock=schedd_23881_f548>
...
040 (6780187.000.000) 06/16 10:30:20 Started transferring input files
	Transferring to host: <128.142.59.96:9618?addrs=128.142.59.96-9618&alias=b7s04p2364.cern.ch&noUDP&sock=slot1_4_7479_61c9_167732>
...
040 (6780187.000.000) 06/16 10:30:20 Finished transferring input files
...
001 (6780187.000.000) 06/16 10:30:21 Job executing on host: <128.142.59.96:9618?addrs=128.142.59.96-9618&alias=b7s04p2364.cern.ch&noUDP&sock=startd_7432_4ff3>
	SlotName: slot1_4@b7s04p2364.cern.ch
...
006 (6780187.000.000) 06/16 10:30:30 Image size of job updated: 523764
	10  -  MemoryUsage of job (MB)
	9256  -  ResidentSetSize of job (KB)
...
006 (6780187.000.000) 06/16 10:35:31 Image size of job updated: 980476
	247  -  MemoryUsage of job (MB)
	252660  -  ResidentSetSize of job (KB)
...
006 (6780187.000.000) 06/16 10:40:32 Image size of job updated: 1021108
	254  -  MemoryUsage of job (MB)
	259768  -  ResidentSetSize of job (KB)
...
006 (6780187.000.000) 06/16 10:45:32 Image size of job updated: 1040288
	290  -  MemoryUsage of job (MB)
	296684  -  ResidentSetSize of job (KB)
...
006 (6780187.000.000) 06/16 10:50:32 Image size of job updated: 1051248
	305  -  MemoryUsage of job (MB)
	312304  -  ResidentSetSize of job (KB)
...
006 (6780187.000.000) 06/16 10:55:33 Image size of job updated: 1051248
	308  -  MemoryUsage of job (MB)
	315160  -  ResidentSetSize of job (KB)
...
006 (6780187.000.000) 06/16 11:00:33 Image size of job updated: 1053068
	315  -  MemoryUsage of job (MB)
	321552  -  ResidentSetSize of job (KB)
...
006 (6780187.000.000) 06/16 11:05:34 Image size of job updated: 1061488
	315  -  MemoryUsage of job (MB)
	321552  -  ResidentSetSize of job (KB)
...
006 (6780187.000.000) 06/16 11:10:34 Image size of job updated: 1071148
	319  -  MemoryUsage of job (MB)
	325636  -  ResidentSetSize of job (KB)
...
006 (6780187.000.000) 06/16 11:15:35 Image size of job updated: 1078828
	333  -  MemoryUsage of job (MB)
	340620  -  ResidentSetSize of job (KB)
...
006 (6780187.000.000) 06/16 11:20:36 Image size of job updated: 1085836
	338  -  MemoryUsage of job (MB)
	345900  -  ResidentSetSize of job (KB)
...
006 (6780187.000.000) 06/16 11:25:36 Image size of job updated: 1092088
	338  -  MemoryUsage of job (MB)
	345900  -  ResidentSetSize of job (KB)
...
006 (6780187.000.000) 06/16 11:30:36 Image size of job updated: 1097676
	342  -  MemoryUsage of job (MB)
	350192  -  ResidentSetSize of job (KB)
...
006 (6780187.000.000) 06/16 11:35:37 Image size of job updated: 1104992
	342  -  MemoryUsage of job (MB)
	350192  -  ResidentSetSize of job (KB)
...
006 (6780187.000.000) 06/16 11:40:37 Image size of job updated: 1111324
	362  -  MemoryUsage of job (MB)
	370508  -  ResidentSetSize of job (KB)
...
006 (6780187.000.000) 06/16 11:45:37 Image size of job updated: 1117488
	370  -  MemoryUsage of job (MB)
	378828  -  ResidentSetSize of job (KB)
...
006 (6780187.000.000) 06/16 11:48:16 Image size of job updated: 1121292
	375  -  MemoryUsage of job (MB)
	383032  -  ResidentSetSize of job (KB)
...
040 (6780187.000.000) 06/16 11:48:21 Entered queue to transfer output files
...
040 (6780187.000.000) 06/16 11:48:49 Started transferring output files
...
040 (6780187.000.000) 06/16 11:48:49 Finished transferring output files
...
005 (6780187.000.000) 06/16 11:48:49 Job terminated.
	(1) Normal termination (return value 0)
		Usr 0 00:26:03, Sys 0 00:51:05  -  Run Remote Usage
		Usr 0 00:00:00, Sys 0 00:00:00  -  Run Local Usage
		Usr 0 00:26:03, Sys 0 00:51:05  -  Total Remote Usage
		Usr 0 00:00:00, Sys 0 00:00:00  -  Total Local Usage
	1137699  -  Run Bytes Sent By Job
	10936  -  Run Bytes Received By Job
	1137699  -  Total Bytes Sent By Job
	10936  -  Total Bytes Received By Job
	Partitionable Resources :    Usage  Request Allocated 
	   Cpus                 :     1.00        1         1 
	   Disk (KB)            :  1142          12   1319493 
	   Memory (MB)          :   375        2000      2000 

	Job terminated of its own accord at 2024-06-16T09:48:16Z with exit-code 0.
...
000 (6780255.000.000) 06/16 12:18:42 Job submitted from host: <137.138.55.115:9618?addrs=137.138.55.115-9618+[2001-1458-d00-17--12a]-9618&alias=bigbird23.cern.ch&noUDP&sock=schedd_23881_f548>
...
040 (6780255.000.000) 06/16 16:59:45 Started transferring input files
	Transferring to host: <128.142.57.153:9618?addrs=128.142.57.153-9618&alias=b7s02p4354.cern.ch&noUDP&sock=slot1_26_6887_43b1_166455>
...
040 (6780255.000.000) 06/16 16:59:45 Finished transferring input files
...
001 (6780255.000.000) 06/16 16:59:46 Job executing on host: <128.142.57.153:9618?addrs=128.142.57.153-9618&alias=b7s02p4354.cern.ch&noUDP&sock=startd_6836_8181>
	SlotName: slot1_26@b7s02p4354.cern.ch
...
006 (6780255.000.000) 06/16 16:59:55 Image size of job updated: 125276
	68  -  MemoryUsage of job (MB)
	68816  -  ResidentSetSize of job (KB)
...
006 (6780255.000.000) 06/16 17:04:56 Image size of job updated: 978096
	250  -  MemoryUsage of job (MB)
	255004  -  ResidentSetSize of job (KB)
...
006 (6780255.000.000) 06/16 17:09:56 Image size of job updated: 1008156
	285  -  MemoryUsage of job (MB)
	291804  -  ResidentSetSize of job (KB)
...
006 (6780255.000.000) 06/16 17:14:57 Image size of job updated: 1042192
	292  -  MemoryUsage of job (MB)
	298560  -  ResidentSetSize of job (KB)
...
006 (6780255.000.000) 06/16 17:24:59 Image size of job updated: 1046948
	314  -  MemoryUsage of job (MB)
	320864  -  ResidentSetSize of job (KB)
...
006 (6780255.000.000) 06/16 17:30:00 Image size of job updated: 1056332
	320  -  MemoryUsage of job (MB)
	327404  -  ResidentSetSize of job (KB)
...
006 (6780255.000.000) 06/16 17:35:00 Image size of job updated: 1064848
	320  -  MemoryUsage of job (MB)
	327404  -  ResidentSetSize of job (KB)
...
006 (6780255.000.000) 06/16 17:40:01 Image size of job updated: 1072916
	337  -  MemoryUsage of job (MB)
	344660  -  ResidentSetSize of job (KB)
...
006 (6780255.000.000) 06/16 17:45:02 Image size of job updated: 1080540
	337  -  MemoryUsage of job (MB)
	344660  -  ResidentSetSize of job (KB)
...
006 (6780255.000.000) 06/16 17:50:02 Image size of job updated: 1088100
	363  -  MemoryUsage of job (MB)
	371560  -  ResidentSetSize of job (KB)
...
006 (6780255.000.000) 06/16 17:55:03 Image size of job updated: 1095180
	364  -  MemoryUsage of job (MB)
	372212  -  ResidentSetSize of job (KB)
...
006 (6780255.000.000) 06/16 18:00:04 Image size of job updated: 1101644
	364  -  MemoryUsage of job (MB)
	372212  -  ResidentSetSize of job (KB)
...
006 (6780255.000.000) 06/16 18:05:04 Image size of job updated: 1108124
	364  -  MemoryUsage of job (MB)
	372212  -  ResidentSetSize of job (KB)
...
006 (6780255.000.000) 06/16 18:10:04 Image size of job updated: 1114968
	364  -  MemoryUsage of job (MB)
	372212  -  ResidentSetSize of job (KB)
...
006 (6780255.000.000) 06/16 18:15:05 Image size of job updated: 1121220
	399  -  MemoryUsage of job (MB)
	407704  -  ResidentSetSize of job (KB)
...
040 (6780255.000.000) 06/16 18:15:06 Started transferring output files
...
040 (6780255.000.000) 06/16 18:15:06 Finished transferring output files
...
005 (6780255.000.000) 06/16 18:15:06 Job terminated.
	(1) Normal termination (return value 0)
		Usr 0 00:25:42, Sys 0 00:48:44  -  Run Remote Usage
		Usr 0 00:00:00, Sys 0 00:00:00  -  Run Local Usage
		Usr 0 00:25:42, Sys 0 00:48:44  -  Total Remote Usage
		Usr 0 00:00:00, Sys 0 00:00:00  -  Total Local Usage
	1137688  -  Run Bytes Sent By Job
	10925  -  Run Bytes Received By Job
	1137688  -  Total Bytes Sent By Job
	10925  -  Total Bytes Received By Job
	Partitionable Resources :    Usage  Request Allocated 
	   Cpus                 :     0.98        1         1 
	   Disk (KB)            :  1142          12   1259343 
	   Memory (MB)          :   399        2000      2000 

	Job terminated of its own accord at 2024-06-16T16:15:06Z with exit-code 0.
...
000 (6806077.000.000) 06/19 23:13:04 Job submitted from host: <137.138.55.115:9618?addrs=137.138.55.115-9618+[2001-1458-d00-17--12a]-9618&alias=bigbird23.cern.ch&noUDP&sock=schedd_23881_f548>
...
009 (6806077.000.000) 06/19 23:13:43 Job was aborted.
	via condor_rm (by user fsalerno)
...
000 (6806078.000.000) 06/19 23:13:50 Job submitted from host: <137.138.55.115:9618?addrs=137.138.55.115-9618+[2001-1458-d00-17--12a]-9618&alias=bigbird23.cern.ch&noUDP&sock=schedd_23881_f548>
...
000 (6806079.000.000) 06/19 23:14:31 Job submitted from host: <137.138.55.115:9618?addrs=137.138.55.115-9618+[2001-1458-d00-17--12a]-9618&alias=bigbird23.cern.ch&noUDP&sock=schedd_23881_f548>
...
040 (6806078.000.000) 06/20 01:43:38 Started transferring input files
	Transferring to host: <128.142.59.134:9618?addrs=128.142.59.134-9618&alias=b7s04p8709.cern.ch&noUDP&sock=slot1_14_6928_2713_171623>
...
040 (6806079.000.000) 06/20 01:43:39 Started transferring input files
	Transferring to host: <128.142.59.76:9618?addrs=128.142.59.76-9618&alias=b7s04p5066.cern.ch&noUDP&sock=slot1_11_6910_7852_169594>
...
001 (6806078.000.000) 06/20 01:43:50 Job executing on host: <128.142.59.134:9618?addrs=128.142.59.134-9618&alias=b7s04p8709.cern.ch&noUDP&sock=startd_6865_65c0>
	SlotName: slot1_14@b7s04p8709.cern.ch
...
040 (6806078.000.000) 06/20 01:43:50 Finished transferring input files
...
001 (6806079.000.000) 06/20 01:43:51 Job executing on host: <128.142.59.76:9618?addrs=128.142.59.76-9618&alias=b7s04p5066.cern.ch&noUDP&sock=startd_6859_482f>
	SlotName: slot1_11@b7s04p5066.cern.ch
...
040 (6806079.000.000) 06/20 01:43:51 Finished transferring input files
...
006 (6806079.000.000) 06/20 01:43:59 Image size of job updated: 58792
	30  -  MemoryUsage of job (MB)
	30684  -  ResidentSetSize of job (KB)
...
006 (6806078.000.000) 06/20 01:43:59 Image size of job updated: 303784
	137  -  MemoryUsage of job (MB)
	139548  -  ResidentSetSize of job (KB)
...
006 (6806079.000.000) 06/20 01:48:59 Image size of job updated: 995628
	245  -  MemoryUsage of job (MB)
	249896  -  ResidentSetSize of job (KB)
...
006 (6806078.000.000) 06/20 01:49:00 Image size of job updated: 1006428
	286  -  MemoryUsage of job (MB)
	291972  -  ResidentSetSize of job (KB)
...
006 (6806079.000.000) 06/20 01:53:59 Image size of job updated: 1025088
	292  -  MemoryUsage of job (MB)
	298240  -  ResidentSetSize of job (KB)
...
006 (6806078.000.000) 06/20 01:54:00 Image size of job updated: 1033424
	286  -  MemoryUsage of job (MB)
	292272  -  ResidentSetSize of job (KB)
...
006 (6806078.000.000) 06/20 01:59:00 Image size of job updated: 1045732
	287  -  MemoryUsage of job (MB)
	293836  -  ResidentSetSize of job (KB)
...
006 (6806079.000.000) 06/20 01:59:00 Image size of job updated: 1050252
	311  -  MemoryUsage of job (MB)
	317948  -  ResidentSetSize of job (KB)
...
006 (6806079.000.000) 06/20 02:04:01 Image size of job updated: 1050252
	321  -  MemoryUsage of job (MB)
	328136  -  ResidentSetSize of job (KB)
...
006 (6806078.000.000) 06/20 02:04:01 Image size of job updated: 1045732
	303  -  MemoryUsage of job (MB)
	309892  -  ResidentSetSize of job (KB)
...
006 (6806079.000.000) 06/20 02:09:01 Image size of job updated: 1057036
	321  -  MemoryUsage of job (MB)
	328136  -  ResidentSetSize of job (KB)
...
006 (6806078.000.000) 06/20 02:09:02 Image size of job updated: 1051680
	307  -  MemoryUsage of job (MB)
	314056  -  ResidentSetSize of job (KB)
...
006 (6806078.000.000) 06/20 02:14:02 Image size of job updated: 1060820
	307  -  MemoryUsage of job (MB)
	314056  -  ResidentSetSize of job (KB)
...
006 (6806079.000.000) 06/20 02:14:02 Image size of job updated: 1064612
	321  -  MemoryUsage of job (MB)
	328136  -  ResidentSetSize of job (KB)
...
006 (6806079.000.000) 06/20 02:19:03 Image size of job updated: 1074004
	329  -  MemoryUsage of job (MB)
	335904  -  ResidentSetSize of job (KB)
...
006 (6806078.000.000) 06/20 02:19:03 Image size of job updated: 1069700
	311  -  MemoryUsage of job (MB)
	318080  -  ResidentSetSize of job (KB)
...
006 (6806079.000.000) 06/20 02:24:03 Image size of job updated: 1081920
	336  -  MemoryUsage of job (MB)
	343076  -  ResidentSetSize of job (KB)
...
006 (6806078.000.000) 06/20 02:24:04 Image size of job updated: 1079052
	355  -  MemoryUsage of job (MB)
	362584  -  ResidentSetSize of job (KB)
...
006 (6806079.000.000) 06/20 02:29:03 Image size of job updated: 1089528
	350  -  MemoryUsage of job (MB)
	358016  -  ResidentSetSize of job (KB)
...
006 (6806078.000.000) 06/20 02:29:04 Image size of job updated: 1086692
	355  -  MemoryUsage of job (MB)
	362584  -  ResidentSetSize of job (KB)
...
006 (6806078.000.000) 06/20 02:34:04 Image size of job updated: 1093772
	359  -  MemoryUsage of job (MB)
	367156  -  ResidentSetSize of job (KB)
...
006 (6806079.000.000) 06/20 02:34:04 Image size of job updated: 1096728
	350  -  MemoryUsage of job (MB)
	358016  -  ResidentSetSize of job (KB)
...
006 (6806078.000.000) 06/20 02:39:05 Image size of job updated: 1101048
	359  -  MemoryUsage of job (MB)
	367156  -  ResidentSetSize of job (KB)
...
006 (6806079.000.000) 06/20 02:39:05 Image size of job updated: 1103444
	365  -  MemoryUsage of job (MB)
	373664  -  ResidentSetSize of job (KB)
...
006 (6806078.000.000) 06/20 02:44:05 Image size of job updated: 1108064
	359  -  MemoryUsage of job (MB)
	367156  -  ResidentSetSize of job (KB)
...
006 (6806079.000.000) 06/20 02:44:05 Image size of job updated: 1110396
	373  -  MemoryUsage of job (MB)
	381448  -  ResidentSetSize of job (KB)
...
006 (6806078.000.000) 06/20 02:49:05 Image size of job updated: 1114212
	378  -  MemoryUsage of job (MB)
	387068  -  ResidentSetSize of job (KB)
...
006 (6806079.000.000) 06/20 02:49:06 Image size of job updated: 1116988
	373  -  MemoryUsage of job (MB)
	381448  -  ResidentSetSize of job (KB)
...
006 (6806078.000.000) 06/20 02:54:06 Image size of job updated: 1120164
	378  -  MemoryUsage of job (MB)
	387068  -  ResidentSetSize of job (KB)
...
006 (6806079.000.000) 06/20 02:54:07 Image size of job updated: 1123048
	373  -  MemoryUsage of job (MB)
	381448  -  ResidentSetSize of job (KB)
...
006 (6806079.000.000) 06/20 02:55:09 Image size of job updated: 1124192
	376  -  MemoryUsage of job (MB)
	384220  -  ResidentSetSize of job (KB)
...
040 (6806079.000.000) 06/20 02:55:09 Started transferring output files
...
040 (6806079.000.000) 06/20 02:55:09 Finished transferring output files
...
005 (6806079.000.000) 06/20 02:55:09 Job terminated.
	(1) Normal termination (return value 0)
		Usr 0 00:24:01, Sys 0 00:46:16  -  Run Remote Usage
		Usr 0 00:00:00, Sys 0 00:00:00  -  Run Local Usage
		Usr 0 00:24:01, Sys 0 00:46:16  -  Total Remote Usage
		Usr 0 00:00:00, Sys 0 00:00:00  -  Total Local Usage
	1135552  -  Run Bytes Sent By Job
	10978  -  Run Bytes Received By Job
	1135552  -  Total Bytes Sent By Job
	10978  -  Total Bytes Received By Job
	Partitionable Resources :    Usage  Request Allocated 
	   Cpus                 :     0.99        1         1 
	   Disk (KB)            :  1140          12   1345572 
	   Memory (MB)          :   376        2000      2000 

	Job terminated of its own accord at 2024-06-20T00:55:09Z with exit-code 0.
...
006 (6806078.000.000) 06/20 02:57:06 Image size of job updated: 1124480
	378  -  MemoryUsage of job (MB)
	387068  -  ResidentSetSize of job (KB)
...
040 (6806078.000.000) 06/20 02:57:06 Started transferring output files
...
040 (6806078.000.000) 06/20 02:57:06 Finished transferring output files
...
005 (6806078.000.000) 06/20 02:57:06 Job terminated.
	(1) Normal termination (return value 0)
		Usr 0 00:24:08, Sys 0 00:48:34  -  Run Remote Usage
		Usr 0 00:00:00, Sys 0 00:00:00  -  Run Local Usage
		Usr 0 00:24:08, Sys 0 00:48:34  -  Total Remote Usage
		Usr 0 00:00:00, Sys 0 00:00:00  -  Total Local Usage
	1135552  -  Run Bytes Sent By Job
	10978  -  Run Bytes Received By Job
	1135552  -  Total Bytes Sent By Job
	10978  -  Total Bytes Received By Job
	Partitionable Resources :    Usage  Request Allocated 
	   Cpus                 :     0.99        1         1 
	   Disk (KB)            :  1140          12   1267315 
	   Memory (MB)          :   378        2000      2000 

	Job terminated of its own accord at 2024-06-20T00:57:06Z with exit-code 0.
...
000 (6806779.000.000) 06/20 10:00:41 Job submitted from host: <137.138.55.115:9618?addrs=137.138.55.115-9618+[2001-1458-d00-17--12a]-9618&alias=bigbird23.cern.ch&noUDP&sock=schedd_23881_f548>
...
040 (6806779.000.000) 06/20 10:05:19 Started transferring input files
	Transferring to host: <128.142.59.98:9618?addrs=128.142.59.98-9618&alias=b7s04p8876.cern.ch&noUDP&sock=slot1_14_6710_8d4a_176164>
...
040 (6806779.000.000) 06/20 10:05:19 Finished transferring input files
...
001 (6806779.000.000) 06/20 10:05:20 Job executing on host: <128.142.59.98:9618?addrs=128.142.59.98-9618&alias=b7s04p8876.cern.ch&noUDP&sock=startd_6610_7d1a>
	SlotName: slot1_14@b7s04p8876.cern.ch
...
006 (6806779.000.000) 06/20 10:05:29 Image size of job updated: 88536
	54  -  MemoryUsage of job (MB)
	55256  -  ResidentSetSize of job (KB)
...
006 (6806779.000.000) 06/20 10:05:37 Image size of job updated: 819896
	54  -  MemoryUsage of job (MB)
	55256  -  ResidentSetSize of job (KB)
...
040 (6806779.000.000) 06/20 10:05:37 Started transferring output files
...
040 (6806779.000.000) 06/20 10:05:37 Finished transferring output files
...
005 (6806779.000.000) 06/20 10:05:38 Job terminated.
	(1) Normal termination (return value 1)
		Usr 0 00:00:03, Sys 0 00:00:01  -  Run Remote Usage
		Usr 0 00:00:00, Sys 0 00:00:00  -  Run Local Usage
		Usr 0 00:00:03, Sys 0 00:00:01  -  Total Remote Usage
		Usr 0 00:00:00, Sys 0 00:00:00  -  Total Local Usage
	5434  -  Run Bytes Sent By Job
	10968  -  Run Bytes Received By Job
	5434  -  Total Bytes Sent By Job
	10968  -  Total Bytes Received By Job
	Partitionable Resources :    Usage  Request Allocated 
	   Cpus                 :                 1         1 
	   Disk (KB)            :       30       12   1275062 
	   Memory (MB)          :       54     2000      2000 

	Job terminated of its own accord at 2024-06-20T08:05:37Z with exit-code 1.
...
000 (6806845.000.000) 06/20 10:45:36 Job submitted from host: <137.138.55.115:9618?addrs=137.138.55.115-9618+[2001-1458-d00-17--12a]-9618&alias=bigbird23.cern.ch&noUDP&sock=schedd_23881_f548>
...
040 (6806845.000.000) 06/20 10:52:24 Started transferring input files
	Transferring to host: <128.142.56.145:9618?addrs=128.142.56.145-9618&alias=b7s01p9929.cern.ch&noUDP&sock=slot1_17_6916_b292_172943>
...
040 (6806845.000.000) 06/20 10:52:24 Finished transferring input files
...
001 (6806845.000.000) 06/20 10:52:25 Job executing on host: <128.142.56.145:9618?addrs=128.142.56.145-9618&alias=b7s01p9929.cern.ch&noUDP&sock=startd_6864_b628>
	SlotName: slot1_17@b7s01p9929.cern.ch
...
006 (6806845.000.000) 06/20 10:52:34 Image size of job updated: 261404
	118  -  MemoryUsage of job (MB)
	120460  -  ResidentSetSize of job (KB)
...
006 (6806845.000.000) 06/20 10:52:39 Image size of job updated: 293388
	118  -  MemoryUsage of job (MB)
	120668  -  ResidentSetSize of job (KB)
...
040 (6806845.000.000) 06/20 10:52:39 Started transferring output files
...
040 (6806845.000.000) 06/20 10:52:39 Finished transferring output files
...
005 (6806845.000.000) 06/20 10:52:39 Job terminated.
	(1) Normal termination (return value 1)
		Usr 0 00:00:02, Sys 0 00:00:01  -  Run Remote Usage
		Usr 0 00:00:00, Sys 0 00:00:00  -  Run Local Usage
		Usr 0 00:00:02, Sys 0 00:00:01  -  Total Remote Usage
		Usr 0 00:00:00, Sys 0 00:00:00  -  Total Local Usage
	800  -  Run Bytes Sent By Job
	10968  -  Run Bytes Received By Job
	800  -  Total Bytes Sent By Job
	10968  -  Total Bytes Received By Job
	Partitionable Resources :    Usage  Request Allocated 
	   Cpus                 :                 1         1 
	   Disk (KB)            :       27       12   1196019 
	   Memory (MB)          :      118     2000      2000 

	Job terminated of its own accord at 2024-06-20T08:52:39Z with exit-code 1.
...
000 (6810157.000.000) 06/20 15:44:33 Job submitted from host: <137.138.55.115:9618?addrs=137.138.55.115-9618+[2001-1458-d00-17--12a]-9618&alias=bigbird23.cern.ch&noUDP&sock=schedd_23881_f548>
...
040 (6810157.000.000) 06/20 15:45:41 Started transferring input files
	Transferring to host: <128.142.59.111:9618?addrs=128.142.59.111-9618&alias=b7s04p1314.cern.ch&noUDP&sock=slot1_7_7594_68ee_171066>
...
040 (6810157.000.000) 06/20 15:45:41 Finished transferring input files
...
001 (6810157.000.000) 06/20 15:45:42 Job executing on host: <128.142.59.111:9618?addrs=128.142.59.111-9618&alias=b7s04p1314.cern.ch&noUDP&sock=startd_7526_c9da>
	SlotName: slot1_7@b7s04p1314.cern.ch
...
006 (6810157.000.000) 06/20 15:45:50 Image size of job updated: 91852
	55  -  MemoryUsage of job (MB)
	56264  -  ResidentSetSize of job (KB)
...
006 (6810157.000.000) 06/20 15:45:58 Image size of job updated: 836228
	55  -  MemoryUsage of job (MB)
	56264  -  ResidentSetSize of job (KB)
...
040 (6810157.000.000) 06/20 15:45:58 Started transferring output files
...
040 (6810157.000.000) 06/20 15:45:58 Finished transferring output files
...
005 (6810157.000.000) 06/20 15:45:59 Job terminated.
	(1) Normal termination (return value 1)
		Usr 0 00:00:03, Sys 0 00:00:01  -  Run Remote Usage
		Usr 0 00:00:00, Sys 0 00:00:00  -  Run Local Usage
		Usr 0 00:00:03, Sys 0 00:00:01  -  Total Remote Usage
		Usr 0 00:00:00, Sys 0 00:00:00  -  Total Local Usage
	5762  -  Run Bytes Sent By Job
	10974  -  Run Bytes Received By Job
	5762  -  Total Bytes Sent By Job
	10974  -  Total Bytes Received By Job
	Partitionable Resources :    Usage  Request Allocated 
	   Cpus                 :                 1         1 
	   Disk (KB)            :       30       12   2855744 
	   Memory (MB)          :       55     2000      2000 

	Job terminated of its own accord at 2024-06-20T13:45:58Z with exit-code 1.
...
000 (6812916.000.000) 06/20 17:45:25 Job submitted from host: <137.138.55.115:9618?addrs=137.138.55.115-9618+[2001-1458-d00-17--12a]-9618&alias=bigbird23.cern.ch&noUDP&sock=schedd_23881_f548>
...
040 (6812916.000.000) 06/20 17:58:31 Started transferring input files
	Transferring to host: <128.142.56.115:9618?addrs=128.142.56.115-9618&alias=b7s01p7942.cern.ch&noUDP&sock=slot1_5_7649_2990_169382>
...
040 (6812916.000.000) 06/20 17:58:31 Finished transferring input files
...
001 (6812916.000.000) 06/20 17:58:32 Job executing on host: <128.142.56.115:9618?addrs=128.142.56.115-9618&alias=b7s01p7942.cern.ch&noUDP&sock=startd_7580_d3f7>
	SlotName: slot1_5@b7s01p7942.cern.ch
...
006 (6812916.000.000) 06/20 17:58:40 Image size of job updated: 839852
	76  -  MemoryUsage of job (MB)
	77140  -  ResidentSetSize of job (KB)
...
006 (6812916.000.000) 06/20 18:03:40 Image size of job updated: 980936
	256  -  MemoryUsage of job (MB)
	261236  -  ResidentSetSize of job (KB)
...
006 (6812916.000.000) 06/20 18:08:41 Image size of job updated: 1014324
	285  -  MemoryUsage of job (MB)
	291388  -  ResidentSetSize of job (KB)
...
006 (6812916.000.000) 06/20 18:13:41 Image size of job updated: 1054596
	292  -  MemoryUsage of job (MB)
	298324  -  ResidentSetSize of job (KB)
...
006 (6812916.000.000) 06/20 18:18:41 Image size of job updated: 1054596
	295  -  MemoryUsage of job (MB)
	301468  -  ResidentSetSize of job (KB)
...
006 (6812916.000.000) 06/20 18:23:42 Image size of job updated: 1054596
	303  -  MemoryUsage of job (MB)
	309660  -  ResidentSetSize of job (KB)
...
006 (6812916.000.000) 06/20 18:28:43 Image size of job updated: 1056548
	306  -  MemoryUsage of job (MB)
	313164  -  ResidentSetSize of job (KB)
...
006 (6812916.000.000) 06/20 18:33:43 Image size of job updated: 1065592
	339  -  MemoryUsage of job (MB)
	346668  -  ResidentSetSize of job (KB)
...
006 (6812916.000.000) 06/20 18:38:44 Image size of job updated: 1073412
	339  -  MemoryUsage of job (MB)
	346668  -  ResidentSetSize of job (KB)
...
006 (6812916.000.000) 06/20 18:43:45 Image size of job updated: 1082000
	339  -  MemoryUsage of job (MB)
	346668  -  ResidentSetSize of job (KB)
...
006 (6812916.000.000) 06/20 18:48:45 Image size of job updated: 1089640
	343  -  MemoryUsage of job (MB)
	350408  -  ResidentSetSize of job (KB)
...
006 (6812916.000.000) 06/20 18:53:45 Image size of job updated: 1097304
	362  -  MemoryUsage of job (MB)
	370532  -  ResidentSetSize of job (KB)
...
006 (6812916.000.000) 06/20 18:58:46 Image size of job updated: 1104964
	369  -  MemoryUsage of job (MB)
	377732  -  ResidentSetSize of job (KB)
...
006 (6812916.000.000) 06/20 19:03:46 Image size of job updated: 1110276
	369  -  MemoryUsage of job (MB)
	377732  -  ResidentSetSize of job (KB)
...
006 (6812916.000.000) 06/20 19:08:46 Image size of job updated: 1115848
	369  -  MemoryUsage of job (MB)
	377732  -  ResidentSetSize of job (KB)
...
006 (6812916.000.000) 06/20 19:13:47 Image size of job updated: 1122208
	396  -  MemoryUsage of job (MB)
	404516  -  ResidentSetSize of job (KB)
...
006 (6812916.000.000) 06/20 19:15:29 Image size of job updated: 1124324
	396  -  MemoryUsage of job (MB)
	404516  -  ResidentSetSize of job (KB)
...
040 (6812916.000.000) 06/20 19:15:29 Started transferring output files
...
040 (6812916.000.000) 06/20 19:15:30 Finished transferring output files
...
005 (6812916.000.000) 06/20 19:15:30 Job terminated.
	(1) Normal termination (return value 1)
		Usr 0 00:25:59, Sys 0 00:50:28  -  Run Remote Usage
		Usr 0 00:00:00, Sys 0 00:00:00  -  Run Local Usage
		Usr 0 00:25:59, Sys 0 00:50:28  -  Total Remote Usage
		Usr 0 00:00:00, Sys 0 00:00:00  -  Total Local Usage
	124743  -  Run Bytes Sent By Job
	10970  -  Run Bytes Received By Job
	124743  -  Total Bytes Sent By Job
	10970  -  Total Bytes Received By Job
	Partitionable Resources :    Usage  Request Allocated 
	   Cpus                 :     0.99        1         1 
	   Disk (KB)            :   153          12   1250195 
	   Memory (MB)          :   396        2000      2000 

	Job terminated of its own accord at 2024-06-20T17:15:29Z with exit-code 1.
...
000 (6819126.000.000) 06/21 10:39:47 Job submitted from host: <137.138.55.115:9618?addrs=137.138.55.115-9618+[2001-1458-d00-17--12a]-9618&alias=bigbird23.cern.ch&noUDP&sock=schedd_23881_f548>
...
009 (6819126.000.000) 06/21 10:40:27 Job was aborted.
	via condor_rm (by user fsalerno)
...
000 (6819128.000.000) 06/21 10:41:16 Job submitted from host: <137.138.55.115:9618?addrs=137.138.55.115-9618+[2001-1458-d00-17--12a]-9618&alias=bigbird23.cern.ch&noUDP&sock=schedd_23881_f548>
...
040 (6819128.000.000) 06/21 12:03:46 Started transferring input files
	Transferring to host: <128.142.59.66:9618?addrs=128.142.59.66-9618+[2001-1458-301-21--100-41]-9618&alias=b7s04p0469.cern.ch&noUDP&sock=slot1_15_52629_a435_174974>
...
040 (6819128.000.000) 06/21 12:03:46 Finished transferring input files
...
001 (6819128.000.000) 06/21 12:03:47 Job executing on host: <128.142.59.66:9618?addrs=128.142.59.66-9618+[2001-1458-301-21--100-41]-9618&alias=b7s04p0469.cern.ch&noUDP&sock=startd_52590_f1b8>
	SlotName: slot1_15@b7s04p0469.cern.ch
...
006 (6819128.000.000) 06/21 12:03:56 Image size of job updated: 309988
	157  -  MemoryUsage of job (MB)
	160220  -  ResidentSetSize of job (KB)
...
006 (6819128.000.000) 06/21 12:08:57 Image size of job updated: 986328
	274  -  MemoryUsage of job (MB)
	280544  -  ResidentSetSize of job (KB)
...
006 (6819128.000.000) 06/21 12:13:57 Image size of job updated: 1040616
	274  -  MemoryUsage of job (MB)
	280544  -  ResidentSetSize of job (KB)
...
006 (6819128.000.000) 06/21 12:18:57 Image size of job updated: 1049896
	275  -  MemoryUsage of job (MB)
	281072  -  ResidentSetSize of job (KB)
...
006 (6819128.000.000) 06/21 12:23:58 Image size of job updated: 1049896
	283  -  MemoryUsage of job (MB)
	289508  -  ResidentSetSize of job (KB)
...
006 (6819128.000.000) 06/21 12:28:58 Image size of job updated: 1053564
	318  -  MemoryUsage of job (MB)
	324900  -  ResidentSetSize of job (KB)
...
006 (6819128.000.000) 06/21 12:33:58 Image size of job updated: 1063556
	318  -  MemoryUsage of job (MB)
	324900  -  ResidentSetSize of job (KB)
...
006 (6819128.000.000) 06/21 12:39:00 Image size of job updated: 1073724
	318  -  MemoryUsage of job (MB)
	324900  -  ResidentSetSize of job (KB)
...
006 (6819128.000.000) 06/21 12:44:00 Image size of job updated: 1083220
	323  -  MemoryUsage of job (MB)
	330680  -  ResidentSetSize of job (KB)
...
006 (6819128.000.000) 06/21 12:49:00 Image size of job updated: 1091940
	357  -  MemoryUsage of job (MB)
	365144  -  ResidentSetSize of job (KB)
...
006 (6819128.000.000) 06/21 12:54:01 Image size of job updated: 1100204
	365  -  MemoryUsage of job (MB)
	373456  -  ResidentSetSize of job (KB)
...
006 (6819128.000.000) 06/21 12:59:02 Image size of job updated: 1108984
	365  -  MemoryUsage of job (MB)
	373456  -  ResidentSetSize of job (KB)
...
006 (6819128.000.000) 06/21 13:04:02 Image size of job updated: 1116688
	365  -  MemoryUsage of job (MB)
	373456  -  ResidentSetSize of job (KB)
...
006 (6819128.000.000) 06/21 13:08:49 Image size of job updated: 1124052
	365  -  MemoryUsage of job (MB)
	373456  -  ResidentSetSize of job (KB)
...
040 (6819128.000.000) 06/21 13:08:49 Started transferring output files
...
040 (6819128.000.000) 06/21 13:08:49 Finished transferring output files
...
005 (6819128.000.000) 06/21 13:08:49 Job terminated.
	(1) Normal termination (return value 0)
		Usr 0 00:21:24, Sys 0 00:43:29  -  Run Remote Usage
		Usr 0 00:00:00, Sys 0 00:00:00  -  Run Local Usage
		Usr 0 00:21:24, Sys 0 00:43:29  -  Total Remote Usage
		Usr 0 00:00:00, Sys 0 00:00:00  -  Total Local Usage
	125175  -  Run Bytes Sent By Job
	10974  -  Run Bytes Received By Job
	125175  -  Total Bytes Sent By Job
	10974  -  Total Bytes Received By Job
	Partitionable Resources :    Usage  Request Allocated 
	   Cpus                 :     1.00        1         1 
	   Disk (KB)            :   154          12   2970967 
	   Memory (MB)          :   365        2000      2000 

	Job terminated of its own accord at 2024-06-21T11:08:49Z with exit-code 0.
...
000 (6822039.000.000) 06/22 20:45:09 Job submitted from host: <137.138.55.115:9618?addrs=137.138.55.115-9618+[2001-1458-d00-17--12a]-9618&alias=bigbird23.cern.ch&noUDP&sock=schedd_23881_f548>
...
040 (6822039.000.000) 06/22 21:29:43 Started transferring input files
	Transferring to host: <128.142.59.26:9618?addrs=128.142.59.26-9618+[2001-1458-301-21--100-19]-9618&alias=b7s04p9552.cern.ch&noUDP&sock=slot1_22_63617_ae74_172358>
...
040 (6822039.000.000) 06/22 21:29:43 Finished transferring input files
...
001 (6822039.000.000) 06/22 21:29:44 Job executing on host: <128.142.59.26:9618?addrs=128.142.59.26-9618+[2001-1458-301-21--100-19]-9618&alias=b7s04p9552.cern.ch&noUDP&sock=startd_63578_cc5c>
	SlotName: slot1_22@b7s04p9552.cern.ch
...
006 (6822039.000.000) 06/22 21:29:53 Image size of job updated: 203888
	85  -  MemoryUsage of job (MB)
	86456  -  ResidentSetSize of job (KB)
...
006 (6822039.000.000) 06/22 21:34:54 Image size of job updated: 979868
	238  -  MemoryUsage of job (MB)
	243588  -  ResidentSetSize of job (KB)
...
006 (6822039.000.000) 06/22 21:39:55 Image size of job updated: 1023968
	261  -  MemoryUsage of job (MB)
	266412  -  ResidentSetSize of job (KB)
...
006 (6822039.000.000) 06/22 21:44:55 Image size of job updated: 1055736
	289  -  MemoryUsage of job (MB)
	295148  -  ResidentSetSize of job (KB)
...
006 (6822039.000.000) 06/22 21:49:56 Image size of job updated: 1055736
	297  -  MemoryUsage of job (MB)
	303568  -  ResidentSetSize of job (KB)
...
006 (6822039.000.000) 06/22 21:54:57 Image size of job updated: 1055736
	302  -  MemoryUsage of job (MB)
	308876  -  ResidentSetSize of job (KB)
...
006 (6822039.000.000) 06/22 21:59:57 Image size of job updated: 1055944
	302  -  MemoryUsage of job (MB)
	308876  -  ResidentSetSize of job (KB)
...
006 (6822039.000.000) 06/22 22:04:58 Image size of job updated: 1064696
	336  -  MemoryUsage of job (MB)
	343276  -  ResidentSetSize of job (KB)
...
006 (6822039.000.000) 06/22 22:09:59 Image size of job updated: 1072548
	341  -  MemoryUsage of job (MB)
	349020  -  ResidentSetSize of job (KB)
...
006 (6822039.000.000) 06/22 22:14:59 Image size of job updated: 1081324
	341  -  MemoryUsage of job (MB)
	349020  -  ResidentSetSize of job (KB)
...
006 (6822039.000.000) 06/22 22:19:59 Image size of job updated: 1089084
	341  -  MemoryUsage of job (MB)
	349020  -  ResidentSetSize of job (KB)
...
006 (6822039.000.000) 06/22 22:25:00 Image size of job updated: 1096440
	367  -  MemoryUsage of job (MB)
	375628  -  ResidentSetSize of job (KB)
...
006 (6822039.000.000) 06/22 22:30:01 Image size of job updated: 1102808
	371  -  MemoryUsage of job (MB)
	379488  -  ResidentSetSize of job (KB)
...
006 (6822039.000.000) 06/22 22:35:01 Image size of job updated: 1109872
	384  -  MemoryUsage of job (MB)
	392604  -  ResidentSetSize of job (KB)
...
006 (6822039.000.000) 06/22 22:40:02 Image size of job updated: 1116320
	384  -  MemoryUsage of job (MB)
	392604  -  ResidentSetSize of job (KB)
...
006 (6822039.000.000) 06/22 22:45:02 Image size of job updated: 1122532
	384  -  MemoryUsage of job (MB)
	392604  -  ResidentSetSize of job (KB)
...
006 (6822039.000.000) 06/22 22:46:38 Image size of job updated: 1124544
	384  -  MemoryUsage of job (MB)
	392604  -  ResidentSetSize of job (KB)
...
040 (6822039.000.000) 06/22 22:46:38 Started transferring output files
...
040 (6822039.000.000) 06/22 22:46:38 Finished transferring output files
...
005 (6822039.000.000) 06/22 22:46:38 Job terminated.
	(1) Normal termination (return value 0)
		Usr 0 00:26:04, Sys 0 00:50:22  -  Run Remote Usage
		Usr 0 00:00:00, Sys 0 00:00:00  -  Run Local Usage
		Usr 0 00:26:04, Sys 0 00:50:22  -  Total Remote Usage
		Usr 0 00:00:00, Sys 0 00:00:00  -  Total Local Usage
	125181  -  Run Bytes Sent By Job
	10976  -  Run Bytes Received By Job
	125181  -  Total Bytes Sent By Job
	10976  -  Total Bytes Received By Job
	Partitionable Resources :    Usage  Request Allocated 
	   Cpus                 :     1.00        1         1 
	   Disk (KB)            :   154          12   1254782 
	   Memory (MB)          :   384        2000      2000 

	Job terminated of its own accord at 2024-06-22T20:46:38Z with exit-code 0.
...
000 (6932090.000.000) 07/11 12:36:57 Job submitted from host: <137.138.55.115:9618?addrs=137.138.55.115-9618+[2001-1458-d00-17--12a]-9618&alias=bigbird23.cern.ch&noUDP&sock=schedd_23881_f548>
...
040 (6932090.000.000) 07/11 13:53:56 Started transferring input files
	Transferring to host: <128.142.57.87:9618?addrs=128.142.57.87-9618+[2001-1458-301-7--100-56]-9618&alias=b7s02p0956.cern.ch&noUDP&sock=slot1_26_3395_d5a3_14753>
...
040 (6932090.000.000) 07/11 13:53:56 Finished transferring input files
...
001 (6932090.000.000) 07/11 13:53:57 Job executing on host: <128.142.57.87:9618?addrs=128.142.57.87-9618+[2001-1458-301-7--100-56]-9618&alias=b7s02p0956.cern.ch&noUDP&sock=startd_2927_41cb>
	SlotName: slot1_26@b7s02p0956.cern.ch
...
006 (6932090.000.000) 07/11 13:54:06 Image size of job updated: 105948
	64  -  MemoryUsage of job (MB)
	65252  -  ResidentSetSize of job (KB)
...
006 (6932090.000.000) 07/11 13:59:07 Image size of job updated: 989148
	254  -  MemoryUsage of job (MB)
	259104  -  ResidentSetSize of job (KB)
...
006 (6932090.000.000) 07/11 14:04:08 Image size of job updated: 1012728
	258  -  MemoryUsage of job (MB)
	263692  -  ResidentSetSize of job (KB)
...
006 (6932090.000.000) 07/11 14:09:09 Image size of job updated: 1046812
	274  -  MemoryUsage of job (MB)
	280000  -  ResidentSetSize of job (KB)
...
006 (6932090.000.000) 07/11 14:14:10 Image size of job updated: 1048392
	318  -  MemoryUsage of job (MB)
	325380  -  ResidentSetSize of job (KB)
...
006 (6932090.000.000) 07/11 14:19:10 Image size of job updated: 1054848
	323  -  MemoryUsage of job (MB)
	330216  -  ResidentSetSize of job (KB)
...
006 (6932090.000.000) 07/11 14:24:10 Image size of job updated: 1063804
	323  -  MemoryUsage of job (MB)
	330216  -  ResidentSetSize of job (KB)
...
006 (6932090.000.000) 07/11 14:29:11 Image size of job updated: 1072416
	333  -  MemoryUsage of job (MB)
	340596  -  ResidentSetSize of job (KB)
...
006 (6932090.000.000) 07/11 14:34:11 Image size of job updated: 1080432
	339  -  MemoryUsage of job (MB)
	347004  -  ResidentSetSize of job (KB)
...
006 (6932090.000.000) 07/11 14:39:11 Image size of job updated: 1088436
	339  -  MemoryUsage of job (MB)
	347004  -  ResidentSetSize of job (KB)
...
006 (6932090.000.000) 07/11 14:44:12 Image size of job updated: 1095976
	360  -  MemoryUsage of job (MB)
	368432  -  ResidentSetSize of job (KB)
...
006 (6932090.000.000) 07/11 14:49:13 Image size of job updated: 1101028
	366  -  MemoryUsage of job (MB)
	374216  -  ResidentSetSize of job (KB)
...
000 (6932565.000.000) 07/11 14:52:25 Job submitted from host: <137.138.55.115:9618?addrs=137.138.55.115-9618+[2001-1458-d00-17--12a]-9618&alias=bigbird23.cern.ch&noUDP&sock=schedd_23881_f548>
...
009 (6932565.000.000) 07/11 14:53:24 Job was aborted.
	via condor_rm (by user fsalerno)
...
006 (6932090.000.000) 07/11 14:54:13 Image size of job updated: 1107872
	366  -  MemoryUsage of job (MB)
	374216  -  ResidentSetSize of job (KB)
...
000 (6932587.000.000) 07/11 14:54:33 Job submitted from host: <137.138.55.115:9618?addrs=137.138.55.115-9618+[2001-1458-d00-17--12a]-9618&alias=bigbird23.cern.ch&noUDP&sock=schedd_23881_f548>
...
040 (6932587.000.000) 07/11 14:54:54 Started transferring input files
	Transferring to host: <128.142.59.80:9618?addrs=128.142.59.80-9618&alias=b7s04p4586.cern.ch&noUDP&sock=slot1_12_6916_b292_192207>
...
040 (6932587.000.000) 07/11 14:54:54 Finished transferring input files
...
001 (6932587.000.000) 07/11 14:54:55 Job executing on host: <128.142.59.80:9618?addrs=128.142.59.80-9618&alias=b7s04p4586.cern.ch&noUDP&sock=startd_6850_1bd4>
	SlotName: slot1_12@b7s04p4586.cern.ch
...
006 (6932587.000.000) 07/11 14:55:04 Image size of job updated: 275700
	130  -  MemoryUsage of job (MB)
	132944  -  ResidentSetSize of job (KB)
...
006 (6932090.000.000) 07/11 14:59:14 Image size of job updated: 1114668
	366  -  MemoryUsage of job (MB)
	374216  -  ResidentSetSize of job (KB)
...
006 (6932587.000.000) 07/11 15:00:05 Image size of job updated: 975676
	251  -  MemoryUsage of job (MB)
	256996  -  ResidentSetSize of job (KB)
...
006 (6932090.000.000) 07/11 15:04:15 Image size of job updated: 1121124
	389  -  MemoryUsage of job (MB)
	397880  -  ResidentSetSize of job (KB)
...
006 (6932587.000.000) 07/11 15:05:06 Image size of job updated: 1013760
	288  -  MemoryUsage of job (MB)
	294240  -  ResidentSetSize of job (KB)
...
006 (6932090.000.000) 07/11 15:07:14 Image size of job updated: 1124920
	395  -  MemoryUsage of job (MB)
	404340  -  ResidentSetSize of job (KB)
...
040 (6932090.000.000) 07/11 15:07:14 Started transferring output files
...
040 (6932090.000.000) 07/11 15:07:15 Finished transferring output files
...
005 (6932090.000.000) 07/11 15:07:15 Job terminated.
	(1) Normal termination (return value 0)
		Usr 0 00:25:49, Sys 0 00:47:01  -  Run Remote Usage
		Usr 0 00:00:00, Sys 0 00:00:00  -  Run Local Usage
		Usr 0 00:25:49, Sys 0 00:47:01  -  Total Remote Usage
		Usr 0 00:00:00, Sys 0 00:00:00  -  Total Local Usage
	125192  -  Run Bytes Sent By Job
	10995  -  Run Bytes Received By Job
	125192  -  Total Bytes Sent By Job
	10995  -  Total Bytes Received By Job
	Partitionable Resources :    Usage  Request Allocated 
	   Cpus                 :     1.00        1         1 
	   Disk (KB)            :   154          12   3031643 
	   Memory (MB)          :   395        2000      2000 

	Job terminated of its own accord at 2024-07-11T13:07:14Z with exit-code 0.
...
006 (6932587.000.000) 07/11 15:10:06 Image size of job updated: 1056760
	292  -  MemoryUsage of job (MB)
	298580  -  ResidentSetSize of job (KB)
...
006 (6932587.000.000) 07/11 15:15:07 Image size of job updated: 1056760
	300  -  MemoryUsage of job (MB)
	306892  -  ResidentSetSize of job (KB)
...
006 (6932587.000.000) 07/11 15:20:07 Image size of job updated: 1056760
	305  -  MemoryUsage of job (MB)
	311968  -  ResidentSetSize of job (KB)
...
006 (6932587.000.000) 07/11 15:25:07 Image size of job updated: 1059432
	328  -  MemoryUsage of job (MB)
	334924  -  ResidentSetSize of job (KB)
...
006 (6932587.000.000) 07/11 15:30:08 Image size of job updated: 1068208
	332  -  MemoryUsage of job (MB)
	339948  -  ResidentSetSize of job (KB)
...
006 (6932587.000.000) 07/11 15:35:09 Image size of job updated: 1077060
	337  -  MemoryUsage of job (MB)
	344816  -  ResidentSetSize of job (KB)
...
006 (6932587.000.000) 07/11 15:40:09 Image size of job updated: 1084336
	348  -  MemoryUsage of job (MB)
	355392  -  ResidentSetSize of job (KB)
...
006 (6932587.000.000) 07/11 15:45:10 Image size of job updated: 1092076
	352  -  MemoryUsage of job (MB)
	360300  -  ResidentSetSize of job (KB)
...
006 (6932587.000.000) 07/11 15:50:11 Image size of job updated: 1097988
	364  -  MemoryUsage of job (MB)
	371836  -  ResidentSetSize of job (KB)
...
006 (6932587.000.000) 07/11 15:55:11 Image size of job updated: 1104120
	364  -  MemoryUsage of job (MB)
	371836  -  ResidentSetSize of job (KB)
...
006 (6932587.000.000) 07/11 16:00:11 Image size of job updated: 1110600
	364  -  MemoryUsage of job (MB)
	371836  -  ResidentSetSize of job (KB)
...
006 (6932587.000.000) 07/11 16:05:12 Image size of job updated: 1117072
	378  -  MemoryUsage of job (MB)
	386624  -  ResidentSetSize of job (KB)
...
006 (6932587.000.000) 07/11 16:10:12 Image size of job updated: 1123520
	384  -  MemoryUsage of job (MB)
	392360  -  ResidentSetSize of job (KB)
...
006 (6932587.000.000) 07/11 16:11:15 Image size of job updated: 1124736
	384  -  MemoryUsage of job (MB)
	392908  -  ResidentSetSize of job (KB)
...
040 (6932587.000.000) 07/11 16:11:15 Started transferring output files
...
040 (6932587.000.000) 07/11 16:11:15 Finished transferring output files
...
005 (6932587.000.000) 07/11 16:11:15 Job terminated.
	(1) Normal termination (return value 0)
		Usr 0 00:26:13, Sys 0 00:49:50  -  Run Remote Usage
		Usr 0 00:00:00, Sys 0 00:00:00  -  Run Local Usage
		Usr 0 00:26:13, Sys 0 00:49:50  -  Total Remote Usage
		Usr 0 00:00:00, Sys 0 00:00:00  -  Total Local Usage
	125192  -  Run Bytes Sent By Job
	10995  -  Run Bytes Received By Job
	125192  -  Total Bytes Sent By Job
	10995  -  Total Bytes Received By Job
	Partitionable Resources :    Usage  Request Allocated 
	   Cpus                 :     1.00        1         1 
	   Disk (KB)            :   153          12   1272975 
	   Memory (MB)          :   384        2000      2000 

	Job terminated of its own accord at 2024-07-11T14:11:15Z with exit-code 0.
...
000 (6942116.000.000) 07/15 18:03:14 Job submitted from host: <137.138.55.115:9618?addrs=137.138.55.115-9618+[2001-1458-d00-17--12a]-9618&alias=bigbird23.cern.ch&noUDP&sock=schedd_23881_f548>
...
040 (6942116.000.000) 07/15 18:10:45 Started transferring input files
	Transferring to host: <128.142.56.99:9618?addrs=128.142.56.99-9618&alias=b7s01p2935.cern.ch&noUDP&sock=slot1_22_6943_b8b3_199713>
...
040 (6942116.000.000) 07/15 18:10:45 Finished transferring input files
...
001 (6942116.000.000) 07/15 18:10:48 Job executing on host: <128.142.56.99:9618?addrs=128.142.56.99-9618&alias=b7s01p2935.cern.ch&noUDP&sock=startd_6882_0edc>
	SlotName: slot1_22@b7s01p2935.cern.ch
...
006 (6942116.000.000) 07/15 18:10:56 Image size of job updated: 380736
	169  -  MemoryUsage of job (MB)
	172648  -  ResidentSetSize of job (KB)
...
006 (6942116.000.000) 07/15 18:15:56 Image size of job updated: 992780
	267  -  MemoryUsage of job (MB)
	272940  -  ResidentSetSize of job (KB)
...
006 (6942116.000.000) 07/15 18:20:56 Image size of job updated: 1033160
	309  -  MemoryUsage of job (MB)
	316000  -  ResidentSetSize of job (KB)
...
006 (6942116.000.000) 07/15 18:25:57 Image size of job updated: 1053416
	309  -  MemoryUsage of job (MB)
	316000  -  ResidentSetSize of job (KB)
...
006 (6942116.000.000) 07/15 18:35:57 Image size of job updated: 1054776
	309  -  MemoryUsage of job (MB)
	316000  -  ResidentSetSize of job (KB)
...
006 (6942116.000.000) 07/15 18:40:58 Image size of job updated: 1064208
	329  -  MemoryUsage of job (MB)
	336672  -  ResidentSetSize of job (KB)
...
006 (6942116.000.000) 07/15 18:45:59 Image size of job updated: 1073900
	342  -  MemoryUsage of job (MB)
	349952  -  ResidentSetSize of job (KB)
...
006 (6942116.000.000) 07/15 18:50:59 Image size of job updated: 1083168
	349  -  MemoryUsage of job (MB)
	356676  -  ResidentSetSize of job (KB)
...
006 (6942116.000.000) 07/15 18:55:59 Image size of job updated: 1091392
	352  -  MemoryUsage of job (MB)
	360396  -  ResidentSetSize of job (KB)
...
006 (6942116.000.000) 07/15 19:01:00 Image size of job updated: 1098108
	352  -  MemoryUsage of job (MB)
	360396  -  ResidentSetSize of job (KB)
...
006 (6942116.000.000) 07/15 19:06:00 Image size of job updated: 1104944
	352  -  MemoryUsage of job (MB)
	360396  -  ResidentSetSize of job (KB)
...
006 (6942116.000.000) 07/15 19:11:00 Image size of job updated: 1112536
	352  -  MemoryUsage of job (MB)
	360396  -  ResidentSetSize of job (KB)
...
006 (6942116.000.000) 07/15 19:16:01 Image size of job updated: 1119924
	357  -  MemoryUsage of job (MB)
	364820  -  ResidentSetSize of job (KB)
...
006 (6942116.000.000) 07/15 19:19:38 Image size of job updated: 1125124
	357  -  MemoryUsage of job (MB)
	364820  -  ResidentSetSize of job (KB)
...
040 (6942116.000.000) 07/15 19:19:38 Started transferring output files
...
040 (6942116.000.000) 07/15 19:19:39 Finished transferring output files
...
005 (6942116.000.000) 07/15 19:19:39 Job terminated.
	(1) Normal termination (return value 0)
		Usr 0 00:22:54, Sys 0 00:45:48  -  Run Remote Usage
		Usr 0 00:00:00, Sys 0 00:00:00  -  Run Local Usage
		Usr 0 00:22:54, Sys 0 00:45:48  -  Total Remote Usage
		Usr 0 00:00:00, Sys 0 00:00:00  -  Total Local Usage
	125648  -  Run Bytes Sent By Job
	11003  -  Run Bytes Received By Job
	125648  -  Total Bytes Sent By Job
	11003  -  Total Bytes Received By Job
	Partitionable Resources :    Usage  Request Allocated 
	   Cpus                 :     1.00        1         1 
	   Disk (KB)            :   154          12   1261727 
	   Memory (MB)          :   357        2000      2000 

	Job terminated of its own accord at 2024-07-15T17:19:38Z with exit-code 0.
...
000 (6942413.000.000) 07/15 22:50:55 Job submitted from host: <137.138.55.115:9618?addrs=137.138.55.115-9618+[2001-1458-d00-17--12a]-9618&alias=bigbird23.cern.ch&noUDP&sock=schedd_23881_f548>
...
040 (6942413.000.000) 07/15 22:51:00 Started transferring input files
	Transferring to host: <128.142.59.115:9618?addrs=128.142.59.115-9618&alias=b7s04p1021.cern.ch&noUDP&sock=slot1_14_6932_f893_196805>
...
040 (6942413.000.000) 07/15 22:51:00 Finished transferring input files
...
001 (6942413.000.000) 07/15 22:51:01 Job executing on host: <128.142.59.115:9618?addrs=128.142.59.115-9618&alias=b7s04p1021.cern.ch&noUDP&sock=startd_6868_7489>
	SlotName: slot1_14@b7s04p1021.cern.ch
...
006 (6942413.000.000) 07/15 22:51:09 Image size of job updated: 302872
	151  -  MemoryUsage of job (MB)
	154088  -  ResidentSetSize of job (KB)
...
006 (6942413.000.000) 07/15 22:56:09 Image size of job updated: 986896
	245  -  MemoryUsage of job (MB)
	250468  -  ResidentSetSize of job (KB)
...
006 (6942413.000.000) 07/15 23:01:10 Image size of job updated: 1037620
	287  -  MemoryUsage of job (MB)
	293088  -  ResidentSetSize of job (KB)
...
006 (6942413.000.000) 07/15 23:06:10 Image size of job updated: 1052012
	298  -  MemoryUsage of job (MB)
	304240  -  ResidentSetSize of job (KB)
...
006 (6942413.000.000) 07/15 23:11:11 Image size of job updated: 1052012
	318  -  MemoryUsage of job (MB)
	325092  -  ResidentSetSize of job (KB)
...
006 (6942413.000.000) 07/15 23:16:12 Image size of job updated: 1052576
	325  -  MemoryUsage of job (MB)
	332244  -  ResidentSetSize of job (KB)
...
006 (6942413.000.000) 07/15 23:21:12 Image size of job updated: 1062340
	325  -  MemoryUsage of job (MB)
	332376  -  ResidentSetSize of job (KB)
...
006 (6942413.000.000) 07/15 23:26:12 Image size of job updated: 1072576
	325  -  MemoryUsage of job (MB)
	332376  -  ResidentSetSize of job (KB)
...
006 (6942413.000.000) 07/15 23:31:13 Image size of job updated: 1082120
	338  -  MemoryUsage of job (MB)
	345672  -  ResidentSetSize of job (KB)
...
006 (6942413.000.000) 07/15 23:36:14 Image size of job updated: 1090736
	349  -  MemoryUsage of job (MB)
	357052  -  ResidentSetSize of job (KB)
...
006 (6942413.000.000) 07/15 23:41:14 Image size of job updated: 1097804
	355  -  MemoryUsage of job (MB)
	362656  -  ResidentSetSize of job (KB)
...
006 (6942413.000.000) 07/15 23:46:15 Image size of job updated: 1104864
	355  -  MemoryUsage of job (MB)
	362656  -  ResidentSetSize of job (KB)
...
006 (6942413.000.000) 07/15 23:51:16 Image size of job updated: 1111304
	360  -  MemoryUsage of job (MB)
	368252  -  ResidentSetSize of job (KB)
...
006 (6942413.000.000) 07/15 23:56:16 Image size of job updated: 1117856
	360  -  MemoryUsage of job (MB)
	368252  -  ResidentSetSize of job (KB)
...
006 (6942413.000.000) 07/16 00:01:13 Image size of job updated: 1124896
	360  -  MemoryUsage of job (MB)
	368252  -  ResidentSetSize of job (KB)
...
040 (6942413.000.000) 07/16 00:01:13 Started transferring output files
...
040 (6942413.000.000) 07/16 00:01:13 Finished transferring output files
...
005 (6942413.000.000) 07/16 00:01:14 Job terminated.
	(1) Normal termination (return value 0)
		Usr 0 00:22:03, Sys 0 00:47:54  -  Run Remote Usage
		Usr 0 00:00:00, Sys 0 00:00:00  -  Run Local Usage
		Usr 0 00:22:03, Sys 0 00:47:54  -  Total Remote Usage
		Usr 0 00:00:00, Sys 0 00:00:00  -  Total Local Usage
	125652  -  Run Bytes Sent By Job
	10995  -  Run Bytes Received By Job
	125652  -  Total Bytes Sent By Job
	10995  -  Total Bytes Received By Job
	Partitionable Resources :    Usage  Request Allocated 
	   Cpus                 :     1.00        1         1 
	   Disk (KB)            :   154          12   1293163 
	   Memory (MB)          :   360        2000      2000 

	Job terminated of its own accord at 2024-07-15T22:01:13Z with exit-code 0.
...
000 (7088251.000.000) 09/13 00:03:18 Job submitted from host: <137.138.55.115:9618?addrs=137.138.55.115-9618+[2001-1458-d00-17--12a]-9618&alias=bigbird23.cern.ch&noUDP&sock=schedd_23881_f548>
...
009 (7088251.000.000) 09/13 00:30:07 Job was aborted.
	via condor_rm (by user fsalerno)
...
000 (7088286.000.000) 09/13 00:31:36 Job submitted from host: <137.138.55.115:9618?addrs=137.138.55.115-9618+[2001-1458-d00-17--12a]-9618&alias=bigbird23.cern.ch&noUDP&sock=schedd_23881_f548>
...
009 (7088286.000.000) 09/13 01:38:40 Job was aborted.
	via condor_rm (by user fsalerno)
...
000 (7088339.000.000) 09/13 01:44:41 Job submitted from host: <137.138.55.115:9618?addrs=137.138.55.115-9618+[2001-1458-d00-17--12a]-9618&alias=bigbird23.cern.ch&noUDP&sock=schedd_23881_f548>
...
040 (7088339.000.000) 09/13 01:47:21 Started transferring input files
	Transferring to host: <188.185.205.137:9618?addrs=188.185.205.137-9618+[2001-1458-303-a--100-6]-9618&alias=b9p04p9214.cern.ch&noUDP&sock=slot1_29_3697_9eef_39343>
...
040 (7088339.000.000) 09/13 01:47:21 Finished transferring input files
...
001 (7088339.000.000) 09/13 01:47:22 Job executing on host: <188.185.205.137:9618?addrs=188.185.205.137-9618+[2001-1458-303-a--100-6]-9618&alias=b9p04p9214.cern.ch&noUDP&sock=startd_3323_e14c>
	SlotName: slot1_29@b9p04p9214.cern.ch
	CondorScratchDir = "/pool/condor/dir_1840670"
	Cpus = 1
	Disk = 2717039
	Memory = 2000
...
006 (7088339.000.000) 09/13 01:47:29 Image size of job updated: 453792
	322  -  MemoryUsage of job (MB)
	329356  -  ResidentSetSize of job (KB)
...
040 (7088339.000.000) 09/13 01:47:29 Started transferring output files
...
040 (7088339.000.000) 09/13 01:47:29 Finished transferring output files
...
005 (7088339.000.000) 09/13 01:47:29 Job terminated.
	(1) Normal termination (return value 1)
		Usr 0 00:00:01, Sys 0 00:00:01  -  Run Remote Usage
		Usr 0 00:00:00, Sys 0 00:00:00  -  Run Local Usage
		Usr 0 00:00:01, Sys 0 00:00:01  -  Total Remote Usage
		Usr 0 00:00:00, Sys 0 00:00:00  -  Total Local Usage
	1221  -  Run Bytes Sent By Job
	10969  -  Run Bytes Received By Job
	1221  -  Total Bytes Sent By Job
	10969  -  Total Bytes Received By Job
	Partitionable Resources :    Usage  Request Allocated 
	   Cpus                 :        0        1         1 
	   Disk (KB)            :       39       12   2717039 
	   Memory (MB)          :      322     2000      2000 

	Job terminated of its own accord at 2024-09-12T23:47:29Z with exit-code 1.
...
000 (7088376.000.000) 09/13 01:55:24 Job submitted from host: <137.138.55.115:9618?addrs=137.138.55.115-9618+[2001-1458-d00-17--12a]-9618&alias=bigbird23.cern.ch&noUDP&sock=schedd_23881_f548>
...
040 (7088376.000.000) 09/13 01:55:35 Started transferring input files
	Transferring to host: <188.185.195.57:9618?addrs=188.185.195.57-9618+[2001-1458-303-22--100-35]-9618&alias=b9p17p7907.cern.ch&noUDP&sock=slot1_15_802760_ca7d_38917>
...
040 (7088376.000.000) 09/13 01:55:35 Finished transferring input files
...
001 (7088376.000.000) 09/13 01:55:36 Job executing on host: <188.185.195.57:9618?addrs=188.185.195.57-9618+[2001-1458-303-22--100-35]-9618&alias=b9p17p7907.cern.ch&noUDP&sock=startd_174933_10f0>
	SlotName: slot1_15@b9p17p7907.cern.ch
	CondorScratchDir = "/pool/condor/dir_1207018"
	Cpus = 1
	Disk = 3053839
	Memory = 2000
...
006 (7088376.000.000) 09/13 01:55:40 Image size of job updated: 126840
	3  -  MemoryUsage of job (MB)
	2140  -  ResidentSetSize of job (KB)
...
040 (7088376.000.000) 09/13 01:55:40 Started transferring output files
...
040 (7088376.000.000) 09/13 01:55:40 Finished transferring output files
...
005 (7088376.000.000) 09/13 01:55:40 Job terminated.
	(1) Normal termination (return value 1)
		Usr 0 00:00:02, Sys 0 00:00:00  -  Run Remote Usage
		Usr 0 00:00:00, Sys 0 00:00:00  -  Run Local Usage
		Usr 0 00:00:02, Sys 0 00:00:00  -  Total Remote Usage
		Usr 0 00:00:00, Sys 0 00:00:00  -  Total Local Usage
	1221  -  Run Bytes Sent By Job
	10969  -  Run Bytes Received By Job
	1221  -  Total Bytes Sent By Job
	10969  -  Total Bytes Received By Job
	Partitionable Resources :    Usage  Request Allocated 
	   Cpus                 :        0        1         1 
	   Disk (KB)            :       37       12   3053839 
	   Memory (MB)          :        3     2000      2000 

	Job terminated of its own accord at 2024-09-12T23:55:40Z with exit-code 1.
...
000 (7088385.000.000) 09/13 02:08:37 Job submitted from host: <137.138.55.115:9618?addrs=137.138.55.115-9618+[2001-1458-d00-17--12a]-9618&alias=bigbird23.cern.ch&noUDP&sock=schedd_23881_f548>
...
040 (7088385.000.000) 09/13 02:11:01 Started transferring input files
	Transferring to host: <128.142.132.18:9618?addrs=128.142.132.18-9618+[2001-1458-301-5a--100-6]-9618&alias=b9g12p2092.cern.ch&noUDP&sock=slot1_22_2699_7087_160619>
...
040 (7088385.000.000) 09/13 02:11:01 Finished transferring input files
...
001 (7088385.000.000) 09/13 02:11:02 Job executing on host: <128.142.132.18:9618?addrs=128.142.132.18-9618+[2001-1458-301-5a--100-6]-9618&alias=b9g12p2092.cern.ch&noUDP&sock=startd_2371_e323>
	SlotName: slot1_22@b9g12p2092.cern.ch
	CondorScratchDir = "/pool/condor/dir_1676591"
	Cpus = 1
	Disk = 1739061
	Memory = 2000
...
006 (7088385.000.000) 09/13 02:11:11 Image size of job updated: 199936
	196  -  MemoryUsage of job (MB)
	199936  -  ResidentSetSize of job (KB)
...
006 (7088385.000.000) 09/13 02:16:12 Image size of job updated: 678344
	663  -  MemoryUsage of job (MB)
	678344  -  ResidentSetSize of job (KB)
...
006 (7088385.000.000) 09/13 02:21:12 Image size of job updated: 714912
	699  -  MemoryUsage of job (MB)
	714912  -  ResidentSetSize of job (KB)
...
006 (7088385.000.000) 09/13 02:31:13 Image size of job updated: 758316
	741  -  MemoryUsage of job (MB)
	758316  -  ResidentSetSize of job (KB)
...
006 (7088385.000.000) 09/13 02:36:13 Image size of job updated: 769912
	752  -  MemoryUsage of job (MB)
	769912  -  ResidentSetSize of job (KB)
...
040 (7088385.000.000) 09/13 03:19:00 Started transferring output files
...
040 (7088385.000.000) 09/13 03:19:00 Finished transferring output files
...
005 (7088385.000.000) 09/13 03:19:00 Job terminated.
	(1) Normal termination (return value 0)
		Usr 0 00:40:52, Sys 0 00:26:28  -  Run Remote Usage
		Usr 0 00:00:00, Sys 0 00:00:00  -  Run Local Usage
		Usr 0 00:40:52, Sys 0 00:26:28  -  Total Remote Usage
		Usr 0 00:00:00, Sys 0 00:00:00  -  Total Local Usage
	125174  -  Run Bytes Sent By Job
	10970  -  Run Bytes Received By Job
	125174  -  Total Bytes Sent By Job
	10970  -  Total Bytes Received By Job
	Partitionable Resources :    Usage  Request Allocated 
	   Cpus                 :     0.99        1         1 
	   Disk (KB)            :   155          12   1739061 
	   Memory (MB)          :   752        2000      2000 

	Job terminated of its own accord at 2024-09-13T01:19:00Z with exit-code 0.
...
000 (7407025.000.000) 10/24 18:45:51 Job submitted from host: <137.138.55.115:9618?addrs=137.138.55.115-9618+[2001-1458-d00-17--12a]-9618&alias=bigbird23.cern.ch&noUDP&sock=schedd_4975_03c1>
...
009 (7407025.000.000) 10/24 18:46:04 Job was aborted.
	via condor_rm (by user fsalerno)
...
000 (7407028.000.000) 10/24 18:47:06 Job submitted from host: <137.138.55.115:9618?addrs=137.138.55.115-9618+[2001-1458-d00-17--12a]-9618&alias=bigbird23.cern.ch&noUDP&sock=schedd_4975_03c1>
...
040 (7407028.000.000) 10/24 18:50:13 Started transferring input files
	Transferring to host: <188.185.205.158:9618?addrs=188.185.205.158-9618+[2001-1458-303-a--100-1b]-9618&alias=b9p04p4648.cern.ch&noUDP&sock=slot1_25_5553_573b_84865>
...
040 (7407028.000.000) 10/24 18:50:13 Finished transferring input files
...
001 (7407028.000.000) 10/24 18:50:14 Job executing on host: <188.185.205.158:9618?addrs=188.185.205.158-9618+[2001-1458-303-a--100-1b]-9618&alias=b9p04p4648.cern.ch&noUDP&sock=startd_4656_350b>
	SlotName: slot1_25@b9p04p4648.cern.ch
	CondorScratchDir = "/pool/condor/dir_3165043"
	Cpus = 1
	Disk = 2548965
	Memory = 2000
...
006 (7407028.000.000) 10/24 18:50:23 Image size of job updated: 549460
	537  -  MemoryUsage of job (MB)
	549460  -  ResidentSetSize of job (KB)
...
006 (7407028.000.000) 10/24 18:55:25 Image size of job updated: 757808
	711  -  MemoryUsage of job (MB)
	727804  -  ResidentSetSize of job (KB)
...
006 (7407028.000.000) 10/24 19:00:25 Image size of job updated: 788820
	750  -  MemoryUsage of job (MB)
	767316  -  ResidentSetSize of job (KB)
...
040 (7407028.000.000) 10/24 19:14:55 Started transferring output files
...
040 (7407028.000.000) 10/24 19:14:55 Finished transferring output files
...
005 (7407028.000.000) 10/24 19:14:55 Job terminated.
	(1) Normal termination (return value 0)
		Usr 0 00:13:50, Sys 0 00:10:23  -  Run Remote Usage
		Usr 0 00:00:00, Sys 0 00:00:00  -  Run Local Usage
		Usr 0 00:13:50, Sys 0 00:10:23  -  Total Remote Usage
		Usr 0 00:00:00, Sys 0 00:00:00  -  Total Local Usage
	124858  -  Run Bytes Sent By Job
	10971  -  Run Bytes Received By Job
	124858  -  Total Bytes Sent By Job
	10971  -  Total Bytes Received By Job
	Partitionable Resources :    Usage  Request Allocated 
	   Cpus                 :     0.99        1         1 
	   Disk (KB)            :   157          12   2548965 
	   Memory (MB)          :   750        2000      2000 

	Job terminated of its own accord at 2024-10-24T17:14:55Z with exit-code 0.
...
000 (7709145.000.000) 11/09 21:26:51 Job submitted from host: <137.138.55.115:9618?addrs=137.138.55.115-9618+[2001-1458-d00-17--12a]-9618&alias=bigbird23.cern.ch&noUDP&sock=schedd_4975_03c1>
...
040 (7709145.000.000) 11/09 22:57:45 Started transferring input files
	Transferring to host: <188.184.185.152:9618?addrs=188.184.185.152-9618+[2001-1458-301-52--100-97]-9618&alias=b9g37p1124.cern.ch&noUDP&sock=slot1_9_4870_1aff_14691>
...
040 (7709145.000.000) 11/09 22:57:45 Finished transferring input files
...
001 (7709145.000.000) 11/09 22:57:46 Job executing on host: <188.184.185.152:9618?addrs=188.184.185.152-9618+[2001-1458-301-52--100-97]-9618&alias=b9g37p1124.cern.ch&noUDP&sock=startd_3903_b63b>
	SlotName: slot1_9@b9g37p1124.cern.ch
	CondorScratchDir = "/pool/condor/dir_1229505"
	Cpus = 1
	Disk = 2816174
	Memory = 2000
...
006 (7709145.000.000) 11/09 22:57:55 Image size of job updated: 156088
	153  -  MemoryUsage of job (MB)
	155832  -  ResidentSetSize of job (KB)
...
006 (7709145.000.000) 11/09 22:57:58 Image size of job updated: 177844
	153  -  MemoryUsage of job (MB)
	156088  -  ResidentSetSize of job (KB)
...
040 (7709145.000.000) 11/09 22:57:58 Started transferring output files
...
040 (7709145.000.000) 11/09 22:57:58 Finished transferring output files
...
005 (7709145.000.000) 11/09 22:57:58 Job terminated.
	(1) Normal termination (return value 1)
		Usr 0 00:00:06, Sys 0 00:00:01  -  Run Remote Usage
		Usr 0 00:00:00, Sys 0 00:00:00  -  Run Local Usage
		Usr 0 00:00:06, Sys 0 00:00:01  -  Total Remote Usage
		Usr 0 00:00:00, Sys 0 00:00:00  -  Total Local Usage
	5893  -  Run Bytes Sent By Job
	10875  -  Run Bytes Received By Job
	5893  -  Total Bytes Sent By Job
	10875  -  Total Bytes Received By Job
	Partitionable Resources :    Usage  Request Allocated 
	   Cpus                 :                 1         1 
	   Disk (KB)            :       32       12   2816174 
	   Memory (MB)          :      153     2000      2000 

	Job terminated of its own accord at 2024-11-09T21:57:58Z with exit-code 1.
...
000 (7709614.000.000) 11/10 01:18:08 Job submitted from host: <137.138.55.115:9618?addrs=137.138.55.115-9618+[2001-1458-d00-17--12a]-9618&alias=bigbird23.cern.ch&noUDP&sock=schedd_4975_03c1>
...
040 (7709614.000.000) 11/10 02:38:55 Started transferring input files
	Transferring to host: <188.185.195.73:9618?addrs=188.185.195.73-9618+[2001-1458-303-22--100-45]-9618&alias=b9p17p1998.cern.ch&noUDP&sock=slot1_14_900409_5860_5259>
...
040 (7709614.000.000) 11/10 02:38:55 Finished transferring input files
...
001 (7709614.000.000) 11/10 02:38:56 Job executing on host: <188.185.195.73:9618?addrs=188.185.195.73-9618+[2001-1458-303-22--100-45]-9618&alias=b9p17p1998.cern.ch&noUDP&sock=startd_7242_fcf4>
	SlotName: slot1_14@b9p17p1998.cern.ch
	CondorScratchDir = "/pool/condor/dir_1182013"
	Cpus = 1
	Disk = 3821
	GPUs = 0
	Memory = 2000
...
006 (7709614.000.000) 11/10 02:39:04 Image size of job updated: 261064
	255  -  MemoryUsage of job (MB)
	261064  -  ResidentSetSize of job (KB)
...
006 (7709614.000.000) 11/10 02:44:04 Image size of job updated: 264912
	259  -  MemoryUsage of job (MB)
	264912  -  ResidentSetSize of job (KB)
...
006 (7709614.000.000) 11/10 02:49:05 Image size of job updated: 269576
	264  -  MemoryUsage of job (MB)
	269576  -  ResidentSetSize of job (KB)
...
006 (7709614.000.000) 11/10 02:54:05 Image size of job updated: 319924
	313  -  MemoryUsage of job (MB)
	319924  -  ResidentSetSize of job (KB)
...
006 (7709614.000.000) 11/10 02:59:05 Image size of job updated: 338520
	331  -  MemoryUsage of job (MB)
	338520  -  ResidentSetSize of job (KB)
...
006 (7709614.000.000) 11/10 03:14:06 Image size of job updated: 340828
	333  -  MemoryUsage of job (MB)
	340828  -  ResidentSetSize of job (KB)
...
006 (7709614.000.000) 11/10 03:15:15 Image size of job updated: 340828
	341  -  MemoryUsage of job (MB)
	349020  -  ResidentSetSize of job (KB)
...
040 (7709614.000.000) 11/10 03:15:15 Started transferring output files
...
040 (7709614.000.000) 11/10 03:15:15 Finished transferring output files
...
005 (7709614.000.000) 11/10 03:15:15 Job terminated.
	(1) Normal termination (return value 0)
		Usr 0 00:25:47, Sys 0 00:09:31  -  Run Remote Usage
		Usr 0 00:00:00, Sys 0 00:00:00  -  Run Local Usage
		Usr 0 00:25:47, Sys 0 00:09:31  -  Total Remote Usage
		Usr 0 00:00:00, Sys 0 00:00:00  -  Total Local Usage
	124838  -  Run Bytes Sent By Job
	10961  -  Run Bytes Received By Job
	124838  -  Total Bytes Sent By Job
	10961  -  Total Bytes Received By Job
	Partitionable Resources :    Usage  Request Allocated 
	   Cpus                 :     0.98        1         1 
	   Disk (KB)            :   155          12      3821 
	   GPUs                 :                           0 
	   Memory (MB)          :   341        2000      2000 

	Job terminated of its own accord at 2024-11-10T02:15:15Z with exit-code 0.
...
000 (7712799.000.000) 11/10 21:16:47 Job submitted from host: <137.138.55.115:9618?addrs=137.138.55.115-9618+[2001-1458-d00-17--12a]-9618&alias=bigbird23.cern.ch&noUDP&sock=schedd_4975_03c1>
...
040 (7712799.000.000) 11/10 21:18:31 Started transferring input files
	Transferring to host: <188.184.185.152:9618?addrs=188.184.185.152-9618+[2001-1458-301-52--100-97]-9618&alias=b9g37p1124.cern.ch&noUDP&sock=slot1_12_4870_1aff_15603>
...
040 (7712799.000.000) 11/10 21:18:31 Finished transferring input files
...
001 (7712799.000.000) 11/10 21:18:32 Job executing on host: <188.184.185.152:9618?addrs=188.184.185.152-9618+[2001-1458-301-52--100-97]-9618&alias=b9g37p1124.cern.ch&noUDP&sock=startd_3903_b63b>
	SlotName: slot1_12@b9g37p1124.cern.ch
	CondorScratchDir = "/pool/condor/dir_1976907"
	Cpus = 1
	Disk = 2740396
	Memory = 2000
...
006 (7712799.000.000) 11/10 21:18:41 Image size of job updated: 267620
	261  -  MemoryUsage of job (MB)
	267236  -  ResidentSetSize of job (KB)
...
006 (7712799.000.000) 11/10 21:23:42 Image size of job updated: 692120
	669  -  MemoryUsage of job (MB)
	684236  -  ResidentSetSize of job (KB)
...
006 (7712799.000.000) 11/10 21:28:42 Image size of job updated: 731724
	686  -  MemoryUsage of job (MB)
	701716  -  ResidentSetSize of job (KB)
...
006 (7712799.000.000) 11/10 21:33:43 Image size of job updated: 766944
	708  -  MemoryUsage of job (MB)
	724808  -  ResidentSetSize of job (KB)
...
006 (7712799.000.000) 11/10 21:38:43 Image size of job updated: 783676
	708  -  MemoryUsage of job (MB)
	724916  -  ResidentSetSize of job (KB)
...
006 (7712799.000.000) 11/10 21:43:44 Image size of job updated: 783676
	721  -  MemoryUsage of job (MB)
	738244  -  ResidentSetSize of job (KB)
...
006 (7712799.000.000) 11/10 21:48:45 Image size of job updated: 783676
	727  -  MemoryUsage of job (MB)
	744388  -  ResidentSetSize of job (KB)
...
040 (7712799.000.000) 11/10 22:21:29 Started transferring output files
...
040 (7712799.000.000) 11/10 22:21:29 Finished transferring output files
...
005 (7712799.000.000) 11/10 22:21:29 Job terminated.
	(1) Normal termination (return value 0)
		Usr 0 00:37:03, Sys 0 00:24:02  -  Run Remote Usage
		Usr 0 00:00:00, Sys 0 00:00:00  -  Run Local Usage
		Usr 0 00:37:03, Sys 0 00:24:02  -  Total Remote Usage
		Usr 0 00:00:00, Sys 0 00:00:00  -  Total Local Usage
	124868  -  Run Bytes Sent By Job
	10965  -  Run Bytes Received By Job
	124868  -  Total Bytes Sent By Job
	10965  -  Total Bytes Received By Job
	Partitionable Resources :    Usage  Request Allocated 
	   Cpus                 :     0.98        1         1 
	   Disk (KB)            :   154          12   2740396 
	   Memory (MB)          :   727        2000      2000 

	Job terminated of its own accord at 2024-11-10T21:21:29Z with exit-code 0.
...
000 (7713870.000.000) 11/11 10:31:18 Job submitted from host: <137.138.55.115:9618?addrs=137.138.55.115-9618+[2001-1458-d00-17--12a]-9618&alias=bigbird23.cern.ch&noUDP&sock=schedd_4975_03c1>
...
040 (7713870.000.000) 11/11 10:31:50 Started transferring input files
	Transferring to host: <128.142.131.150:9618?addrs=128.142.131.150-9618+[2001-1458-301-59--100-8a]-9618&alias=b9g11p1003.cern.ch&noUDP&sock=slot1_18_3007_7413_24122>
...
040 (7713870.000.000) 11/11 10:31:50 Finished transferring input files
...
001 (7713870.000.000) 11/11 10:31:51 Job executing on host: <128.142.131.150:9618?addrs=128.142.131.150-9618+[2001-1458-301-59--100-8a]-9618&alias=b9g11p1003.cern.ch&noUDP&sock=startd_2641_15b5>
	SlotName: slot1_18@b9g11p1003.cern.ch
	CondorScratchDir = "/pool/condor/dir_2697230"
	Cpus = 1
	Disk = 2592
	GPUs = 0
	Memory = 2000
...
006 (7713870.000.000) 11/11 10:32:00 Image size of job updated: 163292
	160  -  MemoryUsage of job (MB)
	163292  -  ResidentSetSize of job (KB)
...
040 (7713870.000.000) 11/11 10:32:02 Started transferring output files
...
040 (7713870.000.000) 11/11 10:32:02 Finished transferring output files
...
005 (7713870.000.000) 11/11 10:32:02 Job terminated.
	(1) Normal termination (return value 1)
		Usr 0 00:00:06, Sys 0 00:00:01  -  Run Remote Usage
		Usr 0 00:00:00, Sys 0 00:00:00  -  Run Local Usage
		Usr 0 00:00:06, Sys 0 00:00:01  -  Total Remote Usage
		Usr 0 00:00:00, Sys 0 00:00:00  -  Total Local Usage
	5028  -  Run Bytes Sent By Job
	10965  -  Run Bytes Received By Job
	5028  -  Total Bytes Sent By Job
	10965  -  Total Bytes Received By Job
	Partitionable Resources :    Usage  Request Allocated 
	   Cpus                 :        0        1         1 
	   Disk (KB)            :       39       12      2592 
	   GPUs                 :                           0 
	   Memory (MB)          :      160     2000      2000 

	Job terminated of its own accord at 2024-11-11T09:32:02Z with exit-code 1.
...
000 (7727952.000.000) 11/13 16:58:16 Job submitted from host: <137.138.55.115:9618?addrs=137.138.55.115-9618+[2001-1458-d00-17--12a]-9618&alias=bigbird23.cern.ch&noUDP&sock=schedd_4975_03c1>
...
040 (7727952.000.000) 11/13 17:05:35 Started transferring input files
	Transferring to host: <188.185.193.54:9618?addrs=188.185.193.54-9618+[2001-1458-303-20--100-32]-9618&alias=b9p19p5625.cern.ch&noUDP&sock=slot1_15_2607394_b2e6_8250>
...
040 (7727952.000.000) 11/13 17:05:35 Finished transferring input files
...
001 (7727952.000.000) 11/13 17:05:36 Job executing on host: <188.185.193.54:9618?addrs=188.185.193.54-9618+[2001-1458-303-20--100-32]-9618&alias=b9p19p5625.cern.ch&noUDP&sock=startd_4403_ab95>
	SlotName: slot1_15@b9p19p5625.cern.ch
	CondorScratchDir = "/pool/condor/dir_2465420"
	Cpus = 1
	Disk = 3910
	GPUs = 0
	Memory = 2000
...
006 (7727952.000.000) 11/13 17:05:44 Image size of job updated: 473548
	463  -  MemoryUsage of job (MB)
	473548  -  ResidentSetSize of job (KB)
...
040 (7727952.000.000) 11/13 17:05:49 Started transferring output files
...
040 (7727952.000.000) 11/13 17:05:49 Finished transferring output files
...
005 (7727952.000.000) 11/13 17:05:49 Job terminated.
	(1) Normal termination (return value 1)
		Usr 0 00:00:05, Sys 0 00:00:01  -  Run Remote Usage
		Usr 0 00:00:00, Sys 0 00:00:00  -  Run Local Usage
		Usr 0 00:00:05, Sys 0 00:00:01  -  Total Remote Usage
		Usr 0 00:00:00, Sys 0 00:00:00  -  Total Local Usage
	5342  -  Run Bytes Sent By Job
	10965  -  Run Bytes Received By Job
	5342  -  Total Bytes Sent By Job
	10965  -  Total Bytes Received By Job
	Partitionable Resources :    Usage  Request Allocated 
	   Cpus                 :        0        1         1 
	   Disk (KB)            :       38       12      3910 
	   GPUs                 :                           0 
	   Memory (MB)          :      463     2000      2000 

	Job terminated of its own accord at 2024-11-13T16:05:49Z with exit-code 1.
...
000 (7728032.000.000) 11/13 18:07:24 Job submitted from host: <137.138.55.115:9618?addrs=137.138.55.115-9618+[2001-1458-d00-17--12a]-9618&alias=bigbird23.cern.ch&noUDP&sock=schedd_4975_03c1>
...
040 (7728032.000.000) 11/13 18:29:01 Started transferring input files
	Transferring to host: <188.185.195.120:9618?addrs=188.185.195.120-9618+[2001-1458-303-22--100-74]-9618&alias=b9p17p7877.cern.ch&noUDP&sock=slot1_20_1163202_c97e_28950>
...
040 (7728032.000.000) 11/13 18:29:01 Finished transferring input files
...
001 (7728032.000.000) 11/13 18:29:02 Job executing on host: <188.185.195.120:9618?addrs=188.185.195.120-9618+[2001-1458-303-22--100-74]-9618&alias=b9p17p7877.cern.ch&noUDP&sock=startd_7907_1f6f>
	SlotName: slot1_20@b9p17p7877.cern.ch
	CondorScratchDir = "/pool/condor/dir_3511670"
	Cpus = 1
	Disk = 2929634
	Memory = 2000
...
006 (7728032.000.000) 11/13 18:29:10 Image size of job updated: 27832
	22  -  MemoryUsage of job (MB)
	21640  -  ResidentSetSize of job (KB)
...
006 (7728032.000.000) 11/13 18:34:10 Image size of job updated: 670544
	650  -  MemoryUsage of job (MB)
	665236  -  ResidentSetSize of job (KB)
...
006 (7728032.000.000) 11/13 18:39:11 Image size of job updated: 709144
	650  -  MemoryUsage of job (MB)
	665236  -  ResidentSetSize of job (KB)
...
006 (7728032.000.000) 11/13 18:44:11 Image size of job updated: 730972
	653  -  MemoryUsage of job (MB)
	668084  -  ResidentSetSize of job (KB)
...
040 (7728032.000.000) 11/13 19:00:15 Started transferring output files
...
040 (7728032.000.000) 11/13 19:00:16 Finished transferring output files
...
005 (7728032.000.000) 11/13 19:00:16 Job terminated.
	(1) Normal termination (return value 0)
		Usr 0 00:22:53, Sys 0 00:07:24  -  Run Remote Usage
		Usr 0 00:00:00, Sys 0 00:00:00  -  Run Local Usage
		Usr 0 00:22:53, Sys 0 00:07:24  -  Total Remote Usage
		Usr 0 00:00:00, Sys 0 00:00:00  -  Total Local Usage
	2282387  -  Run Bytes Sent By Job
	10965  -  Run Bytes Received By Job
	2282387  -  Total Bytes Sent By Job
	10965  -  Total Bytes Received By Job
	Partitionable Resources :    Usage  Request Allocated 
	   Cpus                 :     0.98        1         1 
	   Disk (KB)            :  2262          12   2929634 
	   Memory (MB)          :   653        2000      2000 

	Job terminated of its own accord at 2024-11-13T18:00:15Z with exit-code 0.
...
