000 (6380384.000.000) 04/30 11:03:56 Job submitted from host: <137.138.55.115:9618?addrs=137.138.55.115-9618+[2001-1458-d00-17--12a]-9618&alias=bigbird23.cern.ch&noUDP&sock=schedd_4259_e5f2>
...
040 (6380384.000.000) 04/30 11:07:29 Started transferring input files
	Transferring to host: <128.142.58.174:9618?addrs=128.142.58.174-9618&alias=b7s03p4524.cern.ch&noUDP&sock=slot1_13_6910_7852_117415>
...
040 (6380384.000.000) 04/30 11:07:29 Finished transferring input files
...
001 (6380384.000.000) 04/30 11:07:30 Job executing on host: <128.142.58.174:9618?addrs=128.142.58.174-9618&alias=b7s03p4524.cern.ch&noUDP&sock=startd_6845_addb>
...
006 (6380384.000.000) 04/30 11:07:38 Image size of job updated: 294136
	143  -  MemoryUsage of job (MB)
	145564  -  ResidentSetSize of job (KB)
...
006 (6380384.000.000) 04/30 11:12:38 Image size of job updated: 984096
	271  -  MemoryUsage of job (MB)
	276688  -  ResidentSetSize of job (KB)
...
006 (6380384.000.000) 04/30 11:17:39 Image size of job updated: 1023828
	285  -  MemoryUsage of job (MB)
	291816  -  ResidentSetSize of job (KB)
...
006 (6380384.000.000) 04/30 11:22:40 Image size of job updated: 1023828
	296  -  MemoryUsage of job (MB)
	302740  -  ResidentSetSize of job (KB)
...
006 (6380384.000.000) 04/30 11:27:40 Image size of job updated: 1030764
	314  -  MemoryUsage of job (MB)
	320936  -  ResidentSetSize of job (KB)
...
006 (6380384.000.000) 04/30 11:32:41 Image size of job updated: 1038092
	314  -  MemoryUsage of job (MB)
	320936  -  ResidentSetSize of job (KB)
...
006 (6380384.000.000) 04/30 11:37:41 Image size of job updated: 1046476
	314  -  MemoryUsage of job (MB)
	320936  -  ResidentSetSize of job (KB)
...
006 (6380384.000.000) 04/30 11:42:41 Image size of job updated: 1053736
	329  -  MemoryUsage of job (MB)
	336248  -  ResidentSetSize of job (KB)
...
006 (6380384.000.000) 04/30 11:47:42 Image size of job updated: 1060484
	335  -  MemoryUsage of job (MB)
	342868  -  ResidentSetSize of job (KB)
...
006 (6380384.000.000) 04/30 11:52:42 Image size of job updated: 1067152
	336  -  MemoryUsage of job (MB)
	343712  -  ResidentSetSize of job (KB)
...
006 (6380384.000.000) 04/30 11:57:42 Image size of job updated: 1073796
	336  -  MemoryUsage of job (MB)
	343960  -  ResidentSetSize of job (KB)
...
006 (6380384.000.000) 04/30 12:02:43 Image size of job updated: 1080392
	336  -  MemoryUsage of job (MB)
	343960  -  ResidentSetSize of job (KB)
...
006 (6380384.000.000) 04/30 12:07:44 Image size of job updated: 1086548
	348  -  MemoryUsage of job (MB)
	355700  -  ResidentSetSize of job (KB)
...
006 (6380384.000.000) 04/30 12:12:44 Image size of job updated: 1092616
	360  -  MemoryUsage of job (MB)
	368540  -  ResidentSetSize of job (KB)
...
006 (6380384.000.000) 04/30 12:17:45 Image size of job updated: 1098612
	370  -  MemoryUsage of job (MB)
	378180  -  ResidentSetSize of job (KB)
...
006 (6380384.000.000) 04/30 12:22:46 Image size of job updated: 1104388
	376  -  MemoryUsage of job (MB)
	384348  -  ResidentSetSize of job (KB)
...
006 (6380384.000.000) 04/30 12:27:46 Image size of job updated: 1110044
	376  -  MemoryUsage of job (MB)
	384348  -  ResidentSetSize of job (KB)
...
006 (6380384.000.000) 04/30 12:32:46 Image size of job updated: 1115744
	396  -  MemoryUsage of job (MB)
	405396  -  ResidentSetSize of job (KB)
...
006 (6380384.000.000) 04/30 12:37:47 Image size of job updated: 1120840
	396  -  MemoryUsage of job (MB)
	405396  -  ResidentSetSize of job (KB)
...
006 (6380384.000.000) 04/30 13:22:52 Image size of job updated: 1123144
	396  -  MemoryUsage of job (MB)
	405396  -  ResidentSetSize of job (KB)
...
006 (6380384.000.000) 04/30 13:27:53 Image size of job updated: 1125716
	396  -  MemoryUsage of job (MB)
	405396  -  ResidentSetSize of job (KB)
...
006 (6380384.000.000) 04/30 13:32:54 Image size of job updated: 1128156
	396  -  MemoryUsage of job (MB)
	405396  -  ResidentSetSize of job (KB)
...
006 (6380384.000.000) 04/30 13:37:54 Image size of job updated: 1130304
	396  -  MemoryUsage of job (MB)
	405396  -  ResidentSetSize of job (KB)
...
006 (6380384.000.000) 04/30 13:42:54 Image size of job updated: 1132916
	396  -  MemoryUsage of job (MB)
	405396  -  ResidentSetSize of job (KB)
...
006 (6380384.000.000) 04/30 13:47:55 Image size of job updated: 1135224
	396  -  MemoryUsage of job (MB)
	405396  -  ResidentSetSize of job (KB)
...
006 (6380384.000.000) 04/30 13:52:56 Image size of job updated: 1137484
	411  -  MemoryUsage of job (MB)
	420420  -  ResidentSetSize of job (KB)
...
006 (6380384.000.000) 04/30 13:57:56 Image size of job updated: 1139544
	415  -  MemoryUsage of job (MB)
	424732  -  ResidentSetSize of job (KB)
...
006 (6380384.000.000) 04/30 14:02:56 Image size of job updated: 1150472
	415  -  MemoryUsage of job (MB)
	424732  -  ResidentSetSize of job (KB)
...
006 (6380384.000.000) 04/30 14:07:57 Image size of job updated: 1152544
	416  -  MemoryUsage of job (MB)
	425740  -  ResidentSetSize of job (KB)
...
006 (6380384.000.000) 04/30 14:12:57 Image size of job updated: 1154684
	418  -  MemoryUsage of job (MB)
	427784  -  ResidentSetSize of job (KB)
...
006 (6380384.000.000) 04/30 14:17:57 Image size of job updated: 1156964
	425  -  MemoryUsage of job (MB)
	434448  -  ResidentSetSize of job (KB)
...
006 (6380384.000.000) 04/30 14:22:58 Image size of job updated: 1159004
	425  -  MemoryUsage of job (MB)
	434448  -  ResidentSetSize of job (KB)
...
006 (6380384.000.000) 04/30 14:27:59 Image size of job updated: 1161204
	425  -  MemoryUsage of job (MB)
	434448  -  ResidentSetSize of job (KB)
...
006 (6380384.000.000) 04/30 14:32:59 Image size of job updated: 1163284
	425  -  MemoryUsage of job (MB)
	434448  -  ResidentSetSize of job (KB)
...
006 (6380384.000.000) 04/30 14:37:59 Image size of job updated: 1165344
	425  -  MemoryUsage of job (MB)
	434448  -  ResidentSetSize of job (KB)
...
006 (6380384.000.000) 04/30 14:43:00 Image size of job updated: 1167292
	425  -  MemoryUsage of job (MB)
	434448  -  ResidentSetSize of job (KB)
...
006 (6380384.000.000) 04/30 14:48:00 Image size of job updated: 1169444
	425  -  MemoryUsage of job (MB)
	434448  -  ResidentSetSize of job (KB)
...
006 (6380384.000.000) 04/30 14:53:00 Image size of job updated: 1171292
	425  -  MemoryUsage of job (MB)
	434448  -  ResidentSetSize of job (KB)
...
006 (6380384.000.000) 04/30 14:58:01 Image size of job updated: 1173304
	425  -  MemoryUsage of job (MB)
	434448  -  ResidentSetSize of job (KB)
...
006 (6380384.000.000) 04/30 15:03:02 Image size of job updated: 1175124
	425  -  MemoryUsage of job (MB)
	434448  -  ResidentSetSize of job (KB)
...
006 (6380384.000.000) 04/30 15:08:02 Image size of job updated: 1176804
	425  -  MemoryUsage of job (MB)
	434448  -  ResidentSetSize of job (KB)
...
006 (6380384.000.000) 04/30 15:13:03 Image size of job updated: 1178472
	425  -  MemoryUsage of job (MB)
	434448  -  ResidentSetSize of job (KB)
...
006 (6380384.000.000) 04/30 15:18:04 Image size of job updated: 1180164
	425  -  MemoryUsage of job (MB)
	434448  -  ResidentSetSize of job (KB)
...
006 (6380384.000.000) 04/30 15:23:04 Image size of job updated: 1181824
	429  -  MemoryUsage of job (MB)
	439176  -  ResidentSetSize of job (KB)
...
006 (6380384.000.000) 04/30 15:28:05 Image size of job updated: 1183484
	436  -  MemoryUsage of job (MB)
	445496  -  ResidentSetSize of job (KB)
...
006 (6380384.000.000) 04/30 15:33:06 Image size of job updated: 1185144
	436  -  MemoryUsage of job (MB)
	445496  -  ResidentSetSize of job (KB)
...
006 (6380384.000.000) 04/30 15:38:06 Image size of job updated: 1186792
	436  -  MemoryUsage of job (MB)
	445496  -  ResidentSetSize of job (KB)
...
006 (6380384.000.000) 04/30 15:43:06 Image size of job updated: 1188432
	436  -  MemoryUsage of job (MB)
	445496  -  ResidentSetSize of job (KB)
...
006 (6380384.000.000) 04/30 15:48:07 Image size of job updated: 1189724
	439  -  MemoryUsage of job (MB)
	449488  -  ResidentSetSize of job (KB)
...
006 (6380384.000.000) 04/30 15:53:08 Image size of job updated: 1191388
	442  -  MemoryUsage of job (MB)
	451656  -  ResidentSetSize of job (KB)
...
006 (6380384.000.000) 04/30 15:58:08 Image size of job updated: 1192916
	455  -  MemoryUsage of job (MB)
	464904  -  ResidentSetSize of job (KB)
...
006 (6380384.000.000) 04/30 16:03:09 Image size of job updated: 1194596
	455  -  MemoryUsage of job (MB)
	464904  -  ResidentSetSize of job (KB)
...
006 (6380384.000.000) 04/30 16:08:10 Image size of job updated: 1196148
	455  -  MemoryUsage of job (MB)
	464904  -  ResidentSetSize of job (KB)
...
006 (6380384.000.000) 04/30 16:13:10 Image size of job updated: 1197628
	455  -  MemoryUsage of job (MB)
	464904  -  ResidentSetSize of job (KB)
...
006 (6380384.000.000) 04/30 16:18:10 Image size of job updated: 1210924
	457  -  MemoryUsage of job (MB)
	467488  -  ResidentSetSize of job (KB)
...
006 (6380384.000.000) 04/30 16:23:11 Image size of job updated: 1212424
	464  -  MemoryUsage of job (MB)
	474604  -  ResidentSetSize of job (KB)
...
006 (6380384.000.000) 04/30 16:28:11 Image size of job updated: 1213952
	464  -  MemoryUsage of job (MB)
	474604  -  ResidentSetSize of job (KB)
...
006 (6380384.000.000) 04/30 16:33:11 Image size of job updated: 1215532
	464  -  MemoryUsage of job (MB)
	474604  -  ResidentSetSize of job (KB)
...
006 (6380384.000.000) 04/30 16:38:12 Image size of job updated: 1217076
	469  -  MemoryUsage of job (MB)
	480012  -  ResidentSetSize of job (KB)
...
006 (6380384.000.000) 04/30 16:43:13 Image size of job updated: 1218392
	469  -  MemoryUsage of job (MB)
	480012  -  ResidentSetSize of job (KB)
...
006 (6380384.000.000) 04/30 16:48:13 Image size of job updated: 1219632
	469  -  MemoryUsage of job (MB)
	480012  -  ResidentSetSize of job (KB)
...
006 (6380384.000.000) 04/30 16:53:13 Image size of job updated: 1221652
	469  -  MemoryUsage of job (MB)
	480012  -  ResidentSetSize of job (KB)
...
006 (6380384.000.000) 04/30 16:58:14 Image size of job updated: 1223164
	483  -  MemoryUsage of job (MB)
	493632  -  ResidentSetSize of job (KB)
...
006 (6380384.000.000) 04/30 17:03:14 Image size of job updated: 1224652
	487  -  MemoryUsage of job (MB)
	498316  -  ResidentSetSize of job (KB)
...
006 (6380384.000.000) 04/30 17:08:14 Image size of job updated: 1226084
	487  -  MemoryUsage of job (MB)
	498316  -  ResidentSetSize of job (KB)
...
006 (6380384.000.000) 04/30 17:13:15 Image size of job updated: 1227552
	487  -  MemoryUsage of job (MB)
	498316  -  ResidentSetSize of job (KB)
...
006 (6380384.000.000) 04/30 17:18:16 Image size of job updated: 1229044
	488  -  MemoryUsage of job (MB)
	498964  -  ResidentSetSize of job (KB)
...
006 (6380384.000.000) 04/30 17:23:16 Image size of job updated: 1230412
	491  -  MemoryUsage of job (MB)
	502364  -  ResidentSetSize of job (KB)
...
006 (6380384.000.000) 04/30 17:28:17 Image size of job updated: 1231872
	491  -  MemoryUsage of job (MB)
	502364  -  ResidentSetSize of job (KB)
...
006 (6380384.000.000) 04/30 17:33:18 Image size of job updated: 1233364
	491  -  MemoryUsage of job (MB)
	502364  -  ResidentSetSize of job (KB)
...
006 (6380384.000.000) 04/30 17:38:18 Image size of job updated: 1240260
	493  -  MemoryUsage of job (MB)
	504792  -  ResidentSetSize of job (KB)
...
006 (6380384.000.000) 04/30 17:43:18 Image size of job updated: 1241672
	493  -  MemoryUsage of job (MB)
	504792  -  ResidentSetSize of job (KB)
...
006 (6380384.000.000) 04/30 17:48:20 Image size of job updated: 1242920
	512  -  MemoryUsage of job (MB)
	523752  -  ResidentSetSize of job (KB)
...
006 (6380384.000.000) 04/30 17:53:20 Image size of job updated: 1244460
	520  -  MemoryUsage of job (MB)
	532316  -  ResidentSetSize of job (KB)
...
006 (6380384.000.000) 04/30 17:58:20 Image size of job updated: 1245832
	520  -  MemoryUsage of job (MB)
	532316  -  ResidentSetSize of job (KB)
...
006 (6380384.000.000) 04/30 18:03:21 Image size of job updated: 1247152
	520  -  MemoryUsage of job (MB)
	532316  -  ResidentSetSize of job (KB)
...
006 (6380384.000.000) 04/30 18:08:22 Image size of job updated: 1248620
	520  -  MemoryUsage of job (MB)
	532316  -  ResidentSetSize of job (KB)
...
006 (6380384.000.000) 04/30 18:13:22 Image size of job updated: 1249992
	520  -  MemoryUsage of job (MB)
	532316  -  ResidentSetSize of job (KB)
...
006 (6380384.000.000) 04/30 18:18:23 Image size of job updated: 1251360
	520  -  MemoryUsage of job (MB)
	532316  -  ResidentSetSize of job (KB)
...
006 (6380384.000.000) 04/30 18:23:24 Image size of job updated: 1252852
	520  -  MemoryUsage of job (MB)
	532316  -  ResidentSetSize of job (KB)
...
000 (6382521.000.000) 04/30 18:27:47 Job submitted from host: <137.138.55.115:9618?addrs=137.138.55.115-9618+[2001-1458-d00-17--12a]-9618&alias=bigbird23.cern.ch&noUDP&sock=schedd_4259_e5f2>
...
006 (6380384.000.000) 04/30 18:28:24 Image size of job updated: 1254192
	520  -  MemoryUsage of job (MB)
	532316  -  ResidentSetSize of job (KB)
...
006 (6380384.000.000) 04/30 18:33:24 Image size of job updated: 1255700
	520  -  MemoryUsage of job (MB)
	532316  -  ResidentSetSize of job (KB)
...
006 (6380384.000.000) 04/30 18:38:25 Image size of job updated: 1257080
	520  -  MemoryUsage of job (MB)
	532316  -  ResidentSetSize of job (KB)
...
006 (6380384.000.000) 04/30 18:43:25 Image size of job updated: 1258512
	520  -  MemoryUsage of job (MB)
	532316  -  ResidentSetSize of job (KB)
...
006 (6380384.000.000) 04/30 18:48:25 Image size of job updated: 1259920
	520  -  MemoryUsage of job (MB)
	532316  -  ResidentSetSize of job (KB)
...
006 (6380384.000.000) 04/30 18:53:27 Image size of job updated: 1261320
	520  -  MemoryUsage of job (MB)
	532316  -  ResidentSetSize of job (KB)
...
006 (6380384.000.000) 04/30 18:54:09 Image size of job updated: 1415236
	520  -  MemoryUsage of job (MB)
	532316  -  ResidentSetSize of job (KB)
...
040 (6380384.000.000) 04/30 18:54:09 Started transferring output files
...
040 (6380384.000.000) 04/30 18:54:09 Finished transferring output files
...
005 (6380384.000.000) 04/30 18:54:09 Job terminated.
	(1) Normal termination (return value 0)
		Usr 0 01:47:47, Sys 0 05:58:17  -  Run Remote Usage
		Usr 0 00:00:00, Sys 0 00:00:00  -  Run Local Usage
		Usr 0 01:47:47, Sys 0 05:58:17  -  Total Remote Usage
		Usr 0 00:00:00, Sys 0 00:00:00  -  Total Local Usage
	115735  -  Run Bytes Sent By Job
	10879  -  Run Bytes Received By Job
	115735  -  Total Bytes Sent By Job
	10879  -  Total Bytes Received By Job
	Partitionable Resources :    Usage  Request Allocated 
	   Cpus                 :     1.00        1         1 
	   Disk (KB)            :   145          12   1304746 
	   Memory (MB)          :   520        2000      2000 

	Job terminated of its own accord at 2024-04-30T16:54:09Z.
...
040 (6382521.000.000) 04/30 19:20:14 Started transferring input files
	Transferring to host: <128.142.56.117:9618?addrs=128.142.56.117-9618&alias=b7s01p0295.cern.ch&noUDP&sock=slot1_12_7102_c05a_124556>
...
040 (6382521.000.000) 04/30 19:20:14 Finished transferring input files
...
001 (6382521.000.000) 04/30 19:20:15 Job executing on host: <128.142.56.117:9618?addrs=128.142.56.117-9618&alias=b7s01p0295.cern.ch&noUDP&sock=startd_7039_bf3b>
...
006 (6382521.000.000) 04/30 19:20:24 Image size of job updated: 309640
	156  -  MemoryUsage of job (MB)
	159644  -  ResidentSetSize of job (KB)
...
006 (6382521.000.000) 04/30 19:21:25 Image size of job updated: 932436
	156  -  MemoryUsage of job (MB)
	159644  -  ResidentSetSize of job (KB)
...
040 (6382521.000.000) 04/30 19:21:25 Started transferring output files
...
040 (6382521.000.000) 04/30 19:21:25 Finished transferring output files
...
005 (6382521.000.000) 04/30 19:21:25 Job terminated.
	(1) Normal termination (return value 0)
		Usr 0 00:00:59, Sys 0 00:00:04  -  Run Remote Usage
		Usr 0 00:00:00, Sys 0 00:00:00  -  Run Local Usage
		Usr 0 00:00:59, Sys 0 00:00:04  -  Total Remote Usage
		Usr 0 00:00:00, Sys 0 00:00:00  -  Total Local Usage
	14770  -  Run Bytes Sent By Job
	11474  -  Run Bytes Received By Job
	14770  -  Total Bytes Sent By Job
	11474  -  Total Bytes Received By Job
	Partitionable Resources :    Usage  Request Allocated 
	   Cpus                 :                 1         1 
	   Disk (KB)            :       39       12   1331374 
	   Memory (MB)          :      156     2000      2000 

	Job terminated of its own accord at 2024-04-30T17:21:25Z.
...
000 (6386490.000.000) 05/01 12:56:40 Job submitted from host: <137.138.55.115:9618?addrs=137.138.55.115-9618+[2001-1458-d00-17--12a]-9618&alias=bigbird23.cern.ch&noUDP&sock=schedd_4259_e5f2>
...
000 (6386492.000.000) 05/01 12:57:50 Job submitted from host: <137.138.55.115:9618?addrs=137.138.55.115-9618+[2001-1458-d00-17--12a]-9618&alias=bigbird23.cern.ch&noUDP&sock=schedd_4259_e5f2>
...
009 (6386492.000.000) 05/01 12:58:29 Job was aborted.
	via condor_rm (by user fsalerno)
...
000 (6386493.000.000) 05/01 12:58:42 Job submitted from host: <137.138.55.115:9618?addrs=137.138.55.115-9618+[2001-1458-d00-17--12a]-9618&alias=bigbird23.cern.ch&noUDP&sock=schedd_4259_e5f2>
...
000 (6386494.000.000) 05/01 12:59:04 Job submitted from host: <137.138.55.115:9618?addrs=137.138.55.115-9618+[2001-1458-d00-17--12a]-9618&alias=bigbird23.cern.ch&noUDP&sock=schedd_4259_e5f2>
...
040 (6386493.000.000) 05/01 13:01:38 Started transferring input files
	Transferring to host: <128.142.57.105:9618?addrs=128.142.57.105-9618+[2001-1458-301-7--100-68]-9618&alias=b7s02p1805.cern.ch&noUDP&sock=slot1_4_2935_b910_123587>
...
040 (6386493.000.000) 05/01 13:01:38 Finished transferring input files
...
040 (6386494.000.000) 05/01 13:01:38 Started transferring input files
	Transferring to host: <128.142.57.87:9618?addrs=128.142.57.87-9618+[2001-1458-301-7--100-56]-9618&alias=b7s02p0956.cern.ch&noUDP&sock=slot1_6_27227_a26c_123361>
...
040 (6386490.000.000) 05/01 13:01:38 Started transferring input files
	Transferring to host: <128.142.58.23:9618?addrs=128.142.58.23-9618&alias=b7s03p3050.cern.ch&noUDP&sock=slot1_9_7516_73ab_121859>
...
040 (6386494.000.000) 05/01 13:01:38 Finished transferring input files
...
040 (6386490.000.000) 05/01 13:01:38 Finished transferring input files
...
001 (6386493.000.000) 05/01 13:01:39 Job executing on host: <128.142.57.105:9618?addrs=128.142.57.105-9618+[2001-1458-301-7--100-68]-9618&alias=b7s02p1805.cern.ch&noUDP&sock=startd_2896_fe5c>
...
001 (6386494.000.000) 05/01 13:01:39 Job executing on host: <128.142.57.87:9618?addrs=128.142.57.87-9618+[2001-1458-301-7--100-56]-9618&alias=b7s02p0956.cern.ch&noUDP&sock=startd_27189_f892>
...
001 (6386490.000.000) 05/01 13:01:39 Job executing on host: <128.142.58.23:9618?addrs=128.142.58.23-9618&alias=b7s03p3050.cern.ch&noUDP&sock=startd_7453_b770>
...
006 (6386493.000.000) 05/01 13:01:47 Image size of job updated: 797216
	129  -  MemoryUsage of job (MB)
	131912  -  ResidentSetSize of job (KB)
...
006 (6386494.000.000) 05/01 13:01:47 Image size of job updated: 143512
	9  -  MemoryUsage of job (MB)
	9016  -  ResidentSetSize of job (KB)
...
006 (6386490.000.000) 05/01 13:01:47 Image size of job updated: 970720
	60  -  MemoryUsage of job (MB)
	60632  -  ResidentSetSize of job (KB)
...
006 (6386493.000.000) 05/01 13:06:47 Image size of job updated: 976532
	263  -  MemoryUsage of job (MB)
	269296  -  ResidentSetSize of job (KB)
...
006 (6386494.000.000) 05/01 13:06:47 Image size of job updated: 999240
	262  -  MemoryUsage of job (MB)
	267496  -  ResidentSetSize of job (KB)
...
006 (6386490.000.000) 05/01 13:06:47 Image size of job updated: 975956
	262  -  MemoryUsage of job (MB)
	268036  -  ResidentSetSize of job (KB)
...
006 (6386493.000.000) 05/01 13:11:48 Image size of job updated: 1033912
	271  -  MemoryUsage of job (MB)
	276724  -  ResidentSetSize of job (KB)
...
006 (6386494.000.000) 05/01 13:11:48 Image size of job updated: 1038828
	262  -  MemoryUsage of job (MB)
	267736  -  ResidentSetSize of job (KB)
...
006 (6386490.000.000) 05/01 13:11:48 Image size of job updated: 1029260
	262  -  MemoryUsage of job (MB)
	268072  -  ResidentSetSize of job (KB)
...
006 (6386493.000.000) 05/01 13:16:49 Image size of job updated: 1033912
	303  -  MemoryUsage of job (MB)
	309832  -  ResidentSetSize of job (KB)
...
006 (6386494.000.000) 05/01 13:16:49 Image size of job updated: 1038828
	271  -  MemoryUsage of job (MB)
	276992  -  ResidentSetSize of job (KB)
...
006 (6386490.000.000) 05/01 13:16:49 Image size of job updated: 1029260
	269  -  MemoryUsage of job (MB)
	274876  -  ResidentSetSize of job (KB)
...
006 (6386490.000.000) 05/01 13:21:49 Image size of job updated: 1029260
	277  -  MemoryUsage of job (MB)
	282888  -  ResidentSetSize of job (KB)
...
006 (6386494.000.000) 05/01 13:21:49 Image size of job updated: 1038828
	281  -  MemoryUsage of job (MB)
	287704  -  ResidentSetSize of job (KB)
...
006 (6386490.000.000) 05/01 13:26:50 Image size of job updated: 1032948
	284  -  MemoryUsage of job (MB)
	290280  -  ResidentSetSize of job (KB)
...
006 (6386494.000.000) 05/01 13:26:50 Image size of job updated: 1038828
	314  -  MemoryUsage of job (MB)
	321072  -  ResidentSetSize of job (KB)
...
006 (6386493.000.000) 05/01 13:31:50 Image size of job updated: 1040260
	303  -  MemoryUsage of job (MB)
	310168  -  ResidentSetSize of job (KB)
...
006 (6386494.000.000) 05/01 13:31:51 Image size of job updated: 1039664
	322  -  MemoryUsage of job (MB)
	329008  -  ResidentSetSize of job (KB)
...
006 (6386490.000.000) 05/01 13:31:51 Image size of job updated: 1040044
	320  -  MemoryUsage of job (MB)
	326840  -  ResidentSetSize of job (KB)
...
006 (6386493.000.000) 05/01 13:36:51 Image size of job updated: 1046176
	309  -  MemoryUsage of job (MB)
	315792  -  ResidentSetSize of job (KB)
...
006 (6386494.000.000) 05/01 13:36:51 Image size of job updated: 1046396
	322  -  MemoryUsage of job (MB)
	329008  -  ResidentSetSize of job (KB)
...
006 (6386490.000.000) 05/01 13:36:51 Image size of job updated: 1046932
	320  -  MemoryUsage of job (MB)
	326840  -  ResidentSetSize of job (KB)
...
006 (6386493.000.000) 05/01 13:41:51 Image size of job updated: 1052608
	309  -  MemoryUsage of job (MB)
	315792  -  ResidentSetSize of job (KB)
...
006 (6386494.000.000) 05/01 13:41:51 Image size of job updated: 1052812
	330  -  MemoryUsage of job (MB)
	337504  -  ResidentSetSize of job (KB)
...
006 (6386490.000.000) 05/01 13:41:51 Image size of job updated: 1053120
	330  -  MemoryUsage of job (MB)
	336984  -  ResidentSetSize of job (KB)
...
006 (6386494.000.000) 05/01 13:46:52 Image size of job updated: 1059172
	330  -  MemoryUsage of job (MB)
	337504  -  ResidentSetSize of job (KB)
...
006 (6386490.000.000) 05/01 13:46:52 Image size of job updated: 1059172
	334  -  MemoryUsage of job (MB)
	342012  -  ResidentSetSize of job (KB)
...
006 (6386493.000.000) 05/01 13:46:52 Image size of job updated: 1058328
	341  -  MemoryUsage of job (MB)
	348888  -  ResidentSetSize of job (KB)
...
006 (6386494.000.000) 05/01 13:51:52 Image size of job updated: 1065136
	341  -  MemoryUsage of job (MB)
	349040  -  ResidentSetSize of job (KB)
...
006 (6386490.000.000) 05/01 13:51:52 Image size of job updated: 1064592
	334  -  MemoryUsage of job (MB)
	342012  -  ResidentSetSize of job (KB)
...
006 (6386493.000.000) 05/01 13:51:53 Image size of job updated: 1064704
	341  -  MemoryUsage of job (MB)
	348888  -  ResidentSetSize of job (KB)
...
006 (6386494.000.000) 05/01 13:56:52 Image size of job updated: 1070912
	341  -  MemoryUsage of job (MB)
	349040  -  ResidentSetSize of job (KB)
...
006 (6386490.000.000) 05/01 13:56:52 Image size of job updated: 1070612
	334  -  MemoryUsage of job (MB)
	342012  -  ResidentSetSize of job (KB)
...
006 (6386493.000.000) 05/01 13:56:53 Image size of job updated: 1070756
	347  -  MemoryUsage of job (MB)
	354884  -  ResidentSetSize of job (KB)
...
006 (6386490.000.000) 05/01 14:01:53 Image size of job updated: 1076356
	334  -  MemoryUsage of job (MB)
	342012  -  ResidentSetSize of job (KB)
...
006 (6386493.000.000) 05/01 14:01:53 Image size of job updated: 1076704
	353  -  MemoryUsage of job (MB)
	361240  -  ResidentSetSize of job (KB)
...
006 (6386494.000.000) 05/01 14:01:53 Image size of job updated: 1076340
	347  -  MemoryUsage of job (MB)
	355088  -  ResidentSetSize of job (KB)
...
006 (6386490.000.000) 05/01 14:06:53 Image size of job updated: 1081948
	334  -  MemoryUsage of job (MB)
	342012  -  ResidentSetSize of job (KB)
...
006 (6386494.000.000) 05/01 14:06:54 Image size of job updated: 1081752
	355  -  MemoryUsage of job (MB)
	362652  -  ResidentSetSize of job (KB)
...
006 (6386493.000.000) 05/01 14:06:55 Image size of job updated: 1082140
	353  -  MemoryUsage of job (MB)
	361240  -  ResidentSetSize of job (KB)
...
006 (6386490.000.000) 05/01 14:11:53 Image size of job updated: 1087180
	365  -  MemoryUsage of job (MB)
	373200  -  ResidentSetSize of job (KB)
...
006 (6386494.000.000) 05/01 14:11:54 Image size of job updated: 1087644
	361  -  MemoryUsage of job (MB)
	368876  -  ResidentSetSize of job (KB)
...
006 (6386493.000.000) 05/01 14:11:55 Image size of job updated: 1087332
	353  -  MemoryUsage of job (MB)
	361240  -  ResidentSetSize of job (KB)
...
006 (6386490.000.000) 05/01 14:16:54 Image size of job updated: 1092148
	370  -  MemoryUsage of job (MB)
	378120  -  ResidentSetSize of job (KB)
...
006 (6386493.000.000) 05/01 14:16:55 Image size of job updated: 1092444
	371  -  MemoryUsage of job (MB)
	379416  -  ResidentSetSize of job (KB)
...
006 (6386494.000.000) 05/01 14:16:55 Image size of job updated: 1092780
	367  -  MemoryUsage of job (MB)
	375488  -  ResidentSetSize of job (KB)
...
006 (6386490.000.000) 05/01 14:21:55 Image size of job updated: 1097292
	370  -  MemoryUsage of job (MB)
	378120  -  ResidentSetSize of job (KB)
...
006 (6386494.000.000) 05/01 14:21:56 Image size of job updated: 1097652
	376  -  MemoryUsage of job (MB)
	384844  -  ResidentSetSize of job (KB)
...
006 (6386493.000.000) 05/01 14:21:56 Image size of job updated: 1097216
	371  -  MemoryUsage of job (MB)
	379416  -  ResidentSetSize of job (KB)
...
006 (6386490.000.000) 05/01 14:26:55 Image size of job updated: 1101708
	370  -  MemoryUsage of job (MB)
	378120  -  ResidentSetSize of job (KB)
...
006 (6386494.000.000) 05/01 14:26:56 Image size of job updated: 1102332
	381  -  MemoryUsage of job (MB)
	389464  -  ResidentSetSize of job (KB)
...
006 (6386493.000.000) 05/01 14:26:57 Image size of job updated: 1102192
	371  -  MemoryUsage of job (MB)
	379416  -  ResidentSetSize of job (KB)
...
006 (6386494.000.000) 05/01 14:31:56 Image size of job updated: 1107240
	381  -  MemoryUsage of job (MB)
	389464  -  ResidentSetSize of job (KB)
...
006 (6386490.000.000) 05/01 14:31:56 Image size of job updated: 1106624
	376  -  MemoryUsage of job (MB)
	384092  -  ResidentSetSize of job (KB)
...
006 (6386493.000.000) 05/01 14:31:57 Image size of job updated: 1107020
	382  -  MemoryUsage of job (MB)
	391072  -  ResidentSetSize of job (KB)
...
006 (6386494.000.000) 05/01 14:36:57 Image size of job updated: 1111876
	384  -  MemoryUsage of job (MB)
	392852  -  ResidentSetSize of job (KB)
...
006 (6386490.000.000) 05/01 14:36:57 Image size of job updated: 1111592
	376  -  MemoryUsage of job (MB)
	384092  -  ResidentSetSize of job (KB)
...
006 (6386493.000.000) 05/01 14:36:58 Image size of job updated: 1111768
	389  -  MemoryUsage of job (MB)
	398208  -  ResidentSetSize of job (KB)
...
006 (6386494.000.000) 05/01 14:41:57 Image size of job updated: 1116588
	393  -  MemoryUsage of job (MB)
	401984  -  ResidentSetSize of job (KB)
...
006 (6386490.000.000) 05/01 14:41:57 Image size of job updated: 1116416
	382  -  MemoryUsage of job (MB)
	390764  -  ResidentSetSize of job (KB)
...
006 (6386493.000.000) 05/01 14:41:59 Image size of job updated: 1116772
	389  -  MemoryUsage of job (MB)
	398208  -  ResidentSetSize of job (KB)
...
006 (6386494.000.000) 05/01 14:46:57 Image size of job updated: 1121040
	393  -  MemoryUsage of job (MB)
	401984  -  ResidentSetSize of job (KB)
...
006 (6386490.000.000) 05/01 14:46:57 Image size of job updated: 1121156
	382  -  MemoryUsage of job (MB)
	390764  -  ResidentSetSize of job (KB)
...
006 (6386493.000.000) 05/01 14:46:59 Image size of job updated: 1120992
	393  -  MemoryUsage of job (MB)
	401896  -  ResidentSetSize of job (KB)
...
006 (6386490.000.000) 05/01 15:27:02 Image size of job updated: 1121712
	385  -  MemoryUsage of job (MB)
	393480  -  ResidentSetSize of job (KB)
...
006 (6386490.000.000) 05/01 15:32:02 Image size of job updated: 1124048
	385  -  MemoryUsage of job (MB)
	393480  -  ResidentSetSize of job (KB)
...
006 (6386493.000.000) 05/01 15:32:03 Image size of job updated: 1121772
	393  -  MemoryUsage of job (MB)
	401896  -  ResidentSetSize of job (KB)
...
006 (6386490.000.000) 05/01 15:37:02 Image size of job updated: 1126184
	385  -  MemoryUsage of job (MB)
	393480  -  ResidentSetSize of job (KB)
...
006 (6386493.000.000) 05/01 15:37:04 Image size of job updated: 1123952
	400  -  MemoryUsage of job (MB)
	408876  -  ResidentSetSize of job (KB)
...
006 (6386490.000.000) 05/01 15:42:03 Image size of job updated: 1128424
	385  -  MemoryUsage of job (MB)
	393480  -  ResidentSetSize of job (KB)
...
006 (6386493.000.000) 05/01 15:42:04 Image size of job updated: 1126020
	405  -  MemoryUsage of job (MB)
	414396  -  ResidentSetSize of job (KB)
...
006 (6386494.000.000) 05/01 15:47:03 Image size of job updated: 1122232
	393  -  MemoryUsage of job (MB)
	401984  -  ResidentSetSize of job (KB)
...
006 (6386490.000.000) 05/01 15:47:04 Image size of job updated: 1130624
	385  -  MemoryUsage of job (MB)
	393480  -  ResidentSetSize of job (KB)
...
006 (6386493.000.000) 05/01 15:47:05 Image size of job updated: 1128100
	405  -  MemoryUsage of job (MB)
	414396  -  ResidentSetSize of job (KB)
...
006 (6386494.000.000) 05/01 15:52:03 Image size of job updated: 1124332
	405  -  MemoryUsage of job (MB)
	413924  -  ResidentSetSize of job (KB)
...
006 (6386490.000.000) 05/01 15:52:04 Image size of job updated: 1132452
	385  -  MemoryUsage of job (MB)
	393480  -  ResidentSetSize of job (KB)
...
006 (6386493.000.000) 05/01 15:52:06 Image size of job updated: 1130100
	405  -  MemoryUsage of job (MB)
	414396  -  ResidentSetSize of job (KB)
...
006 (6386494.000.000) 05/01 15:57:04 Image size of job updated: 1126484
	405  -  MemoryUsage of job (MB)
	413924  -  ResidentSetSize of job (KB)
...
006 (6386490.000.000) 05/01 15:57:05 Image size of job updated: 1134684
	385  -  MemoryUsage of job (MB)
	393480  -  ResidentSetSize of job (KB)
...
006 (6386493.000.000) 05/01 15:57:06 Image size of job updated: 1131972
	405  -  MemoryUsage of job (MB)
	414396  -  ResidentSetSize of job (KB)
...
006 (6386494.000.000) 05/01 16:02:05 Image size of job updated: 1128444
	405  -  MemoryUsage of job (MB)
	413924  -  ResidentSetSize of job (KB)
...
006 (6386490.000.000) 05/01 16:02:06 Image size of job updated: 1136684
	385  -  MemoryUsage of job (MB)
	393480  -  ResidentSetSize of job (KB)
...
006 (6386493.000.000) 05/01 16:02:06 Image size of job updated: 1133720
	405  -  MemoryUsage of job (MB)
	414396  -  ResidentSetSize of job (KB)
...
006 (6386494.000.000) 05/01 16:07:05 Image size of job updated: 1130444
	405  -  MemoryUsage of job (MB)
	413924  -  ResidentSetSize of job (KB)
...
006 (6386490.000.000) 05/01 16:07:06 Image size of job updated: 1138472
	385  -  MemoryUsage of job (MB)
	393480  -  ResidentSetSize of job (KB)
...
006 (6386493.000.000) 05/01 16:07:07 Image size of job updated: 1135952
	405  -  MemoryUsage of job (MB)
	414396  -  ResidentSetSize of job (KB)
...
006 (6386490.000.000) 05/01 16:12:06 Image size of job updated: 1140644
	385  -  MemoryUsage of job (MB)
	393480  -  ResidentSetSize of job (KB)
...
006 (6386494.000.000) 05/01 16:12:06 Image size of job updated: 1132524
	405  -  MemoryUsage of job (MB)
	414376  -  ResidentSetSize of job (KB)
...
006 (6386493.000.000) 05/01 16:12:08 Image size of job updated: 1137552
	410  -  MemoryUsage of job (MB)
	419076  -  ResidentSetSize of job (KB)
...
006 (6386490.000.000) 05/01 16:17:07 Image size of job updated: 1148912
	388  -  MemoryUsage of job (MB)
	396596  -  ResidentSetSize of job (KB)
...
006 (6386494.000.000) 05/01 16:17:07 Image size of job updated: 1134232
	416  -  MemoryUsage of job (MB)
	425384  -  ResidentSetSize of job (KB)
...
006 (6386493.000.000) 05/01 16:17:08 Image size of job updated: 1139640
	416  -  MemoryUsage of job (MB)
	425600  -  ResidentSetSize of job (KB)
...
006 (6386490.000.000) 05/01 16:22:07 Image size of job updated: 1151044
	392  -  MemoryUsage of job (MB)
	401204  -  ResidentSetSize of job (KB)
...
006 (6386494.000.000) 05/01 16:22:07 Image size of job updated: 1145480
	416  -  MemoryUsage of job (MB)
	425384  -  ResidentSetSize of job (KB)
...
006 (6386493.000.000) 05/01 16:22:08 Image size of job updated: 1150212
	416  -  MemoryUsage of job (MB)
	425600  -  ResidentSetSize of job (KB)
...
006 (6386490.000.000) 05/01 16:27:07 Image size of job updated: 1153016
	392  -  MemoryUsage of job (MB)
	401204  -  ResidentSetSize of job (KB)
...
006 (6386494.000.000) 05/01 16:27:07 Image size of job updated: 1147180
	416  -  MemoryUsage of job (MB)
	425384  -  ResidentSetSize of job (KB)
...
006 (6386493.000.000) 05/01 16:27:09 Image size of job updated: 1151972
	416  -  MemoryUsage of job (MB)
	425600  -  ResidentSetSize of job (KB)
...
006 (6386494.000.000) 05/01 16:32:08 Image size of job updated: 1148972
	416  -  MemoryUsage of job (MB)
	425384  -  ResidentSetSize of job (KB)
...
006 (6386490.000.000) 05/01 16:32:08 Image size of job updated: 1155004
	398  -  MemoryUsage of job (MB)
	407160  -  ResidentSetSize of job (KB)
...
006 (6386493.000.000) 05/01 16:32:10 Image size of job updated: 1154024
	416  -  MemoryUsage of job (MB)
	425600  -  ResidentSetSize of job (KB)
...
006 (6386494.000.000) 05/01 16:37:08 Image size of job updated: 1150532
	431  -  MemoryUsage of job (MB)
	440944  -  ResidentSetSize of job (KB)
...
006 (6386490.000.000) 05/01 16:37:09 Image size of job updated: 1157104
	398  -  MemoryUsage of job (MB)
	407160  -  ResidentSetSize of job (KB)
...
006 (6386493.000.000) 05/01 16:37:10 Image size of job updated: 1156104
	416  -  MemoryUsage of job (MB)
	425600  -  ResidentSetSize of job (KB)
...
006 (6386494.000.000) 05/01 16:42:08 Image size of job updated: 1152120
	431  -  MemoryUsage of job (MB)
	440944  -  ResidentSetSize of job (KB)
...
006 (6386490.000.000) 05/01 16:42:09 Image size of job updated: 1159116
	398  -  MemoryUsage of job (MB)
	407160  -  ResidentSetSize of job (KB)
...
006 (6386493.000.000) 05/01 16:42:11 Image size of job updated: 1158132
	416  -  MemoryUsage of job (MB)
	425600  -  ResidentSetSize of job (KB)
...
006 (6386490.000.000) 05/01 16:47:09 Image size of job updated: 1161104
	435  -  MemoryUsage of job (MB)
	445192  -  ResidentSetSize of job (KB)
...
006 (6386494.000.000) 05/01 16:47:09 Image size of job updated: 1155504
	431  -  MemoryUsage of job (MB)
	440944  -  ResidentSetSize of job (KB)
...
006 (6386493.000.000) 05/01 16:47:12 Image size of job updated: 1160124
	416  -  MemoryUsage of job (MB)
	425600  -  ResidentSetSize of job (KB)
...
006 (6386490.000.000) 05/01 16:52:10 Image size of job updated: 1163144
	435  -  MemoryUsage of job (MB)
	445192  -  ResidentSetSize of job (KB)
...
006 (6386494.000.000) 05/01 16:52:10 Image size of job updated: 1157464
	431  -  MemoryUsage of job (MB)
	440944  -  ResidentSetSize of job (KB)
...
006 (6386493.000.000) 05/01 16:52:12 Image size of job updated: 1162144
	416  -  MemoryUsage of job (MB)
	425600  -  ResidentSetSize of job (KB)
...
006 (6386490.000.000) 05/01 16:57:10 Image size of job updated: 1165044
	435  -  MemoryUsage of job (MB)
	445192  -  ResidentSetSize of job (KB)
...
006 (6386494.000.000) 05/01 16:57:10 Image size of job updated: 1159464
	431  -  MemoryUsage of job (MB)
	440944  -  ResidentSetSize of job (KB)
...
006 (6386493.000.000) 05/01 16:57:12 Image size of job updated: 1164092
	416  -  MemoryUsage of job (MB)
	425600  -  ResidentSetSize of job (KB)
...
006 (6386490.000.000) 05/01 17:02:10 Image size of job updated: 1166884
	435  -  MemoryUsage of job (MB)
	445192  -  ResidentSetSize of job (KB)
...
006 (6386494.000.000) 05/01 17:02:11 Image size of job updated: 1165956
	431  -  MemoryUsage of job (MB)
	440944  -  ResidentSetSize of job (KB)
...
006 (6386493.000.000) 05/01 17:02:13 Image size of job updated: 1166244
	416  -  MemoryUsage of job (MB)
	425600  -  ResidentSetSize of job (KB)
...
006 (6386490.000.000) 05/01 17:07:11 Image size of job updated: 1169032
	435  -  MemoryUsage of job (MB)
	445192  -  ResidentSetSize of job (KB)
...
006 (6386494.000.000) 05/01 17:07:12 Image size of job updated: 1168016
	431  -  MemoryUsage of job (MB)
	440944  -  ResidentSetSize of job (KB)
...
006 (6386493.000.000) 05/01 17:07:14 Image size of job updated: 1168124
	416  -  MemoryUsage of job (MB)
	425600  -  ResidentSetSize of job (KB)
...
006 (6386490.000.000) 05/01 17:12:12 Image size of job updated: 1170872
	435  -  MemoryUsage of job (MB)
	445192  -  ResidentSetSize of job (KB)
...
006 (6386494.000.000) 05/01 17:12:12 Image size of job updated: 1170028
	431  -  MemoryUsage of job (MB)
	440944  -  ResidentSetSize of job (KB)
...
006 (6386493.000.000) 05/01 17:12:14 Image size of job updated: 1169944
	416  -  MemoryUsage of job (MB)
	425600  -  ResidentSetSize of job (KB)
...
006 (6386490.000.000) 05/01 17:17:12 Image size of job updated: 1172244
	435  -  MemoryUsage of job (MB)
	445192  -  ResidentSetSize of job (KB)
...
006 (6386494.000.000) 05/01 17:17:12 Image size of job updated: 1171988
	438  -  MemoryUsage of job (MB)
	447828  -  ResidentSetSize of job (KB)
...
006 (6386493.000.000) 05/01 17:17:15 Image size of job updated: 1171844
	416  -  MemoryUsage of job (MB)
	425600  -  ResidentSetSize of job (KB)
...
006 (6386490.000.000) 05/01 17:22:13 Image size of job updated: 1174924
	435  -  MemoryUsage of job (MB)
	445192  -  ResidentSetSize of job (KB)
...
006 (6386494.000.000) 05/01 17:22:14 Image size of job updated: 1173840
	444  -  MemoryUsage of job (MB)
	454200  -  ResidentSetSize of job (KB)
...
006 (6386493.000.000) 05/01 17:22:16 Image size of job updated: 1173764
	416  -  MemoryUsage of job (MB)
	425600  -  ResidentSetSize of job (KB)
...
006 (6386490.000.000) 05/01 17:27:14 Image size of job updated: 1179144
	438  -  MemoryUsage of job (MB)
	447740  -  ResidentSetSize of job (KB)
...
006 (6386494.000.000) 05/01 17:27:14 Image size of job updated: 1175748
	444  -  MemoryUsage of job (MB)
	454200  -  ResidentSetSize of job (KB)
...
006 (6386493.000.000) 05/01 17:27:16 Image size of job updated: 1175684
	420  -  MemoryUsage of job (MB)
	429108  -  ResidentSetSize of job (KB)
...
006 (6386490.000.000) 05/01 17:32:14 Image size of job updated: 1180732
	438  -  MemoryUsage of job (MB)
	447740  -  ResidentSetSize of job (KB)
...
006 (6386494.000.000) 05/01 17:32:14 Image size of job updated: 1177496
	444  -  MemoryUsage of job (MB)
	454200  -  ResidentSetSize of job (KB)
...
006 (6386493.000.000) 05/01 17:32:16 Image size of job updated: 1177576
	420  -  MemoryUsage of job (MB)
	429108  -  ResidentSetSize of job (KB)
...
006 (6386490.000.000) 05/01 17:37:14 Image size of job updated: 1182952
	438  -  MemoryUsage of job (MB)
	447740  -  ResidentSetSize of job (KB)
...
006 (6386494.000.000) 05/01 17:37:15 Image size of job updated: 1179308
	444  -  MemoryUsage of job (MB)
	454200  -  ResidentSetSize of job (KB)
...
006 (6386493.000.000) 05/01 17:37:17 Image size of job updated: 1179512
	420  -  MemoryUsage of job (MB)
	429108  -  ResidentSetSize of job (KB)
...
006 (6386490.000.000) 05/01 17:42:15 Image size of job updated: 1184944
	440  -  MemoryUsage of job (MB)
	450084  -  ResidentSetSize of job (KB)
...
006 (6386494.000.000) 05/01 17:42:16 Image size of job updated: 1180896
	444  -  MemoryUsage of job (MB)
	454200  -  ResidentSetSize of job (KB)
...
006 (6386493.000.000) 05/01 17:42:17 Image size of job updated: 1181232
	435  -  MemoryUsage of job (MB)
	445172  -  ResidentSetSize of job (KB)
...
006 (6386490.000.000) 05/01 17:47:16 Image size of job updated: 1186672
	440  -  MemoryUsage of job (MB)
	450084  -  ResidentSetSize of job (KB)
...
006 (6386494.000.000) 05/01 17:47:16 Image size of job updated: 1182656
	444  -  MemoryUsage of job (MB)
	454200  -  ResidentSetSize of job (KB)
...
006 (6386493.000.000) 05/01 17:47:17 Image size of job updated: 1183392
	441  -  MemoryUsage of job (MB)
	451084  -  ResidentSetSize of job (KB)
...
006 (6386490.000.000) 05/01 17:52:16 Image size of job updated: 1188832
	440  -  MemoryUsage of job (MB)
	450140  -  ResidentSetSize of job (KB)
...
006 (6386494.000.000) 05/01 17:52:16 Image size of job updated: 1184208
	444  -  MemoryUsage of job (MB)
	454200  -  ResidentSetSize of job (KB)
...
006 (6386493.000.000) 05/01 17:52:18 Image size of job updated: 1185232
	441  -  MemoryUsage of job (MB)
	451084  -  ResidentSetSize of job (KB)
...
006 (6386490.000.000) 05/01 17:57:16 Image size of job updated: 1190752
	448  -  MemoryUsage of job (MB)
	458664  -  ResidentSetSize of job (KB)
...
006 (6386494.000.000) 05/01 17:57:17 Image size of job updated: 1185756
	465  -  MemoryUsage of job (MB)
	475180  -  ResidentSetSize of job (KB)
...
006 (6386493.000.000) 05/01 17:57:19 Image size of job updated: 1187212
	441  -  MemoryUsage of job (MB)
	451084  -  ResidentSetSize of job (KB)
...
006 (6386494.000.000) 05/01 18:02:17 Image size of job updated: 1187608
	465  -  MemoryUsage of job (MB)
	475180  -  ResidentSetSize of job (KB)
...
006 (6386490.000.000) 05/01 18:02:17 Image size of job updated: 1192592
	448  -  MemoryUsage of job (MB)
	458664  -  ResidentSetSize of job (KB)
...
006 (6386493.000.000) 05/01 18:02:19 Image size of job updated: 1189072
	444  -  MemoryUsage of job (MB)
	454232  -  ResidentSetSize of job (KB)
...
006 (6386494.000.000) 05/01 18:07:17 Image size of job updated: 1188988
	465  -  MemoryUsage of job (MB)
	475180  -  ResidentSetSize of job (KB)
...
006 (6386490.000.000) 05/01 18:07:18 Image size of job updated: 1194232
	448  -  MemoryUsage of job (MB)
	458664  -  ResidentSetSize of job (KB)
...
006 (6386493.000.000) 05/01 18:07:19 Image size of job updated: 1190656
	449  -  MemoryUsage of job (MB)
	459316  -  ResidentSetSize of job (KB)
...
006 (6386494.000.000) 05/01 18:12:18 Image size of job updated: 1190836
	465  -  MemoryUsage of job (MB)
	475180  -  ResidentSetSize of job (KB)
...
006 (6386490.000.000) 05/01 18:12:18 Image size of job updated: 1195992
	448  -  MemoryUsage of job (MB)
	458664  -  ResidentSetSize of job (KB)
...
006 (6386493.000.000) 05/01 18:12:20 Image size of job updated: 1192508
	449  -  MemoryUsage of job (MB)
	459316  -  ResidentSetSize of job (KB)
...
006 (6386494.000.000) 05/01 18:17:18 Image size of job updated: 1192468
	465  -  MemoryUsage of job (MB)
	475180  -  ResidentSetSize of job (KB)
...
006 (6386490.000.000) 05/01 18:17:19 Image size of job updated: 1197592
	448  -  MemoryUsage of job (MB)
	458664  -  ResidentSetSize of job (KB)
...
006 (6386493.000.000) 05/01 18:17:21 Image size of job updated: 1194276
	449  -  MemoryUsage of job (MB)
	459316  -  ResidentSetSize of job (KB)
...
006 (6386494.000.000) 05/01 18:22:18 Image size of job updated: 1194088
	465  -  MemoryUsage of job (MB)
	475180  -  ResidentSetSize of job (KB)
...
006 (6386490.000.000) 05/01 18:22:20 Image size of job updated: 1199352
	448  -  MemoryUsage of job (MB)
	458664  -  ResidentSetSize of job (KB)
...
006 (6386493.000.000) 05/01 18:22:21 Image size of job updated: 1196176
	449  -  MemoryUsage of job (MB)
	459316  -  ResidentSetSize of job (KB)
...
006 (6386494.000.000) 05/01 18:27:19 Image size of job updated: 1195752
	465  -  MemoryUsage of job (MB)
	475180  -  ResidentSetSize of job (KB)
...
006 (6386490.000.000) 05/01 18:27:20 Image size of job updated: 1200884
	449  -  MemoryUsage of job (MB)
	458964  -  ResidentSetSize of job (KB)
...
006 (6386493.000.000) 05/01 18:27:22 Image size of job updated: 1197868
	449  -  MemoryUsage of job (MB)
	459316  -  ResidentSetSize of job (KB)
...
006 (6386494.000.000) 05/01 18:32:20 Image size of job updated: 1197356
	465  -  MemoryUsage of job (MB)
	475180  -  ResidentSetSize of job (KB)
...
006 (6386490.000.000) 05/01 18:32:20 Image size of job updated: 1212040
	455  -  MemoryUsage of job (MB)
	465816  -  ResidentSetSize of job (KB)
...
006 (6386493.000.000) 05/01 18:32:23 Image size of job updated: 1211232
	449  -  MemoryUsage of job (MB)
	459316  -  ResidentSetSize of job (KB)
...
006 (6386494.000.000) 05/01 18:37:20 Image size of job updated: 1199088
	465  -  MemoryUsage of job (MB)
	475180  -  ResidentSetSize of job (KB)
...
006 (6386490.000.000) 05/01 18:37:21 Image size of job updated: 1213540
	455  -  MemoryUsage of job (MB)
	465816  -  ResidentSetSize of job (KB)
...
006 (6386493.000.000) 05/01 18:37:23 Image size of job updated: 1212884
	449  -  MemoryUsage of job (MB)
	459316  -  ResidentSetSize of job (KB)
...
006 (6386490.000.000) 05/01 18:42:21 Image size of job updated: 1215108
	455  -  MemoryUsage of job (MB)
	465816  -  ResidentSetSize of job (KB)
...
006 (6386494.000.000) 05/01 18:42:21 Image size of job updated: 1200836
	465  -  MemoryUsage of job (MB)
	475180  -  ResidentSetSize of job (KB)
...
006 (6386493.000.000) 05/01 18:42:23 Image size of job updated: 1214632
	449  -  MemoryUsage of job (MB)
	459316  -  ResidentSetSize of job (KB)
...
006 (6386490.000.000) 05/01 18:47:21 Image size of job updated: 1216708
	484  -  MemoryUsage of job (MB)
	494836  -  ResidentSetSize of job (KB)
...
006 (6386494.000.000) 05/01 18:47:22 Image size of job updated: 1202548
	465  -  MemoryUsage of job (MB)
	475180  -  ResidentSetSize of job (KB)
...
006 (6386493.000.000) 05/01 18:47:25 Image size of job updated: 1216232
	449  -  MemoryUsage of job (MB)
	459316  -  ResidentSetSize of job (KB)
...
006 (6386494.000.000) 05/01 18:52:22 Image size of job updated: 1204168
	465  -  MemoryUsage of job (MB)
	475180  -  ResidentSetSize of job (KB)
...
006 (6386490.000.000) 05/01 18:52:22 Image size of job updated: 1218248
	491  -  MemoryUsage of job (MB)
	502728  -  ResidentSetSize of job (KB)
...
006 (6386493.000.000) 05/01 18:52:25 Image size of job updated: 1217964
	494  -  MemoryUsage of job (MB)
	505472  -  ResidentSetSize of job (KB)
...
006 (6386494.000.000) 05/01 18:57:22 Image size of job updated: 1205696
	465  -  MemoryUsage of job (MB)
	475180  -  ResidentSetSize of job (KB)
...
006 (6386490.000.000) 05/01 18:57:23 Image size of job updated: 1219840
	491  -  MemoryUsage of job (MB)
	502728  -  ResidentSetSize of job (KB)
...
006 (6386493.000.000) 05/01 18:57:25 Image size of job updated: 1219604
	494  -  MemoryUsage of job (MB)
	505472  -  ResidentSetSize of job (KB)
...
006 (6386490.000.000) 05/01 19:02:23 Image size of job updated: 1221380
	491  -  MemoryUsage of job (MB)
	502728  -  ResidentSetSize of job (KB)
...
006 (6386494.000.000) 05/01 19:02:24 Image size of job updated: 1207388
	465  -  MemoryUsage of job (MB)
	475180  -  ResidentSetSize of job (KB)
...
006 (6386493.000.000) 05/01 19:02:26 Image size of job updated: 1221244
	494  -  MemoryUsage of job (MB)
	505472  -  ResidentSetSize of job (KB)
...
006 (6386494.000.000) 05/01 19:07:24 Image size of job updated: 1208908
	465  -  MemoryUsage of job (MB)
	475180  -  ResidentSetSize of job (KB)
...
006 (6386490.000.000) 05/01 19:07:24 Image size of job updated: 1222960
	491  -  MemoryUsage of job (MB)
	502728  -  ResidentSetSize of job (KB)
...
006 (6386493.000.000) 05/01 19:07:27 Image size of job updated: 1222784
	494  -  MemoryUsage of job (MB)
	505472  -  ResidentSetSize of job (KB)
...
006 (6386494.000.000) 05/01 19:12:24 Image size of job updated: 1210588
	465  -  MemoryUsage of job (MB)
	475180  -  ResidentSetSize of job (KB)
...
006 (6386490.000.000) 05/01 19:12:25 Image size of job updated: 1224520
	501  -  MemoryUsage of job (MB)
	512276  -  ResidentSetSize of job (KB)
...
006 (6386493.000.000) 05/01 19:12:27 Image size of job updated: 1224432
	494  -  MemoryUsage of job (MB)
	505472  -  ResidentSetSize of job (KB)
...
006 (6386490.000.000) 05/01 19:17:25 Image size of job updated: 1226060
	501  -  MemoryUsage of job (MB)
	512276  -  ResidentSetSize of job (KB)
...
006 (6386494.000.000) 05/01 19:17:25 Image size of job updated: 1211828
	465  -  MemoryUsage of job (MB)
	475180  -  ResidentSetSize of job (KB)
...
006 (6386493.000.000) 05/01 19:17:27 Image size of job updated: 1225972
	494  -  MemoryUsage of job (MB)
	505472  -  ResidentSetSize of job (KB)
...
006 (6386490.000.000) 05/01 19:22:25 Image size of job updated: 1227508
	501  -  MemoryUsage of job (MB)
	512276  -  ResidentSetSize of job (KB)
...
006 (6386494.000.000) 05/01 19:22:26 Image size of job updated: 1213668
	465  -  MemoryUsage of job (MB)
	475180  -  ResidentSetSize of job (KB)
...
006 (6386493.000.000) 05/01 19:22:28 Image size of job updated: 1227492
	494  -  MemoryUsage of job (MB)
	505472  -  ResidentSetSize of job (KB)
...
006 (6386490.000.000) 05/01 19:27:26 Image size of job updated: 1229060
	501  -  MemoryUsage of job (MB)
	512276  -  ResidentSetSize of job (KB)
...
006 (6386494.000.000) 05/01 19:27:26 Image size of job updated: 1215308
	465  -  MemoryUsage of job (MB)
	475180  -  ResidentSetSize of job (KB)
...
006 (6386493.000.000) 05/01 19:27:29 Image size of job updated: 1229012
	494  -  MemoryUsage of job (MB)
	505472  -  ResidentSetSize of job (KB)
...
006 (6386490.000.000) 05/01 19:32:26 Image size of job updated: 1230560
	501  -  MemoryUsage of job (MB)
	512276  -  ResidentSetSize of job (KB)
...
006 (6386494.000.000) 05/01 19:32:27 Image size of job updated: 1216856
	465  -  MemoryUsage of job (MB)
	475180  -  ResidentSetSize of job (KB)
...
006 (6386493.000.000) 05/01 19:32:29 Image size of job updated: 1230444
	494  -  MemoryUsage of job (MB)
	505472  -  ResidentSetSize of job (KB)
...
006 (6386490.000.000) 05/01 19:37:26 Image size of job updated: 1231828
	501  -  MemoryUsage of job (MB)
	512276  -  ResidentSetSize of job (KB)
...
006 (6386494.000.000) 05/01 19:37:28 Image size of job updated: 1218248
	465  -  MemoryUsage of job (MB)
	475180  -  ResidentSetSize of job (KB)
...
006 (6386493.000.000) 05/01 19:37:30 Image size of job updated: 1232084
	509  -  MemoryUsage of job (MB)
	520364  -  ResidentSetSize of job (KB)
...
006 (6386490.000.000) 05/01 19:42:28 Image size of job updated: 1233560
	501  -  MemoryUsage of job (MB)
	512276  -  ResidentSetSize of job (KB)
...
006 (6386494.000.000) 05/01 19:42:28 Image size of job updated: 1219856
	492  -  MemoryUsage of job (MB)
	503512  -  ResidentSetSize of job (KB)
...
006 (6386493.000.000) 05/01 19:42:31 Image size of job updated: 1233672
	509  -  MemoryUsage of job (MB)
	520364  -  ResidentSetSize of job (KB)
...
006 (6386490.000.000) 05/01 19:47:28 Image size of job updated: 1240568
	501  -  MemoryUsage of job (MB)
	512276  -  ResidentSetSize of job (KB)
...
006 (6386494.000.000) 05/01 19:47:29 Image size of job updated: 1221256
	492  -  MemoryUsage of job (MB)
	503512  -  ResidentSetSize of job (KB)
...
006 (6386493.000.000) 05/01 19:47:31 Image size of job updated: 1240728
	509  -  MemoryUsage of job (MB)
	520364  -  ResidentSetSize of job (KB)
...
006 (6386490.000.000) 05/01 19:52:28 Image size of job updated: 1242008
	501  -  MemoryUsage of job (MB)
	512276  -  ResidentSetSize of job (KB)
...
006 (6386494.000.000) 05/01 19:52:30 Image size of job updated: 1222796
	492  -  MemoryUsage of job (MB)
	503512  -  ResidentSetSize of job (KB)
...
006 (6386493.000.000) 05/01 19:52:32 Image size of job updated: 1242436
	509  -  MemoryUsage of job (MB)
	520364  -  ResidentSetSize of job (KB)
...
006 (6386490.000.000) 05/01 19:57:29 Image size of job updated: 1243568
	501  -  MemoryUsage of job (MB)
	512276  -  ResidentSetSize of job (KB)
...
006 (6386494.000.000) 05/01 19:57:30 Image size of job updated: 1224468
	492  -  MemoryUsage of job (MB)
	503512  -  ResidentSetSize of job (KB)
...
006 (6386493.000.000) 05/01 19:57:33 Image size of job updated: 1244008
	509  -  MemoryUsage of job (MB)
	520364  -  ResidentSetSize of job (KB)
...
006 (6386490.000.000) 05/01 20:02:30 Image size of job updated: 1245188
	517  -  MemoryUsage of job (MB)
	529300  -  ResidentSetSize of job (KB)
...
006 (6386494.000.000) 05/01 20:02:31 Image size of job updated: 1226148
	492  -  MemoryUsage of job (MB)
	503512  -  ResidentSetSize of job (KB)
...
006 (6386493.000.000) 05/01 20:02:33 Image size of job updated: 1245208
	509  -  MemoryUsage of job (MB)
	520364  -  ResidentSetSize of job (KB)
...
006 (6386490.000.000) 05/01 20:07:30 Image size of job updated: 1246776
	524  -  MemoryUsage of job (MB)
	536240  -  ResidentSetSize of job (KB)
...
006 (6386494.000.000) 05/01 20:07:32 Image size of job updated: 1227656
	492  -  MemoryUsage of job (MB)
	503512  -  ResidentSetSize of job (KB)
...
006 (6386493.000.000) 05/01 20:07:33 Image size of job updated: 1246416
	509  -  MemoryUsage of job (MB)
	520364  -  ResidentSetSize of job (KB)
...
006 (6386490.000.000) 05/01 20:12:31 Image size of job updated: 1248548
	524  -  MemoryUsage of job (MB)
	536240  -  ResidentSetSize of job (KB)
...
006 (6386494.000.000) 05/01 20:12:32 Image size of job updated: 1229288
	492  -  MemoryUsage of job (MB)
	503512  -  ResidentSetSize of job (KB)
...
006 (6386493.000.000) 05/01 20:12:34 Image size of job updated: 1247976
	509  -  MemoryUsage of job (MB)
	520364  -  ResidentSetSize of job (KB)
...
006 (6386490.000.000) 05/01 20:17:31 Image size of job updated: 1250116
	524  -  MemoryUsage of job (MB)
	536240  -  ResidentSetSize of job (KB)
...
006 (6386494.000.000) 05/01 20:17:32 Image size of job updated: 1230920
	492  -  MemoryUsage of job (MB)
	503512  -  ResidentSetSize of job (KB)
...
006 (6386493.000.000) 05/01 20:17:34 Image size of job updated: 1249388
	509  -  MemoryUsage of job (MB)
	520364  -  ResidentSetSize of job (KB)
...
006 (6386490.000.000) 05/01 20:22:32 Image size of job updated: 1251808
	527  -  MemoryUsage of job (MB)
	539620  -  ResidentSetSize of job (KB)
...
006 (6386494.000.000) 05/01 20:22:33 Image size of job updated: 1232664
	506  -  MemoryUsage of job (MB)
	518004  -  ResidentSetSize of job (KB)
...
006 (6386493.000.000) 05/01 20:22:34 Image size of job updated: 1250816
	509  -  MemoryUsage of job (MB)
	520364  -  ResidentSetSize of job (KB)
...
006 (6386490.000.000) 05/01 20:27:33 Image size of job updated: 1253396
	527  -  MemoryUsage of job (MB)
	539620  -  ResidentSetSize of job (KB)
...
006 (6386494.000.000) 05/01 20:27:33 Image size of job updated: 1234348
	506  -  MemoryUsage of job (MB)
	518004  -  ResidentSetSize of job (KB)
...
006 (6386493.000.000) 05/01 20:27:35 Image size of job updated: 1252252
	509  -  MemoryUsage of job (MB)
	520364  -  ResidentSetSize of job (KB)
...
006 (6386490.000.000) 05/01 20:32:33 Image size of job updated: 1254976
	527  -  MemoryUsage of job (MB)
	539620  -  ResidentSetSize of job (KB)
...
006 (6386494.000.000) 05/01 20:32:33 Image size of job updated: 1235860
	506  -  MemoryUsage of job (MB)
	518004  -  ResidentSetSize of job (KB)
...
006 (6386493.000.000) 05/01 20:32:36 Image size of job updated: 1253576
	516  -  MemoryUsage of job (MB)
	527496  -  ResidentSetSize of job (KB)
...
006 (6386490.000.000) 05/01 20:37:33 Image size of job updated: 1256496
	527  -  MemoryUsage of job (MB)
	539620  -  ResidentSetSize of job (KB)
...
006 (6386494.000.000) 05/01 20:37:34 Image size of job updated: 1237524
	506  -  MemoryUsage of job (MB)
	518004  -  ResidentSetSize of job (KB)
...
006 (6386493.000.000) 05/01 20:37:36 Image size of job updated: 1254888
	516  -  MemoryUsage of job (MB)
	527496  -  ResidentSetSize of job (KB)
...
006 (6386490.000.000) 05/01 20:42:34 Image size of job updated: 1257956
	527  -  MemoryUsage of job (MB)
	539620  -  ResidentSetSize of job (KB)
...
006 (6386494.000.000) 05/01 20:42:35 Image size of job updated: 1239128
	506  -  MemoryUsage of job (MB)
	518004  -  ResidentSetSize of job (KB)
...
006 (6386493.000.000) 05/01 20:42:37 Image size of job updated: 1256368
	516  -  MemoryUsage of job (MB)
	527496  -  ResidentSetSize of job (KB)
...
006 (6386490.000.000) 05/01 20:47:35 Image size of job updated: 1259416
	527  -  MemoryUsage of job (MB)
	539620  -  ResidentSetSize of job (KB)
...
006 (6386494.000.000) 05/01 20:47:35 Image size of job updated: 1240800
	506  -  MemoryUsage of job (MB)
	518004  -  ResidentSetSize of job (KB)
...
006 (6386493.000.000) 05/01 20:47:38 Image size of job updated: 1257648
	516  -  MemoryUsage of job (MB)
	527496  -  ResidentSetSize of job (KB)
...
006 (6386490.000.000) 05/01 20:52:35 Image size of job updated: 1260932
	527  -  MemoryUsage of job (MB)
	539620  -  ResidentSetSize of job (KB)
...
006 (6386494.000.000) 05/01 20:52:36 Image size of job updated: 1242364
	506  -  MemoryUsage of job (MB)
	518004  -  ResidentSetSize of job (KB)
...
006 (6386493.000.000) 05/01 20:52:38 Image size of job updated: 1259076
	516  -  MemoryUsage of job (MB)
	527496  -  ResidentSetSize of job (KB)
...
006 (6386490.000.000) 05/01 20:55:20 Image size of job updated: 1261776
	527  -  MemoryUsage of job (MB)
	539620  -  ResidentSetSize of job (KB)
...
040 (6386490.000.000) 05/01 20:55:20 Started transferring output files
...
040 (6386490.000.000) 05/01 20:55:21 Finished transferring output files
...
005 (6386490.000.000) 05/01 20:55:22 Job terminated.
	(1) Normal termination (return value 0)
		Usr 0 01:54:24, Sys 0 05:58:09  -  Run Remote Usage
		Usr 0 00:00:00, Sys 0 00:00:00  -  Run Local Usage
		Usr 0 01:54:24, Sys 0 05:58:09  -  Total Remote Usage
		Usr 0 00:00:00, Sys 0 00:00:00  -  Total Local Usage
	115740  -  Run Bytes Sent By Job
	11452  -  Run Bytes Received By Job
	115740  -  Total Bytes Sent By Job
	11452  -  Total Bytes Received By Job
	Partitionable Resources :    Usage  Request Allocated 
	   Cpus                 :     1.00        1         1 
	   Disk (KB)            :   145          12   1366243 
	   Memory (MB)          :   527        2000      2000 

	Job terminated of its own accord at 2024-05-01T18:55:20Z.
...
006 (6386494.000.000) 05/01 20:57:37 Image size of job updated: 1244008
	506  -  MemoryUsage of job (MB)
	518004  -  ResidentSetSize of job (KB)
...
006 (6386493.000.000) 05/01 20:57:38 Image size of job updated: 1260288
	516  -  MemoryUsage of job (MB)
	527496  -  ResidentSetSize of job (KB)
...
006 (6386493.000.000) 05/01 21:01:29 Image size of job updated: 1261496
	521  -  MemoryUsage of job (MB)
	532712  -  ResidentSetSize of job (KB)
...
040 (6386493.000.000) 05/01 21:01:29 Started transferring output files
...
040 (6386493.000.000) 05/01 21:01:29 Finished transferring output files
...
005 (6386493.000.000) 05/01 21:01:29 Job terminated.
	(1) Normal termination (return value 0)
		Usr 0 01:50:44, Sys 0 06:08:15  -  Run Remote Usage
		Usr 0 00:00:00, Sys 0 00:00:00  -  Run Local Usage
		Usr 0 01:50:44, Sys 0 06:08:15  -  Total Remote Usage
		Usr 0 00:00:00, Sys 0 00:00:00  -  Total Local Usage
	115740  -  Run Bytes Sent By Job
	11452  -  Run Bytes Received By Job
	115740  -  Total Bytes Sent By Job
	11452  -  Total Bytes Received By Job
	Partitionable Resources :    Usage  Request Allocated 
	   Cpus                 :     1.00        1         1 
	   Disk (KB)            :   145          12   1261158 
	   Memory (MB)          :   521        2000      2000 

	Job terminated of its own accord at 2024-05-01T19:01:29Z.
...
006 (6386494.000.000) 05/01 21:02:37 Image size of job updated: 1245712
	506  -  MemoryUsage of job (MB)
	518004  -  ResidentSetSize of job (KB)
...
006 (6386494.000.000) 05/01 21:07:37 Image size of job updated: 1247204
	506  -  MemoryUsage of job (MB)
	518004  -  ResidentSetSize of job (KB)
...
006 (6386494.000.000) 05/01 21:12:38 Image size of job updated: 1248716
	511  -  MemoryUsage of job (MB)
	522952  -  ResidentSetSize of job (KB)
...
006 (6386494.000.000) 05/01 21:17:38 Image size of job updated: 1250400
	511  -  MemoryUsage of job (MB)
	522952  -  ResidentSetSize of job (KB)
...
006 (6386494.000.000) 05/01 21:17:46 Image size of job updated: 1362668
	511  -  MemoryUsage of job (MB)
	522952  -  ResidentSetSize of job (KB)
...
040 (6386494.000.000) 05/01 21:17:46 Started transferring output files
...
040 (6386494.000.000) 05/01 21:17:46 Finished transferring output files
...
005 (6386494.000.000) 05/01 21:17:46 Job terminated.
	(1) Normal termination (return value 0)
		Usr 0 01:58:56, Sys 0 06:15:02  -  Run Remote Usage
		Usr 0 00:00:00, Sys 0 00:00:00  -  Run Local Usage
		Usr 0 01:58:56, Sys 0 06:15:02  -  Total Remote Usage
		Usr 0 00:00:00, Sys 0 00:00:00  -  Total Local Usage
	115740  -  Run Bytes Sent By Job
	11452  -  Run Bytes Received By Job
	115740  -  Total Bytes Sent By Job
	11452  -  Total Bytes Received By Job
	Partitionable Resources :    Usage  Request Allocated 
	   Cpus                 :     0.96        1         1 
	   Disk (KB)            :   145          12   2940319 
	   Memory (MB)          :   511        2000      2000 

	Job terminated of its own accord at 2024-05-01T19:17:46Z.
...
000 (6709764.000.000) 06/03 12:24:31 Job submitted from host: <137.138.55.115:9618?addrs=137.138.55.115-9618+[2001-1458-d00-17--12a]-9618&alias=bigbird23.cern.ch&noUDP&sock=schedd_23881_f548>
...
040 (6709764.000.000) 06/03 12:30:12 Started transferring input files
	Transferring to host: <128.142.59.49:9618?addrs=128.142.59.49-9618&alias=b7s04p4032.cern.ch&noUDP&sock=slot1_18_7571_344d_152795>
...
040 (6709764.000.000) 06/03 12:30:12 Finished transferring input files
...
001 (6709764.000.000) 06/03 12:30:13 Job executing on host: <128.142.59.49:9618?addrs=128.142.59.49-9618&alias=b7s04p4032.cern.ch&noUDP&sock=startd_7510_d056>
	SlotName: slot1_18@b7s04p4032.cern.ch
...
006 (6709764.000.000) 06/03 12:30:22 Image size of job updated: 241816
	144  -  MemoryUsage of job (MB)
	147016  -  ResidentSetSize of job (KB)
...
006 (6709764.000.000) 06/03 12:30:26 Image size of job updated: 248948
	144  -  MemoryUsage of job (MB)
	147260  -  ResidentSetSize of job (KB)
...
040 (6709764.000.000) 06/03 12:30:27 Started transferring output files
...
040 (6709764.000.000) 06/03 12:30:27 Finished transferring output files
...
005 (6709764.000.000) 06/03 12:30:27 Job terminated.
	(1) Normal termination (return value 1)
		Usr 0 00:00:03, Sys 0 00:00:01  -  Run Remote Usage
		Usr 0 00:00:00, Sys 0 00:00:00  -  Run Local Usage
		Usr 0 00:00:03, Sys 0 00:00:01  -  Total Remote Usage
		Usr 0 00:00:00, Sys 0 00:00:00  -  Total Local Usage
	6172  -  Run Bytes Sent By Job
	10941  -  Run Bytes Received By Job
	6172  -  Total Bytes Sent By Job
	10941  -  Total Bytes Received By Job
	Partitionable Resources :    Usage  Request Allocated 
	   Cpus                 :                 1         1 
	   Disk (KB)            :       30       12   1339294 
	   Memory (MB)          :      144     2000      2000 

	Job terminated of its own accord at 2024-06-03T10:30:26Z with exit-code 1.
...
000 (6709974.000.000) 06/03 13:34:03 Job submitted from host: <137.138.55.115:9618?addrs=137.138.55.115-9618+[2001-1458-d00-17--12a]-9618&alias=bigbird23.cern.ch&noUDP&sock=schedd_23881_f548>
...
040 (6709974.000.000) 06/03 13:35:53 Started transferring input files
	Transferring to host: <128.142.57.138:9618?addrs=128.142.57.138-9618&alias=b7s02p8098.cern.ch&noUDP&sock=slot1_19_6919_cfb2_154577>
...
040 (6709974.000.000) 06/03 13:35:53 Finished transferring input files
...
001 (6709974.000.000) 06/03 13:35:54 Job executing on host: <128.142.57.138:9618?addrs=128.142.57.138-9618&alias=b7s02p8098.cern.ch&noUDP&sock=startd_6855_89ce>
	SlotName: slot1_19@b7s02p8098.cern.ch
...
006 (6709974.000.000) 06/03 13:36:03 Image size of job updated: 855288
	157  -  MemoryUsage of job (MB)
	160124  -  ResidentSetSize of job (KB)
...
040 (6709974.000.000) 06/03 13:36:04 Started transferring output files
...
040 (6709974.000.000) 06/03 13:36:04 Finished transferring output files
...
005 (6709974.000.000) 06/03 13:36:04 Job terminated.
	(1) Normal termination (return value 1)
		Usr 0 00:00:02, Sys 0 00:00:01  -  Run Remote Usage
		Usr 0 00:00:00, Sys 0 00:00:00  -  Run Local Usage
		Usr 0 00:00:02, Sys 0 00:00:01  -  Total Remote Usage
		Usr 0 00:00:00, Sys 0 00:00:00  -  Total Local Usage
	6172  -  Run Bytes Sent By Job
	10941  -  Run Bytes Received By Job
	6172  -  Total Bytes Sent By Job
	10941  -  Total Bytes Received By Job
	Partitionable Resources :    Usage  Request Allocated 
	   Cpus                 :                 1         1 
	   Disk (KB)            :       30       12   1336228 
	   Memory (MB)          :      157     2000      2000 

	Job terminated of its own accord at 2024-06-03T11:36:04Z with exit-code 1.
...
000 (6711072.000.000) 06/03 14:46:53 Job submitted from host: <137.138.55.115:9618?addrs=137.138.55.115-9618+[2001-1458-d00-17--12a]-9618&alias=bigbird23.cern.ch&noUDP&sock=schedd_23881_f548>
...
040 (6711072.000.000) 06/03 14:52:02 Started transferring input files
	Transferring to host: <128.142.57.22:9618?addrs=128.142.57.22-9618+[2001-1458-301-7--100-15]-9618&alias=b7s02p4264.cern.ch&noUDP&sock=slot1_16_7121_237b_153360>
...
040 (6711072.000.000) 06/03 14:52:02 Finished transferring input files
...
001 (6711072.000.000) 06/03 14:52:03 Job executing on host: <128.142.57.22:9618?addrs=128.142.57.22-9618+[2001-1458-301-7--100-15]-9618&alias=b7s02p4264.cern.ch&noUDP&sock=startd_7082_3dcd>
	SlotName: slot1_16@b7s02p4264.cern.ch
...
006 (6711072.000.000) 06/03 14:52:12 Image size of job updated: 713880
	183  -  MemoryUsage of job (MB)
	186796  -  ResidentSetSize of job (KB)
...
006 (6711072.000.000) 06/03 14:57:13 Image size of job updated: 985484
	254  -  MemoryUsage of job (MB)
	259288  -  ResidentSetSize of job (KB)
...
006 (6711072.000.000) 06/03 15:02:13 Image size of job updated: 1022092
	287  -  MemoryUsage of job (MB)
	293264  -  ResidentSetSize of job (KB)
...
006 (6711072.000.000) 06/03 15:07:13 Image size of job updated: 1045416
	298  -  MemoryUsage of job (MB)
	305016  -  ResidentSetSize of job (KB)
...
006 (6711072.000.000) 06/03 15:12:14 Image size of job updated: 1045416
	301  -  MemoryUsage of job (MB)
	307700  -  ResidentSetSize of job (KB)
...
006 (6711072.000.000) 06/03 15:17:15 Image size of job updated: 1045416
	321  -  MemoryUsage of job (MB)
	328212  -  ResidentSetSize of job (KB)
...
006 (6711072.000.000) 06/03 15:22:15 Image size of job updated: 1054160
	321  -  MemoryUsage of job (MB)
	328212  -  ResidentSetSize of job (KB)
...
006 (6711072.000.000) 06/03 15:27:16 Image size of job updated: 1062396
	337  -  MemoryUsage of job (MB)
	344424  -  ResidentSetSize of job (KB)
...
006 (6711072.000.000) 06/03 15:32:17 Image size of job updated: 1071164
	337  -  MemoryUsage of job (MB)
	344424  -  ResidentSetSize of job (KB)
...
006 (6711072.000.000) 06/03 15:37:17 Image size of job updated: 1078640
	337  -  MemoryUsage of job (MB)
	344424  -  ResidentSetSize of job (KB)
...
006 (6711072.000.000) 06/03 15:42:18 Image size of job updated: 1086552
	337  -  MemoryUsage of job (MB)
	344424  -  ResidentSetSize of job (KB)
...
006 (6711072.000.000) 06/03 15:47:19 Image size of job updated: 1093424
	337  -  MemoryUsage of job (MB)
	344424  -  ResidentSetSize of job (KB)
...
006 (6711072.000.000) 06/03 15:52:19 Image size of job updated: 1100432
	369  -  MemoryUsage of job (MB)
	377008  -  ResidentSetSize of job (KB)
...
006 (6711072.000.000) 06/03 15:57:20 Image size of job updated: 1107440
	373  -  MemoryUsage of job (MB)
	381756  -  ResidentSetSize of job (KB)
...
006 (6711072.000.000) 06/03 16:02:21 Image size of job updated: 1113676
	373  -  MemoryUsage of job (MB)
	381756  -  ResidentSetSize of job (KB)
...
006 (6711072.000.000) 06/03 16:07:21 Image size of job updated: 1119732
	395  -  MemoryUsage of job (MB)
	403788  -  ResidentSetSize of job (KB)
...
006 (6711072.000.000) 06/03 16:12:21 Image size of job updated: 1126256
	395  -  MemoryUsage of job (MB)
	403788  -  ResidentSetSize of job (KB)
...
006 (6711072.000.000) 06/03 16:17:22 Image size of job updated: 1132372
	395  -  MemoryUsage of job (MB)
	403788  -  ResidentSetSize of job (KB)
...
006 (6711072.000.000) 06/03 16:22:22 Image size of job updated: 1138512
	395  -  MemoryUsage of job (MB)
	403788  -  ResidentSetSize of job (KB)
...
006 (6711072.000.000) 06/03 16:27:22 Image size of job updated: 1144180
	395  -  MemoryUsage of job (MB)
	403788  -  ResidentSetSize of job (KB)
...
006 (6711072.000.000) 06/03 16:32:23 Image size of job updated: 1149784
	412  -  MemoryUsage of job (MB)
	421584  -  ResidentSetSize of job (KB)
...
006 (6711072.000.000) 06/03 16:37:23 Image size of job updated: 1155536
	419  -  MemoryUsage of job (MB)
	428528  -  ResidentSetSize of job (KB)
...
006 (6711072.000.000) 06/03 16:42:23 Image size of job updated: 1160928
	428  -  MemoryUsage of job (MB)
	437576  -  ResidentSetSize of job (KB)
...
006 (6711072.000.000) 06/03 16:47:24 Image size of job updated: 1166408
	434  -  MemoryUsage of job (MB)
	443924  -  ResidentSetSize of job (KB)
...
006 (6711072.000.000) 06/03 16:52:24 Image size of job updated: 1171204
	434  -  MemoryUsage of job (MB)
	443924  -  ResidentSetSize of job (KB)
...
006 (6711072.000.000) 06/03 16:57:24 Image size of job updated: 1176412
	434  -  MemoryUsage of job (MB)
	443924  -  ResidentSetSize of job (KB)
...
006 (6711072.000.000) 06/03 17:02:26 Image size of job updated: 1181196
	434  -  MemoryUsage of job (MB)
	443924  -  ResidentSetSize of job (KB)
...
006 (6711072.000.000) 06/03 17:07:26 Image size of job updated: 1186736
	456  -  MemoryUsage of job (MB)
	465964  -  ResidentSetSize of job (KB)
...
006 (6711072.000.000) 06/03 17:12:26 Image size of job updated: 1191488
	456  -  MemoryUsage of job (MB)
	465964  -  ResidentSetSize of job (KB)
...
006 (6711072.000.000) 06/03 17:17:27 Image size of job updated: 1196364
	466  -  MemoryUsage of job (MB)
	476880  -  ResidentSetSize of job (KB)
...
006 (6711072.000.000) 06/03 17:22:28 Image size of job updated: 1205012
	466  -  MemoryUsage of job (MB)
	476880  -  ResidentSetSize of job (KB)
...
006 (6711072.000.000) 06/03 17:27:28 Image size of job updated: 1209408
	466  -  MemoryUsage of job (MB)
	476880  -  ResidentSetSize of job (KB)
...
006 (6711072.000.000) 06/03 17:32:28 Image size of job updated: 1214344
	466  -  MemoryUsage of job (MB)
	476880  -  ResidentSetSize of job (KB)
...
006 (6711072.000.000) 06/03 17:37:29 Image size of job updated: 1218772
	471  -  MemoryUsage of job (MB)
	481532  -  ResidentSetSize of job (KB)
...
006 (6711072.000.000) 06/03 17:42:29 Image size of job updated: 1223200
	487  -  MemoryUsage of job (MB)
	498492  -  ResidentSetSize of job (KB)
...
006 (6711072.000.000) 06/03 17:47:29 Image size of job updated: 1227636
	487  -  MemoryUsage of job (MB)
	498492  -  ResidentSetSize of job (KB)
...
006 (6711072.000.000) 06/03 17:52:30 Image size of job updated: 1231960
	487  -  MemoryUsage of job (MB)
	498492  -  ResidentSetSize of job (KB)
...
006 (6711072.000.000) 06/03 17:57:31 Image size of job updated: 1233580
	487  -  MemoryUsage of job (MB)
	498492  -  ResidentSetSize of job (KB)
...
006 (6711072.000.000) 06/03 18:37:36 Image size of job updated: 1233580
	492  -  MemoryUsage of job (MB)
	503748  -  ResidentSetSize of job (KB)
...
006 (6711072.000.000) 06/03 18:52:38 Image size of job updated: 1235804
	492  -  MemoryUsage of job (MB)
	503748  -  ResidentSetSize of job (KB)
...
006 (6711072.000.000) 06/03 18:57:39 Image size of job updated: 1239224
	492  -  MemoryUsage of job (MB)
	503748  -  ResidentSetSize of job (KB)
...
006 (6711072.000.000) 06/03 19:02:39 Image size of job updated: 1240120
	492  -  MemoryUsage of job (MB)
	503748  -  ResidentSetSize of job (KB)
...
006 (6711072.000.000) 06/03 19:07:40 Image size of job updated: 1244136
	492  -  MemoryUsage of job (MB)
	503748  -  ResidentSetSize of job (KB)
...
006 (6711072.000.000) 06/03 19:12:40 Image size of job updated: 1246100
	492  -  MemoryUsage of job (MB)
	503748  -  ResidentSetSize of job (KB)
...
006 (6711072.000.000) 06/03 19:17:40 Image size of job updated: 1249064
	492  -  MemoryUsage of job (MB)
	503748  -  ResidentSetSize of job (KB)
...
006 (6711072.000.000) 06/03 19:22:41 Image size of job updated: 1251212
	492  -  MemoryUsage of job (MB)
	503748  -  ResidentSetSize of job (KB)
...
006 (6711072.000.000) 06/03 19:27:41 Image size of job updated: 1253848
	492  -  MemoryUsage of job (MB)
	503748  -  ResidentSetSize of job (KB)
...
006 (6711072.000.000) 06/03 19:32:42 Image size of job updated: 1256328
	492  -  MemoryUsage of job (MB)
	503748  -  ResidentSetSize of job (KB)
...
006 (6711072.000.000) 06/03 19:37:43 Image size of job updated: 1257928
	492  -  MemoryUsage of job (MB)
	503748  -  ResidentSetSize of job (KB)
...
006 (6711072.000.000) 06/03 19:47:44 Image size of job updated: 1259316
	492  -  MemoryUsage of job (MB)
	503748  -  ResidentSetSize of job (KB)
...
006 (6711072.000.000) 06/03 19:52:45 Image size of job updated: 1263036
	492  -  MemoryUsage of job (MB)
	503748  -  ResidentSetSize of job (KB)
...
006 (6711072.000.000) 06/03 19:57:45 Image size of job updated: 1269772
	492  -  MemoryUsage of job (MB)
	503748  -  ResidentSetSize of job (KB)
...
006 (6711072.000.000) 06/03 21:02:53 Image size of job updated: 1269772
	512  -  MemoryUsage of job (MB)
	523464  -  ResidentSetSize of job (KB)
...
006 (6711072.000.000) 06/03 21:07:53 Image size of job updated: 1269772
	519  -  MemoryUsage of job (MB)
	530980  -  ResidentSetSize of job (KB)
...
006 (6711072.000.000) 06/03 21:22:55 Image size of job updated: 1270956
	519  -  MemoryUsage of job (MB)
	530980  -  ResidentSetSize of job (KB)
...
006 (6711072.000.000) 06/03 21:27:55 Image size of job updated: 1273016
	519  -  MemoryUsage of job (MB)
	530980  -  ResidentSetSize of job (KB)
...
006 (6711072.000.000) 06/03 21:32:56 Image size of job updated: 1274844
	519  -  MemoryUsage of job (MB)
	530980  -  ResidentSetSize of job (KB)
...
006 (6711072.000.000) 06/03 21:37:56 Image size of job updated: 1276696
	519  -  MemoryUsage of job (MB)
	530980  -  ResidentSetSize of job (KB)
...
006 (6711072.000.000) 06/03 21:42:56 Image size of job updated: 1278408
	529  -  MemoryUsage of job (MB)
	541424  -  ResidentSetSize of job (KB)
...
006 (6711072.000.000) 06/03 21:47:57 Image size of job updated: 1280396
	529  -  MemoryUsage of job (MB)
	541424  -  ResidentSetSize of job (KB)
...
006 (6711072.000.000) 06/03 21:52:57 Image size of job updated: 1281956
	529  -  MemoryUsage of job (MB)
	541424  -  ResidentSetSize of job (KB)
...
006 (6711072.000.000) 06/03 21:57:57 Image size of job updated: 1283992
	529  -  MemoryUsage of job (MB)
	541424  -  ResidentSetSize of job (KB)
...
006 (6711072.000.000) 06/03 22:02:58 Image size of job updated: 1285736
	529  -  MemoryUsage of job (MB)
	541424  -  ResidentSetSize of job (KB)
...
006 (6711072.000.000) 06/03 22:07:59 Image size of job updated: 1287496
	555  -  MemoryUsage of job (MB)
	567640  -  ResidentSetSize of job (KB)
...
006 (6711072.000.000) 06/03 22:12:59 Image size of job updated: 1289552
	555  -  MemoryUsage of job (MB)
	567640  -  ResidentSetSize of job (KB)
...
006 (6711072.000.000) 06/03 22:18:00 Image size of job updated: 1291228
	555  -  MemoryUsage of job (MB)
	567640  -  ResidentSetSize of job (KB)
...
006 (6711072.000.000) 06/03 22:23:01 Image size of job updated: 1292928
	555  -  MemoryUsage of job (MB)
	567640  -  ResidentSetSize of job (KB)
...
006 (6711072.000.000) 06/03 22:28:01 Image size of job updated: 1294904
	555  -  MemoryUsage of job (MB)
	567640  -  ResidentSetSize of job (KB)
...
006 (6711072.000.000) 06/03 22:33:01 Image size of job updated: 1296784
	555  -  MemoryUsage of job (MB)
	567640  -  ResidentSetSize of job (KB)
...
006 (6711072.000.000) 06/03 22:38:03 Image size of job updated: 1298392
	555  -  MemoryUsage of job (MB)
	567640  -  ResidentSetSize of job (KB)
...
006 (6711072.000.000) 06/03 22:43:04 Image size of job updated: 1300528
	555  -  MemoryUsage of job (MB)
	567640  -  ResidentSetSize of job (KB)
...
006 (6711072.000.000) 06/03 22:48:04 Image size of job updated: 1302156
	555  -  MemoryUsage of job (MB)
	567640  -  ResidentSetSize of job (KB)
...
006 (6711072.000.000) 06/03 22:53:04 Image size of job updated: 1304072
	562  -  MemoryUsage of job (MB)
	575432  -  ResidentSetSize of job (KB)
...
006 (6711072.000.000) 06/03 22:58:05 Image size of job updated: 1305732
	568  -  MemoryUsage of job (MB)
	580944  -  ResidentSetSize of job (KB)
...
006 (6711072.000.000) 06/03 23:03:06 Image size of job updated: 1307704
	568  -  MemoryUsage of job (MB)
	580944  -  ResidentSetSize of job (KB)
...
006 (6711072.000.000) 06/03 23:08:06 Image size of job updated: 1309360
	568  -  MemoryUsage of job (MB)
	580944  -  ResidentSetSize of job (KB)
...
006 (6711072.000.000) 06/03 23:13:06 Image size of job updated: 1311288
	568  -  MemoryUsage of job (MB)
	580944  -  ResidentSetSize of job (KB)
...
006 (6711072.000.000) 06/03 23:18:07 Image size of job updated: 1312880
	568  -  MemoryUsage of job (MB)
	580944  -  ResidentSetSize of job (KB)
...
006 (6711072.000.000) 06/03 23:23:08 Image size of job updated: 1315160
	568  -  MemoryUsage of job (MB)
	580944  -  ResidentSetSize of job (KB)
...
006 (6711072.000.000) 06/03 23:28:08 Image size of job updated: 1317044
	568  -  MemoryUsage of job (MB)
	580944  -  ResidentSetSize of job (KB)
...
006 (6711072.000.000) 06/03 23:33:09 Image size of job updated: 1318656
	568  -  MemoryUsage of job (MB)
	580944  -  ResidentSetSize of job (KB)
...
006 (6711072.000.000) 06/03 23:38:10 Image size of job updated: 1320724
	568  -  MemoryUsage of job (MB)
	580944  -  ResidentSetSize of job (KB)
...
006 (6711072.000.000) 06/03 23:43:10 Image size of job updated: 1322424
	568  -  MemoryUsage of job (MB)
	580944  -  ResidentSetSize of job (KB)
...
006 (6711072.000.000) 06/03 23:48:10 Image size of job updated: 1324332
	568  -  MemoryUsage of job (MB)
	580944  -  ResidentSetSize of job (KB)
...
006 (6711072.000.000) 06/03 23:53:11 Image size of job updated: 1326020
	568  -  MemoryUsage of job (MB)
	580944  -  ResidentSetSize of job (KB)
...
006 (6711072.000.000) 06/03 23:58:12 Image size of job updated: 1327960
	568  -  MemoryUsage of job (MB)
	580944  -  ResidentSetSize of job (KB)
...
006 (6711072.000.000) 06/04 00:03:12 Image size of job updated: 1329912
	568  -  MemoryUsage of job (MB)
	580944  -  ResidentSetSize of job (KB)
...
006 (6711072.000.000) 06/04 00:08:12 Image size of job updated: 1331588
	577  -  MemoryUsage of job (MB)
	590736  -  ResidentSetSize of job (KB)
...
006 (6711072.000.000) 06/04 00:13:13 Image size of job updated: 1332876
	586  -  MemoryUsage of job (MB)
	599240  -  ResidentSetSize of job (KB)
...
006 (6711072.000.000) 06/04 00:18:13 Image size of job updated: 1334888
	586  -  MemoryUsage of job (MB)
	599240  -  ResidentSetSize of job (KB)
...
006 (6711072.000.000) 06/04 00:23:13 Image size of job updated: 1336504
	586  -  MemoryUsage of job (MB)
	599240  -  ResidentSetSize of job (KB)
...
006 (6711072.000.000) 06/04 00:28:14 Image size of job updated: 1338032
	586  -  MemoryUsage of job (MB)
	599240  -  ResidentSetSize of job (KB)
...
006 (6711072.000.000) 06/04 00:33:15 Image size of job updated: 1339628
	586  -  MemoryUsage of job (MB)
	599240  -  ResidentSetSize of job (KB)
...
006 (6711072.000.000) 06/04 00:38:15 Image size of job updated: 1341180
	586  -  MemoryUsage of job (MB)
	599240  -  ResidentSetSize of job (KB)
...
006 (6711072.000.000) 06/04 00:43:15 Image size of job updated: 1342556
	586  -  MemoryUsage of job (MB)
	599240  -  ResidentSetSize of job (KB)
...
006 (6711072.000.000) 06/04 00:48:16 Image size of job updated: 1343916
	586  -  MemoryUsage of job (MB)
	599240  -  ResidentSetSize of job (KB)
...
006 (6711072.000.000) 06/04 00:53:16 Image size of job updated: 1345900
	586  -  MemoryUsage of job (MB)
	599240  -  ResidentSetSize of job (KB)
...
006 (6711072.000.000) 06/04 00:58:16 Image size of job updated: 1347480
	586  -  MemoryUsage of job (MB)
	599240  -  ResidentSetSize of job (KB)
...
006 (6711072.000.000) 06/04 01:03:17 Image size of job updated: 1349196
	586  -  MemoryUsage of job (MB)
	599240  -  ResidentSetSize of job (KB)
...
006 (6711072.000.000) 06/04 01:08:18 Image size of job updated: 1350852
	595  -  MemoryUsage of job (MB)
	609092  -  ResidentSetSize of job (KB)
...
006 (6711072.000.000) 06/04 01:13:18 Image size of job updated: 1352340
	600  -  MemoryUsage of job (MB)
	613880  -  ResidentSetSize of job (KB)
...
006 (6711072.000.000) 06/04 01:18:19 Image size of job updated: 1353876
	600  -  MemoryUsage of job (MB)
	613880  -  ResidentSetSize of job (KB)
...
006 (6711072.000.000) 06/04 01:23:20 Image size of job updated: 1355560
	600  -  MemoryUsage of job (MB)
	613880  -  ResidentSetSize of job (KB)
...
006 (6711072.000.000) 06/04 01:28:20 Image size of job updated: 1357244
	605  -  MemoryUsage of job (MB)
	619076  -  ResidentSetSize of job (KB)
...
006 (6711072.000.000) 06/04 01:33:20 Image size of job updated: 1358796
	605  -  MemoryUsage of job (MB)
	619076  -  ResidentSetSize of job (KB)
...
006 (6711072.000.000) 06/04 01:38:21 Image size of job updated: 1360380
	605  -  MemoryUsage of job (MB)
	619076  -  ResidentSetSize of job (KB)
...
006 (6711072.000.000) 06/04 01:43:22 Image size of job updated: 1362112
	605  -  MemoryUsage of job (MB)
	619076  -  ResidentSetSize of job (KB)
...
006 (6711072.000.000) 06/04 01:48:22 Image size of job updated: 1363592
	605  -  MemoryUsage of job (MB)
	619076  -  ResidentSetSize of job (KB)
...
006 (6711072.000.000) 06/04 01:53:23 Image size of job updated: 1365152
	605  -  MemoryUsage of job (MB)
	619076  -  ResidentSetSize of job (KB)
...
006 (6711072.000.000) 06/04 01:58:24 Image size of job updated: 1366576
	609  -  MemoryUsage of job (MB)
	623032  -  ResidentSetSize of job (KB)
...
006 (6711072.000.000) 06/04 02:03:24 Image size of job updated: 1368128
	609  -  MemoryUsage of job (MB)
	623032  -  ResidentSetSize of job (KB)
...
006 (6711072.000.000) 06/04 02:08:24 Image size of job updated: 1369704
	609  -  MemoryUsage of job (MB)
	623032  -  ResidentSetSize of job (KB)
...
006 (6711072.000.000) 06/04 02:13:25 Image size of job updated: 1371220
	609  -  MemoryUsage of job (MB)
	623032  -  ResidentSetSize of job (KB)
...
006 (6711072.000.000) 06/04 02:18:25 Image size of job updated: 1372868
	609  -  MemoryUsage of job (MB)
	623032  -  ResidentSetSize of job (KB)
...
006 (6711072.000.000) 06/04 02:23:25 Image size of job updated: 1374256
	609  -  MemoryUsage of job (MB)
	623032  -  ResidentSetSize of job (KB)
...
006 (6711072.000.000) 06/04 02:28:26 Image size of job updated: 1375896
	609  -  MemoryUsage of job (MB)
	623032  -  ResidentSetSize of job (KB)
...
006 (6711072.000.000) 06/04 02:33:27 Image size of job updated: 1377504
	609  -  MemoryUsage of job (MB)
	623032  -  ResidentSetSize of job (KB)
...
006 (6711072.000.000) 06/04 02:38:27 Image size of job updated: 1378900
	609  -  MemoryUsage of job (MB)
	623032  -  ResidentSetSize of job (KB)
...
006 (6711072.000.000) 06/04 02:43:27 Image size of job updated: 1380584
	609  -  MemoryUsage of job (MB)
	623032  -  ResidentSetSize of job (KB)
...
006 (6711072.000.000) 06/04 02:48:28 Image size of job updated: 1382020
	609  -  MemoryUsage of job (MB)
	623032  -  ResidentSetSize of job (KB)
...
006 (6711072.000.000) 06/04 02:53:29 Image size of job updated: 1383796
	649  -  MemoryUsage of job (MB)
	664448  -  ResidentSetSize of job (KB)
...
006 (6711072.000.000) 06/04 02:58:29 Image size of job updated: 1385336
	649  -  MemoryUsage of job (MB)
	664448  -  ResidentSetSize of job (KB)
...
006 (6711072.000.000) 06/04 03:03:30 Image size of job updated: 1387012
	649  -  MemoryUsage of job (MB)
	664448  -  ResidentSetSize of job (KB)
...
006 (6711072.000.000) 06/04 03:08:31 Image size of job updated: 1388496
	649  -  MemoryUsage of job (MB)
	664448  -  ResidentSetSize of job (KB)
...
006 (6711072.000.000) 06/04 03:13:31 Image size of job updated: 1390036
	649  -  MemoryUsage of job (MB)
	664448  -  ResidentSetSize of job (KB)
...
006 (6711072.000.000) 06/04 03:18:31 Image size of job updated: 1391760
	649  -  MemoryUsage of job (MB)
	664448  -  ResidentSetSize of job (KB)
...
006 (6711072.000.000) 06/04 03:23:32 Image size of job updated: 1393332
	654  -  MemoryUsage of job (MB)
	668740  -  ResidentSetSize of job (KB)
...
006 (6711072.000.000) 06/04 03:28:33 Image size of job updated: 1394820
	654  -  MemoryUsage of job (MB)
	668740  -  ResidentSetSize of job (KB)
...
006 (6711072.000.000) 06/04 03:33:33 Image size of job updated: 1396272
	654  -  MemoryUsage of job (MB)
	668740  -  ResidentSetSize of job (KB)
...
006 (6711072.000.000) 06/04 03:38:34 Image size of job updated: 1397988
	654  -  MemoryUsage of job (MB)
	668740  -  ResidentSetSize of job (KB)
...
006 (6711072.000.000) 06/04 03:43:35 Image size of job updated: 1399400
	665  -  MemoryUsage of job (MB)
	679948  -  ResidentSetSize of job (KB)
...
006 (6711072.000.000) 06/04 03:48:35 Image size of job updated: 1400888
	665  -  MemoryUsage of job (MB)
	679948  -  ResidentSetSize of job (KB)
...
006 (6711072.000.000) 06/04 03:53:35 Image size of job updated: 1402604
	665  -  MemoryUsage of job (MB)
	679948  -  ResidentSetSize of job (KB)
...
006 (6711072.000.000) 06/04 03:58:36 Image size of job updated: 1404088
	665  -  MemoryUsage of job (MB)
	679948  -  ResidentSetSize of job (KB)
...
006 (6711072.000.000) 06/04 04:03:36 Image size of job updated: 1405552
	665  -  MemoryUsage of job (MB)
	679948  -  ResidentSetSize of job (KB)
...
006 (6711072.000.000) 06/04 04:08:36 Image size of job updated: 1407196
	665  -  MemoryUsage of job (MB)
	679948  -  ResidentSetSize of job (KB)
...
006 (6711072.000.000) 06/04 04:13:37 Image size of job updated: 1408720
	665  -  MemoryUsage of job (MB)
	679948  -  ResidentSetSize of job (KB)
...
006 (6711072.000.000) 06/04 04:18:38 Image size of job updated: 1410136
	665  -  MemoryUsage of job (MB)
	679948  -  ResidentSetSize of job (KB)
...
006 (6711072.000.000) 06/04 04:23:38 Image size of job updated: 1411504
	665  -  MemoryUsage of job (MB)
	679948  -  ResidentSetSize of job (KB)
...
006 (6711072.000.000) 06/04 04:28:38 Image size of job updated: 1412808
	665  -  MemoryUsage of job (MB)
	679948  -  ResidentSetSize of job (KB)
...
006 (6711072.000.000) 06/04 04:33:39 Image size of job updated: 1414352
	665  -  MemoryUsage of job (MB)
	679948  -  ResidentSetSize of job (KB)
...
006 (6711072.000.000) 06/04 04:38:40 Image size of job updated: 1415692
	665  -  MemoryUsage of job (MB)
	679948  -  ResidentSetSize of job (KB)
...
006 (6711072.000.000) 06/04 04:43:40 Image size of job updated: 1416856
	665  -  MemoryUsage of job (MB)
	679948  -  ResidentSetSize of job (KB)
...
006 (6711072.000.000) 06/04 04:48:41 Image size of job updated: 1418368
	665  -  MemoryUsage of job (MB)
	679948  -  ResidentSetSize of job (KB)
...
006 (6711072.000.000) 06/04 04:53:42 Image size of job updated: 1419672
	665  -  MemoryUsage of job (MB)
	679948  -  ResidentSetSize of job (KB)
...
006 (6711072.000.000) 06/04 04:58:42 Image size of job updated: 1421048
	665  -  MemoryUsage of job (MB)
	679948  -  ResidentSetSize of job (KB)
...
006 (6711072.000.000) 06/04 05:03:42 Image size of job updated: 1422388
	665  -  MemoryUsage of job (MB)
	679948  -  ResidentSetSize of job (KB)
...
006 (6711072.000.000) 06/04 05:08:43 Image size of job updated: 1423876
	665  -  MemoryUsage of job (MB)
	679948  -  ResidentSetSize of job (KB)
...
006 (6711072.000.000) 06/04 05:13:44 Image size of job updated: 1425240
	665  -  MemoryUsage of job (MB)
	679948  -  ResidentSetSize of job (KB)
...
006 (6711072.000.000) 06/04 05:18:44 Image size of job updated: 1426488
	665  -  MemoryUsage of job (MB)
	679948  -  ResidentSetSize of job (KB)
...
006 (6711072.000.000) 06/04 05:23:44 Image size of job updated: 1427840
	665  -  MemoryUsage of job (MB)
	679948  -  ResidentSetSize of job (KB)
...
006 (6711072.000.000) 06/04 05:28:45 Image size of job updated: 1429300
	665  -  MemoryUsage of job (MB)
	679948  -  ResidentSetSize of job (KB)
...
006 (6711072.000.000) 06/04 05:33:46 Image size of job updated: 1430672
	665  -  MemoryUsage of job (MB)
	679948  -  ResidentSetSize of job (KB)
...
006 (6711072.000.000) 06/04 05:38:46 Image size of job updated: 1432132
	665  -  MemoryUsage of job (MB)
	679948  -  ResidentSetSize of job (KB)
...
006 (6711072.000.000) 06/04 05:43:46 Image size of job updated: 1433568
	665  -  MemoryUsage of job (MB)
	679948  -  ResidentSetSize of job (KB)
...
006 (6711072.000.000) 06/04 05:48:47 Image size of job updated: 1434912
	665  -  MemoryUsage of job (MB)
	679948  -  ResidentSetSize of job (KB)
...
006 (6711072.000.000) 06/04 05:53:47 Image size of job updated: 1436400
	665  -  MemoryUsage of job (MB)
	679948  -  ResidentSetSize of job (KB)
...
006 (6711072.000.000) 06/04 05:58:47 Image size of job updated: 1437608
	665  -  MemoryUsage of job (MB)
	679948  -  ResidentSetSize of job (KB)
...
006 (6711072.000.000) 06/04 06:03:48 Image size of job updated: 1439292
	665  -  MemoryUsage of job (MB)
	679948  -  ResidentSetSize of job (KB)
...
006 (6711072.000.000) 06/04 06:08:49 Image size of job updated: 1440584
	672  -  MemoryUsage of job (MB)
	687296  -  ResidentSetSize of job (KB)
...
006 (6711072.000.000) 06/04 06:13:49 Image size of job updated: 1441892
	677  -  MemoryUsage of job (MB)
	693216  -  ResidentSetSize of job (KB)
...
006 (6711072.000.000) 06/04 06:18:49 Image size of job updated: 1443268
	677  -  MemoryUsage of job (MB)
	693216  -  ResidentSetSize of job (KB)
...
006 (6711072.000.000) 06/04 06:23:50 Image size of job updated: 1444652
	677  -  MemoryUsage of job (MB)
	693216  -  ResidentSetSize of job (KB)
...
006 (6711072.000.000) 06/04 06:28:50 Image size of job updated: 1446032
	677  -  MemoryUsage of job (MB)
	693216  -  ResidentSetSize of job (KB)
...
006 (6711072.000.000) 06/04 06:33:50 Image size of job updated: 1447544
	713  -  MemoryUsage of job (MB)
	729816  -  ResidentSetSize of job (KB)
...
006 (6711072.000.000) 06/04 06:38:51 Image size of job updated: 1448924
	713  -  MemoryUsage of job (MB)
	729816  -  ResidentSetSize of job (KB)
...
006 (6711072.000.000) 06/04 06:43:52 Image size of job updated: 1450236
	713  -  MemoryUsage of job (MB)
	729816  -  ResidentSetSize of job (KB)
...
006 (6711072.000.000) 06/04 06:48:52 Image size of job updated: 1451620
	713  -  MemoryUsage of job (MB)
	729816  -  ResidentSetSize of job (KB)
...
006 (6711072.000.000) 06/04 06:53:53 Image size of job updated: 1453032
	714  -  MemoryUsage of job (MB)
	730728  -  ResidentSetSize of job (KB)
...
006 (6711072.000.000) 06/04 06:58:54 Image size of job updated: 1454288
	719  -  MemoryUsage of job (MB)
	735556  -  ResidentSetSize of job (KB)
...
006 (6711072.000.000) 06/04 07:03:54 Image size of job updated: 1455840
	719  -  MemoryUsage of job (MB)
	735556  -  ResidentSetSize of job (KB)
...
006 (6711072.000.000) 06/04 07:08:54 Image size of job updated: 1457208
	719  -  MemoryUsage of job (MB)
	735556  -  ResidentSetSize of job (KB)
...
006 (6711072.000.000) 06/04 07:13:56 Image size of job updated: 1458512
	727  -  MemoryUsage of job (MB)
	743612  -  ResidentSetSize of job (KB)
...
006 (6711072.000.000) 06/04 07:18:56 Image size of job updated: 1459904
	727  -  MemoryUsage of job (MB)
	743612  -  ResidentSetSize of job (KB)
...
006 (6711072.000.000) 06/04 07:23:56 Image size of job updated: 1461240
	727  -  MemoryUsage of job (MB)
	743612  -  ResidentSetSize of job (KB)
...
006 (6711072.000.000) 06/04 07:28:57 Image size of job updated: 1462512
	727  -  MemoryUsage of job (MB)
	743612  -  ResidentSetSize of job (KB)
...
006 (6711072.000.000) 06/04 07:33:58 Image size of job updated: 1463728
	727  -  MemoryUsage of job (MB)
	743612  -  ResidentSetSize of job (KB)
...
006 (6711072.000.000) 06/04 07:38:58 Image size of job updated: 1465040
	727  -  MemoryUsage of job (MB)
	743612  -  ResidentSetSize of job (KB)
...
006 (6711072.000.000) 06/04 07:43:58 Image size of job updated: 1466312
	727  -  MemoryUsage of job (MB)
	743612  -  ResidentSetSize of job (KB)
...
006 (6711072.000.000) 06/04 07:48:59 Image size of job updated: 1467556
	727  -  MemoryUsage of job (MB)
	743612  -  ResidentSetSize of job (KB)
...
006 (6711072.000.000) 06/04 07:54:00 Image size of job updated: 1468940
	727  -  MemoryUsage of job (MB)
	743612  -  ResidentSetSize of job (KB)
...
006 (6711072.000.000) 06/04 07:59:00 Image size of job updated: 1470232
	727  -  MemoryUsage of job (MB)
	743612  -  ResidentSetSize of job (KB)
...
006 (6711072.000.000) 06/04 08:04:01 Image size of job updated: 1471552
	727  -  MemoryUsage of job (MB)
	743612  -  ResidentSetSize of job (KB)
...
006 (6711072.000.000) 06/04 08:09:02 Image size of job updated: 1472856
	727  -  MemoryUsage of job (MB)
	743612  -  ResidentSetSize of job (KB)
...
006 (6711072.000.000) 06/04 08:14:02 Image size of job updated: 1474172
	727  -  MemoryUsage of job (MB)
	743612  -  ResidentSetSize of job (KB)
...
006 (6711072.000.000) 06/04 08:19:02 Image size of job updated: 1475400
	727  -  MemoryUsage of job (MB)
	743612  -  ResidentSetSize of job (KB)
...
006 (6711072.000.000) 06/04 08:24:03 Image size of job updated: 1476632
	727  -  MemoryUsage of job (MB)
	743612  -  ResidentSetSize of job (KB)
...
006 (6711072.000.000) 06/04 08:29:03 Image size of job updated: 1477956
	727  -  MemoryUsage of job (MB)
	743612  -  ResidentSetSize of job (KB)
...
006 (6711072.000.000) 06/04 08:34:03 Image size of job updated: 1479236
	727  -  MemoryUsage of job (MB)
	743612  -  ResidentSetSize of job (KB)
...
006 (6711072.000.000) 06/04 08:39:04 Image size of job updated: 1480548
	727  -  MemoryUsage of job (MB)
	743612  -  ResidentSetSize of job (KB)
...
006 (6711072.000.000) 06/04 08:44:05 Image size of job updated: 1481724
	732  -  MemoryUsage of job (MB)
	749404  -  ResidentSetSize of job (KB)
...
006 (6711072.000.000) 06/04 08:49:05 Image size of job updated: 1482784
	732  -  MemoryUsage of job (MB)
	749404  -  ResidentSetSize of job (KB)
...
006 (6711072.000.000) 06/04 08:54:05 Image size of job updated: 1484016
	732  -  MemoryUsage of job (MB)
	749404  -  ResidentSetSize of job (KB)
...
006 (6711072.000.000) 06/04 08:59:06 Image size of job updated: 1485184
	732  -  MemoryUsage of job (MB)
	749404  -  ResidentSetSize of job (KB)
...
006 (6711072.000.000) 06/04 09:04:07 Image size of job updated: 1486444
	732  -  MemoryUsage of job (MB)
	749404  -  ResidentSetSize of job (KB)
...
006 (6711072.000.000) 06/04 09:09:07 Image size of job updated: 1487708
	732  -  MemoryUsage of job (MB)
	749404  -  ResidentSetSize of job (KB)
...
006 (6711072.000.000) 06/04 09:14:08 Image size of job updated: 1488908
	732  -  MemoryUsage of job (MB)
	749404  -  ResidentSetSize of job (KB)
...
006 (6711072.000.000) 06/04 09:19:09 Image size of job updated: 1490040
	732  -  MemoryUsage of job (MB)
	749404  -  ResidentSetSize of job (KB)
...
006 (6711072.000.000) 06/04 09:24:09 Image size of job updated: 1491296
	732  -  MemoryUsage of job (MB)
	749404  -  ResidentSetSize of job (KB)
...
006 (6711072.000.000) 06/04 09:29:09 Image size of job updated: 1492708
	732  -  MemoryUsage of job (MB)
	749404  -  ResidentSetSize of job (KB)
...
006 (6711072.000.000) 06/04 09:34:10 Image size of job updated: 1493908
	732  -  MemoryUsage of job (MB)
	749404  -  ResidentSetSize of job (KB)
...
006 (6711072.000.000) 06/04 09:39:10 Image size of job updated: 1495084
	753  -  MemoryUsage of job (MB)
	770820  -  ResidentSetSize of job (KB)
...
006 (6711072.000.000) 06/04 09:44:10 Image size of job updated: 1496272
	759  -  MemoryUsage of job (MB)
	776956  -  ResidentSetSize of job (KB)
...
006 (6711072.000.000) 06/04 09:49:11 Image size of job updated: 1497440
	759  -  MemoryUsage of job (MB)
	776956  -  ResidentSetSize of job (KB)
...
006 (6711072.000.000) 06/04 09:54:12 Image size of job updated: 1498604
	759  -  MemoryUsage of job (MB)
	776956  -  ResidentSetSize of job (KB)
...
006 (6711072.000.000) 06/04 09:59:12 Image size of job updated: 1499556
	759  -  MemoryUsage of job (MB)
	776956  -  ResidentSetSize of job (KB)
...
006 (6711072.000.000) 06/04 10:04:13 Image size of job updated: 1500780
	759  -  MemoryUsage of job (MB)
	776956  -  ResidentSetSize of job (KB)
...
006 (6711072.000.000) 06/04 10:09:13 Image size of job updated: 1501780
	759  -  MemoryUsage of job (MB)
	777156  -  ResidentSetSize of job (KB)
...
006 (6711072.000.000) 06/04 10:14:13 Image size of job updated: 1502972
	765  -  MemoryUsage of job (MB)
	782680  -  ResidentSetSize of job (KB)
...
006 (6711072.000.000) 06/04 10:19:14 Image size of job updated: 1504072
	765  -  MemoryUsage of job (MB)
	782680  -  ResidentSetSize of job (KB)
...
006 (6711072.000.000) 06/04 10:24:15 Image size of job updated: 1505172
	765  -  MemoryUsage of job (MB)
	782680  -  ResidentSetSize of job (KB)
...
006 (6711072.000.000) 06/04 10:29:15 Image size of job updated: 1506140
	765  -  MemoryUsage of job (MB)
	782680  -  ResidentSetSize of job (KB)
...
006 (6711072.000.000) 06/04 10:34:16 Image size of job updated: 1507392
	765  -  MemoryUsage of job (MB)
	782680  -  ResidentSetSize of job (KB)
...
006 (6711072.000.000) 06/04 10:39:17 Image size of job updated: 1508484
	765  -  MemoryUsage of job (MB)
	782680  -  ResidentSetSize of job (KB)
...
006 (6711072.000.000) 06/04 10:44:17 Image size of job updated: 1509576
	765  -  MemoryUsage of job (MB)
	782680  -  ResidentSetSize of job (KB)
...
006 (6711072.000.000) 06/04 10:49:18 Image size of job updated: 1510720
	765  -  MemoryUsage of job (MB)
	782680  -  ResidentSetSize of job (KB)
...
006 (6711072.000.000) 06/04 10:54:19 Image size of job updated: 1511780
	765  -  MemoryUsage of job (MB)
	782680  -  ResidentSetSize of job (KB)
...
006 (6711072.000.000) 06/04 10:59:19 Image size of job updated: 1512936
	765  -  MemoryUsage of job (MB)
	782680  -  ResidentSetSize of job (KB)
...
006 (6711072.000.000) 06/04 11:04:20 Image size of job updated: 1514064
	765  -  MemoryUsage of job (MB)
	782680  -  ResidentSetSize of job (KB)
...
006 (6711072.000.000) 06/04 11:09:21 Image size of job updated: 1514976
	765  -  MemoryUsage of job (MB)
	782680  -  ResidentSetSize of job (KB)
...
006 (6711072.000.000) 06/04 11:14:21 Image size of job updated: 1516040
	765  -  MemoryUsage of job (MB)
	782680  -  ResidentSetSize of job (KB)
...
006 (6711072.000.000) 06/04 11:19:21 Image size of job updated: 1517248
	765  -  MemoryUsage of job (MB)
	782680  -  ResidentSetSize of job (KB)
...
006 (6711072.000.000) 06/04 11:24:22 Image size of job updated: 1518200
	765  -  MemoryUsage of job (MB)
	782680  -  ResidentSetSize of job (KB)
...
006 (6711072.000.000) 06/04 11:29:22 Image size of job updated: 1519408
	765  -  MemoryUsage of job (MB)
	782680  -  ResidentSetSize of job (KB)
...
006 (6711072.000.000) 06/04 11:34:22 Image size of job updated: 1520492
	765  -  MemoryUsage of job (MB)
	782680  -  ResidentSetSize of job (KB)
...
006 (6711072.000.000) 06/04 11:39:23 Image size of job updated: 1521544
	765  -  MemoryUsage of job (MB)
	782680  -  ResidentSetSize of job (KB)
...
006 (6711072.000.000) 06/04 11:44:23 Image size of job updated: 1522652
	765  -  MemoryUsage of job (MB)
	782680  -  ResidentSetSize of job (KB)
...
006 (6711072.000.000) 06/04 11:49:23 Image size of job updated: 1523704
	784  -  MemoryUsage of job (MB)
	801992  -  ResidentSetSize of job (KB)
...
006 (6711072.000.000) 06/04 11:54:24 Image size of job updated: 1524764
	789  -  MemoryUsage of job (MB)
	807088  -  ResidentSetSize of job (KB)
...
006 (6711072.000.000) 06/04 11:59:25 Image size of job updated: 1525672
	789  -  MemoryUsage of job (MB)
	807088  -  ResidentSetSize of job (KB)
...
006 (6711072.000.000) 06/04 12:04:25 Image size of job updated: 1526676
	789  -  MemoryUsage of job (MB)
	807088  -  ResidentSetSize of job (KB)
...
006 (6711072.000.000) 06/04 12:09:26 Image size of job updated: 1527728
	789  -  MemoryUsage of job (MB)
	807088  -  ResidentSetSize of job (KB)
...
006 (6711072.000.000) 06/04 12:14:27 Image size of job updated: 1528736
	789  -  MemoryUsage of job (MB)
	807088  -  ResidentSetSize of job (KB)
...
006 (6711072.000.000) 06/04 12:19:27 Image size of job updated: 1529836
	789  -  MemoryUsage of job (MB)
	807088  -  ResidentSetSize of job (KB)
...
006 (6711072.000.000) 06/04 12:24:27 Image size of job updated: 1530792
	789  -  MemoryUsage of job (MB)
	807088  -  ResidentSetSize of job (KB)
...
006 (6711072.000.000) 06/04 12:29:28 Image size of job updated: 1531956
	789  -  MemoryUsage of job (MB)
	807088  -  ResidentSetSize of job (KB)
...
006 (6711072.000.000) 06/04 12:34:29 Image size of job updated: 1533068
	789  -  MemoryUsage of job (MB)
	807088  -  ResidentSetSize of job (KB)
...
006 (6711072.000.000) 06/04 12:39:29 Image size of job updated: 1534260
	789  -  MemoryUsage of job (MB)
	807088  -  ResidentSetSize of job (KB)
...
006 (6711072.000.000) 06/04 12:44:30 Image size of job updated: 1535192
	789  -  MemoryUsage of job (MB)
	807088  -  ResidentSetSize of job (KB)
...
006 (6711072.000.000) 06/04 12:49:31 Image size of job updated: 1536224
	789  -  MemoryUsage of job (MB)
	807088  -  ResidentSetSize of job (KB)
...
006 (6711072.000.000) 06/04 12:54:31 Image size of job updated: 1537216
	789  -  MemoryUsage of job (MB)
	807088  -  ResidentSetSize of job (KB)
...
006 (6711072.000.000) 06/04 12:59:31 Image size of job updated: 1538268
	789  -  MemoryUsage of job (MB)
	807088  -  ResidentSetSize of job (KB)
...
006 (6711072.000.000) 06/04 13:04:32 Image size of job updated: 1539136
	789  -  MemoryUsage of job (MB)
	807088  -  ResidentSetSize of job (KB)
...
006 (6711072.000.000) 06/04 13:09:33 Image size of job updated: 1540372
	789  -  MemoryUsage of job (MB)
	807088  -  ResidentSetSize of job (KB)
...
006 (6711072.000.000) 06/04 13:14:33 Image size of job updated: 1541404
	789  -  MemoryUsage of job (MB)
	807088  -  ResidentSetSize of job (KB)
...
006 (6711072.000.000) 06/04 13:19:33 Image size of job updated: 1542260
	789  -  MemoryUsage of job (MB)
	807088  -  ResidentSetSize of job (KB)
...
006 (6711072.000.000) 06/04 13:24:34 Image size of job updated: 1543332
	789  -  MemoryUsage of job (MB)
	807088  -  ResidentSetSize of job (KB)
...
006 (6711072.000.000) 06/04 13:29:34 Image size of job updated: 1544364
	789  -  MemoryUsage of job (MB)
	807088  -  ResidentSetSize of job (KB)
...
006 (6711072.000.000) 06/04 13:34:34 Image size of job updated: 1545392
	789  -  MemoryUsage of job (MB)
	807088  -  ResidentSetSize of job (KB)
...
006 (6711072.000.000) 06/04 13:39:35 Image size of job updated: 1546412
	789  -  MemoryUsage of job (MB)
	807088  -  ResidentSetSize of job (KB)
...
006 (6711072.000.000) 06/04 13:44:36 Image size of job updated: 1547480
	789  -  MemoryUsage of job (MB)
	807088  -  ResidentSetSize of job (KB)
...
006 (6711072.000.000) 06/04 13:49:36 Image size of job updated: 1548616
	789  -  MemoryUsage of job (MB)
	807088  -  ResidentSetSize of job (KB)
...
006 (6711072.000.000) 06/04 13:54:36 Image size of job updated: 1549752
	792  -  MemoryUsage of job (MB)
	810952  -  ResidentSetSize of job (KB)
...
006 (6711072.000.000) 06/04 13:59:37 Image size of job updated: 1550920
	799  -  MemoryUsage of job (MB)
	818020  -  ResidentSetSize of job (KB)
...
006 (6711072.000.000) 06/04 14:04:38 Image size of job updated: 1552076
	799  -  MemoryUsage of job (MB)
	818020  -  ResidentSetSize of job (KB)
...
006 (6711072.000.000) 06/04 14:09:38 Image size of job updated: 1553068
	799  -  MemoryUsage of job (MB)
	818020  -  ResidentSetSize of job (KB)
...
006 (6711072.000.000) 06/04 14:14:39 Image size of job updated: 1554072
	799  -  MemoryUsage of job (MB)
	818020  -  ResidentSetSize of job (KB)
...
006 (6711072.000.000) 06/04 14:19:40 Image size of job updated: 1555320
	822  -  MemoryUsage of job (MB)
	841332  -  ResidentSetSize of job (KB)
...
006 (6711072.000.000) 06/04 14:24:40 Image size of job updated: 1556476
	822  -  MemoryUsage of job (MB)
	841332  -  ResidentSetSize of job (KB)
...
006 (6711072.000.000) 06/04 14:29:40 Image size of job updated: 1557608
	822  -  MemoryUsage of job (MB)
	841332  -  ResidentSetSize of job (KB)
...
006 (6711072.000.000) 06/04 14:34:41 Image size of job updated: 1558732
	822  -  MemoryUsage of job (MB)
	841332  -  ResidentSetSize of job (KB)
...
006 (6711072.000.000) 06/04 14:39:42 Image size of job updated: 1559844
	822  -  MemoryUsage of job (MB)
	841332  -  ResidentSetSize of job (KB)
...
006 (6711072.000.000) 06/04 14:44:42 Image size of job updated: 1560960
	822  -  MemoryUsage of job (MB)
	841332  -  ResidentSetSize of job (KB)
...
006 (6711072.000.000) 06/04 14:49:42 Image size of job updated: 1562068
	822  -  MemoryUsage of job (MB)
	841332  -  ResidentSetSize of job (KB)
...
006 (6711072.000.000) 06/04 14:54:43 Image size of job updated: 1563196
	822  -  MemoryUsage of job (MB)
	841332  -  ResidentSetSize of job (KB)
...
006 (6711072.000.000) 06/04 14:59:44 Image size of job updated: 1564352
	822  -  MemoryUsage of job (MB)
	841332  -  ResidentSetSize of job (KB)
...
006 (6711072.000.000) 06/04 15:04:44 Image size of job updated: 1565476
	822  -  MemoryUsage of job (MB)
	841332  -  ResidentSetSize of job (KB)
...
006 (6711072.000.000) 06/04 15:09:45 Image size of job updated: 1566568
	822  -  MemoryUsage of job (MB)
	841332  -  ResidentSetSize of job (KB)
...
006 (6711072.000.000) 06/04 15:14:46 Image size of job updated: 1567616
	822  -  MemoryUsage of job (MB)
	841332  -  ResidentSetSize of job (KB)
...
006 (6711072.000.000) 06/04 15:19:46 Image size of job updated: 1568752
	822  -  MemoryUsage of job (MB)
	841332  -  ResidentSetSize of job (KB)
...
006 (6711072.000.000) 06/04 15:24:46 Image size of job updated: 1569920
	822  -  MemoryUsage of job (MB)
	841332  -  ResidentSetSize of job (KB)
...
006 (6711072.000.000) 06/04 15:29:47 Image size of job updated: 1570844
	822  -  MemoryUsage of job (MB)
	841332  -  ResidentSetSize of job (KB)
...
006 (6711072.000.000) 06/04 15:34:47 Image size of job updated: 1571992
	822  -  MemoryUsage of job (MB)
	841332  -  ResidentSetSize of job (KB)
...
006 (6711072.000.000) 06/04 15:39:47 Image size of job updated: 1573084
	832  -  MemoryUsage of job (MB)
	851684  -  ResidentSetSize of job (KB)
...
006 (6711072.000.000) 06/04 15:44:48 Image size of job updated: 1574128
	832  -  MemoryUsage of job (MB)
	851684  -  ResidentSetSize of job (KB)
...
006 (6711072.000.000) 06/04 15:49:49 Image size of job updated: 1575212
	832  -  MemoryUsage of job (MB)
	851684  -  ResidentSetSize of job (KB)
...
006 (6711072.000.000) 06/04 15:54:49 Image size of job updated: 1576212
	832  -  MemoryUsage of job (MB)
	851684  -  ResidentSetSize of job (KB)
...
006 (6711072.000.000) 06/04 15:59:50 Image size of job updated: 1577384
	832  -  MemoryUsage of job (MB)
	851684  -  ResidentSetSize of job (KB)
...
006 (6711072.000.000) 06/04 16:04:51 Image size of job updated: 1578448
	832  -  MemoryUsage of job (MB)
	851684  -  ResidentSetSize of job (KB)
...
006 (6711072.000.000) 06/04 16:09:51 Image size of job updated: 1579216
	832  -  MemoryUsage of job (MB)
	851684  -  ResidentSetSize of job (KB)
...
006 (6711072.000.000) 06/04 16:14:51 Image size of job updated: 1580416
	832  -  MemoryUsage of job (MB)
	851684  -  ResidentSetSize of job (KB)
...
006 (6711072.000.000) 06/04 16:19:52 Image size of job updated: 1581460
	832  -  MemoryUsage of job (MB)
	851684  -  ResidentSetSize of job (KB)
...
006 (6711072.000.000) 06/04 16:24:53 Image size of job updated: 1582536
	832  -  MemoryUsage of job (MB)
	851684  -  ResidentSetSize of job (KB)
...
006 (6711072.000.000) 06/04 16:29:53 Image size of job updated: 1583648
	832  -  MemoryUsage of job (MB)
	851684  -  ResidentSetSize of job (KB)
...
006 (6711072.000.000) 06/04 16:34:54 Image size of job updated: 1584816
	832  -  MemoryUsage of job (MB)
	851684  -  ResidentSetSize of job (KB)
...
006 (6711072.000.000) 06/04 16:39:55 Image size of job updated: 1585800
	832  -  MemoryUsage of job (MB)
	851684  -  ResidentSetSize of job (KB)
...
006 (6711072.000.000) 06/04 16:44:55 Image size of job updated: 1586872
	832  -  MemoryUsage of job (MB)
	851684  -  ResidentSetSize of job (KB)
...
006 (6711072.000.000) 06/04 16:49:55 Image size of job updated: 1587876
	832  -  MemoryUsage of job (MB)
	851684  -  ResidentSetSize of job (KB)
...
006 (6711072.000.000) 06/04 16:54:56 Image size of job updated: 1588916
	832  -  MemoryUsage of job (MB)
	851684  -  ResidentSetSize of job (KB)
...
006 (6711072.000.000) 06/04 16:59:56 Image size of job updated: 1589852
	832  -  MemoryUsage of job (MB)
	851684  -  ResidentSetSize of job (KB)
...
006 (6711072.000.000) 06/04 17:04:56 Image size of job updated: 1590852
	832  -  MemoryUsage of job (MB)
	851684  -  ResidentSetSize of job (KB)
...
006 (6711072.000.000) 06/04 17:09:57 Image size of job updated: 1591856
	832  -  MemoryUsage of job (MB)
	851684  -  ResidentSetSize of job (KB)
...
006 (6711072.000.000) 06/04 17:14:58 Image size of job updated: 1592864
	832  -  MemoryUsage of job (MB)
	851684  -  ResidentSetSize of job (KB)
...
006 (6711072.000.000) 06/04 17:19:58 Image size of job updated: 1593480
	833  -  MemoryUsage of job (MB)
	852932  -  ResidentSetSize of job (KB)
...
006 (6711072.000.000) 06/04 17:24:59 Image size of job updated: 1594836
	838  -  MemoryUsage of job (MB)
	857840  -  ResidentSetSize of job (KB)
...
006 (6711072.000.000) 06/04 17:30:00 Image size of job updated: 1595752
	838  -  MemoryUsage of job (MB)
	857840  -  ResidentSetSize of job (KB)
...
006 (6711072.000.000) 06/04 17:35:00 Image size of job updated: 1596748
	838  -  MemoryUsage of job (MB)
	857840  -  ResidentSetSize of job (KB)
...
006 (6711072.000.000) 06/04 17:40:00 Image size of job updated: 1597596
	838  -  MemoryUsage of job (MB)
	857840  -  ResidentSetSize of job (KB)
...
006 (6711072.000.000) 06/04 17:45:01 Image size of job updated: 1598836
	838  -  MemoryUsage of job (MB)
	857840  -  ResidentSetSize of job (KB)
...
006 (6711072.000.000) 06/04 17:50:01 Image size of job updated: 1599744
	838  -  MemoryUsage of job (MB)
	857840  -  ResidentSetSize of job (KB)
...
006 (6711072.000.000) 06/04 17:55:01 Image size of job updated: 1600804
	838  -  MemoryUsage of job (MB)
	857840  -  ResidentSetSize of job (KB)
...
006 (6711072.000.000) 06/04 18:00:02 Image size of job updated: 1601600
	838  -  MemoryUsage of job (MB)
	857840  -  ResidentSetSize of job (KB)
...
006 (6711072.000.000) 06/04 18:05:02 Image size of job updated: 1602600
	838  -  MemoryUsage of job (MB)
	857840  -  ResidentSetSize of job (KB)
...
006 (6711072.000.000) 06/04 18:10:02 Image size of job updated: 1603596
	838  -  MemoryUsage of job (MB)
	857840  -  ResidentSetSize of job (KB)
...
006 (6711072.000.000) 06/04 18:15:03 Image size of job updated: 1604564
	864  -  MemoryUsage of job (MB)
	884148  -  ResidentSetSize of job (KB)
...
006 (6711072.000.000) 06/04 18:20:04 Image size of job updated: 1605556
	864  -  MemoryUsage of job (MB)
	884148  -  ResidentSetSize of job (KB)
...
006 (6711072.000.000) 06/04 18:25:04 Image size of job updated: 1606400
	864  -  MemoryUsage of job (MB)
	884148  -  ResidentSetSize of job (KB)
...
006 (6711072.000.000) 06/04 18:30:05 Image size of job updated: 1607364
	864  -  MemoryUsage of job (MB)
	884148  -  ResidentSetSize of job (KB)
...
006 (6711072.000.000) 06/04 18:35:06 Image size of job updated: 1608308
	864  -  MemoryUsage of job (MB)
	884148  -  ResidentSetSize of job (KB)
...
006 (6711072.000.000) 06/04 18:40:06 Image size of job updated: 1609156
	864  -  MemoryUsage of job (MB)
	884148  -  ResidentSetSize of job (KB)
...
006 (6711072.000.000) 06/04 18:45:06 Image size of job updated: 1610092
	864  -  MemoryUsage of job (MB)
	884148  -  ResidentSetSize of job (KB)
...
006 (6711072.000.000) 06/04 18:50:07 Image size of job updated: 1611092
	864  -  MemoryUsage of job (MB)
	884148  -  ResidentSetSize of job (KB)
...
006 (6711072.000.000) 06/04 18:55:08 Image size of job updated: 1612092
	864  -  MemoryUsage of job (MB)
	884148  -  ResidentSetSize of job (KB)
...
006 (6711072.000.000) 06/04 19:00:08 Image size of job updated: 1613028
	864  -  MemoryUsage of job (MB)
	884148  -  ResidentSetSize of job (KB)
...
006 (6711072.000.000) 06/04 19:05:09 Image size of job updated: 1614080
	864  -  MemoryUsage of job (MB)
	884148  -  ResidentSetSize of job (KB)
...
006 (6711072.000.000) 06/04 19:10:10 Image size of job updated: 1615064
	864  -  MemoryUsage of job (MB)
	884148  -  ResidentSetSize of job (KB)
...
006 (6711072.000.000) 06/04 19:15:10 Image size of job updated: 1615788
	864  -  MemoryUsage of job (MB)
	884148  -  ResidentSetSize of job (KB)
...
006 (6711072.000.000) 06/04 19:20:11 Image size of job updated: 1616816
	864  -  MemoryUsage of job (MB)
	884148  -  ResidentSetSize of job (KB)
...
006 (6711072.000.000) 06/04 19:25:12 Image size of job updated: 1617760
	864  -  MemoryUsage of job (MB)
	884148  -  ResidentSetSize of job (KB)
...
006 (6711072.000.000) 06/04 19:30:12 Image size of job updated: 1618712
	864  -  MemoryUsage of job (MB)
	884148  -  ResidentSetSize of job (KB)
...
006 (6711072.000.000) 06/04 19:35:13 Image size of job updated: 1619524
	864  -  MemoryUsage of job (MB)
	884148  -  ResidentSetSize of job (KB)
...
006 (6711072.000.000) 06/04 19:40:13 Image size of job updated: 1620432
	864  -  MemoryUsage of job (MB)
	884148  -  ResidentSetSize of job (KB)
...
006 (6711072.000.000) 06/04 19:45:13 Image size of job updated: 1621444
	864  -  MemoryUsage of job (MB)
	884148  -  ResidentSetSize of job (KB)
...
006 (6711072.000.000) 06/04 19:50:14 Image size of job updated: 1622404
	864  -  MemoryUsage of job (MB)
	884148  -  ResidentSetSize of job (KB)
...
006 (6711072.000.000) 06/04 19:55:15 Image size of job updated: 1623184
	864  -  MemoryUsage of job (MB)
	884148  -  ResidentSetSize of job (KB)
...
006 (6711072.000.000) 06/04 20:00:15 Image size of job updated: 1624040
	864  -  MemoryUsage of job (MB)
	884148  -  ResidentSetSize of job (KB)
...
006 (6711072.000.000) 06/04 20:05:16 Image size of job updated: 1625064
	864  -  MemoryUsage of job (MB)
	884148  -  ResidentSetSize of job (KB)
...
006 (6711072.000.000) 06/04 20:10:17 Image size of job updated: 1626008
	864  -  MemoryUsage of job (MB)
	884148  -  ResidentSetSize of job (KB)
...
006 (6711072.000.000) 06/04 20:15:17 Image size of job updated: 1626932
	864  -  MemoryUsage of job (MB)
	884148  -  ResidentSetSize of job (KB)
...
006 (6711072.000.000) 06/04 20:20:17 Image size of job updated: 1627764
	864  -  MemoryUsage of job (MB)
	884148  -  ResidentSetSize of job (KB)
...
006 (6711072.000.000) 06/04 20:25:18 Image size of job updated: 1628792
	864  -  MemoryUsage of job (MB)
	884148  -  ResidentSetSize of job (KB)
...
006 (6711072.000.000) 06/04 20:30:18 Image size of job updated: 1629712
	864  -  MemoryUsage of job (MB)
	884148  -  ResidentSetSize of job (KB)
...
006 (6711072.000.000) 06/04 20:35:18 Image size of job updated: 1630732
	864  -  MemoryUsage of job (MB)
	884148  -  ResidentSetSize of job (KB)
...
006 (6711072.000.000) 06/04 20:40:19 Image size of job updated: 1631484
	864  -  MemoryUsage of job (MB)
	884148  -  ResidentSetSize of job (KB)
...
006 (6711072.000.000) 06/04 20:45:19 Image size of job updated: 1632412
	881  -  MemoryUsage of job (MB)
	901284  -  ResidentSetSize of job (KB)
...
006 (6711072.000.000) 06/04 20:50:19 Image size of job updated: 1633340
	886  -  MemoryUsage of job (MB)
	906888  -  ResidentSetSize of job (KB)
...
006 (6711072.000.000) 06/04 20:55:20 Image size of job updated: 1634144
	886  -  MemoryUsage of job (MB)
	906888  -  ResidentSetSize of job (KB)
...
006 (6711072.000.000) 06/04 21:00:21 Image size of job updated: 1635288
	886  -  MemoryUsage of job (MB)
	906888  -  ResidentSetSize of job (KB)
...
006 (6711072.000.000) 06/04 21:05:21 Image size of job updated: 1636156
	886  -  MemoryUsage of job (MB)
	906888  -  ResidentSetSize of job (KB)
...
006 (6711072.000.000) 06/04 21:10:21 Image size of job updated: 1637112
	886  -  MemoryUsage of job (MB)
	906888  -  ResidentSetSize of job (KB)
...
006 (6711072.000.000) 06/04 21:15:22 Image size of job updated: 1637912
	886  -  MemoryUsage of job (MB)
	906888  -  ResidentSetSize of job (KB)
...
006 (6711072.000.000) 06/04 21:20:22 Image size of job updated: 1638972
	886  -  MemoryUsage of job (MB)
	906888  -  ResidentSetSize of job (KB)
...
006 (6711072.000.000) 06/04 21:25:22 Image size of job updated: 1639740
	886  -  MemoryUsage of job (MB)
	906888  -  ResidentSetSize of job (KB)
...
006 (6711072.000.000) 06/04 21:30:24 Image size of job updated: 1640648
	886  -  MemoryUsage of job (MB)
	906888  -  ResidentSetSize of job (KB)
...
006 (6711072.000.000) 06/04 21:35:24 Image size of job updated: 1641680
	886  -  MemoryUsage of job (MB)
	906888  -  ResidentSetSize of job (KB)
...
006 (6711072.000.000) 06/04 21:40:24 Image size of job updated: 1642600
	886  -  MemoryUsage of job (MB)
	906888  -  ResidentSetSize of job (KB)
...
006 (6711072.000.000) 06/04 21:45:25 Image size of job updated: 1643380
	887  -  MemoryUsage of job (MB)
	907968  -  ResidentSetSize of job (KB)
...
006 (6711072.000.000) 06/04 21:50:26 Image size of job updated: 1644128
	893  -  MemoryUsage of job (MB)
	914368  -  ResidentSetSize of job (KB)
...
006 (6711072.000.000) 06/04 21:55:26 Image size of job updated: 1645104
	893  -  MemoryUsage of job (MB)
	914368  -  ResidentSetSize of job (KB)
...
006 (6711072.000.000) 06/04 22:00:27 Image size of job updated: 1646052
	893  -  MemoryUsage of job (MB)
	914368  -  ResidentSetSize of job (KB)
...
006 (6711072.000.000) 06/04 22:05:28 Image size of job updated: 1646824
	893  -  MemoryUsage of job (MB)
	914368  -  ResidentSetSize of job (KB)
...
006 (6711072.000.000) 06/04 22:10:28 Image size of job updated: 1647692
	893  -  MemoryUsage of job (MB)
	914368  -  ResidentSetSize of job (KB)
...
006 (6711072.000.000) 06/04 22:15:28 Image size of job updated: 1648612
	893  -  MemoryUsage of job (MB)
	914368  -  ResidentSetSize of job (KB)
...
006 (6711072.000.000) 06/04 22:20:29 Image size of job updated: 1649512
	893  -  MemoryUsage of job (MB)
	914368  -  ResidentSetSize of job (KB)
...
006 (6711072.000.000) 06/04 22:25:29 Image size of job updated: 1650144
	893  -  MemoryUsage of job (MB)
	914368  -  ResidentSetSize of job (KB)
...
006 (6711072.000.000) 06/04 22:30:29 Image size of job updated: 1651108
	893  -  MemoryUsage of job (MB)
	914368  -  ResidentSetSize of job (KB)
...
006 (6711072.000.000) 06/04 22:35:30 Image size of job updated: 1651920
	893  -  MemoryUsage of job (MB)
	914368  -  ResidentSetSize of job (KB)
...
006 (6711072.000.000) 06/04 22:40:30 Image size of job updated: 1652732
	893  -  MemoryUsage of job (MB)
	914368  -  ResidentSetSize of job (KB)
...
006 (6711072.000.000) 06/04 22:45:30 Image size of job updated: 1653540
	893  -  MemoryUsage of job (MB)
	914368  -  ResidentSetSize of job (KB)
...
006 (6711072.000.000) 06/04 22:50:31 Image size of job updated: 1654492
	893  -  MemoryUsage of job (MB)
	914368  -  ResidentSetSize of job (KB)
...
006 (6711072.000.000) 06/04 22:55:31 Image size of job updated: 1655228
	893  -  MemoryUsage of job (MB)
	914368  -  ResidentSetSize of job (KB)
...
006 (6711072.000.000) 06/04 23:00:31 Image size of job updated: 1656172
	893  -  MemoryUsage of job (MB)
	914368  -  ResidentSetSize of job (KB)
...
006 (6711072.000.000) 06/04 23:05:32 Image size of job updated: 1657068
	893  -  MemoryUsage of job (MB)
	914368  -  ResidentSetSize of job (KB)
...
006 (6711072.000.000) 06/04 23:10:33 Image size of job updated: 1657960
	893  -  MemoryUsage of job (MB)
	914368  -  ResidentSetSize of job (KB)
...
006 (6711072.000.000) 06/04 23:15:33 Image size of job updated: 1658728
	893  -  MemoryUsage of job (MB)
	914368  -  ResidentSetSize of job (KB)
...
006 (6711072.000.000) 06/04 23:20:34 Image size of job updated: 1659572
	893  -  MemoryUsage of job (MB)
	914368  -  ResidentSetSize of job (KB)
...
006 (6711072.000.000) 06/04 23:25:35 Image size of job updated: 1660508
	893  -  MemoryUsage of job (MB)
	914368  -  ResidentSetSize of job (KB)
...
006 (6711072.000.000) 06/04 23:30:35 Image size of job updated: 1661156
	893  -  MemoryUsage of job (MB)
	914368  -  ResidentSetSize of job (KB)
...
006 (6711072.000.000) 06/04 23:35:36 Image size of job updated: 1662056
	893  -  MemoryUsage of job (MB)
	914368  -  ResidentSetSize of job (KB)
...
006 (6711072.000.000) 06/04 23:40:37 Image size of job updated: 1663020
	893  -  MemoryUsage of job (MB)
	914368  -  ResidentSetSize of job (KB)
...
006 (6711072.000.000) 06/04 23:45:37 Image size of job updated: 1663900
	893  -  MemoryUsage of job (MB)
	914368  -  ResidentSetSize of job (KB)
...
006 (6711072.000.000) 06/04 23:50:38 Image size of job updated: 1664668
	893  -  MemoryUsage of job (MB)
	914368  -  ResidentSetSize of job (KB)
...
006 (6711072.000.000) 06/04 23:55:39 Image size of job updated: 1665492
	893  -  MemoryUsage of job (MB)
	914368  -  ResidentSetSize of job (KB)
...
006 (6711072.000.000) 06/05 00:00:39 Image size of job updated: 1666436
	893  -  MemoryUsage of job (MB)
	914368  -  ResidentSetSize of job (KB)
...
006 (6711072.000.000) 06/05 00:05:40 Image size of job updated: 1667348
	893  -  MemoryUsage of job (MB)
	914368  -  ResidentSetSize of job (KB)
...
006 (6711072.000.000) 06/05 00:10:41 Image size of job updated: 1668116
	893  -  MemoryUsage of job (MB)
	914368  -  ResidentSetSize of job (KB)
...
006 (6711072.000.000) 06/05 00:15:41 Image size of job updated: 1668980
	893  -  MemoryUsage of job (MB)
	914368  -  ResidentSetSize of job (KB)
...
006 (6711072.000.000) 06/05 00:20:41 Image size of job updated: 1669892
	893  -  MemoryUsage of job (MB)
	914368  -  ResidentSetSize of job (KB)
...
006 (6711072.000.000) 06/05 00:25:42 Image size of job updated: 1670712
	893  -  MemoryUsage of job (MB)
	914368  -  ResidentSetSize of job (KB)
...
006 (6711072.000.000) 06/05 00:30:42 Image size of job updated: 1671568
	893  -  MemoryUsage of job (MB)
	914368  -  ResidentSetSize of job (KB)
...
006 (6711072.000.000) 06/05 00:35:42 Image size of job updated: 1672524
	893  -  MemoryUsage of job (MB)
	914368  -  ResidentSetSize of job (KB)
...
006 (6711072.000.000) 06/05 00:40:43 Image size of job updated: 1673488
	893  -  MemoryUsage of job (MB)
	914368  -  ResidentSetSize of job (KB)
...
006 (6711072.000.000) 06/05 00:45:44 Image size of job updated: 1674224
	893  -  MemoryUsage of job (MB)
	914368  -  ResidentSetSize of job (KB)
...
006 (6711072.000.000) 06/05 00:50:44 Image size of job updated: 1675164
	893  -  MemoryUsage of job (MB)
	914368  -  ResidentSetSize of job (KB)
...
006 (6711072.000.000) 06/05 00:55:45 Image size of job updated: 1675984
	893  -  MemoryUsage of job (MB)
	914368  -  ResidentSetSize of job (KB)
...
006 (6711072.000.000) 06/05 01:00:46 Image size of job updated: 1676976
	912  -  MemoryUsage of job (MB)
	933012  -  ResidentSetSize of job (KB)
...
006 (6711072.000.000) 06/05 01:05:46 Image size of job updated: 1677712
	919  -  MemoryUsage of job (MB)
	940328  -  ResidentSetSize of job (KB)
...
006 (6711072.000.000) 06/05 01:10:47 Image size of job updated: 1678560
	919  -  MemoryUsage of job (MB)
	940328  -  ResidentSetSize of job (KB)
...
006 (6711072.000.000) 06/05 01:15:48 Image size of job updated: 1679456
	919  -  MemoryUsage of job (MB)
	940328  -  ResidentSetSize of job (KB)
...
006 (6711072.000.000) 06/05 01:20:48 Image size of job updated: 1680208
	919  -  MemoryUsage of job (MB)
	940328  -  ResidentSetSize of job (KB)
...
006 (6711072.000.000) 06/05 01:25:48 Image size of job updated: 1680936
	919  -  MemoryUsage of job (MB)
	940328  -  ResidentSetSize of job (KB)
...
006 (6711072.000.000) 06/05 01:30:49 Image size of job updated: 1681976
	919  -  MemoryUsage of job (MB)
	940328  -  ResidentSetSize of job (KB)
...
006 (6711072.000.000) 06/05 01:35:49 Image size of job updated: 1682856
	919  -  MemoryUsage of job (MB)
	940328  -  ResidentSetSize of job (KB)
...
006 (6711072.000.000) 06/05 01:40:49 Image size of job updated: 1683632
	919  -  MemoryUsage of job (MB)
	940328  -  ResidentSetSize of job (KB)
...
006 (6711072.000.000) 06/05 01:45:50 Image size of job updated: 1684532
	919  -  MemoryUsage of job (MB)
	940328  -  ResidentSetSize of job (KB)
...
006 (6711072.000.000) 06/05 01:50:51 Image size of job updated: 1685408
	919  -  MemoryUsage of job (MB)
	940328  -  ResidentSetSize of job (KB)
...
006 (6711072.000.000) 06/05 01:55:51 Image size of job updated: 1686156
	919  -  MemoryUsage of job (MB)
	940328  -  ResidentSetSize of job (KB)
...
006 (6711072.000.000) 06/05 02:00:51 Image size of job updated: 1686928
	950  -  MemoryUsage of job (MB)
	972196  -  ResidentSetSize of job (KB)
...
006 (6711072.000.000) 06/05 02:05:52 Image size of job updated: 1687776
	950  -  MemoryUsage of job (MB)
	972196  -  ResidentSetSize of job (KB)
...
006 (6711072.000.000) 06/05 02:10:52 Image size of job updated: 1688784
	950  -  MemoryUsage of job (MB)
	972196  -  ResidentSetSize of job (KB)
...
006 (6711072.000.000) 06/05 02:15:52 Image size of job updated: 1689568
	950  -  MemoryUsage of job (MB)
	972196  -  ResidentSetSize of job (KB)
...
006 (6711072.000.000) 06/05 02:20:53 Image size of job updated: 1690420
	950  -  MemoryUsage of job (MB)
	972196  -  ResidentSetSize of job (KB)
...
006 (6711072.000.000) 06/05 02:25:54 Image size of job updated: 1691372
	952  -  MemoryUsage of job (MB)
	974088  -  ResidentSetSize of job (KB)
...
006 (6711072.000.000) 06/05 02:30:54 Image size of job updated: 1692272
	952  -  MemoryUsage of job (MB)
	974088  -  ResidentSetSize of job (KB)
...
006 (6711072.000.000) 06/05 02:35:55 Image size of job updated: 1692988
	952  -  MemoryUsage of job (MB)
	974088  -  ResidentSetSize of job (KB)
...
006 (6711072.000.000) 06/05 02:40:56 Image size of job updated: 1693876
	952  -  MemoryUsage of job (MB)
	974088  -  ResidentSetSize of job (KB)
...
006 (6711072.000.000) 06/05 02:45:56 Image size of job updated: 1694752
	952  -  MemoryUsage of job (MB)
	974088  -  ResidentSetSize of job (KB)
...
006 (6711072.000.000) 06/05 02:50:57 Image size of job updated: 1695504
	952  -  MemoryUsage of job (MB)
	974088  -  ResidentSetSize of job (KB)
...
006 (6711072.000.000) 06/05 02:55:58 Image size of job updated: 1696412
	952  -  MemoryUsage of job (MB)
	974088  -  ResidentSetSize of job (KB)
...
006 (6711072.000.000) 06/05 03:00:58 Image size of job updated: 1697280
	952  -  MemoryUsage of job (MB)
	974088  -  ResidentSetSize of job (KB)
...
006 (6711072.000.000) 06/05 03:05:59 Image size of job updated: 1697960
	952  -  MemoryUsage of job (MB)
	974088  -  ResidentSetSize of job (KB)
...
006 (6711072.000.000) 06/05 03:11:00 Image size of job updated: 1698780
	952  -  MemoryUsage of job (MB)
	974088  -  ResidentSetSize of job (KB)
...
006 (6711072.000.000) 06/05 03:16:00 Image size of job updated: 1699676
	952  -  MemoryUsage of job (MB)
	974088  -  ResidentSetSize of job (KB)
...
006 (6711072.000.000) 06/05 03:21:00 Image size of job updated: 1700360
	952  -  MemoryUsage of job (MB)
	974088  -  ResidentSetSize of job (KB)
...
006 (6711072.000.000) 06/05 03:26:01 Image size of job updated: 1701248
	952  -  MemoryUsage of job (MB)
	974088  -  ResidentSetSize of job (KB)
...
006 (6711072.000.000) 06/05 03:31:01 Image size of job updated: 1702084
	952  -  MemoryUsage of job (MB)
	974088  -  ResidentSetSize of job (KB)
...
006 (6711072.000.000) 06/05 03:36:01 Image size of job updated: 1702964
	952  -  MemoryUsage of job (MB)
	974088  -  ResidentSetSize of job (KB)
...
006 (6711072.000.000) 06/05 03:41:02 Image size of job updated: 1703696
	952  -  MemoryUsage of job (MB)
	974088  -  ResidentSetSize of job (KB)
...
006 (6711072.000.000) 06/05 03:46:02 Image size of job updated: 1704544
	963  -  MemoryUsage of job (MB)
	985760  -  ResidentSetSize of job (KB)
...
006 (6711072.000.000) 06/05 03:51:02 Image size of job updated: 1705156
	963  -  MemoryUsage of job (MB)
	985760  -  ResidentSetSize of job (KB)
...
006 (6711072.000.000) 06/05 03:56:03 Image size of job updated: 1706064
	963  -  MemoryUsage of job (MB)
	985760  -  ResidentSetSize of job (KB)
...
006 (6711072.000.000) 06/05 04:01:04 Image size of job updated: 1706888
	963  -  MemoryUsage of job (MB)
	985760  -  ResidentSetSize of job (KB)
...
006 (6711072.000.000) 06/05 04:06:04 Image size of job updated: 1707724
	963  -  MemoryUsage of job (MB)
	985760  -  ResidentSetSize of job (KB)
...
006 (6711072.000.000) 06/05 04:11:05 Image size of job updated: 1708452
	963  -  MemoryUsage of job (MB)
	985760  -  ResidentSetSize of job (KB)
...
006 (6711072.000.000) 06/05 04:16:06 Image size of job updated: 1709276
	963  -  MemoryUsage of job (MB)
	985760  -  ResidentSetSize of job (KB)
...
006 (6711072.000.000) 06/05 04:21:06 Image size of job updated: 1709872
	963  -  MemoryUsage of job (MB)
	985760  -  ResidentSetSize of job (KB)
...
006 (6711072.000.000) 06/05 04:26:07 Image size of job updated: 1710828
	963  -  MemoryUsage of job (MB)
	985760  -  ResidentSetSize of job (KB)
...
006 (6711072.000.000) 06/05 04:31:08 Image size of job updated: 1711792
	963  -  MemoryUsage of job (MB)
	985760  -  ResidentSetSize of job (KB)
...
006 (6711072.000.000) 06/05 04:36:08 Image size of job updated: 1712596
	963  -  MemoryUsage of job (MB)
	985760  -  ResidentSetSize of job (KB)
...
006 (6711072.000.000) 06/05 04:41:08 Image size of job updated: 1713372
	963  -  MemoryUsage of job (MB)
	985760  -  ResidentSetSize of job (KB)
...
006 (6711072.000.000) 06/05 04:46:09 Image size of job updated: 1714316
	963  -  MemoryUsage of job (MB)
	985760  -  ResidentSetSize of job (KB)
...
006 (6711072.000.000) 06/05 04:51:10 Image size of job updated: 1715112
	963  -  MemoryUsage of job (MB)
	985760  -  ResidentSetSize of job (KB)
...
006 (6711072.000.000) 06/05 04:56:10 Image size of job updated: 1716032
	963  -  MemoryUsage of job (MB)
	985760  -  ResidentSetSize of job (KB)
...
006 (6711072.000.000) 06/05 05:01:11 Image size of job updated: 1716716
	963  -  MemoryUsage of job (MB)
	985760  -  ResidentSetSize of job (KB)
...
006 (6711072.000.000) 06/05 05:06:12 Image size of job updated: 1717520
	963  -  MemoryUsage of job (MB)
	985760  -  ResidentSetSize of job (KB)
...
006 (6711072.000.000) 06/05 05:11:12 Image size of job updated: 1718428
	964  -  MemoryUsage of job (MB)
	986760  -  ResidentSetSize of job (KB)
...
006 (6711072.000.000) 06/05 05:16:12 Image size of job updated: 1719144
	964  -  MemoryUsage of job (MB)
	986760  -  ResidentSetSize of job (KB)
...
006 (6711072.000.000) 06/05 05:21:13 Image size of job updated: 1720000
	969  -  MemoryUsage of job (MB)
	991376  -  ResidentSetSize of job (KB)
...
006 (6711072.000.000) 06/05 05:26:13 Image size of job updated: 1720872
	969  -  MemoryUsage of job (MB)
	991376  -  ResidentSetSize of job (KB)
...
006 (6711072.000.000) 06/05 05:31:13 Image size of job updated: 1721596
	969  -  MemoryUsage of job (MB)
	991376  -  ResidentSetSize of job (KB)
...
006 (6711072.000.000) 06/05 05:36:14 Image size of job updated: 1722420
	969  -  MemoryUsage of job (MB)
	991376  -  ResidentSetSize of job (KB)
...
006 (6711072.000.000) 06/05 05:41:15 Image size of job updated: 1723264
	969  -  MemoryUsage of job (MB)
	991376  -  ResidentSetSize of job (KB)
...
006 (6711072.000.000) 06/05 05:46:15 Image size of job updated: 1724004
	969  -  MemoryUsage of job (MB)
	991376  -  ResidentSetSize of job (KB)
...
006 (6711072.000.000) 06/05 05:51:16 Image size of job updated: 1724896
	969  -  MemoryUsage of job (MB)
	991376  -  ResidentSetSize of job (KB)
...
006 (6711072.000.000) 06/05 05:56:17 Image size of job updated: 1725752
	969  -  MemoryUsage of job (MB)
	991376  -  ResidentSetSize of job (KB)
...
006 (6711072.000.000) 06/05 06:01:17 Image size of job updated: 1726444
	969  -  MemoryUsage of job (MB)
	991376  -  ResidentSetSize of job (KB)
...
006 (6711072.000.000) 06/05 06:06:17 Image size of job updated: 1727288
	969  -  MemoryUsage of job (MB)
	991376  -  ResidentSetSize of job (KB)
...
006 (6711072.000.000) 06/05 06:11:18 Image size of job updated: 1728200
	969  -  MemoryUsage of job (MB)
	991376  -  ResidentSetSize of job (KB)
...
006 (6711072.000.000) 06/05 06:16:18 Image size of job updated: 1728916
	969  -  MemoryUsage of job (MB)
	991376  -  ResidentSetSize of job (KB)
...
006 (6711072.000.000) 06/05 06:21:18 Image size of job updated: 1729908
	969  -  MemoryUsage of job (MB)
	991376  -  ResidentSetSize of job (KB)
...
006 (6711072.000.000) 06/05 06:26:19 Image size of job updated: 1730756
	969  -  MemoryUsage of job (MB)
	991376  -  ResidentSetSize of job (KB)
...
006 (6711072.000.000) 06/05 06:31:20 Image size of job updated: 1731700
	969  -  MemoryUsage of job (MB)
	991376  -  ResidentSetSize of job (KB)
...
006 (6711072.000.000) 06/05 06:36:20 Image size of job updated: 1732276
	969  -  MemoryUsage of job (MB)
	991376  -  ResidentSetSize of job (KB)
...
006 (6711072.000.000) 06/05 06:41:21 Image size of job updated: 1733272
	987  -  MemoryUsage of job (MB)
	1010544  -  ResidentSetSize of job (KB)
...
006 (6711072.000.000) 06/05 06:46:22 Image size of job updated: 1734112
	994  -  MemoryUsage of job (MB)
	1017484  -  ResidentSetSize of job (KB)
...
006 (6711072.000.000) 06/05 06:51:22 Image size of job updated: 1734796
	994  -  MemoryUsage of job (MB)
	1017484  -  ResidentSetSize of job (KB)
...
006 (6711072.000.000) 06/05 06:56:22 Image size of job updated: 1735656
	994  -  MemoryUsage of job (MB)
	1017484  -  ResidentSetSize of job (KB)
...
006 (6711072.000.000) 06/05 07:01:24 Image size of job updated: 1736460
	994  -  MemoryUsage of job (MB)
	1017484  -  ResidentSetSize of job (KB)
...
006 (6711072.000.000) 06/05 07:06:24 Image size of job updated: 1737208
	994  -  MemoryUsage of job (MB)
	1017484  -  ResidentSetSize of job (KB)
...
006 (6711072.000.000) 06/05 07:11:24 Image size of job updated: 1738004
	994  -  MemoryUsage of job (MB)
	1017484  -  ResidentSetSize of job (KB)
...
006 (6711072.000.000) 06/05 07:16:25 Image size of job updated: 1738896
	994  -  MemoryUsage of job (MB)
	1017484  -  ResidentSetSize of job (KB)
...
006 (6711072.000.000) 06/05 07:21:26 Image size of job updated: 1739604
	994  -  MemoryUsage of job (MB)
	1017484  -  ResidentSetSize of job (KB)
...
006 (6711072.000.000) 06/05 07:26:26 Image size of job updated: 1740476
	994  -  MemoryUsage of job (MB)
	1017484  -  ResidentSetSize of job (KB)
...
006 (6711072.000.000) 06/05 07:31:27 Image size of job updated: 1741280
	994  -  MemoryUsage of job (MB)
	1017484  -  ResidentSetSize of job (KB)
...
006 (6711072.000.000) 06/05 07:36:28 Image size of job updated: 1741964
	994  -  MemoryUsage of job (MB)
	1017484  -  ResidentSetSize of job (KB)
...
006 (6711072.000.000) 06/05 07:41:28 Image size of job updated: 1742668
	994  -  MemoryUsage of job (MB)
	1017484  -  ResidentSetSize of job (KB)
...
006 (6711072.000.000) 06/05 07:46:29 Image size of job updated: 1743636
	994  -  MemoryUsage of job (MB)
	1017484  -  ResidentSetSize of job (KB)
...
006 (6711072.000.000) 06/05 07:51:30 Image size of job updated: 1744380
	994  -  MemoryUsage of job (MB)
	1017484  -  ResidentSetSize of job (KB)
...
006 (6711072.000.000) 06/05 07:56:30 Image size of job updated: 1745228
	994  -  MemoryUsage of job (MB)
	1017484  -  ResidentSetSize of job (KB)
...
006 (6711072.000.000) 06/05 08:01:30 Image size of job updated: 1746032
	994  -  MemoryUsage of job (MB)
	1017484  -  ResidentSetSize of job (KB)
...
006 (6711072.000.000) 06/05 08:06:31 Image size of job updated: 1746624
	994  -  MemoryUsage of job (MB)
	1017484  -  ResidentSetSize of job (KB)
...
006 (6711072.000.000) 06/05 08:11:31 Image size of job updated: 1747560
	994  -  MemoryUsage of job (MB)
	1017484  -  ResidentSetSize of job (KB)
...
006 (6711072.000.000) 06/05 08:16:31 Image size of job updated: 1748388
	994  -  MemoryUsage of job (MB)
	1017484  -  ResidentSetSize of job (KB)
...
006 (6711072.000.000) 06/05 08:21:32 Image size of job updated: 1749096
	994  -  MemoryUsage of job (MB)
	1017484  -  ResidentSetSize of job (KB)
...
006 (6711072.000.000) 06/05 08:26:33 Image size of job updated: 1749936
	998  -  MemoryUsage of job (MB)
	1021428  -  ResidentSetSize of job (KB)
...
006 (6711072.000.000) 06/05 08:31:33 Image size of job updated: 1750772
	1006  -  MemoryUsage of job (MB)
	1029604  -  ResidentSetSize of job (KB)
...
006 (6711072.000.000) 06/05 08:36:34 Image size of job updated: 1751468
	1006  -  MemoryUsage of job (MB)
	1029604  -  ResidentSetSize of job (KB)
...
006 (6711072.000.000) 06/05 08:41:35 Image size of job updated: 1752288
	1006  -  MemoryUsage of job (MB)
	1029604  -  ResidentSetSize of job (KB)
...
006 (6711072.000.000) 06/05 08:46:35 Image size of job updated: 1753116
	1006  -  MemoryUsage of job (MB)
	1029604  -  ResidentSetSize of job (KB)
...
006 (6711072.000.000) 06/05 08:51:35 Image size of job updated: 1753696
	1006  -  MemoryUsage of job (MB)
	1029604  -  ResidentSetSize of job (KB)
...
006 (6711072.000.000) 06/05 08:56:36 Image size of job updated: 1754476
	1006  -  MemoryUsage of job (MB)
	1029604  -  ResidentSetSize of job (KB)
...
006 (6711072.000.000) 06/05 09:01:36 Image size of job updated: 1755276
	1006  -  MemoryUsage of job (MB)
	1029604  -  ResidentSetSize of job (KB)
...
006 (6711072.000.000) 06/05 09:06:36 Image size of job updated: 1756088
	1006  -  MemoryUsage of job (MB)
	1029604  -  ResidentSetSize of job (KB)
...
006 (6711072.000.000) 06/05 09:11:37 Image size of job updated: 1756872
	1006  -  MemoryUsage of job (MB)
	1029604  -  ResidentSetSize of job (KB)
...
006 (6711072.000.000) 06/05 09:16:37 Image size of job updated: 1757596
	1006  -  MemoryUsage of job (MB)
	1029604  -  ResidentSetSize of job (KB)
...
006 (6711072.000.000) 06/05 09:21:37 Image size of job updated: 1758412
	1006  -  MemoryUsage of job (MB)
	1029604  -  ResidentSetSize of job (KB)
...
006 (6711072.000.000) 06/05 09:26:38 Image size of job updated: 1759124
	1006  -  MemoryUsage of job (MB)
	1029604  -  ResidentSetSize of job (KB)
...
006 (6711072.000.000) 06/05 09:31:39 Image size of job updated: 1759856
	1006  -  MemoryUsage of job (MB)
	1029604  -  ResidentSetSize of job (KB)
...
006 (6711072.000.000) 06/05 09:36:39 Image size of job updated: 1760640
	1006  -  MemoryUsage of job (MB)
	1029604  -  ResidentSetSize of job (KB)
...
006 (6711072.000.000) 06/05 09:41:40 Image size of job updated: 1761444
	1006  -  MemoryUsage of job (MB)
	1029604  -  ResidentSetSize of job (KB)
...
006 (6711072.000.000) 06/05 09:46:41 Image size of job updated: 1762168
	1006  -  MemoryUsage of job (MB)
	1029604  -  ResidentSetSize of job (KB)
...
006 (6711072.000.000) 06/05 09:51:41 Image size of job updated: 1762972
	1006  -  MemoryUsage of job (MB)
	1029604  -  ResidentSetSize of job (KB)
...
006 (6711072.000.000) 06/05 09:56:41 Image size of job updated: 1763644
	1006  -  MemoryUsage of job (MB)
	1029604  -  ResidentSetSize of job (KB)
...
006 (6711072.000.000) 06/05 10:01:42 Image size of job updated: 1764424
	1006  -  MemoryUsage of job (MB)
	1029604  -  ResidentSetSize of job (KB)
...
006 (6711072.000.000) 06/05 10:06:42 Image size of job updated: 1765188
	1006  -  MemoryUsage of job (MB)
	1029604  -  ResidentSetSize of job (KB)
...
006 (6711072.000.000) 06/05 10:11:42 Image size of job updated: 1765816
	1006  -  MemoryUsage of job (MB)
	1029604  -  ResidentSetSize of job (KB)
...
006 (6711072.000.000) 06/05 10:16:44 Image size of job updated: 1766600
	1006  -  MemoryUsage of job (MB)
	1029604  -  ResidentSetSize of job (KB)
...
006 (6711072.000.000) 06/05 10:21:44 Image size of job updated: 1767376
	1006  -  MemoryUsage of job (MB)
	1029604  -  ResidentSetSize of job (KB)
...
006 (6711072.000.000) 06/05 10:26:44 Image size of job updated: 1768076
	1006  -  MemoryUsage of job (MB)
	1029604  -  ResidentSetSize of job (KB)
...
006 (6711072.000.000) 06/05 10:31:45 Image size of job updated: 1768892
	1006  -  MemoryUsage of job (MB)
	1029604  -  ResidentSetSize of job (KB)
...
006 (6711072.000.000) 06/05 10:36:46 Image size of job updated: 1769552
	1006  -  MemoryUsage of job (MB)
	1029604  -  ResidentSetSize of job (KB)
...
006 (6711072.000.000) 06/05 10:41:46 Image size of job updated: 1770304
	1006  -  MemoryUsage of job (MB)
	1029604  -  ResidentSetSize of job (KB)
...
006 (6711072.000.000) 06/05 10:46:47 Image size of job updated: 1771108
	1006  -  MemoryUsage of job (MB)
	1029604  -  ResidentSetSize of job (KB)
...
006 (6711072.000.000) 06/05 10:51:48 Image size of job updated: 1771712
	1006  -  MemoryUsage of job (MB)
	1029604  -  ResidentSetSize of job (KB)
...
006 (6711072.000.000) 06/05 10:56:48 Image size of job updated: 1772528
	1006  -  MemoryUsage of job (MB)
	1029604  -  ResidentSetSize of job (KB)
...
006 (6711072.000.000) 06/05 11:01:48 Image size of job updated: 1773136
	1006  -  MemoryUsage of job (MB)
	1029604  -  ResidentSetSize of job (KB)
...
006 (6711072.000.000) 06/05 11:06:50 Image size of job updated: 1773964
	1006  -  MemoryUsage of job (MB)
	1029604  -  ResidentSetSize of job (KB)
...
006 (6711072.000.000) 06/05 11:11:50 Image size of job updated: 1774752
	1006  -  MemoryUsage of job (MB)
	1029604  -  ResidentSetSize of job (KB)
...
006 (6711072.000.000) 06/05 11:16:50 Image size of job updated: 1775288
	1006  -  MemoryUsage of job (MB)
	1029604  -  ResidentSetSize of job (KB)
...
006 (6711072.000.000) 06/05 11:21:51 Image size of job updated: 1776200
	1006  -  MemoryUsage of job (MB)
	1029604  -  ResidentSetSize of job (KB)
...
006 (6711072.000.000) 06/05 11:26:52 Image size of job updated: 1777016
	1006  -  MemoryUsage of job (MB)
	1029604  -  ResidentSetSize of job (KB)
...
006 (6711072.000.000) 06/05 11:31:52 Image size of job updated: 1777628
	1006  -  MemoryUsage of job (MB)
	1029604  -  ResidentSetSize of job (KB)
...
006 (6711072.000.000) 06/05 11:36:53 Image size of job updated: 1778424
	1006  -  MemoryUsage of job (MB)
	1029604  -  ResidentSetSize of job (KB)
...
006 (6711072.000.000) 06/05 11:41:54 Image size of job updated: 1779056
	1006  -  MemoryUsage of job (MB)
	1029604  -  ResidentSetSize of job (KB)
...
006 (6711072.000.000) 06/05 11:46:54 Image size of job updated: 1779848
	1006  -  MemoryUsage of job (MB)
	1029604  -  ResidentSetSize of job (KB)
...
006 (6711072.000.000) 06/05 11:51:55 Image size of job updated: 1780656
	1006  -  MemoryUsage of job (MB)
	1029604  -  ResidentSetSize of job (KB)
...
006 (6711072.000.000) 06/05 11:56:56 Image size of job updated: 1781312
	1006  -  MemoryUsage of job (MB)
	1029604  -  ResidentSetSize of job (KB)
...
006 (6711072.000.000) 06/05 12:01:56 Image size of job updated: 1782116
	1006  -  MemoryUsage of job (MB)
	1029604  -  ResidentSetSize of job (KB)
...
006 (6711072.000.000) 06/05 12:06:57 Image size of job updated: 1782964
	1006  -  MemoryUsage of job (MB)
	1029604  -  ResidentSetSize of job (KB)
...
006 (6711072.000.000) 06/05 12:11:58 Image size of job updated: 1783668
	1006  -  MemoryUsage of job (MB)
	1029604  -  ResidentSetSize of job (KB)
...
006 (6711072.000.000) 06/05 12:16:58 Image size of job updated: 1784408
	1006  -  MemoryUsage of job (MB)
	1029604  -  ResidentSetSize of job (KB)
...
006 (6711072.000.000) 06/05 12:21:58 Image size of job updated: 1785028
	1006  -  MemoryUsage of job (MB)
	1029604  -  ResidentSetSize of job (KB)
...
006 (6711072.000.000) 06/05 12:26:59 Image size of job updated: 1785844
	1006  -  MemoryUsage of job (MB)
	1029604  -  ResidentSetSize of job (KB)
...
006 (6711072.000.000) 06/05 12:31:59 Image size of job updated: 1786632
	1010  -  MemoryUsage of job (MB)
	1033760  -  ResidentSetSize of job (KB)
...
006 (6711072.000.000) 06/05 12:36:59 Image size of job updated: 1787296
	1010  -  MemoryUsage of job (MB)
	1033760  -  ResidentSetSize of job (KB)
...
006 (6711072.000.000) 06/05 12:42:00 Image size of job updated: 1788144
	1010  -  MemoryUsage of job (MB)
	1033760  -  ResidentSetSize of job (KB)
...
006 (6711072.000.000) 06/05 12:47:01 Image size of job updated: 1788996
	1010  -  MemoryUsage of job (MB)
	1033760  -  ResidentSetSize of job (KB)
...
006 (6711072.000.000) 06/05 12:52:01 Image size of job updated: 1789684
	1010  -  MemoryUsage of job (MB)
	1033760  -  ResidentSetSize of job (KB)
...
006 (6711072.000.000) 06/05 12:57:01 Image size of job updated: 1790548
	1010  -  MemoryUsage of job (MB)
	1033760  -  ResidentSetSize of job (KB)
...
006 (6711072.000.000) 06/05 13:02:02 Image size of job updated: 1791336
	1033  -  MemoryUsage of job (MB)
	1056948  -  ResidentSetSize of job (KB)
...
006 (6711072.000.000) 06/05 13:07:02 Image size of job updated: 1792060
	1042  -  MemoryUsage of job (MB)
	1066596  -  ResidentSetSize of job (KB)
...
006 (6711072.000.000) 06/05 13:12:02 Image size of job updated: 1792904
	1042  -  MemoryUsage of job (MB)
	1066596  -  ResidentSetSize of job (KB)
...
006 (6711072.000.000) 06/05 13:17:03 Image size of job updated: 1793736
	1042  -  MemoryUsage of job (MB)
	1066596  -  ResidentSetSize of job (KB)
...
006 (6711072.000.000) 06/05 13:22:04 Image size of job updated: 1794472
	1042  -  MemoryUsage of job (MB)
	1066596  -  ResidentSetSize of job (KB)
...
006 (6711072.000.000) 06/05 13:27:04 Image size of job updated: 1795244
	1042  -  MemoryUsage of job (MB)
	1066596  -  ResidentSetSize of job (KB)
...
006 (6711072.000.000) 06/05 13:32:04 Image size of job updated: 1796048
	1042  -  MemoryUsage of job (MB)
	1066596  -  ResidentSetSize of job (KB)
...
006 (6711072.000.000) 06/05 13:37:05 Image size of job updated: 1796716
	1042  -  MemoryUsage of job (MB)
	1066596  -  ResidentSetSize of job (KB)
...
006 (6711072.000.000) 06/05 13:42:05 Image size of job updated: 1797500
	1042  -  MemoryUsage of job (MB)
	1066596  -  ResidentSetSize of job (KB)
...
006 (6711072.000.000) 06/05 13:47:05 Image size of job updated: 1798084
	1042  -  MemoryUsage of job (MB)
	1066596  -  ResidentSetSize of job (KB)
...
006 (6711072.000.000) 06/05 13:52:06 Image size of job updated: 1798888
	1042  -  MemoryUsage of job (MB)
	1066596  -  ResidentSetSize of job (KB)
...
006 (6711072.000.000) 06/05 13:57:07 Image size of job updated: 1799660
	1042  -  MemoryUsage of job (MB)
	1066596  -  ResidentSetSize of job (KB)
...
006 (6711072.000.000) 06/05 14:02:07 Image size of job updated: 1800408
	1042  -  MemoryUsage of job (MB)
	1066596  -  ResidentSetSize of job (KB)
...
006 (6711072.000.000) 06/05 14:07:08 Image size of job updated: 1801192
	1042  -  MemoryUsage of job (MB)
	1066596  -  ResidentSetSize of job (KB)
...
006 (6711072.000.000) 06/05 14:12:09 Image size of job updated: 1802016
	1042  -  MemoryUsage of job (MB)
	1066596  -  ResidentSetSize of job (KB)
...
006 (6711072.000.000) 06/05 14:17:09 Image size of job updated: 1802688
	1042  -  MemoryUsage of job (MB)
	1066596  -  ResidentSetSize of job (KB)
...
006 (6711072.000.000) 06/05 14:22:10 Image size of job updated: 1803472
	1042  -  MemoryUsage of job (MB)
	1066596  -  ResidentSetSize of job (KB)
...
006 (6711072.000.000) 06/05 14:27:11 Image size of job updated: 1804300
	1042  -  MemoryUsage of job (MB)
	1066596  -  ResidentSetSize of job (KB)
...
006 (6711072.000.000) 06/05 14:32:11 Image size of job updated: 1804956
	1042  -  MemoryUsage of job (MB)
	1066596  -  ResidentSetSize of job (KB)
...
006 (6711072.000.000) 06/05 14:37:11 Image size of job updated: 1805784
	1042  -  MemoryUsage of job (MB)
	1066596  -  ResidentSetSize of job (KB)
...
006 (6711072.000.000) 06/05 14:42:12 Image size of job updated: 1806648
	1042  -  MemoryUsage of job (MB)
	1066596  -  ResidentSetSize of job (KB)
...
006 (6711072.000.000) 06/05 14:47:13 Image size of job updated: 1807312
	1042  -  MemoryUsage of job (MB)
	1066596  -  ResidentSetSize of job (KB)
...
006 (6711072.000.000) 06/05 14:52:13 Image size of job updated: 1808244
	1042  -  MemoryUsage of job (MB)
	1066596  -  ResidentSetSize of job (KB)
...
006 (6711072.000.000) 06/05 14:57:14 Image size of job updated: 1809048
	1042  -  MemoryUsage of job (MB)
	1066596  -  ResidentSetSize of job (KB)
...
006 (6711072.000.000) 06/05 15:02:15 Image size of job updated: 1809740
	1042  -  MemoryUsage of job (MB)
	1066596  -  ResidentSetSize of job (KB)
...
006 (6711072.000.000) 06/05 15:07:15 Image size of job updated: 1810492
	1042  -  MemoryUsage of job (MB)
	1066596  -  ResidentSetSize of job (KB)
...
006 (6711072.000.000) 06/05 15:12:15 Image size of job updated: 1811296
	1042  -  MemoryUsage of job (MB)
	1066596  -  ResidentSetSize of job (KB)
...
006 (6711072.000.000) 06/05 15:17:16 Image size of job updated: 1811928
	1042  -  MemoryUsage of job (MB)
	1066596  -  ResidentSetSize of job (KB)
...
006 (6711072.000.000) 06/05 15:22:16 Image size of job updated: 1812716
	1042  -  MemoryUsage of job (MB)
	1066596  -  ResidentSetSize of job (KB)
...
006 (6711072.000.000) 06/05 15:27:16 Image size of job updated: 1813348
	1042  -  MemoryUsage of job (MB)
	1066596  -  ResidentSetSize of job (KB)
...
006 (6711072.000.000) 06/05 15:32:17 Image size of job updated: 1814112
	1042  -  MemoryUsage of job (MB)
	1066596  -  ResidentSetSize of job (KB)
...
006 (6711072.000.000) 06/05 15:37:17 Image size of job updated: 1814720
	1042  -  MemoryUsage of job (MB)
	1066596  -  ResidentSetSize of job (KB)
...
006 (6711072.000.000) 06/05 15:42:17 Image size of job updated: 1815492
	1042  -  MemoryUsage of job (MB)
	1066596  -  ResidentSetSize of job (KB)
...
006 (6711072.000.000) 06/05 15:47:18 Image size of job updated: 1816284
	1042  -  MemoryUsage of job (MB)
	1066596  -  ResidentSetSize of job (KB)
...
006 (6711072.000.000) 06/05 15:52:19 Image size of job updated: 1817012
	1042  -  MemoryUsage of job (MB)
	1066596  -  ResidentSetSize of job (KB)
...
006 (6711072.000.000) 06/05 15:57:19 Image size of job updated: 1817920
	1042  -  MemoryUsage of job (MB)
	1066596  -  ResidentSetSize of job (KB)
...
006 (6711072.000.000) 06/05 16:02:19 Image size of job updated: 1818808
	1042  -  MemoryUsage of job (MB)
	1066596  -  ResidentSetSize of job (KB)
...
006 (6711072.000.000) 06/05 16:07:20 Image size of job updated: 1819644
	1042  -  MemoryUsage of job (MB)
	1066596  -  ResidentSetSize of job (KB)
...
006 (6711072.000.000) 06/05 16:12:20 Image size of job updated: 1820376
	1042  -  MemoryUsage of job (MB)
	1066596  -  ResidentSetSize of job (KB)
...
006 (6711072.000.000) 06/05 16:17:21 Image size of job updated: 1821260
	1043  -  MemoryUsage of job (MB)
	1067536  -  ResidentSetSize of job (KB)
...
006 (6711072.000.000) 06/05 16:22:21 Image size of job updated: 1822020
	1052  -  MemoryUsage of job (MB)
	1076228  -  ResidentSetSize of job (KB)
...
006 (6711072.000.000) 06/05 16:27:21 Image size of job updated: 1822820
	1052  -  MemoryUsage of job (MB)
	1076228  -  ResidentSetSize of job (KB)
...
006 (6711072.000.000) 06/05 16:32:22 Image size of job updated: 1823668
	1052  -  MemoryUsage of job (MB)
	1076228  -  ResidentSetSize of job (KB)
...
006 (6711072.000.000) 06/05 16:37:23 Image size of job updated: 1824512
	1052  -  MemoryUsage of job (MB)
	1076228  -  ResidentSetSize of job (KB)
...
006 (6711072.000.000) 06/05 16:42:23 Image size of job updated: 1825204
	1052  -  MemoryUsage of job (MB)
	1076228  -  ResidentSetSize of job (KB)
...
006 (6711072.000.000) 06/05 16:47:24 Image size of job updated: 1826032
	1052  -  MemoryUsage of job (MB)
	1076228  -  ResidentSetSize of job (KB)
...
006 (6711072.000.000) 06/05 16:52:25 Image size of job updated: 1826836
	1052  -  MemoryUsage of job (MB)
	1076228  -  ResidentSetSize of job (KB)
...
006 (6711072.000.000) 06/05 16:57:25 Image size of job updated: 1827528
	1052  -  MemoryUsage of job (MB)
	1076228  -  ResidentSetSize of job (KB)
...
006 (6711072.000.000) 06/05 17:02:25 Image size of job updated: 1828312
	1052  -  MemoryUsage of job (MB)
	1076228  -  ResidentSetSize of job (KB)
...
006 (6711072.000.000) 06/05 17:07:26 Image size of job updated: 1829144
	1052  -  MemoryUsage of job (MB)
	1076228  -  ResidentSetSize of job (KB)
...
006 (6711072.000.000) 06/05 17:12:27 Image size of job updated: 1829852
	1052  -  MemoryUsage of job (MB)
	1076228  -  ResidentSetSize of job (KB)
...
006 (6711072.000.000) 06/05 17:17:27 Image size of job updated: 1830628
	1052  -  MemoryUsage of job (MB)
	1076228  -  ResidentSetSize of job (KB)
...
006 (6711072.000.000) 06/05 17:22:28 Image size of job updated: 1831232
	1052  -  MemoryUsage of job (MB)
	1076228  -  ResidentSetSize of job (KB)
...
006 (6711072.000.000) 06/05 17:27:29 Image size of job updated: 1832132
	1052  -  MemoryUsage of job (MB)
	1076228  -  ResidentSetSize of job (KB)
...
006 (6711072.000.000) 06/05 17:32:29 Image size of job updated: 1832928
	1052  -  MemoryUsage of job (MB)
	1076228  -  ResidentSetSize of job (KB)
...
006 (6711072.000.000) 06/05 17:37:29 Image size of job updated: 1833576
	1052  -  MemoryUsage of job (MB)
	1076228  -  ResidentSetSize of job (KB)
...
006 (6711072.000.000) 06/05 17:42:30 Image size of job updated: 1834348
	1052  -  MemoryUsage of job (MB)
	1076228  -  ResidentSetSize of job (KB)
...
006 (6711072.000.000) 06/05 17:47:30 Image size of job updated: 1835144
	1052  -  MemoryUsage of job (MB)
	1076228  -  ResidentSetSize of job (KB)
...
006 (6711072.000.000) 06/05 17:52:30 Image size of job updated: 1835760
	1052  -  MemoryUsage of job (MB)
	1076228  -  ResidentSetSize of job (KB)
...
006 (6711072.000.000) 06/05 17:57:31 Image size of job updated: 1836524
	1052  -  MemoryUsage of job (MB)
	1076228  -  ResidentSetSize of job (KB)
...
006 (6711072.000.000) 06/05 18:02:32 Image size of job updated: 1837172
	1052  -  MemoryUsage of job (MB)
	1076228  -  ResidentSetSize of job (KB)
...
006 (6711072.000.000) 06/05 18:07:32 Image size of job updated: 1837912
	1052  -  MemoryUsage of job (MB)
	1076228  -  ResidentSetSize of job (KB)
...
006 (6711072.000.000) 06/05 18:12:32 Image size of job updated: 1838708
	1052  -  MemoryUsage of job (MB)
	1076228  -  ResidentSetSize of job (KB)
...
006 (6711072.000.000) 06/05 18:17:33 Image size of job updated: 1839316
	1052  -  MemoryUsage of job (MB)
	1076228  -  ResidentSetSize of job (KB)
...
006 (6711072.000.000) 06/05 18:22:34 Image size of job updated: 1840056
	1052  -  MemoryUsage of job (MB)
	1076228  -  ResidentSetSize of job (KB)
...
006 (6711072.000.000) 06/05 18:27:34 Image size of job updated: 1840744
	1052  -  MemoryUsage of job (MB)
	1076228  -  ResidentSetSize of job (KB)
...
006 (6711072.000.000) 06/05 18:32:34 Image size of job updated: 1841516
	1052  -  MemoryUsage of job (MB)
	1076228  -  ResidentSetSize of job (KB)
...
006 (6711072.000.000) 06/05 18:37:35 Image size of job updated: 1842288
	1052  -  MemoryUsage of job (MB)
	1076228  -  ResidentSetSize of job (KB)
...
006 (6711072.000.000) 06/05 18:42:35 Image size of job updated: 1842940
	1052  -  MemoryUsage of job (MB)
	1076228  -  ResidentSetSize of job (KB)
...
006 (6711072.000.000) 06/05 18:47:35 Image size of job updated: 1843712
	1052  -  MemoryUsage of job (MB)
	1076228  -  ResidentSetSize of job (KB)
...
006 (6711072.000.000) 06/05 18:52:36 Image size of job updated: 1844308
	1055  -  MemoryUsage of job (MB)
	1080284  -  ResidentSetSize of job (KB)
...
006 (6711072.000.000) 06/05 18:57:37 Image size of job updated: 1845028
	1063  -  MemoryUsage of job (MB)
	1088168  -  ResidentSetSize of job (KB)
...
006 (6711072.000.000) 06/05 19:02:37 Image size of job updated: 1845804
	1063  -  MemoryUsage of job (MB)
	1088168  -  ResidentSetSize of job (KB)
...
006 (6711072.000.000) 06/05 19:07:38 Image size of job updated: 1846400
	1063  -  MemoryUsage of job (MB)
	1088168  -  ResidentSetSize of job (KB)
...
006 (6711072.000.000) 06/05 19:12:39 Image size of job updated: 1847192
	1063  -  MemoryUsage of job (MB)
	1088168  -  ResidentSetSize of job (KB)
...
006 (6711072.000.000) 06/05 19:17:39 Image size of job updated: 1847824
	1063  -  MemoryUsage of job (MB)
	1088168  -  ResidentSetSize of job (KB)
...
006 (6711072.000.000) 06/05 19:22:39 Image size of job updated: 1848584
	1063  -  MemoryUsage of job (MB)
	1088168  -  ResidentSetSize of job (KB)
...
006 (6711072.000.000) 06/05 19:27:40 Image size of job updated: 1849332
	1063  -  MemoryUsage of job (MB)
	1088168  -  ResidentSetSize of job (KB)
...
006 (6711072.000.000) 06/05 19:32:41 Image size of job updated: 1849908
	1063  -  MemoryUsage of job (MB)
	1088168  -  ResidentSetSize of job (KB)
...
006 (6711072.000.000) 06/05 19:37:41 Image size of job updated: 1850744
	1063  -  MemoryUsage of job (MB)
	1088168  -  ResidentSetSize of job (KB)
...
006 (6711072.000.000) 06/05 19:42:42 Image size of job updated: 1851384
	1063  -  MemoryUsage of job (MB)
	1088168  -  ResidentSetSize of job (KB)
...
006 (6711072.000.000) 06/05 19:47:43 Image size of job updated: 1852132
	1063  -  MemoryUsage of job (MB)
	1088168  -  ResidentSetSize of job (KB)
...
006 (6711072.000.000) 06/05 19:52:43 Image size of job updated: 1852732
	1063  -  MemoryUsage of job (MB)
	1088168  -  ResidentSetSize of job (KB)
...
006 (6711072.000.000) 06/05 19:57:43 Image size of job updated: 1853516
	1063  -  MemoryUsage of job (MB)
	1088168  -  ResidentSetSize of job (KB)
...
006 (6711072.000.000) 06/05 20:02:44 Image size of job updated: 1854244
	1063  -  MemoryUsage of job (MB)
	1088168  -  ResidentSetSize of job (KB)
...
006 (6711072.000.000) 06/05 20:07:44 Image size of job updated: 1854956
	1083  -  MemoryUsage of job (MB)
	1108084  -  ResidentSetSize of job (KB)
...
006 (6711072.000.000) 06/05 20:12:44 Image size of job updated: 1855648
	1083  -  MemoryUsage of job (MB)
	1108084  -  ResidentSetSize of job (KB)
...
006 (6711072.000.000) 06/05 20:17:45 Image size of job updated: 1856484
	1083  -  MemoryUsage of job (MB)
	1108084  -  ResidentSetSize of job (KB)
...
006 (6711072.000.000) 06/05 20:22:46 Image size of job updated: 1857124
	1083  -  MemoryUsage of job (MB)
	1108084  -  ResidentSetSize of job (KB)
...
006 (6711072.000.000) 06/05 20:27:46 Image size of job updated: 1857904
	1083  -  MemoryUsage of job (MB)
	1108084  -  ResidentSetSize of job (KB)
...
006 (6711072.000.000) 06/05 20:32:47 Image size of job updated: 1858600
	1083  -  MemoryUsage of job (MB)
	1108084  -  ResidentSetSize of job (KB)
...
006 (6711072.000.000) 06/05 20:37:48 Image size of job updated: 1859324
	1083  -  MemoryUsage of job (MB)
	1108084  -  ResidentSetSize of job (KB)
...
006 (6711072.000.000) 06/05 20:42:48 Image size of job updated: 1860112
	1083  -  MemoryUsage of job (MB)
	1108084  -  ResidentSetSize of job (KB)
...
006 (6711072.000.000) 06/05 20:47:48 Image size of job updated: 1860736
	1083  -  MemoryUsage of job (MB)
	1108084  -  ResidentSetSize of job (KB)
...
006 (6711072.000.000) 06/05 20:52:49 Image size of job updated: 1861400
	1083  -  MemoryUsage of job (MB)
	1108084  -  ResidentSetSize of job (KB)
...
006 (6711072.000.000) 06/05 20:57:49 Image size of job updated: 1862120
	1085  -  MemoryUsage of job (MB)
	1110332  -  ResidentSetSize of job (KB)
...
006 (6711072.000.000) 06/05 21:02:49 Image size of job updated: 1862820
	1085  -  MemoryUsage of job (MB)
	1110332  -  ResidentSetSize of job (KB)
...
006 (6711072.000.000) 06/05 21:07:50 Image size of job updated: 1863576
	1085  -  MemoryUsage of job (MB)
	1110332  -  ResidentSetSize of job (KB)
...
006 (6711072.000.000) 06/05 21:12:50 Image size of job updated: 1864228
	1085  -  MemoryUsage of job (MB)
	1110332  -  ResidentSetSize of job (KB)
...
006 (6711072.000.000) 06/05 21:17:50 Image size of job updated: 1864968
	1085  -  MemoryUsage of job (MB)
	1110332  -  ResidentSetSize of job (KB)
...
006 (6711072.000.000) 06/05 21:22:51 Image size of job updated: 1865584
	1085  -  MemoryUsage of job (MB)
	1110332  -  ResidentSetSize of job (KB)
...
006 (6711072.000.000) 06/05 21:27:52 Image size of job updated: 1866304
	1085  -  MemoryUsage of job (MB)
	1110332  -  ResidentSetSize of job (KB)
...
006 (6711072.000.000) 06/05 21:32:52 Image size of job updated: 1866940
	1085  -  MemoryUsage of job (MB)
	1110332  -  ResidentSetSize of job (KB)
...
006 (6711072.000.000) 06/05 21:37:53 Image size of job updated: 1867656
	1112  -  MemoryUsage of job (MB)
	1138564  -  ResidentSetSize of job (KB)
...
006 (6711072.000.000) 06/05 21:42:54 Image size of job updated: 1868384
	1118  -  MemoryUsage of job (MB)
	1144584  -  ResidentSetSize of job (KB)
...
006 (6711072.000.000) 06/05 21:47:54 Image size of job updated: 1869028
	1118  -  MemoryUsage of job (MB)
	1144584  -  ResidentSetSize of job (KB)
...
006 (6711072.000.000) 06/05 21:52:55 Image size of job updated: 1869768
	1118  -  MemoryUsage of job (MB)
	1144584  -  ResidentSetSize of job (KB)
...
006 (6711072.000.000) 06/05 21:57:56 Image size of job updated: 1870392
	1118  -  MemoryUsage of job (MB)
	1144584  -  ResidentSetSize of job (KB)
...
006 (6711072.000.000) 06/05 22:02:56 Image size of job updated: 1871144
	1118  -  MemoryUsage of job (MB)
	1144584  -  ResidentSetSize of job (KB)
...
006 (6711072.000.000) 06/05 22:07:56 Image size of job updated: 1871740
	1118  -  MemoryUsage of job (MB)
	1144584  -  ResidentSetSize of job (KB)
...
006 (6711072.000.000) 06/05 22:12:58 Image size of job updated: 1872452
	1118  -  MemoryUsage of job (MB)
	1144584  -  ResidentSetSize of job (KB)
...
006 (6711072.000.000) 06/05 22:17:58 Image size of job updated: 1873156
	1118  -  MemoryUsage of job (MB)
	1144584  -  ResidentSetSize of job (KB)
...
006 (6711072.000.000) 06/05 22:22:58 Image size of job updated: 1873724
	1118  -  MemoryUsage of job (MB)
	1144584  -  ResidentSetSize of job (KB)
...
006 (6711072.000.000) 06/05 22:27:59 Image size of job updated: 1874476
	1118  -  MemoryUsage of job (MB)
	1144584  -  ResidentSetSize of job (KB)
...
006 (6711072.000.000) 06/05 22:33:00 Image size of job updated: 1875060
	1118  -  MemoryUsage of job (MB)
	1144584  -  ResidentSetSize of job (KB)
...
006 (6711072.000.000) 06/05 22:38:00 Image size of job updated: 1875800
	1118  -  MemoryUsage of job (MB)
	1144584  -  ResidentSetSize of job (KB)
...
006 (6711072.000.000) 06/05 22:43:01 Image size of job updated: 1876424
	1118  -  MemoryUsage of job (MB)
	1144584  -  ResidentSetSize of job (KB)
...
006 (6711072.000.000) 06/05 22:48:02 Image size of job updated: 1877084
	1120  -  MemoryUsage of job (MB)
	1146636  -  ResidentSetSize of job (KB)
...
006 (6711072.000.000) 06/05 22:53:02 Image size of job updated: 1877688
	1120  -  MemoryUsage of job (MB)
	1146636  -  ResidentSetSize of job (KB)
...
006 (6711072.000.000) 06/05 22:58:03 Image size of job updated: 1878348
	1120  -  MemoryUsage of job (MB)
	1146636  -  ResidentSetSize of job (KB)
...
006 (6711072.000.000) 06/05 23:03:04 Image size of job updated: 1879020
	1120  -  MemoryUsage of job (MB)
	1146636  -  ResidentSetSize of job (KB)
...
006 (6711072.000.000) 06/05 23:08:04 Image size of job updated: 1879556
	1120  -  MemoryUsage of job (MB)
	1146636  -  ResidentSetSize of job (KB)
...
006 (6711072.000.000) 06/05 23:13:05 Image size of job updated: 1880352
	1120  -  MemoryUsage of job (MB)
	1146636  -  ResidentSetSize of job (KB)
...
006 (6711072.000.000) 06/05 23:18:06 Image size of job updated: 1880932
	1120  -  MemoryUsage of job (MB)
	1146636  -  ResidentSetSize of job (KB)
...
006 (6711072.000.000) 06/05 23:23:06 Image size of job updated: 1881640
	1120  -  MemoryUsage of job (MB)
	1146636  -  ResidentSetSize of job (KB)
...
006 (6711072.000.000) 06/05 23:28:06 Image size of job updated: 1882228
	1120  -  MemoryUsage of job (MB)
	1146636  -  ResidentSetSize of job (KB)
...
006 (6711072.000.000) 06/05 23:33:07 Image size of job updated: 1882928
	1120  -  MemoryUsage of job (MB)
	1146636  -  ResidentSetSize of job (KB)
...
006 (6711072.000.000) 06/05 23:38:07 Image size of job updated: 1883472
	1120  -  MemoryUsage of job (MB)
	1146636  -  ResidentSetSize of job (KB)
...
006 (6711072.000.000) 06/05 23:43:07 Image size of job updated: 1884232
	1120  -  MemoryUsage of job (MB)
	1146636  -  ResidentSetSize of job (KB)
...
006 (6711072.000.000) 06/05 23:48:08 Image size of job updated: 1884776
	1120  -  MemoryUsage of job (MB)
	1146636  -  ResidentSetSize of job (KB)
...
006 (6711072.000.000) 06/05 23:53:08 Image size of job updated: 1885456
	1120  -  MemoryUsage of job (MB)
	1146636  -  ResidentSetSize of job (KB)
...
006 (6711072.000.000) 06/05 23:58:08 Image size of job updated: 1886180
	1120  -  MemoryUsage of job (MB)
	1146636  -  ResidentSetSize of job (KB)
...
006 (6711072.000.000) 06/06 00:03:09 Image size of job updated: 1886748
	1120  -  MemoryUsage of job (MB)
	1146636  -  ResidentSetSize of job (KB)
...
006 (6711072.000.000) 06/06 00:08:10 Image size of job updated: 1887488
	1120  -  MemoryUsage of job (MB)
	1146636  -  ResidentSetSize of job (KB)
...
006 (6711072.000.000) 06/06 00:13:10 Image size of job updated: 1888052
	1120  -  MemoryUsage of job (MB)
	1146636  -  ResidentSetSize of job (KB)
...
006 (6711072.000.000) 06/06 00:18:11 Image size of job updated: 1888772
	1120  -  MemoryUsage of job (MB)
	1146636  -  ResidentSetSize of job (KB)
...
006 (6711072.000.000) 06/06 00:23:12 Image size of job updated: 1889316
	1141  -  MemoryUsage of job (MB)
	1167636  -  ResidentSetSize of job (KB)
...
006 (6711072.000.000) 06/06 00:28:12 Image size of job updated: 1890016
	1147  -  MemoryUsage of job (MB)
	1174340  -  ResidentSetSize of job (KB)
...
006 (6711072.000.000) 06/06 00:33:12 Image size of job updated: 1890576
	1147  -  MemoryUsage of job (MB)
	1174340  -  ResidentSetSize of job (KB)
...
006 (6711072.000.000) 06/06 00:38:13 Image size of job updated: 1891288
	1147  -  MemoryUsage of job (MB)
	1174340  -  ResidentSetSize of job (KB)
...
006 (6711072.000.000) 06/06 00:43:13 Image size of job updated: 1891892
	1147  -  MemoryUsage of job (MB)
	1174340  -  ResidentSetSize of job (KB)
...
006 (6711072.000.000) 06/06 00:48:13 Image size of job updated: 1892508
	1147  -  MemoryUsage of job (MB)
	1174340  -  ResidentSetSize of job (KB)
...
006 (6711072.000.000) 06/06 00:53:14 Image size of job updated: 1893084
	1147  -  MemoryUsage of job (MB)
	1174340  -  ResidentSetSize of job (KB)
...
006 (6711072.000.000) 06/06 05:28:42 Image size of job updated: 1893404
	1147  -  MemoryUsage of job (MB)
	1174340  -  ResidentSetSize of job (KB)
...
006 (6711072.000.000) 06/06 05:33:43 Image size of job updated: 1893980
	1147  -  MemoryUsage of job (MB)
	1174340  -  ResidentSetSize of job (KB)
...
006 (6711072.000.000) 06/06 05:38:43 Image size of job updated: 1894556
	1147  -  MemoryUsage of job (MB)
	1174340  -  ResidentSetSize of job (KB)
...
006 (6711072.000.000) 06/06 05:43:44 Image size of job updated: 1895140
	1147  -  MemoryUsage of job (MB)
	1174340  -  ResidentSetSize of job (KB)
...
006 (6711072.000.000) 06/06 05:48:45 Image size of job updated: 1895824
	1147  -  MemoryUsage of job (MB)
	1174340  -  ResidentSetSize of job (KB)
...
006 (6711072.000.000) 06/06 05:53:45 Image size of job updated: 1896404
	1147  -  MemoryUsage of job (MB)
	1174340  -  ResidentSetSize of job (KB)
...
006 (6711072.000.000) 06/06 05:58:46 Image size of job updated: 1896968
	1147  -  MemoryUsage of job (MB)
	1174340  -  ResidentSetSize of job (KB)
...
006 (6711072.000.000) 06/06 06:03:47 Image size of job updated: 1897508
	1147  -  MemoryUsage of job (MB)
	1174340  -  ResidentSetSize of job (KB)
...
006 (6711072.000.000) 06/06 06:08:47 Image size of job updated: 1898196
	1147  -  MemoryUsage of job (MB)
	1174340  -  ResidentSetSize of job (KB)
...
006 (6711072.000.000) 06/06 06:13:47 Image size of job updated: 1898740
	1147  -  MemoryUsage of job (MB)
	1174340  -  ResidentSetSize of job (KB)
...
006 (6711072.000.000) 06/06 06:18:48 Image size of job updated: 1899304
	1147  -  MemoryUsage of job (MB)
	1174340  -  ResidentSetSize of job (KB)
...
006 (6711072.000.000) 06/06 06:23:48 Image size of job updated: 1899820
	1147  -  MemoryUsage of job (MB)
	1174340  -  ResidentSetSize of job (KB)
...
006 (6711072.000.000) 06/06 06:28:48 Image size of job updated: 1900144
	1147  -  MemoryUsage of job (MB)
	1174340  -  ResidentSetSize of job (KB)
...
006 (6711072.000.000) 06/06 06:33:49 Image size of job updated: 1901024
	1147  -  MemoryUsage of job (MB)
	1174340  -  ResidentSetSize of job (KB)
...
006 (6711072.000.000) 06/06 06:38:49 Image size of job updated: 1901560
	1147  -  MemoryUsage of job (MB)
	1174340  -  ResidentSetSize of job (KB)
...
006 (6711072.000.000) 06/06 06:43:49 Image size of job updated: 1902020
	1147  -  MemoryUsage of job (MB)
	1174340  -  ResidentSetSize of job (KB)
...
006 (6711072.000.000) 06/06 06:48:50 Image size of job updated: 1902644
	1147  -  MemoryUsage of job (MB)
	1174340  -  ResidentSetSize of job (KB)
...
006 (6711072.000.000) 06/06 06:53:51 Image size of job updated: 1903208
	1147  -  MemoryUsage of job (MB)
	1174340  -  ResidentSetSize of job (KB)
...
006 (6711072.000.000) 06/06 06:58:51 Image size of job updated: 1903892
	1147  -  MemoryUsage of job (MB)
	1174340  -  ResidentSetSize of job (KB)
...
006 (6711072.000.000) 06/06 07:03:52 Image size of job updated: 1904356
	1147  -  MemoryUsage of job (MB)
	1174340  -  ResidentSetSize of job (KB)
...
006 (6711072.000.000) 06/06 07:08:53 Image size of job updated: 1904944
	1147  -  MemoryUsage of job (MB)
	1174340  -  ResidentSetSize of job (KB)
...
006 (6711072.000.000) 06/06 07:13:53 Image size of job updated: 1905552
	1147  -  MemoryUsage of job (MB)
	1174340  -  ResidentSetSize of job (KB)
...
006 (6711072.000.000) 06/06 07:18:53 Image size of job updated: 1906088
	1147  -  MemoryUsage of job (MB)
	1174340  -  ResidentSetSize of job (KB)
...
006 (6711072.000.000) 06/06 07:23:54 Image size of job updated: 1906812
	1147  -  MemoryUsage of job (MB)
	1174340  -  ResidentSetSize of job (KB)
...
006 (6711072.000.000) 06/06 07:28:54 Image size of job updated: 1907324
	1147  -  MemoryUsage of job (MB)
	1174340  -  ResidentSetSize of job (KB)
...
006 (6711072.000.000) 06/06 07:33:54 Image size of job updated: 1907944
	1147  -  MemoryUsage of job (MB)
	1174340  -  ResidentSetSize of job (KB)
...
006 (6711072.000.000) 06/06 07:38:55 Image size of job updated: 1908516
	1147  -  MemoryUsage of job (MB)
	1174340  -  ResidentSetSize of job (KB)
...
006 (6711072.000.000) 06/06 07:43:55 Image size of job updated: 1908996
	1147  -  MemoryUsage of job (MB)
	1174340  -  ResidentSetSize of job (KB)
...
006 (6711072.000.000) 06/06 07:48:55 Image size of job updated: 1909720
	1147  -  MemoryUsage of job (MB)
	1174340  -  ResidentSetSize of job (KB)
...
006 (6711072.000.000) 06/06 07:53:56 Image size of job updated: 1910232
	1147  -  MemoryUsage of job (MB)
	1174340  -  ResidentSetSize of job (KB)
...
006 (6711072.000.000) 06/06 07:58:57 Image size of job updated: 1910820
	1147  -  MemoryUsage of job (MB)
	1174340  -  ResidentSetSize of job (KB)
...
006 (6711072.000.000) 06/06 08:03:57 Image size of job updated: 1911392
	1147  -  MemoryUsage of job (MB)
	1174340  -  ResidentSetSize of job (KB)
...
006 (6711072.000.000) 06/06 08:08:58 Image size of job updated: 1912012
	1147  -  MemoryUsage of job (MB)
	1174340  -  ResidentSetSize of job (KB)
...
006 (6711072.000.000) 06/06 08:13:59 Image size of job updated: 1912644
	1147  -  MemoryUsage of job (MB)
	1174340  -  ResidentSetSize of job (KB)
...
006 (6711072.000.000) 06/06 08:18:59 Image size of job updated: 1913204
	1147  -  MemoryUsage of job (MB)
	1174340  -  ResidentSetSize of job (KB)
...
006 (6711072.000.000) 06/06 08:24:00 Image size of job updated: 1913760
	1147  -  MemoryUsage of job (MB)
	1174340  -  ResidentSetSize of job (KB)
...
006 (6711072.000.000) 06/06 08:29:01 Image size of job updated: 1914288
	1171  -  MemoryUsage of job (MB)
	1198700  -  ResidentSetSize of job (KB)
...
006 (6711072.000.000) 06/06 08:34:01 Image size of job updated: 1914800
	1171  -  MemoryUsage of job (MB)
	1198700  -  ResidentSetSize of job (KB)
...
006 (6711072.000.000) 06/06 08:39:01 Image size of job updated: 1915500
	1171  -  MemoryUsage of job (MB)
	1198700  -  ResidentSetSize of job (KB)
...
006 (6711072.000.000) 06/06 08:44:02 Image size of job updated: 1916004
	1171  -  MemoryUsage of job (MB)
	1198700  -  ResidentSetSize of job (KB)
...
006 (6711072.000.000) 06/06 08:49:02 Image size of job updated: 1916464
	1171  -  MemoryUsage of job (MB)
	1198700  -  ResidentSetSize of job (KB)
...
006 (6711072.000.000) 06/06 08:54:02 Image size of job updated: 1917052
	1171  -  MemoryUsage of job (MB)
	1198700  -  ResidentSetSize of job (KB)
...
006 (6711072.000.000) 06/06 08:59:03 Image size of job updated: 1917552
	1171  -  MemoryUsage of job (MB)
	1198700  -  ResidentSetSize of job (KB)
...
006 (6711072.000.000) 06/06 09:04:04 Image size of job updated: 1918156
	1171  -  MemoryUsage of job (MB)
	1198700  -  ResidentSetSize of job (KB)
...
006 (6711072.000.000) 06/06 09:09:04 Image size of job updated: 1918608
	1171  -  MemoryUsage of job (MB)
	1198700  -  ResidentSetSize of job (KB)
...
006 (6711072.000.000) 06/06 09:14:05 Image size of job updated: 1919208
	1172  -  MemoryUsage of job (MB)
	1199152  -  ResidentSetSize of job (KB)
...
006 (6711072.000.000) 06/06 09:19:06 Image size of job updated: 1919712
	1172  -  MemoryUsage of job (MB)
	1199152  -  ResidentSetSize of job (KB)
...
006 (6711072.000.000) 06/06 09:24:06 Image size of job updated: 1920212
	1172  -  MemoryUsage of job (MB)
	1199152  -  ResidentSetSize of job (KB)
...
006 (6711072.000.000) 06/06 09:29:07 Image size of job updated: 1920840
	1172  -  MemoryUsage of job (MB)
	1199152  -  ResidentSetSize of job (KB)
...
006 (6711072.000.000) 06/06 09:34:08 Image size of job updated: 1921376
	1172  -  MemoryUsage of job (MB)
	1199152  -  ResidentSetSize of job (KB)
...
006 (6711072.000.000) 06/06 09:39:08 Image size of job updated: 1921784
	1172  -  MemoryUsage of job (MB)
	1199152  -  ResidentSetSize of job (KB)
...
006 (6711072.000.000) 06/06 09:44:09 Image size of job updated: 1922412
	1172  -  MemoryUsage of job (MB)
	1199152  -  ResidentSetSize of job (KB)
...
006 (6711072.000.000) 06/06 09:49:10 Image size of job updated: 1922924
	1175  -  MemoryUsage of job (MB)
	1202744  -  ResidentSetSize of job (KB)
...
006 (6711072.000.000) 06/06 09:54:10 Image size of job updated: 1923352
	1175  -  MemoryUsage of job (MB)
	1202744  -  ResidentSetSize of job (KB)
...
006 (6711072.000.000) 06/06 09:59:10 Image size of job updated: 1924028
	1175  -  MemoryUsage of job (MB)
	1202744  -  ResidentSetSize of job (KB)
...
006 (6711072.000.000) 06/06 10:04:11 Image size of job updated: 1924556
	1175  -  MemoryUsage of job (MB)
	1202744  -  ResidentSetSize of job (KB)
...
006 (6711072.000.000) 06/06 10:09:11 Image size of job updated: 1925048
	1175  -  MemoryUsage of job (MB)
	1202744  -  ResidentSetSize of job (KB)
...
006 (6711072.000.000) 06/06 10:14:11 Image size of job updated: 1925604
	1175  -  MemoryUsage of job (MB)
	1202744  -  ResidentSetSize of job (KB)
...
006 (6711072.000.000) 06/06 10:19:12 Image size of job updated: 1926124
	1175  -  MemoryUsage of job (MB)
	1202744  -  ResidentSetSize of job (KB)
...
006 (6711072.000.000) 06/06 10:24:12 Image size of job updated: 1926772
	1175  -  MemoryUsage of job (MB)
	1202744  -  ResidentSetSize of job (KB)
...
006 (6711072.000.000) 06/06 10:29:12 Image size of job updated: 1927292
	1175  -  MemoryUsage of job (MB)
	1202744  -  ResidentSetSize of job (KB)
...
006 (6711072.000.000) 06/06 10:34:14 Image size of job updated: 1927816
	1175  -  MemoryUsage of job (MB)
	1202744  -  ResidentSetSize of job (KB)
...
006 (6711072.000.000) 06/06 10:39:14 Image size of job updated: 1928340
	1175  -  MemoryUsage of job (MB)
	1202744  -  ResidentSetSize of job (KB)
...
006 (6711072.000.000) 06/06 10:44:14 Image size of job updated: 1928896
	1175  -  MemoryUsage of job (MB)
	1202744  -  ResidentSetSize of job (KB)
...
006 (6711072.000.000) 06/06 10:49:15 Image size of job updated: 1929480
	1175  -  MemoryUsage of job (MB)
	1202744  -  ResidentSetSize of job (KB)
...
006 (6711072.000.000) 06/06 10:54:16 Image size of job updated: 1930044
	1175  -  MemoryUsage of job (MB)
	1202744  -  ResidentSetSize of job (KB)
...
006 (6711072.000.000) 06/06 10:59:16 Image size of job updated: 1930584
	1175  -  MemoryUsage of job (MB)
	1202744  -  ResidentSetSize of job (KB)
...
006 (6711072.000.000) 06/06 11:04:17 Image size of job updated: 1931120
	1175  -  MemoryUsage of job (MB)
	1202744  -  ResidentSetSize of job (KB)
...
006 (6711072.000.000) 06/06 11:09:18 Image size of job updated: 1931684
	1175  -  MemoryUsage of job (MB)
	1202744  -  ResidentSetSize of job (KB)
...
006 (6711072.000.000) 06/06 11:14:18 Image size of job updated: 1932308
	1175  -  MemoryUsage of job (MB)
	1202744  -  ResidentSetSize of job (KB)
...
006 (6711072.000.000) 06/06 11:19:19 Image size of job updated: 1932880
	1175  -  MemoryUsage of job (MB)
	1202744  -  ResidentSetSize of job (KB)
...
006 (6711072.000.000) 06/06 11:24:20 Image size of job updated: 1933420
	1175  -  MemoryUsage of job (MB)
	1202744  -  ResidentSetSize of job (KB)
...
006 (6711072.000.000) 06/06 11:29:20 Image size of job updated: 1933948
	1175  -  MemoryUsage of job (MB)
	1202744  -  ResidentSetSize of job (KB)
...
006 (6711072.000.000) 06/06 11:34:20 Image size of job updated: 1934428
	1175  -  MemoryUsage of job (MB)
	1202744  -  ResidentSetSize of job (KB)
...
006 (6711072.000.000) 06/06 11:39:21 Image size of job updated: 1935156
	1175  -  MemoryUsage of job (MB)
	1202744  -  ResidentSetSize of job (KB)
...
006 (6711072.000.000) 06/06 11:44:22 Image size of job updated: 1935688
	1175  -  MemoryUsage of job (MB)
	1202744  -  ResidentSetSize of job (KB)
...
006 (6711072.000.000) 06/06 11:49:22 Image size of job updated: 1936192
	1181  -  MemoryUsage of job (MB)
	1209096  -  ResidentSetSize of job (KB)
...
006 (6711072.000.000) 06/06 11:54:23 Image size of job updated: 1936740
	1187  -  MemoryUsage of job (MB)
	1215120  -  ResidentSetSize of job (KB)
...
006 (6711072.000.000) 06/06 11:59:24 Image size of job updated: 1937248
	1187  -  MemoryUsage of job (MB)
	1215120  -  ResidentSetSize of job (KB)
...
006 (6711072.000.000) 06/06 12:04:24 Image size of job updated: 1937792
	1187  -  MemoryUsage of job (MB)
	1215120  -  ResidentSetSize of job (KB)
...
006 (6711072.000.000) 06/06 12:09:25 Image size of job updated: 1938400
	1187  -  MemoryUsage of job (MB)
	1215120  -  ResidentSetSize of job (KB)
...
006 (6711072.000.000) 06/06 12:14:26 Image size of job updated: 1938952
	1187  -  MemoryUsage of job (MB)
	1215120  -  ResidentSetSize of job (KB)
...
006 (6711072.000.000) 06/06 12:19:26 Image size of job updated: 1939484
	1187  -  MemoryUsage of job (MB)
	1215120  -  ResidentSetSize of job (KB)
...
006 (6711072.000.000) 06/06 12:24:27 Image size of job updated: 1940036
	1191  -  MemoryUsage of job (MB)
	1219152  -  ResidentSetSize of job (KB)
...
006 (6711072.000.000) 06/06 12:29:28 Image size of job updated: 1940548
	1197  -  MemoryUsage of job (MB)
	1225696  -  ResidentSetSize of job (KB)
...
006 (6711072.000.000) 06/06 12:34:28 Image size of job updated: 1941244
	1197  -  MemoryUsage of job (MB)
	1225696  -  ResidentSetSize of job (KB)
...
006 (6711072.000.000) 06/06 12:39:28 Image size of job updated: 1941788
	1197  -  MemoryUsage of job (MB)
	1225696  -  ResidentSetSize of job (KB)
...
006 (6711072.000.000) 06/06 12:44:29 Image size of job updated: 1942332
	1197  -  MemoryUsage of job (MB)
	1225696  -  ResidentSetSize of job (KB)
...
006 (6711072.000.000) 06/06 12:49:29 Image size of job updated: 1942848
	1197  -  MemoryUsage of job (MB)
	1225696  -  ResidentSetSize of job (KB)
...
006 (6711072.000.000) 06/06 12:54:29 Image size of job updated: 1943328
	1197  -  MemoryUsage of job (MB)
	1225696  -  ResidentSetSize of job (KB)
...
006 (6711072.000.000) 06/06 12:59:30 Image size of job updated: 1943976
	1197  -  MemoryUsage of job (MB)
	1225696  -  ResidentSetSize of job (KB)
...
006 (6711072.000.000) 06/06 13:04:30 Image size of job updated: 1944464
	1197  -  MemoryUsage of job (MB)
	1225696  -  ResidentSetSize of job (KB)
...
006 (6711072.000.000) 06/06 13:09:30 Image size of job updated: 1944916
	1197  -  MemoryUsage of job (MB)
	1225696  -  ResidentSetSize of job (KB)
...
006 (6711072.000.000) 06/06 13:14:31 Image size of job updated: 1945340
	1197  -  MemoryUsage of job (MB)
	1225696  -  ResidentSetSize of job (KB)
...
006 (6711072.000.000) 06/06 13:19:32 Image size of job updated: 1945892
	1197  -  MemoryUsage of job (MB)
	1225696  -  ResidentSetSize of job (KB)
...
006 (6711072.000.000) 06/06 13:24:32 Image size of job updated: 1946376
	1197  -  MemoryUsage of job (MB)
	1225696  -  ResidentSetSize of job (KB)
...
006 (6711072.000.000) 06/06 13:29:33 Image size of job updated: 1946996
	1197  -  MemoryUsage of job (MB)
	1225696  -  ResidentSetSize of job (KB)
...
006 (6711072.000.000) 06/06 13:34:34 Image size of job updated: 1947380
	1197  -  MemoryUsage of job (MB)
	1225696  -  ResidentSetSize of job (KB)
...
006 (6711072.000.000) 06/06 13:39:34 Image size of job updated: 1947948
	1197  -  MemoryUsage of job (MB)
	1225696  -  ResidentSetSize of job (KB)
...
006 (6711072.000.000) 06/06 13:44:35 Image size of job updated: 1948424
	1197  -  MemoryUsage of job (MB)
	1225696  -  ResidentSetSize of job (KB)
...
006 (6711072.000.000) 06/06 13:49:36 Image size of job updated: 1948876
	1197  -  MemoryUsage of job (MB)
	1225696  -  ResidentSetSize of job (KB)
...
006 (6711072.000.000) 06/06 13:54:36 Image size of job updated: 1949504
	1197  -  MemoryUsage of job (MB)
	1225696  -  ResidentSetSize of job (KB)
...
006 (6711072.000.000) 06/06 13:59:37 Image size of job updated: 1950012
	1197  -  MemoryUsage of job (MB)
	1225696  -  ResidentSetSize of job (KB)
...
006 (6711072.000.000) 06/06 14:04:38 Image size of job updated: 1950500
	1197  -  MemoryUsage of job (MB)
	1225696  -  ResidentSetSize of job (KB)
...
006 (6711072.000.000) 06/06 14:09:38 Image size of job updated: 1950960
	1197  -  MemoryUsage of job (MB)
	1225696  -  ResidentSetSize of job (KB)
...
006 (6711072.000.000) 06/06 14:14:38 Image size of job updated: 1951452
	1197  -  MemoryUsage of job (MB)
	1225696  -  ResidentSetSize of job (KB)
...
006 (6711072.000.000) 06/06 14:19:39 Image size of job updated: 1951884
	1197  -  MemoryUsage of job (MB)
	1225696  -  ResidentSetSize of job (KB)
...
006 (6711072.000.000) 06/06 14:24:39 Image size of job updated: 1952496
	1197  -  MemoryUsage of job (MB)
	1225696  -  ResidentSetSize of job (KB)
...
006 (6711072.000.000) 06/06 14:29:39 Image size of job updated: 1952948
	1197  -  MemoryUsage of job (MB)
	1225696  -  ResidentSetSize of job (KB)
...
006 (6711072.000.000) 06/06 14:34:40 Image size of job updated: 1953448
	1197  -  MemoryUsage of job (MB)
	1225696  -  ResidentSetSize of job (KB)
...
006 (6711072.000.000) 06/06 14:39:40 Image size of job updated: 1953924
	1197  -  MemoryUsage of job (MB)
	1225696  -  ResidentSetSize of job (KB)
...
006 (6711072.000.000) 06/06 14:44:40 Image size of job updated: 1954388
	1197  -  MemoryUsage of job (MB)
	1225696  -  ResidentSetSize of job (KB)
...
006 (6711072.000.000) 06/06 14:49:41 Image size of job updated: 1954896
	1197  -  MemoryUsage of job (MB)
	1225696  -  ResidentSetSize of job (KB)
...
006 (6711072.000.000) 06/06 14:52:42 Image size of job updated: 1955284
	1197  -  MemoryUsage of job (MB)
	1225696  -  ResidentSetSize of job (KB)
...
040 (6711072.000.000) 06/06 14:52:42 Started transferring output files
...
040 (6711072.000.000) 06/06 14:52:42 Finished transferring output files
...
009 (6711072.000.000) 06/06 14:52:42 Job was aborted.
	Job removed by SYSTEM_PERIODIC_REMOVE due to wall time exceeded allowed max.
...
000 (6752572.000.000) 06/10 15:26:10 Job submitted from host: <137.138.55.115:9618?addrs=137.138.55.115-9618+[2001-1458-d00-17--12a]-9618&alias=bigbird23.cern.ch&noUDP&sock=schedd_23881_f548>
...
040 (6752572.000.000) 06/10 15:35:34 Started transferring input files
	Transferring to host: <128.142.59.121:9618?addrs=128.142.59.121-9618&alias=b7s04p3775.cern.ch&noUDP&sock=slot1_14_6949_f2f4_160795>
...
001 (6752572.000.000) 06/10 15:35:48 Job executing on host: <128.142.59.121:9618?addrs=128.142.59.121-9618&alias=b7s04p3775.cern.ch&noUDP&sock=startd_6882_0edc>
	SlotName: slot1_14@b7s04p3775.cern.ch
...
040 (6752572.000.000) 06/10 15:35:48 Finished transferring input files
...
006 (6752572.000.000) 06/10 15:35:57 Image size of job updated: 749080
	148  -  MemoryUsage of job (MB)
	151096  -  ResidentSetSize of job (KB)
...
006 (6752572.000.000) 06/10 15:40:58 Image size of job updated: 994244
	247  -  MemoryUsage of job (MB)
	252920  -  ResidentSetSize of job (KB)
...
006 (6752572.000.000) 06/10 15:45:58 Image size of job updated: 1040008
	264  -  MemoryUsage of job (MB)
	270312  -  ResidentSetSize of job (KB)
...
006 (6752572.000.000) 06/10 15:50:59 Image size of job updated: 1051196
	303  -  MemoryUsage of job (MB)
	309656  -  ResidentSetSize of job (KB)
...
006 (6752572.000.000) 06/10 15:55:59 Image size of job updated: 1051196
	317  -  MemoryUsage of job (MB)
	323900  -  ResidentSetSize of job (KB)
...
006 (6752572.000.000) 06/10 16:00:59 Image size of job updated: 1055572
	317  -  MemoryUsage of job (MB)
	323900  -  ResidentSetSize of job (KB)
...
006 (6752572.000.000) 06/10 16:06:00 Image size of job updated: 1063692
	320  -  MemoryUsage of job (MB)
	327184  -  ResidentSetSize of job (KB)
...
006 (6752572.000.000) 06/10 16:11:00 Image size of job updated: 1072224
	320  -  MemoryUsage of job (MB)
	327184  -  ResidentSetSize of job (KB)
...
006 (6752572.000.000) 06/10 16:16:00 Image size of job updated: 1079456
	321  -  MemoryUsage of job (MB)
	327972  -  ResidentSetSize of job (KB)
...
006 (6752572.000.000) 06/10 16:21:01 Image size of job updated: 1086724
	356  -  MemoryUsage of job (MB)
	364172  -  ResidentSetSize of job (KB)
...
006 (6752572.000.000) 06/10 16:26:01 Image size of job updated: 1093788
	356  -  MemoryUsage of job (MB)
	364172  -  ResidentSetSize of job (KB)
...
006 (6752572.000.000) 06/10 16:31:01 Image size of job updated: 1100316
	362  -  MemoryUsage of job (MB)
	370128  -  ResidentSetSize of job (KB)
...
006 (6752572.000.000) 06/10 16:36:02 Image size of job updated: 1106788
	374  -  MemoryUsage of job (MB)
	382584  -  ResidentSetSize of job (KB)
...
006 (6752572.000.000) 06/10 16:41:03 Image size of job updated: 1113116
	381  -  MemoryUsage of job (MB)
	389304  -  ResidentSetSize of job (KB)
...
006 (6752572.000.000) 06/10 16:46:03 Image size of job updated: 1119076
	381  -  MemoryUsage of job (MB)
	389304  -  ResidentSetSize of job (KB)
...
006 (6752572.000.000) 06/10 16:51:04 Image size of job updated: 1124656
	381  -  MemoryUsage of job (MB)
	389304  -  ResidentSetSize of job (KB)
...
006 (6752572.000.000) 06/10 16:56:05 Image size of job updated: 1130852
	381  -  MemoryUsage of job (MB)
	389304  -  ResidentSetSize of job (KB)
...
006 (6752572.000.000) 06/10 17:01:05 Image size of job updated: 1136692
	409  -  MemoryUsage of job (MB)
	418272  -  ResidentSetSize of job (KB)
...
006 (6752572.000.000) 06/10 17:06:06 Image size of job updated: 1142288
	409  -  MemoryUsage of job (MB)
	418272  -  ResidentSetSize of job (KB)
...
006 (6752572.000.000) 06/10 17:11:07 Image size of job updated: 1147764
	409  -  MemoryUsage of job (MB)
	418272  -  ResidentSetSize of job (KB)
...
006 (6752572.000.000) 06/10 17:16:07 Image size of job updated: 1153328
	412  -  MemoryUsage of job (MB)
	421812  -  ResidentSetSize of job (KB)
...
006 (6752572.000.000) 06/10 17:21:08 Image size of job updated: 1158732
	416  -  MemoryUsage of job (MB)
	425700  -  ResidentSetSize of job (KB)
...
006 (6752572.000.000) 06/10 17:26:09 Image size of job updated: 1164196
	416  -  MemoryUsage of job (MB)
	425700  -  ResidentSetSize of job (KB)
...
006 (6752572.000.000) 06/10 17:31:09 Image size of job updated: 1169280
	416  -  MemoryUsage of job (MB)
	425700  -  ResidentSetSize of job (KB)
...
006 (6752572.000.000) 06/10 17:36:09 Image size of job updated: 1174840
	416  -  MemoryUsage of job (MB)
	425700  -  ResidentSetSize of job (KB)
...
006 (6752572.000.000) 06/10 17:41:11 Image size of job updated: 1180756
	416  -  MemoryUsage of job (MB)
	425700  -  ResidentSetSize of job (KB)
...
006 (6752572.000.000) 06/10 17:46:11 Image size of job updated: 1186512
	416  -  MemoryUsage of job (MB)
	425700  -  ResidentSetSize of job (KB)
...
006 (6752572.000.000) 06/10 17:51:11 Image size of job updated: 1192232
	420  -  MemoryUsage of job (MB)
	429484  -  ResidentSetSize of job (KB)
...
006 (6752572.000.000) 06/10 17:56:12 Image size of job updated: 1198024
	420  -  MemoryUsage of job (MB)
	429484  -  ResidentSetSize of job (KB)
...
006 (6752572.000.000) 06/10 18:01:13 Image size of job updated: 1203328
	446  -  MemoryUsage of job (MB)
	455924  -  ResidentSetSize of job (KB)
...
006 (6752572.000.000) 06/10 18:06:13 Image size of job updated: 1209144
	453  -  MemoryUsage of job (MB)
	463528  -  ResidentSetSize of job (KB)
...
006 (6752572.000.000) 06/10 18:11:13 Image size of job updated: 1214284
	453  -  MemoryUsage of job (MB)
	463528  -  ResidentSetSize of job (KB)
...
006 (6752572.000.000) 06/10 18:16:14 Image size of job updated: 1219492
	453  -  MemoryUsage of job (MB)
	463528  -  ResidentSetSize of job (KB)
...
006 (6752572.000.000) 06/10 18:21:15 Image size of job updated: 1224756
	453  -  MemoryUsage of job (MB)
	463528  -  ResidentSetSize of job (KB)
...
040 (6752572.000.000) 06/10 18:21:19 Started transferring output files
...
040 (6752572.000.000) 06/10 18:21:19 Finished transferring output files
...
005 (6752572.000.000) 06/10 18:21:20 Job terminated.
	(1) Normal termination (return value 0)
		Usr 0 00:50:19, Sys 0 01:52:50  -  Run Remote Usage
		Usr 0 00:00:00, Sys 0 00:00:00  -  Run Local Usage
		Usr 0 00:50:19, Sys 0 01:52:50  -  Total Remote Usage
		Usr 0 00:00:00, Sys 0 00:00:00  -  Total Local Usage
	123999  -  Run Bytes Sent By Job
	10947  -  Run Bytes Received By Job
	123999  -  Total Bytes Sent By Job
	10947  -  Total Bytes Received By Job
	Partitionable Resources :    Usage  Request Allocated 
	   Cpus                 :     1.00        1         1 
	   Disk (KB)            :   153          12    893666 
	   Memory (MB)          :   453        2000      2000 

	Job terminated of its own accord at 2024-06-10T16:21:19Z with exit-code 0.
...
000 (6781831.000.000) 06/16 18:27:00 Job submitted from host: <137.138.55.115:9618?addrs=137.138.55.115-9618+[2001-1458-d00-17--12a]-9618&alias=bigbird23.cern.ch&noUDP&sock=schedd_23881_f548>
...
040 (6781831.000.000) 06/16 18:56:02 Started transferring input files
	Transferring to host: <128.142.56.82:9618?addrs=128.142.56.82-9618&alias=b7s01p8434.cern.ch&noUDP&sock=slot1_3_6937_7e73_168148>
...
040 (6781831.000.000) 06/16 18:56:02 Finished transferring input files
...
001 (6781831.000.000) 06/16 18:56:03 Job executing on host: <128.142.56.82:9618?addrs=128.142.56.82-9618&alias=b7s01p8434.cern.ch&noUDP&sock=startd_6850_1bd4>
	SlotName: slot1_3@b7s01p8434.cern.ch
...
006 (6781831.000.000) 06/16 18:56:12 Image size of job updated: 269264
	8  -  MemoryUsage of job (MB)
	7724  -  ResidentSetSize of job (KB)
...
006 (6781831.000.000) 06/16 19:01:13 Image size of job updated: 973000
	258  -  MemoryUsage of job (MB)
	263420  -  ResidentSetSize of job (KB)
...
006 (6781831.000.000) 06/16 19:06:14 Image size of job updated: 1017456
	271  -  MemoryUsage of job (MB)
	277204  -  ResidentSetSize of job (KB)
...
006 (6781831.000.000) 06/16 19:11:14 Image size of job updated: 1055704
	322  -  MemoryUsage of job (MB)
	328892  -  ResidentSetSize of job (KB)
...
006 (6781831.000.000) 06/16 19:31:16 Image size of job updated: 1062844
	322  -  MemoryUsage of job (MB)
	328892  -  ResidentSetSize of job (KB)
...
006 (6781831.000.000) 06/16 19:36:17 Image size of job updated: 1071412
	322  -  MemoryUsage of job (MB)
	328892  -  ResidentSetSize of job (KB)
...
006 (6781831.000.000) 06/16 19:41:17 Image size of job updated: 1079624
	343  -  MemoryUsage of job (MB)
	350960  -  ResidentSetSize of job (KB)
...
006 (6781831.000.000) 06/16 19:46:17 Image size of job updated: 1087572
	359  -  MemoryUsage of job (MB)
	366748  -  ResidentSetSize of job (KB)
...
006 (6781831.000.000) 06/16 19:51:19 Image size of job updated: 1095188
	363  -  MemoryUsage of job (MB)
	371636  -  ResidentSetSize of job (KB)
...
006 (6781831.000.000) 06/16 19:56:19 Image size of job updated: 1102376
	363  -  MemoryUsage of job (MB)
	371636  -  ResidentSetSize of job (KB)
...
006 (6781831.000.000) 06/16 20:01:19 Image size of job updated: 1109428
	363  -  MemoryUsage of job (MB)
	371636  -  ResidentSetSize of job (KB)
...
006 (6781831.000.000) 06/16 20:06:20 Image size of job updated: 1116428
	375  -  MemoryUsage of job (MB)
	383988  -  ResidentSetSize of job (KB)
...
006 (6781831.000.000) 06/16 20:11:21 Image size of job updated: 1123176
	393  -  MemoryUsage of job (MB)
	402248  -  ResidentSetSize of job (KB)
...
006 (6781831.000.000) 06/16 20:16:21 Image size of job updated: 1129364
	397  -  MemoryUsage of job (MB)
	405860  -  ResidentSetSize of job (KB)
...
006 (6781831.000.000) 06/16 20:21:22 Image size of job updated: 1135724
	400  -  MemoryUsage of job (MB)
	409316  -  ResidentSetSize of job (KB)
...
006 (6781831.000.000) 06/16 20:26:23 Image size of job updated: 1141936
	409  -  MemoryUsage of job (MB)
	417964  -  ResidentSetSize of job (KB)
...
006 (6781831.000.000) 06/16 20:31:23 Image size of job updated: 1147776
	409  -  MemoryUsage of job (MB)
	417964  -  ResidentSetSize of job (KB)
...
006 (6781831.000.000) 06/16 20:36:24 Image size of job updated: 1153176
	409  -  MemoryUsage of job (MB)
	417964  -  ResidentSetSize of job (KB)
...
006 (6781831.000.000) 06/16 20:41:25 Image size of job updated: 1158464
	424  -  MemoryUsage of job (MB)
	434060  -  ResidentSetSize of job (KB)
...
006 (6781831.000.000) 06/16 20:46:25 Image size of job updated: 1164304
	431  -  MemoryUsage of job (MB)
	440788  -  ResidentSetSize of job (KB)
...
006 (6781831.000.000) 06/16 20:51:25 Image size of job updated: 1169812
	431  -  MemoryUsage of job (MB)
	440788  -  ResidentSetSize of job (KB)
...
006 (6781831.000.000) 06/16 20:56:26 Image size of job updated: 1174800
	431  -  MemoryUsage of job (MB)
	440788  -  ResidentSetSize of job (KB)
...
006 (6781831.000.000) 06/16 21:01:26 Image size of job updated: 1180144
	431  -  MemoryUsage of job (MB)
	440788  -  ResidentSetSize of job (KB)
...
006 (6781831.000.000) 06/16 21:06:26 Image size of job updated: 1185320
	444  -  MemoryUsage of job (MB)
	453844  -  ResidentSetSize of job (KB)
...
006 (6781831.000.000) 06/16 21:11:27 Image size of job updated: 1190152
	444  -  MemoryUsage of job (MB)
	453844  -  ResidentSetSize of job (KB)
...
006 (6781831.000.000) 06/16 21:16:28 Image size of job updated: 1195076
	444  -  MemoryUsage of job (MB)
	453844  -  ResidentSetSize of job (KB)
...
006 (6781831.000.000) 06/16 21:21:28 Image size of job updated: 1199796
	446  -  MemoryUsage of job (MB)
	456368  -  ResidentSetSize of job (KB)
...
006 (6781831.000.000) 06/16 21:26:29 Image size of job updated: 1204224
	446  -  MemoryUsage of job (MB)
	456368  -  ResidentSetSize of job (KB)
...
006 (6781831.000.000) 06/16 21:31:30 Image size of job updated: 1208984
	446  -  MemoryUsage of job (MB)
	456368  -  ResidentSetSize of job (KB)
...
006 (6781831.000.000) 06/16 21:36:30 Image size of job updated: 1213340
	446  -  MemoryUsage of job (MB)
	456368  -  ResidentSetSize of job (KB)
...
006 (6781831.000.000) 06/16 21:41:31 Image size of job updated: 1217800
	461  -  MemoryUsage of job (MB)
	471188  -  ResidentSetSize of job (KB)
...
006 (6781831.000.000) 06/16 21:46:32 Image size of job updated: 1222368
	466  -  MemoryUsage of job (MB)
	476932  -  ResidentSetSize of job (KB)
...
006 (6781831.000.000) 06/16 21:49:27 Image size of job updated: 1226424
	466  -  MemoryUsage of job (MB)
	476932  -  ResidentSetSize of job (KB)
...
040 (6781831.000.000) 06/16 21:49:27 Started transferring output files
...
040 (6781831.000.000) 06/16 21:49:27 Finished transferring output files
...
005 (6781831.000.000) 06/16 21:49:27 Job terminated.
	(1) Normal termination (return value 0)
		Usr 0 00:54:03, Sys 0 01:57:30  -  Run Remote Usage
		Usr 0 00:00:00, Sys 0 00:00:00  -  Run Local Usage
		Usr 0 00:54:03, Sys 0 01:57:30  -  Total Remote Usage
		Usr 0 00:00:00, Sys 0 00:00:00  -  Total Local Usage
	1621309  -  Run Bytes Sent By Job
	10934  -  Run Bytes Received By Job
	1621309  -  Total Bytes Sent By Job
	10934  -  Total Bytes Received By Job
	Partitionable Resources :    Usage  Request Allocated 
	   Cpus                 :     1.00        1         1 
	   Disk (KB)            :  1615          12   1207246 
	   Memory (MB)          :   466        2000      2000 

	Job terminated of its own accord at 2024-06-16T19:49:27Z with exit-code 0.
...
000 (6806780.000.000) 06/20 10:01:19 Job submitted from host: <137.138.55.115:9618?addrs=137.138.55.115-9618+[2001-1458-d00-17--12a]-9618&alias=bigbird23.cern.ch&noUDP&sock=schedd_23881_f548>
...
040 (6806780.000.000) 06/20 10:05:20 Started transferring input files
	Transferring to host: <128.142.59.106:9618?addrs=128.142.59.106-9618&alias=b7s04p1672.cern.ch&noUDP&sock=slot1_10_6925_09f3_172994>
...
040 (6806780.000.000) 06/20 10:05:20 Finished transferring input files
...
001 (6806780.000.000) 06/20 10:05:21 Job executing on host: <128.142.59.106:9618?addrs=128.142.59.106-9618&alias=b7s04p1672.cern.ch&noUDP&sock=startd_6862_56f7>
	SlotName: slot1_10@b7s04p1672.cern.ch
...
006 (6806780.000.000) 06/20 10:05:30 Image size of job updated: 54324
	28  -  MemoryUsage of job (MB)
	28228  -  ResidentSetSize of job (KB)
...
006 (6806780.000.000) 06/20 10:05:42 Image size of job updated: 527352
	28  -  MemoryUsage of job (MB)
	28260  -  ResidentSetSize of job (KB)
...
040 (6806780.000.000) 06/20 10:05:42 Started transferring output files
...
040 (6806780.000.000) 06/20 10:05:42 Finished transferring output files
...
005 (6806780.000.000) 06/20 10:05:42 Job terminated.
	(1) Normal termination (return value 1)
		Usr 0 00:00:02, Sys 0 00:00:01  -  Run Remote Usage
		Usr 0 00:00:00, Sys 0 00:00:00  -  Run Local Usage
		Usr 0 00:00:02, Sys 0 00:00:01  -  Total Remote Usage
		Usr 0 00:00:00, Sys 0 00:00:00  -  Total Local Usage
	5434  -  Run Bytes Sent By Job
	10968  -  Run Bytes Received By Job
	5434  -  Total Bytes Sent By Job
	10968  -  Total Bytes Received By Job
	Partitionable Resources :    Usage  Request Allocated 
	   Cpus                 :                 1         1 
	   Disk (KB)            :       29       12   1273271 
	   Memory (MB)          :       28     2000      2000 

	Job terminated of its own accord at 2024-06-20T08:05:42Z with exit-code 1.
...
000 (6806835.000.000) 06/20 10:42:19 Job submitted from host: <137.138.55.115:9618?addrs=137.138.55.115-9618+[2001-1458-d00-17--12a]-9618&alias=bigbird23.cern.ch&noUDP&sock=schedd_23881_f548>
...
040 (6806835.000.000) 06/20 10:49:45 Started transferring input files
	Transferring to host: <128.142.59.53:9618?addrs=128.142.59.53-9618&alias=b7s04p9014.cern.ch&noUDP&sock=slot1_13_6927_72b3_172422>
...
040 (6806835.000.000) 06/20 10:49:45 Finished transferring input files
...
001 (6806835.000.000) 06/20 10:49:46 Job executing on host: <128.142.59.53:9618?addrs=128.142.59.53-9618&alias=b7s04p9014.cern.ch&noUDP&sock=startd_6861_a75f>
	SlotName: slot1_13@b7s04p9014.cern.ch
...
006 (6806835.000.000) 06/20 10:49:55 Image size of job updated: 852976
	187  -  MemoryUsage of job (MB)
	190556  -  ResidentSetSize of job (KB)
...
006 (6806835.000.000) 06/20 10:54:56 Image size of job updated: 997848
	261  -  MemoryUsage of job (MB)
	266416  -  ResidentSetSize of job (KB)
...
006 (6806835.000.000) 06/20 10:59:56 Image size of job updated: 1038272
	301  -  MemoryUsage of job (MB)
	307668  -  ResidentSetSize of job (KB)
...
006 (6806835.000.000) 06/20 11:04:57 Image size of job updated: 1047196
	306  -  MemoryUsage of job (MB)
	313268  -  ResidentSetSize of job (KB)
...
006 (6806835.000.000) 06/20 11:09:58 Image size of job updated: 1047196
	312  -  MemoryUsage of job (MB)
	319272  -  ResidentSetSize of job (KB)
...
006 (6806835.000.000) 06/20 11:14:59 Image size of job updated: 1054508
	318  -  MemoryUsage of job (MB)
	325024  -  ResidentSetSize of job (KB)
...
006 (6806835.000.000) 06/20 11:20:00 Image size of job updated: 1062228
	319  -  MemoryUsage of job (MB)
	325920  -  ResidentSetSize of job (KB)
...
006 (6806835.000.000) 06/20 11:25:00 Image size of job updated: 1070380
	344  -  MemoryUsage of job (MB)
	351364  -  ResidentSetSize of job (KB)
...
006 (6806835.000.000) 06/20 11:30:00 Image size of job updated: 1078480
	344  -  MemoryUsage of job (MB)
	351364  -  ResidentSetSize of job (KB)
...
006 (6806835.000.000) 06/20 11:35:01 Image size of job updated: 1085040
	347  -  MemoryUsage of job (MB)
	354792  -  ResidentSetSize of job (KB)
...
006 (6806835.000.000) 06/20 11:40:01 Image size of job updated: 1091532
	355  -  MemoryUsage of job (MB)
	362704  -  ResidentSetSize of job (KB)
...
006 (6806835.000.000) 06/20 11:45:01 Image size of job updated: 1098488
	361  -  MemoryUsage of job (MB)
	369552  -  ResidentSetSize of job (KB)
...
006 (6806835.000.000) 06/20 11:50:02 Image size of job updated: 1102688
	366  -  MemoryUsage of job (MB)
	374008  -  ResidentSetSize of job (KB)
...
006 (6806835.000.000) 06/20 11:55:02 Image size of job updated: 1106320
	366  -  MemoryUsage of job (MB)
	374008  -  ResidentSetSize of job (KB)
...
006 (6806835.000.000) 06/20 12:00:02 Image size of job updated: 1111740
	366  -  MemoryUsage of job (MB)
	374008  -  ResidentSetSize of job (KB)
...
006 (6806835.000.000) 06/20 12:05:03 Image size of job updated: 1123496
	377  -  MemoryUsage of job (MB)
	385788  -  ResidentSetSize of job (KB)
...
006 (6806835.000.000) 06/20 12:10:04 Image size of job updated: 1129792
	383  -  MemoryUsage of job (MB)
	391768  -  ResidentSetSize of job (KB)
...
006 (6806835.000.000) 06/20 12:15:04 Image size of job updated: 1135252
	383  -  MemoryUsage of job (MB)
	391768  -  ResidentSetSize of job (KB)
...
006 (6806835.000.000) 06/20 12:20:05 Image size of job updated: 1140600
	385  -  MemoryUsage of job (MB)
	394036  -  ResidentSetSize of job (KB)
...
006 (6806835.000.000) 06/20 12:25:06 Image size of job updated: 1145992
	392  -  MemoryUsage of job (MB)
	400428  -  ResidentSetSize of job (KB)
...
006 (6806835.000.000) 06/20 12:30:06 Image size of job updated: 1150872
	392  -  MemoryUsage of job (MB)
	400428  -  ResidentSetSize of job (KB)
...
006 (6806835.000.000) 06/20 12:35:06 Image size of job updated: 1155840
	393  -  MemoryUsage of job (MB)
	401436  -  ResidentSetSize of job (KB)
...
006 (6806835.000.000) 06/20 12:40:07 Image size of job updated: 1160744
	393  -  MemoryUsage of job (MB)
	401436  -  ResidentSetSize of job (KB)
...
006 (6806835.000.000) 06/20 12:45:07 Image size of job updated: 1165512
	416  -  MemoryUsage of job (MB)
	425504  -  ResidentSetSize of job (KB)
...
006 (6806835.000.000) 06/20 12:50:07 Image size of job updated: 1169740
	419  -  MemoryUsage of job (MB)
	428896  -  ResidentSetSize of job (KB)
...
006 (6806835.000.000) 06/20 12:55:08 Image size of job updated: 1174352
	419  -  MemoryUsage of job (MB)
	428896  -  ResidentSetSize of job (KB)
...
006 (6806835.000.000) 06/20 13:00:08 Image size of job updated: 1179280
	419  -  MemoryUsage of job (MB)
	428896  -  ResidentSetSize of job (KB)
...
006 (6806835.000.000) 06/20 13:05:08 Image size of job updated: 1184104
	419  -  MemoryUsage of job (MB)
	428896  -  ResidentSetSize of job (KB)
...
006 (6806835.000.000) 06/20 13:10:09 Image size of job updated: 1188692
	424  -  MemoryUsage of job (MB)
	434156  -  ResidentSetSize of job (KB)
...
006 (6806835.000.000) 06/20 13:15:09 Image size of job updated: 1196892
	424  -  MemoryUsage of job (MB)
	434156  -  ResidentSetSize of job (KB)
...
006 (6806835.000.000) 06/20 13:20:09 Image size of job updated: 1199308
	464  -  MemoryUsage of job (MB)
	474688  -  ResidentSetSize of job (KB)
...
006 (6806835.000.000) 06/20 13:25:10 Image size of job updated: 1203324
	472  -  MemoryUsage of job (MB)
	483244  -  ResidentSetSize of job (KB)
...
006 (6806835.000.000) 06/20 13:30:10 Image size of job updated: 1207824
	477  -  MemoryUsage of job (MB)
	487536  -  ResidentSetSize of job (KB)
...
006 (6806835.000.000) 06/20 13:34:15 Image size of job updated: 1343708
	477  -  MemoryUsage of job (MB)
	487536  -  ResidentSetSize of job (KB)
...
040 (6806835.000.000) 06/20 13:34:15 Started transferring output files
...
040 (6806835.000.000) 06/20 13:34:15 Finished transferring output files
...
005 (6806835.000.000) 06/20 13:34:15 Job terminated.
	(1) Normal termination (return value 0)
		Usr 0 00:50:09, Sys 0 01:53:24  -  Run Remote Usage
		Usr 0 00:00:00, Sys 0 00:00:00  -  Run Local Usage
		Usr 0 00:50:09, Sys 0 01:53:24  -  Total Remote Usage
		Usr 0 00:00:00, Sys 0 00:00:00  -  Total Local Usage
	1556578  -  Run Bytes Sent By Job
	10968  -  Run Bytes Received By Job
	1556578  -  Total Bytes Sent By Job
	10968  -  Total Bytes Received By Job
	Partitionable Resources :    Usage  Request Allocated 
	   Cpus                 :     1.00        1         1 
	   Disk (KB)            :  1551          12   1289576 
	   Memory (MB)          :   477        2000      2000 

	Job terminated of its own accord at 2024-06-20T11:34:15Z with exit-code 0.
...
000 (6809285.000.000) 06/20 15:02:52 Job submitted from host: <137.138.55.115:9618?addrs=137.138.55.115-9618+[2001-1458-d00-17--12a]-9618&alias=bigbird23.cern.ch&noUDP&sock=schedd_23881_f548>
...
009 (6809285.000.000) 06/20 15:39:20 Job was aborted.
	via condor_rm (by user fsalerno)
...
000 (6812936.000.000) 06/20 17:57:29 Job submitted from host: <137.138.55.115:9618?addrs=137.138.55.115-9618+[2001-1458-d00-17--12a]-9618&alias=bigbird23.cern.ch&noUDP&sock=schedd_23881_f548>
...
040 (6812936.000.000) 06/20 17:58:44 Started transferring input files
	Transferring to host: <128.142.56.49:9618?addrs=128.142.56.49-9618&alias=b7s01p1778.cern.ch&noUDP&sock=slot1_5_7488_b92a_172458>
...
040 (6812936.000.000) 06/20 17:58:44 Finished transferring input files
...
001 (6812936.000.000) 06/20 17:58:45 Job executing on host: <128.142.56.49:9618?addrs=128.142.56.49-9618&alias=b7s01p1778.cern.ch&noUDP&sock=startd_7421_c468>
	SlotName: slot1_5@b7s01p1778.cern.ch
...
006 (6812936.000.000) 06/20 17:58:54 Image size of job updated: 912952
	196  -  MemoryUsage of job (MB)
	199796  -  ResidentSetSize of job (KB)
...
006 (6812936.000.000) 06/20 18:03:55 Image size of job updated: 979164
	233  -  MemoryUsage of job (MB)
	238348  -  ResidentSetSize of job (KB)
...
006 (6812936.000.000) 06/20 18:08:56 Image size of job updated: 1028292
	302  -  MemoryUsage of job (MB)
	308860  -  ResidentSetSize of job (KB)
...
006 (6812936.000.000) 06/20 18:13:56 Image size of job updated: 1055604
	306  -  MemoryUsage of job (MB)
	312584  -  ResidentSetSize of job (KB)
...
006 (6812936.000.000) 06/20 18:28:57 Image size of job updated: 1058672
	326  -  MemoryUsage of job (MB)
	333496  -  ResidentSetSize of job (KB)
...
006 (6812936.000.000) 06/20 18:33:57 Image size of job updated: 1066176
	331  -  MemoryUsage of job (MB)
	338588  -  ResidentSetSize of job (KB)
...
006 (6812936.000.000) 06/20 18:38:58 Image size of job updated: 1074660
	331  -  MemoryUsage of job (MB)
	338588  -  ResidentSetSize of job (KB)
...
006 (6812936.000.000) 06/20 18:43:59 Image size of job updated: 1082824
	335  -  MemoryUsage of job (MB)
	342812  -  ResidentSetSize of job (KB)
...
006 (6812936.000.000) 06/20 18:48:59 Image size of job updated: 1090432
	355  -  MemoryUsage of job (MB)
	363432  -  ResidentSetSize of job (KB)
...
006 (6812936.000.000) 06/20 18:54:00 Image size of job updated: 1097852
	363  -  MemoryUsage of job (MB)
	371628  -  ResidentSetSize of job (KB)
...
006 (6812936.000.000) 06/20 18:59:01 Image size of job updated: 1104940
	363  -  MemoryUsage of job (MB)
	371628  -  ResidentSetSize of job (KB)
...
006 (6812936.000.000) 06/20 19:04:01 Image size of job updated: 1111972
	369  -  MemoryUsage of job (MB)
	377784  -  ResidentSetSize of job (KB)
...
006 (6812936.000.000) 06/20 19:09:01 Image size of job updated: 1118436
	389  -  MemoryUsage of job (MB)
	397812  -  ResidentSetSize of job (KB)
...
006 (6812936.000.000) 06/20 19:14:02 Image size of job updated: 1125468
	398  -  MemoryUsage of job (MB)
	407136  -  ResidentSetSize of job (KB)
...
006 (6812936.000.000) 06/20 19:19:02 Image size of job updated: 1131388
	406  -  MemoryUsage of job (MB)
	415144  -  ResidentSetSize of job (KB)
...
006 (6812936.000.000) 06/20 19:24:02 Image size of job updated: 1137472
	406  -  MemoryUsage of job (MB)
	415144  -  ResidentSetSize of job (KB)
...
006 (6812936.000.000) 06/20 19:29:03 Image size of job updated: 1143636
	406  -  MemoryUsage of job (MB)
	415144  -  ResidentSetSize of job (KB)
...
006 (6812936.000.000) 06/20 19:34:03 Image size of job updated: 1149304
	406  -  MemoryUsage of job (MB)
	415144  -  ResidentSetSize of job (KB)
...
006 (6812936.000.000) 06/20 19:39:03 Image size of job updated: 1154884
	428  -  MemoryUsage of job (MB)
	437616  -  ResidentSetSize of job (KB)
...
006 (6812936.000.000) 06/20 19:44:04 Image size of job updated: 1160528
	428  -  MemoryUsage of job (MB)
	437616  -  ResidentSetSize of job (KB)
...
006 (6812936.000.000) 06/20 19:49:05 Image size of job updated: 1165776
	428  -  MemoryUsage of job (MB)
	437616  -  ResidentSetSize of job (KB)
...
006 (6812936.000.000) 06/20 19:54:05 Image size of job updated: 1171308
	428  -  MemoryUsage of job (MB)
	437616  -  ResidentSetSize of job (KB)
...
006 (6812936.000.000) 06/20 19:59:06 Image size of job updated: 1176708
	428  -  MemoryUsage of job (MB)
	437616  -  ResidentSetSize of job (KB)
...
006 (6812936.000.000) 06/20 20:04:07 Image size of job updated: 1182184
	428  -  MemoryUsage of job (MB)
	437616  -  ResidentSetSize of job (KB)
...
006 (6812936.000.000) 06/20 20:09:07 Image size of job updated: 1187876
	455  -  MemoryUsage of job (MB)
	465840  -  ResidentSetSize of job (KB)
...
006 (6812936.000.000) 06/20 20:14:08 Image size of job updated: 1193044
	461  -  MemoryUsage of job (MB)
	471464  -  ResidentSetSize of job (KB)
...
006 (6812936.000.000) 06/20 20:19:09 Image size of job updated: 1198600
	461  -  MemoryUsage of job (MB)
	471464  -  ResidentSetSize of job (KB)
...
006 (6812936.000.000) 06/20 20:24:09 Image size of job updated: 1203620
	467  -  MemoryUsage of job (MB)
	477436  -  ResidentSetSize of job (KB)
...
006 (6812936.000.000) 06/20 20:29:09 Image size of job updated: 1208656
	473  -  MemoryUsage of job (MB)
	483376  -  ResidentSetSize of job (KB)
...
006 (6812936.000.000) 06/20 20:32:14 Image size of job updated: 1211356
	473  -  MemoryUsage of job (MB)
	483376  -  ResidentSetSize of job (KB)
...
040 (6812936.000.000) 06/20 20:32:14 Started transferring output files
...
040 (6812936.000.000) 06/20 20:32:14 Finished transferring output files
...
005 (6812936.000.000) 06/20 20:32:14 Job terminated.
	(1) Normal termination (return value 1)
		Usr 0 00:49:05, Sys 0 01:43:41  -  Run Remote Usage
		Usr 0 00:00:00, Sys 0 00:00:00  -  Run Local Usage
		Usr 0 00:49:05, Sys 0 01:43:41  -  Total Remote Usage
		Usr 0 00:00:00, Sys 0 00:00:00  -  Total Local Usage
	124743  -  Run Bytes Sent By Job
	10970  -  Run Bytes Received By Job
	124743  -  Total Bytes Sent By Job
	10970  -  Total Bytes Received By Job
	Partitionable Resources :    Usage  Request Allocated 
	   Cpus                 :     1.00        1         1 
	   Disk (KB)            :   154          12   1282807 
	   Memory (MB)          :   473        2000      2000 

	Job terminated of its own accord at 2024-06-20T18:32:14Z with exit-code 1.
...
000 (6819127.000.000) 06/21 10:40:50 Job submitted from host: <137.138.55.115:9618?addrs=137.138.55.115-9618+[2001-1458-d00-17--12a]-9618&alias=bigbird23.cern.ch&noUDP&sock=schedd_23881_f548>
...
040 (6819127.000.000) 06/21 12:03:46 Started transferring input files
	Transferring to host: <128.142.59.137:9618?addrs=128.142.59.137-9618&alias=b7s04p7140.cern.ch&noUDP&sock=slot1_18_6914_49d2_173881>
...
040 (6819127.000.000) 06/21 12:03:46 Finished transferring input files
...
001 (6819127.000.000) 06/21 12:03:47 Job executing on host: <128.142.59.137:9618?addrs=128.142.59.137-9618&alias=b7s04p7140.cern.ch&noUDP&sock=startd_6865_65c0>
	SlotName: slot1_18@b7s04p7140.cern.ch
...
006 (6819127.000.000) 06/21 12:03:56 Image size of job updated: 127480
	73  -  MemoryUsage of job (MB)
	74476  -  ResidentSetSize of job (KB)
...
006 (6819127.000.000) 06/21 12:08:57 Image size of job updated: 993372
	238  -  MemoryUsage of job (MB)
	243152  -  ResidentSetSize of job (KB)
...
006 (6819127.000.000) 06/21 12:13:58 Image size of job updated: 1026712
	263  -  MemoryUsage of job (MB)
	269276  -  ResidentSetSize of job (KB)
...
006 (6819127.000.000) 06/21 12:18:58 Image size of job updated: 1057628
	305  -  MemoryUsage of job (MB)
	312264  -  ResidentSetSize of job (KB)
...
006 (6819127.000.000) 06/21 12:28:59 Image size of job updated: 1057628
	309  -  MemoryUsage of job (MB)
	315960  -  ResidentSetSize of job (KB)
...
006 (6819127.000.000) 06/21 12:33:59 Image size of job updated: 1063496
	312  -  MemoryUsage of job (MB)
	319080  -  ResidentSetSize of job (KB)
...
006 (6819127.000.000) 06/21 12:38:59 Image size of job updated: 1073500
	323  -  MemoryUsage of job (MB)
	329852  -  ResidentSetSize of job (KB)
...
006 (6819127.000.000) 06/21 12:44:00 Image size of job updated: 1083204
	343  -  MemoryUsage of job (MB)
	350896  -  ResidentSetSize of job (KB)
...
006 (6819127.000.000) 06/21 12:49:01 Image size of job updated: 1092280
	349  -  MemoryUsage of job (MB)
	356360  -  ResidentSetSize of job (KB)
...
006 (6819127.000.000) 06/21 12:54:01 Image size of job updated: 1101040
	349  -  MemoryUsage of job (MB)
	356360  -  ResidentSetSize of job (KB)
...
006 (6819127.000.000) 06/21 12:59:01 Image size of job updated: 1109360
	349  -  MemoryUsage of job (MB)
	356360  -  ResidentSetSize of job (KB)
...
006 (6819127.000.000) 06/21 13:04:02 Image size of job updated: 1117520
	377  -  MemoryUsage of job (MB)
	385684  -  ResidentSetSize of job (KB)
...
006 (6819127.000.000) 06/21 13:09:02 Image size of job updated: 1125216
	385  -  MemoryUsage of job (MB)
	393376  -  ResidentSetSize of job (KB)
...
006 (6819127.000.000) 06/21 13:14:02 Image size of job updated: 1132588
	385  -  MemoryUsage of job (MB)
	393376  -  ResidentSetSize of job (KB)
...
006 (6819127.000.000) 06/21 13:19:03 Image size of job updated: 1139352
	385  -  MemoryUsage of job (MB)
	393376  -  ResidentSetSize of job (KB)
...
006 (6819127.000.000) 06/21 13:24:03 Image size of job updated: 1146668
	392  -  MemoryUsage of job (MB)
	400624  -  ResidentSetSize of job (KB)
...
006 (6819127.000.000) 06/21 13:29:03 Image size of job updated: 1152768
	411  -  MemoryUsage of job (MB)
	420084  -  ResidentSetSize of job (KB)
...
006 (6819127.000.000) 06/21 13:34:04 Image size of job updated: 1159540
	417  -  MemoryUsage of job (MB)
	426624  -  ResidentSetSize of job (KB)
...
006 (6819127.000.000) 06/21 13:39:05 Image size of job updated: 1165964
	417  -  MemoryUsage of job (MB)
	426624  -  ResidentSetSize of job (KB)
...
006 (6819127.000.000) 06/21 13:44:05 Image size of job updated: 1172152
	417  -  MemoryUsage of job (MB)
	426624  -  ResidentSetSize of job (KB)
...
006 (6819127.000.000) 06/21 13:49:05 Image size of job updated: 1178268
	417  -  MemoryUsage of job (MB)
	426624  -  ResidentSetSize of job (KB)
...
006 (6819127.000.000) 06/21 13:54:06 Image size of job updated: 1184448
	435  -  MemoryUsage of job (MB)
	444796  -  ResidentSetSize of job (KB)
...
006 (6819127.000.000) 06/21 13:59:06 Image size of job updated: 1190028
	435  -  MemoryUsage of job (MB)
	444796  -  ResidentSetSize of job (KB)
...
006 (6819127.000.000) 06/21 14:04:06 Image size of job updated: 1195396
	435  -  MemoryUsage of job (MB)
	444796  -  ResidentSetSize of job (KB)
...
006 (6819127.000.000) 06/21 14:09:08 Image size of job updated: 1201268
	435  -  MemoryUsage of job (MB)
	444796  -  ResidentSetSize of job (KB)
...
006 (6819127.000.000) 06/21 14:14:08 Image size of job updated: 1206784
	442  -  MemoryUsage of job (MB)
	452048  -  ResidentSetSize of job (KB)
...
006 (6819127.000.000) 06/21 14:18:30 Image size of job updated: 1211560
	442  -  MemoryUsage of job (MB)
	452048  -  ResidentSetSize of job (KB)
...
040 (6819127.000.000) 06/21 14:18:31 Started transferring output files
...
040 (6819127.000.000) 06/21 14:18:31 Finished transferring output files
...
005 (6819127.000.000) 06/21 14:18:31 Job terminated.
	(1) Normal termination (return value 0)
		Usr 0 00:39:54, Sys 0 01:34:35  -  Run Remote Usage
		Usr 0 00:00:00, Sys 0 00:00:00  -  Run Local Usage
		Usr 0 00:39:54, Sys 0 01:34:35  -  Total Remote Usage
		Usr 0 00:00:00, Sys 0 00:00:00  -  Total Local Usage
	125175  -  Run Bytes Sent By Job
	10974  -  Run Bytes Received By Job
	125175  -  Total Bytes Sent By Job
	10974  -  Total Bytes Received By Job
	Partitionable Resources :    Usage  Request Allocated 
	   Cpus                 :     1.00        1         1 
	   Disk (KB)            :   154          12   1279287 
	   Memory (MB)          :   442        2000      2000 

	Job terminated of its own accord at 2024-06-21T12:18:30Z with exit-code 0.
...
000 (6822042.000.000) 06/22 20:50:24 Job submitted from host: <137.138.55.115:9618?addrs=137.138.55.115-9618+[2001-1458-d00-17--12a]-9618&alias=bigbird23.cern.ch&noUDP&sock=schedd_23881_f548>
...
040 (6822042.000.000) 06/22 21:29:45 Started transferring input files
	Transferring to host: <128.142.59.112:9618?addrs=128.142.59.112-9618&alias=b7s04p8697.cern.ch&noUDP&sock=slot1_35_6951_5bb4_174696>
...
040 (6822042.000.000) 06/22 21:29:45 Finished transferring input files
...
001 (6822042.000.000) 06/22 21:29:46 Job executing on host: <128.142.59.112:9618?addrs=128.142.59.112-9618&alias=b7s04p8697.cern.ch&noUDP&sock=startd_6864_b628>
	SlotName: slot1_35@b7s04p8697.cern.ch
...
006 (6822042.000.000) 06/22 21:29:54 Image size of job updated: 261852
	119  -  MemoryUsage of job (MB)
	120852  -  ResidentSetSize of job (KB)
...
006 (6822042.000.000) 06/22 21:34:54 Image size of job updated: 982736
	249  -  MemoryUsage of job (MB)
	254196  -  ResidentSetSize of job (KB)
...
006 (6822042.000.000) 06/22 21:39:55 Image size of job updated: 1019248
	287  -  MemoryUsage of job (MB)
	293100  -  ResidentSetSize of job (KB)
...
006 (6822042.000.000) 06/22 21:44:56 Image size of job updated: 1052740
	309  -  MemoryUsage of job (MB)
	315412  -  ResidentSetSize of job (KB)
...
006 (6822042.000.000) 06/22 21:54:57 Image size of job updated: 1058792
	316  -  MemoryUsage of job (MB)
	322924  -  ResidentSetSize of job (KB)
...
006 (6822042.000.000) 06/22 21:59:58 Image size of job updated: 1069388
	321  -  MemoryUsage of job (MB)
	328496  -  ResidentSetSize of job (KB)
...
006 (6822042.000.000) 06/22 22:04:58 Image size of job updated: 1077940
	321  -  MemoryUsage of job (MB)
	328496  -  ResidentSetSize of job (KB)
...
006 (6822042.000.000) 06/22 22:09:58 Image size of job updated: 1087008
	340  -  MemoryUsage of job (MB)
	347172  -  ResidentSetSize of job (KB)
...
006 (6822042.000.000) 06/22 22:14:59 Image size of job updated: 1096036
	353  -  MemoryUsage of job (MB)
	361176  -  ResidentSetSize of job (KB)
...
006 (6822042.000.000) 06/22 22:20:00 Image size of job updated: 1104704
	360  -  MemoryUsage of job (MB)
	368620  -  ResidentSetSize of job (KB)
...
006 (6822042.000.000) 06/22 22:25:00 Image size of job updated: 1112848
	360  -  MemoryUsage of job (MB)
	368620  -  ResidentSetSize of job (KB)
...
006 (6822042.000.000) 06/22 22:30:01 Image size of job updated: 1120560
	360  -  MemoryUsage of job (MB)
	368620  -  ResidentSetSize of job (KB)
...
006 (6822042.000.000) 06/22 22:35:02 Image size of job updated: 1128388
	376  -  MemoryUsage of job (MB)
	384584  -  ResidentSetSize of job (KB)
...
006 (6822042.000.000) 06/22 22:40:02 Image size of job updated: 1135136
	394  -  MemoryUsage of job (MB)
	402936  -  ResidentSetSize of job (KB)
...
006 (6822042.000.000) 06/22 22:45:02 Image size of job updated: 1142224
	399  -  MemoryUsage of job (MB)
	408476  -  ResidentSetSize of job (KB)
...
006 (6822042.000.000) 06/22 22:50:03 Image size of job updated: 1148932
	399  -  MemoryUsage of job (MB)
	408476  -  ResidentSetSize of job (KB)
...
006 (6822042.000.000) 06/22 22:55:04 Image size of job updated: 1155428
	415  -  MemoryUsage of job (MB)
	424300  -  ResidentSetSize of job (KB)
...
006 (6822042.000.000) 06/22 23:00:04 Image size of job updated: 1161656
	422  -  MemoryUsage of job (MB)
	431880  -  ResidentSetSize of job (KB)
...
006 (6822042.000.000) 06/22 23:05:05 Image size of job updated: 1168004
	422  -  MemoryUsage of job (MB)
	431880  -  ResidentSetSize of job (KB)
...
006 (6822042.000.000) 06/22 23:10:06 Image size of job updated: 1174000
	422  -  MemoryUsage of job (MB)
	431880  -  ResidentSetSize of job (KB)
...
006 (6822042.000.000) 06/22 23:15:06 Image size of job updated: 1179864
	441  -  MemoryUsage of job (MB)
	451004  -  ResidentSetSize of job (KB)
...
006 (6822042.000.000) 06/22 23:20:06 Image size of job updated: 1185680
	448  -  MemoryUsage of job (MB)
	458524  -  ResidentSetSize of job (KB)
...
006 (6822042.000.000) 06/22 23:25:07 Image size of job updated: 1191316
	448  -  MemoryUsage of job (MB)
	458524  -  ResidentSetSize of job (KB)
...
006 (6822042.000.000) 06/22 23:30:08 Image size of job updated: 1196888
	448  -  MemoryUsage of job (MB)
	458524  -  ResidentSetSize of job (KB)
...
006 (6822042.000.000) 06/22 23:35:08 Image size of job updated: 1202216
	448  -  MemoryUsage of job (MB)
	458524  -  ResidentSetSize of job (KB)
...
006 (6822042.000.000) 06/22 23:40:08 Image size of job updated: 1207692
	452  -  MemoryUsage of job (MB)
	462624  -  ResidentSetSize of job (KB)
...
006 (6822042.000.000) 06/22 23:43:59 Image size of job updated: 1211292
	452  -  MemoryUsage of job (MB)
	462624  -  ResidentSetSize of job (KB)
...
040 (6822042.000.000) 06/22 23:43:59 Started transferring output files
...
040 (6822042.000.000) 06/22 23:43:59 Finished transferring output files
...
005 (6822042.000.000) 06/22 23:43:59 Job terminated.
	(1) Normal termination (return value 0)
		Usr 0 00:40:25, Sys 0 01:33:35  -  Run Remote Usage
		Usr 0 00:00:00, Sys 0 00:00:00  -  Run Local Usage
		Usr 0 00:40:25, Sys 0 01:33:35  -  Total Remote Usage
		Usr 0 00:00:00, Sys 0 00:00:00  -  Total Local Usage
	125181  -  Run Bytes Sent By Job
	10976  -  Run Bytes Received By Job
	125181  -  Total Bytes Sent By Job
	10976  -  Total Bytes Received By Job
	Partitionable Resources :    Usage  Request Allocated 
	   Cpus                 :     1.00        1         1 
	   Disk (KB)            :   153          12   1291161 
	   Memory (MB)          :   452        2000      2000 

	Job terminated of its own accord at 2024-06-22T21:43:59Z with exit-code 0.
...
000 (6930424.000.000) 07/10 11:50:18 Job submitted from host: <137.138.55.115:9618?addrs=137.138.55.115-9618+[2001-1458-d00-17--12a]-9618&alias=bigbird23.cern.ch&noUDP&sock=schedd_23881_f548>
...
040 (6930424.000.000) 07/10 12:06:09 Started transferring input files
	Transferring to host: <128.142.56.96:9618?addrs=128.142.56.96-9618+[2001-1458-301-6--100-5f]-9618&alias=b7s01p1977.cern.ch&noUDP&sock=slot1_4_743_42b7_189740>
...
040 (6930424.000.000) 07/10 12:06:09 Finished transferring input files
...
001 (6930424.000.000) 07/10 12:06:10 Job executing on host: <128.142.56.96:9618?addrs=128.142.56.96-9618+[2001-1458-301-6--100-5f]-9618&alias=b7s01p1977.cern.ch&noUDP&sock=startd_705_265b>
	SlotName: slot1_4@b7s01p1977.cern.ch
...
006 (6930424.000.000) 07/10 12:06:18 Image size of job updated: 33280
	17  -  MemoryUsage of job (MB)
	17108  -  ResidentSetSize of job (KB)
...
006 (6930424.000.000) 07/10 12:11:18 Image size of job updated: 998524
	266  -  MemoryUsage of job (MB)
	271912  -  ResidentSetSize of job (KB)
...
006 (6930424.000.000) 07/10 12:16:19 Image size of job updated: 1034444
	277  -  MemoryUsage of job (MB)
	283336  -  ResidentSetSize of job (KB)
...
006 (6930424.000.000) 07/10 12:21:20 Image size of job updated: 1068284
	283  -  MemoryUsage of job (MB)
	289732  -  ResidentSetSize of job (KB)
...
006 (6930424.000.000) 07/10 12:26:20 Image size of job updated: 1068284
	325  -  MemoryUsage of job (MB)
	332296  -  ResidentSetSize of job (KB)
...
006 (6930424.000.000) 07/10 12:31:21 Image size of job updated: 1068284
	332  -  MemoryUsage of job (MB)
	339328  -  ResidentSetSize of job (KB)
...
006 (6930424.000.000) 07/10 12:36:22 Image size of job updated: 1074624
	334  -  MemoryUsage of job (MB)
	341068  -  ResidentSetSize of job (KB)
...
006 (6930424.000.000) 07/10 12:41:22 Image size of job updated: 1082984
	342  -  MemoryUsage of job (MB)
	349956  -  ResidentSetSize of job (KB)
...
006 (6930424.000.000) 07/10 12:46:22 Image size of job updated: 1091268
	350  -  MemoryUsage of job (MB)
	357404  -  ResidentSetSize of job (KB)
...
006 (6930424.000.000) 07/10 12:51:22 Image size of job updated: 1099120
	350  -  MemoryUsage of job (MB)
	357404  -  ResidentSetSize of job (KB)
...
006 (6930424.000.000) 07/10 12:56:23 Image size of job updated: 1106492
	360  -  MemoryUsage of job (MB)
	367820  -  ResidentSetSize of job (KB)
...
006 (6930424.000.000) 07/10 13:01:24 Image size of job updated: 1113548
	366  -  MemoryUsage of job (MB)
	374128  -  ResidentSetSize of job (KB)
...
006 (6930424.000.000) 07/10 13:06:24 Image size of job updated: 1120564
	366  -  MemoryUsage of job (MB)
	374128  -  ResidentSetSize of job (KB)
...
006 (6930424.000.000) 07/10 13:11:24 Image size of job updated: 1127092
	390  -  MemoryUsage of job (MB)
	398852  -  ResidentSetSize of job (KB)
...
006 (6930424.000.000) 07/10 13:16:25 Image size of job updated: 1133604
	396  -  MemoryUsage of job (MB)
	405176  -  ResidentSetSize of job (KB)
...
006 (6930424.000.000) 07/10 13:21:26 Image size of job updated: 1140588
	396  -  MemoryUsage of job (MB)
	405176  -  ResidentSetSize of job (KB)
...
006 (6930424.000.000) 07/10 13:26:27 Image size of job updated: 1147580
	396  -  MemoryUsage of job (MB)
	405176  -  ResidentSetSize of job (KB)
...
006 (6930424.000.000) 07/10 13:31:27 Image size of job updated: 1153532
	396  -  MemoryUsage of job (MB)
	405176  -  ResidentSetSize of job (KB)
...
006 (6930424.000.000) 07/10 13:36:27 Image size of job updated: 1159064
	417  -  MemoryUsage of job (MB)
	426116  -  ResidentSetSize of job (KB)
...
006 (6930424.000.000) 07/10 13:41:28 Image size of job updated: 1165228
	421  -  MemoryUsage of job (MB)
	430224  -  ResidentSetSize of job (KB)
...
006 (6930424.000.000) 07/10 13:46:28 Image size of job updated: 1170776
	421  -  MemoryUsage of job (MB)
	430224  -  ResidentSetSize of job (KB)
...
006 (6930424.000.000) 07/10 13:51:28 Image size of job updated: 1176184
	421  -  MemoryUsage of job (MB)
	430224  -  ResidentSetSize of job (KB)
...
006 (6930424.000.000) 07/10 13:56:29 Image size of job updated: 1181488
	421  -  MemoryUsage of job (MB)
	430224  -  ResidentSetSize of job (KB)
...
006 (6930424.000.000) 07/10 14:01:30 Image size of job updated: 1186624
	421  -  MemoryUsage of job (MB)
	430224  -  ResidentSetSize of job (KB)
...
006 (6930424.000.000) 07/10 14:06:30 Image size of job updated: 1191408
	461  -  MemoryUsage of job (MB)
	471644  -  ResidentSetSize of job (KB)
...
006 (6930424.000.000) 07/10 14:11:31 Image size of job updated: 1197708
	470  -  MemoryUsage of job (MB)
	481252  -  ResidentSetSize of job (KB)
...
006 (6930424.000.000) 07/10 14:16:32 Image size of job updated: 1200268
	470  -  MemoryUsage of job (MB)
	481252  -  ResidentSetSize of job (KB)
...
006 (6930424.000.000) 07/10 14:21:33 Image size of job updated: 1205028
	470  -  MemoryUsage of job (MB)
	481252  -  ResidentSetSize of job (KB)
...
006 (6930424.000.000) 07/10 14:26:34 Image size of job updated: 1209676
	470  -  MemoryUsage of job (MB)
	481252  -  ResidentSetSize of job (KB)
...
006 (6930424.000.000) 07/10 14:31:34 Image size of job updated: 1214112
	487  -  MemoryUsage of job (MB)
	497960  -  ResidentSetSize of job (KB)
...
006 (6930424.000.000) 07/10 14:36:35 Image size of job updated: 1218588
	487  -  MemoryUsage of job (MB)
	497960  -  ResidentSetSize of job (KB)
...
006 (6930424.000.000) 07/10 14:41:36 Image size of job updated: 1222716
	487  -  MemoryUsage of job (MB)
	497960  -  ResidentSetSize of job (KB)
...
006 (6930424.000.000) 07/10 14:46:36 Image size of job updated: 1227096
	487  -  MemoryUsage of job (MB)
	497960  -  ResidentSetSize of job (KB)
...
006 (6930424.000.000) 07/10 14:51:37 Image size of job updated: 1231168
	487  -  MemoryUsage of job (MB)
	497960  -  ResidentSetSize of job (KB)
...
006 (6930424.000.000) 07/10 14:56:37 Image size of job updated: 1234608
	487  -  MemoryUsage of job (MB)
	497960  -  ResidentSetSize of job (KB)
...
006 (6930424.000.000) 07/10 15:01:37 Image size of job updated: 1238232
	487  -  MemoryUsage of job (MB)
	497960  -  ResidentSetSize of job (KB)
...
006 (6930424.000.000) 07/10 15:06:39 Image size of job updated: 1241232
	487  -  MemoryUsage of job (MB)
	497960  -  ResidentSetSize of job (KB)
...
006 (6930424.000.000) 07/10 15:26:41 Image size of job updated: 1241232
	498  -  MemoryUsage of job (MB)
	509364  -  ResidentSetSize of job (KB)
...
006 (6930424.000.000) 07/10 15:56:43 Image size of job updated: 1244768
	498  -  MemoryUsage of job (MB)
	509364  -  ResidentSetSize of job (KB)
...
006 (6930424.000.000) 07/10 16:01:44 Image size of job updated: 1247780
	498  -  MemoryUsage of job (MB)
	509364  -  ResidentSetSize of job (KB)
...
006 (6930424.000.000) 07/10 16:06:44 Image size of job updated: 1249832
	498  -  MemoryUsage of job (MB)
	509364  -  ResidentSetSize of job (KB)
...
006 (6930424.000.000) 07/10 16:11:44 Image size of job updated: 1252872
	498  -  MemoryUsage of job (MB)
	509364  -  ResidentSetSize of job (KB)
...
006 (6930424.000.000) 07/10 16:14:55 Image size of job updated: 1254260
	498  -  MemoryUsage of job (MB)
	509364  -  ResidentSetSize of job (KB)
...
040 (6930424.000.000) 07/10 16:14:55 Started transferring output files
...
040 (6930424.000.000) 07/10 16:14:55 Finished transferring output files
...
004 (6930424.000.000) 07/10 16:14:55 Job was evicted.
	(0) CPU times
		Usr 0 01:13:38, Sys 0 02:52:52  -  Run Remote Usage
		Usr 0 00:00:00, Sys 0 00:00:00  -  Run Local Usage
	152772  -  Run Bytes Sent By Job
	11009  -  Run Bytes Received By Job
	Partitionable Resources :    Usage  Request Allocated 
	   Cpus                 :     1.00        1         1 
	   Disk (KB)            :   181          12   1244614 
	   Memory (MB)          :   498        2000      2000 
...
009 (6930424.000.000) 07/10 16:14:55 Job was aborted.
	via condor_rm (by user fsalerno)
...
000 (6932089.000.000) 07/11 12:36:20 Job submitted from host: <137.138.55.115:9618?addrs=137.138.55.115-9618+[2001-1458-d00-17--12a]-9618&alias=bigbird23.cern.ch&noUDP&sock=schedd_23881_f548>
...
040 (6932089.000.000) 07/11 13:53:59 Started transferring input files
	Transferring to host: <128.142.57.139:9618?addrs=128.142.57.139-9618&alias=b7s02p4498.cern.ch&noUDP&sock=slot1_25_7431_8fc7_193291>
...
040 (6932089.000.000) 07/11 13:53:59 Finished transferring input files
...
001 (6932089.000.000) 07/11 13:54:00 Job executing on host: <128.142.57.139:9618?addrs=128.142.57.139-9618&alias=b7s02p4498.cern.ch&noUDP&sock=startd_7367_ba4b>
	SlotName: slot1_25@b7s02p4498.cern.ch
...
006 (6932089.000.000) 07/11 13:54:08 Image size of job updated: 792516
	151  -  MemoryUsage of job (MB)
	154160  -  ResidentSetSize of job (KB)
...
006 (6932089.000.000) 07/11 13:59:08 Image size of job updated: 990436
	245  -  MemoryUsage of job (MB)
	250720  -  ResidentSetSize of job (KB)
...
006 (6932089.000.000) 07/11 14:04:09 Image size of job updated: 1016332
	287  -  MemoryUsage of job (MB)
	293108  -  ResidentSetSize of job (KB)
...
006 (6932089.000.000) 07/11 14:09:09 Image size of job updated: 1047296
	287  -  MemoryUsage of job (MB)
	293108  -  ResidentSetSize of job (KB)
...
006 (6932089.000.000) 07/11 14:19:10 Image size of job updated: 1050116
	303  -  MemoryUsage of job (MB)
	309348  -  ResidentSetSize of job (KB)
...
006 (6932089.000.000) 07/11 14:24:10 Image size of job updated: 1057504
	330  -  MemoryUsage of job (MB)
	337152  -  ResidentSetSize of job (KB)
...
006 (6932089.000.000) 07/11 14:29:10 Image size of job updated: 1064568
	334  -  MemoryUsage of job (MB)
	341328  -  ResidentSetSize of job (KB)
...
006 (6932089.000.000) 07/11 14:34:11 Image size of job updated: 1071860
	347  -  MemoryUsage of job (MB)
	354752  -  ResidentSetSize of job (KB)
...
006 (6932089.000.000) 07/11 14:39:12 Image size of job updated: 1080628
	347  -  MemoryUsage of job (MB)
	354752  -  ResidentSetSize of job (KB)
...
006 (6932089.000.000) 07/11 14:44:12 Image size of job updated: 1087620
	347  -  MemoryUsage of job (MB)
	354752  -  ResidentSetSize of job (KB)
...
000 (6932436.000.000) 07/11 14:48:56 Job submitted from host: <137.138.55.115:9618?addrs=137.138.55.115-9618+[2001-1458-d00-17--12a]-9618&alias=bigbird23.cern.ch&noUDP&sock=schedd_23881_f548>
...
006 (6932089.000.000) 07/11 14:49:13 Image size of job updated: 1095292
	347  -  MemoryUsage of job (MB)
	354752  -  ResidentSetSize of job (KB)
...
009 (6932436.000.000) 07/11 14:49:32 Job was aborted.
	via condor_rm (by user fsalerno)
...
000 (6932442.000.000) 07/11 14:50:05 Job submitted from host: <137.138.55.115:9618?addrs=137.138.55.115-9618+[2001-1458-d00-17--12a]-9618&alias=bigbird23.cern.ch&noUDP&sock=schedd_23881_f548>
...
009 (6932442.000.000) 07/11 14:50:26 Job was aborted.
	via condor_rm (by user fsalerno)
...
000 (6932446.000.000) 07/11 14:50:35 Job submitted from host: <137.138.55.115:9618?addrs=137.138.55.115-9618+[2001-1458-d00-17--12a]-9618&alias=bigbird23.cern.ch&noUDP&sock=schedd_23881_f548>
...
006 (6932089.000.000) 07/11 14:54:14 Image size of job updated: 1102340
	360  -  MemoryUsage of job (MB)
	368528  -  ResidentSetSize of job (KB)
...
040 (6932446.000.000) 07/11 14:54:51 Started transferring input files
	Transferring to host: <128.142.59.153:9618?addrs=128.142.59.153-9618&alias=b7s04p8425.cern.ch&noUDP&sock=slot1_2_6918_1b52_194108>
...
040 (6932446.000.000) 07/11 14:54:51 Finished transferring input files
...
001 (6932446.000.000) 07/11 14:54:52 Job executing on host: <128.142.59.153:9618?addrs=128.142.59.153-9618&alias=b7s04p8425.cern.ch&noUDP&sock=startd_6853_2a9d>
	SlotName: slot1_2@b7s04p8425.cern.ch
...
006 (6932446.000.000) 07/11 14:55:01 Image size of job updated: 362376
	193  -  MemoryUsage of job (MB)
	196660  -  ResidentSetSize of job (KB)
...
006 (6932089.000.000) 07/11 14:59:14 Image size of job updated: 1109324
	360  -  MemoryUsage of job (MB)
	368528  -  ResidentSetSize of job (KB)
...
006 (6932446.000.000) 07/11 15:00:02 Image size of job updated: 987336
	258  -  MemoryUsage of job (MB)
	263220  -  ResidentSetSize of job (KB)
...
006 (6932089.000.000) 07/11 15:04:14 Image size of job updated: 1116152
	360  -  MemoryUsage of job (MB)
	368528  -  ResidentSetSize of job (KB)
...
006 (6932446.000.000) 07/11 15:05:02 Image size of job updated: 1031200
	258  -  MemoryUsage of job (MB)
	263596  -  ResidentSetSize of job (KB)
...
006 (6932089.000.000) 07/11 15:09:14 Image size of job updated: 1122836
	378  -  MemoryUsage of job (MB)
	386652  -  ResidentSetSize of job (KB)
...
006 (6932446.000.000) 07/11 15:10:03 Image size of job updated: 1048616
	282  -  MemoryUsage of job (MB)
	287876  -  ResidentSetSize of job (KB)
...
006 (6932089.000.000) 07/11 15:14:15 Image size of job updated: 1129236
	383  -  MemoryUsage of job (MB)
	391644  -  ResidentSetSize of job (KB)
...
006 (6932446.000.000) 07/11 15:15:03 Image size of job updated: 1048616
	288  -  MemoryUsage of job (MB)
	294060  -  ResidentSetSize of job (KB)
...
006 (6932089.000.000) 07/11 15:19:16 Image size of job updated: 1135440
	400  -  MemoryUsage of job (MB)
	409416  -  ResidentSetSize of job (KB)
...
006 (6932446.000.000) 07/11 15:20:03 Image size of job updated: 1049676
	305  -  MemoryUsage of job (MB)
	312216  -  ResidentSetSize of job (KB)
...
006 (6932089.000.000) 07/11 15:24:16 Image size of job updated: 1140972
	410  -  MemoryUsage of job (MB)
	418864  -  ResidentSetSize of job (KB)
...
006 (6932446.000.000) 07/11 15:25:04 Image size of job updated: 1059064
	311  -  MemoryUsage of job (MB)
	318340  -  ResidentSetSize of job (KB)
...
006 (6932089.000.000) 07/11 15:29:16 Image size of job updated: 1147492
	410  -  MemoryUsage of job (MB)
	418864  -  ResidentSetSize of job (KB)
...
006 (6932446.000.000) 07/11 15:30:05 Image size of job updated: 1065200
	311  -  MemoryUsage of job (MB)
	318340  -  ResidentSetSize of job (KB)
...
006 (6932089.000.000) 07/11 15:34:17 Image size of job updated: 1153300
	410  -  MemoryUsage of job (MB)
	418864  -  ResidentSetSize of job (KB)
...
006 (6932446.000.000) 07/11 15:35:05 Image size of job updated: 1072944
	339  -  MemoryUsage of job (MB)
	346636  -  ResidentSetSize of job (KB)
...
006 (6932089.000.000) 07/11 15:39:17 Image size of job updated: 1158644
	410  -  MemoryUsage of job (MB)
	418864  -  ResidentSetSize of job (KB)
...
006 (6932446.000.000) 07/11 15:40:06 Image size of job updated: 1082472
	345  -  MemoryUsage of job (MB)
	352384  -  ResidentSetSize of job (KB)
...
006 (6932089.000.000) 07/11 15:44:17 Image size of job updated: 1164288
	410  -  MemoryUsage of job (MB)
	418864  -  ResidentSetSize of job (KB)
...
006 (6932446.000.000) 07/11 15:45:07 Image size of job updated: 1087672
	353  -  MemoryUsage of job (MB)
	360484  -  ResidentSetSize of job (KB)
...
006 (6932089.000.000) 07/11 15:49:18 Image size of job updated: 1169940
	424  -  MemoryUsage of job (MB)
	433208  -  ResidentSetSize of job (KB)
...
006 (6932446.000.000) 07/11 15:50:07 Image size of job updated: 1094956
	357  -  MemoryUsage of job (MB)
	364952  -  ResidentSetSize of job (KB)
...
006 (6932089.000.000) 07/11 15:54:19 Image size of job updated: 1175716
	441  -  MemoryUsage of job (MB)
	451116  -  ResidentSetSize of job (KB)
...
006 (6932446.000.000) 07/11 15:55:07 Image size of job updated: 1101792
	357  -  MemoryUsage of job (MB)
	364952  -  ResidentSetSize of job (KB)
...
006 (6932089.000.000) 07/11 15:59:19 Image size of job updated: 1181336
	446  -  MemoryUsage of job (MB)
	456444  -  ResidentSetSize of job (KB)
...
006 (6932446.000.000) 07/11 16:00:08 Image size of job updated: 1108272
	357  -  MemoryUsage of job (MB)
	364952  -  ResidentSetSize of job (KB)
...
006 (6932089.000.000) 07/11 16:04:19 Image size of job updated: 1186616
	450  -  MemoryUsage of job (MB)
	460708  -  ResidentSetSize of job (KB)
...
006 (6932446.000.000) 07/11 16:05:08 Image size of job updated: 1114380
	357  -  MemoryUsage of job (MB)
	365168  -  ResidentSetSize of job (KB)
...
006 (6932089.000.000) 07/11 16:09:20 Image size of job updated: 1191848
	458  -  MemoryUsage of job (MB)
	468812  -  ResidentSetSize of job (KB)
...
006 (6932446.000.000) 07/11 16:10:08 Image size of job updated: 1120788
	357  -  MemoryUsage of job (MB)
	365168  -  ResidentSetSize of job (KB)
...
006 (6932089.000.000) 07/11 16:14:20 Image size of job updated: 1196924
	471  -  MemoryUsage of job (MB)
	481288  -  ResidentSetSize of job (KB)
...
006 (6932446.000.000) 07/11 16:15:09 Image size of job updated: 1126448
	395  -  MemoryUsage of job (MB)
	404200  -  ResidentSetSize of job (KB)
...
006 (6932089.000.000) 07/11 16:19:20 Image size of job updated: 1201832
	471  -  MemoryUsage of job (MB)
	481288  -  ResidentSetSize of job (KB)
...
006 (6932446.000.000) 07/11 16:20:10 Image size of job updated: 1131768
	401  -  MemoryUsage of job (MB)
	410372  -  ResidentSetSize of job (KB)
...
006 (6932089.000.000) 07/11 16:24:21 Image size of job updated: 1206640
	471  -  MemoryUsage of job (MB)
	481288  -  ResidentSetSize of job (KB)
...
006 (6932446.000.000) 07/11 16:25:10 Image size of job updated: 1138240
	401  -  MemoryUsage of job (MB)
	410372  -  ResidentSetSize of job (KB)
...
006 (6932089.000.000) 07/11 16:29:22 Image size of job updated: 1211596
	471  -  MemoryUsage of job (MB)
	481288  -  ResidentSetSize of job (KB)
...
006 (6932089.000.000) 07/11 16:29:49 Image size of job updated: 1212164
	471  -  MemoryUsage of job (MB)
	481288  -  ResidentSetSize of job (KB)
...
040 (6932089.000.000) 07/11 16:29:49 Started transferring output files
...
040 (6932089.000.000) 07/11 16:29:49 Finished transferring output files
...
005 (6932089.000.000) 07/11 16:29:49 Job terminated.
	(1) Normal termination (return value 0)
		Usr 0 00:48:25, Sys 0 01:47:07  -  Run Remote Usage
		Usr 0 00:00:00, Sys 0 00:00:00  -  Run Local Usage
		Usr 0 00:48:25, Sys 0 01:47:07  -  Total Remote Usage
		Usr 0 00:00:00, Sys 0 00:00:00  -  Total Local Usage
	125192  -  Run Bytes Sent By Job
	10995  -  Run Bytes Received By Job
	125192  -  Total Bytes Sent By Job
	10995  -  Total Bytes Received By Job
	Partitionable Resources :    Usage  Request Allocated 
	   Cpus                 :     1.00        1         1 
	   Disk (KB)            :   153          12   1316379 
	   Memory (MB)          :   471        2000      2000 

	Job terminated of its own accord at 2024-07-11T14:29:49Z with exit-code 0.
...
006 (6932446.000.000) 07/11 16:30:11 Image size of job updated: 1144056
	401  -  MemoryUsage of job (MB)
	410372  -  ResidentSetSize of job (KB)
...
006 (6932446.000.000) 07/11 16:35:12 Image size of job updated: 1149628
	401  -  MemoryUsage of job (MB)
	410372  -  ResidentSetSize of job (KB)
...
006 (6932446.000.000) 07/11 16:40:12 Image size of job updated: 1154688
	413  -  MemoryUsage of job (MB)
	422756  -  ResidentSetSize of job (KB)
...
006 (6932446.000.000) 07/11 16:45:13 Image size of job updated: 1159872
	413  -  MemoryUsage of job (MB)
	422756  -  ResidentSetSize of job (KB)
...
006 (6932446.000.000) 07/11 16:50:14 Image size of job updated: 1164972
	413  -  MemoryUsage of job (MB)
	422756  -  ResidentSetSize of job (KB)
...
006 (6932446.000.000) 07/11 16:55:14 Image size of job updated: 1169692
	413  -  MemoryUsage of job (MB)
	422756  -  ResidentSetSize of job (KB)
...
006 (6932446.000.000) 07/11 17:00:14 Image size of job updated: 1174616
	421  -  MemoryUsage of job (MB)
	430920  -  ResidentSetSize of job (KB)
...
006 (6932446.000.000) 07/11 17:05:15 Image size of job updated: 1179408
	448  -  MemoryUsage of job (MB)
	458488  -  ResidentSetSize of job (KB)
...
006 (6932446.000.000) 07/11 17:10:15 Image size of job updated: 1184308
	448  -  MemoryUsage of job (MB)
	458488  -  ResidentSetSize of job (KB)
...
006 (6932446.000.000) 07/11 17:15:15 Image size of job updated: 1189020
	448  -  MemoryUsage of job (MB)
	458488  -  ResidentSetSize of job (KB)
...
006 (6932446.000.000) 07/11 17:20:16 Image size of job updated: 1193732
	448  -  MemoryUsage of job (MB)
	458488  -  ResidentSetSize of job (KB)
...
006 (6932446.000.000) 07/11 17:25:17 Image size of job updated: 1198128
	455  -  MemoryUsage of job (MB)
	465488  -  ResidentSetSize of job (KB)
...
006 (6932446.000.000) 07/11 17:30:17 Image size of job updated: 1202500
	460  -  MemoryUsage of job (MB)
	470888  -  ResidentSetSize of job (KB)
...
006 (6932446.000.000) 07/11 17:35:18 Image size of job updated: 1206904
	460  -  MemoryUsage of job (MB)
	470888  -  ResidentSetSize of job (KB)
...
006 (6932446.000.000) 07/11 17:40:19 Image size of job updated: 1211308
	481  -  MemoryUsage of job (MB)
	492244  -  ResidentSetSize of job (KB)
...
006 (6932446.000.000) 07/11 17:41:14 Image size of job updated: 1212176
	481  -  MemoryUsage of job (MB)
	492244  -  ResidentSetSize of job (KB)
...
040 (6932446.000.000) 07/11 17:41:14 Started transferring output files
...
040 (6932446.000.000) 07/11 17:41:14 Finished transferring output files
...
005 (6932446.000.000) 07/11 17:41:14 Job terminated.
	(1) Normal termination (return value 0)
		Usr 0 00:49:30, Sys 0 01:55:41  -  Run Remote Usage
		Usr 0 00:00:00, Sys 0 00:00:00  -  Run Local Usage
		Usr 0 00:49:30, Sys 0 01:55:41  -  Total Remote Usage
		Usr 0 00:00:00, Sys 0 00:00:00  -  Total Local Usage
	125192  -  Run Bytes Sent By Job
	10995  -  Run Bytes Received By Job
	125192  -  Total Bytes Sent By Job
	10995  -  Total Bytes Received By Job
	Partitionable Resources :    Usage  Request Allocated 
	   Cpus                 :     1.00        1         1 
	   Disk (KB)            :   153          12   1233972 
	   Memory (MB)          :   481        2000      2000 

	Job terminated of its own accord at 2024-07-11T15:41:14Z with exit-code 0.
...
000 (6942118.000.000) 07/15 18:04:30 Job submitted from host: <137.138.55.115:9618?addrs=137.138.55.115-9618+[2001-1458-d00-17--12a]-9618&alias=bigbird23.cern.ch&noUDP&sock=schedd_23881_f548>
...
040 (6942118.000.000) 07/15 18:10:45 Started transferring input files
	Transferring to host: <128.142.57.23:9618?addrs=128.142.57.23-9618&alias=b7s02p0355.cern.ch&noUDP&sock=slot1_14_3247_8e1d_20067>
...
040 (6942118.000.000) 07/15 18:10:45 Finished transferring input files
...
001 (6942118.000.000) 07/15 18:10:48 Job executing on host: <128.142.57.23:9618?addrs=128.142.57.23-9618&alias=b7s02p0355.cern.ch&noUDP&sock=startd_2840_950e>
	SlotName: slot1_14@b7s02p0355.cern.ch
...
006 (6942118.000.000) 07/15 18:10:56 Image size of job updated: 351900
	178  -  MemoryUsage of job (MB)
	182248  -  ResidentSetSize of job (KB)
...
006 (6942118.000.000) 07/15 18:15:56 Image size of job updated: 994780
	237  -  MemoryUsage of job (MB)
	242444  -  ResidentSetSize of job (KB)
...
006 (6942118.000.000) 07/15 18:20:56 Image size of job updated: 1033652
	272  -  MemoryUsage of job (MB)
	277536  -  ResidentSetSize of job (KB)
...
006 (6942118.000.000) 07/15 18:25:57 Image size of job updated: 1051200
	295  -  MemoryUsage of job (MB)
	301948  -  ResidentSetSize of job (KB)
...
006 (6942118.000.000) 07/15 18:35:57 Image size of job updated: 1051200
	324  -  MemoryUsage of job (MB)
	331464  -  ResidentSetSize of job (KB)
...
006 (6942118.000.000) 07/15 18:40:58 Image size of job updated: 1058180
	324  -  MemoryUsage of job (MB)
	331464  -  ResidentSetSize of job (KB)
...
006 (6942118.000.000) 07/15 18:45:59 Image size of job updated: 1067004
	324  -  MemoryUsage of job (MB)
	331464  -  ResidentSetSize of job (KB)
...
006 (6942118.000.000) 07/15 18:50:59 Image size of job updated: 1075528
	324  -  MemoryUsage of job (MB)
	331464  -  ResidentSetSize of job (KB)
...
006 (6942118.000.000) 07/15 18:55:59 Image size of job updated: 1083464
	352  -  MemoryUsage of job (MB)
	359800  -  ResidentSetSize of job (KB)
...
006 (6942118.000.000) 07/15 19:01:00 Image size of job updated: 1091120
	358  -  MemoryUsage of job (MB)
	366580  -  ResidentSetSize of job (KB)
...
006 (6942118.000.000) 07/15 19:06:01 Image size of job updated: 1098628
	358  -  MemoryUsage of job (MB)
	366580  -  ResidentSetSize of job (KB)
...
006 (6942118.000.000) 07/15 19:11:01 Image size of job updated: 1105376
	358  -  MemoryUsage of job (MB)
	366580  -  ResidentSetSize of job (KB)
...
006 (6942118.000.000) 07/15 19:16:01 Image size of job updated: 1111124
	383  -  MemoryUsage of job (MB)
	391460  -  ResidentSetSize of job (KB)
...
006 (6942118.000.000) 07/15 19:21:02 Image size of job updated: 1117752
	389  -  MemoryUsage of job (MB)
	397804  -  ResidentSetSize of job (KB)
...
006 (6942118.000.000) 07/15 19:26:03 Image size of job updated: 1124044
	389  -  MemoryUsage of job (MB)
	397804  -  ResidentSetSize of job (KB)
...
006 (6942118.000.000) 07/15 19:31:03 Image size of job updated: 1130208
	389  -  MemoryUsage of job (MB)
	397804  -  ResidentSetSize of job (KB)
...
006 (6942118.000.000) 07/15 19:36:04 Image size of job updated: 1136276
	389  -  MemoryUsage of job (MB)
	397804  -  ResidentSetSize of job (KB)
...
006 (6942118.000.000) 07/15 19:41:05 Image size of job updated: 1141940
	392  -  MemoryUsage of job (MB)
	400784  -  ResidentSetSize of job (KB)
...
006 (6942118.000.000) 07/15 19:46:05 Image size of job updated: 1147808
	409  -  MemoryUsage of job (MB)
	418104  -  ResidentSetSize of job (KB)
...
006 (6942118.000.000) 07/15 19:51:05 Image size of job updated: 1153364
	414  -  MemoryUsage of job (MB)
	423516  -  ResidentSetSize of job (KB)
...
006 (6942118.000.000) 07/15 19:56:06 Image size of job updated: 1158384
	414  -  MemoryUsage of job (MB)
	423516  -  ResidentSetSize of job (KB)
...
006 (6942118.000.000) 07/15 20:01:07 Image size of job updated: 1164272
	429  -  MemoryUsage of job (MB)
	439092  -  ResidentSetSize of job (KB)
...
006 (6942118.000.000) 07/15 20:06:07 Image size of job updated: 1169576
	436  -  MemoryUsage of job (MB)
	446048  -  ResidentSetSize of job (KB)
...
006 (6942118.000.000) 07/15 20:11:07 Image size of job updated: 1174792
	436  -  MemoryUsage of job (MB)
	446048  -  ResidentSetSize of job (KB)
...
006 (6942118.000.000) 07/15 20:16:08 Image size of job updated: 1179820
	436  -  MemoryUsage of job (MB)
	446048  -  ResidentSetSize of job (KB)
...
006 (6942118.000.000) 07/15 20:21:08 Image size of job updated: 1184408
	436  -  MemoryUsage of job (MB)
	446048  -  ResidentSetSize of job (KB)
...
006 (6942118.000.000) 07/15 20:26:08 Image size of job updated: 1189504
	436  -  MemoryUsage of job (MB)
	446048  -  ResidentSetSize of job (KB)
...
006 (6942118.000.000) 07/15 20:31:09 Image size of job updated: 1194704
	436  -  MemoryUsage of job (MB)
	446048  -  ResidentSetSize of job (KB)
...
006 (6942118.000.000) 07/15 20:36:10 Image size of job updated: 1199408
	437  -  MemoryUsage of job (MB)
	446640  -  ResidentSetSize of job (KB)
...
006 (6942118.000.000) 07/15 20:41:10 Image size of job updated: 1204184
	468  -  MemoryUsage of job (MB)
	478792  -  ResidentSetSize of job (KB)
...
006 (6942118.000.000) 07/15 20:46:10 Image size of job updated: 1208604
	473  -  MemoryUsage of job (MB)
	483520  -  ResidentSetSize of job (KB)
...
006 (6942118.000.000) 07/15 20:50:14 Image size of job updated: 1212100
	473  -  MemoryUsage of job (MB)
	483520  -  ResidentSetSize of job (KB)
...
040 (6942118.000.000) 07/15 20:50:15 Started transferring output files
...
040 (6942118.000.000) 07/15 20:50:16 Finished transferring output files
...
005 (6942118.000.000) 07/15 20:50:20 Job terminated.
	(1) Normal termination (return value 0)
		Usr 0 00:48:48, Sys 0 01:50:26  -  Run Remote Usage
		Usr 0 00:00:00, Sys 0 00:00:00  -  Run Local Usage
		Usr 0 00:48:48, Sys 0 01:50:26  -  Total Remote Usage
		Usr 0 00:00:00, Sys 0 00:00:00  -  Total Local Usage
	125648  -  Run Bytes Sent By Job
	11003  -  Run Bytes Received By Job
	125648  -  Total Bytes Sent By Job
	11003  -  Total Bytes Received By Job
	Partitionable Resources :    Usage  Request Allocated 
	   Cpus                 :     1.00        1         1 
	   Disk (KB)            :   153          12   1295459 
	   Memory (MB)          :   473        2000      2000 

	Job terminated of its own accord at 2024-07-15T18:50:14Z with exit-code 0.
...
000 (6942412.000.000) 07/15 22:50:03 Job submitted from host: <137.138.55.115:9618?addrs=137.138.55.115-9618+[2001-1458-d00-17--12a]-9618&alias=bigbird23.cern.ch&noUDP&sock=schedd_23881_f548>
...
040 (6942412.000.000) 07/15 22:51:00 Started transferring input files
	Transferring to host: <128.142.56.59:9618?addrs=128.142.56.59-9618+[2001-1458-301-6--100-3a]-9618&alias=b7s01p6579.cern.ch&noUDP&sock=slot1_5_11286_c204_197539>
...
040 (6942412.000.000) 07/15 22:51:00 Finished transferring input files
...
001 (6942412.000.000) 07/15 22:51:01 Job executing on host: <128.142.56.59:9618?addrs=128.142.56.59-9618+[2001-1458-301-6--100-3a]-9618&alias=b7s01p6579.cern.ch&noUDP&sock=startd_11246_6629>
	SlotName: slot1_5@b7s01p6579.cern.ch
...
006 (6942412.000.000) 07/15 22:51:09 Image size of job updated: 926176
	145  -  MemoryUsage of job (MB)
	147628  -  ResidentSetSize of job (KB)
...
006 (6942412.000.000) 07/15 22:56:09 Image size of job updated: 1000304
	261  -  MemoryUsage of job (MB)
	266588  -  ResidentSetSize of job (KB)
...
006 (6942412.000.000) 07/15 23:01:10 Image size of job updated: 1042400
	287  -  MemoryUsage of job (MB)
	293668  -  ResidentSetSize of job (KB)
...
006 (6942412.000.000) 07/15 23:06:10 Image size of job updated: 1042400
	311  -  MemoryUsage of job (MB)
	317732  -  ResidentSetSize of job (KB)
...
006 (6942412.000.000) 07/15 23:11:11 Image size of job updated: 1048764
	311  -  MemoryUsage of job (MB)
	317732  -  ResidentSetSize of job (KB)
...
006 (6942412.000.000) 07/15 23:16:12 Image size of job updated: 1058764
	326  -  MemoryUsage of job (MB)
	333128  -  ResidentSetSize of job (KB)
...
006 (6942412.000.000) 07/15 23:21:12 Image size of job updated: 1067804
	326  -  MemoryUsage of job (MB)
	333128  -  ResidentSetSize of job (KB)
...
006 (6942412.000.000) 07/15 23:26:13 Image size of job updated: 1077128
	342  -  MemoryUsage of job (MB)
	350184  -  ResidentSetSize of job (KB)
...
006 (6942412.000.000) 07/15 23:31:13 Image size of job updated: 1085196
	347  -  MemoryUsage of job (MB)
	355228  -  ResidentSetSize of job (KB)
...
006 (6942412.000.000) 07/15 23:36:14 Image size of job updated: 1092584
	350  -  MemoryUsage of job (MB)
	358064  -  ResidentSetSize of job (KB)
...
006 (6942412.000.000) 07/15 23:41:15 Image size of job updated: 1099652
	354  -  MemoryUsage of job (MB)
	362492  -  ResidentSetSize of job (KB)
...
006 (6942412.000.000) 07/15 23:46:15 Image size of job updated: 1107012
	354  -  MemoryUsage of job (MB)
	362492  -  ResidentSetSize of job (KB)
...
006 (6942412.000.000) 07/15 23:51:15 Image size of job updated: 1114028
	387  -  MemoryUsage of job (MB)
	395364  -  ResidentSetSize of job (KB)
...
006 (6942412.000.000) 07/15 23:56:16 Image size of job updated: 1121044
	389  -  MemoryUsage of job (MB)
	397952  -  ResidentSetSize of job (KB)
...
006 (6942412.000.000) 07/16 00:01:16 Image size of job updated: 1128060
	389  -  MemoryUsage of job (MB)
	397952  -  ResidentSetSize of job (KB)
...
006 (6942412.000.000) 07/16 00:06:16 Image size of job updated: 1134312
	391  -  MemoryUsage of job (MB)
	399732  -  ResidentSetSize of job (KB)
...
006 (6942412.000.000) 07/16 00:11:17 Image size of job updated: 1141312
	391  -  MemoryUsage of job (MB)
	399732  -  ResidentSetSize of job (KB)
...
006 (6942412.000.000) 07/16 00:16:18 Image size of job updated: 1147128
	391  -  MemoryUsage of job (MB)
	399732  -  ResidentSetSize of job (KB)
...
006 (6942412.000.000) 07/16 00:21:18 Image size of job updated: 1153048
	403  -  MemoryUsage of job (MB)
	412060  -  ResidentSetSize of job (KB)
...
006 (6942412.000.000) 07/16 00:26:18 Image size of job updated: 1158716
	426  -  MemoryUsage of job (MB)
	436120  -  ResidentSetSize of job (KB)
...
006 (6942412.000.000) 07/16 00:31:19 Image size of job updated: 1164484
	430  -  MemoryUsage of job (MB)
	439644  -  ResidentSetSize of job (KB)
...
006 (6942412.000.000) 07/16 00:36:19 Image size of job updated: 1169560
	430  -  MemoryUsage of job (MB)
	439644  -  ResidentSetSize of job (KB)
...
006 (6942412.000.000) 07/16 00:41:19 Image size of job updated: 1175368
	435  -  MemoryUsage of job (MB)
	444968  -  ResidentSetSize of job (KB)
...
006 (6942412.000.000) 07/16 00:46:20 Image size of job updated: 1180708
	440  -  MemoryUsage of job (MB)
	449972  -  ResidentSetSize of job (KB)
...
006 (6942412.000.000) 07/16 00:51:21 Image size of job updated: 1186024
	453  -  MemoryUsage of job (MB)
	463616  -  ResidentSetSize of job (KB)
...
006 (6942412.000.000) 07/16 00:56:22 Image size of job updated: 1191288
	455  -  MemoryUsage of job (MB)
	465540  -  ResidentSetSize of job (KB)
...
006 (6942412.000.000) 07/16 01:01:23 Image size of job updated: 1196504
	455  -  MemoryUsage of job (MB)
	465540  -  ResidentSetSize of job (KB)
...
006 (6942412.000.000) 07/16 01:06:23 Image size of job updated: 1201052
	455  -  MemoryUsage of job (MB)
	465540  -  ResidentSetSize of job (KB)
...
006 (6942412.000.000) 07/16 01:11:23 Image size of job updated: 1206200
	455  -  MemoryUsage of job (MB)
	465540  -  ResidentSetSize of job (KB)
...
006 (6942412.000.000) 07/16 01:16:24 Image size of job updated: 1211264
	455  -  MemoryUsage of job (MB)
	465540  -  ResidentSetSize of job (KB)
...
006 (6942412.000.000) 07/16 01:17:30 Image size of job updated: 1212188
	455  -  MemoryUsage of job (MB)
	465540  -  ResidentSetSize of job (KB)
...
040 (6942412.000.000) 07/16 01:17:30 Started transferring output files
...
040 (6942412.000.000) 07/16 01:17:30 Finished transferring output files
...
005 (6942412.000.000) 07/16 01:17:30 Job terminated.
	(1) Normal termination (return value 0)
		Usr 0 00:44:30, Sys 0 01:40:48  -  Run Remote Usage
		Usr 0 00:00:00, Sys 0 00:00:00  -  Run Local Usage
		Usr 0 00:44:30, Sys 0 01:40:48  -  Total Remote Usage
		Usr 0 00:00:00, Sys 0 00:00:00  -  Total Local Usage
	125653  -  Run Bytes Sent By Job
	10995  -  Run Bytes Received By Job
	125653  -  Total Bytes Sent By Job
	10995  -  Total Bytes Received By Job
	Partitionable Resources :    Usage  Request Allocated 
	   Cpus                 :     1.00        1         1 
	   Disk (KB)            :   154          12   1194961 
	   Memory (MB)          :   455        2000      2000 

	Job terminated of its own accord at 2024-07-15T23:17:30Z with exit-code 0.
...
000 (7407032.000.000) 10/24 18:57:48 Job submitted from host: <137.138.55.115:9618?addrs=137.138.55.115-9618+[2001-1458-d00-17--12a]-9618&alias=bigbird23.cern.ch&noUDP&sock=schedd_4975_03c1>
...
040 (7407032.000.000) 10/24 19:00:45 Started transferring input files
	Transferring to host: <188.185.209.220:9618?addrs=188.185.209.220-9618+[2001-1458-303-12--100-59]-9618&alias=b9p12p5136.cern.ch&noUDP&sock=slot1_4_3973_167b_70102>
...
040 (7407032.000.000) 10/24 19:00:45 Finished transferring input files
...
001 (7407032.000.000) 10/24 19:00:46 Job executing on host: <188.185.209.220:9618?addrs=188.185.209.220-9618+[2001-1458-303-12--100-59]-9618&alias=b9p12p5136.cern.ch&noUDP&sock=startd_3433_54b7>
	SlotName: slot1_4@b9p12p5136.cern.ch
	CondorScratchDir = "/pool/condor/dir_1622364"
	Cpus = 1
	Disk = 2483818
	Memory = 2000
...
006 (7407032.000.000) 10/24 19:00:55 Image size of job updated: 522448
	510  -  MemoryUsage of job (MB)
	522200  -  ResidentSetSize of job (KB)
...
006 (7407032.000.000) 10/24 19:05:56 Image size of job updated: 685412
	510  -  MemoryUsage of job (MB)
	522200  -  ResidentSetSize of job (KB)
...
006 (7407032.000.000) 10/24 19:55:05 Image size of job updated: 843448
	510  -  MemoryUsage of job (MB)
	522200  -  ResidentSetSize of job (KB)
...
040 (7407032.000.000) 10/24 19:55:05 Started transferring output files
...
040 (7407032.000.000) 10/24 19:55:06 Finished transferring output files
...
005 (7407032.000.000) 10/24 19:55:06 Job terminated.
	(1) Normal termination (return value 0)
		Usr 0 00:27:17, Sys 0 00:26:18  -  Run Remote Usage
		Usr 0 00:00:00, Sys 0 00:00:00  -  Run Local Usage
		Usr 0 00:27:17, Sys 0 00:26:18  -  Total Remote Usage
		Usr 0 00:00:00, Sys 0 00:00:00  -  Total Local Usage
	124858  -  Run Bytes Sent By Job
	10971  -  Run Bytes Received By Job
	124858  -  Total Bytes Sent By Job
	10971  -  Total Bytes Received By Job
	Partitionable Resources :    Usage  Request Allocated 
	   Cpus                 :     0.99        1         1 
	   Disk (KB)            :   158          12   2483818 
	   Memory (MB)          :   510        2000      2000 

	Job terminated of its own accord at 2024-10-24T17:55:05Z with exit-code 0.
...
000 (7709206.000.000) 11/09 21:27:34 Job submitted from host: <137.138.55.115:9618?addrs=137.138.55.115-9618+[2001-1458-d00-17--12a]-9618&alias=bigbird23.cern.ch&noUDP&sock=schedd_4975_03c1>
...
040 (7709206.000.000) 11/09 22:58:00 Started transferring input files
	Transferring to host: <188.184.185.152:9618?addrs=188.184.185.152-9618+[2001-1458-301-52--100-97]-9618&alias=b9g37p1124.cern.ch&noUDP&sock=slot1_9_4870_1aff_14692>
...
040 (7709206.000.000) 11/09 22:58:00 Finished transferring input files
...
001 (7709206.000.000) 11/09 22:58:01 Job executing on host: <188.184.185.152:9618?addrs=188.184.185.152-9618+[2001-1458-301-52--100-97]-9618&alias=b9g37p1124.cern.ch&noUDP&sock=startd_3903_b63b>
	SlotName: slot1_9@b9g37p1124.cern.ch
	CondorScratchDir = "/pool/condor/dir_1269194"
	Cpus = 1
	Disk = 2816264
	Memory = 2000
...
006 (7709206.000.000) 11/09 22:58:09 Image size of job updated: 146892
	144  -  MemoryUsage of job (MB)
	146800  -  ResidentSetSize of job (KB)
...
006 (7709206.000.000) 11/09 22:58:12 Image size of job updated: 179920
	144  -  MemoryUsage of job (MB)
	146800  -  ResidentSetSize of job (KB)
...
040 (7709206.000.000) 11/09 22:58:12 Started transferring output files
...
040 (7709206.000.000) 11/09 22:58:12 Finished transferring output files
...
005 (7709206.000.000) 11/09 22:58:12 Job terminated.
	(1) Normal termination (return value 1)
		Usr 0 00:00:06, Sys 0 00:00:01  -  Run Remote Usage
		Usr 0 00:00:00, Sys 0 00:00:00  -  Run Local Usage
		Usr 0 00:00:06, Sys 0 00:00:01  -  Total Remote Usage
		Usr 0 00:00:00, Sys 0 00:00:00  -  Total Local Usage
	5893  -  Run Bytes Sent By Job
	10875  -  Run Bytes Received By Job
	5893  -  Total Bytes Sent By Job
	10875  -  Total Bytes Received By Job
	Partitionable Resources :    Usage  Request Allocated 
	   Cpus                 :                 1         1 
	   Disk (KB)            :       32       12   2816264 
	   Memory (MB)          :      144     2000      2000 

	Job terminated of its own accord at 2024-11-09T21:58:12Z with exit-code 1.
...
000 (7709615.000.000) 11/10 01:18:38 Job submitted from host: <137.138.55.115:9618?addrs=137.138.55.115-9618+[2001-1458-d00-17--12a]-9618&alias=bigbird23.cern.ch&noUDP&sock=schedd_4975_03c1>
...
040 (7709615.000.000) 11/10 02:47:16 Started transferring input files
	Transferring to host: <188.185.192.138:9618?addrs=188.185.192.138-9618+[2001-1458-303-1f--100-86]-9618&alias=b9p13p9939.cern.ch&noUDP&sock=slot1_18_6609_6366_26147>
...
040 (7709615.000.000) 11/10 02:47:16 Finished transferring input files
...
001 (7709615.000.000) 11/10 02:47:17 Job executing on host: <188.185.192.138:9618?addrs=188.185.192.138-9618+[2001-1458-303-1f--100-86]-9618&alias=b9p13p9939.cern.ch&noUDP&sock=startd_5604_74d3>
	SlotName: slot1_18@b9p13p9939.cern.ch
	CondorScratchDir = "/pool/condor/dir_1523058"
	Cpus = 1
	Disk = 3807
	GPUs = 0
	Memory = 2000
...
006 (7709615.000.000) 11/10 02:47:26 Image size of job updated: 407680
	399  -  MemoryUsage of job (MB)
	407680  -  ResidentSetSize of job (KB)
...
040 (7709615.000.000) 11/10 02:47:34 Started transferring output files
...
040 (7709615.000.000) 11/10 02:47:34 Finished transferring output files
...
005 (7709615.000.000) 11/10 02:47:34 Job terminated.
	(1) Normal termination (return value 1)
		Usr 0 00:00:05, Sys 0 00:00:02  -  Run Remote Usage
		Usr 0 00:00:00, Sys 0 00:00:00  -  Run Local Usage
		Usr 0 00:00:05, Sys 0 00:00:02  -  Total Remote Usage
		Usr 0 00:00:00, Sys 0 00:00:00  -  Total Local Usage
	920  -  Run Bytes Sent By Job
	10962  -  Run Bytes Received By Job
	920  -  Total Bytes Sent By Job
	10962  -  Total Bytes Received By Job
	Partitionable Resources :    Usage  Request Allocated 
	   Cpus                 :     0.09        1         1 
	   Disk (KB)            :    37          12      3807 
	   GPUs                 :                           0 
	   Memory (MB)          :   399        2000      2000 

	Job terminated of its own accord at 2024-11-10T01:47:34Z with exit-code 1.
...
000 (7712085.000.000) 11/10 19:38:10 Job submitted from host: <137.138.55.115:9618?addrs=137.138.55.115-9618+[2001-1458-d00-17--12a]-9618&alias=bigbird23.cern.ch&noUDP&sock=schedd_4975_03c1>
...
040 (7712085.000.000) 11/10 19:40:05 Started transferring input files
	Transferring to host: <188.185.195.72:9618?addrs=188.185.195.72-9618+[2001-1458-303-22--100-44]-9618&alias=b9p17p6481.cern.ch&noUDP&sock=slot1_6_6541_79e3_25772>
...
040 (7712085.000.000) 11/10 19:40:05 Finished transferring input files
...
001 (7712085.000.000) 11/10 19:40:06 Job executing on host: <188.185.195.72:9618?addrs=188.185.195.72-9618+[2001-1458-303-22--100-44]-9618&alias=b9p17p6481.cern.ch&noUDP&sock=startd_5614_50c6>
	SlotName: slot1_6@b9p17p6481.cern.ch
	CondorScratchDir = "/pool/condor/dir_622371"
	Cpus = 1
	Disk = 3789
	GPUs = 0
	Memory = 2000
...
006 (7712085.000.000) 11/10 19:40:15 Image size of job updated: 407192
	398  -  MemoryUsage of job (MB)
	407192  -  ResidentSetSize of job (KB)
...
006 (7712085.000.000) 11/10 19:45:16 Image size of job updated: 407192
	398  -  MemoryUsage of job (MB)
	407460  -  ResidentSetSize of job (KB)
...
006 (7712085.000.000) 11/10 20:35:20 Image size of job updated: 411400
	402  -  MemoryUsage of job (MB)
	411400  -  ResidentSetSize of job (KB)
...
006 (7712085.000.000) 11/10 20:45:22 Image size of job updated: 423264
	414  -  MemoryUsage of job (MB)
	423264  -  ResidentSetSize of job (KB)
...
040 (7712085.000.000) 11/10 20:47:07 Started transferring output files
...
040 (7712085.000.000) 11/10 20:47:07 Finished transferring output files
...
005 (7712085.000.000) 11/10 20:47:07 Job terminated.
	(1) Normal termination (return value 0)
		Usr 0 00:45:47, Sys 0 00:20:23  -  Run Remote Usage
		Usr 0 00:00:00, Sys 0 00:00:00  -  Run Local Usage
		Usr 0 00:45:47, Sys 0 00:20:23  -  Total Remote Usage
		Usr 0 00:00:00, Sys 0 00:00:00  -  Total Local Usage
	124838  -  Run Bytes Sent By Job
	10961  -  Run Bytes Received By Job
	124838  -  Total Bytes Sent By Job
	10961  -  Total Bytes Received By Job
	Partitionable Resources :    Usage  Request Allocated 
	   Cpus                 :     0.99        1         1 
	   Disk (KB)            :   156          12      3789 
	   GPUs                 :                           0 
	   Memory (MB)          :   414        2000      2000 

	Job terminated of its own accord at 2024-11-10T19:47:07Z with exit-code 0.
...
000 (7712798.000.000) 11/10 21:16:04 Job submitted from host: <137.138.55.115:9618?addrs=137.138.55.115-9618+[2001-1458-d00-17--12a]-9618&alias=bigbird23.cern.ch&noUDP&sock=schedd_4975_03c1>
...
040 (7712798.000.000) 11/10 21:18:31 Started transferring input files
	Transferring to host: <188.184.185.91:9618?addrs=188.184.185.91-9618+[2001-1458-301-52--100-5a]-9618&alias=b9g37p2905.cern.ch&noUDP&sock=slot1_20_2922_9030_2686>
...
040 (7712798.000.000) 11/10 21:18:31 Finished transferring input files
...
001 (7712798.000.000) 11/10 21:18:32 Job executing on host: <188.184.185.91:9618?addrs=188.184.185.91-9618+[2001-1458-301-52--100-5a]-9618&alias=b9g37p2905.cern.ch&noUDP&sock=startd_2406_e4f4>
	SlotName: slot1_20@b9g37p2905.cern.ch
	CondorScratchDir = "/pool/condor/dir_3056390"
	Cpus = 1
	Disk = 2902699
	Memory = 2000
...
006 (7712798.000.000) 11/10 21:18:41 Image size of job updated: 88832
	87  -  MemoryUsage of job (MB)
	88604  -  ResidentSetSize of job (KB)
...
006 (7712798.000.000) 11/10 21:23:42 Image size of job updated: 691044
	643  -  MemoryUsage of job (MB)
	657872  -  ResidentSetSize of job (KB)
...
006 (7712798.000.000) 11/10 21:28:42 Image size of job updated: 734808
	709  -  MemoryUsage of job (MB)
	725376  -  ResidentSetSize of job (KB)
...
006 (7712798.000.000) 11/10 21:33:43 Image size of job updated: 765548
	709  -  MemoryUsage of job (MB)
	725376  -  ResidentSetSize of job (KB)
...
006 (7712798.000.000) 11/10 21:38:43 Image size of job updated: 783688
	729  -  MemoryUsage of job (MB)
	746424  -  ResidentSetSize of job (KB)
...
006 (7712798.000.000) 11/10 21:43:43 Image size of job updated: 783688
	735  -  MemoryUsage of job (MB)
	752568  -  ResidentSetSize of job (KB)
...
006 (7712798.000.000) 11/10 23:15:54 Image size of job updated: 853228
	735  -  MemoryUsage of job (MB)
	752568  -  ResidentSetSize of job (KB)
...
040 (7712798.000.000) 11/10 23:15:54 Started transferring output files
...
040 (7712798.000.000) 11/10 23:15:54 Finished transferring output files
...
005 (7712798.000.000) 11/10 23:15:54 Job terminated.
	(1) Normal termination (return value 0)
		Usr 0 01:03:00, Sys 0 00:46:24  -  Run Remote Usage
		Usr 0 00:00:00, Sys 0 00:00:00  -  Run Local Usage
		Usr 0 01:03:00, Sys 0 00:46:24  -  Total Remote Usage
		Usr 0 00:00:00, Sys 0 00:00:00  -  Total Local Usage
	124868  -  Run Bytes Sent By Job
	10965  -  Run Bytes Received By Job
	124868  -  Total Bytes Sent By Job
	10965  -  Total Bytes Received By Job
	Partitionable Resources :    Usage  Request Allocated 
	   Cpus                 :     0.96        1         1 
	   Disk (KB)            :   155          12   2902699 
	   Memory (MB)          :   735        2000      2000 

	Job terminated of its own accord at 2024-11-10T22:15:54Z with exit-code 0.
...
000 (7713822.000.000) 11/11 09:47:33 Job submitted from host: <137.138.55.115:9618?addrs=137.138.55.115-9618+[2001-1458-d00-17--12a]-9618&alias=bigbird23.cern.ch&noUDP&sock=schedd_4975_03c1>
...
040 (7713822.000.000) 11/11 09:51:52 Started transferring input files
	Transferring to host: <188.185.204.181:9618?addrs=188.185.204.181-9618+[2001-1458-303-8--100-a9]-9618&alias=b9p02p9149.cern.ch&noUDP&sock=slot1_27_5102_9209_105819>
...
040 (7713822.000.000) 11/11 09:51:52 Finished transferring input files
...
001 (7713822.000.000) 11/11 09:51:53 Job executing on host: <188.185.204.181:9618?addrs=188.185.204.181-9618+[2001-1458-303-8--100-a9]-9618&alias=b9p02p9149.cern.ch&noUDP&sock=startd_4206_8b6d>
	SlotName: slot1_27@b9p02p9149.cern.ch
	CondorScratchDir = "/pool/condor/dir_2365235"
	Cpus = 1
	Disk = 2542180
	Memory = 2000
...
006 (7713822.000.000) 11/11 09:52:02 Image size of job updated: 498200
	487  -  MemoryUsage of job (MB)
	498196  -  ResidentSetSize of job (KB)
...
006 (7713822.000.000) 11/11 09:52:07 Image size of job updated: 588892
	487  -  MemoryUsage of job (MB)
	498448  -  ResidentSetSize of job (KB)
...
040 (7713822.000.000) 11/11 09:52:07 Started transferring output files
...
040 (7713822.000.000) 11/11 09:52:07 Finished transferring output files
...
005 (7713822.000.000) 11/11 09:52:07 Job terminated.
	(1) Normal termination (return value 1)
		Usr 0 00:00:03, Sys 0 00:00:02  -  Run Remote Usage
		Usr 0 00:00:00, Sys 0 00:00:00  -  Run Local Usage
		Usr 0 00:00:03, Sys 0 00:00:02  -  Total Remote Usage
		Usr 0 00:00:00, Sys 0 00:00:00  -  Total Local Usage
	5028  -  Run Bytes Sent By Job
	10965  -  Run Bytes Received By Job
	5028  -  Total Bytes Sent By Job
	10965  -  Total Bytes Received By Job
	Partitionable Resources :    Usage  Request Allocated 
	   Cpus                 :        0        1         1 
	   Disk (KB)            :       41       12   2542180 
	   Memory (MB)          :      487     2000      2000 

	Job terminated of its own accord at 2024-11-11T08:52:07Z with exit-code 1.
...
000 (7713869.000.000) 11/11 10:30:23 Job submitted from host: <137.138.55.115:9618?addrs=137.138.55.115-9618+[2001-1458-d00-17--12a]-9618&alias=bigbird23.cern.ch&noUDP&sock=schedd_4975_03c1>
...
040 (7713869.000.000) 11/11 10:31:29 Started transferring input files
	Transferring to host: <128.142.131.150:9618?addrs=128.142.131.150-9618+[2001-1458-301-59--100-8a]-9618&alias=b9g11p1003.cern.ch&noUDP&sock=slot1_18_3007_7413_24121>
...
040 (7713869.000.000) 11/11 10:31:29 Finished transferring input files
...
001 (7713869.000.000) 11/11 10:31:30 Job executing on host: <128.142.131.150:9618?addrs=128.142.131.150-9618+[2001-1458-301-59--100-8a]-9618&alias=b9g11p1003.cern.ch&noUDP&sock=startd_2641_15b5>
	SlotName: slot1_18@b9g11p1003.cern.ch
	CondorScratchDir = "/pool/condor/dir_2354736"
	Cpus = 1
	Disk = 2592
	GPUs = 0
	Memory = 2000
...
006 (7713869.000.000) 11/11 10:31:39 Image size of job updated: 377784
	369  -  MemoryUsage of job (MB)
	377784  -  ResidentSetSize of job (KB)
...
006 (7713869.000.000) 11/11 10:31:49 Image size of job updated: 380368
	372  -  MemoryUsage of job (MB)
	380368  -  ResidentSetSize of job (KB)
...
040 (7713869.000.000) 11/11 10:31:49 Started transferring output files
...
040 (7713869.000.000) 11/11 10:31:49 Finished transferring output files
...
005 (7713869.000.000) 11/11 10:31:49 Job terminated.
	(1) Normal termination (return value 1)
		Usr 0 00:00:06, Sys 0 00:00:02  -  Run Remote Usage
		Usr 0 00:00:00, Sys 0 00:00:00  -  Run Local Usage
		Usr 0 00:00:06, Sys 0 00:00:02  -  Total Remote Usage
		Usr 0 00:00:00, Sys 0 00:00:00  -  Total Local Usage
	5028  -  Run Bytes Sent By Job
	10965  -  Run Bytes Received By Job
	5028  -  Total Bytes Sent By Job
	10965  -  Total Bytes Received By Job
	Partitionable Resources :    Usage  Request Allocated 
	   Cpus                 :        0        1         1 
	   Disk (KB)            :       38       12      2592 
	   GPUs                 :                           0 
	   Memory (MB)          :      372     2000      2000 

	Job terminated of its own accord at 2024-11-11T09:31:49Z with exit-code 1.
...
000 (7727954.000.000) 11/13 16:58:39 Job submitted from host: <137.138.55.115:9618?addrs=137.138.55.115-9618+[2001-1458-d00-17--12a]-9618&alias=bigbird23.cern.ch&noUDP&sock=schedd_4975_03c1>
...
040 (7727954.000.000) 11/13 17:05:35 Started transferring input files
	Transferring to host: <188.185.193.110:9618?addrs=188.185.193.110-9618+[2001-1458-303-20--100-6a]-9618&alias=b9p19p7538.cern.ch&noUDP&sock=slot1_22_11054_4afb_38206>
...
040 (7727954.000.000) 11/13 17:05:35 Finished transferring input files
...
001 (7727954.000.000) 11/13 17:05:36 Job executing on host: <188.185.193.110:9618?addrs=188.185.193.110-9618+[2001-1458-303-20--100-6a]-9618&alias=b9p19p7538.cern.ch&noUDP&sock=startd_9361_7223>
	SlotName: slot1_22@b9p19p7538.cern.ch
	CondorScratchDir = "/pool/condor/dir_859459"
	Cpus = 1
	Disk = 2955130
	Memory = 2000
...
006 (7727954.000.000) 11/13 17:05:44 Image size of job updated: 486776
	476  -  MemoryUsage of job (MB)
	486616  -  ResidentSetSize of job (KB)
...
006 (7727954.000.000) 11/13 17:05:49 Image size of job updated: 608052
	476  -  MemoryUsage of job (MB)
	486616  -  ResidentSetSize of job (KB)
...
040 (7727954.000.000) 11/13 17:05:49 Started transferring output files
...
040 (7727954.000.000) 11/13 17:05:49 Finished transferring output files
...
005 (7727954.000.000) 11/13 17:05:49 Job terminated.
	(1) Normal termination (return value 1)
		Usr 0 00:00:05, Sys 0 00:00:01  -  Run Remote Usage
		Usr 0 00:00:00, Sys 0 00:00:00  -  Run Local Usage
		Usr 0 00:00:05, Sys 0 00:00:01  -  Total Remote Usage
		Usr 0 00:00:00, Sys 0 00:00:00  -  Total Local Usage
	6586  -  Run Bytes Sent By Job
	10965  -  Run Bytes Received By Job
	6586  -  Total Bytes Sent By Job
	10965  -  Total Bytes Received By Job
	Partitionable Resources :    Usage  Request Allocated 
	   Cpus                 :        0        1         1 
	   Disk (KB)            :       39       12   2955130 
	   Memory (MB)          :      476     2000      2000 

	Job terminated of its own accord at 2024-11-13T16:05:49Z with exit-code 1.
...
000 (7727962.000.000) 11/13 17:11:46 Job submitted from host: <137.138.55.115:9618?addrs=137.138.55.115-9618+[2001-1458-d00-17--12a]-9618&alias=bigbird23.cern.ch&noUDP&sock=schedd_4975_03c1>
...
040 (7727962.000.000) 11/13 17:14:58 Started transferring input files
	Transferring to host: <188.185.196.97:9618?addrs=188.185.196.97-9618+[2001-1458-303-23--100-5d]-9618&alias=b9p16p8550.cern.ch&noUDP&sock=slot1_30_2800071_1361_9020>
...
040 (7727962.000.000) 11/13 17:14:58 Finished transferring input files
...
001 (7727962.000.000) 11/13 17:15:02 Job executing on host: <188.185.196.97:9618?addrs=188.185.196.97-9618+[2001-1458-303-23--100-5d]-9618&alias=b9p16p8550.cern.ch&noUDP&sock=startd_7886_b7f2>
	SlotName: slot1_30@b9p16p8550.cern.ch
	CondorScratchDir = "/pool/condor/dir_4071987"
	Cpus = 1
	Disk = 2884542
	Memory = 2000
...
006 (7727962.000.000) 11/13 17:15:11 Image size of job updated: 415016
	406  -  MemoryUsage of job (MB)
	415016  -  ResidentSetSize of job (KB)
...
006 (7727962.000.000) 11/13 17:20:12 Image size of job updated: 670464
	641  -  MemoryUsage of job (MB)
	655972  -  ResidentSetSize of job (KB)
...
006 (7727962.000.000) 11/13 17:25:13 Image size of job updated: 716636
	668  -  MemoryUsage of job (MB)
	684004  -  ResidentSetSize of job (KB)
...
006 (7727962.000.000) 11/13 17:30:13 Image size of job updated: 735228
	694  -  MemoryUsage of job (MB)
	710636  -  ResidentSetSize of job (KB)
...
006 (7727962.000.000) 11/13 17:35:14 Image size of job updated: 761752
	709  -  MemoryUsage of job (MB)
	725516  -  ResidentSetSize of job (KB)
...
006 (7727962.000.000) 11/13 17:40:15 Image size of job updated: 773256
	725  -  MemoryUsage of job (MB)
	742072  -  ResidentSetSize of job (KB)
...
040 (7727962.000.000) 11/13 18:23:48 Started transferring output files
...
040 (7727962.000.000) 11/13 18:23:49 Finished transferring output files
...
005 (7727962.000.000) 11/13 18:23:49 Job terminated.
	(1) Normal termination (return value 0)
		Usr 0 00:45:39, Sys 0 00:22:17  -  Run Remote Usage
		Usr 0 00:00:00, Sys 0 00:00:00  -  Run Local Usage
		Usr 0 00:45:39, Sys 0 00:22:17  -  Total Remote Usage
		Usr 0 00:00:00, Sys 0 00:00:00  -  Total Local Usage
	3096912  -  Run Bytes Sent By Job
	10965  -  Run Bytes Received By Job
	3096912  -  Total Bytes Sent By Job
	10965  -  Total Bytes Received By Job
	Partitionable Resources :    Usage  Request Allocated 
	   Cpus                 :     0.98        1         1 
	   Disk (KB)            :  3057          12   2884542 
	   Memory (MB)          :   725        2000      2000 

	Job terminated of its own accord at 2024-11-13T17:23:48Z with exit-code 0.
...
