000 (7081964.000.000) 09/11 20:32:26 Job submitted from host: <137.138.55.115:9618?addrs=137.138.55.115-9618+[2001-1458-d00-17--12a]-9618&alias=bigbird23.cern.ch&noUDP&sock=schedd_23881_f548>
...
040 (7081964.000.000) 09/11 20:39:33 Started transferring input files
	Transferring to host: <188.185.194.117:9618?addrs=188.185.194.117-9618+[2001-1458-303-21--100-71]-9618&alias=b9p20p5054.cern.ch&noUDP&sock=slot1_19_4041134_3b24_31866>
...
040 (7081964.000.000) 09/11 20:39:33 Finished transferring input files
...
001 (7081964.000.000) 09/11 20:39:35 Job executing on host: <188.185.194.117:9618?addrs=188.185.194.117-9618+[2001-1458-303-21--100-71]-9618&alias=b9p20p5054.cern.ch&noUDP&sock=startd_128033_9130>
	SlotName: slot1_19@b9p20p5054.cern.ch
	CondorScratchDir = "/pool/condor/dir_1193724"
	Cpus = 1
	Disk = 2884470
	Memory = 2000
...
006 (7081964.000.000) 09/11 20:39:43 Image size of job updated: 479820
	469  -  MemoryUsage of job (MB)
	479564  -  ResidentSetSize of job (KB)
...
006 (7081964.000.000) 09/11 20:39:51 Image size of job updated: 598024
	469  -  MemoryUsage of job (MB)
	479820  -  ResidentSetSize of job (KB)
...
040 (7081964.000.000) 09/11 20:39:51 Started transferring output files
...
040 (7081964.000.000) 09/11 20:39:52 Finished transferring output files
...
005 (7081964.000.000) 09/11 20:39:52 Job terminated.
	(1) Normal termination (return value 1)
		Usr 0 00:00:03, Sys 0 00:00:01  -  Run Remote Usage
		Usr 0 00:00:00, Sys 0 00:00:00  -  Run Local Usage
		Usr 0 00:00:03, Sys 0 00:00:01  -  Total Remote Usage
		Usr 0 00:00:00, Sys 0 00:00:00  -  Total Local Usage
	5364  -  Run Bytes Sent By Job
	10913  -  Run Bytes Received By Job
	5364  -  Total Bytes Sent By Job
	10913  -  Total Bytes Received By Job
	Partitionable Resources :    Usage  Request Allocated 
	   Cpus                 :        0        1         1 
	   Disk (KB)            :       37       12   2884470 
	   Memory (MB)          :      469     2000      2000 

	Job terminated of its own accord at 2024-09-11T18:39:51Z with exit-code 1.
...
000 (7081980.000.000) 09/11 21:15:38 Job submitted from host: <137.138.55.115:9618?addrs=137.138.55.115-9618+[2001-1458-d00-17--12a]-9618&alias=bigbird23.cern.ch&noUDP&sock=schedd_23881_f548>
...
040 (7081980.000.000) 09/11 21:21:10 Started transferring input files
	Transferring to host: <188.185.195.163:9618?addrs=188.185.195.163-9618+[2001-1458-303-22--100-9f]-9618&alias=b9p17p3376.cern.ch&noUDP&sock=slot1_33_255657_3bf5_29498>
...
040 (7081980.000.000) 09/11 21:21:10 Finished transferring input files
...
001 (7081980.000.000) 09/11 21:21:11 Job executing on host: <188.185.195.163:9618?addrs=188.185.195.163-9618+[2001-1458-303-22--100-9f]-9618&alias=b9p17p3376.cern.ch&noUDP&sock=startd_162675_1906>
	SlotName: slot1_33@b9p17p3376.cern.ch
	CondorScratchDir = "/pool/condor/dir_2237103"
	Cpus = 1
	Disk = 3003664
	Memory = 2000
...
006 (7081980.000.000) 09/11 21:21:20 Image size of job updated: 6566568
	8  -  MemoryUsage of job (MB)
	7920  -  ResidentSetSize of job (KB)
...
006 (7081980.000.000) 09/11 21:26:21 Image size of job updated: 6566568
	9  -  MemoryUsage of job (MB)
	8344  -  ResidentSetSize of job (KB)
...
004 (7081980.000.000) 09/11 21:58:29 Job was evicted.
	(0) CPU times
		Usr 0 00:09:07, Sys 0 00:03:24  -  Run Remote Usage
		Usr 0 00:00:00, Sys 0 00:00:00  -  Run Local Usage
	0  -  Run Bytes Sent By Job
	10913  -  Run Bytes Received By Job
	Partitionable Resources :    Usage  Request Allocated 
	   Cpus                 :        0        1         1 
	   Disk (KB)            :       34       12   3003664 
	   Memory (MB)          :        9     2000      2000 
...
009 (7081980.000.000) 09/11 21:58:29 Job was aborted.
	via condor_rm (by user fsalerno)
...
000 (7082208.000.000) 09/12 01:41:04 Job submitted from host: <137.138.55.115:9618?addrs=137.138.55.115-9618+[2001-1458-d00-17--12a]-9618&alias=bigbird23.cern.ch&noUDP&sock=schedd_23881_f548>
...
022 (7082208.000.000) 09/12 01:56:44 Job disconnected, attempting to reconnect
    Socket between submit and execute hosts closed unexpectedly
    Trying to reconnect to slot1_1@b9p07p2522.cern.ch <188.185.207.50:9618?addrs=188.185.207.50-9618+[2001-1458-303-d--100-2f]-9618&alias=b9p07p2522.cern.ch&noUDP&sock=startd_9172_cebd>
...
024 (7082208.000.000) 09/12 01:56:44 Job reconnection failed
    Job not found at execution machine
    Can not reconnect to slot1_1@b9p07p2522.cern.ch, rescheduling job
...
040 (7082208.000.000) 09/12 02:14:42 Started transferring input files
	Transferring to host: <188.185.193.42:9618?addrs=188.185.193.42-9618+[2001-1458-303-20--100-26]-9618&alias=b9p19p5534.cern.ch&noUDP&sock=slot1_6_3916181_89eb_25325>
...
040 (7082208.000.000) 09/12 02:14:42 Finished transferring input files
...
001 (7082208.000.000) 09/12 02:14:43 Job executing on host: <188.185.193.42:9618?addrs=188.185.193.42-9618+[2001-1458-303-20--100-26]-9618&alias=b9p19p5534.cern.ch&noUDP&sock=startd_177455_f2ca>
	SlotName: slot1_6@b9p19p5534.cern.ch
	CondorScratchDir = "/pool/condor/dir_3931177"
	Cpus = 1
	Disk = 2879870
	Memory = 2000
...
006 (7082208.000.000) 09/12 02:14:52 Image size of job updated: 28168
	21  -  MemoryUsage of job (MB)
	20880  -  ResidentSetSize of job (KB)
...
006 (7082208.000.000) 09/12 02:19:53 Image size of job updated: 709804
	671  -  MemoryUsage of job (MB)
	686564  -  ResidentSetSize of job (KB)
...
006 (7082208.000.000) 09/12 02:24:53 Image size of job updated: 745012
	671  -  MemoryUsage of job (MB)
	686564  -  ResidentSetSize of job (KB)
...
006 (7082208.000.000) 09/12 02:29:53 Image size of job updated: 779216
	718  -  MemoryUsage of job (MB)
	735148  -  ResidentSetSize of job (KB)
...
006 (7082208.000.000) 09/12 02:34:55 Image size of job updated: 811336
	724  -  MemoryUsage of job (MB)
	741292  -  ResidentSetSize of job (KB)
...
006 (7082208.000.000) 09/12 02:39:55 Image size of job updated: 849896
	747  -  MemoryUsage of job (MB)
	764764  -  ResidentSetSize of job (KB)
...
006 (7082208.000.000) 09/12 02:44:55 Image size of job updated: 866168
	753  -  MemoryUsage of job (MB)
	770908  -  ResidentSetSize of job (KB)
...
006 (7082208.000.000) 09/12 03:45:01 Image size of job updated: 866168
	769  -  MemoryUsage of job (MB)
	787284  -  ResidentSetSize of job (KB)
...
006 (7082208.000.000) 09/12 04:10:05 Image size of job updated: 875000
	769  -  MemoryUsage of job (MB)
	787284  -  ResidentSetSize of job (KB)
...
006 (7082208.000.000) 09/12 04:15:05 Image size of job updated: 891868
	862  -  MemoryUsage of job (MB)
	882608  -  ResidentSetSize of job (KB)
...
006 (7082208.000.000) 09/12 04:20:05 Image size of job updated: 908884
	883  -  MemoryUsage of job (MB)
	903924  -  ResidentSetSize of job (KB)
...
006 (7082208.000.000) 09/12 04:25:06 Image size of job updated: 925336
	883  -  MemoryUsage of job (MB)
	903924  -  ResidentSetSize of job (KB)
...
006 (7082208.000.000) 09/12 04:30:06 Image size of job updated: 942036
	919  -  MemoryUsage of job (MB)
	940080  -  ResidentSetSize of job (KB)
...
006 (7082208.000.000) 09/12 04:35:06 Image size of job updated: 957960
	920  -  MemoryUsage of job (MB)
	941616  -  ResidentSetSize of job (KB)
...
006 (7082208.000.000) 09/12 04:40:07 Image size of job updated: 972976
	920  -  MemoryUsage of job (MB)
	941616  -  ResidentSetSize of job (KB)
...
006 (7082208.000.000) 09/12 04:45:08 Image size of job updated: 986768
	927  -  MemoryUsage of job (MB)
	948876  -  ResidentSetSize of job (KB)
...
006 (7082208.000.000) 09/12 04:50:08 Image size of job updated: 999568
	939  -  MemoryUsage of job (MB)
	961164  -  ResidentSetSize of job (KB)
...
006 (7082208.000.000) 09/12 04:55:09 Image size of job updated: 1011776
	988  -  MemoryUsage of job (MB)
	1010976  -  ResidentSetSize of job (KB)
...
006 (7082208.000.000) 09/12 05:00:10 Image size of job updated: 1021800
	988  -  MemoryUsage of job (MB)
	1010976  -  ResidentSetSize of job (KB)
...
006 (7082208.000.000) 09/12 05:05:10 Image size of job updated: 1032004
	988  -  MemoryUsage of job (MB)
	1010976  -  ResidentSetSize of job (KB)
...
006 (7082208.000.000) 09/12 05:10:10 Image size of job updated: 1042796
	988  -  MemoryUsage of job (MB)
	1010976  -  ResidentSetSize of job (KB)
...
006 (7082208.000.000) 09/12 05:15:11 Image size of job updated: 1053856
	988  -  MemoryUsage of job (MB)
	1010976  -  ResidentSetSize of job (KB)
...
006 (7082208.000.000) 09/12 05:20:11 Image size of job updated: 1065100
	988  -  MemoryUsage of job (MB)
	1010976  -  ResidentSetSize of job (KB)
...
006 (7082208.000.000) 09/12 05:25:11 Image size of job updated: 1076420
	988  -  MemoryUsage of job (MB)
	1010976  -  ResidentSetSize of job (KB)
...
006 (7082208.000.000) 09/12 05:30:13 Image size of job updated: 1087508
	988  -  MemoryUsage of job (MB)
	1010976  -  ResidentSetSize of job (KB)
...
006 (7082208.000.000) 09/12 05:35:13 Image size of job updated: 1098616
	992  -  MemoryUsage of job (MB)
	1014812  -  ResidentSetSize of job (KB)
...
006 (7082208.000.000) 09/12 05:40:13 Image size of job updated: 1109604
	998  -  MemoryUsage of job (MB)
	1020956  -  ResidentSetSize of job (KB)
...
006 (7082208.000.000) 09/12 05:45:14 Image size of job updated: 1119828
	998  -  MemoryUsage of job (MB)
	1020956  -  ResidentSetSize of job (KB)
...
006 (7082208.000.000) 09/12 05:50:15 Image size of job updated: 1130960
	1030  -  MemoryUsage of job (MB)
	1054264  -  ResidentSetSize of job (KB)
...
006 (7082208.000.000) 09/12 05:55:15 Image size of job updated: 1141656
	1038  -  MemoryUsage of job (MB)
	1062456  -  ResidentSetSize of job (KB)
...
006 (7082208.000.000) 09/12 06:00:16 Image size of job updated: 1152144
	1038  -  MemoryUsage of job (MB)
	1062456  -  ResidentSetSize of job (KB)
...
006 (7082208.000.000) 09/12 06:05:17 Image size of job updated: 1162972
	1038  -  MemoryUsage of job (MB)
	1062456  -  ResidentSetSize of job (KB)
...
006 (7082208.000.000) 09/12 06:10:17 Image size of job updated: 1173060
	1038  -  MemoryUsage of job (MB)
	1062456  -  ResidentSetSize of job (KB)
...
006 (7082208.000.000) 09/12 06:15:18 Image size of job updated: 1180308
	1038  -  MemoryUsage of job (MB)
	1062456  -  ResidentSetSize of job (KB)
...
006 (7082208.000.000) 09/12 06:20:19 Image size of job updated: 1190292
	1038  -  MemoryUsage of job (MB)
	1062456  -  ResidentSetSize of job (KB)
...
006 (7082208.000.000) 09/12 06:25:19 Image size of job updated: 1203124
	1038  -  MemoryUsage of job (MB)
	1062456  -  ResidentSetSize of job (KB)
...
006 (7082208.000.000) 09/12 06:30:19 Image size of job updated: 1214556
	1038  -  MemoryUsage of job (MB)
	1062456  -  ResidentSetSize of job (KB)
...
006 (7082208.000.000) 09/12 06:35:20 Image size of job updated: 1226076
	1111  -  MemoryUsage of job (MB)
	1136900  -  ResidentSetSize of job (KB)
...
006 (7082208.000.000) 09/12 06:40:21 Image size of job updated: 1235788
	1117  -  MemoryUsage of job (MB)
	1143044  -  ResidentSetSize of job (KB)
...
006 (7082208.000.000) 09/12 06:45:21 Image size of job updated: 1244656
	1117  -  MemoryUsage of job (MB)
	1143044  -  ResidentSetSize of job (KB)
...
006 (7082208.000.000) 09/12 06:50:22 Image size of job updated: 1252596
	1117  -  MemoryUsage of job (MB)
	1143044  -  ResidentSetSize of job (KB)
...
006 (7082208.000.000) 09/12 07:10:25 Image size of job updated: 1260852
	1117  -  MemoryUsage of job (MB)
	1143044  -  ResidentSetSize of job (KB)
...
006 (7082208.000.000) 09/12 07:15:25 Image size of job updated: 1267044
	1117  -  MemoryUsage of job (MB)
	1143044  -  ResidentSetSize of job (KB)
...
006 (7082208.000.000) 09/12 07:20:25 Image size of job updated: 1272024
	1117  -  MemoryUsage of job (MB)
	1143044  -  ResidentSetSize of job (KB)
...
006 (7082208.000.000) 09/12 07:25:26 Image size of job updated: 1280184
	1117  -  MemoryUsage of job (MB)
	1143044  -  ResidentSetSize of job (KB)
...
006 (7082208.000.000) 09/12 07:30:26 Image size of job updated: 1285532
	1117  -  MemoryUsage of job (MB)
	1143044  -  ResidentSetSize of job (KB)
...
006 (7082208.000.000) 09/12 07:35:26 Image size of job updated: 1291868
	1167  -  MemoryUsage of job (MB)
	1194944  -  ResidentSetSize of job (KB)
...
006 (7082208.000.000) 09/12 07:40:27 Image size of job updated: 1298508
	1173  -  MemoryUsage of job (MB)
	1201088  -  ResidentSetSize of job (KB)
...
006 (7082208.000.000) 09/12 07:45:28 Image size of job updated: 1305444
	1182  -  MemoryUsage of job (MB)
	1210176  -  ResidentSetSize of job (KB)
...
006 (7082208.000.000) 09/12 07:50:28 Image size of job updated: 1313004
	1182  -  MemoryUsage of job (MB)
	1210176  -  ResidentSetSize of job (KB)
...
006 (7082208.000.000) 09/12 07:55:29 Image size of job updated: 1322260
	1182  -  MemoryUsage of job (MB)
	1210176  -  ResidentSetSize of job (KB)
...
006 (7082208.000.000) 09/12 08:00:30 Image size of job updated: 1329024
	1207  -  MemoryUsage of job (MB)
	1235756  -  ResidentSetSize of job (KB)
...
006 (7082208.000.000) 09/12 08:05:30 Image size of job updated: 1333552
	1240  -  MemoryUsage of job (MB)
	1269080  -  ResidentSetSize of job (KB)
...
006 (7082208.000.000) 09/12 08:10:31 Image size of job updated: 1339820
	1306  -  MemoryUsage of job (MB)
	1336548  -  ResidentSetSize of job (KB)
...
006 (7082208.000.000) 09/12 08:15:32 Image size of job updated: 1341964
	1306  -  MemoryUsage of job (MB)
	1336548  -  ResidentSetSize of job (KB)
...
006 (7082208.000.000) 09/12 08:20:32 Image size of job updated: 1350916
	1306  -  MemoryUsage of job (MB)
	1336548  -  ResidentSetSize of job (KB)
...
006 (7082208.000.000) 09/12 08:25:32 Image size of job updated: 1357088
	1306  -  MemoryUsage of job (MB)
	1336548  -  ResidentSetSize of job (KB)
...
006 (7082208.000.000) 09/12 08:30:33 Image size of job updated: 1364360
	1306  -  MemoryUsage of job (MB)
	1336548  -  ResidentSetSize of job (KB)
...
006 (7082208.000.000) 09/12 08:35:33 Image size of job updated: 1370920
	1306  -  MemoryUsage of job (MB)
	1336548  -  ResidentSetSize of job (KB)
...
006 (7082208.000.000) 09/12 08:40:33 Image size of job updated: 1378096
	1306  -  MemoryUsage of job (MB)
	1336548  -  ResidentSetSize of job (KB)
...
006 (7082208.000.000) 09/12 08:45:35 Image size of job updated: 1380504
	1306  -  MemoryUsage of job (MB)
	1336548  -  ResidentSetSize of job (KB)
...
006 (7082208.000.000) 09/12 08:55:35 Image size of job updated: 1387724
	1306  -  MemoryUsage of job (MB)
	1336548  -  ResidentSetSize of job (KB)
...
006 (7082208.000.000) 09/12 09:00:36 Image size of job updated: 1394652
	1306  -  MemoryUsage of job (MB)
	1336548  -  ResidentSetSize of job (KB)
...
006 (7082208.000.000) 09/12 09:05:37 Image size of job updated: 1403676
	1318  -  MemoryUsage of job (MB)
	1349588  -  ResidentSetSize of job (KB)
...
006 (7082208.000.000) 09/12 09:10:37 Image size of job updated: 1405032
	1324  -  MemoryUsage of job (MB)
	1355732  -  ResidentSetSize of job (KB)
...
006 (7082208.000.000) 09/12 09:30:39 Image size of job updated: 1411160
	1324  -  MemoryUsage of job (MB)
	1355732  -  ResidentSetSize of job (KB)
...
006 (7082208.000.000) 09/12 09:35:40 Image size of job updated: 1419804
	1324  -  MemoryUsage of job (MB)
	1355732  -  ResidentSetSize of job (KB)
...
006 (7082208.000.000) 09/12 09:40:40 Image size of job updated: 1425960
	1324  -  MemoryUsage of job (MB)
	1355732  -  ResidentSetSize of job (KB)
...
006 (7082208.000.000) 09/12 09:45:40 Image size of job updated: 1430560
	1370  -  MemoryUsage of job (MB)
	1402104  -  ResidentSetSize of job (KB)
...
006 (7082208.000.000) 09/12 09:50:42 Image size of job updated: 1437608
	1374  -  MemoryUsage of job (MB)
	1406200  -  ResidentSetSize of job (KB)
...
006 (7082208.000.000) 09/12 09:55:42 Image size of job updated: 1444280
	1374  -  MemoryUsage of job (MB)
	1406200  -  ResidentSetSize of job (KB)
...
006 (7082208.000.000) 09/12 10:00:42 Image size of job updated: 1453188
	1374  -  MemoryUsage of job (MB)
	1406200  -  ResidentSetSize of job (KB)
...
006 (7082208.000.000) 09/12 10:05:43 Image size of job updated: 1460916
	1374  -  MemoryUsage of job (MB)
	1406200  -  ResidentSetSize of job (KB)
...
006 (7082208.000.000) 09/12 10:10:44 Image size of job updated: 1468448
	1374  -  MemoryUsage of job (MB)
	1406200  -  ResidentSetSize of job (KB)
...
006 (7082208.000.000) 09/12 10:15:44 Image size of job updated: 1475968
	1374  -  MemoryUsage of job (MB)
	1406200  -  ResidentSetSize of job (KB)
...
006 (7082208.000.000) 09/12 10:20:45 Image size of job updated: 1483716
	1374  -  MemoryUsage of job (MB)
	1406200  -  ResidentSetSize of job (KB)
...
006 (7082208.000.000) 09/12 10:25:46 Image size of job updated: 1491084
	1449  -  MemoryUsage of job (MB)
	1483420  -  ResidentSetSize of job (KB)
...
006 (7082208.000.000) 09/12 10:30:46 Image size of job updated: 1498580
	1455  -  MemoryUsage of job (MB)
	1489564  -  ResidentSetSize of job (KB)
...
006 (7082208.000.000) 09/12 10:35:47 Image size of job updated: 1504992
	1455  -  MemoryUsage of job (MB)
	1489564  -  ResidentSetSize of job (KB)
...
006 (7082208.000.000) 09/12 10:40:48 Image size of job updated: 1511676
	1455  -  MemoryUsage of job (MB)
	1489564  -  ResidentSetSize of job (KB)
...
006 (7082208.000.000) 09/12 10:45:48 Image size of job updated: 1519668
	1455  -  MemoryUsage of job (MB)
	1489564  -  ResidentSetSize of job (KB)
...
006 (7082208.000.000) 09/12 10:50:49 Image size of job updated: 1526952
	1455  -  MemoryUsage of job (MB)
	1489564  -  ResidentSetSize of job (KB)
...
006 (7082208.000.000) 09/12 10:55:50 Image size of job updated: 1531944
	1455  -  MemoryUsage of job (MB)
	1489564  -  ResidentSetSize of job (KB)
...
006 (7082208.000.000) 09/12 11:00:50 Image size of job updated: 1539172
	1455  -  MemoryUsage of job (MB)
	1489564  -  ResidentSetSize of job (KB)
...
006 (7082208.000.000) 09/12 11:05:50 Image size of job updated: 1545980
	1455  -  MemoryUsage of job (MB)
	1489564  -  ResidentSetSize of job (KB)
...
006 (7082208.000.000) 09/12 11:10:51 Image size of job updated: 1552788
	1455  -  MemoryUsage of job (MB)
	1489564  -  ResidentSetSize of job (KB)
...
006 (7082208.000.000) 09/12 11:15:51 Image size of job updated: 1559872
	1455  -  MemoryUsage of job (MB)
	1489564  -  ResidentSetSize of job (KB)
...
006 (7082208.000.000) 09/12 11:20:51 Image size of job updated: 1567024
	1455  -  MemoryUsage of job (MB)
	1489564  -  ResidentSetSize of job (KB)
...
006 (7082208.000.000) 09/12 11:25:52 Image size of job updated: 1573660
	1455  -  MemoryUsage of job (MB)
	1489564  -  ResidentSetSize of job (KB)
...
006 (7082208.000.000) 09/12 11:30:53 Image size of job updated: 1580400
	1470  -  MemoryUsage of job (MB)
	1504288  -  ResidentSetSize of job (KB)
...
006 (7082208.000.000) 09/12 11:35:53 Image size of job updated: 1586160
	1540  -  MemoryUsage of job (MB)
	1576484  -  ResidentSetSize of job (KB)
...
006 (7082208.000.000) 09/12 11:40:53 Image size of job updated: 1591588
	1540  -  MemoryUsage of job (MB)
	1576484  -  ResidentSetSize of job (KB)
...
006 (7082208.000.000) 09/12 12:05:56 Image size of job updated: 1592248
	1540  -  MemoryUsage of job (MB)
	1576484  -  ResidentSetSize of job (KB)
...
006 (7082208.000.000) 09/12 12:10:56 Image size of job updated: 1598588
	1540  -  MemoryUsage of job (MB)
	1576484  -  ResidentSetSize of job (KB)
...
006 (7082208.000.000) 09/12 12:15:56 Image size of job updated: 1605268
	1540  -  MemoryUsage of job (MB)
	1576484  -  ResidentSetSize of job (KB)
...
006 (7082208.000.000) 09/12 12:20:58 Image size of job updated: 1611400
	1540  -  MemoryUsage of job (MB)
	1576484  -  ResidentSetSize of job (KB)
...
006 (7082208.000.000) 09/12 12:25:58 Image size of job updated: 1617736
	1540  -  MemoryUsage of job (MB)
	1576484  -  ResidentSetSize of job (KB)
...
006 (7082208.000.000) 09/12 12:30:58 Image size of job updated: 1624248
	1540  -  MemoryUsage of job (MB)
	1576484  -  ResidentSetSize of job (KB)
...
006 (7082208.000.000) 09/12 12:35:59 Image size of job updated: 1630016
	1540  -  MemoryUsage of job (MB)
	1576484  -  ResidentSetSize of job (KB)
...
006 (7082208.000.000) 09/12 12:41:00 Image size of job updated: 1636184
	1540  -  MemoryUsage of job (MB)
	1576484  -  ResidentSetSize of job (KB)
...
006 (7082208.000.000) 09/12 12:46:00 Image size of job updated: 1641404
	1540  -  MemoryUsage of job (MB)
	1576484  -  ResidentSetSize of job (KB)
...
006 (7082208.000.000) 09/12 12:51:01 Image size of job updated: 1647208
	1540  -  MemoryUsage of job (MB)
	1576484  -  ResidentSetSize of job (KB)
...
006 (7082208.000.000) 09/12 12:56:02 Image size of job updated: 1654548
	1540  -  MemoryUsage of job (MB)
	1576484  -  ResidentSetSize of job (KB)
...
006 (7082208.000.000) 09/12 13:01:02 Image size of job updated: 1660276
	1540  -  MemoryUsage of job (MB)
	1576484  -  ResidentSetSize of job (KB)
...
006 (7082208.000.000) 09/12 13:06:02 Image size of job updated: 1667060
	1540  -  MemoryUsage of job (MB)
	1576484  -  ResidentSetSize of job (KB)
...
006 (7082208.000.000) 09/12 13:11:03 Image size of job updated: 1673384
	1540  -  MemoryUsage of job (MB)
	1576484  -  ResidentSetSize of job (KB)
...
006 (7082208.000.000) 09/12 13:16:03 Image size of job updated: 1680320
	1540  -  MemoryUsage of job (MB)
	1576484  -  ResidentSetSize of job (KB)
...
006 (7082208.000.000) 09/12 13:21:03 Image size of job updated: 1687084
	1618  -  MemoryUsage of job (MB)
	1656076  -  ResidentSetSize of job (KB)
...
006 (7082208.000.000) 09/12 13:26:04 Image size of job updated: 1693936
	1624  -  MemoryUsage of job (MB)
	1662220  -  ResidentSetSize of job (KB)
...
006 (7082208.000.000) 09/12 13:31:05 Image size of job updated: 1700432
	1624  -  MemoryUsage of job (MB)
	1662220  -  ResidentSetSize of job (KB)
...
006 (7082208.000.000) 09/12 13:36:05 Image size of job updated: 1706804
	1660  -  MemoryUsage of job (MB)
	1699476  -  ResidentSetSize of job (KB)
...
006 (7082208.000.000) 09/12 13:41:06 Image size of job updated: 1713192
	1666  -  MemoryUsage of job (MB)
	1705620  -  ResidentSetSize of job (KB)
...
006 (7082208.000.000) 09/12 13:46:07 Image size of job updated: 1718356
	1666  -  MemoryUsage of job (MB)
	1705620  -  ResidentSetSize of job (KB)
...
006 (7082208.000.000) 09/12 13:51:07 Image size of job updated: 1724728
	1666  -  MemoryUsage of job (MB)
	1705620  -  ResidentSetSize of job (KB)
...
006 (7082208.000.000) 09/12 13:56:07 Image size of job updated: 1732248
	1666  -  MemoryUsage of job (MB)
	1705620  -  ResidentSetSize of job (KB)
...
006 (7082208.000.000) 09/12 14:01:08 Image size of job updated: 1738772
	1666  -  MemoryUsage of job (MB)
	1705620  -  ResidentSetSize of job (KB)
...
006 (7082208.000.000) 09/12 14:06:08 Image size of job updated: 1745416
	1666  -  MemoryUsage of job (MB)
	1705620  -  ResidentSetSize of job (KB)
...
006 (7082208.000.000) 09/12 14:11:08 Image size of job updated: 1751460
	1666  -  MemoryUsage of job (MB)
	1705620  -  ResidentSetSize of job (KB)
...
006 (7082208.000.000) 09/12 14:16:09 Image size of job updated: 1757976
	1666  -  MemoryUsage of job (MB)
	1705620  -  ResidentSetSize of job (KB)
...
006 (7082208.000.000) 09/12 14:21:09 Image size of job updated: 1764628
	1666  -  MemoryUsage of job (MB)
	1705620  -  ResidentSetSize of job (KB)
...
006 (7082208.000.000) 09/12 14:26:09 Image size of job updated: 1771808
	1666  -  MemoryUsage of job (MB)
	1705620  -  ResidentSetSize of job (KB)
...
006 (7082208.000.000) 09/12 14:31:10 Image size of job updated: 1778184
	1666  -  MemoryUsage of job (MB)
	1705620  -  ResidentSetSize of job (KB)
...
006 (7082208.000.000) 09/12 14:36:11 Image size of job updated: 1784532
	1666  -  MemoryUsage of job (MB)
	1705620  -  ResidentSetSize of job (KB)
...
006 (7082208.000.000) 09/12 14:41:11 Image size of job updated: 1790784
	1666  -  MemoryUsage of job (MB)
	1705620  -  ResidentSetSize of job (KB)
...
006 (7082208.000.000) 09/12 14:46:12 Image size of job updated: 1796268
	1666  -  MemoryUsage of job (MB)
	1705620  -  ResidentSetSize of job (KB)
...
006 (7082208.000.000) 09/12 14:51:13 Image size of job updated: 1803812
	1666  -  MemoryUsage of job (MB)
	1705620  -  ResidentSetSize of job (KB)
...
006 (7082208.000.000) 09/12 14:56:13 Image size of job updated: 1809956
	1666  -  MemoryUsage of job (MB)
	1705620  -  ResidentSetSize of job (KB)
...
006 (7082208.000.000) 09/12 15:01:13 Image size of job updated: 1815736
	1666  -  MemoryUsage of job (MB)
	1705620  -  ResidentSetSize of job (KB)
...
006 (7082208.000.000) 09/12 15:06:14 Image size of job updated: 1821736
	1666  -  MemoryUsage of job (MB)
	1705620  -  ResidentSetSize of job (KB)
...
006 (7082208.000.000) 09/12 15:11:14 Image size of job updated: 1827788
	1666  -  MemoryUsage of job (MB)
	1705620  -  ResidentSetSize of job (KB)
...
006 (7082208.000.000) 09/12 15:16:14 Image size of job updated: 1833900
	1666  -  MemoryUsage of job (MB)
	1705620  -  ResidentSetSize of job (KB)
...
006 (7082208.000.000) 09/12 15:21:15 Image size of job updated: 1839464
	1733  -  MemoryUsage of job (MB)
	1774408  -  ResidentSetSize of job (KB)
...
006 (7082208.000.000) 09/12 15:26:16 Image size of job updated: 1843896
	1737  -  MemoryUsage of job (MB)
	1778504  -  ResidentSetSize of job (KB)
...
006 (7082208.000.000) 09/12 15:32:01 Image size of job updated: 1851036
	1737  -  MemoryUsage of job (MB)
	1778504  -  ResidentSetSize of job (KB)
...
006 (7082208.000.000) 09/12 15:36:17 Image size of job updated: 1852408
	1737  -  MemoryUsage of job (MB)
	1778504  -  ResidentSetSize of job (KB)
...
006 (7082208.000.000) 09/12 15:51:18 Image size of job updated: 1859956
	1737  -  MemoryUsage of job (MB)
	1778504  -  ResidentSetSize of job (KB)
...
006 (7082208.000.000) 09/12 15:56:19 Image size of job updated: 1866724
	1738  -  MemoryUsage of job (MB)
	1779068  -  ResidentSetSize of job (KB)
...
006 (7082208.000.000) 09/12 16:01:19 Image size of job updated: 1872800
	1738  -  MemoryUsage of job (MB)
	1779068  -  ResidentSetSize of job (KB)
...
006 (7082208.000.000) 09/12 16:06:20 Image size of job updated: 1878680
	1799  -  MemoryUsage of job (MB)
	1841600  -  ResidentSetSize of job (KB)
...
006 (7082208.000.000) 09/12 16:11:21 Image size of job updated: 1884040
	1805  -  MemoryUsage of job (MB)
	1847744  -  ResidentSetSize of job (KB)
...
006 (7082208.000.000) 09/12 16:16:21 Image size of job updated: 1888992
	1805  -  MemoryUsage of job (MB)
	1847744  -  ResidentSetSize of job (KB)
...
006 (7082208.000.000) 09/12 16:21:21 Image size of job updated: 1893176
	1829  -  MemoryUsage of job (MB)
	1872792  -  ResidentSetSize of job (KB)
...
006 (7082208.000.000) 09/12 16:26:22 Image size of job updated: 1898572
	1829  -  MemoryUsage of job (MB)
	1872792  -  ResidentSetSize of job (KB)
...
006 (7082208.000.000) 09/12 16:31:22 Image size of job updated: 1903580
	1829  -  MemoryUsage of job (MB)
	1872792  -  ResidentSetSize of job (KB)
...
006 (7082208.000.000) 09/12 16:36:22 Image size of job updated: 1908752
	1829  -  MemoryUsage of job (MB)
	1872792  -  ResidentSetSize of job (KB)
...
006 (7082208.000.000) 09/12 16:41:24 Image size of job updated: 1909432
	1829  -  MemoryUsage of job (MB)
	1872792  -  ResidentSetSize of job (KB)
...
006 (7082208.000.000) 09/12 16:56:25 Image size of job updated: 1913492
	1829  -  MemoryUsage of job (MB)
	1872792  -  ResidentSetSize of job (KB)
...
006 (7082208.000.000) 09/12 17:01:26 Image size of job updated: 1918684
	1829  -  MemoryUsage of job (MB)
	1872792  -  ResidentSetSize of job (KB)
...
006 (7082208.000.000) 09/12 17:06:26 Image size of job updated: 1923660
	1829  -  MemoryUsage of job (MB)
	1872792  -  ResidentSetSize of job (KB)
...
006 (7082208.000.000) 09/12 17:11:27 Image size of job updated: 1929348
	1829  -  MemoryUsage of job (MB)
	1872792  -  ResidentSetSize of job (KB)
...
006 (7082208.000.000) 09/12 17:16:28 Image size of job updated: 1935036
	1829  -  MemoryUsage of job (MB)
	1872792  -  ResidentSetSize of job (KB)
...
006 (7082208.000.000) 09/12 17:21:28 Image size of job updated: 1940564
	1829  -  MemoryUsage of job (MB)
	1872792  -  ResidentSetSize of job (KB)
...
006 (7082208.000.000) 09/12 17:26:28 Image size of job updated: 1946252
	1829  -  MemoryUsage of job (MB)
	1872792  -  ResidentSetSize of job (KB)
...
006 (7082208.000.000) 09/12 17:31:29 Image size of job updated: 1952144
	1829  -  MemoryUsage of job (MB)
	1872792  -  ResidentSetSize of job (KB)
...
006 (7082208.000.000) 09/12 17:36:29 Image size of job updated: 1957928
	1829  -  MemoryUsage of job (MB)
	1872792  -  ResidentSetSize of job (KB)
...
006 (7082208.000.000) 09/12 17:41:29 Image size of job updated: 1964136
	1829  -  MemoryUsage of job (MB)
	1872792  -  ResidentSetSize of job (KB)
...
006 (7082208.000.000) 09/12 17:46:30 Image size of job updated: 1970404
	1829  -  MemoryUsage of job (MB)
	1872792  -  ResidentSetSize of job (KB)
...
006 (7082208.000.000) 09/12 17:51:31 Image size of job updated: 1976344
	1829  -  MemoryUsage of job (MB)
	1872792  -  ResidentSetSize of job (KB)
...
006 (7082208.000.000) 09/12 17:56:31 Image size of job updated: 1982128
	1829  -  MemoryUsage of job (MB)
	1872792  -  ResidentSetSize of job (KB)
...
006 (7082208.000.000) 09/12 18:01:32 Image size of job updated: 1987892
	1829  -  MemoryUsage of job (MB)
	1872792  -  ResidentSetSize of job (KB)
...
006 (7082208.000.000) 09/12 18:06:33 Image size of job updated: 1993188
	1829  -  MemoryUsage of job (MB)
	1872792  -  ResidentSetSize of job (KB)
...
006 (7082208.000.000) 09/12 18:11:33 Image size of job updated: 1998920
	1829  -  MemoryUsage of job (MB)
	1872792  -  ResidentSetSize of job (KB)
...
006 (7082208.000.000) 09/12 18:16:33 Image size of job updated: 2001024
	1829  -  MemoryUsage of job (MB)
	1872792  -  ResidentSetSize of job (KB)
...
006 (7082208.000.000) 09/12 18:21:34 Image size of job updated: 2005420
	1842  -  MemoryUsage of job (MB)
	1885748  -  ResidentSetSize of job (KB)
...
006 (7082208.000.000) 09/12 18:26:35 Image size of job updated: 2011044
	1848  -  MemoryUsage of job (MB)
	1891892  -  ResidentSetSize of job (KB)
...
006 (7082208.000.000) 09/12 18:31:35 Image size of job updated: 2016384
	1929  -  MemoryUsage of job (MB)
	1975068  -  ResidentSetSize of job (KB)
...
006 (7082208.000.000) 09/12 18:36:36 Image size of job updated: 2022564
	1969  -  MemoryUsage of job (MB)
	2015244  -  ResidentSetSize of job (KB)
...
006 (7082208.000.000) 09/12 18:41:36 Image size of job updated: 2028076
	1969  -  MemoryUsage of job (MB)
	2015244  -  ResidentSetSize of job (KB)
...
006 (7082208.000.000) 09/12 18:46:36 Image size of job updated: 2032560
	1969  -  MemoryUsage of job (MB)
	2015244  -  ResidentSetSize of job (KB)
...
006 (7082208.000.000) 09/12 18:51:37 Image size of job updated: 2039336
	1969  -  MemoryUsage of job (MB)
	2015244  -  ResidentSetSize of job (KB)
...
006 (7082208.000.000) 09/12 18:56:38 Image size of job updated: 2044704
	1969  -  MemoryUsage of job (MB)
	2015244  -  ResidentSetSize of job (KB)
...
006 (7082208.000.000) 09/12 19:01:38 Image size of job updated: 2048400
	1969  -  MemoryUsage of job (MB)
	2015244  -  ResidentSetSize of job (KB)
...
006 (7082208.000.000) 09/12 19:06:39 Image size of job updated: 2053572
	1969  -  MemoryUsage of job (MB)
	2015244  -  ResidentSetSize of job (KB)
...
006 (7082208.000.000) 09/12 19:11:40 Image size of job updated: 2059968
	1969  -  MemoryUsage of job (MB)
	2015244  -  ResidentSetSize of job (KB)
...
006 (7082208.000.000) 09/12 19:16:40 Image size of job updated: 2065632
	1969  -  MemoryUsage of job (MB)
	2015244  -  ResidentSetSize of job (KB)
...
006 (7082208.000.000) 09/12 19:21:40 Image size of job updated: 2071124
	2012  -  MemoryUsage of job (MB)
	2060036  -  ResidentSetSize of job (KB)
...
006 (7082208.000.000) 09/12 19:26:41 Image size of job updated: 2076364
	2020  -  MemoryUsage of job (MB)
	2068228  -  ResidentSetSize of job (KB)
...
006 (7082208.000.000) 09/12 19:31:41 Image size of job updated: 2081552
	2020  -  MemoryUsage of job (MB)
	2068228  -  ResidentSetSize of job (KB)
...
006 (7082208.000.000) 09/12 19:36:41 Image size of job updated: 2087072
	2020  -  MemoryUsage of job (MB)
	2068228  -  ResidentSetSize of job (KB)
...
006 (7082208.000.000) 09/12 19:41:42 Image size of job updated: 2092496
	2020  -  MemoryUsage of job (MB)
	2068228  -  ResidentSetSize of job (KB)
...
006 (7082208.000.000) 09/12 19:46:43 Image size of job updated: 2094972
	2020  -  MemoryUsage of job (MB)
	2068228  -  ResidentSetSize of job (KB)
...
006 (7082208.000.000) 09/12 19:51:43 Image size of job updated: 2096140
	2020  -  MemoryUsage of job (MB)
	2068228  -  ResidentSetSize of job (KB)
...
006 (7082208.000.000) 09/12 19:56:44 Image size of job updated: 2099784
	2047  -  MemoryUsage of job (MB)
	2095580  -  ResidentSetSize of job (KB)
...
006 (7082208.000.000) 09/12 20:01:45 Image size of job updated: 2102944
	2047  -  MemoryUsage of job (MB)
	2095580  -  ResidentSetSize of job (KB)
...
006 (7082208.000.000) 09/12 20:06:45 Image size of job updated: 2106388
	2047  -  MemoryUsage of job (MB)
	2095580  -  ResidentSetSize of job (KB)
...
006 (7082208.000.000) 09/12 20:11:45 Image size of job updated: 2110856
	2047  -  MemoryUsage of job (MB)
	2095580  -  ResidentSetSize of job (KB)
...
006 (7082208.000.000) 09/12 20:16:46 Image size of job updated: 2117156
	2047  -  MemoryUsage of job (MB)
	2095580  -  ResidentSetSize of job (KB)
...
006 (7082208.000.000) 09/12 20:21:46 Image size of job updated: 2122300
	2047  -  MemoryUsage of job (MB)
	2095580  -  ResidentSetSize of job (KB)
...
006 (7082208.000.000) 09/12 20:26:46 Image size of job updated: 2127236
	2047  -  MemoryUsage of job (MB)
	2095580  -  ResidentSetSize of job (KB)
...
006 (7082208.000.000) 09/12 20:31:46 Image size of job updated: 2132012
	2047  -  MemoryUsage of job (MB)
	2095580  -  ResidentSetSize of job (KB)
...
006 (7082208.000.000) 09/12 20:36:46 Image size of job updated: 2137380
	2047  -  MemoryUsage of job (MB)
	2095580  -  ResidentSetSize of job (KB)
...
006 (7082208.000.000) 09/12 20:41:47 Image size of job updated: 2141224
	2047  -  MemoryUsage of job (MB)
	2095580  -  ResidentSetSize of job (KB)
...
006 (7082208.000.000) 09/12 20:46:47 Image size of job updated: 2145772
	2047  -  MemoryUsage of job (MB)
	2095580  -  ResidentSetSize of job (KB)
...
006 (7082208.000.000) 09/12 20:51:47 Image size of job updated: 2152080
	2047  -  MemoryUsage of job (MB)
	2095580  -  ResidentSetSize of job (KB)
...
006 (7082208.000.000) 09/12 20:56:48 Image size of job updated: 2153328
	2047  -  MemoryUsage of job (MB)
	2095580  -  ResidentSetSize of job (KB)
...
006 (7082208.000.000) 09/12 21:33:38 Image size of job updated: 4211980
	2047  -  MemoryUsage of job (MB)
	2095580  -  ResidentSetSize of job (KB)
...
040 (7082208.000.000) 09/12 21:33:39 Started transferring output files
...
040 (7082208.000.000) 09/12 21:33:46 Finished transferring output files
...
005 (7082208.000.000) 09/12 21:33:46 Job terminated.
	(1) Normal termination (return value 0)
		Usr 0 08:57:43, Sys 0 09:57:24  -  Run Remote Usage
		Usr 0 00:00:00, Sys 0 00:00:00  -  Run Local Usage
		Usr 0 08:57:43, Sys 0 09:57:24  -  Total Remote Usage
		Usr 0 00:00:00, Sys 0 00:00:00  -  Total Local Usage
	98987152  -  Run Bytes Sent By Job
	10905  -  Run Bytes Received By Job
	98987152  -  Total Bytes Sent By Job
	10905  -  Total Bytes Received By Job
	Partitionable Resources :    Usage  Request Allocated 
	   Cpus                 :     0.99        1         1 
	   Disk (KB)            : 96700          12   2879870 
	   Memory (MB)          :  2047        2000      2000 

	Job terminated of its own accord at 2024-09-12T19:33:38Z with exit-code 0.
...
000 (7248319.000.000) 09/30 13:36:31 Job submitted from host: <137.138.55.115:9618?addrs=137.138.55.115-9618+[2001-1458-d00-17--12a]-9618&alias=bigbird23.cern.ch&noUDP&sock=schedd_4975_03c1>
...
040 (7248319.000.000) 09/30 13:44:11 Started transferring input files
	Transferring to host: <188.185.206.170:9618?addrs=188.185.206.170-9618&alias=b9p06p8650.cern.ch&noUDP&sock=slot1_11_6893_7df1_237306>
...
040 (7248319.000.000) 09/30 13:44:11 Finished transferring input files
...
001 (7248319.000.000) 09/30 13:44:12 Job executing on host: <188.185.206.170:9618?addrs=188.185.206.170-9618&alias=b9p06p8650.cern.ch&noUDP&sock=startd_6821_3795>
	SlotName: slot1_11@b9p06p8650.cern.ch
	CondorScratchDir = "/pool/condor/dir_1090855"
	Cpus = 1
	Disk = 2777106
	Memory = 2000
...
006 (7248319.000.000) 09/30 13:44:21 Image size of job updated: 530860
	519  -  MemoryUsage of job (MB)
	530740  -  ResidentSetSize of job (KB)
...
006 (7248319.000.000) 09/30 13:49:22 Image size of job updated: 1027152
	934  -  MemoryUsage of job (MB)
	955884  -  ResidentSetSize of job (KB)
...
006 (7248319.000.000) 09/30 13:54:23 Image size of job updated: 1555828
	1405  -  MemoryUsage of job (MB)
	1438404  -  ResidentSetSize of job (KB)
...
006 (7248319.000.000) 09/30 13:59:23 Image size of job updated: 1983840
	1790  -  MemoryUsage of job (MB)
	1832144  -  ResidentSetSize of job (KB)
...
006 (7248319.000.000) 09/30 14:04:23 Image size of job updated: 2542828
	2453  -  MemoryUsage of job (MB)
	2510952  -  ResidentSetSize of job (KB)
...
006 (7248319.000.000) 09/30 14:09:24 Image size of job updated: 3002248
	2734  -  MemoryUsage of job (MB)
	2798652  -  ResidentSetSize of job (KB)
...
006 (7248319.000.000) 09/30 14:14:24 Image size of job updated: 3307180
	3225  -  MemoryUsage of job (MB)
	3302212  -  ResidentSetSize of job (KB)
...
006 (7248319.000.000) 09/30 14:19:24 Image size of job updated: 3569464
	3424  -  MemoryUsage of job (MB)
	3505424  -  ResidentSetSize of job (KB)
...
006 (7248319.000.000) 09/30 14:24:26 Image size of job updated: 3887072
	3581  -  MemoryUsage of job (MB)
	3666940  -  ResidentSetSize of job (KB)
...
006 (7248319.000.000) 09/30 14:29:26 Image size of job updated: 4064732
	3939  -  MemoryUsage of job (MB)
	4032552  -  ResidentSetSize of job (KB)
...
006 (7248319.000.000) 09/30 14:34:26 Image size of job updated: 4291988
	4051  -  MemoryUsage of job (MB)
	4147896  -  ResidentSetSize of job (KB)
...
006 (7248319.000.000) 09/30 14:39:27 Image size of job updated: 4512288
	4280  -  MemoryUsage of job (MB)
	4382164  -  ResidentSetSize of job (KB)
...
006 (7248319.000.000) 09/30 14:44:27 Image size of job updated: 4730756
	4434  -  MemoryUsage of job (MB)
	4540016  -  ResidentSetSize of job (KB)
...
006 (7248319.000.000) 09/30 14:49:27 Image size of job updated: 4945624
	4770  -  MemoryUsage of job (MB)
	4883604  -  ResidentSetSize of job (KB)
...
006 (7248319.000.000) 09/30 14:54:28 Image size of job updated: 5099484
	4788  -  MemoryUsage of job (MB)
	4902036  -  ResidentSetSize of job (KB)
...
006 (7248319.000.000) 09/30 14:59:28 Image size of job updated: 5441336
	4924  -  MemoryUsage of job (MB)
	5041168  -  ResidentSetSize of job (KB)
...
006 (7248319.000.000) 09/30 15:04:28 Image size of job updated: 5598056
	5062  -  MemoryUsage of job (MB)
	5183372  -  ResidentSetSize of job (KB)
...
006 (7248319.000.000) 09/30 15:09:29 Image size of job updated: 5775160
	5364  -  MemoryUsage of job (MB)
	5492428  -  ResidentSetSize of job (KB)
...
006 (7248319.000.000) 09/30 15:14:30 Image size of job updated: 5919444
	5627  -  MemoryUsage of job (MB)
	5761340  -  ResidentSetSize of job (KB)
...
006 (7248319.000.000) 09/30 15:19:30 Image size of job updated: 6063968
	5805  -  MemoryUsage of job (MB)
	5943860  -  ResidentSetSize of job (KB)
...
006 (7248319.000.000) 09/30 15:24:31 Image size of job updated: 6144204
	5819  -  MemoryUsage of job (MB)
	5958196  -  ResidentSetSize of job (KB)
...
006 (7248319.000.000) 09/30 15:29:32 Image size of job updated: 6490492
	6105  -  MemoryUsage of job (MB)
	6251300  -  ResidentSetSize of job (KB)
...
006 (7248319.000.000) 09/30 15:34:32 Image size of job updated: 6613040
	6161  -  MemoryUsage of job (MB)
	6308644  -  ResidentSetSize of job (KB)
...
006 (7248319.000.000) 09/30 15:39:33 Image size of job updated: 6869856
	6425  -  MemoryUsage of job (MB)
	6578332  -  ResidentSetSize of job (KB)
...
006 (7248319.000.000) 09/30 15:44:34 Image size of job updated: 7151508
	6558  -  MemoryUsage of job (MB)
	6714788  -  ResidentSetSize of job (KB)
...
006 (7248319.000.000) 09/30 15:49:34 Image size of job updated: 7327744
	6638  -  MemoryUsage of job (MB)
	6797180  -  ResidentSetSize of job (KB)
...
006 (7248319.000.000) 09/30 15:54:34 Image size of job updated: 7412660
	6783  -  MemoryUsage of job (MB)
	6945012  -  ResidentSetSize of job (KB)
...
006 (7248319.000.000) 09/30 15:59:35 Image size of job updated: 7529184
	7184  -  MemoryUsage of job (MB)
	7356044  -  ResidentSetSize of job (KB)
...
006 (7248319.000.000) 09/30 16:04:35 Image size of job updated: 7641184
	7439  -  MemoryUsage of job (MB)
	7617220  -  ResidentSetSize of job (KB)
...
006 (7248319.000.000) 09/30 16:09:35 Image size of job updated: 7756680
	7518  -  MemoryUsage of job (MB)
	7697804  -  ResidentSetSize of job (KB)
...
006 (7248319.000.000) 09/30 16:14:36 Image size of job updated: 7885252
	7536  -  MemoryUsage of job (MB)
	7716492  -  ResidentSetSize of job (KB)
...
006 (7248319.000.000) 09/30 16:19:37 Image size of job updated: 8006292
	7536  -  MemoryUsage of job (MB)
	7716492  -  ResidentSetSize of job (KB)
...
006 (7248319.000.000) 09/30 16:24:37 Image size of job updated: 8118572
	7536  -  MemoryUsage of job (MB)
	7716492  -  ResidentSetSize of job (KB)
...
006 (7248319.000.000) 09/30 16:29:38 Image size of job updated: 8310592
	7656  -  MemoryUsage of job (MB)
	7839520  -  ResidentSetSize of job (KB)
...
006 (7248319.000.000) 09/30 16:34:39 Image size of job updated: 8407564
	7670  -  MemoryUsage of job (MB)
	7853856  -  ResidentSetSize of job (KB)
...
006 (7248319.000.000) 09/30 16:39:39 Image size of job updated: 8581412
	8163  -  MemoryUsage of job (MB)
	8358592  -  ResidentSetSize of job (KB)
...
006 (7248319.000.000) 09/30 16:44:39 Image size of job updated: 8798320
	8265  -  MemoryUsage of job (MB)
	8463356  -  ResidentSetSize of job (KB)
...
006 (7248319.000.000) 09/30 16:49:39 Image size of job updated: 8919972
	8369  -  MemoryUsage of job (MB)
	8569360  -  ResidentSetSize of job (KB)
...
006 (7248319.000.000) 09/30 16:54:40 Image size of job updated: 9032140
	8402  -  MemoryUsage of job (MB)
	8603348  -  ResidentSetSize of job (KB)
...
006 (7248319.000.000) 09/30 16:59:41 Image size of job updated: 9171748
	8420  -  MemoryUsage of job (MB)
	8621780  -  ResidentSetSize of job (KB)
...
006 (7248319.000.000) 09/30 17:04:41 Image size of job updated: 9347452
	8481  -  MemoryUsage of job (MB)
	8683868  -  ResidentSetSize of job (KB)
...
006 (7248319.000.000) 09/30 17:09:41 Image size of job updated: 9486560
	8621  -  MemoryUsage of job (MB)
	8827880  -  ResidentSetSize of job (KB)
...
006 (7248319.000.000) 09/30 17:14:42 Image size of job updated: 9652896
	9283  -  MemoryUsage of job (MB)
	9505340  -  ResidentSetSize of job (KB)
...
006 (7248319.000.000) 09/30 17:19:42 Image size of job updated: 9720324
	9301  -  MemoryUsage of job (MB)
	9523772  -  ResidentSetSize of job (KB)
...
006 (7248319.000.000) 09/30 17:24:42 Image size of job updated: 9792436
	9301  -  MemoryUsage of job (MB)
	9523772  -  ResidentSetSize of job (KB)
...
006 (7248319.000.000) 09/30 17:29:43 Image size of job updated: 10116040
	9847  -  MemoryUsage of job (MB)
	10083280  -  ResidentSetSize of job (KB)
...
006 (7248319.000.000) 09/30 17:34:44 Image size of job updated: 10332568
	9864  -  MemoryUsage of job (MB)
	10099920  -  ResidentSetSize of job (KB)
...
006 (7248319.000.000) 09/30 17:39:44 Image size of job updated: 10390464
	9864  -  MemoryUsage of job (MB)
	10099920  -  ResidentSetSize of job (KB)
...
006 (7248319.000.000) 09/30 17:44:45 Image size of job updated: 10512400
	9864  -  MemoryUsage of job (MB)
	10099920  -  ResidentSetSize of job (KB)
...
006 (7248319.000.000) 09/30 17:49:46 Image size of job updated: 10582332
	9864  -  MemoryUsage of job (MB)
	10099920  -  ResidentSetSize of job (KB)
...
006 (7248319.000.000) 09/30 17:54:46 Image size of job updated: 10656640
	10114  -  MemoryUsage of job (MB)
	10356520  -  ResidentSetSize of job (KB)
...
006 (7248319.000.000) 09/30 17:59:46 Image size of job updated: 10773196
	10135  -  MemoryUsage of job (MB)
	10377256  -  ResidentSetSize of job (KB)
...
006 (7248319.000.000) 09/30 18:04:47 Image size of job updated: 10821892
	10143  -  MemoryUsage of job (MB)
	10385468  -  ResidentSetSize of job (KB)
...
006 (7248319.000.000) 09/30 18:09:47 Image size of job updated: 10888288
	10159  -  MemoryUsage of job (MB)
	10401852  -  ResidentSetSize of job (KB)
...
006 (7248319.000.000) 09/30 18:14:47 Image size of job updated: 10954204
	10571  -  MemoryUsage of job (MB)
	10824596  -  ResidentSetSize of job (KB)
...
006 (7248319.000.000) 09/30 18:19:48 Image size of job updated: 11130900
	10585  -  MemoryUsage of job (MB)
	10838932  -  ResidentSetSize of job (KB)
...
006 (7248319.000.000) 09/30 18:24:49 Image size of job updated: 11207084
	10585  -  MemoryUsage of job (MB)
	10838932  -  ResidentSetSize of job (KB)
...
006 (7248319.000.000) 09/30 18:29:49 Image size of job updated: 11299668
	10728  -  MemoryUsage of job (MB)
	10984860  -  ResidentSetSize of job (KB)
...
006 (7248319.000.000) 09/30 18:34:49 Image size of job updated: 11727508
	10830  -  MemoryUsage of job (MB)
	11089308  -  ResidentSetSize of job (KB)
...
006 (7248319.000.000) 09/30 18:39:50 Image size of job updated: 12194480
	11780  -  MemoryUsage of job (MB)
	12062344  -  ResidentSetSize of job (KB)
...
006 (7248319.000.000) 09/30 18:44:50 Image size of job updated: 12437344
	11780  -  MemoryUsage of job (MB)
	12062344  -  ResidentSetSize of job (KB)
...
006 (7248319.000.000) 09/30 18:49:51 Image size of job updated: 12518424
	11903  -  MemoryUsage of job (MB)
	12188640  -  ResidentSetSize of job (KB)
...
006 (7248319.000.000) 09/30 18:54:51 Image size of job updated: 12610424
	11919  -  MemoryUsage of job (MB)
	12205024  -  ResidentSetSize of job (KB)
...
006 (7248319.000.000) 09/30 18:59:52 Image size of job updated: 12671560
	11919  -  MemoryUsage of job (MB)
	12205024  -  ResidentSetSize of job (KB)
...
006 (7248319.000.000) 09/30 19:04:53 Image size of job updated: 12788004
	12323  -  MemoryUsage of job (MB)
	12618188  -  ResidentSetSize of job (KB)
...
006 (7248319.000.000) 09/30 19:09:53 Image size of job updated: 12843632
	12337  -  MemoryUsage of job (MB)
	12632524  -  ResidentSetSize of job (KB)
...
006 (7248319.000.000) 09/30 19:14:53 Image size of job updated: 12938936
	12612  -  MemoryUsage of job (MB)
	12914024  -  ResidentSetSize of job (KB)
...
006 (7248319.000.000) 09/30 19:19:54 Image size of job updated: 13009252
	12626  -  MemoryUsage of job (MB)
	12928360  -  ResidentSetSize of job (KB)
...
006 (7248319.000.000) 09/30 19:24:54 Image size of job updated: 13133524
	12626  -  MemoryUsage of job (MB)
	12928360  -  ResidentSetSize of job (KB)
...
006 (7248319.000.000) 09/30 19:29:54 Image size of job updated: 13236060
	12626  -  MemoryUsage of job (MB)
	12928360  -  ResidentSetSize of job (KB)
...
006 (7248319.000.000) 09/30 19:34:55 Image size of job updated: 13304752
	12919  -  MemoryUsage of job (MB)
	13228196  -  ResidentSetSize of job (KB)
...
006 (7248319.000.000) 09/30 19:39:56 Image size of job updated: 13368628
	12937  -  MemoryUsage of job (MB)
	13246628  -  ResidentSetSize of job (KB)
...
006 (7248319.000.000) 09/30 19:44:56 Image size of job updated: 13572556
	12937  -  MemoryUsage of job (MB)
	13246628  -  ResidentSetSize of job (KB)
...
006 (7248319.000.000) 09/30 19:49:57 Image size of job updated: 13694664
	12937  -  MemoryUsage of job (MB)
	13246628  -  ResidentSetSize of job (KB)
...
006 (7248319.000.000) 09/30 19:54:58 Image size of job updated: 13817644
	13485  -  MemoryUsage of job (MB)
	13808124  -  ResidentSetSize of job (KB)
...
006 (7248319.000.000) 09/30 19:59:58 Image size of job updated: 13907020
	13493  -  MemoryUsage of job (MB)
	13816816  -  ResidentSetSize of job (KB)
...
006 (7248319.000.000) 09/30 20:04:58 Image size of job updated: 14099936
	13603  -  MemoryUsage of job (MB)
	13929316  -  ResidentSetSize of job (KB)
...
006 (7248319.000.000) 09/30 20:09:59 Image size of job updated: 14173292
	13617  -  MemoryUsage of job (MB)
	13943652  -  ResidentSetSize of job (KB)
...
006 (7248319.000.000) 09/30 20:14:59 Image size of job updated: 14300460
	13617  -  MemoryUsage of job (MB)
	13943652  -  ResidentSetSize of job (KB)
...
006 (7248319.000.000) 09/30 20:19:59 Image size of job updated: 14405612
	14006  -  MemoryUsage of job (MB)
	14341688  -  ResidentSetSize of job (KB)
...
006 (7248319.000.000) 09/30 20:25:00 Image size of job updated: 14560084
	14020  -  MemoryUsage of job (MB)
	14356024  -  ResidentSetSize of job (KB)
...
006 (7248319.000.000) 09/30 20:30:01 Image size of job updated: 14657632
	14240  -  MemoryUsage of job (MB)
	14581052  -  ResidentSetSize of job (KB)
...
006 (7248319.000.000) 09/30 20:35:01 Image size of job updated: 14669308
	14266  -  MemoryUsage of job (MB)
	14607676  -  ResidentSetSize of job (KB)
...
006 (7248319.000.000) 09/30 20:40:02 Image size of job updated: 14728328
	14266  -  MemoryUsage of job (MB)
	14607676  -  ResidentSetSize of job (KB)
...
006 (7248319.000.000) 09/30 20:45:03 Image size of job updated: 14794036
	14356  -  MemoryUsage of job (MB)
	14699932  -  ResidentSetSize of job (KB)
...
006 (7248319.000.000) 09/30 20:50:03 Image size of job updated: 14872048
	14376  -  MemoryUsage of job (MB)
	14720412  -  ResidentSetSize of job (KB)
...
006 (7248319.000.000) 09/30 20:55:03 Image size of job updated: 14991596
	14376  -  MemoryUsage of job (MB)
	14720412  -  ResidentSetSize of job (KB)
...
006 (7248319.000.000) 09/30 21:00:04 Image size of job updated: 15129520
	14376  -  MemoryUsage of job (MB)
	14720412  -  ResidentSetSize of job (KB)
...
006 (7248319.000.000) 09/30 21:05:04 Image size of job updated: 15207400
	14376  -  MemoryUsage of job (MB)
	14720412  -  ResidentSetSize of job (KB)
...
006 (7248319.000.000) 09/30 21:10:04 Image size of job updated: 15333664
	14550  -  MemoryUsage of job (MB)
	14898524  -  ResidentSetSize of job (KB)
...
006 (7248319.000.000) 09/30 21:15:06 Image size of job updated: 15336468
	14568  -  MemoryUsage of job (MB)
	14916956  -  ResidentSetSize of job (KB)
...
006 (7248319.000.000) 10/01 01:20:28 Image size of job updated: 15336468
	14759  -  MemoryUsage of job (MB)
	15112548  -  ResidentSetSize of job (KB)
...
006 (7248319.000.000) 10/01 01:40:31 Image size of job updated: 15353196
	14759  -  MemoryUsage of job (MB)
	15112548  -  ResidentSetSize of job (KB)
...
006 (7248319.000.000) 10/01 01:45:32 Image size of job updated: 15390268
	14759  -  MemoryUsage of job (MB)
	15112548  -  ResidentSetSize of job (KB)
...
006 (7248319.000.000) 10/01 01:50:32 Image size of job updated: 15421884
	14759  -  MemoryUsage of job (MB)
	15112548  -  ResidentSetSize of job (KB)
...
006 (7248319.000.000) 10/01 01:55:32 Image size of job updated: 15470652
	14759  -  MemoryUsage of job (MB)
	15112548  -  ResidentSetSize of job (KB)
...
006 (7248319.000.000) 10/01 02:00:33 Image size of job updated: 15505164
	14759  -  MemoryUsage of job (MB)
	15112548  -  ResidentSetSize of job (KB)
...
006 (7248319.000.000) 10/01 02:05:33 Image size of job updated: 15525080
	14835  -  MemoryUsage of job (MB)
	15190060  -  ResidentSetSize of job (KB)
...
006 (7248319.000.000) 10/01 02:10:33 Image size of job updated: 15578552
	14853  -  MemoryUsage of job (MB)
	15208748  -  ResidentSetSize of job (KB)
...
006 (7248319.000.000) 10/01 02:15:34 Image size of job updated: 15610796
	14853  -  MemoryUsage of job (MB)
	15208748  -  ResidentSetSize of job (KB)
...
006 (7248319.000.000) 10/01 02:20:35 Image size of job updated: 15659756
	15183  -  MemoryUsage of job (MB)
	15547148  -  ResidentSetSize of job (KB)
...
006 (7248319.000.000) 10/01 02:25:35 Image size of job updated: 15772496
	15258  -  MemoryUsage of job (MB)
	15624032  -  ResidentSetSize of job (KB)
...
006 (7248319.000.000) 10/01 02:30:36 Image size of job updated: 15810616
	15363  -  MemoryUsage of job (MB)
	15730784  -  ResidentSetSize of job (KB)
...
006 (7248319.000.000) 10/01 02:35:37 Image size of job updated: 15875320
	15363  -  MemoryUsage of job (MB)
	15730784  -  ResidentSetSize of job (KB)
...
006 (7248319.000.000) 10/01 02:40:37 Image size of job updated: 16033592
	15363  -  MemoryUsage of job (MB)
	15730784  -  ResidentSetSize of job (KB)
...
006 (7248319.000.000) 10/01 02:45:38 Image size of job updated: 16103024
	15363  -  MemoryUsage of job (MB)
	15730784  -  ResidentSetSize of job (KB)
...
006 (7248319.000.000) 10/01 02:50:39 Image size of job updated: 16143984
	15396  -  MemoryUsage of job (MB)
	15765380  -  ResidentSetSize of job (KB)
...
006 (7248319.000.000) 10/01 02:55:39 Image size of job updated: 16307108
	15396  -  MemoryUsage of job (MB)
	15765380  -  ResidentSetSize of job (KB)
...
006 (7248319.000.000) 10/01 03:00:40 Image size of job updated: 16394160
	15611  -  MemoryUsage of job (MB)
	15985284  -  ResidentSetSize of job (KB)
...
006 (7248319.000.000) 10/01 03:05:41 Image size of job updated: 16470296
	15687  -  MemoryUsage of job (MB)
	16063108  -  ResidentSetSize of job (KB)
...
006 (7248319.000.000) 10/01 03:10:41 Image size of job updated: 16529432
	15687  -  MemoryUsage of job (MB)
	16063108  -  ResidentSetSize of job (KB)
...
006 (7248319.000.000) 10/01 03:15:41 Image size of job updated: 16554576
	15687  -  MemoryUsage of job (MB)
	16063108  -  ResidentSetSize of job (KB)
...
006 (7248319.000.000) 10/01 03:20:42 Image size of job updated: 16597496
	15778  -  MemoryUsage of job (MB)
	16156012  -  ResidentSetSize of job (KB)
...
006 (7248319.000.000) 10/01 03:25:42 Image size of job updated: 16641580
	15794  -  MemoryUsage of job (MB)
	16172396  -  ResidentSetSize of job (KB)
...
006 (7248319.000.000) 10/01 03:30:42 Image size of job updated: 16827012
	15794  -  MemoryUsage of job (MB)
	16172396  -  ResidentSetSize of job (KB)
...
006 (7248319.000.000) 10/01 03:35:43 Image size of job updated: 16846984
	16241  -  MemoryUsage of job (MB)
	16630152  -  ResidentSetSize of job (KB)
...
006 (7248319.000.000) 10/01 03:40:44 Image size of job updated: 16894736
	16255  -  MemoryUsage of job (MB)
	16644744  -  ResidentSetSize of job (KB)
...
006 (7248319.000.000) 10/01 03:45:44 Image size of job updated: 16929060
	16255  -  MemoryUsage of job (MB)
	16644744  -  ResidentSetSize of job (KB)
...
040 (7248319.000.000) 10/01 20:11:07 Started transferring output files
...
040 (7248319.000.000) 10/01 20:11:34 Finished transferring output files
...
007 (7248319.000.000) 10/01 20:11:34 Shadow exception!
	Error from slot1_11@b9p06p8650.cern.ch: STARTER at 188.185.206.170 failed to send file(s) to <137.138.55.115:9618>: |Error: sending file /pool/condor/dir_1090855/_condor_stdout: max total download bytes exceeded (max=1024 MB, this file=23982 MB); SHADOW failed to receive file(s) from <188.185.206.170:42659>
	1073741824  -  Run Bytes Sent By Job
	10906  -  Run Bytes Received By Job
...
012 (7248319.000.000) 10/01 20:11:35 Job was held.
	Error from slot1_11@b9p06p8650.cern.ch: STARTER at 188.185.206.170 failed to send file(s) to <137.138.55.115:9618>: |Error: sending file /pool/condor/dir_1090855/_condor_stdout: max total download bytes exceeded (max=1024 MB, this file=23982 MB); SHADOW failed to receive file(s) from <188.185.206.170:42659>
	Code 33 Subcode 0
...
009 (7248319.000.000) 10/01 20:12:36 Job was aborted.
	Job removed by SYSTEM_PERIODIC_REMOVE due to Job attempted to transfer out more than 1GB of data.

	Job terminated by itself at 2024-10-01T18:11:07Z (using method 0: OF_ITS_OWN_ACCORD).
...
000 (7307680.000.000) 10/04 16:29:56 Job submitted from host: <137.138.55.115:9618?addrs=137.138.55.115-9618+[2001-1458-d00-17--12a]-9618&alias=bigbird23.cern.ch&noUDP&sock=schedd_4975_03c1>
...
040 (7307680.000.000) 10/04 16:31:37 Started transferring input files
	Transferring to host: <128.142.248.94:9618?addrs=128.142.248.94-9618+[2001-1458-301-73--100-14e]-9618&alias=b9g23p2790.cern.ch&noUDP&sock=slot1_20_3359_7822_34626>
...
040 (7307680.000.000) 10/04 16:31:37 Finished transferring input files
...
001 (7307680.000.000) 10/04 16:31:38 Job executing on host: <128.142.248.94:9618?addrs=128.142.248.94-9618+[2001-1458-301-73--100-14e]-9618&alias=b9g23p2790.cern.ch&noUDP&sock=startd_3310_f691>
	SlotName: slot1_20@b9g23p2790.cern.ch
	CondorScratchDir = "/pool/condor/dir_1758910"
	Cpus = 1
	Disk = 2970705
	Memory = 2000
...
006 (7307680.000.000) 10/04 16:31:47 Image size of job updated: 540988
	529  -  MemoryUsage of job (MB)
	540732  -  ResidentSetSize of job (KB)
...
006 (7307680.000.000) 10/04 16:36:48 Image size of job updated: 1221280
	1150  -  MemoryUsage of job (MB)
	1176960  -  ResidentSetSize of job (KB)
...
006 (7307680.000.000) 10/04 16:41:49 Image size of job updated: 1361896
	1324  -  MemoryUsage of job (MB)
	1355228  -  ResidentSetSize of job (KB)
...
006 (7307680.000.000) 10/04 16:46:49 Image size of job updated: 1600616
	1514  -  MemoryUsage of job (MB)
	1549876  -  ResidentSetSize of job (KB)
...
006 (7307680.000.000) 10/04 16:51:50 Image size of job updated: 1725744
	1522  -  MemoryUsage of job (MB)
	1558068  -  ResidentSetSize of job (KB)
...
006 (7307680.000.000) 10/04 16:56:50 Image size of job updated: 1725744
	1567  -  MemoryUsage of job (MB)
	1603732  -  ResidentSetSize of job (KB)
...
006 (7307680.000.000) 10/04 17:01:50 Image size of job updated: 1803480
	1638  -  MemoryUsage of job (MB)
	1676360  -  ResidentSetSize of job (KB)
...
006 (7307680.000.000) 10/04 17:06:51 Image size of job updated: 2316868
	2208  -  MemoryUsage of job (MB)
	2260628  -  ResidentSetSize of job (KB)
...
006 (7307680.000.000) 10/04 17:11:52 Image size of job updated: 2443588
	2283  -  MemoryUsage of job (MB)
	2337360  -  ResidentSetSize of job (KB)
...
006 (7307680.000.000) 10/04 17:16:52 Image size of job updated: 2619560
	2389  -  MemoryUsage of job (MB)
	2446048  -  ResidentSetSize of job (KB)
...
006 (7307680.000.000) 10/04 17:21:53 Image size of job updated: 2728772
	2661  -  MemoryUsage of job (MB)
	2724784  -  ResidentSetSize of job (KB)
...
006 (7307680.000.000) 10/04 17:26:54 Image size of job updated: 3012508
	2793  -  MemoryUsage of job (MB)
	2859652  -  ResidentSetSize of job (KB)
...
006 (7307680.000.000) 10/04 17:31:54 Image size of job updated: 3137592
	2931  -  MemoryUsage of job (MB)
	3001088  -  ResidentSetSize of job (KB)
...
006 (7307680.000.000) 10/04 17:36:54 Image size of job updated: 3226760
	2975  -  MemoryUsage of job (MB)
	3045536  -  ResidentSetSize of job (KB)
...
006 (7307680.000.000) 10/04 17:41:55 Image size of job updated: 3309784
	3192  -  MemoryUsage of job (MB)
	3267664  -  ResidentSetSize of job (KB)
...
006 (7307680.000.000) 10/04 17:46:56 Image size of job updated: 3425228
	3340  -  MemoryUsage of job (MB)
	3419960  -  ResidentSetSize of job (KB)
...
006 (7307680.000.000) 10/04 17:51:56 Image size of job updated: 3544832
	3342  -  MemoryUsage of job (MB)
	3422008  -  ResidentSetSize of job (KB)
...
006 (7307680.000.000) 10/04 17:56:57 Image size of job updated: 3704456
	3425  -  MemoryUsage of job (MB)
	3506944  -  ResidentSetSize of job (KB)
...
006 (7307680.000.000) 10/04 18:01:58 Image size of job updated: 3798668
	3529  -  MemoryUsage of job (MB)
	3613260  -  ResidentSetSize of job (KB)
...
006 (7307680.000.000) 10/05 05:03:06 Image size of job updated: 3963952
	3654  -  MemoryUsage of job (MB)
	3740844  -  ResidentSetSize of job (KB)
...
006 (7307680.000.000) 10/06 00:00:05 Image size of job updated: 3975224
	3654  -  MemoryUsage of job (MB)
	3740844  -  ResidentSetSize of job (KB)
...
006 (7307680.000.000) 10/06 00:05:06 Image size of job updated: 3981428
	3654  -  MemoryUsage of job (MB)
	3740844  -  ResidentSetSize of job (KB)
...
006 (7307680.000.000) 10/06 00:10:06 Image size of job updated: 4000432
	3654  -  MemoryUsage of job (MB)
	3740844  -  ResidentSetSize of job (KB)
...
006 (7307680.000.000) 10/06 00:15:07 Image size of job updated: 4044076
	3742  -  MemoryUsage of job (MB)
	3831588  -  ResidentSetSize of job (KB)
...
006 (7307680.000.000) 10/06 00:20:07 Image size of job updated: 4061588
	3750  -  MemoryUsage of job (MB)
	3839780  -  ResidentSetSize of job (KB)
...
006 (7307680.000.000) 10/06 00:25:07 Image size of job updated: 4098552
	3750  -  MemoryUsage of job (MB)
	3839780  -  ResidentSetSize of job (KB)
...
006 (7307680.000.000) 10/06 00:35:09 Image size of job updated: 4108528
	3750  -  MemoryUsage of job (MB)
	3839780  -  ResidentSetSize of job (KB)
...
006 (7307680.000.000) 10/06 00:40:09 Image size of job updated: 4113716
	3941  -  MemoryUsage of job (MB)
	4034900  -  ResidentSetSize of job (KB)
...
006 (7307680.000.000) 10/06 00:45:10 Image size of job updated: 4130424
	3947  -  MemoryUsage of job (MB)
	4041044  -  ResidentSetSize of job (KB)
...
006 (7307680.000.000) 10/06 00:50:11 Image size of job updated: 4136076
	3947  -  MemoryUsage of job (MB)
	4041044  -  ResidentSetSize of job (KB)
...
006 (7307680.000.000) 10/06 00:55:11 Image size of job updated: 4152556
	3947  -  MemoryUsage of job (MB)
	4041044  -  ResidentSetSize of job (KB)
...
006 (7307680.000.000) 10/06 01:00:12 Image size of job updated: 4173388
	3991  -  MemoryUsage of job (MB)
	4086008  -  ResidentSetSize of job (KB)
...
006 (7307680.000.000) 10/06 01:05:13 Image size of job updated: 4193884
	3997  -  MemoryUsage of job (MB)
	4092152  -  ResidentSetSize of job (KB)
...
006 (7307680.000.000) 10/06 01:10:13 Image size of job updated: 4196456
	3997  -  MemoryUsage of job (MB)
	4092152  -  ResidentSetSize of job (KB)
...
006 (7307680.000.000) 10/06 01:15:14 Image size of job updated: 4208980
	3997  -  MemoryUsage of job (MB)
	4092152  -  ResidentSetSize of job (KB)
...
006 (7307680.000.000) 10/06 01:20:15 Image size of job updated: 4213344
	3997  -  MemoryUsage of job (MB)
	4092152  -  ResidentSetSize of job (KB)
...
006 (7307680.000.000) 10/06 01:25:15 Image size of job updated: 4223656
	3997  -  MemoryUsage of job (MB)
	4092152  -  ResidentSetSize of job (KB)
...
006 (7307680.000.000) 10/06 01:30:15 Image size of job updated: 4294588
	3997  -  MemoryUsage of job (MB)
	4092152  -  ResidentSetSize of job (KB)
...
006 (7307680.000.000) 10/06 01:35:16 Image size of job updated: 4378444
	3997  -  MemoryUsage of job (MB)
	4092152  -  ResidentSetSize of job (KB)
...
006 (7307680.000.000) 10/06 01:50:17 Image size of job updated: 4378444
	4257  -  MemoryUsage of job (MB)
	4358652  -  ResidentSetSize of job (KB)
...
006 (7307680.000.000) 10/06 01:55:17 Image size of job updated: 4426464
	4261  -  MemoryUsage of job (MB)
	4362748  -  ResidentSetSize of job (KB)
...
006 (7307680.000.000) 10/06 02:00:17 Image size of job updated: 4448496
	4261  -  MemoryUsage of job (MB)
	4362748  -  ResidentSetSize of job (KB)
...
006 (7307680.000.000) 10/06 02:05:18 Image size of job updated: 4448840
	4261  -  MemoryUsage of job (MB)
	4362748  -  ResidentSetSize of job (KB)
...
006 (7307680.000.000) 10/06 02:10:19 Image size of job updated: 4460236
	4261  -  MemoryUsage of job (MB)
	4362748  -  ResidentSetSize of job (KB)
...
006 (7307680.000.000) 10/06 02:15:19 Image size of job updated: 4466380
	4341  -  MemoryUsage of job (MB)
	4444420  -  ResidentSetSize of job (KB)
...
006 (7307680.000.000) 10/06 02:20:20 Image size of job updated: 4468080
	4346  -  MemoryUsage of job (MB)
	4449284  -  ResidentSetSize of job (KB)
...
006 (7307680.000.000) 10/06 12:06:23 Image size of job updated: 4565052
	4346  -  MemoryUsage of job (MB)
	4449284  -  ResidentSetSize of job (KB)
...
006 (7307680.000.000) 10/06 12:11:23 Image size of job updated: 4671592
	4346  -  MemoryUsage of job (MB)
	4449284  -  ResidentSetSize of job (KB)
...
006 (7307680.000.000) 10/06 12:16:24 Image size of job updated: 4680696
	4346  -  MemoryUsage of job (MB)
	4449284  -  ResidentSetSize of job (KB)
...
006 (7307680.000.000) 10/06 12:36:27 Image size of job updated: 4686012
	4346  -  MemoryUsage of job (MB)
	4449284  -  ResidentSetSize of job (KB)
...
006 (7307680.000.000) 10/06 12:41:27 Image size of job updated: 4696928
	4346  -  MemoryUsage of job (MB)
	4449284  -  ResidentSetSize of job (KB)
...
006 (7307680.000.000) 10/06 12:46:27 Image size of job updated: 4709784
	4346  -  MemoryUsage of job (MB)
	4449284  -  ResidentSetSize of job (KB)
...
006 (7307680.000.000) 10/06 12:51:28 Image size of job updated: 4729528
	4346  -  MemoryUsage of job (MB)
	4449284  -  ResidentSetSize of job (KB)
...
006 (7307680.000.000) 10/06 12:56:28 Image size of job updated: 4755404
	4346  -  MemoryUsage of job (MB)
	4449284  -  ResidentSetSize of job (KB)
...
006 (7307680.000.000) 10/06 13:01:28 Image size of job updated: 4758460
	4346  -  MemoryUsage of job (MB)
	4449284  -  ResidentSetSize of job (KB)
...
006 (7307680.000.000) 10/06 13:06:29 Image size of job updated: 4763764
	4347  -  MemoryUsage of job (MB)
	4450520  -  ResidentSetSize of job (KB)
...
006 (7307680.000.000) 10/06 13:11:30 Image size of job updated: 4808060
	4347  -  MemoryUsage of job (MB)
	4450520  -  ResidentSetSize of job (KB)
...
006 (7307680.000.000) 10/06 13:16:30 Image size of job updated: 4881008
	4347  -  MemoryUsage of job (MB)
	4450520  -  ResidentSetSize of job (KB)
...
006 (7307680.000.000) 10/06 13:21:31 Image size of job updated: 4924364
	4661  -  MemoryUsage of job (MB)
	4772816  -  ResidentSetSize of job (KB)
...
006 (7307680.000.000) 10/06 13:26:31 Image size of job updated: 4924364
	4665  -  MemoryUsage of job (MB)
	4776912  -  ResidentSetSize of job (KB)
...
006 (7307680.000.000) 10/06 13:31:31 Image size of job updated: 4930844
	4665  -  MemoryUsage of job (MB)
	4776912  -  ResidentSetSize of job (KB)
...
006 (7307680.000.000) 10/06 13:36:32 Image size of job updated: 4992556
	4665  -  MemoryUsage of job (MB)
	4776912  -  ResidentSetSize of job (KB)
...
006 (7307680.000.000) 10/06 13:41:33 Image size of job updated: 5048540
	4786  -  MemoryUsage of job (MB)
	4900360  -  ResidentSetSize of job (KB)
...
006 (7307680.000.000) 10/06 13:46:33 Image size of job updated: 5048540
	4788  -  MemoryUsage of job (MB)
	4902408  -  ResidentSetSize of job (KB)
...
006 (7307680.000.000) 10/06 13:51:34 Image size of job updated: 5059876
	4788  -  MemoryUsage of job (MB)
	4902408  -  ResidentSetSize of job (KB)
...
006 (7307680.000.000) 10/06 13:56:35 Image size of job updated: 5086888
	4788  -  MemoryUsage of job (MB)
	4902408  -  ResidentSetSize of job (KB)
...
006 (7307680.000.000) 10/06 14:01:35 Image size of job updated: 5088248
	4788  -  MemoryUsage of job (MB)
	4902408  -  ResidentSetSize of job (KB)
...
006 (7307680.000.000) 10/06 14:06:36 Image size of job updated: 5113936
	4834  -  MemoryUsage of job (MB)
	4949372  -  ResidentSetSize of job (KB)
...
006 (7307680.000.000) 10/06 14:11:37 Image size of job updated: 5117500
	4840  -  MemoryUsage of job (MB)
	4955516  -  ResidentSetSize of job (KB)
...
006 (7307680.000.000) 10/06 14:16:37 Image size of job updated: 5132492
	4840  -  MemoryUsage of job (MB)
	4955516  -  ResidentSetSize of job (KB)
...
006 (7307680.000.000) 10/06 14:21:37 Image size of job updated: 5141204
	4840  -  MemoryUsage of job (MB)
	4955516  -  ResidentSetSize of job (KB)
...
006 (7307680.000.000) 10/06 14:26:38 Image size of job updated: 5146480
	4840  -  MemoryUsage of job (MB)
	4955516  -  ResidentSetSize of job (KB)
...
006 (7307680.000.000) 10/06 14:31:38 Image size of job updated: 5164396
	4840  -  MemoryUsage of job (MB)
	4955516  -  ResidentSetSize of job (KB)
...
006 (7307680.000.000) 10/06 14:36:38 Image size of job updated: 5169492
	4840  -  MemoryUsage of job (MB)
	4955516  -  ResidentSetSize of job (KB)
...
006 (7307680.000.000) 10/06 14:41:39 Image size of job updated: 5178100
	4840  -  MemoryUsage of job (MB)
	4955516  -  ResidentSetSize of job (KB)
...
006 (7307680.000.000) 10/06 14:46:40 Image size of job updated: 5180652
	4840  -  MemoryUsage of job (MB)
	4955516  -  ResidentSetSize of job (KB)
...
006 (7307680.000.000) 10/06 14:51:40 Image size of job updated: 5186504
	4927  -  MemoryUsage of job (MB)
	5044684  -  ResidentSetSize of job (KB)
...
006 (7307680.000.000) 10/06 14:56:41 Image size of job updated: 5203188
	4927  -  MemoryUsage of job (MB)
	5044684  -  ResidentSetSize of job (KB)
...
006 (7307680.000.000) 10/06 15:01:42 Image size of job updated: 5227512
	4927  -  MemoryUsage of job (MB)
	5044684  -  ResidentSetSize of job (KB)
...
006 (7307680.000.000) 10/06 15:06:42 Image size of job updated: 5232940
	4927  -  MemoryUsage of job (MB)
	5044684  -  ResidentSetSize of job (KB)
...
006 (7307680.000.000) 10/06 15:11:42 Image size of job updated: 5241124
	4927  -  MemoryUsage of job (MB)
	5044684  -  ResidentSetSize of job (KB)
...
006 (7307680.000.000) 10/06 15:16:43 Image size of job updated: 5249268
	4927  -  MemoryUsage of job (MB)
	5044684  -  ResidentSetSize of job (KB)
...
006 (7307680.000.000) 10/06 15:21:43 Image size of job updated: 5255304
	4927  -  MemoryUsage of job (MB)
	5044684  -  ResidentSetSize of job (KB)
...
006 (7307680.000.000) 10/06 15:26:43 Image size of job updated: 5264600
	4943  -  MemoryUsage of job (MB)
	5060992  -  ResidentSetSize of job (KB)
...
006 (7307680.000.000) 10/06 15:31:45 Image size of job updated: 5275360
	4947  -  MemoryUsage of job (MB)
	5065088  -  ResidentSetSize of job (KB)
...
006 (7307680.000.000) 10/06 15:36:45 Image size of job updated: 5306392
	4947  -  MemoryUsage of job (MB)
	5065088  -  ResidentSetSize of job (KB)
...
006 (7307680.000.000) 10/06 15:41:45 Image size of job updated: 5339180
	4947  -  MemoryUsage of job (MB)
	5065088  -  ResidentSetSize of job (KB)
...
006 (7307680.000.000) 10/06 15:46:46 Image size of job updated: 5341192
	4947  -  MemoryUsage of job (MB)
	5065088  -  ResidentSetSize of job (KB)
...
006 (7307680.000.000) 10/06 15:51:47 Image size of job updated: 5356068
	4947  -  MemoryUsage of job (MB)
	5065088  -  ResidentSetSize of job (KB)
...
006 (7307680.000.000) 10/06 15:56:47 Image size of job updated: 5392012
	5257  -  MemoryUsage of job (MB)
	5382452  -  ResidentSetSize of job (KB)
...
006 (7307680.000.000) 10/06 16:01:48 Image size of job updated: 5410256
	5263  -  MemoryUsage of job (MB)
	5388596  -  ResidentSetSize of job (KB)
...
006 (7307680.000.000) 10/06 16:06:49 Image size of job updated: 5429376
	5263  -  MemoryUsage of job (MB)
	5388596  -  ResidentSetSize of job (KB)
...
006 (7307680.000.000) 10/06 16:11:49 Image size of job updated: 5432216
	5263  -  MemoryUsage of job (MB)
	5388596  -  ResidentSetSize of job (KB)
...
006 (7307680.000.000) 10/06 16:16:49 Image size of job updated: 5444884
	5263  -  MemoryUsage of job (MB)
	5388596  -  ResidentSetSize of job (KB)
...
006 (7307680.000.000) 10/06 16:21:50 Image size of job updated: 5456104
	5263  -  MemoryUsage of job (MB)
	5388596  -  ResidentSetSize of job (KB)
...
006 (7307680.000.000) 10/06 16:26:50 Image size of job updated: 5486364
	5263  -  MemoryUsage of job (MB)
	5388596  -  ResidentSetSize of job (KB)
...
006 (7307680.000.000) 10/06 16:31:50 Image size of job updated: 5522464
	5263  -  MemoryUsage of job (MB)
	5388596  -  ResidentSetSize of job (KB)
...
006 (7307680.000.000) 10/06 16:36:51 Image size of job updated: 5527136
	5263  -  MemoryUsage of job (MB)
	5388596  -  ResidentSetSize of job (KB)
...
006 (7307680.000.000) 10/06 16:41:51 Image size of job updated: 5541396
	5263  -  MemoryUsage of job (MB)
	5388596  -  ResidentSetSize of job (KB)
...
006 (7307680.000.000) 10/06 16:46:51 Image size of job updated: 5563236
	5263  -  MemoryUsage of job (MB)
	5388596  -  ResidentSetSize of job (KB)
...
006 (7307680.000.000) 10/06 16:51:52 Image size of job updated: 5584932
	5263  -  MemoryUsage of job (MB)
	5388596  -  ResidentSetSize of job (KB)
...
006 (7307680.000.000) 10/06 16:56:52 Image size of job updated: 5594980
	5263  -  MemoryUsage of job (MB)
	5388596  -  ResidentSetSize of job (KB)
...
006 (7307680.000.000) 10/06 17:01:52 Image size of job updated: 5600224
	5263  -  MemoryUsage of job (MB)
	5388596  -  ResidentSetSize of job (KB)
...
006 (7307680.000.000) 10/06 17:06:53 Image size of job updated: 5613436
	5263  -  MemoryUsage of job (MB)
	5388596  -  ResidentSetSize of job (KB)
...
006 (7307680.000.000) 10/06 17:11:53 Image size of job updated: 5633128
	5263  -  MemoryUsage of job (MB)
	5388596  -  ResidentSetSize of job (KB)
...
006 (7307680.000.000) 10/06 17:16:53 Image size of job updated: 5639784
	5263  -  MemoryUsage of job (MB)
	5388596  -  ResidentSetSize of job (KB)
...
006 (7307680.000.000) 10/06 17:21:54 Image size of job updated: 5646260
	5263  -  MemoryUsage of job (MB)
	5388596  -  ResidentSetSize of job (KB)
...
006 (7307680.000.000) 10/06 17:26:55 Image size of job updated: 5654452
	5399  -  MemoryUsage of job (MB)
	5528100  -  ResidentSetSize of job (KB)
...
006 (7307680.000.000) 10/06 17:31:55 Image size of job updated: 5664896
	5403  -  MemoryUsage of job (MB)
	5532196  -  ResidentSetSize of job (KB)
...
006 (7307680.000.000) 10/06 17:36:56 Image size of job updated: 5670616
	5403  -  MemoryUsage of job (MB)
	5532196  -  ResidentSetSize of job (KB)
...
006 (7307680.000.000) 10/06 17:41:57 Image size of job updated: 5675872
	5403  -  MemoryUsage of job (MB)
	5532196  -  ResidentSetSize of job (KB)
...
006 (7307680.000.000) 10/06 17:46:57 Image size of job updated: 5686280
	5403  -  MemoryUsage of job (MB)
	5532196  -  ResidentSetSize of job (KB)
...
006 (7307680.000.000) 10/06 17:51:57 Image size of job updated: 5694384
	5403  -  MemoryUsage of job (MB)
	5532196  -  ResidentSetSize of job (KB)
...
006 (7307680.000.000) 10/06 17:56:58 Image size of job updated: 5711624
	5403  -  MemoryUsage of job (MB)
	5532196  -  ResidentSetSize of job (KB)
...
006 (7307680.000.000) 10/06 18:01:58 Image size of job updated: 5764332
	5403  -  MemoryUsage of job (MB)
	5532196  -  ResidentSetSize of job (KB)
...
006 (7307680.000.000) 10/06 18:06:58 Image size of job updated: 5821188
	5403  -  MemoryUsage of job (MB)
	5532196  -  ResidentSetSize of job (KB)
...
006 (7307680.000.000) 10/06 18:11:59 Image size of job updated: 5821188
	5512  -  MemoryUsage of job (MB)
	5643284  -  ResidentSetSize of job (KB)
...
006 (7307680.000.000) 10/06 18:17:00 Image size of job updated: 5821188
	5516  -  MemoryUsage of job (MB)
	5647380  -  ResidentSetSize of job (KB)
...
006 (7307680.000.000) 10/06 18:22:00 Image size of job updated: 5825792
	5516  -  MemoryUsage of job (MB)
	5647380  -  ResidentSetSize of job (KB)
...
006 (7307680.000.000) 10/06 18:27:01 Image size of job updated: 5837252
	5516  -  MemoryUsage of job (MB)
	5647380  -  ResidentSetSize of job (KB)
...
006 (7307680.000.000) 10/06 18:32:02 Image size of job updated: 5871192
	5516  -  MemoryUsage of job (MB)
	5647380  -  ResidentSetSize of job (KB)
...
006 (7307680.000.000) 10/06 18:37:02 Image size of job updated: 5880312
	5516  -  MemoryUsage of job (MB)
	5647380  -  ResidentSetSize of job (KB)
...
006 (7307680.000.000) 10/06 18:42:02 Image size of job updated: 5892208
	5516  -  MemoryUsage of job (MB)
	5647380  -  ResidentSetSize of job (KB)
...
006 (7307680.000.000) 10/06 18:47:03 Image size of job updated: 5899888
	5516  -  MemoryUsage of job (MB)
	5647380  -  ResidentSetSize of job (KB)
...
006 (7307680.000.000) 10/06 18:52:03 Image size of job updated: 5908292
	5516  -  MemoryUsage of job (MB)
	5647380  -  ResidentSetSize of job (KB)
...
006 (7307680.000.000) 10/06 18:57:03 Image size of job updated: 5916052
	5516  -  MemoryUsage of job (MB)
	5647380  -  ResidentSetSize of job (KB)
...
006 (7307680.000.000) 10/06 19:02:03 Image size of job updated: 5923876
	5562  -  MemoryUsage of job (MB)
	5694516  -  ResidentSetSize of job (KB)
...
006 (7307680.000.000) 10/06 19:07:04 Image size of job updated: 5936356
	5566  -  MemoryUsage of job (MB)
	5698612  -  ResidentSetSize of job (KB)
...
006 (7307680.000.000) 10/06 19:12:04 Image size of job updated: 5955628
	5566  -  MemoryUsage of job (MB)
	5698612  -  ResidentSetSize of job (KB)
...
006 (7307680.000.000) 10/06 19:17:04 Image size of job updated: 5957088
	5566  -  MemoryUsage of job (MB)
	5698612  -  ResidentSetSize of job (KB)
...
006 (7307680.000.000) 10/06 19:22:05 Image size of job updated: 5991276
	5566  -  MemoryUsage of job (MB)
	5698612  -  ResidentSetSize of job (KB)
...
006 (7307680.000.000) 10/06 19:27:06 Image size of job updated: 6004816
	5638  -  MemoryUsage of job (MB)
	5773012  -  ResidentSetSize of job (KB)
...
006 (7307680.000.000) 10/06 19:32:06 Image size of job updated: 6005076
	5644  -  MemoryUsage of job (MB)
	5779156  -  ResidentSetSize of job (KB)
...
006 (7307680.000.000) 10/06 19:37:07 Image size of job updated: 6023608
	5644  -  MemoryUsage of job (MB)
	5779156  -  ResidentSetSize of job (KB)
...
006 (7307680.000.000) 10/06 19:42:08 Image size of job updated: 6040844
	5644  -  MemoryUsage of job (MB)
	5779156  -  ResidentSetSize of job (KB)
...
006 (7307680.000.000) 10/06 19:47:08 Image size of job updated: 6060824
	5644  -  MemoryUsage of job (MB)
	5779156  -  ResidentSetSize of job (KB)
...
006 (7307680.000.000) 10/06 19:52:08 Image size of job updated: 6066036
	5644  -  MemoryUsage of job (MB)
	5779156  -  ResidentSetSize of job (KB)
...
006 (7307680.000.000) 10/06 19:57:09 Image size of job updated: 6075472
	5644  -  MemoryUsage of job (MB)
	5779156  -  ResidentSetSize of job (KB)
...
006 (7307680.000.000) 10/06 20:02:09 Image size of job updated: 6085596
	5644  -  MemoryUsage of job (MB)
	5779156  -  ResidentSetSize of job (KB)
...
006 (7307680.000.000) 10/06 20:07:09 Image size of job updated: 6105988
	5644  -  MemoryUsage of job (MB)
	5779156  -  ResidentSetSize of job (KB)
...
006 (7307680.000.000) 10/06 20:12:10 Image size of job updated: 6115724
	5644  -  MemoryUsage of job (MB)
	5779156  -  ResidentSetSize of job (KB)
...
006 (7307680.000.000) 10/06 20:17:10 Image size of job updated: 6124588
	5676  -  MemoryUsage of job (MB)
	5812112  -  ResidentSetSize of job (KB)
...
006 (7307680.000.000) 10/06 20:22:10 Image size of job updated: 6129908
	5832  -  MemoryUsage of job (MB)
	5971292  -  ResidentSetSize of job (KB)
...
006 (7307680.000.000) 10/06 20:27:11 Image size of job updated: 6137292
	5838  -  MemoryUsage of job (MB)
	5977436  -  ResidentSetSize of job (KB)
...
006 (7307680.000.000) 10/06 20:32:12 Image size of job updated: 6145020
	5838  -  MemoryUsage of job (MB)
	5977436  -  ResidentSetSize of job (KB)
...
006 (7307680.000.000) 10/06 20:37:12 Image size of job updated: 6149996
	5838  -  MemoryUsage of job (MB)
	5977436  -  ResidentSetSize of job (KB)
...
006 (7307680.000.000) 10/06 20:42:13 Image size of job updated: 6178500
	5970  -  MemoryUsage of job (MB)
	6112368  -  ResidentSetSize of job (KB)
...
006 (7307680.000.000) 10/06 20:47:14 Image size of job updated: 6188436
	5972  -  MemoryUsage of job (MB)
	6114672  -  ResidentSetSize of job (KB)
...
006 (7307680.000.000) 10/06 20:52:14 Image size of job updated: 6215372
	5972  -  MemoryUsage of job (MB)
	6114672  -  ResidentSetSize of job (KB)
...
006 (7307680.000.000) 10/06 20:57:15 Image size of job updated: 6217052
	5972  -  MemoryUsage of job (MB)
	6114672  -  ResidentSetSize of job (KB)
...
006 (7307680.000.000) 10/06 21:02:15 Image size of job updated: 6227668
	5972  -  MemoryUsage of job (MB)
	6114672  -  ResidentSetSize of job (KB)
...
006 (7307680.000.000) 10/06 21:07:15 Image size of job updated: 6240992
	5972  -  MemoryUsage of job (MB)
	6114672  -  ResidentSetSize of job (KB)
...
006 (7307680.000.000) 10/06 21:12:16 Image size of job updated: 6253412
	5980  -  MemoryUsage of job (MB)
	6122596  -  ResidentSetSize of job (KB)
...
006 (7307680.000.000) 10/06 21:17:16 Image size of job updated: 6301272
	5992  -  MemoryUsage of job (MB)
	6134884  -  ResidentSetSize of job (KB)
...
006 (7307680.000.000) 10/06 21:22:16 Image size of job updated: 6376112
	5992  -  MemoryUsage of job (MB)
	6134884  -  ResidentSetSize of job (KB)
...
006 (7307680.000.000) 10/06 21:27:17 Image size of job updated: 6436068
	5992  -  MemoryUsage of job (MB)
	6134884  -  ResidentSetSize of job (KB)
...
006 (7307680.000.000) 10/06 21:32:17 Image size of job updated: 6454760
	6024  -  MemoryUsage of job (MB)
	6167908  -  ResidentSetSize of job (KB)
...
006 (7307680.000.000) 10/06 21:37:17 Image size of job updated: 6454760
	6071  -  MemoryUsage of job (MB)
	6216176  -  ResidentSetSize of job (KB)
...
006 (7307680.000.000) 10/06 21:42:18 Image size of job updated: 6464896
	6071  -  MemoryUsage of job (MB)
	6216176  -  ResidentSetSize of job (KB)
...
006 (7307680.000.000) 10/06 21:47:19 Image size of job updated: 6476160
	6071  -  MemoryUsage of job (MB)
	6216176  -  ResidentSetSize of job (KB)
...
006 (7307680.000.000) 10/06 21:52:19 Image size of job updated: 6482068
	6071  -  MemoryUsage of job (MB)
	6216176  -  ResidentSetSize of job (KB)
...
006 (7307680.000.000) 10/06 21:57:20 Image size of job updated: 6512716
	6071  -  MemoryUsage of job (MB)
	6216176  -  ResidentSetSize of job (KB)
...
006 (7307680.000.000) 10/06 22:02:21 Image size of job updated: 6518424
	6081  -  MemoryUsage of job (MB)
	6226152  -  ResidentSetSize of job (KB)
...
006 (7307680.000.000) 10/06 22:07:21 Image size of job updated: 6540212
	6081  -  MemoryUsage of job (MB)
	6226152  -  ResidentSetSize of job (KB)
...
006 (7307680.000.000) 10/06 22:12:21 Image size of job updated: 6545832
	6081  -  MemoryUsage of job (MB)
	6226152  -  ResidentSetSize of job (KB)
...
006 (7307680.000.000) 10/06 22:17:22 Image size of job updated: 6552696
	6174  -  MemoryUsage of job (MB)
	6321736  -  ResidentSetSize of job (KB)
...
006 (7307680.000.000) 10/06 22:22:22 Image size of job updated: 6558232
	6201  -  MemoryUsage of job (MB)
	6348868  -  ResidentSetSize of job (KB)
...
006 (7307680.000.000) 10/06 22:27:22 Image size of job updated: 6564044
	6205  -  MemoryUsage of job (MB)
	6352964  -  ResidentSetSize of job (KB)
...
006 (7307680.000.000) 10/06 22:32:24 Image size of job updated: 6592572
	6205  -  MemoryUsage of job (MB)
	6352964  -  ResidentSetSize of job (KB)
...
006 (7307680.000.000) 10/06 22:37:24 Image size of job updated: 6611436
	6205  -  MemoryUsage of job (MB)
	6352964  -  ResidentSetSize of job (KB)
...
006 (7307680.000.000) 10/06 22:42:24 Image size of job updated: 6612384
	6205  -  MemoryUsage of job (MB)
	6352964  -  ResidentSetSize of job (KB)
...
006 (7307680.000.000) 10/06 22:47:25 Image size of job updated: 6621640
	6205  -  MemoryUsage of job (MB)
	6352964  -  ResidentSetSize of job (KB)
...
006 (7307680.000.000) 10/06 22:52:26 Image size of job updated: 6633012
	6205  -  MemoryUsage of job (MB)
	6352964  -  ResidentSetSize of job (KB)
...
006 (7307680.000.000) 10/06 22:57:26 Image size of job updated: 6640072
	6354  -  MemoryUsage of job (MB)
	6506088  -  ResidentSetSize of job (KB)
...
006 (7307680.000.000) 10/06 23:02:27 Image size of job updated: 6645236
	6354  -  MemoryUsage of job (MB)
	6506088  -  ResidentSetSize of job (KB)
...
006 (7307680.000.000) 10/06 23:07:28 Image size of job updated: 6656148
	6354  -  MemoryUsage of job (MB)
	6506088  -  ResidentSetSize of job (KB)
...
006 (7307680.000.000) 10/06 23:12:28 Image size of job updated: 6672076
	6354  -  MemoryUsage of job (MB)
	6506088  -  ResidentSetSize of job (KB)
...
006 (7307680.000.000) 10/06 23:17:28 Image size of job updated: 6706888
	6527  -  MemoryUsage of job (MB)
	6683540  -  ResidentSetSize of job (KB)
...
006 (7307680.000.000) 10/06 23:22:29 Image size of job updated: 6713664
	6532  -  MemoryUsage of job (MB)
	6687892  -  ResidentSetSize of job (KB)
...
006 (7307680.000.000) 10/06 23:27:29 Image size of job updated: 6726072
	6532  -  MemoryUsage of job (MB)
	6687892  -  ResidentSetSize of job (KB)
...
006 (7307680.000.000) 10/06 23:32:29 Image size of job updated: 6739948
	6532  -  MemoryUsage of job (MB)
	6687892  -  ResidentSetSize of job (KB)
...
006 (7307680.000.000) 10/06 23:37:30 Image size of job updated: 6755356
	6532  -  MemoryUsage of job (MB)
	6687892  -  ResidentSetSize of job (KB)
...
006 (7307680.000.000) 10/06 23:42:31 Image size of job updated: 6765160
	6532  -  MemoryUsage of job (MB)
	6687892  -  ResidentSetSize of job (KB)
...
006 (7307680.000.000) 10/06 23:47:31 Image size of job updated: 6775260
	6580  -  MemoryUsage of job (MB)
	6737588  -  ResidentSetSize of job (KB)
...
006 (7307680.000.000) 10/06 23:52:32 Image size of job updated: 6797360
	6592  -  MemoryUsage of job (MB)
	6749876  -  ResidentSetSize of job (KB)
...
006 (7307680.000.000) 10/06 23:57:33 Image size of job updated: 6797548
	6592  -  MemoryUsage of job (MB)
	6749876  -  ResidentSetSize of job (KB)
...
006 (7307680.000.000) 10/07 00:02:33 Image size of job updated: 6803948
	6592  -  MemoryUsage of job (MB)
	6749876  -  ResidentSetSize of job (KB)
...
006 (7307680.000.000) 10/07 00:07:34 Image size of job updated: 6811660
	6592  -  MemoryUsage of job (MB)
	6749876  -  ResidentSetSize of job (KB)
...
006 (7307680.000.000) 10/07 00:12:34 Image size of job updated: 6833624
	6592  -  MemoryUsage of job (MB)
	6749876  -  ResidentSetSize of job (KB)
...
006 (7307680.000.000) 10/07 00:17:34 Image size of job updated: 6835504
	6592  -  MemoryUsage of job (MB)
	6749876  -  ResidentSetSize of job (KB)
...
006 (7307680.000.000) 10/07 00:22:35 Image size of job updated: 6859432
	6592  -  MemoryUsage of job (MB)
	6749876  -  ResidentSetSize of job (KB)
...
006 (7307680.000.000) 10/07 00:27:35 Image size of job updated: 6863540
	6592  -  MemoryUsage of job (MB)
	6749876  -  ResidentSetSize of job (KB)
...
006 (7307680.000.000) 10/07 00:32:36 Image size of job updated: 6868248
	6592  -  MemoryUsage of job (MB)
	6749876  -  ResidentSetSize of job (KB)
...
006 (7307680.000.000) 10/07 00:37:36 Image size of job updated: 6878732
	6592  -  MemoryUsage of job (MB)
	6749876  -  ResidentSetSize of job (KB)
...
006 (7307680.000.000) 10/07 00:42:36 Image size of job updated: 6900460
	6592  -  MemoryUsage of job (MB)
	6749876  -  ResidentSetSize of job (KB)
...
006 (7307680.000.000) 10/07 00:47:38 Image size of job updated: 6925340
	6592  -  MemoryUsage of job (MB)
	6749876  -  ResidentSetSize of job (KB)
...
006 (7307680.000.000) 10/07 00:52:38 Image size of job updated: 6926096
	6669  -  MemoryUsage of job (MB)
	6828956  -  ResidentSetSize of job (KB)
...
006 (7307680.000.000) 10/07 00:57:38 Image size of job updated: 6946960
	6675  -  MemoryUsage of job (MB)
	6835100  -  ResidentSetSize of job (KB)
...
006 (7307680.000.000) 10/07 01:02:39 Image size of job updated: 6952932
	6675  -  MemoryUsage of job (MB)
	6835100  -  ResidentSetSize of job (KB)
...
006 (7307680.000.000) 10/07 01:07:40 Image size of job updated: 6958196
	6675  -  MemoryUsage of job (MB)
	6835100  -  ResidentSetSize of job (KB)
...
006 (7307680.000.000) 10/07 01:12:40 Image size of job updated: 6964288
	6675  -  MemoryUsage of job (MB)
	6835100  -  ResidentSetSize of job (KB)
...
006 (7307680.000.000) 10/07 01:17:41 Image size of job updated: 6971480
	6675  -  MemoryUsage of job (MB)
	6835100  -  ResidentSetSize of job (KB)
...
006 (7307680.000.000) 10/07 01:22:42 Image size of job updated: 6986156
	6675  -  MemoryUsage of job (MB)
	6835100  -  ResidentSetSize of job (KB)
...
006 (7307680.000.000) 10/07 01:27:42 Image size of job updated: 6993640
	6741  -  MemoryUsage of job (MB)
	6902396  -  ResidentSetSize of job (KB)
...
006 (7307680.000.000) 10/07 01:32:42 Image size of job updated: 6998072
	6747  -  MemoryUsage of job (MB)
	6908540  -  ResidentSetSize of job (KB)
...
006 (7307680.000.000) 10/07 01:37:43 Image size of job updated: 7001900
	6747  -  MemoryUsage of job (MB)
	6908540  -  ResidentSetSize of job (KB)
...
006 (7307680.000.000) 10/07 01:42:43 Image size of job updated: 7021652
	6747  -  MemoryUsage of job (MB)
	6908540  -  ResidentSetSize of job (KB)
...
006 (7307680.000.000) 10/07 01:47:43 Image size of job updated: 7024512
	6747  -  MemoryUsage of job (MB)
	6908540  -  ResidentSetSize of job (KB)
...
006 (7307680.000.000) 10/07 01:52:44 Image size of job updated: 7055468
	6747  -  MemoryUsage of job (MB)
	6908540  -  ResidentSetSize of job (KB)
...
006 (7307680.000.000) 10/07 01:57:45 Image size of job updated: 7060484
	6747  -  MemoryUsage of job (MB)
	6908540  -  ResidentSetSize of job (KB)
...
006 (7307680.000.000) 10/07 02:02:45 Image size of job updated: 7129068
	6854  -  MemoryUsage of job (MB)
	7018064  -  ResidentSetSize of job (KB)
...
006 (7307680.000.000) 10/07 02:07:46 Image size of job updated: 7151000
	6858  -  MemoryUsage of job (MB)
	7022160  -  ResidentSetSize of job (KB)
...
006 (7307680.000.000) 10/07 02:17:47 Image size of job updated: 7157536
	6858  -  MemoryUsage of job (MB)
	7022160  -  ResidentSetSize of job (KB)
...
006 (7307680.000.000) 10/07 02:22:47 Image size of job updated: 7168336
	6858  -  MemoryUsage of job (MB)
	7022160  -  ResidentSetSize of job (KB)
...
006 (7307680.000.000) 10/07 02:27:48 Image size of job updated: 7175448
	6858  -  MemoryUsage of job (MB)
	7022160  -  ResidentSetSize of job (KB)
...
006 (7307680.000.000) 10/07 02:32:48 Image size of job updated: 7190668
	6858  -  MemoryUsage of job (MB)
	7022160  -  ResidentSetSize of job (KB)
...
006 (7307680.000.000) 10/07 02:37:49 Image size of job updated: 7196964
	6858  -  MemoryUsage of job (MB)
	7022160  -  ResidentSetSize of job (KB)
...
006 (7307680.000.000) 10/07 02:42:50 Image size of job updated: 7203116
	6858  -  MemoryUsage of job (MB)
	7022160  -  ResidentSetSize of job (KB)
...
006 (7307680.000.000) 10/07 02:47:50 Image size of job updated: 7206344
	6858  -  MemoryUsage of job (MB)
	7022160  -  ResidentSetSize of job (KB)
...
006 (7307680.000.000) 10/07 02:52:50 Image size of job updated: 7248388
	6858  -  MemoryUsage of job (MB)
	7022160  -  ResidentSetSize of job (KB)
...
006 (7307680.000.000) 10/07 03:12:52 Image size of job updated: 7249476
	6858  -  MemoryUsage of job (MB)
	7022160  -  ResidentSetSize of job (KB)
...
006 (7307680.000.000) 10/07 03:17:53 Image size of job updated: 7250548
	6858  -  MemoryUsage of job (MB)
	7022160  -  ResidentSetSize of job (KB)
...
006 (7307680.000.000) 10/07 03:22:53 Image size of job updated: 7254104
	6959  -  MemoryUsage of job (MB)
	7125324  -  ResidentSetSize of job (KB)
...
006 (7307680.000.000) 10/07 03:27:54 Image size of job updated: 7259236
	6959  -  MemoryUsage of job (MB)
	7125324  -  ResidentSetSize of job (KB)
...
006 (7307680.000.000) 10/07 03:32:54 Image size of job updated: 7264308
	6959  -  MemoryUsage of job (MB)
	7125324  -  ResidentSetSize of job (KB)
...
006 (7307680.000.000) 10/07 03:37:54 Image size of job updated: 7273884
	6959  -  MemoryUsage of job (MB)
	7125324  -  ResidentSetSize of job (KB)
...
006 (7307680.000.000) 10/07 03:42:56 Image size of job updated: 7284908
	6959  -  MemoryUsage of job (MB)
	7125324  -  ResidentSetSize of job (KB)
...
006 (7307680.000.000) 10/07 03:47:56 Image size of job updated: 7287624
	6959  -  MemoryUsage of job (MB)
	7125324  -  ResidentSetSize of job (KB)
...
006 (7307680.000.000) 10/07 03:52:56 Image size of job updated: 7295280
	6959  -  MemoryUsage of job (MB)
	7125324  -  ResidentSetSize of job (KB)
...
006 (7307680.000.000) 10/07 03:57:57 Image size of job updated: 7314880
	6959  -  MemoryUsage of job (MB)
	7125324  -  ResidentSetSize of job (KB)
...
006 (7307680.000.000) 10/07 04:02:58 Image size of job updated: 7321752
	6959  -  MemoryUsage of job (MB)
	7125324  -  ResidentSetSize of job (KB)
...
006 (7307680.000.000) 10/07 04:07:58 Image size of job updated: 7335052
	6959  -  MemoryUsage of job (MB)
	7125324  -  ResidentSetSize of job (KB)
...
006 (7307680.000.000) 10/07 04:12:59 Image size of job updated: 7341492
	6959  -  MemoryUsage of job (MB)
	7125324  -  ResidentSetSize of job (KB)
...
006 (7307680.000.000) 10/07 04:18:00 Image size of job updated: 7355164
	6959  -  MemoryUsage of job (MB)
	7125324  -  ResidentSetSize of job (KB)
...
006 (7307680.000.000) 10/07 04:23:00 Image size of job updated: 7392428
	7135  -  MemoryUsage of job (MB)
	7305240  -  ResidentSetSize of job (KB)
...
006 (7307680.000.000) 10/07 04:28:00 Image size of job updated: 7419460
	7141  -  MemoryUsage of job (MB)
	7311384  -  ResidentSetSize of job (KB)
...
006 (7307680.000.000) 10/07 04:38:01 Image size of job updated: 7455200
	7141  -  MemoryUsage of job (MB)
	7311384  -  ResidentSetSize of job (KB)
...
006 (7307680.000.000) 10/07 04:43:01 Image size of job updated: 7490420
	7141  -  MemoryUsage of job (MB)
	7311384  -  ResidentSetSize of job (KB)
...
006 (7307680.000.000) 10/07 04:53:02 Image size of job updated: 7494324
	7141  -  MemoryUsage of job (MB)
	7311384  -  ResidentSetSize of job (KB)
...
006 (7307680.000.000) 10/07 04:58:02 Image size of job updated: 7513412
	7163  -  MemoryUsage of job (MB)
	7334780  -  ResidentSetSize of job (KB)
...
006 (7307680.000.000) 10/07 05:03:03 Image size of job updated: 7518924
	7195  -  MemoryUsage of job (MB)
	7367548  -  ResidentSetSize of job (KB)
...
006 (7307680.000.000) 10/07 05:08:03 Image size of job updated: 7529308
	7195  -  MemoryUsage of job (MB)
	7367548  -  ResidentSetSize of job (KB)
...
006 (7307680.000.000) 10/07 05:13:03 Image size of job updated: 7536388
	7195  -  MemoryUsage of job (MB)
	7367548  -  ResidentSetSize of job (KB)
...
006 (7307680.000.000) 10/07 05:18:04 Image size of job updated: 7544496
	7195  -  MemoryUsage of job (MB)
	7367548  -  ResidentSetSize of job (KB)
...
006 (7307680.000.000) 10/07 05:23:04 Image size of job updated: 7568992
	7195  -  MemoryUsage of job (MB)
	7367548  -  ResidentSetSize of job (KB)
...
006 (7307680.000.000) 10/07 05:28:04 Image size of job updated: 7572172
	7195  -  MemoryUsage of job (MB)
	7367548  -  ResidentSetSize of job (KB)
...
006 (7307680.000.000) 10/07 05:33:05 Image size of job updated: 7586216
	7195  -  MemoryUsage of job (MB)
	7367548  -  ResidentSetSize of job (KB)
...
006 (7307680.000.000) 10/07 05:38:05 Image size of job updated: 7598780
	7405  -  MemoryUsage of job (MB)
	7582344  -  ResidentSetSize of job (KB)
...
006 (7307680.000.000) 10/07 05:43:05 Image size of job updated: 7608908
	7405  -  MemoryUsage of job (MB)
	7582344  -  ResidentSetSize of job (KB)
...
006 (7307680.000.000) 10/07 05:48:07 Image size of job updated: 7656108
	7405  -  MemoryUsage of job (MB)
	7582344  -  ResidentSetSize of job (KB)
...
006 (7307680.000.000) 10/07 05:53:07 Image size of job updated: 7679296
	7405  -  MemoryUsage of job (MB)
	7582344  -  ResidentSetSize of job (KB)
...
006 (7307680.000.000) 10/07 05:58:07 Image size of job updated: 7687848
	7405  -  MemoryUsage of job (MB)
	7582344  -  ResidentSetSize of job (KB)
...
006 (7307680.000.000) 10/07 06:03:08 Image size of job updated: 7700604
	7405  -  MemoryUsage of job (MB)
	7582344  -  ResidentSetSize of job (KB)
...
006 (7307680.000.000) 10/07 06:08:09 Image size of job updated: 7705488
	7405  -  MemoryUsage of job (MB)
	7582344  -  ResidentSetSize of job (KB)
...
006 (7307680.000.000) 10/07 06:13:09 Image size of job updated: 7713712
	7405  -  MemoryUsage of job (MB)
	7582344  -  ResidentSetSize of job (KB)
...
006 (7307680.000.000) 10/07 06:18:10 Image size of job updated: 7726032
	7405  -  MemoryUsage of job (MB)
	7582344  -  ResidentSetSize of job (KB)
...
006 (7307680.000.000) 10/07 06:23:11 Image size of job updated: 7742660
	7405  -  MemoryUsage of job (MB)
	7582344  -  ResidentSetSize of job (KB)
...
006 (7307680.000.000) 10/07 06:28:11 Image size of job updated: 7747324
	7405  -  MemoryUsage of job (MB)
	7582344  -  ResidentSetSize of job (KB)
...
006 (7307680.000.000) 10/07 06:33:11 Image size of job updated: 7797604
	7405  -  MemoryUsage of job (MB)
	7582344  -  ResidentSetSize of job (KB)
...
006 (7307680.000.000) 10/07 06:38:12 Image size of job updated: 7803680
	7405  -  MemoryUsage of job (MB)
	7582344  -  ResidentSetSize of job (KB)
...
006 (7307680.000.000) 10/07 06:43:12 Image size of job updated: 7826708
	7405  -  MemoryUsage of job (MB)
	7582344  -  ResidentSetSize of job (KB)
...
006 (7307680.000.000) 10/07 06:48:12 Image size of job updated: 7850072
	7405  -  MemoryUsage of job (MB)
	7582344  -  ResidentSetSize of job (KB)
...
006 (7307680.000.000) 10/07 06:53:13 Image size of job updated: 7857496
	7405  -  MemoryUsage of job (MB)
	7582344  -  ResidentSetSize of job (KB)
...
006 (7307680.000.000) 10/07 06:58:13 Image size of job updated: 7870308
	7405  -  MemoryUsage of job (MB)
	7582344  -  ResidentSetSize of job (KB)
...
006 (7307680.000.000) 10/07 07:03:13 Image size of job updated: 7884572
	7405  -  MemoryUsage of job (MB)
	7582344  -  ResidentSetSize of job (KB)
...
006 (7307680.000.000) 10/07 07:08:14 Image size of job updated: 7901468
	7405  -  MemoryUsage of job (MB)
	7582344  -  ResidentSetSize of job (KB)
...
006 (7307680.000.000) 10/07 07:13:14 Image size of job updated: 7911912
	7639  -  MemoryUsage of job (MB)
	7821420  -  ResidentSetSize of job (KB)
...
006 (7307680.000.000) 10/07 07:18:15 Image size of job updated: 7916300
	7643  -  MemoryUsage of job (MB)
	7825772  -  ResidentSetSize of job (KB)
...
006 (7307680.000.000) 10/07 07:23:16 Image size of job updated: 7922956
	7643  -  MemoryUsage of job (MB)
	7825772  -  ResidentSetSize of job (KB)
...
006 (7307680.000.000) 10/07 07:28:16 Image size of job updated: 7934420
	7643  -  MemoryUsage of job (MB)
	7825772  -  ResidentSetSize of job (KB)
...
006 (7307680.000.000) 10/07 07:33:17 Image size of job updated: 7943248
	7643  -  MemoryUsage of job (MB)
	7825772  -  ResidentSetSize of job (KB)
...
006 (7307680.000.000) 10/07 07:38:18 Image size of job updated: 7960408
	7643  -  MemoryUsage of job (MB)
	7825772  -  ResidentSetSize of job (KB)
...
006 (7307680.000.000) 10/07 07:43:18 Image size of job updated: 7969004
	7643  -  MemoryUsage of job (MB)
	7825772  -  ResidentSetSize of job (KB)
...
006 (7307680.000.000) 10/07 07:48:18 Image size of job updated: 7975172
	7643  -  MemoryUsage of job (MB)
	7825772  -  ResidentSetSize of job (KB)
...
006 (7307680.000.000) 10/07 07:53:19 Image size of job updated: 8015800
	7643  -  MemoryUsage of job (MB)
	7825772  -  ResidentSetSize of job (KB)
...
006 (7307680.000.000) 10/07 07:58:19 Image size of job updated: 8022088
	7643  -  MemoryUsage of job (MB)
	7825772  -  ResidentSetSize of job (KB)
...
006 (7307680.000.000) 10/07 08:03:19 Image size of job updated: 8038728
	7643  -  MemoryUsage of job (MB)
	7825772  -  ResidentSetSize of job (KB)
...
006 (7307680.000.000) 10/07 08:08:20 Image size of job updated: 8069704
	7643  -  MemoryUsage of job (MB)
	7825772  -  ResidentSetSize of job (KB)
...
006 (7307680.000.000) 10/07 08:13:21 Image size of job updated: 8084604
	7643  -  MemoryUsage of job (MB)
	7825772  -  ResidentSetSize of job (KB)
...
006 (7307680.000.000) 10/07 08:18:21 Image size of job updated: 8097204
	7643  -  MemoryUsage of job (MB)
	7825772  -  ResidentSetSize of job (KB)
...
006 (7307680.000.000) 10/07 08:23:22 Image size of job updated: 8102008
	7643  -  MemoryUsage of job (MB)
	7825772  -  ResidentSetSize of job (KB)
...
006 (7307680.000.000) 10/07 08:28:23 Image size of job updated: 8105628
	7643  -  MemoryUsage of job (MB)
	7825772  -  ResidentSetSize of job (KB)
...
006 (7307680.000.000) 10/07 08:33:23 Image size of job updated: 8113100
	7643  -  MemoryUsage of job (MB)
	7825772  -  ResidentSetSize of job (KB)
...
006 (7307680.000.000) 10/07 08:38:23 Image size of job updated: 8116812
	7643  -  MemoryUsage of job (MB)
	7825772  -  ResidentSetSize of job (KB)
...
006 (7307680.000.000) 10/07 08:43:24 Image size of job updated: 8122456
	7643  -  MemoryUsage of job (MB)
	7825772  -  ResidentSetSize of job (KB)
...
006 (7307680.000.000) 10/07 08:48:24 Image size of job updated: 8138848
	7643  -  MemoryUsage of job (MB)
	7825772  -  ResidentSetSize of job (KB)
...
006 (7307680.000.000) 10/07 08:53:25 Image size of job updated: 8165240
	7643  -  MemoryUsage of job (MB)
	7825772  -  ResidentSetSize of job (KB)
...
006 (7307680.000.000) 10/07 08:58:26 Image size of job updated: 8180840
	7643  -  MemoryUsage of job (MB)
	7825772  -  ResidentSetSize of job (KB)
...
006 (7307680.000.000) 10/07 09:03:26 Image size of job updated: 8182308
	7643  -  MemoryUsage of job (MB)
	7825772  -  ResidentSetSize of job (KB)
...
006 (7307680.000.000) 10/07 09:08:26 Image size of job updated: 8186688
	7643  -  MemoryUsage of job (MB)
	7825772  -  ResidentSetSize of job (KB)
...
006 (7307680.000.000) 10/07 09:13:27 Image size of job updated: 8207564
	7643  -  MemoryUsage of job (MB)
	7825772  -  ResidentSetSize of job (KB)
...
006 (7307680.000.000) 10/07 09:18:27 Image size of job updated: 8214920
	7643  -  MemoryUsage of job (MB)
	7825772  -  ResidentSetSize of job (KB)
...
006 (7307680.000.000) 10/07 09:23:28 Image size of job updated: 8219472
	7643  -  MemoryUsage of job (MB)
	7825772  -  ResidentSetSize of job (KB)
...
006 (7307680.000.000) 10/07 09:28:29 Image size of job updated: 8238540
	7643  -  MemoryUsage of job (MB)
	7825772  -  ResidentSetSize of job (KB)
...
006 (7307680.000.000) 10/07 09:33:29 Image size of job updated: 8260064
	7643  -  MemoryUsage of job (MB)
	7825772  -  ResidentSetSize of job (KB)
...
006 (7307680.000.000) 10/07 09:38:30 Image size of job updated: 8274772
	7643  -  MemoryUsage of job (MB)
	7825772  -  ResidentSetSize of job (KB)
...
006 (7307680.000.000) 10/07 09:43:31 Image size of job updated: 8289384
	7759  -  MemoryUsage of job (MB)
	7944380  -  ResidentSetSize of job (KB)
...
006 (7307680.000.000) 10/07 09:48:31 Image size of job updated: 8305100
	7845  -  MemoryUsage of job (MB)
	8032728  -  ResidentSetSize of job (KB)
...
006 (7307680.000.000) 10/07 09:53:32 Image size of job updated: 8327500
	8122  -  MemoryUsage of job (MB)
	8316376  -  ResidentSetSize of job (KB)
...
006 (7307680.000.000) 10/07 09:58:33 Image size of job updated: 8333176
	8122  -  MemoryUsage of job (MB)
	8316376  -  ResidentSetSize of job (KB)
...
006 (7307680.000.000) 10/07 10:03:33 Image size of job updated: 8339240
	8122  -  MemoryUsage of job (MB)
	8316376  -  ResidentSetSize of job (KB)
...
006 (7307680.000.000) 10/07 10:08:34 Image size of job updated: 8347840
	8122  -  MemoryUsage of job (MB)
	8316376  -  ResidentSetSize of job (KB)
...
006 (7307680.000.000) 10/07 10:13:35 Image size of job updated: 8358172
	8122  -  MemoryUsage of job (MB)
	8316376  -  ResidentSetSize of job (KB)
...
006 (7307680.000.000) 10/07 10:18:36 Image size of job updated: 8367296
	8122  -  MemoryUsage of job (MB)
	8316376  -  ResidentSetSize of job (KB)
...
006 (7307680.000.000) 10/07 10:23:36 Image size of job updated: 8386500
	8122  -  MemoryUsage of job (MB)
	8316376  -  ResidentSetSize of job (KB)
...
006 (7307680.000.000) 10/07 10:28:36 Image size of job updated: 8388832
	8122  -  MemoryUsage of job (MB)
	8316376  -  ResidentSetSize of job (KB)
...
006 (7307680.000.000) 10/08 21:29:03 Image size of job updated: 10728992
	8122  -  MemoryUsage of job (MB)
	8316376  -  ResidentSetSize of job (KB)
...
040 (7307680.000.000) 10/08 21:29:03 Started transferring output files
...
040 (7307680.000.000) 10/08 21:30:03 Finished transferring output files
...
007 (7307680.000.000) 10/08 21:30:03 Shadow exception!
	Error from slot1_20@b9g23p2790.cern.ch: STARTER at 128.142.248.94 failed to send file(s) to <137.138.55.115:9618>: |Error: sending file /pool/condor/dir_1758910/_condor_stdout: max total download bytes exceeded (max=1024 MB, this file=23982 MB); SHADOW failed to receive file(s) from <128.142.248.94:33537>
	1073741824  -  Run Bytes Sent By Job
	10916  -  Run Bytes Received By Job
...
012 (7307680.000.000) 10/08 21:30:03 Job was held.
	Error from slot1_20@b9g23p2790.cern.ch: STARTER at 128.142.248.94 failed to send file(s) to <137.138.55.115:9618>: |Error: sending file /pool/condor/dir_1758910/_condor_stdout: max total download bytes exceeded (max=1024 MB, this file=23982 MB); SHADOW failed to receive file(s) from <128.142.248.94:33537>
	Code 33 Subcode 0
...
009 (7307680.000.000) 10/08 21:30:50 Job was aborted.
	Job removed by SYSTEM_PERIODIC_REMOVE due to Job attempted to transfer out more than 1GB of data.

	Job terminated by itself at 2024-10-08T19:29:03Z (using method 0: OF_ITS_OWN_ACCORD).
...
000 (7405466.000.000) 10/23 15:46:43 Job submitted from host: <137.138.55.115:9618?addrs=137.138.55.115-9618+[2001-1458-d00-17--12a]-9618&alias=bigbird23.cern.ch&noUDP&sock=schedd_4975_03c1>
...
040 (7405466.000.000) 10/23 15:52:07 Started transferring input files
	Transferring to host: <188.185.196.14:9618?addrs=188.185.196.14-9618+[2001-1458-303-23--100-a]-9618&alias=b9p16p9211.cern.ch&noUDP&sock=slot1_11_798489_7c2f_18793>
...
040 (7405466.000.000) 10/23 15:52:07 Finished transferring input files
...
001 (7405466.000.000) 10/23 15:52:08 Job executing on host: <188.185.196.14:9618?addrs=188.185.196.14-9618+[2001-1458-303-23--100-a]-9618&alias=b9p16p9211.cern.ch&noUDP&sock=startd_5164_a727>
	SlotName: slot1_11@b9p16p9211.cern.ch
	CondorScratchDir = "/pool/condor/dir_1898249"
	Cpus = 1
	Disk = 2972159
	Memory = 2000
...
006 (7405466.000.000) 10/23 15:52:16 Image size of job updated: 102356
	100  -  MemoryUsage of job (MB)
	101748  -  ResidentSetSize of job (KB)
...
006 (7405466.000.000) 10/23 15:52:29 Image size of job updated: 420740
	240  -  MemoryUsage of job (MB)
	245240  -  ResidentSetSize of job (KB)
...
040 (7405466.000.000) 10/23 15:52:30 Started transferring output files
...
040 (7405466.000.000) 10/23 15:53:01 Finished transferring output files
...
005 (7405466.000.000) 10/23 15:53:01 Job terminated.
	(1) Normal termination (return value 1)
		Usr 0 00:00:04, Sys 0 00:00:01  -  Run Remote Usage
		Usr 0 00:00:00, Sys 0 00:00:00  -  Run Local Usage
		Usr 0 00:00:04, Sys 0 00:00:01  -  Total Remote Usage
		Usr 0 00:00:00, Sys 0 00:00:00  -  Total Local Usage
	5939  -  Run Bytes Sent By Job
	10916  -  Run Bytes Received By Job
	5939  -  Total Bytes Sent By Job
	10916  -  Total Bytes Received By Job
	Partitionable Resources :    Usage  Request Allocated 
	   Cpus                 :        0        1         1 
	   Disk (KB)            :       38       12   2972159 
	   Memory (MB)          :      240     2000      2000 

	Job terminated of its own accord at 2024-10-23T13:52:29Z with exit-code 1.
...
000 (7405503.000.000) 10/23 17:22:33 Job submitted from host: <137.138.55.115:9618?addrs=137.138.55.115-9618+[2001-1458-d00-17--12a]-9618&alias=bigbird23.cern.ch&noUDP&sock=schedd_4975_03c1>
...
040 (7405503.000.000) 10/23 17:26:08 Started transferring input files
	Transferring to host: <188.185.206.195:9618?addrs=188.185.206.195-9618+[2001-1458-303-c--100-40]-9618&alias=b9p06p8468.cern.ch&noUDP&sock=slot1_29_3630_69cd_72386>
...
040 (7405503.000.000) 10/23 17:26:08 Finished transferring input files
...
001 (7405503.000.000) 10/23 17:26:09 Job executing on host: <188.185.206.195:9618?addrs=188.185.206.195-9618+[2001-1458-303-c--100-40]-9618&alias=b9p06p8468.cern.ch&noUDP&sock=startd_3587_f64d>
	SlotName: slot1_29@b9p06p8468.cern.ch
	CondorScratchDir = "/pool/condor/dir_3342483"
	Cpus = 1
	Disk = 2677333
	Memory = 2000
...
006 (7405503.000.000) 10/23 17:26:18 Image size of job updated: 316052
	309  -  MemoryUsage of job (MB)
	316036  -  ResidentSetSize of job (KB)
...
006 (7405503.000.000) 10/23 17:31:19 Image size of job updated: 1639960
	1545  -  MemoryUsage of job (MB)
	1581548  -  ResidentSetSize of job (KB)
...
006 (7405503.000.000) 10/23 17:36:19 Image size of job updated: 2572068
	2423  -  MemoryUsage of job (MB)
	2480456  -  ResidentSetSize of job (KB)
...
006 (7405503.000.000) 10/23 17:41:20 Image size of job updated: 3220812
	3032  -  MemoryUsage of job (MB)
	3104340  -  ResidentSetSize of job (KB)
...
006 (7405503.000.000) 10/23 17:46:21 Image size of job updated: 3570388
	3125  -  MemoryUsage of job (MB)
	3199820  -  ResidentSetSize of job (KB)
...
006 (7405503.000.000) 10/23 17:51:21 Image size of job updated: 3742428
	3525  -  MemoryUsage of job (MB)
	3609524  -  ResidentSetSize of job (KB)
...
006 (7405503.000.000) 10/23 17:56:22 Image size of job updated: 4034628
	3932  -  MemoryUsage of job (MB)
	4026076  -  ResidentSetSize of job (KB)
...
006 (7405503.000.000) 10/23 18:01:22 Image size of job updated: 4406292
	4211  -  MemoryUsage of job (MB)
	4311080  -  ResidentSetSize of job (KB)
...
006 (7405503.000.000) 10/23 18:06:22 Image size of job updated: 4742028
	4418  -  MemoryUsage of job (MB)
	4523496  -  ResidentSetSize of job (KB)
...
006 (7405503.000.000) 10/23 18:11:22 Image size of job updated: 5206316
	4914  -  MemoryUsage of job (MB)
	5031388  -  ResidentSetSize of job (KB)
...
006 (7405503.000.000) 10/23 18:16:23 Image size of job updated: 5501068
	5285  -  MemoryUsage of job (MB)
	5411676  -  ResidentSetSize of job (KB)
...
006 (7405503.000.000) 10/23 18:21:24 Image size of job updated: 5712780
	5450  -  MemoryUsage of job (MB)
	5580792  -  ResidentSetSize of job (KB)
...
006 (7405503.000.000) 10/23 18:26:24 Image size of job updated: 6116940
	5702  -  MemoryUsage of job (MB)
	5838444  -  ResidentSetSize of job (KB)
...
006 (7405503.000.000) 10/23 18:31:25 Image size of job updated: 6439640
	6092  -  MemoryUsage of job (MB)
	6237564  -  ResidentSetSize of job (KB)
...
006 (7405503.000.000) 10/23 18:36:26 Image size of job updated: 6878520
	6622  -  MemoryUsage of job (MB)
	6780900  -  ResidentSetSize of job (KB)
...
006 (7405503.000.000) 10/23 18:41:26 Image size of job updated: 7059104
	6840  -  MemoryUsage of job (MB)
	7003448  -  ResidentSetSize of job (KB)
...
006 (7405503.000.000) 10/23 18:46:27 Image size of job updated: 7274472
	6924  -  MemoryUsage of job (MB)
	7089200  -  ResidentSetSize of job (KB)
...
006 (7405503.000.000) 10/23 18:51:28 Image size of job updated: 7496124
	7026  -  MemoryUsage of job (MB)
	7194208  -  ResidentSetSize of job (KB)
...
006 (7405503.000.000) 10/23 18:56:28 Image size of job updated: 7795932
	7596  -  MemoryUsage of job (MB)
	7778272  -  ResidentSetSize of job (KB)
...
006 (7405503.000.000) 10/23 19:01:28 Image size of job updated: 8039792
	7596  -  MemoryUsage of job (MB)
	7778272  -  ResidentSetSize of job (KB)
...
006 (7405503.000.000) 10/23 19:06:28 Image size of job updated: 8354240
	7983  -  MemoryUsage of job (MB)
	8174152  -  ResidentSetSize of job (KB)
...
006 (7405503.000.000) 10/23 19:11:29 Image size of job updated: 8600488
	8187  -  MemoryUsage of job (MB)
	8383112  -  ResidentSetSize of job (KB)
...
006 (7405503.000.000) 10/23 19:16:29 Image size of job updated: 8787336
	8187  -  MemoryUsage of job (MB)
	8383112  -  ResidentSetSize of job (KB)
...
040 (7405503.000.000) 10/24 11:43:00 Started transferring output files
...
040 (7405503.000.000) 10/24 11:43:57 Finished transferring output files
...
007 (7405503.000.000) 10/24 11:43:57 Shadow exception!
	Error from slot1_29@b9p06p8468.cern.ch: STARTER at 188.185.206.195 failed to send file(s) to <137.138.55.115:9618>: |Error: sending file /pool/condor/dir_3342483/_condor_stdout: max total download bytes exceeded (max=1024 MB, this file=23982 MB); SHADOW failed to receive file(s) from <188.185.206.195:43203>
	1073741824  -  Run Bytes Sent By Job
	10916  -  Run Bytes Received By Job
...
012 (7405503.000.000) 10/24 11:43:57 Job was held.
	Error from slot1_29@b9p06p8468.cern.ch: STARTER at 188.185.206.195 failed to send file(s) to <137.138.55.115:9618>: |Error: sending file /pool/condor/dir_3342483/_condor_stdout: max total download bytes exceeded (max=1024 MB, this file=23982 MB); SHADOW failed to receive file(s) from <188.185.206.195:43203>
	Code 33 Subcode 0
...
009 (7405503.000.000) 10/24 11:44:33 Job was aborted.
	Job removed by SYSTEM_PERIODIC_REMOVE due to Job attempted to transfer out more than 1GB of data.

	Job terminated by itself at 2024-10-24T09:43:00Z (using method 0: OF_ITS_OWN_ACCORD).
...
000 (7406872.000.000) 10/24 14:50:29 Job submitted from host: <137.138.55.115:9618?addrs=137.138.55.115-9618+[2001-1458-d00-17--12a]-9618&alias=bigbird23.cern.ch&noUDP&sock=schedd_4975_03c1>
...
040 (7406872.000.000) 10/24 15:01:20 Started transferring input files
	Transferring to host: <128.142.131.121:9618?addrs=128.142.131.121-9618+[2001-1458-301-59--100-6d]-9618&alias=b9g11p3373.cern.ch&noUDP&sock=slot1_5_54978_b975_222174>
...
040 (7406872.000.000) 10/24 15:01:20 Finished transferring input files
...
001 (7406872.000.000) 10/24 15:01:21 Job executing on host: <128.142.131.121:9618?addrs=128.142.131.121-9618+[2001-1458-301-59--100-6d]-9618&alias=b9g11p3373.cern.ch&noUDP&sock=startd_2676_1786>
	SlotName: slot1_5@b9g11p3373.cern.ch
	CondorScratchDir = "/pool/condor/dir_258673"
	Cpus = 1
	Disk = 1715191
	Memory = 2000
...
006 (7406872.000.000) 10/24 15:01:30 Image size of job updated: 400264
	391  -  MemoryUsage of job (MB)
	400264  -  ResidentSetSize of job (KB)
...
006 (7406872.000.000) 10/24 15:06:31 Image size of job updated: 680492
	665  -  MemoryUsage of job (MB)
	680492  -  ResidentSetSize of job (KB)
...
006 (7406872.000.000) 10/24 15:11:32 Image size of job updated: 686972
	674  -  MemoryUsage of job (MB)
	689196  -  ResidentSetSize of job (KB)
...
006 (7406872.000.000) 10/24 15:16:32 Image size of job updated: 743176
	726  -  MemoryUsage of job (MB)
	743176  -  ResidentSetSize of job (KB)
...
006 (7406872.000.000) 10/24 15:21:33 Image size of job updated: 743176
	732  -  MemoryUsage of job (MB)
	749320  -  ResidentSetSize of job (KB)
...
006 (7406872.000.000) 10/24 17:01:42 Image size of job updated: 770944
	753  -  MemoryUsage of job (MB)
	770944  -  ResidentSetSize of job (KB)
...
006 (7406872.000.000) 10/24 17:06:42 Image size of job updated: 770944
	759  -  MemoryUsage of job (MB)
	777088  -  ResidentSetSize of job (KB)
...
006 (7406872.000.000) 10/24 17:16:42 Image size of job updated: 773060
	759  -  MemoryUsage of job (MB)
	777088  -  ResidentSetSize of job (KB)
...
006 (7406872.000.000) 10/24 17:21:43 Image size of job updated: 773060
	761  -  MemoryUsage of job (MB)
	779204  -  ResidentSetSize of job (KB)
...
040 (7406872.000.000) 10/24 17:26:50 Started transferring output files
...
040 (7406872.000.000) 10/24 17:26:50 Finished transferring output files
...
004 (7406872.000.000) 10/24 17:26:50 Job was evicted.
	(0) CPU times
		Usr 0 01:20:48, Sys 0 01:03:21  -  Run Remote Usage
		Usr 0 00:00:00, Sys 0 00:00:00  -  Run Local Usage
	4666  -  Run Bytes Sent By Job
	10916  -  Run Bytes Received By Job
	Partitionable Resources :    Usage  Request Allocated 
	   Cpus                 :     0.99        1         1 
	   Disk (KB)            :    37          12   1715191 
	   Memory (MB)          :   761        2000      2000 
...
009 (7406872.000.000) 10/24 17:26:50 Job was aborted.
	via condor_rm (by user fsalerno)
...
000 (7406994.000.000) 10/24 17:31:08 Job submitted from host: <137.138.55.115:9618?addrs=137.138.55.115-9618+[2001-1458-d00-17--12a]-9618&alias=bigbird23.cern.ch&noUDP&sock=schedd_4975_03c1>
...
000 (7406997.000.000) 10/24 17:34:23 Job submitted from host: <137.138.55.115:9618?addrs=137.138.55.115-9618+[2001-1458-d00-17--12a]-9618&alias=bigbird23.cern.ch&noUDP&sock=schedd_4975_03c1>
...
040 (7406997.000.000) 10/24 17:36:11 Started transferring input files
	Transferring to host: <128.142.137.89:9618?addrs=128.142.137.89-9618+[2001-1458-301-5e--100-4d]-9618&alias=b9g19p7816.cern.ch&noUDP&sock=slot1_18_137075_7cdf_133065>
...
040 (7406994.000.000) 10/24 17:36:11 Started transferring input files
	Transferring to host: <128.142.131.52:9618?addrs=128.142.131.52-9618+[2001-1458-301-59--100-28]-9618&alias=b9g11p4714.cern.ch&noUDP&sock=slot1_18_2481048_8314_48374>
...
040 (7406997.000.000) 10/24 17:36:11 Finished transferring input files
...
040 (7406994.000.000) 10/24 17:36:11 Finished transferring input files
...
001 (7406997.000.000) 10/24 17:36:12 Job executing on host: <128.142.137.89:9618?addrs=128.142.137.89-9618+[2001-1458-301-5e--100-4d]-9618&alias=b9g19p7816.cern.ch&noUDP&sock=startd_2490_82e8>
	SlotName: slot1_18@b9g19p7816.cern.ch
	CondorScratchDir = "/pool/condor/dir_3187695"
	Cpus = 1
	Disk = 1753846
	Memory = 2000
...
001 (7406994.000.000) 10/24 17:36:12 Job executing on host: <128.142.131.52:9618?addrs=128.142.131.52-9618+[2001-1458-301-59--100-28]-9618&alias=b9g11p4714.cern.ch&noUDP&sock=startd_2628_2afa>
	SlotName: slot1_18@b9g11p4714.cern.ch
	CondorScratchDir = "/pool/condor/dir_4054739"
	Cpus = 1
	Disk = 1685294
	Memory = 2000
...
006 (7406997.000.000) 10/24 17:36:21 Image size of job updated: 505728
	494  -  MemoryUsage of job (MB)
	505728  -  ResidentSetSize of job (KB)
...
006 (7406994.000.000) 10/24 17:36:21 Image size of job updated: 203876
	200  -  MemoryUsage of job (MB)
	203876  -  ResidentSetSize of job (KB)
...
006 (7406997.000.000) 10/24 17:41:22 Image size of job updated: 675388
	660  -  MemoryUsage of job (MB)
	675388  -  ResidentSetSize of job (KB)
...
006 (7406994.000.000) 10/24 17:41:22 Image size of job updated: 658232
	643  -  MemoryUsage of job (MB)
	658232  -  ResidentSetSize of job (KB)
...
006 (7406997.000.000) 10/24 17:46:22 Image size of job updated: 675388
	666  -  MemoryUsage of job (MB)
	681532  -  ResidentSetSize of job (KB)
...
006 (7406994.000.000) 10/24 19:26:31 Image size of job updated: 757460
	740  -  MemoryUsage of job (MB)
	757460  -  ResidentSetSize of job (KB)
...
006 (7406994.000.000) 10/24 19:36:32 Image size of job updated: 783648
	766  -  MemoryUsage of job (MB)
	783648  -  ResidentSetSize of job (KB)
...
006 (7406994.000.000) 10/24 19:41:33 Image size of job updated: 783648
	772  -  MemoryUsage of job (MB)
	789792  -  ResidentSetSize of job (KB)
...
006 (7406994.000.000) 10/24 19:51:34 Image size of job updated: 828344
	809  -  MemoryUsage of job (MB)
	828344  -  ResidentSetSize of job (KB)
...
006 (7406994.000.000) 10/24 19:56:35 Image size of job updated: 828344
	812  -  MemoryUsage of job (MB)
	830904  -  ResidentSetSize of job (KB)
...
006 (7406997.000.000) 10/24 20:11:36 Image size of job updated: 814452
	796  -  MemoryUsage of job (MB)
	814452  -  ResidentSetSize of job (KB)
...
006 (7406994.000.000) 10/24 20:16:36 Image size of job updated: 828344
	817  -  MemoryUsage of job (MB)
	835816  -  ResidentSetSize of job (KB)
...
006 (7406997.000.000) 10/24 20:16:37 Image size of job updated: 814452
	798  -  MemoryUsage of job (MB)
	816500  -  ResidentSetSize of job (KB)
...
006 (7406994.000.000) 10/24 20:21:36 Image size of job updated: 846924
	828  -  MemoryUsage of job (MB)
	846924  -  ResidentSetSize of job (KB)
...
006 (7406994.000.000) 10/24 20:26:37 Image size of job updated: 846924
	834  -  MemoryUsage of job (MB)
	853060  -  ResidentSetSize of job (KB)
...
006 (7406994.000.000) 10/24 20:36:37 Image size of job updated: 866292
	846  -  MemoryUsage of job (MB)
	866292  -  ResidentSetSize of job (KB)
...
006 (7406994.000.000) 10/24 20:41:38 Image size of job updated: 866292
	852  -  MemoryUsage of job (MB)
	872436  -  ResidentSetSize of job (KB)
...
006 (7406997.000.000) 10/24 20:46:40 Image size of job updated: 883176
	863  -  MemoryUsage of job (MB)
	883176  -  ResidentSetSize of job (KB)
...
006 (7406994.000.000) 10/24 20:51:38 Image size of job updated: 965720
	944  -  MemoryUsage of job (MB)
	965720  -  ResidentSetSize of job (KB)
...
006 (7406997.000.000) 10/24 20:51:41 Image size of job updated: 883176
	869  -  MemoryUsage of job (MB)
	889320  -  ResidentSetSize of job (KB)
...
006 (7406994.000.000) 10/24 20:56:39 Image size of job updated: 965720
	952  -  MemoryUsage of job (MB)
	973912  -  ResidentSetSize of job (KB)
...
006 (7406997.000.000) 10/24 21:01:41 Image size of job updated: 884904
	869  -  MemoryUsage of job (MB)
	889320  -  ResidentSetSize of job (KB)
...
006 (7406997.000.000) 10/24 21:06:42 Image size of job updated: 884904
	873  -  MemoryUsage of job (MB)
	893096  -  ResidentSetSize of job (KB)
...
006 (7406997.000.000) 10/24 21:41:46 Image size of job updated: 903952
	883  -  MemoryUsage of job (MB)
	903952  -  ResidentSetSize of job (KB)
...
006 (7406997.000.000) 10/24 21:46:46 Image size of job updated: 984308
	962  -  MemoryUsage of job (MB)
	984308  -  ResidentSetSize of job (KB)
...
006 (7406997.000.000) 10/24 21:51:46 Image size of job updated: 1017144
	994  -  MemoryUsage of job (MB)
	1017144  -  ResidentSetSize of job (KB)
...
006 (7406997.000.000) 10/24 21:56:47 Image size of job updated: 1017144
	1000  -  MemoryUsage of job (MB)
	1023288  -  ResidentSetSize of job (KB)
...
006 (7406997.000.000) 10/24 22:46:52 Image size of job updated: 1034716
	1011  -  MemoryUsage of job (MB)
	1034716  -  ResidentSetSize of job (KB)
...
006 (7406997.000.000) 10/24 22:51:52 Image size of job updated: 1034716
	1017  -  MemoryUsage of job (MB)
	1040860  -  ResidentSetSize of job (KB)
...
006 (7406994.000.000) 10/24 22:56:53 Image size of job updated: 967872
	952  -  MemoryUsage of job (MB)
	973912  -  ResidentSetSize of job (KB)
...
006 (7406994.000.000) 10/24 23:01:54 Image size of job updated: 967872
	952  -  MemoryUsage of job (MB)
	974016  -  ResidentSetSize of job (KB)
...
006 (7406997.000.000) 10/24 23:26:56 Image size of job updated: 1102228
	1077  -  MemoryUsage of job (MB)
	1102228  -  ResidentSetSize of job (KB)
...
006 (7406997.000.000) 10/24 23:31:56 Image size of job updated: 1102228
	1083  -  MemoryUsage of job (MB)
	1108372  -  ResidentSetSize of job (KB)
...
006 (7406994.000.000) 10/24 23:51:59 Image size of job updated: 1099092
	1074  -  MemoryUsage of job (MB)
	1099092  -  ResidentSetSize of job (KB)
...
006 (7406994.000.000) 10/24 23:56:59 Image size of job updated: 1099092
	1078  -  MemoryUsage of job (MB)
	1103188  -  ResidentSetSize of job (KB)
...
006 (7406997.000.000) 10/25 00:32:03 Image size of job updated: 1136228
	1110  -  MemoryUsage of job (MB)
	1136228  -  ResidentSetSize of job (KB)
...
006 (7406997.000.000) 10/25 00:37:03 Image size of job updated: 1136228
	1116  -  MemoryUsage of job (MB)
	1142372  -  ResidentSetSize of job (KB)
...
006 (7406994.000.000) 10/25 00:42:03 Image size of job updated: 1138904
	1113  -  MemoryUsage of job (MB)
	1138904  -  ResidentSetSize of job (KB)
...
006 (7406997.000.000) 10/25 00:52:04 Image size of job updated: 1195028
	1168  -  MemoryUsage of job (MB)
	1195028  -  ResidentSetSize of job (KB)
...
006 (7406997.000.000) 10/25 00:57:05 Image size of job updated: 1195028
	1174  -  MemoryUsage of job (MB)
	1201172  -  ResidentSetSize of job (KB)
...
006 (7406997.000.000) 10/25 02:12:16 Image size of job updated: 1247996
	1219  -  MemoryUsage of job (MB)
	1247996  -  ResidentSetSize of job (KB)
...
006 (7406997.000.000) 10/25 02:17:16 Image size of job updated: 1247996
	1263  -  MemoryUsage of job (MB)
	1293308  -  ResidentSetSize of job (KB)
...
006 (7406994.000.000) 10/25 02:32:12 Image size of job updated: 1232228
	1204  -  MemoryUsage of job (MB)
	1232228  -  ResidentSetSize of job (KB)
...
006 (7406994.000.000) 10/25 02:37:13 Image size of job updated: 1232228
	1210  -  MemoryUsage of job (MB)
	1238372  -  ResidentSetSize of job (KB)
...
006 (7406997.000.000) 10/25 02:52:20 Image size of job updated: 1367220
	1336  -  MemoryUsage of job (MB)
	1367220  -  ResidentSetSize of job (KB)
...
006 (7406994.000.000) 10/25 04:02:22 Image size of job updated: 1302080
	1272  -  MemoryUsage of job (MB)
	1302080  -  ResidentSetSize of job (KB)
...
006 (7406994.000.000) 10/25 04:07:22 Image size of job updated: 1302080
	1278  -  MemoryUsage of job (MB)
	1308224  -  ResidentSetSize of job (KB)
...
006 (7406994.000.000) 10/25 04:17:23 Image size of job updated: 1376184
	1344  -  MemoryUsage of job (MB)
	1376184  -  ResidentSetSize of job (KB)
...
006 (7406994.000.000) 10/25 04:22:24 Image size of job updated: 1376184
	1348  -  MemoryUsage of job (MB)
	1380280  -  ResidentSetSize of job (KB)
...
006 (7406997.000.000) 10/25 04:22:28 Image size of job updated: 1444656
	1411  -  MemoryUsage of job (MB)
	1444656  -  ResidentSetSize of job (KB)
...
006 (7406997.000.000) 10/25 04:27:29 Image size of job updated: 1444656
	1417  -  MemoryUsage of job (MB)
	1450800  -  ResidentSetSize of job (KB)
...
006 (7406994.000.000) 10/25 04:42:26 Image size of job updated: 1379408
	1348  -  MemoryUsage of job (MB)
	1380280  -  ResidentSetSize of job (KB)
...
006 (7406994.000.000) 10/25 04:47:26 Image size of job updated: 1379408
	1356  -  MemoryUsage of job (MB)
	1387600  -  ResidentSetSize of job (KB)
...
006 (7406997.000.000) 10/25 05:02:32 Image size of job updated: 1491708
	1457  -  MemoryUsage of job (MB)
	1491708  -  ResidentSetSize of job (KB)
...
006 (7406997.000.000) 10/25 05:07:32 Image size of job updated: 1491708
	1463  -  MemoryUsage of job (MB)
	1497852  -  ResidentSetSize of job (KB)
...
006 (7406997.000.000) 10/25 06:02:37 Image size of job updated: 1528984
	1494  -  MemoryUsage of job (MB)
	1528984  -  ResidentSetSize of job (KB)
...
006 (7406994.000.000) 10/25 06:07:35 Image size of job updated: 1463340
	1430  -  MemoryUsage of job (MB)
	1463340  -  ResidentSetSize of job (KB)
...
006 (7406997.000.000) 10/25 06:07:38 Image size of job updated: 1569536
	1533  -  MemoryUsage of job (MB)
	1569536  -  ResidentSetSize of job (KB)
...
006 (7406994.000.000) 10/25 06:12:35 Image size of job updated: 1463340
	1434  -  MemoryUsage of job (MB)
	1467436  -  ResidentSetSize of job (KB)
...
006 (7406997.000.000) 10/25 06:12:39 Image size of job updated: 1569536
	1536  -  MemoryUsage of job (MB)
	1572352  -  ResidentSetSize of job (KB)
...
006 (7406997.000.000) 10/25 07:07:44 Image size of job updated: 1600600
	1564  -  MemoryUsage of job (MB)
	1600600  -  ResidentSetSize of job (KB)
...
006 (7406994.000.000) 10/25 07:27:43 Image size of job updated: 1479120
	1445  -  MemoryUsage of job (MB)
	1479120  -  ResidentSetSize of job (KB)
...
006 (7406994.000.000) 10/25 07:32:44 Image size of job updated: 1479120
	1451  -  MemoryUsage of job (MB)
	1485264  -  ResidentSetSize of job (KB)
...
006 (7406997.000.000) 10/25 08:12:51 Image size of job updated: 1671920
	1633  -  MemoryUsage of job (MB)
	1671920  -  ResidentSetSize of job (KB)
...
006 (7406997.000.000) 10/25 08:17:52 Image size of job updated: 1671920
	1637  -  MemoryUsage of job (MB)
	1676016  -  ResidentSetSize of job (KB)
...
006 (7406994.000.000) 10/25 08:47:50 Image size of job updated: 1612472
	1575  -  MemoryUsage of job (MB)
	1612472  -  ResidentSetSize of job (KB)
...
006 (7406994.000.000) 10/25 08:52:50 Image size of job updated: 1612472
	1583  -  MemoryUsage of job (MB)
	1620920  -  ResidentSetSize of job (KB)
...
006 (7406994.000.000) 10/25 09:17:53 Image size of job updated: 1631176
	1593  -  MemoryUsage of job (MB)
	1631176  -  ResidentSetSize of job (KB)
...
006 (7406994.000.000) 10/25 09:22:53 Image size of job updated: 1631176
	1599  -  MemoryUsage of job (MB)
	1637320  -  ResidentSetSize of job (KB)
...
006 (7406994.000.000) 10/25 10:07:58 Image size of job updated: 1675856
	1637  -  MemoryUsage of job (MB)
	1675856  -  ResidentSetSize of job (KB)
...
006 (7406994.000.000) 10/25 10:12:58 Image size of job updated: 1675856
	1643  -  MemoryUsage of job (MB)
	1682000  -  ResidentSetSize of job (KB)
...
006 (7406997.000.000) 10/25 10:18:04 Image size of job updated: 1694792
	1656  -  MemoryUsage of job (MB)
	1694792  -  ResidentSetSize of job (KB)
...
006 (7406997.000.000) 10/25 10:23:04 Image size of job updated: 1694792
	1662  -  MemoryUsage of job (MB)
	1700936  -  ResidentSetSize of job (KB)
...
006 (7406997.000.000) 10/25 10:33:06 Image size of job updated: 1707328
	1668  -  MemoryUsage of job (MB)
	1707328  -  ResidentSetSize of job (KB)
...
006 (7406997.000.000) 10/25 10:38:06 Image size of job updated: 1707328
	1674  -  MemoryUsage of job (MB)
	1713472  -  ResidentSetSize of job (KB)
...
006 (7406994.000.000) 10/25 11:18:05 Image size of job updated: 1733384
	1693  -  MemoryUsage of job (MB)
	1733384  -  ResidentSetSize of job (KB)
...
006 (7406997.000.000) 10/25 11:18:10 Image size of job updated: 1778012
	1737  -  MemoryUsage of job (MB)
	1778012  -  ResidentSetSize of job (KB)
...
006 (7406997.000.000) 10/25 11:23:11 Image size of job updated: 1849308
	1806  -  MemoryUsage of job (MB)
	1849308  -  ResidentSetSize of job (KB)
...
006 (7406994.000.000) 10/25 12:33:12 Image size of job updated: 1774016
	1733  -  MemoryUsage of job (MB)
	1774016  -  ResidentSetSize of job (KB)
...
006 (7406997.000.000) 10/25 12:33:18 Image size of job updated: 1902964
	1859  -  MemoryUsage of job (MB)
	1902964  -  ResidentSetSize of job (KB)
...
006 (7406994.000.000) 10/25 12:38:12 Image size of job updated: 1774016
	1739  -  MemoryUsage of job (MB)
	1780160  -  ResidentSetSize of job (KB)
...
006 (7406997.000.000) 10/25 12:38:18 Image size of job updated: 1902964
	1865  -  MemoryUsage of job (MB)
	1909108  -  ResidentSetSize of job (KB)
...
006 (7406994.000.000) 10/25 13:03:16 Image size of job updated: 1823856
	1782  -  MemoryUsage of job (MB)
	1823856  -  ResidentSetSize of job (KB)
...
006 (7406994.000.000) 10/25 13:13:17 Image size of job updated: 1831524
	1789  -  MemoryUsage of job (MB)
	1831524  -  ResidentSetSize of job (KB)
...
006 (7406997.000.000) 10/25 13:33:23 Image size of job updated: 1911964
	1868  -  MemoryUsage of job (MB)
	1911964  -  ResidentSetSize of job (KB)
...
006 (7406997.000.000) 10/25 13:38:24 Image size of job updated: 1911964
	1874  -  MemoryUsage of job (MB)
	1918108  -  ResidentSetSize of job (KB)
...
006 (7406994.000.000) 10/25 14:33:25 Image size of job updated: 1899740
	1856  -  MemoryUsage of job (MB)
	1899740  -  ResidentSetSize of job (KB)
...
006 (7406994.000.000) 10/25 14:38:25 Image size of job updated: 1909920
	1866  -  MemoryUsage of job (MB)
	1909920  -  ResidentSetSize of job (KB)
...
006 (7406997.000.000) 10/25 14:38:31 Image size of job updated: 1936912
	1892  -  MemoryUsage of job (MB)
	1936912  -  ResidentSetSize of job (KB)
...
006 (7406997.000.000) 10/25 14:43:32 Image size of job updated: 1936912
	1898  -  MemoryUsage of job (MB)
	1943056  -  ResidentSetSize of job (KB)
...
006 (7406997.000.000) 10/25 14:48:32 Image size of job updated: 1961820
	1916  -  MemoryUsage of job (MB)
	1961820  -  ResidentSetSize of job (KB)
...
006 (7406997.000.000) 10/25 14:53:32 Image size of job updated: 1961820
	1922  -  MemoryUsage of job (MB)
	1967964  -  ResidentSetSize of job (KB)
...
006 (7406997.000.000) 10/25 15:08:34 Image size of job updated: 2004976
	1958  -  MemoryUsage of job (MB)
	2004976  -  ResidentSetSize of job (KB)
...
006 (7406997.000.000) 10/25 15:13:35 Image size of job updated: 2004976
	1964  -  MemoryUsage of job (MB)
	2011120  -  ResidentSetSize of job (KB)
...
006 (7406994.000.000) 10/25 15:18:30 Image size of job updated: 1922824
	1878  -  MemoryUsage of job (MB)
	1922824  -  ResidentSetSize of job (KB)
...
006 (7406994.000.000) 10/25 15:23:31 Image size of job updated: 1922824
	1884  -  MemoryUsage of job (MB)
	1928968  -  ResidentSetSize of job (KB)
...
006 (7406994.000.000) 10/25 16:03:35 Image size of job updated: 1948824
	1904  -  MemoryUsage of job (MB)
	1948824  -  ResidentSetSize of job (KB)
...
006 (7406994.000.000) 10/25 16:08:36 Image size of job updated: 1948824
	1910  -  MemoryUsage of job (MB)
	1954968  -  ResidentSetSize of job (KB)
...
006 (7406994.000.000) 10/25 16:18:37 Image size of job updated: 1961148
	1916  -  MemoryUsage of job (MB)
	1961148  -  ResidentSetSize of job (KB)
...
006 (7406994.000.000) 10/25 16:23:37 Image size of job updated: 1961148
	1922  -  MemoryUsage of job (MB)
	1967292  -  ResidentSetSize of job (KB)
...
006 (7406997.000.000) 10/25 16:43:45 Image size of job updated: 2013772
	1967  -  MemoryUsage of job (MB)
	2013772  -  ResidentSetSize of job (KB)
...
006 (7406997.000.000) 10/25 16:48:45 Image size of job updated: 2013772
	1973  -  MemoryUsage of job (MB)
	2019916  -  ResidentSetSize of job (KB)
...
000 (7412073.000.000) 10/25 17:00:59 Job submitted from host: <137.138.55.115:9618?addrs=137.138.55.115-9618+[2001-1458-d00-17--12a]-9618&alias=bigbird23.cern.ch&noUDP&sock=schedd_4975_03c1>
...
006 (7406997.000.000) 10/25 17:03:46 Image size of job updated: 2014016
	1973  -  MemoryUsage of job (MB)
	2019916  -  ResidentSetSize of job (KB)
...
040 (7412073.000.000) 10/25 17:04:49 Started transferring input files
	Transferring to host: <188.185.195.55:9618?addrs=188.185.195.55-9618+[2001-1458-303-22--100-33]-9618&alias=b9p17p7601.cern.ch&noUDP&sock=slot1_21_9064_286a_7895>
...
040 (7412073.000.000) 10/25 17:04:49 Finished transferring input files
...
001 (7412073.000.000) 10/25 17:04:50 Job executing on host: <188.185.195.55:9618?addrs=188.185.195.55-9618+[2001-1458-303-22--100-33]-9618&alias=b9p17p7601.cern.ch&noUDP&sock=startd_7551_efb8>
	SlotName: slot1_21@b9p17p7601.cern.ch
	CondorScratchDir = "/pool/condor/dir_3442489"
	Cpus = 1
	Disk = 3886
	GPUs = 0
	Memory = 2000
...
006 (7412073.000.000) 10/25 17:04:58 Image size of job updated: 207288
	203  -  MemoryUsage of job (MB)
	207288  -  ResidentSetSize of job (KB)
...
006 (7406997.000.000) 10/25 17:08:47 Image size of job updated: 2014016
	2001  -  MemoryUsage of job (MB)
	2048832  -  ResidentSetSize of job (KB)
...
006 (7412073.000.000) 10/25 17:09:58 Image size of job updated: 292068
	286  -  MemoryUsage of job (MB)
	292068  -  ResidentSetSize of job (KB)
...
006 (7406994.000.000) 10/25 17:13:42 Image size of job updated: 2013076
	1966  -  MemoryUsage of job (MB)
	2013076  -  ResidentSetSize of job (KB)
...
006 (7412073.000.000) 10/25 17:14:59 Image size of job updated: 305180
	299  -  MemoryUsage of job (MB)
	305180  -  ResidentSetSize of job (KB)
...
006 (7412073.000.000) 10/25 17:19:59 Image size of job updated: 349024
	341  -  MemoryUsage of job (MB)
	349024  -  ResidentSetSize of job (KB)
...
006 (7412073.000.000) 10/25 17:24:59 Image size of job updated: 373472
	365  -  MemoryUsage of job (MB)
	373472  -  ResidentSetSize of job (KB)
...
006 (7412073.000.000) 10/25 17:35:01 Image size of job updated: 419820
	410  -  MemoryUsage of job (MB)
	419820  -  ResidentSetSize of job (KB)
...
006 (7406994.000.000) 10/25 17:38:44 Image size of job updated: 2029540
	1982  -  MemoryUsage of job (MB)
	2029540  -  ResidentSetSize of job (KB)
...
006 (7412073.000.000) 10/25 17:40:02 Image size of job updated: 419820
	417  -  MemoryUsage of job (MB)
	426220  -  ResidentSetSize of job (KB)
...
006 (7406997.000.000) 10/25 17:43:51 Image size of job updated: 2062688
	2015  -  MemoryUsage of job (MB)
	2062688  -  ResidentSetSize of job (KB)
...
006 (7412073.000.000) 10/25 18:05:04 Image size of job updated: 495764
	485  -  MemoryUsage of job (MB)
	495764  -  ResidentSetSize of job (KB)
...
006 (7412073.000.000) 10/25 18:10:04 Image size of job updated: 495764
	487  -  MemoryUsage of job (MB)
	497812  -  ResidentSetSize of job (KB)
...
006 (7412073.000.000) 10/25 18:15:05 Image size of job updated: 495764
	487  -  MemoryUsage of job (MB)
	497832  -  ResidentSetSize of job (KB)
...
006 (7412073.000.000) 10/25 18:20:06 Image size of job updated: 495804
	487  -  MemoryUsage of job (MB)
	497832  -  ResidentSetSize of job (KB)
...
006 (7412073.000.000) 10/25 18:25:07 Image size of job updated: 495804
	493  -  MemoryUsage of job (MB)
	503996  -  ResidentSetSize of job (KB)
...
006 (7406997.000.000) 10/25 18:28:56 Image size of job updated: 2076132
	2028  -  MemoryUsage of job (MB)
	2076132  -  ResidentSetSize of job (KB)
...
006 (7412073.000.000) 10/25 18:30:07 Image size of job updated: 513988
	502  -  MemoryUsage of job (MB)
	513988  -  ResidentSetSize of job (KB)
...
006 (7406997.000.000) 10/25 18:33:57 Image size of job updated: 2076132
	2034  -  MemoryUsage of job (MB)
	2082276  -  ResidentSetSize of job (KB)
...
006 (7412073.000.000) 10/25 18:35:07 Image size of job updated: 513988
	510  -  MemoryUsage of job (MB)
	522180  -  ResidentSetSize of job (KB)
...
006 (7406994.000.000) 10/25 18:53:51 Image size of job updated: 2034724
	1988  -  MemoryUsage of job (MB)
	2034724  -  ResidentSetSize of job (KB)
...
006 (7412073.000.000) 10/25 18:55:09 Image size of job updated: 516456
	510  -  MemoryUsage of job (MB)
	522180  -  ResidentSetSize of job (KB)
...
006 (7406994.000.000) 10/25 18:58:52 Image size of job updated: 2034724
	1994  -  MemoryUsage of job (MB)
	2040868  -  ResidentSetSize of job (KB)
...
006 (7412073.000.000) 10/25 19:00:10 Image size of job updated: 516456
	511  -  MemoryUsage of job (MB)
	522600  -  ResidentSetSize of job (KB)
...
006 (7412073.000.000) 10/25 19:10:11 Image size of job updated: 615524
	602  -  MemoryUsage of job (MB)
	615524  -  ResidentSetSize of job (KB)
...
006 (7406994.000.000) 10/25 19:13:53 Image size of job updated: 2084240
	2036  -  MemoryUsage of job (MB)
	2084240  -  ResidentSetSize of job (KB)
...
006 (7412073.000.000) 10/25 19:15:12 Image size of job updated: 635956
	622  -  MemoryUsage of job (MB)
	635956  -  ResidentSetSize of job (KB)
...
006 (7406994.000.000) 10/25 19:18:54 Image size of job updated: 2084240
	2044  -  MemoryUsage of job (MB)
	2092432  -  ResidentSetSize of job (KB)
...
006 (7412073.000.000) 10/25 19:20:12 Image size of job updated: 635956
	630  -  MemoryUsage of job (MB)
	644148  -  ResidentSetSize of job (KB)
...
006 (7406994.000.000) 10/25 19:23:54 Image size of job updated: 2111008
	2062  -  MemoryUsage of job (MB)
	2111008  -  ResidentSetSize of job (KB)
...
006 (7412073.000.000) 10/25 19:25:12 Image size of job updated: 659364
	644  -  MemoryUsage of job (MB)
	659364  -  ResidentSetSize of job (KB)
...
006 (7406994.000.000) 10/25 19:28:54 Image size of job updated: 2111008
	2068  -  MemoryUsage of job (MB)
	2117152  -  ResidentSetSize of job (KB)
...
006 (7412073.000.000) 10/25 19:30:13 Image size of job updated: 659364
	654  -  MemoryUsage of job (MB)
	669604  -  ResidentSetSize of job (KB)
...
006 (7406997.000.000) 10/25 20:44:13 Image size of job updated: 2118484
	2069  -  MemoryUsage of job (MB)
	2118484  -  ResidentSetSize of job (KB)
...
006 (7406997.000.000) 10/25 20:49:13 Image size of job updated: 2118484
	2075  -  MemoryUsage of job (MB)
	2124628  -  ResidentSetSize of job (KB)
...
006 (7406994.000.000) 10/25 20:59:03 Image size of job updated: 2158424
	2108  -  MemoryUsage of job (MB)
	2158424  -  ResidentSetSize of job (KB)
...
006 (7406997.000.000) 10/25 20:59:15 Image size of job updated: 2194832
	2144  -  MemoryUsage of job (MB)
	2194832  -  ResidentSetSize of job (KB)
...
006 (7406994.000.000) 10/25 21:04:03 Image size of job updated: 2158424
	2115  -  MemoryUsage of job (MB)
	2164824  -  ResidentSetSize of job (KB)
...
006 (7406997.000.000) 10/25 21:04:15 Image size of job updated: 2194832
	2148  -  MemoryUsage of job (MB)
	2199184  -  ResidentSetSize of job (KB)
...
006 (7412073.000.000) 10/25 21:15:22 Image size of job updated: 676648
	661  -  MemoryUsage of job (MB)
	676648  -  ResidentSetSize of job (KB)
...
006 (7412073.000.000) 10/25 21:20:22 Image size of job updated: 676648
	669  -  MemoryUsage of job (MB)
	684840  -  ResidentSetSize of job (KB)
...
006 (7412073.000.000) 10/25 21:25:22 Image size of job updated: 700420
	685  -  MemoryUsage of job (MB)
	700420  -  ResidentSetSize of job (KB)
...
006 (7412073.000.000) 10/25 21:30:23 Image size of job updated: 700420
	695  -  MemoryUsage of job (MB)
	710660  -  ResidentSetSize of job (KB)
...
006 (7406997.000.000) 10/25 21:59:22 Image size of job updated: 2215816
	2164  -  MemoryUsage of job (MB)
	2215816  -  ResidentSetSize of job (KB)
...
006 (7406997.000.000) 10/25 22:04:23 Image size of job updated: 2225112
	2173  -  MemoryUsage of job (MB)
	2225112  -  ResidentSetSize of job (KB)
...
006 (7406997.000.000) 10/25 22:09:23 Image size of job updated: 2242860
	2191  -  MemoryUsage of job (MB)
	2242860  -  ResidentSetSize of job (KB)
...
006 (7406997.000.000) 10/25 22:14:24 Image size of job updated: 2242860
	2197  -  MemoryUsage of job (MB)
	2249004  -  ResidentSetSize of job (KB)
...
006 (7406997.000.000) 10/25 22:29:25 Image size of job updated: 2286144
	2233  -  MemoryUsage of job (MB)
	2286144  -  ResidentSetSize of job (KB)
...
006 (7412073.000.000) 10/25 23:20:34 Image size of job updated: 749748
	733  -  MemoryUsage of job (MB)
	749748  -  ResidentSetSize of job (KB)
...
006 (7412073.000.000) 10/26 00:40:43 Image size of job updated: 750772
	734  -  MemoryUsage of job (MB)
	750772  -  ResidentSetSize of job (KB)
...
006 (7412073.000.000) 10/26 01:05:47 Image size of job updated: 775840
	758  -  MemoryUsage of job (MB)
	775840  -  ResidentSetSize of job (KB)
...
006 (7412073.000.000) 10/26 01:10:47 Image size of job updated: 775840
	766  -  MemoryUsage of job (MB)
	784032  -  ResidentSetSize of job (KB)
...
006 (7406997.000.000) 10/26 01:39:45 Image size of job updated: 2286144
	2236  -  MemoryUsage of job (MB)
	2288652  -  ResidentSetSize of job (KB)
...
006 (7412073.000.000) 10/26 02:05:52 Image size of job updated: 803804
	785  -  MemoryUsage of job (MB)
	803804  -  ResidentSetSize of job (KB)
...
006 (7412073.000.000) 10/26 02:10:53 Image size of job updated: 803804
	791  -  MemoryUsage of job (MB)
	809948  -  ResidentSetSize of job (KB)
...
006 (7406994.000.000) 10/26 02:24:36 Image size of job updated: 2248724
	2197  -  MemoryUsage of job (MB)
	2248724  -  ResidentSetSize of job (KB)
...
006 (7406994.000.000) 10/26 02:29:36 Image size of job updated: 2248724
	2197  -  MemoryUsage of job (MB)
	2249472  -  ResidentSetSize of job (KB)
...
006 (7406997.000.000) 10/26 02:54:52 Image size of job updated: 2326180
	2272  -  MemoryUsage of job (MB)
	2326180  -  ResidentSetSize of job (KB)
...
006 (7406997.000.000) 10/26 02:59:52 Image size of job updated: 2326180
	2278  -  MemoryUsage of job (MB)
	2332324  -  ResidentSetSize of job (KB)
...
006 (7412073.000.000) 10/26 03:00:58 Image size of job updated: 811744
	793  -  MemoryUsage of job (MB)
	811744  -  ResidentSetSize of job (KB)
...
006 (7412073.000.000) 10/26 03:05:58 Image size of job updated: 822116
	803  -  MemoryUsage of job (MB)
	822116  -  ResidentSetSize of job (KB)
...
006 (7412073.000.000) 10/26 03:10:58 Image size of job updated: 822116
	811  -  MemoryUsage of job (MB)
	830308  -  ResidentSetSize of job (KB)
...
006 (7406997.000.000) 10/26 03:14:54 Image size of job updated: 2345496
	2291  -  MemoryUsage of job (MB)
	2345496  -  ResidentSetSize of job (KB)
...
006 (7412073.000.000) 10/26 03:36:01 Image size of job updated: 841864
	823  -  MemoryUsage of job (MB)
	841864  -  ResidentSetSize of job (KB)
...
006 (7412073.000.000) 10/26 03:41:01 Image size of job updated: 841864
	829  -  MemoryUsage of job (MB)
	848008  -  ResidentSetSize of job (KB)
...
006 (7406997.000.000) 10/26 04:09:59 Image size of job updated: 2414980
	2359  -  MemoryUsage of job (MB)
	2414980  -  ResidentSetSize of job (KB)
...
006 (7412073.000.000) 10/26 04:16:05 Image size of job updated: 944692
	923  -  MemoryUsage of job (MB)
	944692  -  ResidentSetSize of job (KB)
...
006 (7412073.000.000) 10/26 04:21:06 Image size of job updated: 944692
	929  -  MemoryUsage of job (MB)
	950836  -  ResidentSetSize of job (KB)
...
006 (7412073.000.000) 10/26 05:26:12 Image size of job updated: 1018616
	995  -  MemoryUsage of job (MB)
	1018616  -  ResidentSetSize of job (KB)
...
006 (7406994.000.000) 10/26 05:59:58 Image size of job updated: 2378244
	2323  -  MemoryUsage of job (MB)
	2378244  -  ResidentSetSize of job (KB)
...
006 (7406994.000.000) 10/26 06:04:58 Image size of job updated: 2378244
	2329  -  MemoryUsage of job (MB)
	2384388  -  ResidentSetSize of job (KB)
...
006 (7412073.000.000) 10/26 06:26:19 Image size of job updated: 1022284
	999  -  MemoryUsage of job (MB)
	1022284  -  ResidentSetSize of job (KB)
...
006 (7412073.000.000) 10/26 06:46:21 Image size of job updated: 1047032
	1023  -  MemoryUsage of job (MB)
	1047032  -  ResidentSetSize of job (KB)
...
006 (7406997.000.000) 10/26 07:15:17 Image size of job updated: 2420352
	2364  -  MemoryUsage of job (MB)
	2420352  -  ResidentSetSize of job (KB)
...
006 (7406997.000.000) 10/26 07:20:18 Image size of job updated: 2420352
	2430  -  MemoryUsage of job (MB)
	2488192  -  ResidentSetSize of job (KB)
...
006 (7406997.000.000) 10/26 07:25:18 Image size of job updated: 2490860
	2433  -  MemoryUsage of job (MB)
	2490860  -  ResidentSetSize of job (KB)
...
006 (7406997.000.000) 10/26 07:30:18 Image size of job updated: 2490860
	2461  -  MemoryUsage of job (MB)
	2519788  -  ResidentSetSize of job (KB)
...
006 (7412073.000.000) 10/26 07:41:27 Image size of job updated: 1076692
	1052  -  MemoryUsage of job (MB)
	1076692  -  ResidentSetSize of job (KB)
...
006 (7406997.000.000) 10/26 08:35:24 Image size of job updated: 2516692
	2461  -  MemoryUsage of job (MB)
	2519788  -  ResidentSetSize of job (KB)
...
006 (7406994.000.000) 10/26 09:00:17 Image size of job updated: 2424080
	2368  -  MemoryUsage of job (MB)
	2424080  -  ResidentSetSize of job (KB)
...
006 (7412073.000.000) 10/26 09:01:35 Image size of job updated: 1170608
	1144  -  MemoryUsage of job (MB)
	1170608  -  ResidentSetSize of job (KB)
...
006 (7406994.000.000) 10/26 09:05:17 Image size of job updated: 2453660
	2397  -  MemoryUsage of job (MB)
	2453660  -  ResidentSetSize of job (KB)
...
006 (7406997.000.000) 10/26 09:25:30 Image size of job updated: 2578616
	2519  -  MemoryUsage of job (MB)
	2578616  -  ResidentSetSize of job (KB)
...
006 (7406994.000.000) 10/26 09:30:19 Image size of job updated: 2465988
	2409  -  MemoryUsage of job (MB)
	2465988  -  ResidentSetSize of job (KB)
...
006 (7412073.000.000) 10/26 09:56:41 Image size of job updated: 1177268
	1150  -  MemoryUsage of job (MB)
	1177268  -  ResidentSetSize of job (KB)
...
006 (7406997.000.000) 10/26 10:10:35 Image size of job updated: 2591244
	2531  -  MemoryUsage of job (MB)
	2591244  -  ResidentSetSize of job (KB)
...
006 (7406997.000.000) 10/26 11:25:42 Image size of job updated: 2599724
	2539  -  MemoryUsage of job (MB)
	2599724  -  ResidentSetSize of job (KB)
...
006 (7412073.000.000) 10/26 11:31:51 Image size of job updated: 1208516
	1181  -  MemoryUsage of job (MB)
	1208516  -  ResidentSetSize of job (KB)
...
006 (7412073.000.000) 10/26 11:36:51 Image size of job updated: 1218528
	1190  -  MemoryUsage of job (MB)
	1218528  -  ResidentSetSize of job (KB)
...
006 (7412073.000.000) 10/26 11:41:51 Image size of job updated: 1218528
	1196  -  MemoryUsage of job (MB)
	1224672  -  ResidentSetSize of job (KB)
...
006 (7412073.000.000) 10/26 11:51:52 Image size of job updated: 1233968
	1206  -  MemoryUsage of job (MB)
	1233968  -  ResidentSetSize of job (KB)
...
006 (7412073.000.000) 10/26 11:56:52 Image size of job updated: 1233968
	1212  -  MemoryUsage of job (MB)
	1240112  -  ResidentSetSize of job (KB)
...
006 (7406997.000.000) 10/26 12:05:48 Image size of job updated: 2648212
	2587  -  MemoryUsage of job (MB)
	2648212  -  ResidentSetSize of job (KB)
...
006 (7406997.000.000) 10/26 12:10:48 Image size of job updated: 2648212
	2593  -  MemoryUsage of job (MB)
	2654356  -  ResidentSetSize of job (KB)
...
006 (7406994.000.000) 10/26 12:40:38 Image size of job updated: 2553848
	2494  -  MemoryUsage of job (MB)
	2553848  -  ResidentSetSize of job (KB)
...
006 (7406994.000.000) 10/26 12:45:39 Image size of job updated: 2553848
	2498  -  MemoryUsage of job (MB)
	2557944  -  ResidentSetSize of job (KB)
...
006 (7412073.000.000) 10/26 13:12:01 Image size of job updated: 1291080
	1261  -  MemoryUsage of job (MB)
	1291080  -  ResidentSetSize of job (KB)
...
006 (7412073.000.000) 10/26 13:27:02 Image size of job updated: 1296428
	1267  -  MemoryUsage of job (MB)
	1296428  -  ResidentSetSize of job (KB)
...
006 (7412073.000.000) 10/26 13:32:03 Image size of job updated: 1296428
	1275  -  MemoryUsage of job (MB)
	1304620  -  ResidentSetSize of job (KB)
...
006 (7406997.000.000) 10/26 13:35:56 Image size of job updated: 2667916
	2606  -  MemoryUsage of job (MB)
	2667916  -  ResidentSetSize of job (KB)
...
006 (7406997.000.000) 10/26 13:40:57 Image size of job updated: 2667916
	2612  -  MemoryUsage of job (MB)
	2674060  -  ResidentSetSize of job (KB)
...
006 (7406997.000.000) 10/26 14:11:00 Image size of job updated: 2682176
	2620  -  MemoryUsage of job (MB)
	2682176  -  ResidentSetSize of job (KB)
...
006 (7412073.000.000) 10/26 14:12:07 Image size of job updated: 1312888
	1283  -  MemoryUsage of job (MB)
	1312888  -  ResidentSetSize of job (KB)
...
006 (7406997.000.000) 10/26 14:16:02 Image size of job updated: 2682176
	2624  -  MemoryUsage of job (MB)
	2686272  -  ResidentSetSize of job (KB)
...
006 (7412073.000.000) 10/26 14:17:08 Image size of job updated: 1312888
	1289  -  MemoryUsage of job (MB)
	1319032  -  ResidentSetSize of job (KB)
...
006 (7412073.000.000) 10/26 14:22:09 Image size of job updated: 1326912
	1296  -  MemoryUsage of job (MB)
	1326912  -  ResidentSetSize of job (KB)
...
006 (7412073.000.000) 10/26 14:27:09 Image size of job updated: 1326912
	1302  -  MemoryUsage of job (MB)
	1332288  -  ResidentSetSize of job (KB)
...
006 (7406994.000.000) 10/26 15:35:57 Image size of job updated: 2624784
	2564  -  MemoryUsage of job (MB)
	2624784  -  ResidentSetSize of job (KB)
...
006 (7406994.000.000) 10/26 15:40:58 Image size of job updated: 2624784
	2572  -  MemoryUsage of job (MB)
	2633232  -  ResidentSetSize of job (KB)
...
006 (7406997.000.000) 10/26 16:16:14 Image size of job updated: 2708060
	2645  -  MemoryUsage of job (MB)
	2708060  -  ResidentSetSize of job (KB)
...
006 (7406994.000.000) 10/26 16:21:01 Image size of job updated: 2678896
	2617  -  MemoryUsage of job (MB)
	2678896  -  ResidentSetSize of job (KB)
...
006 (7406997.000.000) 10/26 16:21:14 Image size of job updated: 2708060
	2651  -  MemoryUsage of job (MB)
	2714204  -  ResidentSetSize of job (KB)
...
006 (7412073.000.000) 10/26 16:27:22 Image size of job updated: 1355276
	1324  -  MemoryUsage of job (MB)
	1355276  -  ResidentSetSize of job (KB)
...
006 (7412073.000.000) 10/26 16:32:23 Image size of job updated: 1355276
	1330  -  MemoryUsage of job (MB)
	1361420  -  ResidentSetSize of job (KB)
...
006 (7406997.000.000) 10/26 16:51:17 Image size of job updated: 2716204
	2653  -  MemoryUsage of job (MB)
	2716204  -  ResidentSetSize of job (KB)
...
006 (7406997.000.000) 10/26 16:56:17 Image size of job updated: 2716204
	2659  -  MemoryUsage of job (MB)
	2722348  -  ResidentSetSize of job (KB)
...
006 (7406997.000.000) 10/26 17:06:19 Image size of job updated: 2736544
	2673  -  MemoryUsage of job (MB)
	2736544  -  ResidentSetSize of job (KB)
...
006 (7406997.000.000) 10/26 17:11:19 Image size of job updated: 2736544
	2681  -  MemoryUsage of job (MB)
	2744992  -  ResidentSetSize of job (KB)
...
040 (7406997.000.000) 10/26 17:22:20 Started transferring output files
...
040 (7406997.000.000) 10/26 17:22:20 Finished transferring output files
...
005 (7406997.000.000) 10/26 17:22:20 Job terminated.
	(1) Normal termination (return value 0)
		Usr 0 21:12:21, Sys 1 02:10:42  -  Run Remote Usage
		Usr 0 00:00:00, Sys 0 00:00:00  -  Run Local Usage
		Usr 0 21:12:21, Sys 1 02:10:42  -  Total Remote Usage
		Usr 0 00:00:00, Sys 0 00:00:00  -  Total Local Usage
	4785  -  Run Bytes Sent By Job
	10910  -  Run Bytes Received By Job
	4785  -  Total Bytes Sent By Job
	10910  -  Total Bytes Received By Job
	Partitionable Resources :    Usage  Request Allocated 
	   Cpus                 :     0.99        1         1 
	   Disk (KB)            :    37          12   1753846 
	   Memory (MB)          :  2681        2000      2000 

	Job terminated of its own accord at 2024-10-26T15:22:19Z with exit-code 0.
...
040 (7406994.000.000) 10/26 17:31:03 Started transferring output files
...
040 (7406994.000.000) 10/26 17:31:03 Finished transferring output files
...
005 (7406994.000.000) 10/26 17:31:04 Job terminated.
	(1) Normal termination (return value 0)
		Usr 0 21:07:51, Sys 1 02:09:16  -  Run Remote Usage
		Usr 0 00:00:00, Sys 0 00:00:00  -  Run Local Usage
		Usr 0 21:07:51, Sys 1 02:09:16  -  Total Remote Usage
		Usr 0 00:00:00, Sys 0 00:00:00  -  Total Local Usage
	4785  -  Run Bytes Sent By Job
	10910  -  Run Bytes Received By Job
	4785  -  Total Bytes Sent By Job
	10910  -  Total Bytes Received By Job
	Partitionable Resources :    Usage  Request Allocated 
	   Cpus                 :     1.00        1         1 
	   Disk (KB)            :    37          12   1685294 
	   Memory (MB)          :  2617        2000      2000 

	Job terminated of its own accord at 2024-10-26T15:31:03Z with exit-code 0.
...
006 (7412073.000.000) 10/26 18:02:33 Image size of job updated: 1403100
	1371  -  MemoryUsage of job (MB)
	1403100  -  ResidentSetSize of job (KB)
...
040 (7412073.000.000) 10/26 18:32:21 Started transferring output files
...
040 (7412073.000.000) 10/26 18:32:22 Finished transferring output files
...
005 (7412073.000.000) 10/26 18:32:22 Job terminated.
	(1) Normal termination (return value 0)
		Usr 0 13:17:08, Sys 0 11:56:42  -  Run Remote Usage
		Usr 0 00:00:00, Sys 0 00:00:00  -  Run Local Usage
		Usr 0 13:17:08, Sys 0 11:56:42  -  Total Remote Usage
		Usr 0 00:00:00, Sys 0 00:00:00  -  Total Local Usage
	4785  -  Run Bytes Sent By Job
	10910  -  Run Bytes Received By Job
	4785  -  Total Bytes Sent By Job
	10910  -  Total Bytes Received By Job
	Partitionable Resources :    Usage  Request Allocated 
	   Cpus                 :     0.99        1         1 
	   Disk (KB)            :    39          12      3886 
	   GPUs                 :                           0 
	   Memory (MB)          :  1371        2000      2000 

	Job terminated of its own accord at 2024-10-26T16:32:21Z with exit-code 0.
...
