000 (7415720.000.000) 10/28 10:30:48 Job submitted from host: <137.138.55.115:9618?addrs=137.138.55.115-9618+[2001-1458-d00-17--12a]-9618&alias=bigbird23.cern.ch&noUDP&sock=schedd_4975_03c1>
...
040 (7415720.000.000) 10/28 10:36:39 Started transferring input files
	Transferring to host: <188.185.198.84:9618?addrs=188.185.198.84-9618+[2001-1458-303-25--100-50]-9618&alias=b9p15p9658.cern.ch&noUDP&sock=slot1_30_1779733_a68d_40162>
...
040 (7415720.000.000) 10/28 10:36:39 Finished transferring input files
...
001 (7415720.000.000) 10/28 10:36:40 Job executing on host: <188.185.198.84:9618?addrs=188.185.198.84-9618+[2001-1458-303-25--100-50]-9618&alias=b9p15p9658.cern.ch&noUDP&sock=startd_11426_dd35>
	SlotName: slot1_30@b9p15p9658.cern.ch
	CondorScratchDir = "/pool/condor/dir_717354"
	Cpus = 1
	Disk = 2886911
	Memory = 2000
...
006 (7415720.000.000) 10/28 10:36:48 Image size of job updated: 494400
	483  -  MemoryUsage of job (MB)
	494152  -  ResidentSetSize of job (KB)
...
006 (7415720.000.000) 10/28 10:41:48 Image size of job updated: 714892
	668  -  MemoryUsage of job (MB)
	683072  -  ResidentSetSize of job (KB)
...
006 (7415720.000.000) 10/28 10:46:50 Image size of job updated: 765776
	668  -  MemoryUsage of job (MB)
	683072  -  ResidentSetSize of job (KB)
...
006 (7415720.000.000) 10/28 12:06:56 Image size of job updated: 765776
	700  -  MemoryUsage of job (MB)
	716288  -  ResidentSetSize of job (KB)
...
006 (7415720.000.000) 10/28 12:16:58 Image size of job updated: 765776
	727  -  MemoryUsage of job (MB)
	743744  -  ResidentSetSize of job (KB)
...
006 (7415720.000.000) 10/28 12:21:58 Image size of job updated: 799060
	727  -  MemoryUsage of job (MB)
	743744  -  ResidentSetSize of job (KB)
...
006 (7415720.000.000) 10/28 12:36:59 Image size of job updated: 813928
	778  -  MemoryUsage of job (MB)
	795664  -  ResidentSetSize of job (KB)
...
006 (7415720.000.000) 10/28 12:41:59 Image size of job updated: 826380
	778  -  MemoryUsage of job (MB)
	795664  -  ResidentSetSize of job (KB)
...
006 (7415720.000.000) 10/28 12:47:00 Image size of job updated: 843136
	778  -  MemoryUsage of job (MB)
	795664  -  ResidentSetSize of job (KB)
...
006 (7415720.000.000) 10/28 12:52:01 Image size of job updated: 853428
	778  -  MemoryUsage of job (MB)
	795664  -  ResidentSetSize of job (KB)
...
006 (7415720.000.000) 10/28 12:57:01 Image size of job updated: 890236
	778  -  MemoryUsage of job (MB)
	795664  -  ResidentSetSize of job (KB)
...
006 (7415720.000.000) 10/28 13:07:02 Image size of job updated: 895172
	865  -  MemoryUsage of job (MB)
	885432  -  ResidentSetSize of job (KB)
...
006 (7415720.000.000) 10/28 13:12:03 Image size of job updated: 932680
	871  -  MemoryUsage of job (MB)
	891576  -  ResidentSetSize of job (KB)
...
006 (7415720.000.000) 10/28 13:22:04 Image size of job updated: 950072
	884  -  MemoryUsage of job (MB)
	904284  -  ResidentSetSize of job (KB)
...
006 (7415720.000.000) 10/28 13:27:05 Image size of job updated: 959092
	890  -  MemoryUsage of job (MB)
	910428  -  ResidentSetSize of job (KB)
...
006 (7415720.000.000) 10/28 13:37:07 Image size of job updated: 967088
	890  -  MemoryUsage of job (MB)
	910428  -  ResidentSetSize of job (KB)
...
006 (7415720.000.000) 10/28 13:42:07 Image size of job updated: 981112
	890  -  MemoryUsage of job (MB)
	910428  -  ResidentSetSize of job (KB)
...
006 (7415720.000.000) 10/28 13:47:08 Image size of job updated: 996820
	928  -  MemoryUsage of job (MB)
	949968  -  ResidentSetSize of job (KB)
...
006 (7415720.000.000) 10/28 13:52:09 Image size of job updated: 1003544
	934  -  MemoryUsage of job (MB)
	956112  -  ResidentSetSize of job (KB)
...
006 (7415720.000.000) 10/28 13:57:09 Image size of job updated: 1019420
	934  -  MemoryUsage of job (MB)
	956112  -  ResidentSetSize of job (KB)
...
006 (7415720.000.000) 10/28 14:02:09 Image size of job updated: 1030952
	934  -  MemoryUsage of job (MB)
	956112  -  ResidentSetSize of job (KB)
...
006 (7415720.000.000) 10/28 14:07:10 Image size of job updated: 1034248
	934  -  MemoryUsage of job (MB)
	956112  -  ResidentSetSize of job (KB)
...
006 (7415720.000.000) 10/28 14:12:11 Image size of job updated: 1043996
	934  -  MemoryUsage of job (MB)
	956112  -  ResidentSetSize of job (KB)
...
006 (7415720.000.000) 10/28 14:17:11 Image size of job updated: 1072420
	934  -  MemoryUsage of job (MB)
	956112  -  ResidentSetSize of job (KB)
...
006 (7415720.000.000) 10/28 14:22:11 Image size of job updated: 1074156
	934  -  MemoryUsage of job (MB)
	956112  -  ResidentSetSize of job (KB)
...
006 (7415720.000.000) 10/28 14:42:13 Image size of job updated: 1080084
	934  -  MemoryUsage of job (MB)
	956112  -  ResidentSetSize of job (KB)
...
006 (7415720.000.000) 10/28 14:47:14 Image size of job updated: 1089744
	1007  -  MemoryUsage of job (MB)
	1030168  -  ResidentSetSize of job (KB)
...
006 (7415720.000.000) 10/28 14:52:15 Image size of job updated: 1090868
	1011  -  MemoryUsage of job (MB)
	1034264  -  ResidentSetSize of job (KB)
...
006 (7415720.000.000) 10/28 14:57:15 Image size of job updated: 1104644
	1011  -  MemoryUsage of job (MB)
	1034264  -  ResidentSetSize of job (KB)
...
006 (7415720.000.000) 10/28 15:02:15 Image size of job updated: 1118456
	1046  -  MemoryUsage of job (MB)
	1070272  -  ResidentSetSize of job (KB)
...
006 (7415720.000.000) 10/28 15:07:16 Image size of job updated: 1124644
	1058  -  MemoryUsage of job (MB)
	1082560  -  ResidentSetSize of job (KB)
...
006 (7415720.000.000) 10/28 15:12:17 Image size of job updated: 1125392
	1058  -  MemoryUsage of job (MB)
	1082560  -  ResidentSetSize of job (KB)
...
006 (7415720.000.000) 10/28 15:17:17 Image size of job updated: 1139476
	1070  -  MemoryUsage of job (MB)
	1095648  -  ResidentSetSize of job (KB)
...
006 (7415720.000.000) 10/28 15:22:18 Image size of job updated: 1139476
	1074  -  MemoryUsage of job (MB)
	1099744  -  ResidentSetSize of job (KB)
...
006 (7415720.000.000) 10/28 15:27:19 Image size of job updated: 1142584
	1074  -  MemoryUsage of job (MB)
	1099744  -  ResidentSetSize of job (KB)
...
006 (7415720.000.000) 10/28 15:32:19 Image size of job updated: 1153008
	1074  -  MemoryUsage of job (MB)
	1099744  -  ResidentSetSize of job (KB)
...
006 (7415720.000.000) 10/28 15:37:19 Image size of job updated: 1183448
	1074  -  MemoryUsage of job (MB)
	1099744  -  ResidentSetSize of job (KB)
...
006 (7415720.000.000) 10/28 15:42:20 Image size of job updated: 1186992
	1074  -  MemoryUsage of job (MB)
	1099744  -  ResidentSetSize of job (KB)
...
006 (7415720.000.000) 10/28 15:47:21 Image size of job updated: 1201956
	1074  -  MemoryUsage of job (MB)
	1099744  -  ResidentSetSize of job (KB)
...
006 (7415720.000.000) 10/28 15:52:21 Image size of job updated: 1201956
	1119  -  MemoryUsage of job (MB)
	1145028  -  ResidentSetSize of job (KB)
...
006 (7415720.000.000) 10/28 15:57:21 Image size of job updated: 1201956
	1125  -  MemoryUsage of job (MB)
	1151172  -  ResidentSetSize of job (KB)
...
006 (7415720.000.000) 10/28 16:02:22 Image size of job updated: 1206732
	1125  -  MemoryUsage of job (MB)
	1151172  -  ResidentSetSize of job (KB)
...
006 (7415720.000.000) 10/28 16:12:22 Image size of job updated: 1214312
	1125  -  MemoryUsage of job (MB)
	1151172  -  ResidentSetSize of job (KB)
...
006 (7415720.000.000) 10/28 16:17:23 Image size of job updated: 1221468
	1125  -  MemoryUsage of job (MB)
	1151172  -  ResidentSetSize of job (KB)
...
006 (7415720.000.000) 10/28 16:22:23 Image size of job updated: 1224716
	1125  -  MemoryUsage of job (MB)
	1151172  -  ResidentSetSize of job (KB)
...
006 (7415720.000.000) 10/28 16:27:23 Image size of job updated: 1244736
	1125  -  MemoryUsage of job (MB)
	1151172  -  ResidentSetSize of job (KB)
...
006 (7415720.000.000) 10/28 16:37:24 Image size of job updated: 1244944
	1125  -  MemoryUsage of job (MB)
	1151172  -  ResidentSetSize of job (KB)
...
006 (7415720.000.000) 10/28 16:42:25 Image size of job updated: 1253804
	1125  -  MemoryUsage of job (MB)
	1151172  -  ResidentSetSize of job (KB)
...
006 (7415720.000.000) 10/28 16:47:25 Image size of job updated: 1258208
	1125  -  MemoryUsage of job (MB)
	1151172  -  ResidentSetSize of job (KB)
...
006 (7415720.000.000) 10/28 16:52:26 Image size of job updated: 1269796
	1125  -  MemoryUsage of job (MB)
	1151172  -  ResidentSetSize of job (KB)
...
006 (7415720.000.000) 10/28 16:57:27 Image size of job updated: 1282032
	1125  -  MemoryUsage of job (MB)
	1151172  -  ResidentSetSize of job (KB)
...
006 (7415720.000.000) 10/28 17:02:27 Image size of job updated: 1282336
	1125  -  MemoryUsage of job (MB)
	1151172  -  ResidentSetSize of job (KB)
...
006 (7415720.000.000) 10/28 17:07:27 Image size of job updated: 1288452
	1258  -  MemoryUsage of job (MB)
	1287856  -  ResidentSetSize of job (KB)
...
006 (7415720.000.000) 10/28 17:12:29 Image size of job updated: 1289028
	1258  -  MemoryUsage of job (MB)
	1287856  -  ResidentSetSize of job (KB)
...
006 (7415720.000.000) 10/28 17:17:29 Image size of job updated: 1295400
	1258  -  MemoryUsage of job (MB)
	1287856  -  ResidentSetSize of job (KB)
...
006 (7415720.000.000) 10/28 17:22:29 Image size of job updated: 1363012
	1258  -  MemoryUsage of job (MB)
	1287856  -  ResidentSetSize of job (KB)
...
006 (7415720.000.000) 10/28 17:27:30 Image size of job updated: 1366336
	1258  -  MemoryUsage of job (MB)
	1287856  -  ResidentSetSize of job (KB)
...
006 (7415720.000.000) 10/28 18:07:34 Image size of job updated: 1367496
	1258  -  MemoryUsage of job (MB)
	1287856  -  ResidentSetSize of job (KB)
...
006 (7415720.000.000) 10/28 18:17:35 Image size of job updated: 1369256
	1258  -  MemoryUsage of job (MB)
	1287856  -  ResidentSetSize of job (KB)
...
006 (7415720.000.000) 10/28 18:22:36 Image size of job updated: 1382016
	1258  -  MemoryUsage of job (MB)
	1287856  -  ResidentSetSize of job (KB)
...
006 (7415720.000.000) 10/28 18:32:37 Image size of job updated: 1391100
	1258  -  MemoryUsage of job (MB)
	1287856  -  ResidentSetSize of job (KB)
...
006 (7415720.000.000) 10/28 18:37:38 Image size of job updated: 1402848
	1258  -  MemoryUsage of job (MB)
	1287856  -  ResidentSetSize of job (KB)
...
006 (7415720.000.000) 10/28 18:42:38 Image size of job updated: 1408612
	1308  -  MemoryUsage of job (MB)
	1338856  -  ResidentSetSize of job (KB)
...
006 (7415720.000.000) 10/28 18:47:38 Image size of job updated: 1408612
	1312  -  MemoryUsage of job (MB)
	1342952  -  ResidentSetSize of job (KB)
...
006 (7415720.000.000) 10/28 18:52:40 Image size of job updated: 1413252
	1312  -  MemoryUsage of job (MB)
	1342952  -  ResidentSetSize of job (KB)
...
006 (7415720.000.000) 10/28 18:57:40 Image size of job updated: 1419124
	1312  -  MemoryUsage of job (MB)
	1342952  -  ResidentSetSize of job (KB)
...
006 (7415720.000.000) 10/28 19:02:40 Image size of job updated: 1438976
	1357  -  MemoryUsage of job (MB)
	1389372  -  ResidentSetSize of job (KB)
...
006 (7415720.000.000) 10/28 19:07:41 Image size of job updated: 1444968
	1364  -  MemoryUsage of job (MB)
	1395772  -  ResidentSetSize of job (KB)
...
006 (7415720.000.000) 10/28 19:12:41 Image size of job updated: 1446468
	1377  -  MemoryUsage of job (MB)
	1409316  -  ResidentSetSize of job (KB)
...
006 (7415720.000.000) 10/28 19:17:41 Image size of job updated: 1446468
	1383  -  MemoryUsage of job (MB)
	1415460  -  ResidentSetSize of job (KB)
...
006 (7415720.000.000) 10/28 19:22:42 Image size of job updated: 1450208
	1383  -  MemoryUsage of job (MB)
	1415460  -  ResidentSetSize of job (KB)
...
006 (7415720.000.000) 10/28 19:27:43 Image size of job updated: 1454024
	1383  -  MemoryUsage of job (MB)
	1415460  -  ResidentSetSize of job (KB)
...
006 (7415720.000.000) 10/28 19:32:43 Image size of job updated: 1462368
	1383  -  MemoryUsage of job (MB)
	1415460  -  ResidentSetSize of job (KB)
...
006 (7415720.000.000) 10/28 19:37:44 Image size of job updated: 1475824
	1441  -  MemoryUsage of job (MB)
	1475268  -  ResidentSetSize of job (KB)
...
006 (7415720.000.000) 10/28 19:42:45 Image size of job updated: 1478304
	1441  -  MemoryUsage of job (MB)
	1475268  -  ResidentSetSize of job (KB)
...
006 (7415720.000.000) 10/28 19:52:45 Image size of job updated: 1485252
	1441  -  MemoryUsage of job (MB)
	1475268  -  ResidentSetSize of job (KB)
...
006 (7415720.000.000) 10/28 20:02:46 Image size of job updated: 1492352
	1441  -  MemoryUsage of job (MB)
	1475268  -  ResidentSetSize of job (KB)
...
006 (7415720.000.000) 10/28 20:07:46 Image size of job updated: 1493264
	1441  -  MemoryUsage of job (MB)
	1475268  -  ResidentSetSize of job (KB)
...
006 (7415720.000.000) 10/28 20:12:47 Image size of job updated: 1494380
	1441  -  MemoryUsage of job (MB)
	1475268  -  ResidentSetSize of job (KB)
...
006 (7415720.000.000) 10/28 20:17:48 Image size of job updated: 1513616
	1441  -  MemoryUsage of job (MB)
	1475268  -  ResidentSetSize of job (KB)
...
006 (7415720.000.000) 10/28 20:22:48 Image size of job updated: 1514504
	1441  -  MemoryUsage of job (MB)
	1475268  -  ResidentSetSize of job (KB)
...
006 (7415720.000.000) 10/28 20:27:49 Image size of job updated: 1516040
	1441  -  MemoryUsage of job (MB)
	1475268  -  ResidentSetSize of job (KB)
...
006 (7415720.000.000) 10/28 20:32:50 Image size of job updated: 1516900
	1441  -  MemoryUsage of job (MB)
	1475268  -  ResidentSetSize of job (KB)
...
006 (7415720.000.000) 10/28 20:37:50 Image size of job updated: 1521644
	1441  -  MemoryUsage of job (MB)
	1475268  -  ResidentSetSize of job (KB)
...
006 (7415720.000.000) 10/28 20:42:50 Image size of job updated: 1525132
	1441  -  MemoryUsage of job (MB)
	1475268  -  ResidentSetSize of job (KB)
...
006 (7415720.000.000) 10/28 20:47:52 Image size of job updated: 1538256
	1441  -  MemoryUsage of job (MB)
	1475268  -  ResidentSetSize of job (KB)
...
006 (7415720.000.000) 10/28 20:54:16 Image size of job updated: 1539140
	1441  -  MemoryUsage of job (MB)
	1475268  -  ResidentSetSize of job (KB)
...
006 (7415720.000.000) 10/28 20:58:29 Image size of job updated: 1545992
	1441  -  MemoryUsage of job (MB)
	1475268  -  ResidentSetSize of job (KB)
...
006 (7415720.000.000) 10/28 21:08:30 Image size of job updated: 1548556
	1441  -  MemoryUsage of job (MB)
	1475268  -  ResidentSetSize of job (KB)
...
006 (7415720.000.000) 10/28 21:13:30 Image size of job updated: 1572268
	1441  -  MemoryUsage of job (MB)
	1475268  -  ResidentSetSize of job (KB)
...
006 (7415720.000.000) 10/28 21:18:32 Image size of job updated: 1573260
	1441  -  MemoryUsage of job (MB)
	1475268  -  ResidentSetSize of job (KB)
...
006 (7415720.000.000) 10/28 21:23:32 Image size of job updated: 1573592
	1441  -  MemoryUsage of job (MB)
	1475268  -  ResidentSetSize of job (KB)
...
006 (7415720.000.000) 10/28 21:38:34 Image size of job updated: 1584568
	1441  -  MemoryUsage of job (MB)
	1475268  -  ResidentSetSize of job (KB)
...
006 (7415720.000.000) 10/28 21:43:34 Image size of job updated: 1584748
	1462  -  MemoryUsage of job (MB)
	1496740  -  ResidentSetSize of job (KB)
...
006 (7415720.000.000) 10/28 21:58:36 Image size of job updated: 1584748
	1514  -  MemoryUsage of job (MB)
	1550196  -  ResidentSetSize of job (KB)
...
006 (7415720.000.000) 10/28 22:03:36 Image size of job updated: 1584748
	1520  -  MemoryUsage of job (MB)
	1556340  -  ResidentSetSize of job (KB)
...
006 (7415720.000.000) 10/28 22:23:38 Image size of job updated: 1601004
	1520  -  MemoryUsage of job (MB)
	1556340  -  ResidentSetSize of job (KB)
...
006 (7415720.000.000) 10/28 22:28:39 Image size of job updated: 1603684
	1520  -  MemoryUsage of job (MB)
	1556340  -  ResidentSetSize of job (KB)
...
006 (7415720.000.000) 10/28 22:38:40 Image size of job updated: 1605228
	1520  -  MemoryUsage of job (MB)
	1556340  -  ResidentSetSize of job (KB)
...
006 (7415720.000.000) 10/28 22:43:41 Image size of job updated: 1607512
	1520  -  MemoryUsage of job (MB)
	1556340  -  ResidentSetSize of job (KB)
...
006 (7415720.000.000) 10/28 23:03:43 Image size of job updated: 1612832
	1571  -  MemoryUsage of job (MB)
	1607988  -  ResidentSetSize of job (KB)
...
006 (7415720.000.000) 10/28 23:08:43 Image size of job updated: 1614092
	1571  -  MemoryUsage of job (MB)
	1607988  -  ResidentSetSize of job (KB)
...
006 (7415720.000.000) 10/28 23:13:44 Image size of job updated: 1622396
	1571  -  MemoryUsage of job (MB)
	1607988  -  ResidentSetSize of job (KB)
...
006 (7415720.000.000) 10/28 23:23:45 Image size of job updated: 1629948
	1571  -  MemoryUsage of job (MB)
	1607988  -  ResidentSetSize of job (KB)
...
006 (7415720.000.000) 10/28 23:28:46 Image size of job updated: 1635220
	1571  -  MemoryUsage of job (MB)
	1607988  -  ResidentSetSize of job (KB)
...
006 (7415720.000.000) 10/28 23:33:47 Image size of job updated: 1635348
	1571  -  MemoryUsage of job (MB)
	1607988  -  ResidentSetSize of job (KB)
...
006 (7415720.000.000) 10/28 23:38:47 Image size of job updated: 1645436
	1571  -  MemoryUsage of job (MB)
	1607988  -  ResidentSetSize of job (KB)
...
006 (7415720.000.000) 10/28 23:43:47 Image size of job updated: 1645600
	1587  -  MemoryUsage of job (MB)
	1624828  -  ResidentSetSize of job (KB)
...
006 (7415720.000.000) 10/28 23:48:48 Image size of job updated: 1649960
	1591  -  MemoryUsage of job (MB)
	1628684  -  ResidentSetSize of job (KB)
...
006 (7415720.000.000) 10/28 23:53:48 Image size of job updated: 1659480
	1615  -  MemoryUsage of job (MB)
	1653644  -  ResidentSetSize of job (KB)
...
006 (7415720.000.000) 10/28 23:58:48 Image size of job updated: 1659544
	1619  -  MemoryUsage of job (MB)
	1657740  -  ResidentSetSize of job (KB)
...
006 (7415720.000.000) 10/29 00:03:49 Image size of job updated: 1701028
	1619  -  MemoryUsage of job (MB)
	1657740  -  ResidentSetSize of job (KB)
...
006 (7415720.000.000) 10/29 00:08:50 Image size of job updated: 1704388
	1664  -  MemoryUsage of job (MB)
	1703916  -  ResidentSetSize of job (KB)
...
006 (7415720.000.000) 10/29 00:13:50 Image size of job updated: 1707356
	1664  -  MemoryUsage of job (MB)
	1703916  -  ResidentSetSize of job (KB)
...
006 (7415720.000.000) 10/29 00:43:53 Image size of job updated: 1707900
	1664  -  MemoryUsage of job (MB)
	1703916  -  ResidentSetSize of job (KB)
...
006 (7415720.000.000) 10/29 00:48:53 Image size of job updated: 1709712
	1664  -  MemoryUsage of job (MB)
	1703916  -  ResidentSetSize of job (KB)
...
006 (7415720.000.000) 10/29 00:53:55 Image size of job updated: 1711984
	1664  -  MemoryUsage of job (MB)
	1703916  -  ResidentSetSize of job (KB)
...
006 (7415720.000.000) 10/29 00:58:55 Image size of job updated: 1716864
	1664  -  MemoryUsage of job (MB)
	1703916  -  ResidentSetSize of job (KB)
...
006 (7415720.000.000) 10/29 01:03:55 Image size of job updated: 1719176
	1664  -  MemoryUsage of job (MB)
	1703916  -  ResidentSetSize of job (KB)
...
006 (7415720.000.000) 10/29 01:08:56 Image size of job updated: 1733568
	1664  -  MemoryUsage of job (MB)
	1703916  -  ResidentSetSize of job (KB)
...
006 (7415720.000.000) 10/29 01:13:57 Image size of job updated: 1737036
	1664  -  MemoryUsage of job (MB)
	1703916  -  ResidentSetSize of job (KB)
...
006 (7415720.000.000) 10/29 01:23:58 Image size of job updated: 1738336
	1664  -  MemoryUsage of job (MB)
	1703916  -  ResidentSetSize of job (KB)
...
006 (7415720.000.000) 10/29 01:28:59 Image size of job updated: 1738780
	1664  -  MemoryUsage of job (MB)
	1703916  -  ResidentSetSize of job (KB)
...
006 (7415720.000.000) 10/29 01:33:59 Image size of job updated: 1742972
	1664  -  MemoryUsage of job (MB)
	1703916  -  ResidentSetSize of job (KB)
...
006 (7415720.000.000) 10/29 01:38:59 Image size of job updated: 1746544
	1664  -  MemoryUsage of job (MB)
	1703916  -  ResidentSetSize of job (KB)
...
006 (7415720.000.000) 10/29 01:44:00 Image size of job updated: 1750120
	1664  -  MemoryUsage of job (MB)
	1703916  -  ResidentSetSize of job (KB)
...
006 (7415720.000.000) 10/29 01:49:01 Image size of job updated: 1760336
	1664  -  MemoryUsage of job (MB)
	1703916  -  ResidentSetSize of job (KB)
...
006 (7415720.000.000) 10/29 01:54:01 Image size of job updated: 1760968
	1664  -  MemoryUsage of job (MB)
	1703916  -  ResidentSetSize of job (KB)
...
006 (7415720.000.000) 10/29 01:59:02 Image size of job updated: 1767248
	1664  -  MemoryUsage of job (MB)
	1703916  -  ResidentSetSize of job (KB)
...
006 (7415720.000.000) 10/29 02:04:03 Image size of job updated: 1768692
	1664  -  MemoryUsage of job (MB)
	1703916  -  ResidentSetSize of job (KB)
...
006 (7415720.000.000) 10/29 02:09:03 Image size of job updated: 1776384
	1664  -  MemoryUsage of job (MB)
	1703916  -  ResidentSetSize of job (KB)
...
006 (7415720.000.000) 10/29 02:19:04 Image size of job updated: 1816404
	1664  -  MemoryUsage of job (MB)
	1703916  -  ResidentSetSize of job (KB)
...
006 (7415720.000.000) 10/29 02:24:04 Image size of job updated: 1818312
	1664  -  MemoryUsage of job (MB)
	1703916  -  ResidentSetSize of job (KB)
...
006 (7415720.000.000) 10/29 03:09:10 Image size of job updated: 1818340
	1664  -  MemoryUsage of job (MB)
	1703916  -  ResidentSetSize of job (KB)
...
006 (7415720.000.000) 10/29 03:14:10 Image size of job updated: 1820232
	1714  -  MemoryUsage of job (MB)
	1754180  -  ResidentSetSize of job (KB)
...
006 (7415720.000.000) 10/29 03:24:12 Image size of job updated: 1823188
	1714  -  MemoryUsage of job (MB)
	1754180  -  ResidentSetSize of job (KB)
...
006 (7415720.000.000) 10/29 04:54:21 Image size of job updated: 1829628
	1714  -  MemoryUsage of job (MB)
	1754180  -  ResidentSetSize of job (KB)
...
006 (7415720.000.000) 10/29 05:14:23 Image size of job updated: 1831380
	1714  -  MemoryUsage of job (MB)
	1754180  -  ResidentSetSize of job (KB)
...
006 (7415720.000.000) 10/29 05:19:24 Image size of job updated: 1833932
	1714  -  MemoryUsage of job (MB)
	1754180  -  ResidentSetSize of job (KB)
...
006 (7415720.000.000) 10/29 05:29:25 Image size of job updated: 1833932
	1774  -  MemoryUsage of job (MB)
	1815676  -  ResidentSetSize of job (KB)
...
006 (7415720.000.000) 10/29 05:39:27 Image size of job updated: 1839048
	1774  -  MemoryUsage of job (MB)
	1815676  -  ResidentSetSize of job (KB)
...
006 (7415720.000.000) 10/29 05:44:27 Image size of job updated: 1839920
	1774  -  MemoryUsage of job (MB)
	1815676  -  ResidentSetSize of job (KB)
...
006 (7415720.000.000) 10/29 05:49:27 Image size of job updated: 1841460
	1774  -  MemoryUsage of job (MB)
	1815676  -  ResidentSetSize of job (KB)
...
006 (7415720.000.000) 10/29 05:54:28 Image size of job updated: 1842788
	1774  -  MemoryUsage of job (MB)
	1815676  -  ResidentSetSize of job (KB)
...
006 (7415720.000.000) 10/29 06:04:28 Image size of job updated: 1844620
	1774  -  MemoryUsage of job (MB)
	1815676  -  ResidentSetSize of job (KB)
...
006 (7415720.000.000) 10/29 06:09:29 Image size of job updated: 1846492
	1774  -  MemoryUsage of job (MB)
	1815676  -  ResidentSetSize of job (KB)
...
006 (7415720.000.000) 10/29 06:14:30 Image size of job updated: 1853240
	1774  -  MemoryUsage of job (MB)
	1815676  -  ResidentSetSize of job (KB)
...
006 (7415720.000.000) 10/29 06:19:30 Image size of job updated: 1854596
	1774  -  MemoryUsage of job (MB)
	1815676  -  ResidentSetSize of job (KB)
...
006 (7415720.000.000) 10/29 06:24:31 Image size of job updated: 1882600
	1774  -  MemoryUsage of job (MB)
	1815676  -  ResidentSetSize of job (KB)
...
006 (7415720.000.000) 10/29 06:29:32 Image size of job updated: 1884728
	1774  -  MemoryUsage of job (MB)
	1815676  -  ResidentSetSize of job (KB)
...
006 (7415720.000.000) 10/29 07:04:35 Image size of job updated: 1888124
	1774  -  MemoryUsage of job (MB)
	1815676  -  ResidentSetSize of job (KB)
...
006 (7415720.000.000) 10/29 07:14:35 Image size of job updated: 1910552
	1774  -  MemoryUsage of job (MB)
	1815676  -  ResidentSetSize of job (KB)
...
006 (7415720.000.000) 10/29 07:19:36 Image size of job updated: 1910648
	1774  -  MemoryUsage of job (MB)
	1815676  -  ResidentSetSize of job (KB)
...
006 (7415720.000.000) 10/29 07:49:40 Image size of job updated: 1913028
	1774  -  MemoryUsage of job (MB)
	1815676  -  ResidentSetSize of job (KB)
...
006 (7415720.000.000) 10/29 07:54:41 Image size of job updated: 1916012
	1774  -  MemoryUsage of job (MB)
	1815676  -  ResidentSetSize of job (KB)
...
006 (7415720.000.000) 10/29 07:59:41 Image size of job updated: 1919832
	1774  -  MemoryUsage of job (MB)
	1815676  -  ResidentSetSize of job (KB)
...
006 (7415720.000.000) 10/29 08:04:41 Image size of job updated: 1921796
	1774  -  MemoryUsage of job (MB)
	1815676  -  ResidentSetSize of job (KB)
...
006 (7415720.000.000) 10/29 08:09:42 Image size of job updated: 1928336
	1774  -  MemoryUsage of job (MB)
	1815676  -  ResidentSetSize of job (KB)
...
006 (7415720.000.000) 10/29 08:14:42 Image size of job updated: 1929008
	1774  -  MemoryUsage of job (MB)
	1815676  -  ResidentSetSize of job (KB)
...
006 (7415720.000.000) 10/29 08:19:42 Image size of job updated: 1931324
	1774  -  MemoryUsage of job (MB)
	1815676  -  ResidentSetSize of job (KB)
...
006 (7415720.000.000) 10/29 08:24:43 Image size of job updated: 1936932
	1774  -  MemoryUsage of job (MB)
	1815676  -  ResidentSetSize of job (KB)
...
006 (7415720.000.000) 10/29 08:29:44 Image size of job updated: 1942352
	1774  -  MemoryUsage of job (MB)
	1815676  -  ResidentSetSize of job (KB)
...
006 (7415720.000.000) 10/29 08:34:44 Image size of job updated: 1943800
	1774  -  MemoryUsage of job (MB)
	1815676  -  ResidentSetSize of job (KB)
...
006 (7415720.000.000) 10/29 08:39:44 Image size of job updated: 1947308
	1774  -  MemoryUsage of job (MB)
	1815676  -  ResidentSetSize of job (KB)
...
006 (7415720.000.000) 10/29 08:44:45 Image size of job updated: 1960400
	1857  -  MemoryUsage of job (MB)
	1901108  -  ResidentSetSize of job (KB)
...
006 (7415720.000.000) 10/29 08:49:45 Image size of job updated: 1960400
	1863  -  MemoryUsage of job (MB)
	1907252  -  ResidentSetSize of job (KB)
...
006 (7415720.000.000) 10/29 09:04:47 Image size of job updated: 1966044
	1863  -  MemoryUsage of job (MB)
	1907252  -  ResidentSetSize of job (KB)
...
006 (7415720.000.000) 10/29 09:09:47 Image size of job updated: 1966612
	1863  -  MemoryUsage of job (MB)
	1907252  -  ResidentSetSize of job (KB)
...
006 (7415720.000.000) 10/29 09:14:48 Image size of job updated: 2003764
	1863  -  MemoryUsage of job (MB)
	1907252  -  ResidentSetSize of job (KB)
...
006 (7415720.000.000) 10/29 09:19:49 Image size of job updated: 2005896
	1863  -  MemoryUsage of job (MB)
	1907252  -  ResidentSetSize of job (KB)
...
006 (7415720.000.000) 10/29 09:49:51 Image size of job updated: 2006008
	1863  -  MemoryUsage of job (MB)
	1907252  -  ResidentSetSize of job (KB)
...
006 (7415720.000.000) 10/29 09:54:52 Image size of job updated: 2007636
	1863  -  MemoryUsage of job (MB)
	1907252  -  ResidentSetSize of job (KB)
...
006 (7415720.000.000) 10/29 09:59:52 Image size of job updated: 2007636
	1922  -  MemoryUsage of job (MB)
	1967236  -  ResidentSetSize of job (KB)
...
006 (7415720.000.000) 10/29 10:04:53 Image size of job updated: 2009660
	1928  -  MemoryUsage of job (MB)
	1973380  -  ResidentSetSize of job (KB)
...
006 (7415720.000.000) 10/29 10:24:56 Image size of job updated: 2010376
	1928  -  MemoryUsage of job (MB)
	1973380  -  ResidentSetSize of job (KB)
...
006 (7415720.000.000) 10/29 10:29:56 Image size of job updated: 2013088
	1928  -  MemoryUsage of job (MB)
	1973380  -  ResidentSetSize of job (KB)
...
006 (7415720.000.000) 10/29 10:34:56 Image size of job updated: 2014564
	1928  -  MemoryUsage of job (MB)
	1973380  -  ResidentSetSize of job (KB)
...
006 (7415720.000.000) 10/29 10:39:57 Image size of job updated: 2018768
	1928  -  MemoryUsage of job (MB)
	1973380  -  ResidentSetSize of job (KB)
...
006 (7415720.000.000) 10/29 10:44:58 Image size of job updated: 2025020
	1928  -  MemoryUsage of job (MB)
	1973380  -  ResidentSetSize of job (KB)
...
006 (7415720.000.000) 10/29 10:54:59 Image size of job updated: 2027048
	1928  -  MemoryUsage of job (MB)
	1973380  -  ResidentSetSize of job (KB)
...
006 (7415720.000.000) 10/29 11:00:00 Image size of job updated: 2030816
	1928  -  MemoryUsage of job (MB)
	1973380  -  ResidentSetSize of job (KB)
...
006 (7415720.000.000) 10/29 11:05:00 Image size of job updated: 2042568
	1928  -  MemoryUsage of job (MB)
	1973380  -  ResidentSetSize of job (KB)
...
006 (7415720.000.000) 10/29 11:15:02 Image size of job updated: 2043836
	1928  -  MemoryUsage of job (MB)
	1973380  -  ResidentSetSize of job (KB)
...
006 (7415720.000.000) 10/29 11:20:02 Image size of job updated: 2044976
	1928  -  MemoryUsage of job (MB)
	1973380  -  ResidentSetSize of job (KB)
...
006 (7415720.000.000) 10/29 11:25:02 Image size of job updated: 2045352
	1928  -  MemoryUsage of job (MB)
	1973380  -  ResidentSetSize of job (KB)
...
006 (7415720.000.000) 10/29 11:30:03 Image size of job updated: 2058152
	2007  -  MemoryUsage of job (MB)
	2055020  -  ResidentSetSize of job (KB)
...
006 (7415720.000.000) 10/29 11:35:03 Image size of job updated: 2059104
	2010  -  MemoryUsage of job (MB)
	2057324  -  ResidentSetSize of job (KB)
...
006 (7415720.000.000) 10/29 11:45:05 Image size of job updated: 2062304
	2010  -  MemoryUsage of job (MB)
	2057324  -  ResidentSetSize of job (KB)
...
006 (7415720.000.000) 10/29 12:00:06 Image size of job updated: 2066560
	2010  -  MemoryUsage of job (MB)
	2057324  -  ResidentSetSize of job (KB)
...
006 (7415720.000.000) 10/29 12:10:07 Image size of job updated: 2069256
	2011  -  MemoryUsage of job (MB)
	2059076  -  ResidentSetSize of job (KB)
...
006 (7415720.000.000) 10/29 12:15:08 Image size of job updated: 2069996
	2017  -  MemoryUsage of job (MB)
	2065136  -  ResidentSetSize of job (KB)
...
006 (7415720.000.000) 10/29 12:20:09 Image size of job updated: 2075472
	2021  -  MemoryUsage of job (MB)
	2069232  -  ResidentSetSize of job (KB)
...
006 (7415720.000.000) 10/29 12:25:09 Image size of job updated: 2093264
	2024  -  MemoryUsage of job (MB)
	2072148  -  ResidentSetSize of job (KB)
...
006 (7415720.000.000) 10/29 12:30:09 Image size of job updated: 2093860
	2024  -  MemoryUsage of job (MB)
	2072148  -  ResidentSetSize of job (KB)
...
006 (7415720.000.000) 10/29 12:55:13 Image size of job updated: 2095796
	2024  -  MemoryUsage of job (MB)
	2072148  -  ResidentSetSize of job (KB)
...
006 (7415720.000.000) 10/29 13:00:13 Image size of job updated: 2101140
	2024  -  MemoryUsage of job (MB)
	2072148  -  ResidentSetSize of job (KB)
...
006 (7415720.000.000) 10/29 13:05:14 Image size of job updated: 2108912
	2024  -  MemoryUsage of job (MB)
	2072148  -  ResidentSetSize of job (KB)
...
006 (7415720.000.000) 10/29 13:10:15 Image size of job updated: 2110424
	2024  -  MemoryUsage of job (MB)
	2072148  -  ResidentSetSize of job (KB)
...
006 (7415720.000.000) 10/29 13:20:15 Image size of job updated: 2115600
	2024  -  MemoryUsage of job (MB)
	2072148  -  ResidentSetSize of job (KB)
...
006 (7415720.000.000) 10/29 13:30:16 Image size of job updated: 2119040
	2024  -  MemoryUsage of job (MB)
	2072148  -  ResidentSetSize of job (KB)
...
006 (7415720.000.000) 10/29 13:35:16 Image size of job updated: 2121248
	2024  -  MemoryUsage of job (MB)
	2072148  -  ResidentSetSize of job (KB)
...
006 (7415720.000.000) 10/29 13:45:18 Image size of job updated: 2123604
	2024  -  MemoryUsage of job (MB)
	2072148  -  ResidentSetSize of job (KB)
...
006 (7415720.000.000) 10/29 13:50:18 Image size of job updated: 2132936
	2024  -  MemoryUsage of job (MB)
	2072148  -  ResidentSetSize of job (KB)
...
006 (7415720.000.000) 10/29 13:55:19 Image size of job updated: 2133160
	2024  -  MemoryUsage of job (MB)
	2072148  -  ResidentSetSize of job (KB)
...
006 (7415720.000.000) 10/29 14:00:20 Image size of job updated: 2136224
	2024  -  MemoryUsage of job (MB)
	2072148  -  ResidentSetSize of job (KB)
...
006 (7415720.000.000) 10/29 14:10:20 Image size of job updated: 2141232
	2024  -  MemoryUsage of job (MB)
	2072148  -  ResidentSetSize of job (KB)
...
006 (7415720.000.000) 10/29 14:15:21 Image size of job updated: 2164044
	2024  -  MemoryUsage of job (MB)
	2072148  -  ResidentSetSize of job (KB)
...
006 (7415720.000.000) 10/29 14:20:21 Image size of job updated: 2164756
	2024  -  MemoryUsage of job (MB)
	2072148  -  ResidentSetSize of job (KB)
...
006 (7415720.000.000) 10/29 14:25:21 Image size of job updated: 2164756
	2092  -  MemoryUsage of job (MB)
	2142144  -  ResidentSetSize of job (KB)
...
006 (7415720.000.000) 10/29 14:30:22 Image size of job updated: 2164756
	2096  -  MemoryUsage of job (MB)
	2146240  -  ResidentSetSize of job (KB)
...
006 (7415720.000.000) 10/29 14:52:37 Image size of job updated: 2168588
	2096  -  MemoryUsage of job (MB)
	2146240  -  ResidentSetSize of job (KB)
...
006 (7415720.000.000) 10/29 15:02:38 Image size of job updated: 2170908
	2096  -  MemoryUsage of job (MB)
	2146240  -  ResidentSetSize of job (KB)
...
006 (7415720.000.000) 10/29 15:07:39 Image size of job updated: 2173944
	2096  -  MemoryUsage of job (MB)
	2146240  -  ResidentSetSize of job (KB)
...
006 (7415720.000.000) 10/29 15:12:39 Image size of job updated: 2185432
	2096  -  MemoryUsage of job (MB)
	2146240  -  ResidentSetSize of job (KB)
...
006 (7415720.000.000) 10/29 15:22:40 Image size of job updated: 2185672
	2096  -  MemoryUsage of job (MB)
	2146240  -  ResidentSetSize of job (KB)
...
006 (7415720.000.000) 10/29 15:27:41 Image size of job updated: 2190852
	2096  -  MemoryUsage of job (MB)
	2146240  -  ResidentSetSize of job (KB)
...
006 (7415720.000.000) 10/29 15:32:41 Image size of job updated: 2195276
	2101  -  MemoryUsage of job (MB)
	2151040  -  ResidentSetSize of job (KB)
...
006 (7415720.000.000) 10/29 15:37:42 Image size of job updated: 2200740
	2105  -  MemoryUsage of job (MB)
	2155156  -  ResidentSetSize of job (KB)
...
006 (7415720.000.000) 10/29 15:47:43 Image size of job updated: 2208100
	2114  -  MemoryUsage of job (MB)
	2164712  -  ResidentSetSize of job (KB)
...
006 (7415720.000.000) 10/29 15:52:43 Image size of job updated: 2208520
	2114  -  MemoryUsage of job (MB)
	2164712  -  ResidentSetSize of job (KB)
...
006 (7415720.000.000) 10/29 15:57:44 Image size of job updated: 2210956
	2114  -  MemoryUsage of job (MB)
	2164712  -  ResidentSetSize of job (KB)
...
006 (7415720.000.000) 10/29 16:02:44 Image size of job updated: 2212680
	2114  -  MemoryUsage of job (MB)
	2164712  -  ResidentSetSize of job (KB)
...
006 (7415720.000.000) 10/29 16:07:44 Image size of job updated: 2216992
	2114  -  MemoryUsage of job (MB)
	2164712  -  ResidentSetSize of job (KB)
...
006 (7415720.000.000) 10/29 16:12:45 Image size of job updated: 2220460
	2114  -  MemoryUsage of job (MB)
	2164712  -  ResidentSetSize of job (KB)
...
006 (7415720.000.000) 10/29 16:17:46 Image size of job updated: 2227864
	2114  -  MemoryUsage of job (MB)
	2164712  -  ResidentSetSize of job (KB)
...
006 (7415720.000.000) 10/29 16:22:46 Image size of job updated: 2239296
	2114  -  MemoryUsage of job (MB)
	2164712  -  ResidentSetSize of job (KB)
...
006 (7415720.000.000) 10/29 16:27:46 Image size of job updated: 2239852
	2114  -  MemoryUsage of job (MB)
	2164712  -  ResidentSetSize of job (KB)
...
006 (7415720.000.000) 10/29 16:47:49 Image size of job updated: 2271932
	2114  -  MemoryUsage of job (MB)
	2164712  -  ResidentSetSize of job (KB)
...
006 (7415720.000.000) 10/29 18:07:57 Image size of job updated: 2283436
	2220  -  MemoryUsage of job (MB)
	2272524  -  ResidentSetSize of job (KB)
...
006 (7415720.000.000) 10/29 18:22:59 Image size of job updated: 2283984
	2220  -  MemoryUsage of job (MB)
	2272524  -  ResidentSetSize of job (KB)
...
006 (7415720.000.000) 10/29 18:27:59 Image size of job updated: 2294736
	2220  -  MemoryUsage of job (MB)
	2272524  -  ResidentSetSize of job (KB)
...
006 (7415720.000.000) 10/29 18:33:00 Image size of job updated: 2297268
	2220  -  MemoryUsage of job (MB)
	2272524  -  ResidentSetSize of job (KB)
...
006 (7415720.000.000) 10/29 18:43:01 Image size of job updated: 2299448
	2220  -  MemoryUsage of job (MB)
	2272524  -  ResidentSetSize of job (KB)
...
006 (7415720.000.000) 10/29 18:48:01 Image size of job updated: 2300276
	2220  -  MemoryUsage of job (MB)
	2272524  -  ResidentSetSize of job (KB)
...
006 (7415720.000.000) 10/29 18:53:02 Image size of job updated: 2302488
	2220  -  MemoryUsage of job (MB)
	2272524  -  ResidentSetSize of job (KB)
...
006 (7415720.000.000) 10/29 18:58:02 Image size of job updated: 2306004
	2220  -  MemoryUsage of job (MB)
	2272524  -  ResidentSetSize of job (KB)
...
006 (7415720.000.000) 10/29 19:03:02 Image size of job updated: 2307208
	2220  -  MemoryUsage of job (MB)
	2272524  -  ResidentSetSize of job (KB)
...
006 (7415720.000.000) 10/29 19:08:03 Image size of job updated: 2318420
	2220  -  MemoryUsage of job (MB)
	2272524  -  ResidentSetSize of job (KB)
...
006 (7415720.000.000) 10/29 19:13:04 Image size of job updated: 2323704
	2220  -  MemoryUsage of job (MB)
	2272524  -  ResidentSetSize of job (KB)
...
006 (7415720.000.000) 10/29 19:18:04 Image size of job updated: 2323736
	2220  -  MemoryUsage of job (MB)
	2272524  -  ResidentSetSize of job (KB)
...
006 (7415720.000.000) 10/29 19:28:06 Image size of job updated: 2326300
	2220  -  MemoryUsage of job (MB)
	2272524  -  ResidentSetSize of job (KB)
...
006 (7415720.000.000) 10/29 19:33:06 Image size of job updated: 2334688
	2220  -  MemoryUsage of job (MB)
	2272524  -  ResidentSetSize of job (KB)
...
006 (7415720.000.000) 10/29 19:43:07 Image size of job updated: 2335392
	2220  -  MemoryUsage of job (MB)
	2272524  -  ResidentSetSize of job (KB)
...
006 (7415720.000.000) 10/29 19:48:07 Image size of job updated: 2342852
	2220  -  MemoryUsage of job (MB)
	2272524  -  ResidentSetSize of job (KB)
...
006 (7415720.000.000) 10/29 19:53:07 Image size of job updated: 2343084
	2220  -  MemoryUsage of job (MB)
	2272524  -  ResidentSetSize of job (KB)
...
006 (7415720.000.000) 10/29 19:58:08 Image size of job updated: 2348616
	2220  -  MemoryUsage of job (MB)
	2272524  -  ResidentSetSize of job (KB)
...
006 (7415720.000.000) 10/29 20:08:09 Image size of job updated: 2351108
	2220  -  MemoryUsage of job (MB)
	2272524  -  ResidentSetSize of job (KB)
...
006 (7415720.000.000) 10/29 20:13:10 Image size of job updated: 2353756
	2220  -  MemoryUsage of job (MB)
	2272524  -  ResidentSetSize of job (KB)
...
006 (7415720.000.000) 10/29 20:18:11 Image size of job updated: 2361560
	2220  -  MemoryUsage of job (MB)
	2272524  -  ResidentSetSize of job (KB)
...
006 (7415720.000.000) 10/29 20:23:11 Image size of job updated: 2368504
	2220  -  MemoryUsage of job (MB)
	2272524  -  ResidentSetSize of job (KB)
...
006 (7415720.000.000) 10/29 20:43:13 Image size of job updated: 2371060
	2220  -  MemoryUsage of job (MB)
	2272524  -  ResidentSetSize of job (KB)
...
006 (7415720.000.000) 10/29 20:48:14 Image size of job updated: 2373236
	2220  -  MemoryUsage of job (MB)
	2272524  -  ResidentSetSize of job (KB)
...
006 (7415720.000.000) 10/29 20:53:15 Image size of job updated: 2400396
	2220  -  MemoryUsage of job (MB)
	2272524  -  ResidentSetSize of job (KB)
...
006 (7415720.000.000) 10/29 20:58:15 Image size of job updated: 2400716
	2289  -  MemoryUsage of job (MB)
	2343032  -  ResidentSetSize of job (KB)
...
006 (7415720.000.000) 10/29 21:48:21 Image size of job updated: 2401168
	2289  -  MemoryUsage of job (MB)
	2343032  -  ResidentSetSize of job (KB)
...
006 (7415720.000.000) 10/29 21:53:21 Image size of job updated: 2402284
	2289  -  MemoryUsage of job (MB)
	2343032  -  ResidentSetSize of job (KB)
...
006 (7415720.000.000) 10/29 21:58:22 Image size of job updated: 2431616
	2289  -  MemoryUsage of job (MB)
	2343032  -  ResidentSetSize of job (KB)
...
006 (7415720.000.000) 10/29 22:03:22 Image size of job updated: 2433796
	2289  -  MemoryUsage of job (MB)
	2343032  -  ResidentSetSize of job (KB)
...
006 (7415720.000.000) 10/29 22:53:27 Image size of job updated: 2433796
	2331  -  MemoryUsage of job (MB)
	2386924  -  ResidentSetSize of job (KB)
...
006 (7415720.000.000) 10/29 22:58:27 Image size of job updated: 2433796
	2335  -  MemoryUsage of job (MB)
	2391020  -  ResidentSetSize of job (KB)
...
006 (7415720.000.000) 10/29 23:33:30 Image size of job updated: 2437420
	2335  -  MemoryUsage of job (MB)
	2391020  -  ResidentSetSize of job (KB)
...
006 (7415720.000.000) 10/29 23:38:30 Image size of job updated: 2438360
	2335  -  MemoryUsage of job (MB)
	2391020  -  ResidentSetSize of job (KB)
...
006 (7415720.000.000) 10/29 23:43:31 Image size of job updated: 2438828
	2335  -  MemoryUsage of job (MB)
	2391020  -  ResidentSetSize of job (KB)
...
006 (7415720.000.000) 10/29 23:53:32 Image size of job updated: 2439316
	2335  -  MemoryUsage of job (MB)
	2391020  -  ResidentSetSize of job (KB)
...
006 (7415720.000.000) 10/29 23:58:33 Image size of job updated: 2442284
	2335  -  MemoryUsage of job (MB)
	2391020  -  ResidentSetSize of job (KB)
...
006 (7415720.000.000) 10/30 00:03:34 Image size of job updated: 2444852
	2335  -  MemoryUsage of job (MB)
	2391020  -  ResidentSetSize of job (KB)
...
006 (7415720.000.000) 10/30 00:08:34 Image size of job updated: 2454652
	2335  -  MemoryUsage of job (MB)
	2391020  -  ResidentSetSize of job (KB)
...
006 (7415720.000.000) 10/30 00:13:34 Image size of job updated: 2456196
	2335  -  MemoryUsage of job (MB)
	2391020  -  ResidentSetSize of job (KB)
...
006 (7415720.000.000) 10/30 00:18:35 Image size of job updated: 2463932
	2335  -  MemoryUsage of job (MB)
	2391020  -  ResidentSetSize of job (KB)
...
006 (7415720.000.000) 10/30 00:23:35 Image size of job updated: 2473108
	2335  -  MemoryUsage of job (MB)
	2391020  -  ResidentSetSize of job (KB)
...
006 (7415720.000.000) 10/30 00:28:35 Image size of job updated: 2474768
	2396  -  MemoryUsage of job (MB)
	2452736  -  ResidentSetSize of job (KB)
...
006 (7415720.000.000) 10/30 00:38:37 Image size of job updated: 2474768
	2402  -  MemoryUsage of job (MB)
	2458640  -  ResidentSetSize of job (KB)
...
006 (7415720.000.000) 10/30 01:13:41 Image size of job updated: 2479316
	2402  -  MemoryUsage of job (MB)
	2458640  -  ResidentSetSize of job (KB)
...
006 (7415720.000.000) 10/30 01:23:42 Image size of job updated: 2479380
	2402  -  MemoryUsage of job (MB)
	2458640  -  ResidentSetSize of job (KB)
...
006 (7415720.000.000) 10/30 01:28:42 Image size of job updated: 2481708
	2402  -  MemoryUsage of job (MB)
	2458640  -  ResidentSetSize of job (KB)
...
006 (7415720.000.000) 10/30 01:33:42 Image size of job updated: 2486288
	2402  -  MemoryUsage of job (MB)
	2458640  -  ResidentSetSize of job (KB)
...
006 (7415720.000.000) 10/30 01:38:43 Image size of job updated: 2493988
	2431  -  MemoryUsage of job (MB)
	2488328  -  ResidentSetSize of job (KB)
...
006 (7415720.000.000) 10/30 01:43:44 Image size of job updated: 2499228
	2435  -  MemoryUsage of job (MB)
	2492424  -  ResidentSetSize of job (KB)
...
006 (7415720.000.000) 10/30 02:08:46 Image size of job updated: 2501188
	2435  -  MemoryUsage of job (MB)
	2492424  -  ResidentSetSize of job (KB)
...
006 (7415720.000.000) 10/30 02:13:47 Image size of job updated: 2502288
	2435  -  MemoryUsage of job (MB)
	2492424  -  ResidentSetSize of job (KB)
...
006 (7415720.000.000) 10/30 02:18:47 Image size of job updated: 2503548
	2435  -  MemoryUsage of job (MB)
	2492424  -  ResidentSetSize of job (KB)
...
006 (7415720.000.000) 10/30 02:23:47 Image size of job updated: 2508396
	2435  -  MemoryUsage of job (MB)
	2492424  -  ResidentSetSize of job (KB)
...
006 (7415720.000.000) 10/30 02:28:48 Image size of job updated: 2520436
	2435  -  MemoryUsage of job (MB)
	2492424  -  ResidentSetSize of job (KB)
...
006 (7415720.000.000) 10/30 02:53:51 Image size of job updated: 2531212
	2435  -  MemoryUsage of job (MB)
	2492424  -  ResidentSetSize of job (KB)
...
006 (7415720.000.000) 10/30 02:58:52 Image size of job updated: 2537104
	2435  -  MemoryUsage of job (MB)
	2492424  -  ResidentSetSize of job (KB)
...
006 (7415720.000.000) 10/30 03:03:53 Image size of job updated: 2538544
	2435  -  MemoryUsage of job (MB)
	2492424  -  ResidentSetSize of job (KB)
...
006 (7415720.000.000) 10/30 03:08:53 Image size of job updated: 2548072
	2435  -  MemoryUsage of job (MB)
	2492424  -  ResidentSetSize of job (KB)
...
006 (7415720.000.000) 10/30 03:13:54 Image size of job updated: 2548820
	2435  -  MemoryUsage of job (MB)
	2492424  -  ResidentSetSize of job (KB)
...
006 (7415720.000.000) 10/30 03:58:58 Image size of job updated: 2554628
	2435  -  MemoryUsage of job (MB)
	2492424  -  ResidentSetSize of job (KB)
...
006 (7415720.000.000) 10/30 04:03:59 Image size of job updated: 2559628
	2435  -  MemoryUsage of job (MB)
	2492424  -  ResidentSetSize of job (KB)
...
006 (7415720.000.000) 10/30 04:09:00 Image size of job updated: 2561144
	2435  -  MemoryUsage of job (MB)
	2492424  -  ResidentSetSize of job (KB)
...
006 (7415720.000.000) 10/30 04:14:00 Image size of job updated: 2561648
	2435  -  MemoryUsage of job (MB)
	2492424  -  ResidentSetSize of job (KB)
...
006 (7415720.000.000) 10/30 04:19:01 Image size of job updated: 2568292
	2454  -  MemoryUsage of job (MB)
	2512484  -  ResidentSetSize of job (KB)
...
006 (7415720.000.000) 10/30 04:24:02 Image size of job updated: 2568768
	2458  -  MemoryUsage of job (MB)
	2516836  -  ResidentSetSize of job (KB)
...
006 (7415720.000.000) 10/30 04:39:04 Image size of job updated: 2574472
	2458  -  MemoryUsage of job (MB)
	2516836  -  ResidentSetSize of job (KB)
...
006 (7415720.000.000) 10/30 04:44:04 Image size of job updated: 2575452
	2458  -  MemoryUsage of job (MB)
	2516836  -  ResidentSetSize of job (KB)
...
006 (7415720.000.000) 10/30 05:04:06 Image size of job updated: 2598640
	2458  -  MemoryUsage of job (MB)
	2516836  -  ResidentSetSize of job (KB)
...
006 (7415720.000.000) 10/30 05:09:07 Image size of job updated: 2600660
	2458  -  MemoryUsage of job (MB)
	2516836  -  ResidentSetSize of job (KB)
...
006 (7415720.000.000) 10/30 05:14:08 Image size of job updated: 2601724
	2458  -  MemoryUsage of job (MB)
	2516836  -  ResidentSetSize of job (KB)
...
006 (7415720.000.000) 10/30 05:44:10 Image size of job updated: 2601724
	2522  -  MemoryUsage of job (MB)
	2581532  -  ResidentSetSize of job (KB)
...
006 (7415720.000.000) 10/30 05:49:11 Image size of job updated: 2601724
	2524  -  MemoryUsage of job (MB)
	2583580  -  ResidentSetSize of job (KB)
...
006 (7415720.000.000) 10/30 06:04:13 Image size of job updated: 2607256
	2524  -  MemoryUsage of job (MB)
	2583580  -  ResidentSetSize of job (KB)
...
006 (7415720.000.000) 10/30 06:09:13 Image size of job updated: 2638072
	2524  -  MemoryUsage of job (MB)
	2583580  -  ResidentSetSize of job (KB)
...
006 (7415720.000.000) 10/30 06:14:13 Image size of job updated: 2639284
	2524  -  MemoryUsage of job (MB)
	2583580  -  ResidentSetSize of job (KB)
...
006 (7415720.000.000) 10/30 06:19:14 Image size of job updated: 2639860
	2525  -  MemoryUsage of job (MB)
	2585000  -  ResidentSetSize of job (KB)
...
006 (7415720.000.000) 10/30 07:14:19 Image size of job updated: 2641436
	2525  -  MemoryUsage of job (MB)
	2585000  -  ResidentSetSize of job (KB)
...
006 (7415720.000.000) 10/30 07:19:19 Image size of job updated: 2641436
	2533  -  MemoryUsage of job (MB)
	2593632  -  ResidentSetSize of job (KB)
...
006 (7415720.000.000) 10/30 07:24:20 Image size of job updated: 2642192
	2539  -  MemoryUsage of job (MB)
	2599776  -  ResidentSetSize of job (KB)
...
006 (7415720.000.000) 10/30 07:29:21 Image size of job updated: 2646204
	2539  -  MemoryUsage of job (MB)
	2599776  -  ResidentSetSize of job (KB)
...
006 (7415720.000.000) 10/30 07:34:21 Image size of job updated: 2650472
	2539  -  MemoryUsage of job (MB)
	2599776  -  ResidentSetSize of job (KB)
...
006 (7415720.000.000) 10/30 07:44:23 Image size of job updated: 2651628
	2539  -  MemoryUsage of job (MB)
	2599776  -  ResidentSetSize of job (KB)
...
006 (7415720.000.000) 10/30 07:49:23 Image size of job updated: 2652692
	2539  -  MemoryUsage of job (MB)
	2599776  -  ResidentSetSize of job (KB)
...
006 (7415720.000.000) 10/30 07:59:24 Image size of job updated: 2659056
	2539  -  MemoryUsage of job (MB)
	2599776  -  ResidentSetSize of job (KB)
...
006 (7415720.000.000) 10/30 08:09:24 Image size of job updated: 2659532
	2539  -  MemoryUsage of job (MB)
	2599776  -  ResidentSetSize of job (KB)
...
006 (7415720.000.000) 10/30 08:19:26 Image size of job updated: 2662880
	2539  -  MemoryUsage of job (MB)
	2599776  -  ResidentSetSize of job (KB)
...
006 (7415720.000.000) 10/30 08:24:26 Image size of job updated: 2668784
	2539  -  MemoryUsage of job (MB)
	2599776  -  ResidentSetSize of job (KB)
...
006 (7415720.000.000) 10/30 08:29:27 Image size of job updated: 2669364
	2539  -  MemoryUsage of job (MB)
	2599776  -  ResidentSetSize of job (KB)
...
006 (7415720.000.000) 10/30 08:39:28 Image size of job updated: 2674476
	2539  -  MemoryUsage of job (MB)
	2599776  -  ResidentSetSize of job (KB)
...
006 (7415720.000.000) 10/30 08:44:28 Image size of job updated: 2679892
	2539  -  MemoryUsage of job (MB)
	2599776  -  ResidentSetSize of job (KB)
...
006 (7415720.000.000) 10/30 08:49:29 Image size of job updated: 2680308
	2585  -  MemoryUsage of job (MB)
	2646204  -  ResidentSetSize of job (KB)
...
006 (7415720.000.000) 10/30 08:54:29 Image size of job updated: 2680308
	2589  -  MemoryUsage of job (MB)
	2650300  -  ResidentSetSize of job (KB)
...
006 (7415720.000.000) 10/30 08:59:29 Image size of job updated: 2683580
	2589  -  MemoryUsage of job (MB)
	2650300  -  ResidentSetSize of job (KB)
...
006 (7415720.000.000) 10/30 09:04:30 Image size of job updated: 2684716
	2589  -  MemoryUsage of job (MB)
	2650300  -  ResidentSetSize of job (KB)
...
006 (7415720.000.000) 10/30 09:14:31 Image size of job updated: 2686228
	2589  -  MemoryUsage of job (MB)
	2650300  -  ResidentSetSize of job (KB)
...
006 (7415720.000.000) 10/30 09:19:32 Image size of job updated: 2691376
	2589  -  MemoryUsage of job (MB)
	2650300  -  ResidentSetSize of job (KB)
...
006 (7415720.000.000) 10/30 09:24:33 Image size of job updated: 2692040
	2589  -  MemoryUsage of job (MB)
	2650300  -  ResidentSetSize of job (KB)
...
006 (7415720.000.000) 10/30 09:29:33 Image size of job updated: 2701944
	2589  -  MemoryUsage of job (MB)
	2650300  -  ResidentSetSize of job (KB)
...
006 (7415720.000.000) 10/30 09:49:35 Image size of job updated: 2703016
	2589  -  MemoryUsage of job (MB)
	2650300  -  ResidentSetSize of job (KB)
...
006 (7415720.000.000) 10/30 09:54:36 Image size of job updated: 2710628
	2589  -  MemoryUsage of job (MB)
	2650300  -  ResidentSetSize of job (KB)
...
006 (7415720.000.000) 10/30 09:59:36 Image size of job updated: 2711220
	2589  -  MemoryUsage of job (MB)
	2650300  -  ResidentSetSize of job (KB)
...
006 (7415720.000.000) 10/30 10:09:37 Image size of job updated: 2712312
	2589  -  MemoryUsage of job (MB)
	2650300  -  ResidentSetSize of job (KB)
...
006 (7415720.000.000) 10/30 10:14:38 Image size of job updated: 2713176
	2589  -  MemoryUsage of job (MB)
	2650300  -  ResidentSetSize of job (KB)
...
006 (7415720.000.000) 10/30 10:19:38 Image size of job updated: 2720560
	2589  -  MemoryUsage of job (MB)
	2650300  -  ResidentSetSize of job (KB)
...
006 (7415720.000.000) 10/30 10:24:39 Image size of job updated: 2733672
	2589  -  MemoryUsage of job (MB)
	2650300  -  ResidentSetSize of job (KB)
...
006 (7415720.000.000) 10/30 10:29:40 Image size of job updated: 2735912
	2589  -  MemoryUsage of job (MB)
	2650300  -  ResidentSetSize of job (KB)
...
006 (7415720.000.000) 10/30 10:34:40 Image size of job updated: 2736340
	2632  -  MemoryUsage of job (MB)
	2694944  -  ResidentSetSize of job (KB)
...
006 (7415720.000.000) 10/30 10:39:40 Image size of job updated: 2736340
	2636  -  MemoryUsage of job (MB)
	2699040  -  ResidentSetSize of job (KB)
...
006 (7415720.000.000) 10/30 10:59:42 Image size of job updated: 2746428
	2636  -  MemoryUsage of job (MB)
	2699040  -  ResidentSetSize of job (KB)
...
006 (7415720.000.000) 10/30 11:49:47 Image size of job updated: 2747428
	2636  -  MemoryUsage of job (MB)
	2699040  -  ResidentSetSize of job (KB)
...
006 (7415720.000.000) 10/30 11:54:48 Image size of job updated: 2748152
	2636  -  MemoryUsage of job (MB)
	2699040  -  ResidentSetSize of job (KB)
...
006 (7415720.000.000) 10/30 11:59:49 Image size of job updated: 2748840
	2636  -  MemoryUsage of job (MB)
	2699040  -  ResidentSetSize of job (KB)
...
006 (7415720.000.000) 10/30 12:01:20 Image size of job updated: 5697084
	2636  -  MemoryUsage of job (MB)
	2699040  -  ResidentSetSize of job (KB)
...
040 (7415720.000.000) 10/30 12:01:20 Started transferring output files
...
040 (7415720.000.000) 10/30 12:01:21 Finished transferring output files
...
005 (7415720.000.000) 10/30 12:01:21 Job terminated.
	(1) Normal termination (return value 0)
		Usr 1 00:28:31, Sys 1 00:29:46  -  Run Remote Usage
		Usr 0 00:00:00, Sys 0 00:00:00  -  Run Local Usage
		Usr 1 00:28:31, Sys 1 00:29:46  -  Total Remote Usage
		Usr 0 00:00:00, Sys 0 00:00:00  -  Total Local Usage
	4785  -  Run Bytes Sent By Job
	10906  -  Run Bytes Received By Job
	4785  -  Total Bytes Sent By Job
	10906  -  Total Bytes Received By Job
	Partitionable Resources :    Usage  Request Allocated 
	   Cpus                 :     0.99        1         1 
	   Disk (KB)            :    38          12   2886911 
	   Memory (MB)          :  2636        2000      2000 

	Job terminated of its own accord at 2024-10-30T11:01:20Z with exit-code 0.
...
000 (7419549.000.000) 10/30 16:09:34 Job submitted from host: <137.138.55.115:9618?addrs=137.138.55.115-9618+[2001-1458-d00-17--12a]-9618&alias=bigbird23.cern.ch&noUDP&sock=schedd_4975_03c1>
...
040 (7419549.000.000) 10/30 16:51:19 Started transferring input files
	Transferring to host: <128.142.248.123:9618?addrs=128.142.248.123-9618+[2001-1458-301-73--100-16b]-9618&alias=b9g23p2657.cern.ch&noUDP&sock=slot1_24_2796932_5dc1_18998>
...
040 (7419549.000.000) 10/30 16:51:19 Finished transferring input files
...
001 (7419549.000.000) 10/30 16:51:20 Job executing on host: <128.142.248.123:9618?addrs=128.142.248.123-9618+[2001-1458-301-73--100-16b]-9618&alias=b9g23p2657.cern.ch&noUDP&sock=startd_7091_6a27>
	SlotName: slot1_24@b9g23p2657.cern.ch
	CondorScratchDir = "/pool/condor/dir_3805125"
	Cpus = 1
	Disk = 3075342
	Memory = 2000
...
006 (7419549.000.000) 10/30 16:51:29 Image size of job updated: 92536
	91  -  MemoryUsage of job (MB)
	92536  -  ResidentSetSize of job (KB)
...
006 (7419549.000.000) 10/30 16:56:29 Image size of job updated: 690068
	641  -  MemoryUsage of job (MB)
	656144  -  ResidentSetSize of job (KB)
...
006 (7419549.000.000) 10/30 17:01:29 Image size of job updated: 737944
	677  -  MemoryUsage of job (MB)
	692744  -  ResidentSetSize of job (KB)
...
006 (7419549.000.000) 10/30 17:06:30 Image size of job updated: 746744
	689  -  MemoryUsage of job (MB)
	704672  -  ResidentSetSize of job (KB)
...
006 (7419549.000.000) 10/30 17:11:30 Image size of job updated: 780968
	706  -  MemoryUsage of job (MB)
	722644  -  ResidentSetSize of job (KB)
...
006 (7419549.000.000) 10/30 17:16:31 Image size of job updated: 802936
	756  -  MemoryUsage of job (MB)
	773144  -  ResidentSetSize of job (KB)
...
006 (7419549.000.000) 10/30 17:21:32 Image size of job updated: 848860
	766  -  MemoryUsage of job (MB)
	783384  -  ResidentSetSize of job (KB)
...
006 (7419549.000.000) 10/30 17:26:32 Image size of job updated: 849940
	766  -  MemoryUsage of job (MB)
	783384  -  ResidentSetSize of job (KB)
...
006 (7419549.000.000) 10/30 17:31:33 Image size of job updated: 868108
	766  -  MemoryUsage of job (MB)
	783384  -  ResidentSetSize of job (KB)
...
006 (7419549.000.000) 10/30 21:11:54 Image size of job updated: 868108
	784  -  MemoryUsage of job (MB)
	802520  -  ResidentSetSize of job (KB)
...
006 (7419549.000.000) 10/30 21:21:56 Image size of job updated: 868108
	797  -  MemoryUsage of job (MB)
	815272  -  ResidentSetSize of job (KB)
...
006 (7419549.000.000) 10/30 21:26:57 Image size of job updated: 871696
	801  -  MemoryUsage of job (MB)
	819368  -  ResidentSetSize of job (KB)
...
006 (7419549.000.000) 10/30 21:31:57 Image size of job updated: 874620
	854  -  MemoryUsage of job (MB)
	874380  -  ResidentSetSize of job (KB)
...
006 (7419549.000.000) 10/30 21:36:57 Image size of job updated: 881284
	854  -  MemoryUsage of job (MB)
	874380  -  ResidentSetSize of job (KB)
...
006 (7419549.000.000) 10/30 21:41:58 Image size of job updated: 886232
	854  -  MemoryUsage of job (MB)
	874380  -  ResidentSetSize of job (KB)
...
006 (7419549.000.000) 10/30 21:46:58 Image size of job updated: 915656
	854  -  MemoryUsage of job (MB)
	874380  -  ResidentSetSize of job (KB)
...
006 (7419549.000.000) 10/30 21:51:58 Image size of job updated: 917004
	854  -  MemoryUsage of job (MB)
	874380  -  ResidentSetSize of job (KB)
...
006 (7419549.000.000) 10/30 22:02:00 Image size of job updated: 921800
	854  -  MemoryUsage of job (MB)
	874380  -  ResidentSetSize of job (KB)
...
006 (7419549.000.000) 10/30 22:22:02 Image size of job updated: 922244
	854  -  MemoryUsage of job (MB)
	874380  -  ResidentSetSize of job (KB)
...
006 (7419549.000.000) 10/30 22:27:02 Image size of job updated: 925148
	854  -  MemoryUsage of job (MB)
	874380  -  ResidentSetSize of job (KB)
...
006 (7419549.000.000) 10/30 22:32:02 Image size of job updated: 934060
	854  -  MemoryUsage of job (MB)
	874380  -  ResidentSetSize of job (KB)
...
006 (7419549.000.000) 10/30 22:37:03 Image size of job updated: 939472
	854  -  MemoryUsage of job (MB)
	874380  -  ResidentSetSize of job (KB)
...
006 (7419549.000.000) 10/30 22:42:04 Image size of job updated: 955188
	854  -  MemoryUsage of job (MB)
	874380  -  ResidentSetSize of job (KB)
...
006 (7419549.000.000) 10/30 22:47:04 Image size of job updated: 961356
	854  -  MemoryUsage of job (MB)
	874380  -  ResidentSetSize of job (KB)
...
006 (7419549.000.000) 10/30 22:52:04 Image size of job updated: 961356
	917  -  MemoryUsage of job (MB)
	938940  -  ResidentSetSize of job (KB)
...
006 (7419549.000.000) 10/30 22:57:05 Image size of job updated: 975992
	923  -  MemoryUsage of job (MB)
	945084  -  ResidentSetSize of job (KB)
...
006 (7419549.000.000) 10/30 23:02:05 Image size of job updated: 976260
	923  -  MemoryUsage of job (MB)
	945084  -  ResidentSetSize of job (KB)
...
006 (7419549.000.000) 10/30 23:13:33 Image size of job updated: 981192
	923  -  MemoryUsage of job (MB)
	945084  -  ResidentSetSize of job (KB)
...
006 (7419549.000.000) 10/30 23:17:59 Image size of job updated: 990188
	923  -  MemoryUsage of job (MB)
	945084  -  ResidentSetSize of job (KB)
...
006 (7419549.000.000) 10/30 23:22:59 Image size of job updated: 1026684
	923  -  MemoryUsage of job (MB)
	945084  -  ResidentSetSize of job (KB)
...
006 (7419549.000.000) 10/30 23:28:00 Image size of job updated: 1041060
	923  -  MemoryUsage of job (MB)
	945084  -  ResidentSetSize of job (KB)
...
006 (7419549.000.000) 10/30 23:33:01 Image size of job updated: 1042744
	923  -  MemoryUsage of job (MB)
	945084  -  ResidentSetSize of job (KB)
...
006 (7419549.000.000) 10/30 23:48:02 Image size of job updated: 1045488
	923  -  MemoryUsage of job (MB)
	945084  -  ResidentSetSize of job (KB)
...
006 (7419549.000.000) 10/30 23:53:02 Image size of job updated: 1045488
	975  -  MemoryUsage of job (MB)
	998012  -  ResidentSetSize of job (KB)
...
006 (7419549.000.000) 10/30 23:58:02 Image size of job updated: 1055136
	979  -  MemoryUsage of job (MB)
	1002108  -  ResidentSetSize of job (KB)
...
006 (7419549.000.000) 10/31 00:03:03 Image size of job updated: 1062184
	979  -  MemoryUsage of job (MB)
	1002108  -  ResidentSetSize of job (KB)
...
006 (7419549.000.000) 10/31 00:13:04 Image size of job updated: 1069632
	979  -  MemoryUsage of job (MB)
	1002108  -  ResidentSetSize of job (KB)
...
006 (7419549.000.000) 10/31 00:18:04 Image size of job updated: 1085496
	1044  -  MemoryUsage of job (MB)
	1068820  -  ResidentSetSize of job (KB)
...
006 (7419549.000.000) 10/31 00:23:05 Image size of job updated: 1085496
	1055  -  MemoryUsage of job (MB)
	1079748  -  ResidentSetSize of job (KB)
...
006 (7419549.000.000) 10/31 00:28:06 Image size of job updated: 1086440
	1055  -  MemoryUsage of job (MB)
	1079748  -  ResidentSetSize of job (KB)
...
006 (7419549.000.000) 10/31 00:33:06 Image size of job updated: 1095268
	1055  -  MemoryUsage of job (MB)
	1079748  -  ResidentSetSize of job (KB)
...
006 (7419549.000.000) 10/31 00:38:06 Image size of job updated: 1098580
	1055  -  MemoryUsage of job (MB)
	1079748  -  ResidentSetSize of job (KB)
...
006 (7419549.000.000) 10/31 00:43:07 Image size of job updated: 1110676
	1055  -  MemoryUsage of job (MB)
	1079748  -  ResidentSetSize of job (KB)
...
006 (7419549.000.000) 10/31 00:48:07 Image size of job updated: 1122992
	1055  -  MemoryUsage of job (MB)
	1079748  -  ResidentSetSize of job (KB)
...
006 (7419549.000.000) 10/31 00:53:07 Image size of job updated: 1123456
	1055  -  MemoryUsage of job (MB)
	1079748  -  ResidentSetSize of job (KB)
...
006 (7419549.000.000) 10/31 00:58:09 Image size of job updated: 1127360
	1055  -  MemoryUsage of job (MB)
	1079748  -  ResidentSetSize of job (KB)
...
006 (7419549.000.000) 10/31 01:03:09 Image size of job updated: 1129800
	1055  -  MemoryUsage of job (MB)
	1079748  -  ResidentSetSize of job (KB)
...
006 (7419549.000.000) 10/31 01:08:09 Image size of job updated: 1136220
	1055  -  MemoryUsage of job (MB)
	1079748  -  ResidentSetSize of job (KB)
...
006 (7419549.000.000) 10/31 01:13:09 Image size of job updated: 1200852
	1055  -  MemoryUsage of job (MB)
	1079748  -  ResidentSetSize of job (KB)
...
006 (7419549.000.000) 10/31 01:18:10 Image size of job updated: 1204612
	1055  -  MemoryUsage of job (MB)
	1079748  -  ResidentSetSize of job (KB)
...
006 (7419549.000.000) 10/31 01:23:11 Image size of job updated: 1205644
	1055  -  MemoryUsage of job (MB)
	1079748  -  ResidentSetSize of job (KB)
...
006 (7419549.000.000) 10/31 01:43:13 Image size of job updated: 1205644
	1102  -  MemoryUsage of job (MB)
	1127540  -  ResidentSetSize of job (KB)
...
006 (7419549.000.000) 10/31 01:48:13 Image size of job updated: 1205644
	1106  -  MemoryUsage of job (MB)
	1131636  -  ResidentSetSize of job (KB)
...
006 (7419549.000.000) 10/31 02:08:16 Image size of job updated: 1205644
	1124  -  MemoryUsage of job (MB)
	1150000  -  ResidentSetSize of job (KB)
...
006 (7419549.000.000) 10/31 02:13:17 Image size of job updated: 1205644
	1163  -  MemoryUsage of job (MB)
	1190520  -  ResidentSetSize of job (KB)
...
006 (7419549.000.000) 10/31 02:18:17 Image size of job updated: 1205644
	1166  -  MemoryUsage of job (MB)
	1193584  -  ResidentSetSize of job (KB)
...
006 (7419549.000.000) 10/31 02:23:17 Image size of job updated: 1216476
	1166  -  MemoryUsage of job (MB)
	1193584  -  ResidentSetSize of job (KB)
...
006 (7419549.000.000) 10/31 02:28:18 Image size of job updated: 1216476
	1183  -  MemoryUsage of job (MB)
	1210640  -  ResidentSetSize of job (KB)
...
006 (7419549.000.000) 10/31 02:38:19 Image size of job updated: 1225624
	1183  -  MemoryUsage of job (MB)
	1210640  -  ResidentSetSize of job (KB)
...
006 (7419549.000.000) 10/31 02:43:19 Image size of job updated: 1237468
	1183  -  MemoryUsage of job (MB)
	1210640  -  ResidentSetSize of job (KB)
...
006 (7419549.000.000) 10/31 02:48:21 Image size of job updated: 1241428
	1184  -  MemoryUsage of job (MB)
	1212376  -  ResidentSetSize of job (KB)
...
006 (7419549.000.000) 10/31 02:58:21 Image size of job updated: 1245888
	1184  -  MemoryUsage of job (MB)
	1212376  -  ResidentSetSize of job (KB)
...
006 (7419549.000.000) 10/31 03:03:22 Image size of job updated: 1248576
	1184  -  MemoryUsage of job (MB)
	1212376  -  ResidentSetSize of job (KB)
...
006 (7419549.000.000) 10/31 03:08:23 Image size of job updated: 1254328
	1184  -  MemoryUsage of job (MB)
	1212376  -  ResidentSetSize of job (KB)
...
006 (7419549.000.000) 10/31 03:13:23 Image size of job updated: 1273584
	1184  -  MemoryUsage of job (MB)
	1212376  -  ResidentSetSize of job (KB)
...
006 (7419549.000.000) 10/31 03:18:23 Image size of job updated: 1279556
	1184  -  MemoryUsage of job (MB)
	1212376  -  ResidentSetSize of job (KB)
...
006 (7419549.000.000) 10/31 03:23:24 Image size of job updated: 1281024
	1218  -  MemoryUsage of job (MB)
	1246260  -  ResidentSetSize of job (KB)
...
006 (7419549.000.000) 10/31 03:28:25 Image size of job updated: 1281024
	1226  -  MemoryUsage of job (MB)
	1254452  -  ResidentSetSize of job (KB)
...
006 (7419549.000.000) 10/31 03:33:25 Image size of job updated: 1283520
	1226  -  MemoryUsage of job (MB)
	1254452  -  ResidentSetSize of job (KB)
...
006 (7419549.000.000) 10/31 03:38:25 Image size of job updated: 1288412
	1226  -  MemoryUsage of job (MB)
	1254452  -  ResidentSetSize of job (KB)
...
006 (7419549.000.000) 10/31 03:43:26 Image size of job updated: 1296676
	1226  -  MemoryUsage of job (MB)
	1254452  -  ResidentSetSize of job (KB)
...
006 (7419549.000.000) 10/31 03:53:27 Image size of job updated: 1313408
	1226  -  MemoryUsage of job (MB)
	1254452  -  ResidentSetSize of job (KB)
...
006 (7419549.000.000) 10/31 03:58:28 Image size of job updated: 1313560
	1226  -  MemoryUsage of job (MB)
	1254452  -  ResidentSetSize of job (KB)
...
006 (7419549.000.000) 10/31 04:03:30 Image size of job updated: 1318744
	1226  -  MemoryUsage of job (MB)
	1254452  -  ResidentSetSize of job (KB)
...
006 (7419549.000.000) 10/31 04:08:30 Image size of job updated: 1320364
	1226  -  MemoryUsage of job (MB)
	1254452  -  ResidentSetSize of job (KB)
...
006 (7419549.000.000) 10/31 04:18:31 Image size of job updated: 1333712
	1226  -  MemoryUsage of job (MB)
	1254452  -  ResidentSetSize of job (KB)
...
006 (7419549.000.000) 10/31 04:23:32 Image size of job updated: 1333712
	1294  -  MemoryUsage of job (MB)
	1324464  -  ResidentSetSize of job (KB)
...
006 (7419549.000.000) 10/31 04:28:32 Image size of job updated: 1335544
	1298  -  MemoryUsage of job (MB)
	1328560  -  ResidentSetSize of job (KB)
...
006 (7419549.000.000) 10/31 04:33:32 Image size of job updated: 1356088
	1298  -  MemoryUsage of job (MB)
	1328560  -  ResidentSetSize of job (KB)
...
006 (7419549.000.000) 10/31 04:53:34 Image size of job updated: 1356904
	1298  -  MemoryUsage of job (MB)
	1328560  -  ResidentSetSize of job (KB)
...
006 (7419549.000.000) 10/31 04:58:35 Image size of job updated: 1363348
	1302  -  MemoryUsage of job (MB)
	1332428  -  ResidentSetSize of job (KB)
...
006 (7419549.000.000) 10/31 05:03:35 Image size of job updated: 1371264
	1302  -  MemoryUsage of job (MB)
	1332428  -  ResidentSetSize of job (KB)
...
006 (7419549.000.000) 10/31 05:08:35 Image size of job updated: 1383736
	1302  -  MemoryUsage of job (MB)
	1332428  -  ResidentSetSize of job (KB)
...
006 (7419549.000.000) 10/31 05:13:36 Image size of job updated: 1388780
	1302  -  MemoryUsage of job (MB)
	1332428  -  ResidentSetSize of job (KB)
...
006 (7419549.000.000) 10/31 05:18:37 Image size of job updated: 1393572
	1302  -  MemoryUsage of job (MB)
	1332428  -  ResidentSetSize of job (KB)
...
006 (7419549.000.000) 10/31 05:23:37 Image size of job updated: 1396928
	1331  -  MemoryUsage of job (MB)
	1362680  -  ResidentSetSize of job (KB)
...
006 (7419549.000.000) 10/31 05:28:37 Image size of job updated: 1419832
	1337  -  MemoryUsage of job (MB)
	1368824  -  ResidentSetSize of job (KB)
...
006 (7419549.000.000) 10/31 05:38:38 Image size of job updated: 1420168
	1337  -  MemoryUsage of job (MB)
	1368824  -  ResidentSetSize of job (KB)
...
006 (7419549.000.000) 10/31 05:48:39 Image size of job updated: 1429512
	1337  -  MemoryUsage of job (MB)
	1368824  -  ResidentSetSize of job (KB)
...
006 (7419549.000.000) 10/31 05:53:40 Image size of job updated: 1431288
	1337  -  MemoryUsage of job (MB)
	1368824  -  ResidentSetSize of job (KB)
...
006 (7419549.000.000) 10/31 06:03:40 Image size of job updated: 1432760
	1337  -  MemoryUsage of job (MB)
	1368824  -  ResidentSetSize of job (KB)
...
006 (7419549.000.000) 10/31 06:08:41 Image size of job updated: 1451800
	1337  -  MemoryUsage of job (MB)
	1368824  -  ResidentSetSize of job (KB)
...
006 (7419549.000.000) 10/31 06:23:42 Image size of job updated: 1452320
	1337  -  MemoryUsage of job (MB)
	1368824  -  ResidentSetSize of job (KB)
...
006 (7419549.000.000) 10/31 06:28:43 Image size of job updated: 1456820
	1337  -  MemoryUsage of job (MB)
	1368824  -  ResidentSetSize of job (KB)
...
006 (7419549.000.000) 10/31 06:33:44 Image size of job updated: 1480260
	1337  -  MemoryUsage of job (MB)
	1368824  -  ResidentSetSize of job (KB)
...
006 (7419549.000.000) 10/31 06:38:44 Image size of job updated: 1480260
	1340  -  MemoryUsage of job (MB)
	1371452  -  ResidentSetSize of job (KB)
...
006 (7419549.000.000) 10/31 06:43:44 Image size of job updated: 1480260
	1375  -  MemoryUsage of job (MB)
	1407308  -  ResidentSetSize of job (KB)
...
006 (7419549.000.000) 10/31 06:48:45 Image size of job updated: 1481856
	1379  -  MemoryUsage of job (MB)
	1411404  -  ResidentSetSize of job (KB)
...
006 (7419549.000.000) 10/31 06:53:45 Image size of job updated: 1481856
	1408  -  MemoryUsage of job (MB)
	1441660  -  ResidentSetSize of job (KB)
...
006 (7419549.000.000) 10/31 06:58:45 Image size of job updated: 1481856
	1414  -  MemoryUsage of job (MB)
	1447804  -  ResidentSetSize of job (KB)
...
006 (7419549.000.000) 10/31 07:03:46 Image size of job updated: 1487220
	1414  -  MemoryUsage of job (MB)
	1447804  -  ResidentSetSize of job (KB)
...
006 (7419549.000.000) 10/31 07:08:48 Image size of job updated: 1488532
	1414  -  MemoryUsage of job (MB)
	1447804  -  ResidentSetSize of job (KB)
...
006 (7419549.000.000) 10/31 07:13:48 Image size of job updated: 1492908
	1414  -  MemoryUsage of job (MB)
	1447804  -  ResidentSetSize of job (KB)
...
006 (7419549.000.000) 10/31 07:18:48 Image size of job updated: 1500748
	1414  -  MemoryUsage of job (MB)
	1447804  -  ResidentSetSize of job (KB)
...
006 (7419549.000.000) 10/31 07:23:48 Image size of job updated: 1501016
	1414  -  MemoryUsage of job (MB)
	1447804  -  ResidentSetSize of job (KB)
...
006 (7419549.000.000) 10/31 07:28:49 Image size of job updated: 1508912
	1414  -  MemoryUsage of job (MB)
	1447804  -  ResidentSetSize of job (KB)
...
006 (7419549.000.000) 10/31 07:33:49 Image size of job updated: 1513652
	1414  -  MemoryUsage of job (MB)
	1447804  -  ResidentSetSize of job (KB)
...
006 (7419549.000.000) 10/31 07:38:49 Image size of job updated: 1513812
	1414  -  MemoryUsage of job (MB)
	1447804  -  ResidentSetSize of job (KB)
...
006 (7419549.000.000) 10/31 07:43:50 Image size of job updated: 1523884
	1414  -  MemoryUsage of job (MB)
	1447804  -  ResidentSetSize of job (KB)
...
006 (7419549.000.000) 10/31 07:53:51 Image size of job updated: 1528228
	1447  -  MemoryUsage of job (MB)
	1480716  -  ResidentSetSize of job (KB)
...
006 (7419549.000.000) 10/31 07:58:51 Image size of job updated: 1537748
	1453  -  MemoryUsage of job (MB)
	1486860  -  ResidentSetSize of job (KB)
...
006 (7419549.000.000) 10/31 08:08:52 Image size of job updated: 1579852
	1453  -  MemoryUsage of job (MB)
	1486860  -  ResidentSetSize of job (KB)
...
006 (7419549.000.000) 10/31 08:13:52 Image size of job updated: 1583260
	1453  -  MemoryUsage of job (MB)
	1486860  -  ResidentSetSize of job (KB)
...
006 (7419549.000.000) 10/31 08:18:53 Image size of job updated: 1583972
	1453  -  MemoryUsage of job (MB)
	1486860  -  ResidentSetSize of job (KB)
...
006 (7419549.000.000) 10/31 08:53:56 Image size of job updated: 1583972
	1495  -  MemoryUsage of job (MB)
	1530276  -  ResidentSetSize of job (KB)
...
006 (7419549.000.000) 10/31 08:58:57 Image size of job updated: 1583972
	1499  -  MemoryUsage of job (MB)
	1534372  -  ResidentSetSize of job (KB)
...
006 (7419549.000.000) 10/31 09:08:58 Image size of job updated: 1586052
	1499  -  MemoryUsage of job (MB)
	1534372  -  ResidentSetSize of job (KB)
...
006 (7419549.000.000) 10/31 09:13:59 Image size of job updated: 1598648
	1500  -  MemoryUsage of job (MB)
	1535784  -  ResidentSetSize of job (KB)
...
006 (7419549.000.000) 10/31 09:19:00 Image size of job updated: 1601392
	1506  -  MemoryUsage of job (MB)
	1541928  -  ResidentSetSize of job (KB)
...
006 (7419549.000.000) 10/31 09:29:00 Image size of job updated: 1602904
	1506  -  MemoryUsage of job (MB)
	1541928  -  ResidentSetSize of job (KB)
...
006 (7419549.000.000) 10/31 09:34:01 Image size of job updated: 1607108
	1506  -  MemoryUsage of job (MB)
	1541928  -  ResidentSetSize of job (KB)
...
006 (7419549.000.000) 10/31 09:39:01 Image size of job updated: 1609448
	1506  -  MemoryUsage of job (MB)
	1541928  -  ResidentSetSize of job (KB)
...
006 (7419549.000.000) 10/31 09:44:01 Image size of job updated: 1613768
	1506  -  MemoryUsage of job (MB)
	1541928  -  ResidentSetSize of job (KB)
...
006 (7419549.000.000) 10/31 09:49:02 Image size of job updated: 1616332
	1506  -  MemoryUsage of job (MB)
	1541928  -  ResidentSetSize of job (KB)
...
006 (7419549.000.000) 10/31 09:54:03 Image size of job updated: 1625096
	1506  -  MemoryUsage of job (MB)
	1541928  -  ResidentSetSize of job (KB)
...
006 (7419549.000.000) 10/31 09:59:03 Image size of job updated: 1631464
	1506  -  MemoryUsage of job (MB)
	1541928  -  ResidentSetSize of job (KB)
...
006 (7419549.000.000) 10/31 10:09:04 Image size of job updated: 1640248
	1506  -  MemoryUsage of job (MB)
	1541928  -  ResidentSetSize of job (KB)
...
006 (7419549.000.000) 10/31 10:14:04 Image size of job updated: 1640600
	1506  -  MemoryUsage of job (MB)
	1541928  -  ResidentSetSize of job (KB)
...
006 (7419549.000.000) 10/31 10:19:04 Image size of job updated: 1680868
	1506  -  MemoryUsage of job (MB)
	1541928  -  ResidentSetSize of job (KB)
...
006 (7419549.000.000) 10/31 10:24:05 Image size of job updated: 1682488
	1506  -  MemoryUsage of job (MB)
	1541928  -  ResidentSetSize of job (KB)
...
006 (7419549.000.000) 10/31 10:44:07 Image size of job updated: 1682488
	1580  -  MemoryUsage of job (MB)
	1617444  -  ResidentSetSize of job (KB)
...
006 (7419549.000.000) 10/31 10:49:08 Image size of job updated: 1682488
	1588  -  MemoryUsage of job (MB)
	1625636  -  ResidentSetSize of job (KB)
...
006 (7419549.000.000) 10/31 11:09:09 Image size of job updated: 1682992
	1588  -  MemoryUsage of job (MB)
	1625636  -  ResidentSetSize of job (KB)
...
006 (7419549.000.000) 10/31 11:14:09 Image size of job updated: 1684312
	1588  -  MemoryUsage of job (MB)
	1625636  -  ResidentSetSize of job (KB)
...
006 (7419549.000.000) 10/31 11:19:10 Image size of job updated: 1686708
	1588  -  MemoryUsage of job (MB)
	1625636  -  ResidentSetSize of job (KB)
...
006 (7419549.000.000) 10/31 11:24:11 Image size of job updated: 1687596
	1588  -  MemoryUsage of job (MB)
	1625636  -  ResidentSetSize of job (KB)
...
006 (7419549.000.000) 10/31 11:29:11 Image size of job updated: 1697392
	1588  -  MemoryUsage of job (MB)
	1625636  -  ResidentSetSize of job (KB)
...
006 (7419549.000.000) 10/31 11:34:12 Image size of job updated: 1697864
	1588  -  MemoryUsage of job (MB)
	1625636  -  ResidentSetSize of job (KB)
...
006 (7419549.000.000) 10/31 11:41:59 Image size of job updated: 1698696
	1659  -  MemoryUsage of job (MB)
	1698612  -  ResidentSetSize of job (KB)
...
006 (7419549.000.000) 10/31 11:50:17 Image size of job updated: 1709060
	1659  -  MemoryUsage of job (MB)
	1698612  -  ResidentSetSize of job (KB)
...
006 (7419549.000.000) 10/31 11:56:56 Image size of job updated: 1713432
	1659  -  MemoryUsage of job (MB)
	1698612  -  ResidentSetSize of job (KB)
...
006 (7419549.000.000) 10/31 12:01:59 Image size of job updated: 1718332
	1659  -  MemoryUsage of job (MB)
	1698612  -  ResidentSetSize of job (KB)
...
006 (7419549.000.000) 10/31 12:06:57 Image size of job updated: 1723092
	1659  -  MemoryUsage of job (MB)
	1698612  -  ResidentSetSize of job (KB)
...
006 (7419549.000.000) 10/31 12:11:58 Image size of job updated: 1735048
	1659  -  MemoryUsage of job (MB)
	1698612  -  ResidentSetSize of job (KB)
...
006 (7419549.000.000) 10/31 12:16:58 Image size of job updated: 1736476
	1659  -  MemoryUsage of job (MB)
	1698612  -  ResidentSetSize of job (KB)
...
006 (7419549.000.000) 10/31 12:21:58 Image size of job updated: 1736752
	1659  -  MemoryUsage of job (MB)
	1698612  -  ResidentSetSize of job (KB)
...
006 (7419549.000.000) 10/31 12:26:59 Image size of job updated: 1737516
	1667  -  MemoryUsage of job (MB)
	1706136  -  ResidentSetSize of job (KB)
...
006 (7419549.000.000) 10/31 12:32:00 Image size of job updated: 1740628
	1667  -  MemoryUsage of job (MB)
	1706136  -  ResidentSetSize of job (KB)
...
006 (7419549.000.000) 10/31 12:37:00 Image size of job updated: 1747432
	1667  -  MemoryUsage of job (MB)
	1706136  -  ResidentSetSize of job (KB)
...
006 (7419549.000.000) 10/31 12:47:02 Image size of job updated: 1780532
	1667  -  MemoryUsage of job (MB)
	1706136  -  ResidentSetSize of job (KB)
...
006 (7419549.000.000) 10/31 12:52:02 Image size of job updated: 1780624
	1667  -  MemoryUsage of job (MB)
	1706136  -  ResidentSetSize of job (KB)
...
006 (7419549.000.000) 10/31 12:57:02 Image size of job updated: 1780624
	1679  -  MemoryUsage of job (MB)
	1719272  -  ResidentSetSize of job (KB)
...
006 (7419549.000.000) 10/31 13:02:03 Image size of job updated: 1780624
	1685  -  MemoryUsage of job (MB)
	1725416  -  ResidentSetSize of job (KB)
...
006 (7419549.000.000) 10/31 13:12:04 Image size of job updated: 1785436
	1685  -  MemoryUsage of job (MB)
	1725416  -  ResidentSetSize of job (KB)
...
006 (7419549.000.000) 10/31 13:17:04 Image size of job updated: 1785816
	1685  -  MemoryUsage of job (MB)
	1725416  -  ResidentSetSize of job (KB)
...
006 (7419549.000.000) 10/31 13:24:23 Image size of job updated: 1785816
	1726  -  MemoryUsage of job (MB)
	1767380  -  ResidentSetSize of job (KB)
...
006 (7419549.000.000) 10/31 13:31:15 Image size of job updated: 1790764
	1726  -  MemoryUsage of job (MB)
	1767380  -  ResidentSetSize of job (KB)
...
006 (7419549.000.000) 10/31 13:36:45 Image size of job updated: 1791880
	1726  -  MemoryUsage of job (MB)
	1767380  -  ResidentSetSize of job (KB)
...
006 (7419549.000.000) 10/31 13:44:23 Image size of job updated: 1799416
	1726  -  MemoryUsage of job (MB)
	1767380  -  ResidentSetSize of job (KB)
...
006 (7419549.000.000) 10/31 13:54:16 Image size of job updated: 1799932
	1726  -  MemoryUsage of job (MB)
	1767380  -  ResidentSetSize of job (KB)
...
040 (7419549.000.000) 10/31 14:43:56 Started transferring input files
	Transferring to host: <188.185.198.111:9618?addrs=188.185.198.111-9618+[2001-1458-303-25--100-6b]-9618&alias=b9p15p4924.cern.ch&noUDP&sock=slot1_10_2276467_b0b5_19793>
...
040 (7419549.000.000) 10/31 14:43:56 Finished transferring input files
...
001 (7419549.000.000) 10/31 14:43:57 Job executing on host: <188.185.198.111:9618?addrs=188.185.198.111-9618+[2001-1458-303-25--100-6b]-9618&alias=b9p15p4924.cern.ch&noUDP&sock=startd_11856_ceef>
	SlotName: slot1_10@b9p15p4924.cern.ch
	CondorScratchDir = "/pool/condor/dir_2024500"
	Cpus = 1
	Disk = 2951136
	Memory = 2000
...
006 (7419549.000.000) 11/01 04:00:31 Image size of job updated: 2000000
	1762  -  MemoryUsage of job (MB)
	1803968  -  ResidentSetSize of job (KB)
...
006 (7419549.000.000) 11/01 04:20:33 Image size of job updated: 2000000
	1769  -  MemoryUsage of job (MB)
	1810924  -  ResidentSetSize of job (KB)
...
006 (7419549.000.000) 11/01 04:25:33 Image size of job updated: 2000000
	1773  -  MemoryUsage of job (MB)
	1815020  -  ResidentSetSize of job (KB)
...
006 (7419549.000.000) 11/01 04:50:35 Image size of job updated: 2000000
	1779  -  MemoryUsage of job (MB)
	1821192  -  ResidentSetSize of job (KB)
...
006 (7419549.000.000) 11/01 04:55:36 Image size of job updated: 2000000
	1785  -  MemoryUsage of job (MB)
	1827336  -  ResidentSetSize of job (KB)
...
006 (7419549.000.000) 11/01 05:30:39 Image size of job updated: 2000000
	1812  -  MemoryUsage of job (MB)
	1855312  -  ResidentSetSize of job (KB)
...
006 (7419549.000.000) 11/01 05:35:39 Image size of job updated: 2000000
	1818  -  MemoryUsage of job (MB)
	1861456  -  ResidentSetSize of job (KB)
...
006 (7419549.000.000) 11/01 06:30:45 Image size of job updated: 2000000
	1841  -  MemoryUsage of job (MB)
	1884588  -  ResidentSetSize of job (KB)
...
006 (7419549.000.000) 11/01 06:35:45 Image size of job updated: 2000000
	1845  -  MemoryUsage of job (MB)
	1888684  -  ResidentSetSize of job (KB)
...
006 (7419549.000.000) 11/01 07:25:50 Image size of job updated: 2013880
	1874  -  MemoryUsage of job (MB)
	1918872  -  ResidentSetSize of job (KB)
...
006 (7419549.000.000) 11/01 07:30:51 Image size of job updated: 2015796
	1880  -  MemoryUsage of job (MB)
	1925016  -  ResidentSetSize of job (KB)
...
006 (7419549.000.000) 11/01 08:00:54 Image size of job updated: 2019816
	1880  -  MemoryUsage of job (MB)
	1925016  -  ResidentSetSize of job (KB)
...
006 (7419549.000.000) 11/01 08:05:54 Image size of job updated: 2040528
	1880  -  MemoryUsage of job (MB)
	1925016  -  ResidentSetSize of job (KB)
...
006 (7419549.000.000) 11/01 08:10:55 Image size of job updated: 2041008
	1880  -  MemoryUsage of job (MB)
	1925016  -  ResidentSetSize of job (KB)
...
006 (7419549.000.000) 11/01 08:20:55 Image size of job updated: 2041392
	1981  -  MemoryUsage of job (MB)
	2027628  -  ResidentSetSize of job (KB)
...
006 (7419549.000.000) 11/01 08:25:56 Image size of job updated: 2042432
	1981  -  MemoryUsage of job (MB)
	2027628  -  ResidentSetSize of job (KB)
...
006 (7419549.000.000) 11/01 08:35:56 Image size of job updated: 2047716
	1981  -  MemoryUsage of job (MB)
	2027628  -  ResidentSetSize of job (KB)
...
006 (7419549.000.000) 11/01 08:40:57 Image size of job updated: 2052312
	1981  -  MemoryUsage of job (MB)
	2027628  -  ResidentSetSize of job (KB)
...
006 (7419549.000.000) 11/01 08:45:58 Image size of job updated: 2053888
	1981  -  MemoryUsage of job (MB)
	2027628  -  ResidentSetSize of job (KB)
...
006 (7419549.000.000) 11/01 08:50:58 Image size of job updated: 2061460
	1981  -  MemoryUsage of job (MB)
	2027628  -  ResidentSetSize of job (KB)
...
006 (7419549.000.000) 11/01 08:55:59 Image size of job updated: 2061648
	1981  -  MemoryUsage of job (MB)
	2027628  -  ResidentSetSize of job (KB)
...
006 (7419549.000.000) 11/01 09:01:00 Image size of job updated: 2069556
	1989  -  MemoryUsage of job (MB)
	2036332  -  ResidentSetSize of job (KB)
...
006 (7419549.000.000) 11/01 09:06:00 Image size of job updated: 2071320
	1989  -  MemoryUsage of job (MB)
	2036332  -  ResidentSetSize of job (KB)
...
006 (7419549.000.000) 11/01 09:11:01 Image size of job updated: 2076452
	1989  -  MemoryUsage of job (MB)
	2036332  -  ResidentSetSize of job (KB)
...
006 (7419549.000.000) 11/01 09:16:02 Image size of job updated: 2080372
	1989  -  MemoryUsage of job (MB)
	2036332  -  ResidentSetSize of job (KB)
...
006 (7419549.000.000) 11/01 09:21:02 Image size of job updated: 2094404
	1989  -  MemoryUsage of job (MB)
	2036332  -  ResidentSetSize of job (KB)
...
006 (7419549.000.000) 11/01 09:31:04 Image size of job updated: 2094404
	2023  -  MemoryUsage of job (MB)
	2070808  -  ResidentSetSize of job (KB)
...
006 (7419549.000.000) 11/01 09:36:04 Image size of job updated: 2099152
	2023  -  MemoryUsage of job (MB)
	2070808  -  ResidentSetSize of job (KB)
...
006 (7419549.000.000) 11/01 09:41:04 Image size of job updated: 2155060
	2023  -  MemoryUsage of job (MB)
	2070808  -  ResidentSetSize of job (KB)
...
006 (7419549.000.000) 11/01 09:46:05 Image size of job updated: 2157652
	2023  -  MemoryUsage of job (MB)
	2070808  -  ResidentSetSize of job (KB)
...
006 (7419549.000.000) 11/01 10:46:10 Image size of job updated: 2157652
	2070  -  MemoryUsage of job (MB)
	2118996  -  ResidentSetSize of job (KB)
...
006 (7419549.000.000) 11/01 10:56:11 Image size of job updated: 2158460
	2070  -  MemoryUsage of job (MB)
	2118996  -  ResidentSetSize of job (KB)
...
006 (7419549.000.000) 11/01 11:01:11 Image size of job updated: 2159024
	2070  -  MemoryUsage of job (MB)
	2118996  -  ResidentSetSize of job (KB)
...
006 (7419549.000.000) 11/01 11:06:12 Image size of job updated: 2163744
	2070  -  MemoryUsage of job (MB)
	2118996  -  ResidentSetSize of job (KB)
...
006 (7419549.000.000) 11/01 11:11:13 Image size of job updated: 2176036
	2070  -  MemoryUsage of job (MB)
	2118996  -  ResidentSetSize of job (KB)
...
006 (7419549.000.000) 11/01 11:16:13 Image size of job updated: 2176240
	2070  -  MemoryUsage of job (MB)
	2118996  -  ResidentSetSize of job (KB)
...
006 (7419549.000.000) 11/01 11:21:13 Image size of job updated: 2178232
	2076  -  MemoryUsage of job (MB)
	2125312  -  ResidentSetSize of job (KB)
...
006 (7419549.000.000) 11/01 11:26:14 Image size of job updated: 2178644
	2082  -  MemoryUsage of job (MB)
	2131456  -  ResidentSetSize of job (KB)
...
006 (7419549.000.000) 11/01 11:31:14 Image size of job updated: 2192596
	2082  -  MemoryUsage of job (MB)
	2131456  -  ResidentSetSize of job (KB)
...
006 (7419549.000.000) 11/01 11:36:14 Image size of job updated: 2192760
	2115  -  MemoryUsage of job (MB)
	2164760  -  ResidentSetSize of job (KB)
...
006 (7419549.000.000) 11/01 11:41:15 Image size of job updated: 2198024
	2115  -  MemoryUsage of job (MB)
	2164760  -  ResidentSetSize of job (KB)
...
006 (7419549.000.000) 11/01 11:51:15 Image size of job updated: 2202304
	2115  -  MemoryUsage of job (MB)
	2164760  -  ResidentSetSize of job (KB)
...
006 (7419549.000.000) 11/01 11:56:16 Image size of job updated: 2202772
	2115  -  MemoryUsage of job (MB)
	2164760  -  ResidentSetSize of job (KB)
...
006 (7419549.000.000) 11/01 12:01:16 Image size of job updated: 2206644
	2115  -  MemoryUsage of job (MB)
	2164760  -  ResidentSetSize of job (KB)
...
006 (7419549.000.000) 11/01 12:06:16 Image size of job updated: 2212940
	2115  -  MemoryUsage of job (MB)
	2164760  -  ResidentSetSize of job (KB)
...
006 (7419549.000.000) 11/01 12:11:17 Image size of job updated: 2231364
	2115  -  MemoryUsage of job (MB)
	2164760  -  ResidentSetSize of job (KB)
...
006 (7419549.000.000) 11/01 12:36:19 Image size of job updated: 2237176
	2115  -  MemoryUsage of job (MB)
	2164760  -  ResidentSetSize of job (KB)
...
006 (7419549.000.000) 11/01 12:41:19 Image size of job updated: 2244668
	2115  -  MemoryUsage of job (MB)
	2164760  -  ResidentSetSize of job (KB)
...
006 (7419549.000.000) 11/01 12:46:20 Image size of job updated: 2246232
	2115  -  MemoryUsage of job (MB)
	2164760  -  ResidentSetSize of job (KB)
...
006 (7419549.000.000) 11/01 12:51:20 Image size of job updated: 2252652
	2115  -  MemoryUsage of job (MB)
	2164760  -  ResidentSetSize of job (KB)
...
006 (7419549.000.000) 11/01 12:56:20 Image size of job updated: 2253608
	2115  -  MemoryUsage of job (MB)
	2164760  -  ResidentSetSize of job (KB)
...
006 (7419549.000.000) 11/01 13:01:21 Image size of job updated: 2256764
	2135  -  MemoryUsage of job (MB)
	2186216  -  ResidentSetSize of job (KB)
...
006 (7419549.000.000) 11/01 13:06:22 Image size of job updated: 2258972
	2135  -  MemoryUsage of job (MB)
	2186216  -  ResidentSetSize of job (KB)
...
006 (7419549.000.000) 11/01 13:11:22 Image size of job updated: 2259296
	2135  -  MemoryUsage of job (MB)
	2186216  -  ResidentSetSize of job (KB)
...
006 (7419549.000.000) 11/01 13:16:22 Image size of job updated: 2270112
	2135  -  MemoryUsage of job (MB)
	2186216  -  ResidentSetSize of job (KB)
...
006 (7419549.000.000) 11/01 13:21:23 Image size of job updated: 2273904
	2135  -  MemoryUsage of job (MB)
	2186216  -  ResidentSetSize of job (KB)
...
006 (7419549.000.000) 11/01 13:26:23 Image size of job updated: 2274728
	2135  -  MemoryUsage of job (MB)
	2186216  -  ResidentSetSize of job (KB)
...
006 (7419549.000.000) 11/01 13:31:23 Image size of job updated: 2301124
	2135  -  MemoryUsage of job (MB)
	2186216  -  ResidentSetSize of job (KB)
...
006 (7419549.000.000) 11/01 13:36:24 Image size of job updated: 2303824
	2135  -  MemoryUsage of job (MB)
	2186216  -  ResidentSetSize of job (KB)
...
006 (7419549.000.000) 11/01 13:46:25 Image size of job updated: 2303824
	2193  -  MemoryUsage of job (MB)
	2244624  -  ResidentSetSize of job (KB)
...
006 (7419549.000.000) 11/01 14:01:27 Image size of job updated: 2306440
	2193  -  MemoryUsage of job (MB)
	2244624  -  ResidentSetSize of job (KB)
...
006 (7419549.000.000) 11/01 14:06:27 Image size of job updated: 2307676
	2213  -  MemoryUsage of job (MB)
	2266004  -  ResidentSetSize of job (KB)
...
006 (7419549.000.000) 11/01 14:11:28 Image size of job updated: 2309736
	2213  -  MemoryUsage of job (MB)
	2266004  -  ResidentSetSize of job (KB)
...
006 (7419549.000.000) 11/01 14:16:28 Image size of job updated: 2312440
	2213  -  MemoryUsage of job (MB)
	2266004  -  ResidentSetSize of job (KB)
...
006 (7419549.000.000) 11/01 14:21:28 Image size of job updated: 2324348
	2213  -  MemoryUsage of job (MB)
	2266004  -  ResidentSetSize of job (KB)
...
006 (7419549.000.000) 11/01 14:26:29 Image size of job updated: 2324348
	2241  -  MemoryUsage of job (MB)
	2293840  -  ResidentSetSize of job (KB)
...
006 (7419549.000.000) 11/01 14:31:30 Image size of job updated: 2324348
	2247  -  MemoryUsage of job (MB)
	2299984  -  ResidentSetSize of job (KB)
...
006 (7419549.000.000) 11/01 14:36:30 Image size of job updated: 2329784
	2247  -  MemoryUsage of job (MB)
	2299984  -  ResidentSetSize of job (KB)
...
006 (7419549.000.000) 11/01 14:46:31 Image size of job updated: 2337160
	2247  -  MemoryUsage of job (MB)
	2299984  -  ResidentSetSize of job (KB)
...
006 (7419549.000.000) 11/01 14:51:31 Image size of job updated: 2337888
	2247  -  MemoryUsage of job (MB)
	2299984  -  ResidentSetSize of job (KB)
...
006 (7419549.000.000) 11/01 14:56:31 Image size of job updated: 2344532
	2247  -  MemoryUsage of job (MB)
	2299984  -  ResidentSetSize of job (KB)
...
006 (7419549.000.000) 11/01 15:01:32 Image size of job updated: 2348332
	2247  -  MemoryUsage of job (MB)
	2299984  -  ResidentSetSize of job (KB)
...
006 (7419549.000.000) 11/01 15:06:33 Image size of job updated: 2349716
	2247  -  MemoryUsage of job (MB)
	2299984  -  ResidentSetSize of job (KB)
...
006 (7419549.000.000) 11/01 15:11:33 Image size of job updated: 2351648
	2247  -  MemoryUsage of job (MB)
	2299984  -  ResidentSetSize of job (KB)
...
006 (7419549.000.000) 11/01 15:16:33 Image size of job updated: 2356024
	2247  -  MemoryUsage of job (MB)
	2299984  -  ResidentSetSize of job (KB)
...
006 (7419549.000.000) 11/01 15:21:34 Image size of job updated: 2362236
	2247  -  MemoryUsage of job (MB)
	2299984  -  ResidentSetSize of job (KB)
...
006 (7419549.000.000) 11/01 15:26:35 Image size of job updated: 2370056
	2247  -  MemoryUsage of job (MB)
	2299984  -  ResidentSetSize of job (KB)
...
006 (7419549.000.000) 11/01 15:31:35 Image size of job updated: 2381300
	2292  -  MemoryUsage of job (MB)
	2346496  -  ResidentSetSize of job (KB)
...
006 (7419549.000.000) 11/01 15:36:35 Image size of job updated: 2381300
	2298  -  MemoryUsage of job (MB)
	2352640  -  ResidentSetSize of job (KB)
...
006 (7419549.000.000) 11/01 15:56:37 Image size of job updated: 2416076
	2298  -  MemoryUsage of job (MB)
	2352640  -  ResidentSetSize of job (KB)
...
006 (7419549.000.000) 11/01 17:06:45 Image size of job updated: 2416076
	2315  -  MemoryUsage of job (MB)
	2369860  -  ResidentSetSize of job (KB)
...
006 (7419549.000.000) 11/01 17:11:45 Image size of job updated: 2425852
	2315  -  MemoryUsage of job (MB)
	2369860  -  ResidentSetSize of job (KB)
...
006 (7419549.000.000) 11/01 17:26:47 Image size of job updated: 2426612
	2315  -  MemoryUsage of job (MB)
	2369860  -  ResidentSetSize of job (KB)
...
006 (7419549.000.000) 11/01 17:31:47 Image size of job updated: 2437600
	2315  -  MemoryUsage of job (MB)
	2369860  -  ResidentSetSize of job (KB)
...
006 (7419549.000.000) 11/01 17:36:48 Image size of job updated: 2440196
	2315  -  MemoryUsage of job (MB)
	2369860  -  ResidentSetSize of job (KB)
...
006 (7419549.000.000) 11/01 17:46:48 Image size of job updated: 2443120
	2315  -  MemoryUsage of job (MB)
	2369860  -  ResidentSetSize of job (KB)
...
006 (7419549.000.000) 11/01 17:56:50 Image size of job updated: 2446552
	2315  -  MemoryUsage of job (MB)
	2369860  -  ResidentSetSize of job (KB)
...
006 (7419549.000.000) 11/01 18:01:50 Image size of job updated: 2451924
	2360  -  MemoryUsage of job (MB)
	2415772  -  ResidentSetSize of job (KB)
...
006 (7419549.000.000) 11/01 18:06:50 Image size of job updated: 2461836
	2364  -  MemoryUsage of job (MB)
	2420124  -  ResidentSetSize of job (KB)
...
006 (7419549.000.000) 11/01 18:11:52 Image size of job updated: 2461928
	2364  -  MemoryUsage of job (MB)
	2420124  -  ResidentSetSize of job (KB)
...
006 (7419549.000.000) 11/01 18:16:52 Image size of job updated: 2467332
	2364  -  MemoryUsage of job (MB)
	2420124  -  ResidentSetSize of job (KB)
...
006 (7419549.000.000) 11/01 18:31:54 Image size of job updated: 2477712
	2364  -  MemoryUsage of job (MB)
	2420124  -  ResidentSetSize of job (KB)
...
006 (7419549.000.000) 11/01 18:36:54 Image size of job updated: 2478616
	2364  -  MemoryUsage of job (MB)
	2420124  -  ResidentSetSize of job (KB)
...
006 (7419549.000.000) 11/01 18:41:54 Image size of job updated: 2483472
	2364  -  MemoryUsage of job (MB)
	2420124  -  ResidentSetSize of job (KB)
...
006 (7419549.000.000) 11/01 18:46:55 Image size of job updated: 2489912
	2364  -  MemoryUsage of job (MB)
	2420124  -  ResidentSetSize of job (KB)
...
006 (7419549.000.000) 11/01 18:51:56 Image size of job updated: 2491256
	2364  -  MemoryUsage of job (MB)
	2420124  -  ResidentSetSize of job (KB)
...
006 (7419549.000.000) 11/01 18:56:56 Image size of job updated: 2496036
	2419  -  MemoryUsage of job (MB)
	2476432  -  ResidentSetSize of job (KB)
...
006 (7419549.000.000) 11/01 19:01:56 Image size of job updated: 2496900
	2419  -  MemoryUsage of job (MB)
	2476432  -  ResidentSetSize of job (KB)
...
006 (7419549.000.000) 11/01 19:11:57 Image size of job updated: 2502192
	2419  -  MemoryUsage of job (MB)
	2476432  -  ResidentSetSize of job (KB)
...
006 (7419549.000.000) 11/01 19:16:57 Image size of job updated: 2509808
	2419  -  MemoryUsage of job (MB)
	2476432  -  ResidentSetSize of job (KB)
...
006 (7419549.000.000) 11/01 19:21:58 Image size of job updated: 2516852
	2419  -  MemoryUsage of job (MB)
	2476432  -  ResidentSetSize of job (KB)
...
006 (7419549.000.000) 11/01 19:42:00 Image size of job updated: 2521828
	2419  -  MemoryUsage of job (MB)
	2476432  -  ResidentSetSize of job (KB)
...
006 (7419549.000.000) 11/01 19:47:00 Image size of job updated: 2546408
	2482  -  MemoryUsage of job (MB)
	2541476  -  ResidentSetSize of job (KB)
...
006 (7419549.000.000) 11/01 20:17:03 Image size of job updated: 2549712
	2482  -  MemoryUsage of job (MB)
	2541476  -  ResidentSetSize of job (KB)
...
006 (7419549.000.000) 11/01 20:27:04 Image size of job updated: 2552788
	2482  -  MemoryUsage of job (MB)
	2541476  -  ResidentSetSize of job (KB)
...
006 (7419549.000.000) 11/01 20:32:04 Image size of job updated: 2555284
	2482  -  MemoryUsage of job (MB)
	2541476  -  ResidentSetSize of job (KB)
...
006 (7419549.000.000) 11/01 20:37:05 Image size of job updated: 2586200
	2482  -  MemoryUsage of job (MB)
	2541476  -  ResidentSetSize of job (KB)
...
006 (7419549.000.000) 11/01 20:42:06 Image size of job updated: 2586892
	2482  -  MemoryUsage of job (MB)
	2541476  -  ResidentSetSize of job (KB)
...
006 (7419549.000.000) 11/01 21:12:08 Image size of job updated: 2586892
	2484  -  MemoryUsage of job (MB)
	2542596  -  ResidentSetSize of job (KB)
...
006 (7419549.000.000) 11/01 21:17:09 Image size of job updated: 2587676
	2484  -  MemoryUsage of job (MB)
	2542596  -  ResidentSetSize of job (KB)
...
006 (7419549.000.000) 11/01 21:22:09 Image size of job updated: 2588440
	2484  -  MemoryUsage of job (MB)
	2542596  -  ResidentSetSize of job (KB)
...
006 (7419549.000.000) 11/01 21:32:11 Image size of job updated: 2590460
	2484  -  MemoryUsage of job (MB)
	2542596  -  ResidentSetSize of job (KB)
...
006 (7419549.000.000) 11/01 21:37:11 Image size of job updated: 2596692
	2484  -  MemoryUsage of job (MB)
	2542596  -  ResidentSetSize of job (KB)
...
006 (7419549.000.000) 11/01 21:42:11 Image size of job updated: 2601452
	2484  -  MemoryUsage of job (MB)
	2542596  -  ResidentSetSize of job (KB)
...
006 (7419549.000.000) 11/01 21:47:11 Image size of job updated: 2601776
	2503  -  MemoryUsage of job (MB)
	2562988  -  ResidentSetSize of job (KB)
...
006 (7419549.000.000) 11/01 21:52:12 Image size of job updated: 2603648
	2503  -  MemoryUsage of job (MB)
	2562988  -  ResidentSetSize of job (KB)
...
006 (7419549.000.000) 11/01 21:57:12 Image size of job updated: 2606004
	2503  -  MemoryUsage of job (MB)
	2562988  -  ResidentSetSize of job (KB)
...
006 (7419549.000.000) 11/01 22:02:13 Image size of job updated: 2608648
	2503  -  MemoryUsage of job (MB)
	2562988  -  ResidentSetSize of job (KB)
...
006 (7419549.000.000) 11/01 22:07:14 Image size of job updated: 2618988
	2503  -  MemoryUsage of job (MB)
	2562988  -  ResidentSetSize of job (KB)
...
006 (7419549.000.000) 11/01 22:12:14 Image size of job updated: 2626332
	2503  -  MemoryUsage of job (MB)
	2562988  -  ResidentSetSize of job (KB)
...
006 (7419549.000.000) 11/01 22:17:15 Image size of job updated: 2628292
	2503  -  MemoryUsage of job (MB)
	2562988  -  ResidentSetSize of job (KB)
...
006 (7419549.000.000) 11/01 22:22:16 Image size of job updated: 2638964
	2503  -  MemoryUsage of job (MB)
	2562988  -  ResidentSetSize of job (KB)
...
006 (7419549.000.000) 11/01 22:27:16 Image size of job updated: 2639168
	2503  -  MemoryUsage of job (MB)
	2562988  -  ResidentSetSize of job (KB)
...
006 (7419549.000.000) 11/01 22:47:18 Image size of job updated: 2640956
	2503  -  MemoryUsage of job (MB)
	2562988  -  ResidentSetSize of job (KB)
...
006 (7419549.000.000) 11/01 22:57:19 Image size of job updated: 2649448
	2503  -  MemoryUsage of job (MB)
	2562988  -  ResidentSetSize of job (KB)
...
006 (7419549.000.000) 11/01 23:02:21 Image size of job updated: 2650308
	2503  -  MemoryUsage of job (MB)
	2562988  -  ResidentSetSize of job (KB)
...
006 (7419549.000.000) 11/01 23:07:21 Image size of job updated: 2650532
	2503  -  MemoryUsage of job (MB)
	2562988  -  ResidentSetSize of job (KB)
...
006 (7419549.000.000) 11/01 23:12:21 Image size of job updated: 2656788
	2503  -  MemoryUsage of job (MB)
	2562988  -  ResidentSetSize of job (KB)
...
006 (7419549.000.000) 11/01 23:17:22 Image size of job updated: 2664576
	2503  -  MemoryUsage of job (MB)
	2562988  -  ResidentSetSize of job (KB)
...
006 (7419549.000.000) 11/01 23:22:23 Image size of job updated: 2670116
	2503  -  MemoryUsage of job (MB)
	2562988  -  ResidentSetSize of job (KB)
...
006 (7419549.000.000) 11/01 23:37:24 Image size of job updated: 2670116
	2552  -  MemoryUsage of job (MB)
	2613208  -  ResidentSetSize of job (KB)
...
006 (7419549.000.000) 11/01 23:42:25 Image size of job updated: 2672816
	2556  -  MemoryUsage of job (MB)
	2617304  -  ResidentSetSize of job (KB)
...
006 (7419549.000.000) 11/01 23:47:25 Image size of job updated: 2672944
	2556  -  MemoryUsage of job (MB)
	2617304  -  ResidentSetSize of job (KB)
...
006 (7419549.000.000) 11/01 23:52:26 Image size of job updated: 2679028
	2556  -  MemoryUsage of job (MB)
	2617304  -  ResidentSetSize of job (KB)
...
006 (7419549.000.000) 11/01 23:57:27 Image size of job updated: 2691168
	2556  -  MemoryUsage of job (MB)
	2617304  -  ResidentSetSize of job (KB)
...
006 (7419549.000.000) 11/02 00:17:29 Image size of job updated: 2702060
	2556  -  MemoryUsage of job (MB)
	2617304  -  ResidentSetSize of job (KB)
...
006 (7419549.000.000) 11/02 00:22:29 Image size of job updated: 2709148
	2556  -  MemoryUsage of job (MB)
	2617304  -  ResidentSetSize of job (KB)
...
006 (7419549.000.000) 11/02 00:27:29 Image size of job updated: 2717344
	2556  -  MemoryUsage of job (MB)
	2617304  -  ResidentSetSize of job (KB)
...
006 (7419549.000.000) 11/02 00:32:30 Image size of job updated: 2717532
	2556  -  MemoryUsage of job (MB)
	2617304  -  ResidentSetSize of job (KB)
...
006 (7419549.000.000) 11/02 00:52:32 Image size of job updated: 2717532
	2562  -  MemoryUsage of job (MB)
	2622868  -  ResidentSetSize of job (KB)
...
006 (7419549.000.000) 11/02 00:57:32 Image size of job updated: 2717532
	2568  -  MemoryUsage of job (MB)
	2629012  -  ResidentSetSize of job (KB)
...
006 (7419549.000.000) 11/02 01:02:32 Image size of job updated: 2718104
	2568  -  MemoryUsage of job (MB)
	2629012  -  ResidentSetSize of job (KB)
...
006 (7419549.000.000) 11/02 01:07:33 Image size of job updated: 2728200
	2568  -  MemoryUsage of job (MB)
	2629012  -  ResidentSetSize of job (KB)
...
006 (7419549.000.000) 11/02 01:12:33 Image size of job updated: 2729548
	2568  -  MemoryUsage of job (MB)
	2629012  -  ResidentSetSize of job (KB)
...
006 (7419549.000.000) 11/02 01:17:33 Image size of job updated: 2730552
	2568  -  MemoryUsage of job (MB)
	2629012  -  ResidentSetSize of job (KB)
...
006 (7419549.000.000) 11/02 01:22:34 Image size of job updated: 2738872
	2568  -  MemoryUsage of job (MB)
	2629012  -  ResidentSetSize of job (KB)
...
006 (7419549.000.000) 11/02 01:27:35 Image size of job updated: 2739080
	2568  -  MemoryUsage of job (MB)
	2629012  -  ResidentSetSize of job (KB)
...
006 (7419549.000.000) 11/02 01:32:35 Image size of job updated: 2745576
	2568  -  MemoryUsage of job (MB)
	2629012  -  ResidentSetSize of job (KB)
...
006 (7419549.000.000) 11/02 01:37:35 Image size of job updated: 2747460
	2568  -  MemoryUsage of job (MB)
	2629012  -  ResidentSetSize of job (KB)
...
006 (7419549.000.000) 11/02 01:47:37 Image size of job updated: 2747460
	2666  -  MemoryUsage of job (MB)
	2729276  -  ResidentSetSize of job (KB)
...
006 (7419549.000.000) 11/02 01:52:37 Image size of job updated: 2770460
	2670  -  MemoryUsage of job (MB)
	2733372  -  ResidentSetSize of job (KB)
...
006 (7419549.000.000) 11/02 01:57:37 Image size of job updated: 2772884
	2670  -  MemoryUsage of job (MB)
	2733372  -  ResidentSetSize of job (KB)
...
006 (7419549.000.000) 11/02 02:32:40 Image size of job updated: 2804664
	2670  -  MemoryUsage of job (MB)
	2733372  -  ResidentSetSize of job (KB)
...
006 (7419549.000.000) 11/02 02:37:41 Image size of job updated: 2807560
	2670  -  MemoryUsage of job (MB)
	2733372  -  ResidentSetSize of job (KB)
...
006 (7419549.000.000) 11/02 02:42:43 Image size of job updated: 2808356
	2670  -  MemoryUsage of job (MB)
	2733372  -  ResidentSetSize of job (KB)
...
006 (7419549.000.000) 11/02 03:37:48 Image size of job updated: 2812468
	2670  -  MemoryUsage of job (MB)
	2733372  -  ResidentSetSize of job (KB)
...
006 (7419549.000.000) 11/02 03:47:48 Image size of job updated: 2814572
	2670  -  MemoryUsage of job (MB)
	2733372  -  ResidentSetSize of job (KB)
...
006 (7419549.000.000) 11/02 03:52:49 Image size of job updated: 2816572
	2670  -  MemoryUsage of job (MB)
	2733372  -  ResidentSetSize of job (KB)
...
006 (7419549.000.000) 11/02 03:57:50 Image size of job updated: 2825020
	2721  -  MemoryUsage of job (MB)
	2786212  -  ResidentSetSize of job (KB)
...
006 (7419549.000.000) 11/02 04:02:50 Image size of job updated: 2825020
	2727  -  MemoryUsage of job (MB)
	2792356  -  ResidentSetSize of job (KB)
...
006 (7419549.000.000) 11/02 04:07:50 Image size of job updated: 2826128
	2727  -  MemoryUsage of job (MB)
	2792356  -  ResidentSetSize of job (KB)
...
006 (7419549.000.000) 11/02 04:12:51 Image size of job updated: 2831136
	2727  -  MemoryUsage of job (MB)
	2792356  -  ResidentSetSize of job (KB)
...
006 (7419549.000.000) 11/02 04:17:52 Image size of job updated: 2837536
	2727  -  MemoryUsage of job (MB)
	2792356  -  ResidentSetSize of job (KB)
...
006 (7419549.000.000) 11/02 04:27:52 Image size of job updated: 2842428
	2727  -  MemoryUsage of job (MB)
	2792356  -  ResidentSetSize of job (KB)
...
006 (7419549.000.000) 11/02 04:32:53 Image size of job updated: 2848236
	2727  -  MemoryUsage of job (MB)
	2792356  -  ResidentSetSize of job (KB)
...
006 (7419549.000.000) 11/02 04:37:53 Image size of job updated: 2848572
	2727  -  MemoryUsage of job (MB)
	2792356  -  ResidentSetSize of job (KB)
...
006 (7419549.000.000) 11/02 04:47:54 Image size of job updated: 2852788
	2727  -  MemoryUsage of job (MB)
	2792356  -  ResidentSetSize of job (KB)
...
006 (7419549.000.000) 11/02 04:52:55 Image size of job updated: 2852788
	2731  -  MemoryUsage of job (MB)
	2795744  -  ResidentSetSize of job (KB)
...
006 (7419549.000.000) 11/02 04:57:55 Image size of job updated: 2859260
	2737  -  MemoryUsage of job (MB)
	2801888  -  ResidentSetSize of job (KB)
...
006 (7419549.000.000) 11/02 05:02:55 Image size of job updated: 2870028
	2737  -  MemoryUsage of job (MB)
	2801888  -  ResidentSetSize of job (KB)
...
006 (7419549.000.000) 11/02 05:07:56 Image size of job updated: 2870876
	2737  -  MemoryUsage of job (MB)
	2801888  -  ResidentSetSize of job (KB)
...
006 (7419549.000.000) 11/02 05:22:57 Image size of job updated: 2873668
	2737  -  MemoryUsage of job (MB)
	2801888  -  ResidentSetSize of job (KB)
...
006 (7419549.000.000) 11/02 05:27:58 Image size of job updated: 2876564
	2737  -  MemoryUsage of job (MB)
	2801888  -  ResidentSetSize of job (KB)
...
006 (7419549.000.000) 11/02 05:32:59 Image size of job updated: 2876732
	2737  -  MemoryUsage of job (MB)
	2801888  -  ResidentSetSize of job (KB)
...
006 (7419549.000.000) 11/02 05:37:59 Image size of job updated: 2877404
	2737  -  MemoryUsage of job (MB)
	2801888  -  ResidentSetSize of job (KB)
...
006 (7419549.000.000) 11/02 05:42:59 Image size of job updated: 2885676
	2737  -  MemoryUsage of job (MB)
	2801888  -  ResidentSetSize of job (KB)
...
006 (7419549.000.000) 11/02 05:48:00 Image size of job updated: 2899032
	2737  -  MemoryUsage of job (MB)
	2801888  -  ResidentSetSize of job (KB)
...
006 (7419549.000.000) 11/02 05:53:01 Image size of job updated: 2901608
	2737  -  MemoryUsage of job (MB)
	2801888  -  ResidentSetSize of job (KB)
...
006 (7419549.000.000) 11/02 06:13:03 Image size of job updated: 2901608
	2769  -  MemoryUsage of job (MB)
	2835268  -  ResidentSetSize of job (KB)
...
006 (7419549.000.000) 11/02 06:18:03 Image size of job updated: 2915704
	2775  -  MemoryUsage of job (MB)
	2841412  -  ResidentSetSize of job (KB)
...
006 (7419549.000.000) 11/02 06:53:07 Image size of job updated: 2918352
	2775  -  MemoryUsage of job (MB)
	2841412  -  ResidentSetSize of job (KB)
...
006 (7419549.000.000) 11/02 06:58:08 Image size of job updated: 2920556
	2775  -  MemoryUsage of job (MB)
	2841412  -  ResidentSetSize of job (KB)
...
006 (7419549.000.000) 11/02 07:00:57 Image size of job updated: 5863460
	2775  -  MemoryUsage of job (MB)
	2841412  -  ResidentSetSize of job (KB)
...
040 (7419549.000.000) 11/02 07:00:57 Started transferring output files
...
040 (7419549.000.000) 11/02 07:00:58 Finished transferring output files
...
005 (7419549.000.000) 11/02 07:00:58 Job terminated.
	(1) Normal termination (return value 0)
		Usr 0 20:55:46, Sys 0 19:11:32  -  Run Remote Usage
		Usr 0 00:00:00, Sys 0 00:00:00  -  Run Local Usage
		Usr 1 07:50:30, Sys 1 04:12:42  -  Total Remote Usage
		Usr 0 00:00:00, Sys 0 00:00:00  -  Total Local Usage
	4796  -  Run Bytes Sent By Job
	10932  -  Run Bytes Received By Job
	4796  -  Total Bytes Sent By Job
	21868  -  Total Bytes Received By Job
	Partitionable Resources :    Usage  Request Allocated 
	   Cpus                 :     1.00        1         1 
	   Disk (KB)            :    39          37   2951136 
	   Memory (MB)          :  2775        2000      2000 

	Job terminated of its own accord at 2024-11-02T06:00:57Z with exit-code 0.
...
000 (7733436.000.000) 11/15 04:35:23 Job submitted from host: <137.138.55.115:9618?addrs=137.138.55.115-9618+[2001-1458-d00-17--12a]-9618&alias=bigbird23.cern.ch&noUDP&sock=schedd_4975_03c1>
...
040 (7733436.000.000) 11/15 05:15:13 Started transferring input files
	Transferring to host: <128.142.33.11:9618?addrs=128.142.33.11-9618+[2001-1458-301-53--100-8]-9618&alias=b9g34p4862.cern.ch&noUDP&sock=slot1_12_3132_86f8_9257>
...
040 (7733436.000.000) 11/15 05:15:13 Finished transferring input files
...
001 (7733436.000.000) 11/15 05:15:14 Job executing on host: <128.142.33.11:9618?addrs=128.142.33.11-9618+[2001-1458-301-53--100-8]-9618&alias=b9g34p4862.cern.ch&noUDP&sock=startd_3068_f8a6>
	SlotName: slot1_12@b9g34p4862.cern.ch
	CondorScratchDir = "/pool/condor/dir_1794892"
	Cpus = 1
	Disk = 3751
	GPUs = 0
	Memory = 2000
...
006 (7733436.000.000) 11/15 05:15:23 Image size of job updated: 454936
	445  -  MemoryUsage of job (MB)
	454936  -  ResidentSetSize of job (KB)
...
006 (7733436.000.000) 11/15 05:20:24 Image size of job updated: 633440
	619  -  MemoryUsage of job (MB)
	633440  -  ResidentSetSize of job (KB)
...
006 (7733436.000.000) 11/15 05:25:25 Image size of job updated: 680192
	665  -  MemoryUsage of job (MB)
	680192  -  ResidentSetSize of job (KB)
...
006 (7733436.000.000) 11/15 05:39:53 Image size of job updated: 711960
	696  -  MemoryUsage of job (MB)
	711960  -  ResidentSetSize of job (KB)
...
006 (7733436.000.000) 11/15 05:51:14 Image size of job updated: 761676
	744  -  MemoryUsage of job (MB)
	761676  -  ResidentSetSize of job (KB)
...
022 (7733436.000.000) 11/15 05:54:33 Job disconnected, attempting to reconnect
    Socket between submit and execute hosts closed unexpectedly
    Trying to reconnect to slot1_12@b9g34p4862.cern.ch <128.142.33.11:9618?addrs=128.142.33.11-9618+[2001-1458-301-53--100-8]-9618&alias=b9g34p4862.cern.ch&noUDP&sock=startd_3068_f8a6>
...
023 (7733436.000.000) 11/15 05:54:33 Job reconnected to slot1_12@b9g34p4862.cern.ch
    startd address: <128.142.33.11:9618?addrs=128.142.33.11-9618+[2001-1458-301-53--100-8]-9618&alias=b9g34p4862.cern.ch&noUDP&sock=startd_3068_f8a6>
    starter address: <128.142.33.11:9618?addrs=128.142.33.11-9618+[2001-1458-301-53--100-8]-9618&alias=b9g34p4862.cern.ch&noUDP&sock=slot1_12_3132_86f8_9257>
...
040 (7733436.000.000) 11/15 08:03:15 Started transferring input files
	Transferring to host: <128.142.192.173:9618?addrs=128.142.192.173-9618+[2001-1458-301-56--100-29]-9618&alias=b9g18p5800.cern.ch&noUDP&sock=slot1_6_3702237_a2ef_10133>
...
040 (7733436.000.000) 11/15 08:03:15 Finished transferring input files
...
001 (7733436.000.000) 11/15 08:03:16 Job executing on host: <128.142.192.173:9618?addrs=128.142.192.173-9618+[2001-1458-301-56--100-29]-9618&alias=b9g18p5800.cern.ch&noUDP&sock=startd_3270_86c8>
	SlotName: slot1_6@b9g18p5800.cern.ch
	CondorScratchDir = "/pool/condor/dir_1008778"
	Cpus = 1
	Disk = 2957027
	Memory = 2000
...
006 (7733436.000.000) 11/15 10:53:43 Image size of job updated: 1073368
	977  -  MemoryUsage of job (MB)
	1000000  -  ResidentSetSize of job (KB)
...
006 (7733436.000.000) 11/15 10:58:44 Image size of job updated: 1075436
	977  -  MemoryUsage of job (MB)
	1000000  -  ResidentSetSize of job (KB)
...
006 (7733436.000.000) 11/15 11:37:50 Image size of job updated: 1748112
	977  -  MemoryUsage of job (MB)
	1000000  -  ResidentSetSize of job (KB)
...
040 (7733436.000.000) 11/15 11:37:50 Started transferring output files
...
040 (7733436.000.000) 11/15 11:37:50 Finished transferring output files
...
005 (7733436.000.000) 11/15 11:37:50 Job terminated.
	(1) Normal termination (return value 0)
		Usr 0 02:13:42, Sys 0 01:15:06  -  Run Remote Usage
		Usr 0 00:00:00, Sys 0 00:00:00  -  Run Local Usage
		Usr 0 03:30:26, Sys 0 01:53:44  -  Total Remote Usage
		Usr 0 00:00:00, Sys 0 00:00:00  -  Total Local Usage
	643698  -  Run Bytes Sent By Job
	10923  -  Run Bytes Received By Job
	643698  -  Total Bytes Sent By Job
	21846  -  Total Bytes Received By Job
	Partitionable Resources :    Usage  Request Allocated 
	   Cpus                 :     1.00        1         1 
	   Disk (KB)            :   663         500   2957027 
	   Memory (MB)          :   977        2000      2000 

	Job terminated of its own accord at 2024-11-15T10:37:50Z with exit-code 0.
...
