000 (7706712.000.000) 11/09 12:56:13 Job submitted from host: <137.138.55.115:9618?addrs=137.138.55.115-9618+[2001-1458-d00-17--12a]-9618&alias=bigbird23.cern.ch&noUDP&sock=schedd_4975_03c1>
...
040 (7706712.000.000) 11/09 13:06:02 Started transferring input files
	Transferring to host: <128.142.248.15:9618?addrs=128.142.248.15-9618+[2001-1458-301-73--100-ff]-9618&alias=b9g23p2723.cern.ch&noUDP&sock=slot1_26_530484_b7bd_12111>
...
040 (7706712.000.000) 11/09 13:06:02 Finished transferring input files
...
001 (7706712.000.000) 11/09 13:06:03 Job executing on host: <128.142.248.15:9618?addrs=128.142.248.15-9618+[2001-1458-301-73--100-ff]-9618&alias=b9g23p2723.cern.ch&noUDP&sock=startd_8515_2904>
	SlotName: slot1_26@b9g23p2723.cern.ch
	CondorScratchDir = "/pool/condor/dir_2096903"
	Cpus = 1
	Disk = 3001760
	Memory = 2000
...
006 (7706712.000.000) 11/09 13:06:12 Image size of job updated: 61168
	60  -  MemoryUsage of job (MB)
	61044  -  ResidentSetSize of job (KB)
...
006 (7706712.000.000) 11/09 13:11:13 Image size of job updated: 720728
	703  -  MemoryUsage of job (MB)
	718912  -  ResidentSetSize of job (KB)
...
006 (7706712.000.000) 11/09 13:16:14 Image size of job updated: 782024
	703  -  MemoryUsage of job (MB)
	718912  -  ResidentSetSize of job (KB)
...
006 (7706712.000.000) 11/09 13:21:14 Image size of job updated: 832016
	724  -  MemoryUsage of job (MB)
	740892  -  ResidentSetSize of job (KB)
...
006 (7706712.000.000) 11/09 13:26:14 Image size of job updated: 858056
	836  -  MemoryUsage of job (MB)
	855592  -  ResidentSetSize of job (KB)
...
006 (7706712.000.000) 11/09 13:31:15 Image size of job updated: 894472
	841  -  MemoryUsage of job (MB)
	860832  -  ResidentSetSize of job (KB)
...
006 (7706712.000.000) 11/09 13:36:15 Image size of job updated: 933476
	847  -  MemoryUsage of job (MB)
	866976  -  ResidentSetSize of job (KB)
...
006 (7706712.000.000) 11/09 13:41:15 Image size of job updated: 963548
	847  -  MemoryUsage of job (MB)
	866976  -  ResidentSetSize of job (KB)
...
006 (7706712.000.000) 11/09 13:46:16 Image size of job updated: 971616
	847  -  MemoryUsage of job (MB)
	866976  -  ResidentSetSize of job (KB)
...
006 (7706712.000.000) 11/09 15:16:26 Image size of job updated: 971616
	891  -  MemoryUsage of job (MB)
	911728  -  ResidentSetSize of job (KB)
...
006 (7706712.000.000) 11/09 15:36:27 Image size of job updated: 971616
	901  -  MemoryUsage of job (MB)
	921988  -  ResidentSetSize of job (KB)
...
006 (7706712.000.000) 11/09 15:41:28 Image size of job updated: 971616
	912  -  MemoryUsage of job (MB)
	932872  -  ResidentSetSize of job (KB)
...
006 (7706712.000.000) 11/09 15:46:28 Image size of job updated: 989708
	918  -  MemoryUsage of job (MB)
	939016  -  ResidentSetSize of job (KB)
...
006 (7706712.000.000) 11/09 15:51:28 Image size of job updated: 991808
	918  -  MemoryUsage of job (MB)
	939016  -  ResidentSetSize of job (KB)
...
006 (7706712.000.000) 11/09 15:56:29 Image size of job updated: 1005608
	922  -  MemoryUsage of job (MB)
	943976  -  ResidentSetSize of job (KB)
...
006 (7706712.000.000) 11/09 16:01:30 Image size of job updated: 1015320
	934  -  MemoryUsage of job (MB)
	956268  -  ResidentSetSize of job (KB)
...
006 (7706712.000.000) 11/09 16:06:30 Image size of job updated: 1027480
	934  -  MemoryUsage of job (MB)
	956268  -  ResidentSetSize of job (KB)
...
006 (7706712.000.000) 11/09 16:11:31 Image size of job updated: 1043740
	937  -  MemoryUsage of job (MB)
	958872  -  ResidentSetSize of job (KB)
...
006 (7706712.000.000) 11/09 16:16:32 Image size of job updated: 1054288
	937  -  MemoryUsage of job (MB)
	958872  -  ResidentSetSize of job (KB)
...
006 (7706712.000.000) 11/09 16:21:32 Image size of job updated: 1065292
	1025  -  MemoryUsage of job (MB)
	1049416  -  ResidentSetSize of job (KB)
...
006 (7706712.000.000) 11/09 16:26:32 Image size of job updated: 1088120
	1060  -  MemoryUsage of job (MB)
	1084892  -  ResidentSetSize of job (KB)
...
006 (7706712.000.000) 11/09 16:31:33 Image size of job updated: 1100156
	1063  -  MemoryUsage of job (MB)
	1087964  -  ResidentSetSize of job (KB)
...
006 (7706712.000.000) 11/09 16:36:33 Image size of job updated: 1111608
	1063  -  MemoryUsage of job (MB)
	1087964  -  ResidentSetSize of job (KB)
...
006 (7706712.000.000) 11/09 16:41:33 Image size of job updated: 1122528
	1063  -  MemoryUsage of job (MB)
	1087964  -  ResidentSetSize of job (KB)
...
006 (7706712.000.000) 11/09 16:46:35 Image size of job updated: 1133896
	1063  -  MemoryUsage of job (MB)
	1087964  -  ResidentSetSize of job (KB)
...
006 (7706712.000.000) 11/09 16:51:35 Image size of job updated: 1144216
	1067  -  MemoryUsage of job (MB)
	1092032  -  ResidentSetSize of job (KB)
...
006 (7706712.000.000) 11/09 16:56:35 Image size of job updated: 1155544
	1071  -  MemoryUsage of job (MB)
	1096128  -  ResidentSetSize of job (KB)
...
006 (7706712.000.000) 11/09 17:01:36 Image size of job updated: 1164716
	1071  -  MemoryUsage of job (MB)
	1096128  -  ResidentSetSize of job (KB)
...
006 (7706712.000.000) 11/09 17:06:37 Image size of job updated: 1169264
	1071  -  MemoryUsage of job (MB)
	1096128  -  ResidentSetSize of job (KB)
...
006 (7706712.000.000) 11/09 17:11:37 Image size of job updated: 1180312
	1071  -  MemoryUsage of job (MB)
	1096128  -  ResidentSetSize of job (KB)
...
006 (7706712.000.000) 11/09 17:16:37 Image size of job updated: 1190568
	1071  -  MemoryUsage of job (MB)
	1096128  -  ResidentSetSize of job (KB)
...
006 (7706712.000.000) 11/09 17:21:37 Image size of job updated: 1203872
	1071  -  MemoryUsage of job (MB)
	1096128  -  ResidentSetSize of job (KB)
...
006 (7706712.000.000) 11/09 17:26:37 Image size of job updated: 1211204
	1071  -  MemoryUsage of job (MB)
	1096128  -  ResidentSetSize of job (KB)
...
006 (7706712.000.000) 11/09 17:31:37 Image size of job updated: 1221032
	1071  -  MemoryUsage of job (MB)
	1096128  -  ResidentSetSize of job (KB)
...
006 (7706712.000.000) 11/09 17:36:37 Image size of job updated: 1262708
	1071  -  MemoryUsage of job (MB)
	1096128  -  ResidentSetSize of job (KB)
...
006 (7706712.000.000) 11/09 17:41:37 Image size of job updated: 1263044
	1106  -  MemoryUsage of job (MB)
	1131968  -  ResidentSetSize of job (KB)
...
006 (7706712.000.000) 11/09 17:46:38 Image size of job updated: 1263044
	1155  -  MemoryUsage of job (MB)
	1181720  -  ResidentSetSize of job (KB)
...
006 (7706712.000.000) 11/09 17:51:39 Image size of job updated: 1263044
	1161  -  MemoryUsage of job (MB)
	1187864  -  ResidentSetSize of job (KB)
...
006 (7706712.000.000) 11/09 17:56:39 Image size of job updated: 1275872
	1161  -  MemoryUsage of job (MB)
	1187864  -  ResidentSetSize of job (KB)
...
006 (7706712.000.000) 11/09 18:01:40 Image size of job updated: 1285612
	1161  -  MemoryUsage of job (MB)
	1187864  -  ResidentSetSize of job (KB)
...
006 (7706712.000.000) 11/09 18:06:41 Image size of job updated: 1297880
	1267  -  MemoryUsage of job (MB)
	1297324  -  ResidentSetSize of job (KB)
...
006 (7706712.000.000) 11/09 18:11:41 Image size of job updated: 1309956
	1267  -  MemoryUsage of job (MB)
	1297324  -  ResidentSetSize of job (KB)
...
006 (7706712.000.000) 11/09 18:16:42 Image size of job updated: 1318352
	1267  -  MemoryUsage of job (MB)
	1297324  -  ResidentSetSize of job (KB)
...
006 (7706712.000.000) 11/09 18:21:43 Image size of job updated: 1327908
	1267  -  MemoryUsage of job (MB)
	1297324  -  ResidentSetSize of job (KB)
...
006 (7706712.000.000) 11/09 18:26:43 Image size of job updated: 1336540
	1267  -  MemoryUsage of job (MB)
	1297324  -  ResidentSetSize of job (KB)
...
006 (7706712.000.000) 11/09 18:31:44 Image size of job updated: 1342620
	1267  -  MemoryUsage of job (MB)
	1297324  -  ResidentSetSize of job (KB)
...
006 (7706712.000.000) 11/09 18:36:45 Image size of job updated: 1356824
	1267  -  MemoryUsage of job (MB)
	1297324  -  ResidentSetSize of job (KB)
...
006 (7706712.000.000) 11/09 18:41:45 Image size of job updated: 1367344
	1267  -  MemoryUsage of job (MB)
	1297324  -  ResidentSetSize of job (KB)
...
006 (7706712.000.000) 11/09 18:46:46 Image size of job updated: 1373716
	1267  -  MemoryUsage of job (MB)
	1297324  -  ResidentSetSize of job (KB)
...
006 (7706712.000.000) 11/09 18:51:47 Image size of job updated: 1381416
	1267  -  MemoryUsage of job (MB)
	1297324  -  ResidentSetSize of job (KB)
...
006 (7706712.000.000) 11/09 18:56:48 Image size of job updated: 1390908
	1267  -  MemoryUsage of job (MB)
	1297324  -  ResidentSetSize of job (KB)
...
006 (7706712.000.000) 11/09 19:01:49 Image size of job updated: 1398272
	1348  -  MemoryUsage of job (MB)
	1379868  -  ResidentSetSize of job (KB)
...
006 (7706712.000.000) 11/09 19:06:49 Image size of job updated: 1425964
	1348  -  MemoryUsage of job (MB)
	1379868  -  ResidentSetSize of job (KB)
...
006 (7706712.000.000) 11/09 19:11:50 Image size of job updated: 1462216
	1348  -  MemoryUsage of job (MB)
	1379868  -  ResidentSetSize of job (KB)
...
006 (7706712.000.000) 11/09 19:21:51 Image size of job updated: 1462216
	1410  -  MemoryUsage of job (MB)
	1443768  -  ResidentSetSize of job (KB)
...
006 (7706712.000.000) 11/09 19:26:52 Image size of job updated: 1462216
	1416  -  MemoryUsage of job (MB)
	1449912  -  ResidentSetSize of job (KB)
...
006 (7706712.000.000) 11/09 19:36:53 Image size of job updated: 1462840
	1416  -  MemoryUsage of job (MB)
	1449912  -  ResidentSetSize of job (KB)
...
006 (7706712.000.000) 11/09 19:41:53 Image size of job updated: 1471068
	1416  -  MemoryUsage of job (MB)
	1449912  -  ResidentSetSize of job (KB)
...
006 (7706712.000.000) 11/09 19:46:54 Image size of job updated: 1484100
	1416  -  MemoryUsage of job (MB)
	1449912  -  ResidentSetSize of job (KB)
...
006 (7706712.000.000) 11/09 19:51:54 Image size of job updated: 1513592
	1416  -  MemoryUsage of job (MB)
	1449912  -  ResidentSetSize of job (KB)
...
006 (7706712.000.000) 11/09 19:56:54 Image size of job updated: 1517160
	1416  -  MemoryUsage of job (MB)
	1449912  -  ResidentSetSize of job (KB)
...
006 (7706712.000.000) 11/09 20:06:55 Image size of job updated: 1523944
	1416  -  MemoryUsage of job (MB)
	1449912  -  ResidentSetSize of job (KB)
...
006 (7706712.000.000) 11/09 20:11:56 Image size of job updated: 1546104
	1416  -  MemoryUsage of job (MB)
	1449912  -  ResidentSetSize of job (KB)
...
006 (7706712.000.000) 11/09 20:16:56 Image size of job updated: 1546272
	1416  -  MemoryUsage of job (MB)
	1449912  -  ResidentSetSize of job (KB)
...
006 (7706712.000.000) 11/09 20:26:57 Image size of job updated: 1563420
	1416  -  MemoryUsage of job (MB)
	1449912  -  ResidentSetSize of job (KB)
...
006 (7706712.000.000) 11/09 20:31:57 Image size of job updated: 1566632
	1416  -  MemoryUsage of job (MB)
	1449912  -  ResidentSetSize of job (KB)
...
006 (7706712.000.000) 11/09 20:41:59 Image size of job updated: 1575420
	1416  -  MemoryUsage of job (MB)
	1449912  -  ResidentSetSize of job (KB)
...
006 (7706712.000.000) 11/09 20:46:59 Image size of job updated: 1579680
	1416  -  MemoryUsage of job (MB)
	1449912  -  ResidentSetSize of job (KB)
...
006 (7706712.000.000) 11/09 20:51:59 Image size of job updated: 1592380
	1416  -  MemoryUsage of job (MB)
	1449912  -  ResidentSetSize of job (KB)
...
006 (7706712.000.000) 11/09 20:57:00 Image size of job updated: 1597864
	1416  -  MemoryUsage of job (MB)
	1449912  -  ResidentSetSize of job (KB)
...
006 (7706712.000.000) 11/09 21:02:01 Image size of job updated: 1605316
	1416  -  MemoryUsage of job (MB)
	1449912  -  ResidentSetSize of job (KB)
...
006 (7706712.000.000) 11/09 21:07:01 Image size of job updated: 1617116
	1528  -  MemoryUsage of job (MB)
	1564660  -  ResidentSetSize of job (KB)
...
006 (7706712.000.000) 11/09 21:12:02 Image size of job updated: 1622544
	1579  -  MemoryUsage of job (MB)
	1615980  -  ResidentSetSize of job (KB)
...
006 (7706712.000.000) 11/09 21:17:03 Image size of job updated: 1629936
	1579  -  MemoryUsage of job (MB)
	1615980  -  ResidentSetSize of job (KB)
...
006 (7706712.000.000) 11/09 21:22:03 Image size of job updated: 1640240
	1579  -  MemoryUsage of job (MB)
	1615980  -  ResidentSetSize of job (KB)
...
006 (7706712.000.000) 11/09 21:27:04 Image size of job updated: 1644248
	1579  -  MemoryUsage of job (MB)
	1615980  -  ResidentSetSize of job (KB)
...
006 (7706712.000.000) 11/09 21:32:05 Image size of job updated: 1651380
	1579  -  MemoryUsage of job (MB)
	1615980  -  ResidentSetSize of job (KB)
...
006 (7706712.000.000) 11/09 21:37:05 Image size of job updated: 1658976
	1579  -  MemoryUsage of job (MB)
	1615980  -  ResidentSetSize of job (KB)
...
006 (7706712.000.000) 11/09 21:42:06 Image size of job updated: 1665744
	1579  -  MemoryUsage of job (MB)
	1615980  -  ResidentSetSize of job (KB)
...
006 (7706712.000.000) 11/09 21:47:06 Image size of job updated: 1670960
	1579  -  MemoryUsage of job (MB)
	1615980  -  ResidentSetSize of job (KB)
...
006 (7706712.000.000) 11/09 21:52:06 Image size of job updated: 1685072
	1631  -  MemoryUsage of job (MB)
	1669900  -  ResidentSetSize of job (KB)
...
006 (7706712.000.000) 11/09 21:57:07 Image size of job updated: 1695408
	1637  -  MemoryUsage of job (MB)
	1676044  -  ResidentSetSize of job (KB)
...
006 (7706712.000.000) 11/09 22:02:07 Image size of job updated: 1698020
	1637  -  MemoryUsage of job (MB)
	1676044  -  ResidentSetSize of job (KB)
...
006 (7706712.000.000) 11/09 22:07:07 Image size of job updated: 1701416
	1637  -  MemoryUsage of job (MB)
	1676044  -  ResidentSetSize of job (KB)
...
006 (7706712.000.000) 11/09 22:12:09 Image size of job updated: 1709788
	1637  -  MemoryUsage of job (MB)
	1676044  -  ResidentSetSize of job (KB)
...
006 (7706712.000.000) 11/09 22:17:09 Image size of job updated: 1712772
	1637  -  MemoryUsage of job (MB)
	1676044  -  ResidentSetSize of job (KB)
...
006 (7706712.000.000) 11/09 22:22:09 Image size of job updated: 1722812
	1637  -  MemoryUsage of job (MB)
	1676044  -  ResidentSetSize of job (KB)
...
006 (7706712.000.000) 11/09 22:27:10 Image size of job updated: 1726500
	1637  -  MemoryUsage of job (MB)
	1676044  -  ResidentSetSize of job (KB)
...
006 (7706712.000.000) 11/09 22:32:11 Image size of job updated: 1733532
	1637  -  MemoryUsage of job (MB)
	1676044  -  ResidentSetSize of job (KB)
...
006 (7706712.000.000) 11/09 22:37:11 Image size of job updated: 1744208
	1637  -  MemoryUsage of job (MB)
	1676044  -  ResidentSetSize of job (KB)
...
006 (7706712.000.000) 11/09 22:42:12 Image size of job updated: 1763524
	1637  -  MemoryUsage of job (MB)
	1676044  -  ResidentSetSize of job (KB)
...
006 (7706712.000.000) 11/09 22:47:13 Image size of job updated: 1765436
	1645  -  MemoryUsage of job (MB)
	1683544  -  ResidentSetSize of job (KB)
...
006 (7706712.000.000) 11/09 22:52:14 Image size of job updated: 1765436
	1663  -  MemoryUsage of job (MB)
	1702240  -  ResidentSetSize of job (KB)
...
006 (7706712.000.000) 11/09 22:57:15 Image size of job updated: 1767180
	1663  -  MemoryUsage of job (MB)
	1702240  -  ResidentSetSize of job (KB)
...
006 (7706712.000.000) 11/09 23:02:15 Image size of job updated: 1772756
	1663  -  MemoryUsage of job (MB)
	1702240  -  ResidentSetSize of job (KB)
...
006 (7706712.000.000) 11/09 23:07:16 Image size of job updated: 1772756
	1709  -  MemoryUsage of job (MB)
	1749832  -  ResidentSetSize of job (KB)
...
006 (7706712.000.000) 11/09 23:12:17 Image size of job updated: 1772756
	1715  -  MemoryUsage of job (MB)
	1755976  -  ResidentSetSize of job (KB)
...
006 (7706712.000.000) 11/09 23:17:17 Image size of job updated: 1774656
	1715  -  MemoryUsage of job (MB)
	1755976  -  ResidentSetSize of job (KB)
...
006 (7706712.000.000) 11/09 23:22:17 Image size of job updated: 1791904
	1715  -  MemoryUsage of job (MB)
	1755976  -  ResidentSetSize of job (KB)
...
006 (7706712.000.000) 11/09 23:27:18 Image size of job updated: 1793924
	1715  -  MemoryUsage of job (MB)
	1755976  -  ResidentSetSize of job (KB)
...
006 (7706712.000.000) 11/09 23:37:18 Image size of job updated: 1794376
	1715  -  MemoryUsage of job (MB)
	1755976  -  ResidentSetSize of job (KB)
...
006 (7706712.000.000) 11/09 23:42:19 Image size of job updated: 1800620
	1715  -  MemoryUsage of job (MB)
	1755976  -  ResidentSetSize of job (KB)
...
006 (7706712.000.000) 11/09 23:47:19 Image size of job updated: 1808272
	1715  -  MemoryUsage of job (MB)
	1755976  -  ResidentSetSize of job (KB)
...
006 (7706712.000.000) 11/09 23:52:19 Image size of job updated: 1814892
	1715  -  MemoryUsage of job (MB)
	1755976  -  ResidentSetSize of job (KB)
...
006 (7706712.000.000) 11/09 23:57:20 Image size of job updated: 1822912
	1715  -  MemoryUsage of job (MB)
	1755976  -  ResidentSetSize of job (KB)
...
006 (7706712.000.000) 11/10 00:02:21 Image size of job updated: 1830984
	1715  -  MemoryUsage of job (MB)
	1755976  -  ResidentSetSize of job (KB)
...
006 (7706712.000.000) 11/10 00:07:21 Image size of job updated: 1836908
	1715  -  MemoryUsage of job (MB)
	1755976  -  ResidentSetSize of job (KB)
...
006 (7706712.000.000) 11/10 00:12:22 Image size of job updated: 1843052
	1715  -  MemoryUsage of job (MB)
	1755976  -  ResidentSetSize of job (KB)
...
006 (7706712.000.000) 11/10 00:17:23 Image size of job updated: 1848784
	1715  -  MemoryUsage of job (MB)
	1755976  -  ResidentSetSize of job (KB)
...
006 (7706712.000.000) 11/10 00:22:23 Image size of job updated: 1858844
	1715  -  MemoryUsage of job (MB)
	1755976  -  ResidentSetSize of job (KB)
...
006 (7706712.000.000) 11/10 00:27:23 Image size of job updated: 1859208
	1715  -  MemoryUsage of job (MB)
	1755976  -  ResidentSetSize of job (KB)
...
006 (7706712.000.000) 11/10 00:32:24 Image size of job updated: 1861596
	1788  -  MemoryUsage of job (MB)
	1830268  -  ResidentSetSize of job (KB)
...
006 (7706712.000.000) 11/10 00:37:24 Image size of job updated: 1880896
	1794  -  MemoryUsage of job (MB)
	1836412  -  ResidentSetSize of job (KB)
...
006 (7706712.000.000) 11/10 00:42:24 Image size of job updated: 1883712
	1794  -  MemoryUsage of job (MB)
	1836412  -  ResidentSetSize of job (KB)
...
006 (7706712.000.000) 11/10 00:47:25 Image size of job updated: 1891276
	1794  -  MemoryUsage of job (MB)
	1836412  -  ResidentSetSize of job (KB)
...
006 (7706712.000.000) 11/10 00:52:26 Image size of job updated: 1894804
	1794  -  MemoryUsage of job (MB)
	1836412  -  ResidentSetSize of job (KB)
...
006 (7706712.000.000) 11/10 01:02:27 Image size of job updated: 1903016
	1794  -  MemoryUsage of job (MB)
	1836412  -  ResidentSetSize of job (KB)
...
006 (7706712.000.000) 11/10 01:07:28 Image size of job updated: 1906852
	1794  -  MemoryUsage of job (MB)
	1836412  -  ResidentSetSize of job (KB)
...
006 (7706712.000.000) 11/10 01:12:28 Image size of job updated: 1923028
	1794  -  MemoryUsage of job (MB)
	1836412  -  ResidentSetSize of job (KB)
...
006 (7706712.000.000) 11/10 01:17:29 Image size of job updated: 1925692
	1794  -  MemoryUsage of job (MB)
	1836412  -  ResidentSetSize of job (KB)
...
006 (7706712.000.000) 11/10 01:22:30 Image size of job updated: 1925740
	1794  -  MemoryUsage of job (MB)
	1836412  -  ResidentSetSize of job (KB)
...
006 (7706712.000.000) 11/10 01:27:30 Image size of job updated: 1932076
	1794  -  MemoryUsage of job (MB)
	1836412  -  ResidentSetSize of job (KB)
...
006 (7706712.000.000) 11/10 01:32:30 Image size of job updated: 1938620
	1794  -  MemoryUsage of job (MB)
	1836412  -  ResidentSetSize of job (KB)
...
006 (7706712.000.000) 11/10 01:37:30 Image size of job updated: 1944480
	1843  -  MemoryUsage of job (MB)
	1886864  -  ResidentSetSize of job (KB)
...
006 (7706712.000.000) 11/10 01:42:31 Image size of job updated: 1950008
	1851  -  MemoryUsage of job (MB)
	1895056  -  ResidentSetSize of job (KB)
...
006 (7706712.000.000) 11/10 01:47:31 Image size of job updated: 1955732
	1851  -  MemoryUsage of job (MB)
	1895056  -  ResidentSetSize of job (KB)
...
006 (7706712.000.000) 11/10 01:52:31 Image size of job updated: 1963444
	1851  -  MemoryUsage of job (MB)
	1895056  -  ResidentSetSize of job (KB)
...
006 (7706712.000.000) 11/10 01:57:32 Image size of job updated: 1967856
	1851  -  MemoryUsage of job (MB)
	1895056  -  ResidentSetSize of job (KB)
...
006 (7706712.000.000) 11/10 02:02:33 Image size of job updated: 1980004
	1851  -  MemoryUsage of job (MB)
	1895056  -  ResidentSetSize of job (KB)
...
006 (7706712.000.000) 11/10 02:07:33 Image size of job updated: 2001168
	1866  -  MemoryUsage of job (MB)
	1909820  -  ResidentSetSize of job (KB)
...
006 (7706712.000.000) 11/10 02:12:34 Image size of job updated: 2005092
	1872  -  MemoryUsage of job (MB)
	1915964  -  ResidentSetSize of job (KB)
...
006 (7706712.000.000) 11/10 02:17:35 Image size of job updated: 2013424
	1872  -  MemoryUsage of job (MB)
	1915964  -  ResidentSetSize of job (KB)
...
006 (7706712.000.000) 11/10 02:22:35 Image size of job updated: 2017912
	1872  -  MemoryUsage of job (MB)
	1915964  -  ResidentSetSize of job (KB)
...
006 (7706712.000.000) 11/10 02:42:36 Image size of job updated: 2020228
	1872  -  MemoryUsage of job (MB)
	1915964  -  ResidentSetSize of job (KB)
...
006 (7706712.000.000) 11/10 02:47:37 Image size of job updated: 2026052
	1949  -  MemoryUsage of job (MB)
	1994932  -  ResidentSetSize of job (KB)
...
006 (7706712.000.000) 11/10 02:52:38 Image size of job updated: 2033980
	1955  -  MemoryUsage of job (MB)
	2001076  -  ResidentSetSize of job (KB)
...
006 (7706712.000.000) 11/10 02:57:38 Image size of job updated: 2043024
	1955  -  MemoryUsage of job (MB)
	2001076  -  ResidentSetSize of job (KB)
...
006 (7706712.000.000) 11/10 03:02:39 Image size of job updated: 2045820
	1958  -  MemoryUsage of job (MB)
	2004880  -  ResidentSetSize of job (KB)
...
006 (7706712.000.000) 11/10 03:07:40 Image size of job updated: 2049340
	1958  -  MemoryUsage of job (MB)
	2004880  -  ResidentSetSize of job (KB)
...
006 (7706712.000.000) 11/10 03:12:40 Image size of job updated: 2055140
	1958  -  MemoryUsage of job (MB)
	2004880  -  ResidentSetSize of job (KB)
...
006 (7706712.000.000) 11/10 03:17:41 Image size of job updated: 2066168
	1958  -  MemoryUsage of job (MB)
	2004880  -  ResidentSetSize of job (KB)
...
006 (7706712.000.000) 11/10 03:22:42 Image size of job updated: 2067344
	1958  -  MemoryUsage of job (MB)
	2004880  -  ResidentSetSize of job (KB)
...
006 (7706712.000.000) 11/10 03:27:42 Image size of job updated: 2072724
	1958  -  MemoryUsage of job (MB)
	2004880  -  ResidentSetSize of job (KB)
...
006 (7706712.000.000) 11/10 03:32:42 Image size of job updated: 2080228
	1958  -  MemoryUsage of job (MB)
	2004880  -  ResidentSetSize of job (KB)
...
006 (7706712.000.000) 11/10 03:37:43 Image size of job updated: 2084128
	1958  -  MemoryUsage of job (MB)
	2004880  -  ResidentSetSize of job (KB)
...
006 (7706712.000.000) 11/10 03:42:43 Image size of job updated: 2090064
	1958  -  MemoryUsage of job (MB)
	2004880  -  ResidentSetSize of job (KB)
...
006 (7706712.000.000) 11/10 03:47:43 Image size of job updated: 2095616
	1958  -  MemoryUsage of job (MB)
	2004880  -  ResidentSetSize of job (KB)
...
006 (7706712.000.000) 11/10 03:52:44 Image size of job updated: 2099980
	1958  -  MemoryUsage of job (MB)
	2004880  -  ResidentSetSize of job (KB)
...
006 (7706712.000.000) 11/10 03:57:45 Image size of job updated: 2118080
	1958  -  MemoryUsage of job (MB)
	2004880  -  ResidentSetSize of job (KB)
...
006 (7706712.000.000) 11/10 04:12:47 Image size of job updated: 2122912
	1958  -  MemoryUsage of job (MB)
	2004880  -  ResidentSetSize of job (KB)
...
006 (7706712.000.000) 11/10 04:17:47 Image size of job updated: 2128588
	1958  -  MemoryUsage of job (MB)
	2004880  -  ResidentSetSize of job (KB)
...
006 (7706712.000.000) 11/10 04:22:47 Image size of job updated: 2133940
	1958  -  MemoryUsage of job (MB)
	2004880  -  ResidentSetSize of job (KB)
...
006 (7706712.000.000) 11/10 04:27:48 Image size of job updated: 2139808
	1958  -  MemoryUsage of job (MB)
	2004880  -  ResidentSetSize of job (KB)
...
006 (7706712.000.000) 11/10 04:32:48 Image size of job updated: 2145072
	1958  -  MemoryUsage of job (MB)
	2004880  -  ResidentSetSize of job (KB)
...
006 (7706712.000.000) 11/10 04:37:48 Image size of job updated: 2150136
	2085  -  MemoryUsage of job (MB)
	2134744  -  ResidentSetSize of job (KB)
...
006 (7706712.000.000) 11/10 04:42:49 Image size of job updated: 2155456
	2091  -  MemoryUsage of job (MB)
	2140888  -  ResidentSetSize of job (KB)
...
006 (7706712.000.000) 11/10 04:47:50 Image size of job updated: 2160492
	2091  -  MemoryUsage of job (MB)
	2140888  -  ResidentSetSize of job (KB)
...
006 (7706712.000.000) 11/10 04:52:50 Image size of job updated: 2165780
	2091  -  MemoryUsage of job (MB)
	2140888  -  ResidentSetSize of job (KB)
...
006 (7706712.000.000) 11/10 04:57:51 Image size of job updated: 2173220
	2091  -  MemoryUsage of job (MB)
	2140888  -  ResidentSetSize of job (KB)
...
006 (7706712.000.000) 11/10 05:02:52 Image size of job updated: 2176876
	2091  -  MemoryUsage of job (MB)
	2140888  -  ResidentSetSize of job (KB)
...
006 (7706712.000.000) 11/10 05:07:52 Image size of job updated: 2190824
	2091  -  MemoryUsage of job (MB)
	2140888  -  ResidentSetSize of job (KB)
...
006 (7706712.000.000) 11/10 05:12:53 Image size of job updated: 2193004
	2128  -  MemoryUsage of job (MB)
	2178904  -  ResidentSetSize of job (KB)
...
006 (7706712.000.000) 11/10 05:17:54 Image size of job updated: 2194388
	2136  -  MemoryUsage of job (MB)
	2187096  -  ResidentSetSize of job (KB)
...
006 (7706712.000.000) 11/10 05:22:54 Image size of job updated: 2197592
	2136  -  MemoryUsage of job (MB)
	2187096  -  ResidentSetSize of job (KB)
...
006 (7706712.000.000) 11/10 05:27:55 Image size of job updated: 2199896
	2136  -  MemoryUsage of job (MB)
	2187096  -  ResidentSetSize of job (KB)
...
006 (7706712.000.000) 11/10 05:32:56 Image size of job updated: 2209928
	2136  -  MemoryUsage of job (MB)
	2187096  -  ResidentSetSize of job (KB)
...
006 (7706712.000.000) 11/10 05:37:56 Image size of job updated: 2210692
	2136  -  MemoryUsage of job (MB)
	2187096  -  ResidentSetSize of job (KB)
...
006 (7706712.000.000) 11/10 05:42:57 Image size of job updated: 2220588
	2136  -  MemoryUsage of job (MB)
	2187096  -  ResidentSetSize of job (KB)
...
006 (7706712.000.000) 11/10 05:47:58 Image size of job updated: 2225572
	2136  -  MemoryUsage of job (MB)
	2187096  -  ResidentSetSize of job (KB)
...
006 (7706712.000.000) 11/10 05:52:58 Image size of job updated: 2231816
	2136  -  MemoryUsage of job (MB)
	2187096  -  ResidentSetSize of job (KB)
...
006 (7706712.000.000) 11/10 05:57:58 Image size of job updated: 2294788
	2136  -  MemoryUsage of job (MB)
	2187096  -  ResidentSetSize of job (KB)
...
006 (7706712.000.000) 11/10 06:02:59 Image size of job updated: 2296192
	2136  -  MemoryUsage of job (MB)
	2187096  -  ResidentSetSize of job (KB)
...
006 (7706712.000.000) 11/10 06:07:59 Image size of job updated: 2298800
	2136  -  MemoryUsage of job (MB)
	2187096  -  ResidentSetSize of job (KB)
...
006 (7706712.000.000) 11/10 06:12:59 Image size of job updated: 2302380
	2136  -  MemoryUsage of job (MB)
	2187096  -  ResidentSetSize of job (KB)
...
006 (7706712.000.000) 11/10 06:33:02 Image size of job updated: 2302876
	2136  -  MemoryUsage of job (MB)
	2187096  -  ResidentSetSize of job (KB)
...
006 (7706712.000.000) 11/10 06:38:03 Image size of job updated: 2306076
	2136  -  MemoryUsage of job (MB)
	2187096  -  ResidentSetSize of job (KB)
...
006 (7706712.000.000) 11/10 07:03:04 Image size of job updated: 2309440
	2136  -  MemoryUsage of job (MB)
	2187096  -  ResidentSetSize of job (KB)
...
006 (7706712.000.000) 11/10 07:08:05 Image size of job updated: 2316648
	2190  -  MemoryUsage of job (MB)
	2242152  -  ResidentSetSize of job (KB)
...
006 (7706712.000.000) 11/10 07:13:06 Image size of job updated: 2319436
	2198  -  MemoryUsage of job (MB)
	2250400  -  ResidentSetSize of job (KB)
...
006 (7706712.000.000) 11/10 07:18:06 Image size of job updated: 2324480
	2198  -  MemoryUsage of job (MB)
	2250400  -  ResidentSetSize of job (KB)
...
006 (7706712.000.000) 11/10 07:23:07 Image size of job updated: 2329276
	2198  -  MemoryUsage of job (MB)
	2250400  -  ResidentSetSize of job (KB)
...
006 (7706712.000.000) 11/10 07:28:08 Image size of job updated: 2334088
	2198  -  MemoryUsage of job (MB)
	2250400  -  ResidentSetSize of job (KB)
...
006 (7706712.000.000) 11/10 07:33:08 Image size of job updated: 2338824
	2198  -  MemoryUsage of job (MB)
	2250400  -  ResidentSetSize of job (KB)
...
006 (7706712.000.000) 11/10 07:38:09 Image size of job updated: 2352528
	2198  -  MemoryUsage of job (MB)
	2250400  -  ResidentSetSize of job (KB)
...
006 (7706712.000.000) 11/10 07:43:10 Image size of job updated: 2355696
	2198  -  MemoryUsage of job (MB)
	2250400  -  ResidentSetSize of job (KB)
...
006 (7706712.000.000) 11/10 07:53:10 Image size of job updated: 2358352
	2198  -  MemoryUsage of job (MB)
	2250400  -  ResidentSetSize of job (KB)
...
006 (7706712.000.000) 11/10 07:58:11 Image size of job updated: 2363272
	2198  -  MemoryUsage of job (MB)
	2250400  -  ResidentSetSize of job (KB)
...
006 (7706712.000.000) 11/10 08:03:11 Image size of job updated: 2368116
	2198  -  MemoryUsage of job (MB)
	2250400  -  ResidentSetSize of job (KB)
...
006 (7706712.000.000) 11/10 08:08:11 Image size of job updated: 2373176
	2198  -  MemoryUsage of job (MB)
	2250400  -  ResidentSetSize of job (KB)
...
006 (7706712.000.000) 11/10 08:13:12 Image size of job updated: 2384172
	2198  -  MemoryUsage of job (MB)
	2250400  -  ResidentSetSize of job (KB)
...
006 (7706712.000.000) 11/10 08:18:13 Image size of job updated: 2385232
	2198  -  MemoryUsage of job (MB)
	2250400  -  ResidentSetSize of job (KB)
...
006 (7706712.000.000) 11/10 08:23:13 Image size of job updated: 2387676
	2199  -  MemoryUsage of job (MB)
	2251552  -  ResidentSetSize of job (KB)
...
006 (7706712.000.000) 11/10 08:28:14 Image size of job updated: 2392160
	2199  -  MemoryUsage of job (MB)
	2251552  -  ResidentSetSize of job (KB)
...
006 (7706712.000.000) 11/10 08:33:15 Image size of job updated: 2396768
	2199  -  MemoryUsage of job (MB)
	2251552  -  ResidentSetSize of job (KB)
...
006 (7706712.000.000) 11/10 08:38:15 Image size of job updated: 2401380
	2199  -  MemoryUsage of job (MB)
	2251552  -  ResidentSetSize of job (KB)
...
006 (7706712.000.000) 11/10 08:43:15 Image size of job updated: 2405984
	2199  -  MemoryUsage of job (MB)
	2251552  -  ResidentSetSize of job (KB)
...
006 (7706712.000.000) 11/10 08:48:16 Image size of job updated: 2408748
	2199  -  MemoryUsage of job (MB)
	2251552  -  ResidentSetSize of job (KB)
...
006 (7706712.000.000) 11/10 08:53:16 Image size of job updated: 2422424
	2199  -  MemoryUsage of job (MB)
	2251552  -  ResidentSetSize of job (KB)
...
006 (7706712.000.000) 11/10 08:58:16 Image size of job updated: 2423888
	2199  -  MemoryUsage of job (MB)
	2251552  -  ResidentSetSize of job (KB)
...
006 (7706712.000.000) 11/10 09:03:17 Image size of job updated: 2430108
	2318  -  MemoryUsage of job (MB)
	2373264  -  ResidentSetSize of job (KB)
...
006 (7706712.000.000) 11/10 09:08:17 Image size of job updated: 2432784
	2324  -  MemoryUsage of job (MB)
	2379184  -  ResidentSetSize of job (KB)
...
006 (7706712.000.000) 11/10 09:23:19 Image size of job updated: 2435364
	2374  -  MemoryUsage of job (MB)
	2430484  -  ResidentSetSize of job (KB)
...
006 (7706712.000.000) 11/10 09:28:19 Image size of job updated: 2444176
	2374  -  MemoryUsage of job (MB)
	2430484  -  ResidentSetSize of job (KB)
...
006 (7706712.000.000) 11/10 09:33:20 Image size of job updated: 2445924
	2374  -  MemoryUsage of job (MB)
	2430484  -  ResidentSetSize of job (KB)
...
006 (7706712.000.000) 11/10 09:38:21 Image size of job updated: 2451920
	2374  -  MemoryUsage of job (MB)
	2430484  -  ResidentSetSize of job (KB)
...
006 (7706712.000.000) 11/10 09:43:21 Image size of job updated: 2454700
	2374  -  MemoryUsage of job (MB)
	2430484  -  ResidentSetSize of job (KB)
...
006 (7706712.000.000) 11/10 09:48:21 Image size of job updated: 2458944
	2374  -  MemoryUsage of job (MB)
	2430484  -  ResidentSetSize of job (KB)
...
006 (7706712.000.000) 11/10 09:53:22 Image size of job updated: 2463576
	2374  -  MemoryUsage of job (MB)
	2430484  -  ResidentSetSize of job (KB)
...
006 (7706712.000.000) 11/10 09:58:22 Image size of job updated: 2468296
	2374  -  MemoryUsage of job (MB)
	2430484  -  ResidentSetSize of job (KB)
...
006 (7706712.000.000) 11/10 10:03:22 Image size of job updated: 2487668
	2374  -  MemoryUsage of job (MB)
	2430484  -  ResidentSetSize of job (KB)
...
006 (7706712.000.000) 11/10 10:08:24 Image size of job updated: 2491880
	2374  -  MemoryUsage of job (MB)
	2430484  -  ResidentSetSize of job (KB)
...
006 (7706712.000.000) 11/10 10:13:24 Image size of job updated: 2492272
	2374  -  MemoryUsage of job (MB)
	2430484  -  ResidentSetSize of job (KB)
...
006 (7706712.000.000) 11/10 10:18:24 Image size of job updated: 2500872
	2374  -  MemoryUsage of job (MB)
	2430484  -  ResidentSetSize of job (KB)
...
006 (7706712.000.000) 11/10 10:28:26 Image size of job updated: 2501856
	2374  -  MemoryUsage of job (MB)
	2430484  -  ResidentSetSize of job (KB)
...
006 (7706712.000.000) 11/10 10:38:27 Image size of job updated: 2503516
	2374  -  MemoryUsage of job (MB)
	2430484  -  ResidentSetSize of job (KB)
...
006 (7706712.000.000) 11/10 10:43:28 Image size of job updated: 2508032
	2374  -  MemoryUsage of job (MB)
	2430484  -  ResidentSetSize of job (KB)
...
006 (7706712.000.000) 11/10 10:48:28 Image size of job updated: 2518196
	2374  -  MemoryUsage of job (MB)
	2430484  -  ResidentSetSize of job (KB)
...
006 (7706712.000.000) 11/10 10:53:28 Image size of job updated: 2522136
	2374  -  MemoryUsage of job (MB)
	2430484  -  ResidentSetSize of job (KB)
...
006 (7706712.000.000) 11/10 10:58:29 Image size of job updated: 2524092
	2374  -  MemoryUsage of job (MB)
	2430484  -  ResidentSetSize of job (KB)
...
006 (7706712.000.000) 11/10 11:03:29 Image size of job updated: 2534080
	2374  -  MemoryUsage of job (MB)
	2430484  -  ResidentSetSize of job (KB)
...
006 (7706712.000.000) 11/10 11:08:29 Image size of job updated: 2537244
	2374  -  MemoryUsage of job (MB)
	2430484  -  ResidentSetSize of job (KB)
...
006 (7706712.000.000) 11/10 11:18:31 Image size of job updated: 2539668
	2374  -  MemoryUsage of job (MB)
	2430484  -  ResidentSetSize of job (KB)
...
006 (7706712.000.000) 11/10 11:23:31 Image size of job updated: 2556788
	2397  -  MemoryUsage of job (MB)
	2453736  -  ResidentSetSize of job (KB)
...
006 (7706712.000.000) 11/10 11:28:32 Image size of job updated: 2560800
	2403  -  MemoryUsage of job (MB)
	2460136  -  ResidentSetSize of job (KB)
...
006 (7706712.000.000) 11/10 11:33:33 Image size of job updated: 2562868
	2403  -  MemoryUsage of job (MB)
	2460136  -  ResidentSetSize of job (KB)
...
006 (7706712.000.000) 11/10 11:53:35 Image size of job updated: 2576720
	2446  -  MemoryUsage of job (MB)
	2504592  -  ResidentSetSize of job (KB)
...
006 (7706712.000.000) 11/10 11:58:35 Image size of job updated: 2580524
	2452  -  MemoryUsage of job (MB)
	2510780  -  ResidentSetSize of job (KB)
...
006 (7706712.000.000) 11/10 12:08:36 Image size of job updated: 2581960
	2452  -  MemoryUsage of job (MB)
	2510780  -  ResidentSetSize of job (KB)
...
006 (7706712.000.000) 11/10 12:13:36 Image size of job updated: 2586048
	2452  -  MemoryUsage of job (MB)
	2510780  -  ResidentSetSize of job (KB)
...
006 (7706712.000.000) 11/10 12:18:37 Image size of job updated: 2590640
	2452  -  MemoryUsage of job (MB)
	2510780  -  ResidentSetSize of job (KB)
...
006 (7706712.000.000) 11/10 12:23:38 Image size of job updated: 2600964
	2452  -  MemoryUsage of job (MB)
	2510780  -  ResidentSetSize of job (KB)
...
006 (7706712.000.000) 11/10 12:28:38 Image size of job updated: 2602172
	2452  -  MemoryUsage of job (MB)
	2510780  -  ResidentSetSize of job (KB)
...
006 (7706712.000.000) 11/10 12:38:40 Image size of job updated: 2603576
	2452  -  MemoryUsage of job (MB)
	2510780  -  ResidentSetSize of job (KB)
...
006 (7706712.000.000) 11/10 12:43:40 Image size of job updated: 2610300
	2452  -  MemoryUsage of job (MB)
	2510780  -  ResidentSetSize of job (KB)
...
006 (7706712.000.000) 11/10 12:48:41 Image size of job updated: 2612724
	2488  -  MemoryUsage of job (MB)
	2546956  -  ResidentSetSize of job (KB)
...
006 (7706712.000.000) 11/10 12:53:42 Image size of job updated: 2633284
	2494  -  MemoryUsage of job (MB)
	2553100  -  ResidentSetSize of job (KB)
...
006 (7706712.000.000) 11/10 12:58:42 Image size of job updated: 2635840
	2494  -  MemoryUsage of job (MB)
	2553100  -  ResidentSetSize of job (KB)
...
006 (7706712.000.000) 11/10 13:18:43 Image size of job updated: 2636692
	2494  -  MemoryUsage of job (MB)
	2553100  -  ResidentSetSize of job (KB)
...
006 (7706712.000.000) 11/10 13:23:44 Image size of job updated: 2639084
	2494  -  MemoryUsage of job (MB)
	2553100  -  ResidentSetSize of job (KB)
...
006 (7706712.000.000) 11/10 13:28:44 Image size of job updated: 2643108
	2494  -  MemoryUsage of job (MB)
	2553100  -  ResidentSetSize of job (KB)
...
006 (7706712.000.000) 11/10 13:33:44 Image size of job updated: 2647672
	2494  -  MemoryUsage of job (MB)
	2553100  -  ResidentSetSize of job (KB)
...
006 (7706712.000.000) 11/10 13:38:45 Image size of job updated: 2652524
	2494  -  MemoryUsage of job (MB)
	2553100  -  ResidentSetSize of job (KB)
...
006 (7706712.000.000) 11/10 13:43:45 Image size of job updated: 2655836
	2568  -  MemoryUsage of job (MB)
	2629008  -  ResidentSetSize of job (KB)
...
006 (7706712.000.000) 11/10 13:48:45 Image size of job updated: 2659880
	2576  -  MemoryUsage of job (MB)
	2637216  -  ResidentSetSize of job (KB)
...
006 (7706712.000.000) 11/10 13:53:46 Image size of job updated: 2665216
	2576  -  MemoryUsage of job (MB)
	2637216  -  ResidentSetSize of job (KB)
...
006 (7706712.000.000) 11/10 13:58:47 Image size of job updated: 2673756
	2576  -  MemoryUsage of job (MB)
	2637216  -  ResidentSetSize of job (KB)
...
006 (7706712.000.000) 11/10 14:03:47 Image size of job updated: 2676916
	2576  -  MemoryUsage of job (MB)
	2637216  -  ResidentSetSize of job (KB)
...
006 (7706712.000.000) 11/10 14:13:49 Image size of job updated: 2680356
	2576  -  MemoryUsage of job (MB)
	2637216  -  ResidentSetSize of job (KB)
...
006 (7706712.000.000) 11/10 14:18:49 Image size of job updated: 2688732
	2576  -  MemoryUsage of job (MB)
	2637216  -  ResidentSetSize of job (KB)
...
006 (7706712.000.000) 11/10 14:28:50 Image size of job updated: 2692568
	2576  -  MemoryUsage of job (MB)
	2637216  -  ResidentSetSize of job (KB)
...
006 (7706712.000.000) 11/10 14:33:50 Image size of job updated: 2695916
	2576  -  MemoryUsage of job (MB)
	2637216  -  ResidentSetSize of job (KB)
...
006 (7706712.000.000) 11/10 14:38:50 Image size of job updated: 2699800
	2576  -  MemoryUsage of job (MB)
	2637216  -  ResidentSetSize of job (KB)
...
006 (7706712.000.000) 11/10 14:43:51 Image size of job updated: 2703716
	2576  -  MemoryUsage of job (MB)
	2637216  -  ResidentSetSize of job (KB)
...
006 (7706712.000.000) 11/10 14:48:52 Image size of job updated: 2707540
	2576  -  MemoryUsage of job (MB)
	2637216  -  ResidentSetSize of job (KB)
...
006 (7706712.000.000) 11/10 14:53:52 Image size of job updated: 2727000
	2576  -  MemoryUsage of job (MB)
	2637216  -  ResidentSetSize of job (KB)
...
006 (7706712.000.000) 11/10 14:58:54 Image size of job updated: 2730664
	2605  -  MemoryUsage of job (MB)
	2666536  -  ResidentSetSize of job (KB)
...
006 (7706712.000.000) 11/10 15:03:54 Image size of job updated: 2732152
	2625  -  MemoryUsage of job (MB)
	2687016  -  ResidentSetSize of job (KB)
...
006 (7706712.000.000) 11/10 15:18:56 Image size of job updated: 2739388
	2625  -  MemoryUsage of job (MB)
	2687016  -  ResidentSetSize of job (KB)
...
006 (7706712.000.000) 11/10 17:19:08 Image size of job updated: 2741068
	2625  -  MemoryUsage of job (MB)
	2687016  -  ResidentSetSize of job (KB)
...
006 (7706712.000.000) 11/10 17:24:09 Image size of job updated: 2741736
	2625  -  MemoryUsage of job (MB)
	2687016  -  ResidentSetSize of job (KB)
...
006 (7706712.000.000) 11/10 17:44:12 Image size of job updated: 2753740
	2625  -  MemoryUsage of job (MB)
	2687016  -  ResidentSetSize of job (KB)
...
006 (7706712.000.000) 11/10 17:49:12 Image size of job updated: 2753824
	2678  -  MemoryUsage of job (MB)
	2742208  -  ResidentSetSize of job (KB)
...
006 (7706712.000.000) 11/10 17:54:12 Image size of job updated: 2757124
	2684  -  MemoryUsage of job (MB)
	2748352  -  ResidentSetSize of job (KB)
...
006 (7706712.000.000) 11/10 17:59:13 Image size of job updated: 2760708
	2684  -  MemoryUsage of job (MB)
	2748352  -  ResidentSetSize of job (KB)
...
006 (7706712.000.000) 11/10 18:04:13 Image size of job updated: 2764404
	2684  -  MemoryUsage of job (MB)
	2748352  -  ResidentSetSize of job (KB)
...
006 (7706712.000.000) 11/10 18:09:13 Image size of job updated: 2768304
	2684  -  MemoryUsage of job (MB)
	2748352  -  ResidentSetSize of job (KB)
...
006 (7706712.000.000) 11/10 18:14:15 Image size of job updated: 2771236
	2684  -  MemoryUsage of job (MB)
	2748352  -  ResidentSetSize of job (KB)
...
006 (7706712.000.000) 11/10 18:19:15 Image size of job updated: 2772996
	2684  -  MemoryUsage of job (MB)
	2748352  -  ResidentSetSize of job (KB)
...
006 (7706712.000.000) 11/10 18:24:15 Image size of job updated: 2778936
	2684  -  MemoryUsage of job (MB)
	2748352  -  ResidentSetSize of job (KB)
...
006 (7706712.000.000) 11/10 18:29:16 Image size of job updated: 2782672
	2684  -  MemoryUsage of job (MB)
	2748352  -  ResidentSetSize of job (KB)
...
006 (7706712.000.000) 11/10 18:34:17 Image size of job updated: 2786444
	2703  -  MemoryUsage of job (MB)
	2767424  -  ResidentSetSize of job (KB)
...
006 (7706712.000.000) 11/10 18:39:17 Image size of job updated: 2790060
	2707  -  MemoryUsage of job (MB)
	2771520  -  ResidentSetSize of job (KB)
...
006 (7706712.000.000) 11/10 18:44:18 Image size of job updated: 2794128
	2707  -  MemoryUsage of job (MB)
	2771520  -  ResidentSetSize of job (KB)
...
006 (7706712.000.000) 11/10 18:49:19 Image size of job updated: 2800208
	2707  -  MemoryUsage of job (MB)
	2771520  -  ResidentSetSize of job (KB)
...
006 (7706712.000.000) 11/10 18:54:19 Image size of job updated: 2801924
	2707  -  MemoryUsage of job (MB)
	2771520  -  ResidentSetSize of job (KB)
...
006 (7706712.000.000) 11/10 18:59:19 Image size of job updated: 2805316
	2707  -  MemoryUsage of job (MB)
	2771520  -  ResidentSetSize of job (KB)
...
006 (7706712.000.000) 11/10 19:04:20 Image size of job updated: 2807192
	2707  -  MemoryUsage of job (MB)
	2771520  -  ResidentSetSize of job (KB)
...
006 (7706712.000.000) 11/10 19:09:20 Image size of job updated: 2813884
	2707  -  MemoryUsage of job (MB)
	2771520  -  ResidentSetSize of job (KB)
...
006 (7706712.000.000) 11/10 19:14:20 Image size of job updated: 2819156
	2707  -  MemoryUsage of job (MB)
	2771520  -  ResidentSetSize of job (KB)
...
006 (7706712.000.000) 11/10 19:19:21 Image size of job updated: 2819524
	2707  -  MemoryUsage of job (MB)
	2771520  -  ResidentSetSize of job (KB)
...
006 (7706712.000.000) 11/10 19:24:22 Image size of job updated: 2829124
	2707  -  MemoryUsage of job (MB)
	2771520  -  ResidentSetSize of job (KB)
...
006 (7706712.000.000) 11/10 19:34:23 Image size of job updated: 2829504
	2707  -  MemoryUsage of job (MB)
	2771520  -  ResidentSetSize of job (KB)
...
006 (7706712.000.000) 11/10 19:39:24 Image size of job updated: 2833852
	2707  -  MemoryUsage of job (MB)
	2771520  -  ResidentSetSize of job (KB)
...
006 (7706712.000.000) 11/10 19:44:24 Image size of job updated: 2836720
	2743  -  MemoryUsage of job (MB)
	2808480  -  ResidentSetSize of job (KB)
...
006 (7706712.000.000) 11/10 19:49:25 Image size of job updated: 2843784
	2749  -  MemoryUsage of job (MB)
	2814624  -  ResidentSetSize of job (KB)
...
006 (7706712.000.000) 11/10 19:54:25 Image size of job updated: 2846104
	2749  -  MemoryUsage of job (MB)
	2814624  -  ResidentSetSize of job (KB)
...
006 (7706712.000.000) 11/10 19:59:26 Image size of job updated: 2848344
	2749  -  MemoryUsage of job (MB)
	2814624  -  ResidentSetSize of job (KB)
...
006 (7706712.000.000) 11/10 20:04:26 Image size of job updated: 2852084
	2749  -  MemoryUsage of job (MB)
	2814624  -  ResidentSetSize of job (KB)
...
006 (7706712.000.000) 11/10 20:09:27 Image size of job updated: 2854664
	2749  -  MemoryUsage of job (MB)
	2814624  -  ResidentSetSize of job (KB)
...
006 (7706712.000.000) 11/10 20:19:27 Image size of job updated: 2862128
	2749  -  MemoryUsage of job (MB)
	2814624  -  ResidentSetSize of job (KB)
...
006 (7706712.000.000) 11/10 20:24:28 Image size of job updated: 2864220
	2749  -  MemoryUsage of job (MB)
	2814624  -  ResidentSetSize of job (KB)
...
006 (7706712.000.000) 11/10 20:34:29 Image size of job updated: 2866452
	2749  -  MemoryUsage of job (MB)
	2814624  -  ResidentSetSize of job (KB)
...
006 (7706712.000.000) 11/10 20:39:30 Image size of job updated: 2869620
	2749  -  MemoryUsage of job (MB)
	2814624  -  ResidentSetSize of job (KB)
...
006 (7706712.000.000) 11/10 20:44:31 Image size of job updated: 2873220
	2749  -  MemoryUsage of job (MB)
	2814624  -  ResidentSetSize of job (KB)
...
006 (7706712.000.000) 11/10 20:49:31 Image size of job updated: 2939816
	2749  -  MemoryUsage of job (MB)
	2814624  -  ResidentSetSize of job (KB)
...
006 (7706712.000.000) 11/10 20:54:32 Image size of job updated: 2942804
	2749  -  MemoryUsage of job (MB)
	2814624  -  ResidentSetSize of job (KB)
...
006 (7706712.000.000) 11/10 20:59:32 Image size of job updated: 2945796
	2749  -  MemoryUsage of job (MB)
	2814624  -  ResidentSetSize of job (KB)
...
006 (7706712.000.000) 11/10 21:04:32 Image size of job updated: 2946620
	2749  -  MemoryUsage of job (MB)
	2814624  -  ResidentSetSize of job (KB)
...
006 (7706712.000.000) 11/10 21:59:37 Image size of job updated: 2947044
	2749  -  MemoryUsage of job (MB)
	2814624  -  ResidentSetSize of job (KB)
...
006 (7706712.000.000) 11/10 22:04:38 Image size of job updated: 2950488
	2749  -  MemoryUsage of job (MB)
	2814624  -  ResidentSetSize of job (KB)
...
006 (7706712.000.000) 11/10 22:09:39 Image size of job updated: 2953984
	2749  -  MemoryUsage of job (MB)
	2814624  -  ResidentSetSize of job (KB)
...
006 (7706712.000.000) 11/10 22:14:39 Image size of job updated: 2958516
	2749  -  MemoryUsage of job (MB)
	2814624  -  ResidentSetSize of job (KB)
...
006 (7706712.000.000) 11/10 22:19:40 Image size of job updated: 2961540
	2749  -  MemoryUsage of job (MB)
	2814624  -  ResidentSetSize of job (KB)
...
006 (7706712.000.000) 11/10 22:24:41 Image size of job updated: 2963520
	2749  -  MemoryUsage of job (MB)
	2814624  -  ResidentSetSize of job (KB)
...
006 (7706712.000.000) 11/10 22:29:41 Image size of job updated: 2966828
	2749  -  MemoryUsage of job (MB)
	2814624  -  ResidentSetSize of job (KB)
...
006 (7706712.000.000) 11/10 22:34:41 Image size of job updated: 2971280
	2749  -  MemoryUsage of job (MB)
	2814624  -  ResidentSetSize of job (KB)
...
006 (7706712.000.000) 11/10 22:39:42 Image size of job updated: 2973624
	2749  -  MemoryUsage of job (MB)
	2814624  -  ResidentSetSize of job (KB)
...
006 (7706712.000.000) 11/10 22:44:42 Image size of job updated: 2976184
	2787  -  MemoryUsage of job (MB)
	2853780  -  ResidentSetSize of job (KB)
...
006 (7706712.000.000) 11/10 22:49:42 Image size of job updated: 2978640
	2793  -  MemoryUsage of job (MB)
	2859924  -  ResidentSetSize of job (KB)
...
006 (7706712.000.000) 11/10 22:54:43 Image size of job updated: 2981252
	2793  -  MemoryUsage of job (MB)
	2859924  -  ResidentSetSize of job (KB)
...
006 (7706712.000.000) 11/10 22:59:44 Image size of job updated: 2983480
	2793  -  MemoryUsage of job (MB)
	2859924  -  ResidentSetSize of job (KB)
...
006 (7706712.000.000) 11/10 23:04:44 Image size of job updated: 2987644
	2793  -  MemoryUsage of job (MB)
	2859924  -  ResidentSetSize of job (KB)
...
006 (7706712.000.000) 11/10 23:09:45 Image size of job updated: 2998356
	2793  -  MemoryUsage of job (MB)
	2859924  -  ResidentSetSize of job (KB)
...
006 (7706712.000.000) 11/10 23:14:45 Image size of job updated: 3003072
	2793  -  MemoryUsage of job (MB)
	2859924  -  ResidentSetSize of job (KB)
...
006 (7706712.000.000) 11/10 23:19:45 Image size of job updated: 3008164
	2793  -  MemoryUsage of job (MB)
	2859924  -  ResidentSetSize of job (KB)
...
006 (7706712.000.000) 11/10 23:24:46 Image size of job updated: 3009708
	2793  -  MemoryUsage of job (MB)
	2859924  -  ResidentSetSize of job (KB)
...
006 (7706712.000.000) 11/10 23:49:49 Image size of job updated: 3010632
	2793  -  MemoryUsage of job (MB)
	2859924  -  ResidentSetSize of job (KB)
...
006 (7706712.000.000) 11/10 23:54:50 Image size of job updated: 3012568
	2793  -  MemoryUsage of job (MB)
	2859924  -  ResidentSetSize of job (KB)
...
006 (7706712.000.000) 11/10 23:59:51 Image size of job updated: 3015744
	2793  -  MemoryUsage of job (MB)
	2859924  -  ResidentSetSize of job (KB)
...
006 (7706712.000.000) 11/11 00:04:51 Image size of job updated: 3019564
	2793  -  MemoryUsage of job (MB)
	2859924  -  ResidentSetSize of job (KB)
...
006 (7706712.000.000) 11/11 00:09:51 Image size of job updated: 3023008
	2793  -  MemoryUsage of job (MB)
	2859924  -  ResidentSetSize of job (KB)
...
006 (7706712.000.000) 11/11 00:14:52 Image size of job updated: 3026016
	2793  -  MemoryUsage of job (MB)
	2859924  -  ResidentSetSize of job (KB)
...
006 (7706712.000.000) 11/11 00:19:52 Image size of job updated: 3029184
	2793  -  MemoryUsage of job (MB)
	2859924  -  ResidentSetSize of job (KB)
...
006 (7706712.000.000) 11/11 00:24:52 Image size of job updated: 3032884
	2793  -  MemoryUsage of job (MB)
	2859924  -  ResidentSetSize of job (KB)
...
006 (7706712.000.000) 11/11 00:29:53 Image size of job updated: 3034848
	2828  -  MemoryUsage of job (MB)
	2895140  -  ResidentSetSize of job (KB)
...
006 (7706712.000.000) 11/11 00:34:54 Image size of job updated: 3038012
	2832  -  MemoryUsage of job (MB)
	2899492  -  ResidentSetSize of job (KB)
...
006 (7706712.000.000) 11/11 00:39:54 Image size of job updated: 3041260
	2832  -  MemoryUsage of job (MB)
	2899492  -  ResidentSetSize of job (KB)
...
006 (7706712.000.000) 11/11 00:44:55 Image size of job updated: 3043904
	2832  -  MemoryUsage of job (MB)
	2899492  -  ResidentSetSize of job (KB)
...
006 (7706712.000.000) 11/11 00:49:56 Image size of job updated: 3051828
	2832  -  MemoryUsage of job (MB)
	2899492  -  ResidentSetSize of job (KB)
...
006 (7706712.000.000) 11/11 00:54:56 Image size of job updated: 3052928
	2832  -  MemoryUsage of job (MB)
	2899492  -  ResidentSetSize of job (KB)
...
006 (7706712.000.000) 11/11 00:59:56 Image size of job updated: 3054440
	2832  -  MemoryUsage of job (MB)
	2899492  -  ResidentSetSize of job (KB)
...
006 (7706712.000.000) 11/11 01:04:57 Image size of job updated: 3061108
	2832  -  MemoryUsage of job (MB)
	2899492  -  ResidentSetSize of job (KB)
...
006 (7706712.000.000) 11/11 01:09:57 Image size of job updated: 3064108
	2832  -  MemoryUsage of job (MB)
	2899492  -  ResidentSetSize of job (KB)
...
006 (7706712.000.000) 11/11 01:19:58 Image size of job updated: 3066884
	2832  -  MemoryUsage of job (MB)
	2899492  -  ResidentSetSize of job (KB)
...
006 (7706712.000.000) 11/11 01:24:58 Image size of job updated: 3070884
	2832  -  MemoryUsage of job (MB)
	2899492  -  ResidentSetSize of job (KB)
...
006 (7706712.000.000) 11/11 01:29:58 Image size of job updated: 3074368
	2832  -  MemoryUsage of job (MB)
	2899492  -  ResidentSetSize of job (KB)
...
006 (7706712.000.000) 11/11 01:34:59 Image size of job updated: 3080400
	2832  -  MemoryUsage of job (MB)
	2899492  -  ResidentSetSize of job (KB)
...
006 (7706712.000.000) 11/11 01:40:00 Image size of job updated: 3080984
	2832  -  MemoryUsage of job (MB)
	2899492  -  ResidentSetSize of job (KB)
...
006 (7706712.000.000) 11/11 01:45:00 Image size of job updated: 3083080
	2832  -  MemoryUsage of job (MB)
	2899492  -  ResidentSetSize of job (KB)
...
006 (7706712.000.000) 11/11 01:50:01 Image size of job updated: 3124008
	2832  -  MemoryUsage of job (MB)
	2899492  -  ResidentSetSize of job (KB)
...
006 (7706712.000.000) 11/11 01:55:02 Image size of job updated: 3126888
	2832  -  MemoryUsage of job (MB)
	2899492  -  ResidentSetSize of job (KB)
...
006 (7706712.000.000) 11/11 02:00:02 Image size of job updated: 3129840
	2832  -  MemoryUsage of job (MB)
	2899492  -  ResidentSetSize of job (KB)
...
006 (7706712.000.000) 11/11 02:05:02 Image size of job updated: 3130684
	2832  -  MemoryUsage of job (MB)
	2899492  -  ResidentSetSize of job (KB)
...
006 (7706712.000.000) 11/11 02:20:03 Image size of job updated: 3130684
	2994  -  MemoryUsage of job (MB)
	3065484  -  ResidentSetSize of job (KB)
...
006 (7706712.000.000) 11/11 02:35:04 Image size of job updated: 3130684
	2998  -  MemoryUsage of job (MB)
	3069016  -  ResidentSetSize of job (KB)
...
006 (7706712.000.000) 11/11 02:40:05 Image size of job updated: 3130684
	3001  -  MemoryUsage of job (MB)
	3072868  -  ResidentSetSize of job (KB)
...
006 (7706712.000.000) 11/11 03:00:08 Image size of job updated: 3131756
	3001  -  MemoryUsage of job (MB)
	3072868  -  ResidentSetSize of job (KB)
...
006 (7706712.000.000) 11/11 03:05:08 Image size of job updated: 3136920
	3001  -  MemoryUsage of job (MB)
	3072868  -  ResidentSetSize of job (KB)
...
006 (7706712.000.000) 11/11 03:10:08 Image size of job updated: 3138156
	3001  -  MemoryUsage of job (MB)
	3072868  -  ResidentSetSize of job (KB)
...
006 (7706712.000.000) 11/11 03:20:09 Image size of job updated: 3139268
	3001  -  MemoryUsage of job (MB)
	3072868  -  ResidentSetSize of job (KB)
...
006 (7706712.000.000) 11/11 03:25:09 Image size of job updated: 3143472
	3001  -  MemoryUsage of job (MB)
	3072868  -  ResidentSetSize of job (KB)
...
006 (7706712.000.000) 11/11 03:30:10 Image size of job updated: 3147096
	3001  -  MemoryUsage of job (MB)
	3072868  -  ResidentSetSize of job (KB)
...
006 (7706712.000.000) 11/11 03:35:11 Image size of job updated: 3150232
	3001  -  MemoryUsage of job (MB)
	3072868  -  ResidentSetSize of job (KB)
...
006 (7706712.000.000) 11/11 03:40:11 Image size of job updated: 3155728
	3001  -  MemoryUsage of job (MB)
	3072868  -  ResidentSetSize of job (KB)
...
006 (7706712.000.000) 11/11 03:45:12 Image size of job updated: 3162124
	3001  -  MemoryUsage of job (MB)
	3072868  -  ResidentSetSize of job (KB)
...
006 (7706712.000.000) 11/11 03:50:13 Image size of job updated: 3162288
	3001  -  MemoryUsage of job (MB)
	3072868  -  ResidentSetSize of job (KB)
...
006 (7706712.000.000) 11/11 04:00:14 Image size of job updated: 3168960
	3001  -  MemoryUsage of job (MB)
	3072868  -  ResidentSetSize of job (KB)
...
006 (7706712.000.000) 11/11 04:05:15 Image size of job updated: 3169964
	3001  -  MemoryUsage of job (MB)
	3072868  -  ResidentSetSize of job (KB)
...
006 (7706712.000.000) 11/11 04:10:15 Image size of job updated: 3174844
	3001  -  MemoryUsage of job (MB)
	3072868  -  ResidentSetSize of job (KB)
...
006 (7706712.000.000) 11/11 04:15:15 Image size of job updated: 3176016
	3001  -  MemoryUsage of job (MB)
	3072868  -  ResidentSetSize of job (KB)
...
006 (7706712.000.000) 11/11 04:20:16 Image size of job updated: 3179592
	3001  -  MemoryUsage of job (MB)
	3072868  -  ResidentSetSize of job (KB)
...
006 (7706712.000.000) 11/11 04:25:16 Image size of job updated: 3183144
	3001  -  MemoryUsage of job (MB)
	3072868  -  ResidentSetSize of job (KB)
...
006 (7706712.000.000) 11/11 04:30:16 Image size of job updated: 3190852
	3065  -  MemoryUsage of job (MB)
	3137932  -  ResidentSetSize of job (KB)
...
006 (7706712.000.000) 11/11 04:35:17 Image size of job updated: 3191048
	3113  -  MemoryUsage of job (MB)
	3187356  -  ResidentSetSize of job (KB)
...
006 (7706712.000.000) 11/11 04:40:18 Image size of job updated: 3193136
	3113  -  MemoryUsage of job (MB)
	3187356  -  ResidentSetSize of job (KB)
...
006 (7706712.000.000) 11/11 04:45:18 Image size of job updated: 3196540
	3113  -  MemoryUsage of job (MB)
	3187356  -  ResidentSetSize of job (KB)
...
006 (7706712.000.000) 11/11 04:50:19 Image size of job updated: 3197984
	3113  -  MemoryUsage of job (MB)
	3187356  -  ResidentSetSize of job (KB)
...
006 (7706712.000.000) 11/11 04:55:20 Image size of job updated: 3201092
	3113  -  MemoryUsage of job (MB)
	3187356  -  ResidentSetSize of job (KB)
...
006 (7706712.000.000) 11/11 05:00:20 Image size of job updated: 3206112
	3113  -  MemoryUsage of job (MB)
	3187356  -  ResidentSetSize of job (KB)
...
006 (7706712.000.000) 11/11 05:05:20 Image size of job updated: 3209092
	3113  -  MemoryUsage of job (MB)
	3187356  -  ResidentSetSize of job (KB)
...
006 (7706712.000.000) 11/11 05:10:21 Image size of job updated: 3213900
	3113  -  MemoryUsage of job (MB)
	3187356  -  ResidentSetSize of job (KB)
...
006 (7706712.000.000) 11/11 05:15:21 Image size of job updated: 3215808
	3113  -  MemoryUsage of job (MB)
	3187356  -  ResidentSetSize of job (KB)
...
006 (7706712.000.000) 11/11 05:20:21 Image size of job updated: 3218944
	3113  -  MemoryUsage of job (MB)
	3187356  -  ResidentSetSize of job (KB)
...
006 (7706712.000.000) 11/11 05:25:22 Image size of job updated: 3222948
	3113  -  MemoryUsage of job (MB)
	3187356  -  ResidentSetSize of job (KB)
...
006 (7706712.000.000) 11/11 05:30:22 Image size of job updated: 3225276
	3113  -  MemoryUsage of job (MB)
	3187356  -  ResidentSetSize of job (KB)
...
006 (7706712.000.000) 11/11 05:35:22 Image size of job updated: 3228332
	3113  -  MemoryUsage of job (MB)
	3187356  -  ResidentSetSize of job (KB)
...
006 (7706712.000.000) 11/11 05:40:23 Image size of job updated: 3231392
	3113  -  MemoryUsage of job (MB)
	3187356  -  ResidentSetSize of job (KB)
...
006 (7706712.000.000) 11/11 05:45:23 Image size of job updated: 3234292
	3113  -  MemoryUsage of job (MB)
	3187356  -  ResidentSetSize of job (KB)
...
006 (7706712.000.000) 11/11 05:50:23 Image size of job updated: 3238060
	3113  -  MemoryUsage of job (MB)
	3187356  -  ResidentSetSize of job (KB)
...
006 (7706712.000.000) 11/11 05:55:24 Image size of job updated: 3240532
	3113  -  MemoryUsage of job (MB)
	3187356  -  ResidentSetSize of job (KB)
...
006 (7706712.000.000) 11/11 06:00:25 Image size of job updated: 3243956
	3113  -  MemoryUsage of job (MB)
	3187356  -  ResidentSetSize of job (KB)
...
006 (7706712.000.000) 11/11 06:05:25 Image size of job updated: 3254720
	3113  -  MemoryUsage of job (MB)
	3187356  -  ResidentSetSize of job (KB)
...
006 (7706712.000.000) 11/11 06:10:26 Image size of job updated: 3258708
	3113  -  MemoryUsage of job (MB)
	3187356  -  ResidentSetSize of job (KB)
...
006 (7706712.000.000) 11/11 06:15:27 Image size of job updated: 3258928
	3113  -  MemoryUsage of job (MB)
	3187356  -  ResidentSetSize of job (KB)
...
006 (7706712.000.000) 11/11 06:20:27 Image size of job updated: 3260848
	3113  -  MemoryUsage of job (MB)
	3187356  -  ResidentSetSize of job (KB)
...
006 (7706712.000.000) 11/11 06:30:29 Image size of job updated: 3262848
	3113  -  MemoryUsage of job (MB)
	3187356  -  ResidentSetSize of job (KB)
...
006 (7706712.000.000) 11/11 06:35:29 Image size of job updated: 3266008
	3113  -  MemoryUsage of job (MB)
	3187356  -  ResidentSetSize of job (KB)
...
006 (7706712.000.000) 11/11 06:40:29 Image size of job updated: 3269132
	3113  -  MemoryUsage of job (MB)
	3187356  -  ResidentSetSize of job (KB)
...
006 (7706712.000.000) 11/11 06:45:30 Image size of job updated: 3272908
	3113  -  MemoryUsage of job (MB)
	3187356  -  ResidentSetSize of job (KB)
...
006 (7706712.000.000) 11/11 06:50:30 Image size of job updated: 3273512
	3113  -  MemoryUsage of job (MB)
	3187356  -  ResidentSetSize of job (KB)
...
006 (7706712.000.000) 11/11 06:55:30 Image size of job updated: 3281472
	3113  -  MemoryUsage of job (MB)
	3187356  -  ResidentSetSize of job (KB)
...
006 (7706712.000.000) 11/11 07:00:31 Image size of job updated: 3284416
	3113  -  MemoryUsage of job (MB)
	3187356  -  ResidentSetSize of job (KB)
...
006 (7706712.000.000) 11/11 07:05:32 Image size of job updated: 3285516
	3113  -  MemoryUsage of job (MB)
	3187356  -  ResidentSetSize of job (KB)
...
006 (7706712.000.000) 11/11 07:10:32 Image size of job updated: 3288592
	3202  -  MemoryUsage of job (MB)
	3278692  -  ResidentSetSize of job (KB)
...
006 (7706712.000.000) 11/11 07:15:33 Image size of job updated: 3291716
	3202  -  MemoryUsage of job (MB)
	3278692  -  ResidentSetSize of job (KB)
...
006 (7706712.000.000) 11/11 07:20:34 Image size of job updated: 3294896
	3202  -  MemoryUsage of job (MB)
	3278692  -  ResidentSetSize of job (KB)
...
006 (7706712.000.000) 11/11 07:25:34 Image size of job updated: 3327392
	3214  -  MemoryUsage of job (MB)
	3290688  -  ResidentSetSize of job (KB)
...
006 (7706712.000.000) 11/11 07:30:35 Image size of job updated: 3328464
	3216  -  MemoryUsage of job (MB)
	3292992  -  ResidentSetSize of job (KB)
...
006 (7706712.000.000) 11/11 08:15:39 Image size of job updated: 3342424
	3216  -  MemoryUsage of job (MB)
	3292992  -  ResidentSetSize of job (KB)
...
006 (7706712.000.000) 11/11 08:20:40 Image size of job updated: 3345116
	3216  -  MemoryUsage of job (MB)
	3292992  -  ResidentSetSize of job (KB)
...
006 (7706712.000.000) 11/11 08:25:41 Image size of job updated: 3346860
	3216  -  MemoryUsage of job (MB)
	3292992  -  ResidentSetSize of job (KB)
...
006 (7706712.000.000) 11/11 08:35:42 Image size of job updated: 3348868
	3216  -  MemoryUsage of job (MB)
	3292992  -  ResidentSetSize of job (KB)
...
006 (7706712.000.000) 11/11 08:40:43 Image size of job updated: 3349496
	3216  -  MemoryUsage of job (MB)
	3292992  -  ResidentSetSize of job (KB)
...
006 (7706712.000.000) 11/11 08:45:43 Image size of job updated: 3350896
	3216  -  MemoryUsage of job (MB)
	3292992  -  ResidentSetSize of job (KB)
...
006 (7706712.000.000) 11/11 08:55:44 Image size of job updated: 3351860
	3216  -  MemoryUsage of job (MB)
	3292992  -  ResidentSetSize of job (KB)
...
006 (7706712.000.000) 11/11 09:00:44 Image size of job updated: 3354628
	3235  -  MemoryUsage of job (MB)
	3312612  -  ResidentSetSize of job (KB)
...
006 (7706712.000.000) 11/11 09:05:44 Image size of job updated: 3358488
	3235  -  MemoryUsage of job (MB)
	3312612  -  ResidentSetSize of job (KB)
...
006 (7706712.000.000) 11/11 09:10:45 Image size of job updated: 3365732
	3235  -  MemoryUsage of job (MB)
	3312612  -  ResidentSetSize of job (KB)
...
006 (7706712.000.000) 11/11 09:15:46 Image size of job updated: 3367788
	3235  -  MemoryUsage of job (MB)
	3312612  -  ResidentSetSize of job (KB)
...
006 (7706712.000.000) 11/11 09:20:46 Image size of job updated: 3367824
	3235  -  MemoryUsage of job (MB)
	3312612  -  ResidentSetSize of job (KB)
...
006 (7706712.000.000) 11/11 09:30:48 Image size of job updated: 3373868
	3235  -  MemoryUsage of job (MB)
	3312612  -  ResidentSetSize of job (KB)
...
006 (7706712.000.000) 11/11 09:35:48 Image size of job updated: 3375960
	3235  -  MemoryUsage of job (MB)
	3312612  -  ResidentSetSize of job (KB)
...
006 (7706712.000.000) 11/11 09:45:50 Image size of job updated: 3376976
	3235  -  MemoryUsage of job (MB)
	3312612  -  ResidentSetSize of job (KB)
...
006 (7706712.000.000) 11/11 09:50:50 Image size of job updated: 3380140
	3235  -  MemoryUsage of job (MB)
	3312612  -  ResidentSetSize of job (KB)
...
006 (7706712.000.000) 11/11 09:55:50 Image size of job updated: 3386212
	3235  -  MemoryUsage of job (MB)
	3312612  -  ResidentSetSize of job (KB)
...
006 (7706712.000.000) 11/11 10:00:51 Image size of job updated: 3389268
	3235  -  MemoryUsage of job (MB)
	3312612  -  ResidentSetSize of job (KB)
...
006 (7706712.000.000) 11/11 10:05:51 Image size of job updated: 3390960
	3235  -  MemoryUsage of job (MB)
	3312612  -  ResidentSetSize of job (KB)
...
006 (7706712.000.000) 11/11 10:10:51 Image size of job updated: 3393616
	3235  -  MemoryUsage of job (MB)
	3312612  -  ResidentSetSize of job (KB)
...
006 (7706712.000.000) 11/11 10:15:52 Image size of job updated: 3396384
	3235  -  MemoryUsage of job (MB)
	3312612  -  ResidentSetSize of job (KB)
...
006 (7706712.000.000) 11/11 10:20:52 Image size of job updated: 3399276
	3235  -  MemoryUsage of job (MB)
	3312612  -  ResidentSetSize of job (KB)
...
006 (7706712.000.000) 11/11 10:25:52 Image size of job updated: 3404140
	3235  -  MemoryUsage of job (MB)
	3312612  -  ResidentSetSize of job (KB)
...
006 (7706712.000.000) 11/11 10:30:53 Image size of job updated: 3405492
	3235  -  MemoryUsage of job (MB)
	3312612  -  ResidentSetSize of job (KB)
...
006 (7706712.000.000) 11/11 10:35:53 Image size of job updated: 3408488
	3235  -  MemoryUsage of job (MB)
	3312612  -  ResidentSetSize of job (KB)
...
006 (7706712.000.000) 11/11 10:40:53 Image size of job updated: 3410544
	3235  -  MemoryUsage of job (MB)
	3312612  -  ResidentSetSize of job (KB)
...
006 (7706712.000.000) 11/11 10:45:54 Image size of job updated: 3411348
	3235  -  MemoryUsage of job (MB)
	3312612  -  ResidentSetSize of job (KB)
...
006 (7706712.000.000) 11/11 10:50:54 Image size of job updated: 3420812
	3235  -  MemoryUsage of job (MB)
	3312612  -  ResidentSetSize of job (KB)
...
006 (7706712.000.000) 11/11 10:55:54 Image size of job updated: 3443504
	3235  -  MemoryUsage of job (MB)
	3312612  -  ResidentSetSize of job (KB)
...
006 (7706712.000.000) 11/11 11:00:55 Image size of job updated: 3445496
	3235  -  MemoryUsage of job (MB)
	3312612  -  ResidentSetSize of job (KB)
...
006 (7706712.000.000) 11/11 11:15:55 Image size of job updated: 3445496
	3315  -  MemoryUsage of job (MB)
	3393772  -  ResidentSetSize of job (KB)
...
006 (7706712.000.000) 11/11 11:35:56 Image size of job updated: 3445496
	3339  -  MemoryUsage of job (MB)
	3418296  -  ResidentSetSize of job (KB)
...
006 (7706712.000.000) 11/11 11:40:57 Image size of job updated: 3446780
	3343  -  MemoryUsage of job (MB)
	3422392  -  ResidentSetSize of job (KB)
...
006 (7706712.000.000) 11/11 11:45:57 Image size of job updated: 3448276
	3343  -  MemoryUsage of job (MB)
	3422392  -  ResidentSetSize of job (KB)
...
006 (7706712.000.000) 11/11 11:50:57 Image size of job updated: 3449432
	3343  -  MemoryUsage of job (MB)
	3422392  -  ResidentSetSize of job (KB)
...
006 (7706712.000.000) 11/11 11:55:58 Image size of job updated: 3451168
	3343  -  MemoryUsage of job (MB)
	3422392  -  ResidentSetSize of job (KB)
...
006 (7706712.000.000) 11/11 12:00:58 Image size of job updated: 3457808
	3343  -  MemoryUsage of job (MB)
	3422392  -  ResidentSetSize of job (KB)
...
006 (7706712.000.000) 11/11 12:05:58 Image size of job updated: 3458348
	3343  -  MemoryUsage of job (MB)
	3422392  -  ResidentSetSize of job (KB)
...
006 (7706712.000.000) 11/11 12:10:59 Image size of job updated: 3460680
	3356  -  MemoryUsage of job (MB)
	3436292  -  ResidentSetSize of job (KB)
...
006 (7706712.000.000) 11/11 12:16:00 Image size of job updated: 3462496
	3364  -  MemoryUsage of job (MB)
	3444484  -  ResidentSetSize of job (KB)
...
006 (7706712.000.000) 11/11 12:21:00 Image size of job updated: 3465336
	3364  -  MemoryUsage of job (MB)
	3444484  -  ResidentSetSize of job (KB)
...
006 (7706712.000.000) 11/11 12:26:01 Image size of job updated: 3473452
	3364  -  MemoryUsage of job (MB)
	3444484  -  ResidentSetSize of job (KB)
...
006 (7706712.000.000) 11/11 12:36:02 Image size of job updated: 3474360
	3364  -  MemoryUsage of job (MB)
	3444484  -  ResidentSetSize of job (KB)
...
006 (7706712.000.000) 11/11 12:41:03 Image size of job updated: 3476996
	3364  -  MemoryUsage of job (MB)
	3444484  -  ResidentSetSize of job (KB)
...
006 (7706712.000.000) 11/11 12:46:04 Image size of job updated: 3496872
	3364  -  MemoryUsage of job (MB)
	3444484  -  ResidentSetSize of job (KB)
...
006 (7706712.000.000) 11/11 12:51:04 Image size of job updated: 3498812
	3364  -  MemoryUsage of job (MB)
	3444484  -  ResidentSetSize of job (KB)
...
006 (7706712.000.000) 11/11 12:56:05 Image size of job updated: 3498860
	3364  -  MemoryUsage of job (MB)
	3444484  -  ResidentSetSize of job (KB)
...
006 (7706712.000.000) 11/11 13:21:07 Image size of job updated: 3499544
	3364  -  MemoryUsage of job (MB)
	3444484  -  ResidentSetSize of job (KB)
...
006 (7706712.000.000) 11/11 13:26:08 Image size of job updated: 3505768
	3364  -  MemoryUsage of job (MB)
	3444484  -  ResidentSetSize of job (KB)
...
006 (7706712.000.000) 11/11 13:36:09 Image size of job updated: 3512264
	3364  -  MemoryUsage of job (MB)
	3444484  -  ResidentSetSize of job (KB)
...
006 (7706712.000.000) 11/11 13:41:10 Image size of job updated: 3513424
	3364  -  MemoryUsage of job (MB)
	3444484  -  ResidentSetSize of job (KB)
...
006 (7706712.000.000) 11/11 13:51:11 Image size of job updated: 3514684
	3364  -  MemoryUsage of job (MB)
	3444484  -  ResidentSetSize of job (KB)
...
006 (7706712.000.000) 11/11 13:56:12 Image size of job updated: 3517268
	3364  -  MemoryUsage of job (MB)
	3444484  -  ResidentSetSize of job (KB)
...
006 (7706712.000.000) 11/11 14:01:13 Image size of job updated: 3519964
	3364  -  MemoryUsage of job (MB)
	3444484  -  ResidentSetSize of job (KB)
...
006 (7706712.000.000) 11/11 14:06:13 Image size of job updated: 3522720
	3364  -  MemoryUsage of job (MB)
	3444484  -  ResidentSetSize of job (KB)
...
006 (7706712.000.000) 11/11 14:11:14 Image size of job updated: 3526492
	3364  -  MemoryUsage of job (MB)
	3444484  -  ResidentSetSize of job (KB)
...
006 (7706712.000.000) 11/11 14:16:15 Image size of job updated: 3530168
	3364  -  MemoryUsage of job (MB)
	3444484  -  ResidentSetSize of job (KB)
...
006 (7706712.000.000) 11/11 14:21:15 Image size of job updated: 3530868
	3364  -  MemoryUsage of job (MB)
	3444484  -  ResidentSetSize of job (KB)
...
006 (7706712.000.000) 11/11 14:26:15 Image size of job updated: 3533464
	3364  -  MemoryUsage of job (MB)
	3444484  -  ResidentSetSize of job (KB)
...
006 (7706712.000.000) 11/11 14:31:16 Image size of job updated: 3537600
	3364  -  MemoryUsage of job (MB)
	3444484  -  ResidentSetSize of job (KB)
...
006 (7706712.000.000) 11/11 14:36:16 Image size of job updated: 3538936
	3364  -  MemoryUsage of job (MB)
	3444484  -  ResidentSetSize of job (KB)
...
006 (7706712.000.000) 11/11 14:41:16 Image size of job updated: 3542200
	3364  -  MemoryUsage of job (MB)
	3444484  -  ResidentSetSize of job (KB)
...
006 (7706712.000.000) 11/11 14:46:17 Image size of job updated: 3542260
	3364  -  MemoryUsage of job (MB)
	3444484  -  ResidentSetSize of job (KB)
...
006 (7706712.000.000) 11/11 14:51:18 Image size of job updated: 3544560
	3364  -  MemoryUsage of job (MB)
	3444484  -  ResidentSetSize of job (KB)
...
006 (7706712.000.000) 11/11 14:56:18 Image size of job updated: 3550544
	3364  -  MemoryUsage of job (MB)
	3444484  -  ResidentSetSize of job (KB)
...
006 (7706712.000.000) 11/11 15:01:19 Image size of job updated: 3552756
	3364  -  MemoryUsage of job (MB)
	3444484  -  ResidentSetSize of job (KB)
...
006 (7706712.000.000) 11/11 15:06:20 Image size of job updated: 3554200
	3364  -  MemoryUsage of job (MB)
	3444484  -  ResidentSetSize of job (KB)
...
006 (7706712.000.000) 11/11 15:11:20 Image size of job updated: 3556424
	3364  -  MemoryUsage of job (MB)
	3444484  -  ResidentSetSize of job (KB)
...
006 (7706712.000.000) 11/11 15:16:21 Image size of job updated: 3558988
	3364  -  MemoryUsage of job (MB)
	3444484  -  ResidentSetSize of job (KB)
...
006 (7706712.000.000) 11/11 15:21:22 Image size of job updated: 3561708
	3364  -  MemoryUsage of job (MB)
	3444484  -  ResidentSetSize of job (KB)
...
006 (7706712.000.000) 11/11 15:26:22 Image size of job updated: 3564432
	3405  -  MemoryUsage of job (MB)
	3485908  -  ResidentSetSize of job (KB)
...
006 (7706712.000.000) 11/11 15:31:22 Image size of job updated: 3565384
	3413  -  MemoryUsage of job (MB)
	3494100  -  ResidentSetSize of job (KB)
...
006 (7706712.000.000) 11/11 15:36:23 Image size of job updated: 3569792
	3413  -  MemoryUsage of job (MB)
	3494100  -  ResidentSetSize of job (KB)
...
006 (7706712.000.000) 11/11 15:41:23 Image size of job updated: 3572392
	3413  -  MemoryUsage of job (MB)
	3494100  -  ResidentSetSize of job (KB)
...
006 (7706712.000.000) 11/11 15:46:23 Image size of job updated: 3572904
	3413  -  MemoryUsage of job (MB)
	3494100  -  ResidentSetSize of job (KB)
...
006 (7706712.000.000) 11/11 15:51:24 Image size of job updated: 3577552
	3413  -  MemoryUsage of job (MB)
	3494100  -  ResidentSetSize of job (KB)
...
006 (7706712.000.000) 11/11 15:56:25 Image size of job updated: 3580440
	3413  -  MemoryUsage of job (MB)
	3494100  -  ResidentSetSize of job (KB)
...
006 (7706712.000.000) 11/11 16:01:25 Image size of job updated: 3583896
	3413  -  MemoryUsage of job (MB)
	3494100  -  ResidentSetSize of job (KB)
...
006 (7706712.000.000) 11/11 16:06:26 Image size of job updated: 3585260
	3413  -  MemoryUsage of job (MB)
	3494100  -  ResidentSetSize of job (KB)
...
006 (7706712.000.000) 11/11 16:11:27 Image size of job updated: 3589692
	3413  -  MemoryUsage of job (MB)
	3494100  -  ResidentSetSize of job (KB)
...
006 (7706712.000.000) 11/11 16:16:27 Image size of job updated: 3590464
	3413  -  MemoryUsage of job (MB)
	3494100  -  ResidentSetSize of job (KB)
...
006 (7706712.000.000) 11/11 16:21:28 Image size of job updated: 3592472
	3413  -  MemoryUsage of job (MB)
	3494100  -  ResidentSetSize of job (KB)
...
006 (7706712.000.000) 11/11 16:26:29 Image size of job updated: 3594936
	3413  -  MemoryUsage of job (MB)
	3494100  -  ResidentSetSize of job (KB)
...
006 (7706712.000.000) 11/11 16:31:29 Image size of job updated: 3596164
	3413  -  MemoryUsage of job (MB)
	3494100  -  ResidentSetSize of job (KB)
...
006 (7706712.000.000) 11/11 16:36:29 Image size of job updated: 3608512
	3413  -  MemoryUsage of job (MB)
	3494100  -  ResidentSetSize of job (KB)
...
006 (7706712.000.000) 11/11 16:41:30 Image size of job updated: 3609088
	3442  -  MemoryUsage of job (MB)
	3523832  -  ResidentSetSize of job (KB)
...
006 (7706712.000.000) 11/11 16:46:30 Image size of job updated: 3609088
	3446  -  MemoryUsage of job (MB)
	3528184  -  ResidentSetSize of job (KB)
...
006 (7706712.000.000) 11/11 17:01:31 Image size of job updated: 3610812
	3446  -  MemoryUsage of job (MB)
	3528184  -  ResidentSetSize of job (KB)
...
006 (7706712.000.000) 11/11 17:06:31 Image size of job updated: 3612360
	3446  -  MemoryUsage of job (MB)
	3528184  -  ResidentSetSize of job (KB)
...
006 (7706712.000.000) 11/11 17:11:32 Image size of job updated: 3614752
	3446  -  MemoryUsage of job (MB)
	3528184  -  ResidentSetSize of job (KB)
...
006 (7706712.000.000) 11/11 17:16:33 Image size of job updated: 3617128
	3446  -  MemoryUsage of job (MB)
	3528184  -  ResidentSetSize of job (KB)
...
006 (7706712.000.000) 11/11 17:21:33 Image size of job updated: 3624392
	3446  -  MemoryUsage of job (MB)
	3528184  -  ResidentSetSize of job (KB)
...
006 (7706712.000.000) 11/11 17:26:34 Image size of job updated: 3625000
	3446  -  MemoryUsage of job (MB)
	3528184  -  ResidentSetSize of job (KB)
...
006 (7706712.000.000) 11/11 17:31:35 Image size of job updated: 3625424
	3446  -  MemoryUsage of job (MB)
	3528184  -  ResidentSetSize of job (KB)
...
006 (7706712.000.000) 11/11 17:36:35 Image size of job updated: 3628020
	3446  -  MemoryUsage of job (MB)
	3528184  -  ResidentSetSize of job (KB)
...
006 (7706712.000.000) 11/11 17:41:35 Image size of job updated: 3665384
	3446  -  MemoryUsage of job (MB)
	3528184  -  ResidentSetSize of job (KB)
...
006 (7706712.000.000) 11/11 17:46:36 Image size of job updated: 3666580
	3446  -  MemoryUsage of job (MB)
	3528184  -  ResidentSetSize of job (KB)
...
006 (7706712.000.000) 11/11 18:41:42 Image size of job updated: 3666744
	3446  -  MemoryUsage of job (MB)
	3528184  -  ResidentSetSize of job (KB)
...
006 (7706712.000.000) 11/11 18:51:43 Image size of job updated: 3670064
	3446  -  MemoryUsage of job (MB)
	3528184  -  ResidentSetSize of job (KB)
...
006 (7706712.000.000) 11/11 18:56:43 Image size of job updated: 3689776
	3446  -  MemoryUsage of job (MB)
	3528184  -  ResidentSetSize of job (KB)
...
006 (7706712.000.000) 11/11 19:01:43 Image size of job updated: 3691748
	3446  -  MemoryUsage of job (MB)
	3528184  -  ResidentSetSize of job (KB)
...
006 (7706712.000.000) 11/11 19:21:45 Image size of job updated: 3698132
	3446  -  MemoryUsage of job (MB)
	3528184  -  ResidentSetSize of job (KB)
...
006 (7706712.000.000) 11/11 19:26:46 Image size of job updated: 3700744
	3446  -  MemoryUsage of job (MB)
	3528184  -  ResidentSetSize of job (KB)
...
006 (7706712.000.000) 11/11 19:31:46 Image size of job updated: 3701528
	3446  -  MemoryUsage of job (MB)
	3528184  -  ResidentSetSize of job (KB)
...
006 (7706712.000.000) 11/11 19:46:48 Image size of job updated: 3701528
	3457  -  MemoryUsage of job (MB)
	3539716  -  ResidentSetSize of job (KB)
...
006 (7706712.000.000) 11/11 19:51:48 Image size of job updated: 3703224
	3473  -  MemoryUsage of job (MB)
	3556232  -  ResidentSetSize of job (KB)
...
006 (7706712.000.000) 11/11 19:56:49 Image size of job updated: 3708832
	3473  -  MemoryUsage of job (MB)
	3556232  -  ResidentSetSize of job (KB)
...
006 (7706712.000.000) 11/11 20:01:49 Image size of job updated: 3708900
	3473  -  MemoryUsage of job (MB)
	3556232  -  ResidentSetSize of job (KB)
...
006 (7706712.000.000) 11/11 20:06:49 Image size of job updated: 3711336
	3473  -  MemoryUsage of job (MB)
	3556232  -  ResidentSetSize of job (KB)
...
006 (7706712.000.000) 11/11 20:11:50 Image size of job updated: 3715944
	3473  -  MemoryUsage of job (MB)
	3556232  -  ResidentSetSize of job (KB)
...
006 (7706712.000.000) 11/11 20:16:51 Image size of job updated: 3717860
	3473  -  MemoryUsage of job (MB)
	3556232  -  ResidentSetSize of job (KB)
...
006 (7706712.000.000) 11/11 20:21:51 Image size of job updated: 3720236
	3473  -  MemoryUsage of job (MB)
	3556232  -  ResidentSetSize of job (KB)
...
006 (7706712.000.000) 11/11 20:26:52 Image size of job updated: 3722408
	3473  -  MemoryUsage of job (MB)
	3556232  -  ResidentSetSize of job (KB)
...
006 (7706712.000.000) 11/11 20:31:53 Image size of job updated: 3726904
	3473  -  MemoryUsage of job (MB)
	3556232  -  ResidentSetSize of job (KB)
...
006 (7706712.000.000) 11/11 20:36:53 Image size of job updated: 3727756
	3473  -  MemoryUsage of job (MB)
	3556232  -  ResidentSetSize of job (KB)
...
006 (7706712.000.000) 11/11 20:41:53 Image size of job updated: 3730272
	3473  -  MemoryUsage of job (MB)
	3556232  -  ResidentSetSize of job (KB)
...
006 (7706712.000.000) 11/11 20:46:54 Image size of job updated: 3731184
	3473  -  MemoryUsage of job (MB)
	3556232  -  ResidentSetSize of job (KB)
...
006 (7706712.000.000) 11/11 20:52:10 Image size of job updated: 3733896
	3473  -  MemoryUsage of job (MB)
	3556232  -  ResidentSetSize of job (KB)
...
006 (7706712.000.000) 11/11 20:56:54 Image size of job updated: 3739116
	3473  -  MemoryUsage of job (MB)
	3556232  -  ResidentSetSize of job (KB)
...
006 (7706712.000.000) 11/11 21:01:55 Image size of job updated: 3741064
	3473  -  MemoryUsage of job (MB)
	3556232  -  ResidentSetSize of job (KB)
...
006 (7706712.000.000) 11/11 21:06:55 Image size of job updated: 3743636
	3473  -  MemoryUsage of job (MB)
	3556232  -  ResidentSetSize of job (KB)
...
006 (7706712.000.000) 11/11 21:11:56 Image size of job updated: 3746420
	3473  -  MemoryUsage of job (MB)
	3556232  -  ResidentSetSize of job (KB)
...
006 (7706712.000.000) 11/11 21:16:57 Image size of job updated: 3749260
	3579  -  MemoryUsage of job (MB)
	3663940  -  ResidentSetSize of job (KB)
...
006 (7706712.000.000) 11/11 21:21:57 Image size of job updated: 3753016
	3583  -  MemoryUsage of job (MB)
	3668036  -  ResidentSetSize of job (KB)
...
006 (7706712.000.000) 11/11 21:31:59 Image size of job updated: 3753644
	3583  -  MemoryUsage of job (MB)
	3668036  -  ResidentSetSize of job (KB)
...
006 (7706712.000.000) 11/11 21:36:59 Image size of job updated: 3757252
	3583  -  MemoryUsage of job (MB)
	3668036  -  ResidentSetSize of job (KB)
...
006 (7706712.000.000) 11/11 21:42:00 Image size of job updated: 3768084
	3583  -  MemoryUsage of job (MB)
	3668036  -  ResidentSetSize of job (KB)
...
006 (7706712.000.000) 11/11 21:47:01 Image size of job updated: 3768476
	3583  -  MemoryUsage of job (MB)
	3668036  -  ResidentSetSize of job (KB)
...
006 (7706712.000.000) 11/11 21:57:01 Image size of job updated: 3770276
	3583  -  MemoryUsage of job (MB)
	3668036  -  ResidentSetSize of job (KB)
...
006 (7706712.000.000) 11/11 22:02:02 Image size of job updated: 3773316
	3583  -  MemoryUsage of job (MB)
	3668036  -  ResidentSetSize of job (KB)
...
006 (7706712.000.000) 11/11 22:07:02 Image size of job updated: 3776672
	3583  -  MemoryUsage of job (MB)
	3668036  -  ResidentSetSize of job (KB)
...
006 (7706712.000.000) 11/11 22:12:02 Image size of job updated: 3778620
	3583  -  MemoryUsage of job (MB)
	3668036  -  ResidentSetSize of job (KB)
...
006 (7706712.000.000) 11/11 22:17:03 Image size of job updated: 3780792
	3583  -  MemoryUsage of job (MB)
	3668036  -  ResidentSetSize of job (KB)
...
006 (7706712.000.000) 11/11 22:22:04 Image size of job updated: 3783020
	3583  -  MemoryUsage of job (MB)
	3668036  -  ResidentSetSize of job (KB)
...
006 (7706712.000.000) 11/11 22:27:04 Image size of job updated: 3788208
	3583  -  MemoryUsage of job (MB)
	3668036  -  ResidentSetSize of job (KB)
...
006 (7706712.000.000) 11/11 22:32:05 Image size of job updated: 3799668
	3583  -  MemoryUsage of job (MB)
	3668200  -  ResidentSetSize of job (KB)
...
006 (7706712.000.000) 11/11 22:37:06 Image size of job updated: 3801664
	3583  -  MemoryUsage of job (MB)
	3668200  -  ResidentSetSize of job (KB)
...
006 (7706712.000.000) 11/11 22:47:06 Image size of job updated: 3808236
	3583  -  MemoryUsage of job (MB)
	3668200  -  ResidentSetSize of job (KB)
...
006 (7706712.000.000) 11/11 22:52:08 Image size of job updated: 3810668
	3583  -  MemoryUsage of job (MB)
	3668200  -  ResidentSetSize of job (KB)
...
006 (7706712.000.000) 11/11 22:57:08 Image size of job updated: 3811120
	3583  -  MemoryUsage of job (MB)
	3668200  -  ResidentSetSize of job (KB)
...
006 (7706712.000.000) 11/11 23:02:08 Image size of job updated: 3814484
	3583  -  MemoryUsage of job (MB)
	3668200  -  ResidentSetSize of job (KB)
...
006 (7706712.000.000) 11/11 23:07:09 Image size of job updated: 3818864
	3583  -  MemoryUsage of job (MB)
	3668200  -  ResidentSetSize of job (KB)
...
006 (7706712.000.000) 11/11 23:12:10 Image size of job updated: 3822756
	3583  -  MemoryUsage of job (MB)
	3668200  -  ResidentSetSize of job (KB)
...
006 (7706712.000.000) 11/11 23:17:10 Image size of job updated: 3826572
	3583  -  MemoryUsage of job (MB)
	3668200  -  ResidentSetSize of job (KB)
...
006 (7706712.000.000) 11/11 23:22:10 Image size of job updated: 3830300
	3583  -  MemoryUsage of job (MB)
	3668200  -  ResidentSetSize of job (KB)
...
006 (7706712.000.000) 11/11 23:27:11 Image size of job updated: 3833960
	3583  -  MemoryUsage of job (MB)
	3668200  -  ResidentSetSize of job (KB)
...
006 (7706712.000.000) 11/11 23:32:12 Image size of job updated: 3837608
	3583  -  MemoryUsage of job (MB)
	3668200  -  ResidentSetSize of job (KB)
...
006 (7706712.000.000) 11/11 23:37:13 Image size of job updated: 3841332
	3583  -  MemoryUsage of job (MB)
	3668200  -  ResidentSetSize of job (KB)
...
006 (7706712.000.000) 11/11 23:42:13 Image size of job updated: 3844744
	3583  -  MemoryUsage of job (MB)
	3668200  -  ResidentSetSize of job (KB)
...
006 (7706712.000.000) 11/11 23:47:14 Image size of job updated: 3848180
	3583  -  MemoryUsage of job (MB)
	3668200  -  ResidentSetSize of job (KB)
...
006 (7706712.000.000) 11/11 23:52:15 Image size of job updated: 3865152
	3583  -  MemoryUsage of job (MB)
	3668200  -  ResidentSetSize of job (KB)
...
006 (7706712.000.000) 11/11 23:57:15 Image size of job updated: 3865968
	3583  -  MemoryUsage of job (MB)
	3668200  -  ResidentSetSize of job (KB)
...
006 (7706712.000.000) 11/12 00:02:15 Image size of job updated: 3865968
	3660  -  MemoryUsage of job (MB)
	3747112  -  ResidentSetSize of job (KB)
...
006 (7706712.000.000) 11/12 00:07:15 Image size of job updated: 3865968
	3664  -  MemoryUsage of job (MB)
	3751208  -  ResidentSetSize of job (KB)
...
006 (7706712.000.000) 11/12 00:12:16 Image size of job updated: 3868112
	3664  -  MemoryUsage of job (MB)
	3751208  -  ResidentSetSize of job (KB)
...
006 (7706712.000.000) 11/12 00:17:16 Image size of job updated: 3870708
	3664  -  MemoryUsage of job (MB)
	3751208  -  ResidentSetSize of job (KB)
...
006 (7706712.000.000) 11/12 00:22:16 Image size of job updated: 3873280
	3664  -  MemoryUsage of job (MB)
	3751208  -  ResidentSetSize of job (KB)
...
006 (7706712.000.000) 11/12 00:27:17 Image size of job updated: 3876812
	3664  -  MemoryUsage of job (MB)
	3751208  -  ResidentSetSize of job (KB)
...
006 (7706712.000.000) 11/12 00:32:18 Image size of job updated: 3880432
	3790  -  MemoryUsage of job (MB)
	3880064  -  ResidentSetSize of job (KB)
...
006 (7706712.000.000) 11/12 00:37:18 Image size of job updated: 3883996
	3790  -  MemoryUsage of job (MB)
	3880064  -  ResidentSetSize of job (KB)
...
006 (7706712.000.000) 11/12 00:42:18 Image size of job updated: 3887428
	3790  -  MemoryUsage of job (MB)
	3880064  -  ResidentSetSize of job (KB)
...
006 (7706712.000.000) 11/12 00:47:18 Image size of job updated: 3888960
	3790  -  MemoryUsage of job (MB)
	3880064  -  ResidentSetSize of job (KB)
...
006 (7706712.000.000) 11/12 00:52:19 Image size of job updated: 3892220
	3790  -  MemoryUsage of job (MB)
	3880064  -  ResidentSetSize of job (KB)
...
006 (7706712.000.000) 11/12 00:57:19 Image size of job updated: 3902060
	3790  -  MemoryUsage of job (MB)
	3880064  -  ResidentSetSize of job (KB)
...
006 (7706712.000.000) 11/12 01:02:19 Image size of job updated: 3903180
	3790  -  MemoryUsage of job (MB)
	3880064  -  ResidentSetSize of job (KB)
...
006 (7706712.000.000) 11/12 01:07:20 Image size of job updated: 3905084
	3790  -  MemoryUsage of job (MB)
	3880064  -  ResidentSetSize of job (KB)
...
006 (7706712.000.000) 11/12 01:12:21 Image size of job updated: 3907840
	3790  -  MemoryUsage of job (MB)
	3880064  -  ResidentSetSize of job (KB)
...
006 (7706712.000.000) 11/12 01:17:21 Image size of job updated: 3913892
	3790  -  MemoryUsage of job (MB)
	3880064  -  ResidentSetSize of job (KB)
...
006 (7706712.000.000) 11/12 01:22:21 Image size of job updated: 3915728
	3790  -  MemoryUsage of job (MB)
	3880064  -  ResidentSetSize of job (KB)
...
006 (7706712.000.000) 11/12 01:32:22 Image size of job updated: 3919292
	3790  -  MemoryUsage of job (MB)
	3880064  -  ResidentSetSize of job (KB)
...
006 (7706712.000.000) 11/12 01:37:22 Image size of job updated: 3924396
	3790  -  MemoryUsage of job (MB)
	3880064  -  ResidentSetSize of job (KB)
...
006 (7706712.000.000) 11/12 01:42:23 Image size of job updated: 3927520
	3790  -  MemoryUsage of job (MB)
	3880064  -  ResidentSetSize of job (KB)
...
006 (7706712.000.000) 11/12 01:47:24 Image size of job updated: 3929292
	3790  -  MemoryUsage of job (MB)
	3880064  -  ResidentSetSize of job (KB)
...
006 (7706712.000.000) 11/12 01:52:24 Image size of job updated: 3932448
	3790  -  MemoryUsage of job (MB)
	3880064  -  ResidentSetSize of job (KB)
...
006 (7706712.000.000) 11/12 01:57:24 Image size of job updated: 3935708
	3790  -  MemoryUsage of job (MB)
	3880064  -  ResidentSetSize of job (KB)
...
006 (7706712.000.000) 11/12 02:02:25 Image size of job updated: 3939436
	3790  -  MemoryUsage of job (MB)
	3880064  -  ResidentSetSize of job (KB)
...
006 (7706712.000.000) 11/12 02:07:26 Image size of job updated: 3946836
	3790  -  MemoryUsage of job (MB)
	3880064  -  ResidentSetSize of job (KB)
...
006 (7706712.000.000) 11/12 02:12:26 Image size of job updated: 3948204
	3790  -  MemoryUsage of job (MB)
	3880064  -  ResidentSetSize of job (KB)
...
006 (7706712.000.000) 11/12 02:17:26 Image size of job updated: 3953720
	3790  -  MemoryUsage of job (MB)
	3880064  -  ResidentSetSize of job (KB)
...
006 (7706712.000.000) 11/12 02:22:26 Image size of job updated: 3954080
	3790  -  MemoryUsage of job (MB)
	3880064  -  ResidentSetSize of job (KB)
...
006 (7706712.000.000) 11/12 02:27:27 Image size of job updated: 3957744
	3790  -  MemoryUsage of job (MB)
	3880064  -  ResidentSetSize of job (KB)
...
006 (7706712.000.000) 11/12 02:32:27 Image size of job updated: 3961344
	3790  -  MemoryUsage of job (MB)
	3880064  -  ResidentSetSize of job (KB)
...
006 (7706712.000.000) 11/12 02:37:27 Image size of job updated: 3967052
	3790  -  MemoryUsage of job (MB)
	3880064  -  ResidentSetSize of job (KB)
...
006 (7706712.000.000) 11/12 02:42:28 Image size of job updated: 3987756
	3790  -  MemoryUsage of job (MB)
	3880064  -  ResidentSetSize of job (KB)
...
006 (7706712.000.000) 11/12 02:47:29 Image size of job updated: 3989128
	3790  -  MemoryUsage of job (MB)
	3880064  -  ResidentSetSize of job (KB)
...
006 (7706712.000.000) 11/12 03:12:31 Image size of job updated: 3991412
	3790  -  MemoryUsage of job (MB)
	3880064  -  ResidentSetSize of job (KB)
...
006 (7706712.000.000) 11/12 03:17:32 Image size of job updated: 3992656
	3790  -  MemoryUsage of job (MB)
	3880064  -  ResidentSetSize of job (KB)
...
006 (7706712.000.000) 11/12 03:22:32 Image size of job updated: 3994932
	3790  -  MemoryUsage of job (MB)
	3880064  -  ResidentSetSize of job (KB)
...
006 (7706712.000.000) 11/12 03:27:32 Image size of job updated: 3997940
	3790  -  MemoryUsage of job (MB)
	3880064  -  ResidentSetSize of job (KB)
...
006 (7706712.000.000) 11/12 03:32:33 Image size of job updated: 4001208
	3790  -  MemoryUsage of job (MB)
	3880064  -  ResidentSetSize of job (KB)
...
006 (7706712.000.000) 11/12 03:37:34 Image size of job updated: 4004500
	3790  -  MemoryUsage of job (MB)
	3880064  -  ResidentSetSize of job (KB)
...
006 (7706712.000.000) 11/12 03:42:34 Image size of job updated: 4009316
	3790  -  MemoryUsage of job (MB)
	3880064  -  ResidentSetSize of job (KB)
...
006 (7706712.000.000) 11/12 03:47:35 Image size of job updated: 4010672
	3790  -  MemoryUsage of job (MB)
	3880064  -  ResidentSetSize of job (KB)
...
006 (7706712.000.000) 11/12 03:52:36 Image size of job updated: 4012584
	3790  -  MemoryUsage of job (MB)
	3880064  -  ResidentSetSize of job (KB)
...
006 (7706712.000.000) 11/12 03:57:36 Image size of job updated: 4014116
	3790  -  MemoryUsage of job (MB)
	3880064  -  ResidentSetSize of job (KB)
...
006 (7706712.000.000) 11/12 04:02:36 Image size of job updated: 4015440
	3790  -  MemoryUsage of job (MB)
	3880064  -  ResidentSetSize of job (KB)
...
006 (7706712.000.000) 11/12 04:07:37 Image size of job updated: 4016812
	3790  -  MemoryUsage of job (MB)
	3880064  -  ResidentSetSize of job (KB)
...
006 (7706712.000.000) 11/12 04:12:37 Image size of job updated: 4018576
	3790  -  MemoryUsage of job (MB)
	3880064  -  ResidentSetSize of job (KB)
...
006 (7706712.000.000) 11/12 04:17:37 Image size of job updated: 4020544
	3790  -  MemoryUsage of job (MB)
	3880064  -  ResidentSetSize of job (KB)
...
006 (7706712.000.000) 11/12 04:22:38 Image size of job updated: 4022864
	3790  -  MemoryUsage of job (MB)
	3880064  -  ResidentSetSize of job (KB)
...
006 (7706712.000.000) 11/12 04:27:39 Image size of job updated: 4024996
	3790  -  MemoryUsage of job (MB)
	3880064  -  ResidentSetSize of job (KB)
...
006 (7706712.000.000) 11/12 04:32:39 Image size of job updated: 4027472
	3790  -  MemoryUsage of job (MB)
	3880064  -  ResidentSetSize of job (KB)
...
006 (7706712.000.000) 11/12 04:37:40 Image size of job updated: 4030944
	3790  -  MemoryUsage of job (MB)
	3880064  -  ResidentSetSize of job (KB)
...
006 (7706712.000.000) 11/12 04:42:41 Image size of job updated: 4039168
	3790  -  MemoryUsage of job (MB)
	3880064  -  ResidentSetSize of job (KB)
...
006 (7706712.000.000) 11/12 04:47:41 Image size of job updated: 4040832
	3790  -  MemoryUsage of job (MB)
	3880064  -  ResidentSetSize of job (KB)
...
006 (7706712.000.000) 11/12 04:57:43 Image size of job updated: 4044024
	3790  -  MemoryUsage of job (MB)
	3880064  -  ResidentSetSize of job (KB)
...
006 (7706712.000.000) 11/12 05:02:43 Image size of job updated: 4047228
	3790  -  MemoryUsage of job (MB)
	3880064  -  ResidentSetSize of job (KB)
...
006 (7706712.000.000) 11/12 05:07:43 Image size of job updated: 4050388
	3790  -  MemoryUsage of job (MB)
	3880064  -  ResidentSetSize of job (KB)
...
006 (7706712.000.000) 11/12 05:12:44 Image size of job updated: 4053892
	3790  -  MemoryUsage of job (MB)
	3880064  -  ResidentSetSize of job (KB)
...
006 (7706712.000.000) 11/12 05:17:44 Image size of job updated: 4057164
	3790  -  MemoryUsage of job (MB)
	3880064  -  ResidentSetSize of job (KB)
...
006 (7706712.000.000) 11/12 05:22:44 Image size of job updated: 4061884
	3790  -  MemoryUsage of job (MB)
	3880064  -  ResidentSetSize of job (KB)
...
006 (7706712.000.000) 11/12 05:27:45 Image size of job updated: 4063664
	3790  -  MemoryUsage of job (MB)
	3880064  -  ResidentSetSize of job (KB)
...
006 (7706712.000.000) 11/12 05:32:46 Image size of job updated: 4067188
	3790  -  MemoryUsage of job (MB)
	3880064  -  ResidentSetSize of job (KB)
...
006 (7706712.000.000) 11/12 05:37:46 Image size of job updated: 4069460
	3790  -  MemoryUsage of job (MB)
	3880064  -  ResidentSetSize of job (KB)
...
006 (7706712.000.000) 11/12 05:42:47 Image size of job updated: 4073612
	3790  -  MemoryUsage of job (MB)
	3880064  -  ResidentSetSize of job (KB)
...
006 (7706712.000.000) 11/12 05:47:48 Image size of job updated: 4074660
	3790  -  MemoryUsage of job (MB)
	3880064  -  ResidentSetSize of job (KB)
...
006 (7706712.000.000) 11/12 05:52:48 Image size of job updated: 4077648
	3790  -  MemoryUsage of job (MB)
	3880064  -  ResidentSetSize of job (KB)
...
006 (7706712.000.000) 11/12 05:57:48 Image size of job updated: 4082932
	3790  -  MemoryUsage of job (MB)
	3880064  -  ResidentSetSize of job (KB)
...
006 (7706712.000.000) 11/12 06:02:49 Image size of job updated: 4088216
	3790  -  MemoryUsage of job (MB)
	3880064  -  ResidentSetSize of job (KB)
...
006 (7706712.000.000) 11/12 06:07:49 Image size of job updated: 4089596
	3790  -  MemoryUsage of job (MB)
	3880064  -  ResidentSetSize of job (KB)
...
006 (7706712.000.000) 11/12 06:12:49 Image size of job updated: 4093008
	3790  -  MemoryUsage of job (MB)
	3880064  -  ResidentSetSize of job (KB)
...
006 (7706712.000.000) 11/12 06:17:50 Image size of job updated: 4093960
	3790  -  MemoryUsage of job (MB)
	3880064  -  ResidentSetSize of job (KB)
...
006 (7706712.000.000) 11/12 06:22:51 Image size of job updated: 4097808
	3790  -  MemoryUsage of job (MB)
	3880064  -  ResidentSetSize of job (KB)
...
006 (7706712.000.000) 11/12 06:27:51 Image size of job updated: 4099688
	3790  -  MemoryUsage of job (MB)
	3880064  -  ResidentSetSize of job (KB)
...
006 (7706712.000.000) 11/12 06:32:52 Image size of job updated: 4104524
	3790  -  MemoryUsage of job (MB)
	3880064  -  ResidentSetSize of job (KB)
...
006 (7706712.000.000) 11/12 06:37:53 Image size of job updated: 4107032
	3790  -  MemoryUsage of job (MB)
	3880064  -  ResidentSetSize of job (KB)
...
006 (7706712.000.000) 11/12 06:42:53 Image size of job updated: 4110992
	3790  -  MemoryUsage of job (MB)
	3880064  -  ResidentSetSize of job (KB)
...
006 (7706712.000.000) 11/12 06:47:53 Image size of job updated: 4113076
	3790  -  MemoryUsage of job (MB)
	3880064  -  ResidentSetSize of job (KB)
...
006 (7706712.000.000) 11/12 06:52:54 Image size of job updated: 4117636
	3790  -  MemoryUsage of job (MB)
	3880064  -  ResidentSetSize of job (KB)
...
006 (7706712.000.000) 11/12 06:57:54 Image size of job updated: 4120192
	3790  -  MemoryUsage of job (MB)
	3880064  -  ResidentSetSize of job (KB)
...
006 (7706712.000.000) 11/12 07:02:54 Image size of job updated: 4127880
	3790  -  MemoryUsage of job (MB)
	3880064  -  ResidentSetSize of job (KB)
...
006 (7706712.000.000) 11/12 07:07:55 Image size of job updated: 4141736
	3790  -  MemoryUsage of job (MB)
	3880064  -  ResidentSetSize of job (KB)
...
006 (7706712.000.000) 11/12 07:12:56 Image size of job updated: 4142564
	3790  -  MemoryUsage of job (MB)
	3880064  -  ResidentSetSize of job (KB)
...
006 (7706712.000.000) 11/12 07:27:58 Image size of job updated: 4143488
	3911  -  MemoryUsage of job (MB)
	4004044  -  ResidentSetSize of job (KB)
...
006 (7706712.000.000) 11/12 07:32:58 Image size of job updated: 4144748
	3935  -  MemoryUsage of job (MB)
	4028876  -  ResidentSetSize of job (KB)
...
006 (7706712.000.000) 11/12 07:37:58 Image size of job updated: 4148160
	3935  -  MemoryUsage of job (MB)
	4028876  -  ResidentSetSize of job (KB)
...
006 (7706712.000.000) 11/12 07:43:00 Image size of job updated: 4151460
	3935  -  MemoryUsage of job (MB)
	4028876  -  ResidentSetSize of job (KB)
...
006 (7706712.000.000) 11/12 07:48:00 Image size of job updated: 4154592
	3935  -  MemoryUsage of job (MB)
	4028876  -  ResidentSetSize of job (KB)
...
006 (7706712.000.000) 11/12 07:53:00 Image size of job updated: 4157256
	3935  -  MemoryUsage of job (MB)
	4028876  -  ResidentSetSize of job (KB)
...
006 (7706712.000.000) 11/12 07:58:01 Image size of job updated: 4161336
	3935  -  MemoryUsage of job (MB)
	4028876  -  ResidentSetSize of job (KB)
...
006 (7706712.000.000) 11/12 08:03:02 Image size of job updated: 4164804
	3935  -  MemoryUsage of job (MB)
	4028876  -  ResidentSetSize of job (KB)
...
006 (7706712.000.000) 11/12 08:08:02 Image size of job updated: 4171076
	4070  -  MemoryUsage of job (MB)
	4167128  -  ResidentSetSize of job (KB)
...
006 (7706712.000.000) 11/12 08:13:02 Image size of job updated: 4203336
	4073  -  MemoryUsage of job (MB)
	4170712  -  ResidentSetSize of job (KB)
...
006 (7706712.000.000) 11/12 08:48:06 Image size of job updated: 4205368
	4073  -  MemoryUsage of job (MB)
	4170712  -  ResidentSetSize of job (KB)
...
006 (7706712.000.000) 11/12 08:53:07 Image size of job updated: 4209220
	4073  -  MemoryUsage of job (MB)
	4170712  -  ResidentSetSize of job (KB)
...
006 (7706712.000.000) 11/12 08:58:07 Image size of job updated: 4211464
	4073  -  MemoryUsage of job (MB)
	4170712  -  ResidentSetSize of job (KB)
...
006 (7706712.000.000) 11/12 09:03:07 Image size of job updated: 4212484
	4073  -  MemoryUsage of job (MB)
	4170712  -  ResidentSetSize of job (KB)
...
006 (7706712.000.000) 11/12 09:08:08 Image size of job updated: 4216432
	4073  -  MemoryUsage of job (MB)
	4170712  -  ResidentSetSize of job (KB)
...
006 (7706712.000.000) 11/12 09:13:08 Image size of job updated: 4227704
	4073  -  MemoryUsage of job (MB)
	4170712  -  ResidentSetSize of job (KB)
...
006 (7706712.000.000) 11/12 09:18:08 Image size of job updated: 4229752
	4073  -  MemoryUsage of job (MB)
	4170712  -  ResidentSetSize of job (KB)
...
006 (7706712.000.000) 11/12 09:28:10 Image size of job updated: 4238812
	4073  -  MemoryUsage of job (MB)
	4170712  -  ResidentSetSize of job (KB)
...
006 (7706712.000.000) 11/12 09:33:10 Image size of job updated: 4239412
	4073  -  MemoryUsage of job (MB)
	4170712  -  ResidentSetSize of job (KB)
...
006 (7706712.000.000) 11/12 09:43:11 Image size of job updated: 4240580
	4073  -  MemoryUsage of job (MB)
	4170712  -  ResidentSetSize of job (KB)
...
006 (7706712.000.000) 11/12 09:48:11 Image size of job updated: 4242892
	4073  -  MemoryUsage of job (MB)
	4170712  -  ResidentSetSize of job (KB)
...
006 (7706712.000.000) 11/12 09:53:11 Image size of job updated: 4245972
	4073  -  MemoryUsage of job (MB)
	4170712  -  ResidentSetSize of job (KB)
...
006 (7706712.000.000) 11/12 09:58:12 Image size of job updated: 4249204
	4073  -  MemoryUsage of job (MB)
	4170712  -  ResidentSetSize of job (KB)
...
006 (7706712.000.000) 11/12 10:03:13 Image size of job updated: 4256076
	4073  -  MemoryUsage of job (MB)
	4170712  -  ResidentSetSize of job (KB)
...
006 (7706712.000.000) 11/12 10:13:14 Image size of job updated: 4259892
	4073  -  MemoryUsage of job (MB)
	4170712  -  ResidentSetSize of job (KB)
...
006 (7706712.000.000) 11/12 10:18:15 Image size of job updated: 4261728
	4073  -  MemoryUsage of job (MB)
	4170712  -  ResidentSetSize of job (KB)
...
006 (7706712.000.000) 11/12 10:23:15 Image size of job updated: 4265164
	4073  -  MemoryUsage of job (MB)
	4170712  -  ResidentSetSize of job (KB)
...
006 (7706712.000.000) 11/12 10:28:15 Image size of job updated: 4279264
	4073  -  MemoryUsage of job (MB)
	4170712  -  ResidentSetSize of job (KB)
...
006 (7706712.000.000) 11/12 10:33:16 Image size of job updated: 4280392
	4073  -  MemoryUsage of job (MB)
	4170712  -  ResidentSetSize of job (KB)
...
006 (7706712.000.000) 11/12 10:43:16 Image size of job updated: 4280392
	4114  -  MemoryUsage of job (MB)
	4212592  -  ResidentSetSize of job (KB)
...
006 (7706712.000.000) 11/12 10:48:17 Image size of job updated: 4283972
	4120  -  MemoryUsage of job (MB)
	4218736  -  ResidentSetSize of job (KB)
...
006 (7706712.000.000) 11/12 10:53:18 Image size of job updated: 4284240
	4120  -  MemoryUsage of job (MB)
	4218736  -  ResidentSetSize of job (KB)
...
006 (7706712.000.000) 11/12 10:58:19 Image size of job updated: 4288552
	4120  -  MemoryUsage of job (MB)
	4218736  -  ResidentSetSize of job (KB)
...
006 (7706712.000.000) 11/12 11:03:19 Image size of job updated: 4291744
	4120  -  MemoryUsage of job (MB)
	4218736  -  ResidentSetSize of job (KB)
...
006 (7706712.000.000) 11/12 11:08:19 Image size of job updated: 4302424
	4120  -  MemoryUsage of job (MB)
	4218736  -  ResidentSetSize of job (KB)
...
006 (7706712.000.000) 11/12 11:13:20 Image size of job updated: 4303696
	4120  -  MemoryUsage of job (MB)
	4218736  -  ResidentSetSize of job (KB)
...
006 (7706712.000.000) 11/12 11:23:20 Image size of job updated: 4309960
	4120  -  MemoryUsage of job (MB)
	4218736  -  ResidentSetSize of job (KB)
...
006 (7706712.000.000) 11/12 11:28:21 Image size of job updated: 4309984
	4120  -  MemoryUsage of job (MB)
	4218736  -  ResidentSetSize of job (KB)
...
006 (7706712.000.000) 11/12 11:33:22 Image size of job updated: 4313424
	4120  -  MemoryUsage of job (MB)
	4218736  -  ResidentSetSize of job (KB)
...
006 (7706712.000.000) 11/12 11:38:22 Image size of job updated: 4316724
	4120  -  MemoryUsage of job (MB)
	4218736  -  ResidentSetSize of job (KB)
...
006 (7706712.000.000) 11/12 11:43:22 Image size of job updated: 4318044
	4120  -  MemoryUsage of job (MB)
	4218736  -  ResidentSetSize of job (KB)
...
006 (7706712.000.000) 11/12 11:48:23 Image size of job updated: 4319648
	4120  -  MemoryUsage of job (MB)
	4218736  -  ResidentSetSize of job (KB)
...
006 (7706712.000.000) 11/12 11:53:23 Image size of job updated: 4322740
	4120  -  MemoryUsage of job (MB)
	4218736  -  ResidentSetSize of job (KB)
...
006 (7706712.000.000) 11/12 11:58:24 Image size of job updated: 4327860
	4120  -  MemoryUsage of job (MB)
	4218736  -  ResidentSetSize of job (KB)
...
006 (7706712.000.000) 11/12 12:03:25 Image size of job updated: 4329680
	4120  -  MemoryUsage of job (MB)
	4218736  -  ResidentSetSize of job (KB)
...
006 (7706712.000.000) 11/12 12:08:25 Image size of job updated: 4334784
	4120  -  MemoryUsage of job (MB)
	4218736  -  ResidentSetSize of job (KB)
...
006 (7706712.000.000) 11/12 12:13:25 Image size of job updated: 4337648
	4120  -  MemoryUsage of job (MB)
	4218736  -  ResidentSetSize of job (KB)
...
006 (7706712.000.000) 11/12 12:18:26 Image size of job updated: 4340928
	4120  -  MemoryUsage of job (MB)
	4218736  -  ResidentSetSize of job (KB)
...
006 (7706712.000.000) 11/12 12:23:26 Image size of job updated: 4345316
	4120  -  MemoryUsage of job (MB)
	4218736  -  ResidentSetSize of job (KB)
...
006 (7706712.000.000) 11/12 12:28:26 Image size of job updated: 4351764
	4120  -  MemoryUsage of job (MB)
	4218736  -  ResidentSetSize of job (KB)
...
006 (7706712.000.000) 11/12 12:38:28 Image size of job updated: 4353180
	4120  -  MemoryUsage of job (MB)
	4218736  -  ResidentSetSize of job (KB)
...
006 (7706712.000.000) 11/12 12:43:28 Image size of job updated: 4361500
	4161  -  MemoryUsage of job (MB)
	4260468  -  ResidentSetSize of job (KB)
...
006 (7706712.000.000) 11/12 12:48:29 Image size of job updated: 4361560
	4167  -  MemoryUsage of job (MB)
	4266612  -  ResidentSetSize of job (KB)
...
006 (7706712.000.000) 11/12 12:58:30 Image size of job updated: 4365420
	4197  -  MemoryUsage of job (MB)
	4297204  -  ResidentSetSize of job (KB)
...
006 (7706712.000.000) 11/12 13:03:31 Image size of job updated: 4366560
	4203  -  MemoryUsage of job (MB)
	4303348  -  ResidentSetSize of job (KB)
...
006 (7706712.000.000) 11/12 13:08:31 Image size of job updated: 4369836
	4203  -  MemoryUsage of job (MB)
	4303348  -  ResidentSetSize of job (KB)
...
006 (7706712.000.000) 11/12 13:13:31 Image size of job updated: 4374748
	4203  -  MemoryUsage of job (MB)
	4303348  -  ResidentSetSize of job (KB)
...
006 (7706712.000.000) 11/12 13:18:32 Image size of job updated: 4377716
	4203  -  MemoryUsage of job (MB)
	4303348  -  ResidentSetSize of job (KB)
...
006 (7706712.000.000) 11/12 13:23:33 Image size of job updated: 4384400
	4203  -  MemoryUsage of job (MB)
	4303348  -  ResidentSetSize of job (KB)
...
006 (7706712.000.000) 11/12 13:28:33 Image size of job updated: 4384444
	4203  -  MemoryUsage of job (MB)
	4303348  -  ResidentSetSize of job (KB)
...
006 (7706712.000.000) 11/12 13:33:34 Image size of job updated: 4387280
	4203  -  MemoryUsage of job (MB)
	4303348  -  ResidentSetSize of job (KB)
...
006 (7706712.000.000) 11/12 13:38:35 Image size of job updated: 4390444
	4203  -  MemoryUsage of job (MB)
	4303348  -  ResidentSetSize of job (KB)
...
006 (7706712.000.000) 11/12 13:43:35 Image size of job updated: 4391776
	4237  -  MemoryUsage of job (MB)
	4337964  -  ResidentSetSize of job (KB)
...
006 (7706712.000.000) 11/12 13:48:36 Image size of job updated: 4391776
	4245  -  MemoryUsage of job (MB)
	4346156  -  ResidentSetSize of job (KB)
...
006 (7706712.000.000) 11/12 13:53:37 Image size of job updated: 4400876
	4245  -  MemoryUsage of job (MB)
	4346156  -  ResidentSetSize of job (KB)
...
006 (7706712.000.000) 11/12 13:58:37 Image size of job updated: 4401844
	4245  -  MemoryUsage of job (MB)
	4346156  -  ResidentSetSize of job (KB)
...
006 (7706712.000.000) 11/12 14:03:37 Image size of job updated: 4403684
	4245  -  MemoryUsage of job (MB)
	4346156  -  ResidentSetSize of job (KB)
...
006 (7706712.000.000) 11/12 14:08:38 Image size of job updated: 4404648
	4245  -  MemoryUsage of job (MB)
	4346156  -  ResidentSetSize of job (KB)
...
006 (7706712.000.000) 11/12 14:13:38 Image size of job updated: 4412448
	4245  -  MemoryUsage of job (MB)
	4346156  -  ResidentSetSize of job (KB)
...
006 (7706712.000.000) 11/12 14:18:38 Image size of job updated: 4412720
	4245  -  MemoryUsage of job (MB)
	4346156  -  ResidentSetSize of job (KB)
...
006 (7706712.000.000) 11/12 14:28:40 Image size of job updated: 4416092
	4245  -  MemoryUsage of job (MB)
	4346156  -  ResidentSetSize of job (KB)
...
006 (7706712.000.000) 11/12 14:33:40 Image size of job updated: 4419260
	4245  -  MemoryUsage of job (MB)
	4346156  -  ResidentSetSize of job (KB)
...
006 (7706712.000.000) 11/12 14:38:41 Image size of job updated: 4423928
	4245  -  MemoryUsage of job (MB)
	4346156  -  ResidentSetSize of job (KB)
...
006 (7706712.000.000) 11/12 14:43:42 Image size of job updated: 4426860
	4245  -  MemoryUsage of job (MB)
	4346156  -  ResidentSetSize of job (KB)
...
006 (7706712.000.000) 11/12 14:48:42 Image size of job updated: 4427200
	4245  -  MemoryUsage of job (MB)
	4346156  -  ResidentSetSize of job (KB)
...
006 (7706712.000.000) 11/12 14:53:42 Image size of job updated: 4435956
	4245  -  MemoryUsage of job (MB)
	4346156  -  ResidentSetSize of job (KB)
...
006 (7706712.000.000) 11/12 14:58:43 Image size of job updated: 4443192
	4245  -  MemoryUsage of job (MB)
	4346156  -  ResidentSetSize of job (KB)
...
006 (7706712.000.000) 11/12 15:03:43 Image size of job updated: 4446060
	4245  -  MemoryUsage of job (MB)
	4346156  -  ResidentSetSize of job (KB)
...
006 (7706712.000.000) 11/12 15:08:43 Image size of job updated: 4448292
	4245  -  MemoryUsage of job (MB)
	4346156  -  ResidentSetSize of job (KB)
...
006 (7706712.000.000) 11/12 15:18:44 Image size of job updated: 4449388
	4245  -  MemoryUsage of job (MB)
	4346156  -  ResidentSetSize of job (KB)
...
006 (7706712.000.000) 11/12 15:23:45 Image size of job updated: 4451276
	4245  -  MemoryUsage of job (MB)
	4346156  -  ResidentSetSize of job (KB)
...
006 (7706712.000.000) 11/12 15:28:46 Image size of job updated: 4452340
	4245  -  MemoryUsage of job (MB)
	4346156  -  ResidentSetSize of job (KB)
...
006 (7706712.000.000) 11/12 15:33:46 Image size of job updated: 4456372
	4245  -  MemoryUsage of job (MB)
	4346156  -  ResidentSetSize of job (KB)
...
006 (7706712.000.000) 11/12 15:38:46 Image size of job updated: 4459288
	4245  -  MemoryUsage of job (MB)
	4346156  -  ResidentSetSize of job (KB)
...
006 (7706712.000.000) 11/12 15:43:47 Image size of job updated: 4459904
	4245  -  MemoryUsage of job (MB)
	4346156  -  ResidentSetSize of job (KB)
...
006 (7706712.000.000) 11/12 15:58:48 Image size of job updated: 4461412
	4245  -  MemoryUsage of job (MB)
	4346156  -  ResidentSetSize of job (KB)
...
006 (7706712.000.000) 11/12 16:03:49 Image size of job updated: 4464360
	4245  -  MemoryUsage of job (MB)
	4346156  -  ResidentSetSize of job (KB)
...
006 (7706712.000.000) 11/12 16:08:49 Image size of job updated: 4467288
	4245  -  MemoryUsage of job (MB)
	4346156  -  ResidentSetSize of job (KB)
...
006 (7706712.000.000) 11/12 16:53:54 Image size of job updated: 4473556
	4245  -  MemoryUsage of job (MB)
	4346156  -  ResidentSetSize of job (KB)
...
006 (7706712.000.000) 11/12 16:58:54 Image size of job updated: 4474732
	4245  -  MemoryUsage of job (MB)
	4346156  -  ResidentSetSize of job (KB)
...
006 (7706712.000.000) 11/12 17:03:55 Image size of job updated: 4482612
	4369  -  MemoryUsage of job (MB)
	4473196  -  ResidentSetSize of job (KB)
...
006 (7706712.000.000) 11/12 17:08:56 Image size of job updated: 4482612
	4375  -  MemoryUsage of job (MB)
	4479852  -  ResidentSetSize of job (KB)
...
006 (7706712.000.000) 11/12 17:13:56 Image size of job updated: 4483336
	4375  -  MemoryUsage of job (MB)
	4479852  -  ResidentSetSize of job (KB)
...
006 (7706712.000.000) 11/12 17:18:56 Image size of job updated: 4487688
	4375  -  MemoryUsage of job (MB)
	4479852  -  ResidentSetSize of job (KB)
...
006 (7706712.000.000) 11/12 17:23:57 Image size of job updated: 4489460
	4375  -  MemoryUsage of job (MB)
	4479852  -  ResidentSetSize of job (KB)
...
006 (7706712.000.000) 11/12 17:28:57 Image size of job updated: 4494088
	4375  -  MemoryUsage of job (MB)
	4479852  -  ResidentSetSize of job (KB)
...
006 (7706712.000.000) 11/12 17:33:57 Image size of job updated: 4496148
	4375  -  MemoryUsage of job (MB)
	4479852  -  ResidentSetSize of job (KB)
...
006 (7706712.000.000) 11/12 17:38:58 Image size of job updated: 4525972
	4375  -  MemoryUsage of job (MB)
	4479852  -  ResidentSetSize of job (KB)
...
006 (7706712.000.000) 11/12 17:43:59 Image size of job updated: 4528452
	4375  -  MemoryUsage of job (MB)
	4479852  -  ResidentSetSize of job (KB)
...
006 (7706712.000.000) 11/12 17:48:59 Image size of job updated: 4530172
	4375  -  MemoryUsage of job (MB)
	4479852  -  ResidentSetSize of job (KB)
...
006 (7706712.000.000) 11/12 17:54:00 Image size of job updated: 4530488
	4375  -  MemoryUsage of job (MB)
	4479852  -  ResidentSetSize of job (KB)
...
006 (7706712.000.000) 11/12 18:04:01 Image size of job updated: 4530488
	4376  -  MemoryUsage of job (MB)
	4480492  -  ResidentSetSize of job (KB)
...
006 (7706712.000.000) 11/12 18:39:05 Image size of job updated: 4530672
	4376  -  MemoryUsage of job (MB)
	4480492  -  ResidentSetSize of job (KB)
...
006 (7706712.000.000) 11/12 18:44:06 Image size of job updated: 4534532
	4376  -  MemoryUsage of job (MB)
	4480492  -  ResidentSetSize of job (KB)
...
006 (7706712.000.000) 11/12 18:49:07 Image size of job updated: 4535444
	4376  -  MemoryUsage of job (MB)
	4480492  -  ResidentSetSize of job (KB)
...
006 (7706712.000.000) 11/12 18:54:07 Image size of job updated: 4538536
	4376  -  MemoryUsage of job (MB)
	4480492  -  ResidentSetSize of job (KB)
...
006 (7706712.000.000) 11/12 18:59:08 Image size of job updated: 4546900
	4376  -  MemoryUsage of job (MB)
	4480492  -  ResidentSetSize of job (KB)
...
006 (7706712.000.000) 11/12 19:04:09 Image size of job updated: 4551476
	4376  -  MemoryUsage of job (MB)
	4480492  -  ResidentSetSize of job (KB)
...
006 (7706712.000.000) 11/12 19:09:09 Image size of job updated: 4552920
	4376  -  MemoryUsage of job (MB)
	4480492  -  ResidentSetSize of job (KB)
...
006 (7706712.000.000) 11/12 19:14:09 Image size of job updated: 4555468
	4376  -  MemoryUsage of job (MB)
	4480492  -  ResidentSetSize of job (KB)
...
006 (7706712.000.000) 11/12 19:19:10 Image size of job updated: 4556136
	4376  -  MemoryUsage of job (MB)
	4480492  -  ResidentSetSize of job (KB)
...
006 (7706712.000.000) 11/12 19:24:10 Image size of job updated: 4556556
	4376  -  MemoryUsage of job (MB)
	4480492  -  ResidentSetSize of job (KB)
...
006 (7706712.000.000) 11/12 19:29:10 Image size of job updated: 4559376
	4376  -  MemoryUsage of job (MB)
	4480492  -  ResidentSetSize of job (KB)
...
006 (7706712.000.000) 11/12 19:34:11 Image size of job updated: 4562264
	4376  -  MemoryUsage of job (MB)
	4480492  -  ResidentSetSize of job (KB)
...
006 (7706712.000.000) 11/12 19:39:12 Image size of job updated: 4565444
	4376  -  MemoryUsage of job (MB)
	4480492  -  ResidentSetSize of job (KB)
...
006 (7706712.000.000) 11/12 19:44:12 Image size of job updated: 4569544
	4376  -  MemoryUsage of job (MB)
	4480492  -  ResidentSetSize of job (KB)
...
006 (7706712.000.000) 11/12 19:49:13 Image size of job updated: 4573608
	4376  -  MemoryUsage of job (MB)
	4480492  -  ResidentSetSize of job (KB)
...
006 (7706712.000.000) 11/12 19:54:14 Image size of job updated: 4574888
	4376  -  MemoryUsage of job (MB)
	4480492  -  ResidentSetSize of job (KB)
...
006 (7706712.000.000) 11/12 19:59:14 Image size of job updated: 4577172
	4376  -  MemoryUsage of job (MB)
	4480492  -  ResidentSetSize of job (KB)
...
006 (7706712.000.000) 11/12 20:04:14 Image size of job updated: 4581636
	4376  -  MemoryUsage of job (MB)
	4480492  -  ResidentSetSize of job (KB)
...
006 (7706712.000.000) 11/12 20:09:15 Image size of job updated: 4585152
	4376  -  MemoryUsage of job (MB)
	4480492  -  ResidentSetSize of job (KB)
...
006 (7706712.000.000) 11/12 20:14:15 Image size of job updated: 4588300
	4376  -  MemoryUsage of job (MB)
	4480492  -  ResidentSetSize of job (KB)
...
006 (7706712.000.000) 11/12 20:19:15 Image size of job updated: 4588740
	4376  -  MemoryUsage of job (MB)
	4480492  -  ResidentSetSize of job (KB)
...
006 (7706712.000.000) 11/12 20:24:16 Image size of job updated: 4591504
	4376  -  MemoryUsage of job (MB)
	4480492  -  ResidentSetSize of job (KB)
...
006 (7706712.000.000) 11/12 20:29:17 Image size of job updated: 4595456
	4376  -  MemoryUsage of job (MB)
	4480492  -  ResidentSetSize of job (KB)
...
006 (7706712.000.000) 11/12 20:34:17 Image size of job updated: 4597608
	4376  -  MemoryUsage of job (MB)
	4480492  -  ResidentSetSize of job (KB)
...
006 (7706712.000.000) 11/12 20:39:18 Image size of job updated: 4601924
	4376  -  MemoryUsage of job (MB)
	4480492  -  ResidentSetSize of job (KB)
...
006 (7706712.000.000) 11/12 20:44:19 Image size of job updated: 4603372
	4376  -  MemoryUsage of job (MB)
	4480492  -  ResidentSetSize of job (KB)
...
006 (7706712.000.000) 11/12 20:49:19 Image size of job updated: 4606172
	4376  -  MemoryUsage of job (MB)
	4480492  -  ResidentSetSize of job (KB)
...
006 (7706712.000.000) 11/12 20:54:19 Image size of job updated: 4609060
	4376  -  MemoryUsage of job (MB)
	4480492  -  ResidentSetSize of job (KB)
...
006 (7706712.000.000) 11/12 20:59:20 Image size of job updated: 4638292
	4376  -  MemoryUsage of job (MB)
	4480492  -  ResidentSetSize of job (KB)
...
006 (7706712.000.000) 11/12 21:04:20 Image size of job updated: 4639508
	4376  -  MemoryUsage of job (MB)
	4480492  -  ResidentSetSize of job (KB)
...
006 (7706712.000.000) 11/12 21:09:20 Image size of job updated: 4653996
	4376  -  MemoryUsage of job (MB)
	4480492  -  ResidentSetSize of job (KB)
...
006 (7706712.000.000) 11/12 21:14:21 Image size of job updated: 4656880
	4376  -  MemoryUsage of job (MB)
	4480492  -  ResidentSetSize of job (KB)
...
006 (7706712.000.000) 11/12 21:19:21 Image size of job updated: 4657596
	4376  -  MemoryUsage of job (MB)
	4480492  -  ResidentSetSize of job (KB)
...
006 (7706712.000.000) 11/12 21:24:21 Image size of job updated: 4673240
	4376  -  MemoryUsage of job (MB)
	4480492  -  ResidentSetSize of job (KB)
...
006 (7706712.000.000) 11/12 21:29:22 Image size of job updated: 4676028
	4376  -  MemoryUsage of job (MB)
	4480492  -  ResidentSetSize of job (KB)
...
006 (7706712.000.000) 11/12 21:34:22 Image size of job updated: 4676804
	4376  -  MemoryUsage of job (MB)
	4480492  -  ResidentSetSize of job (KB)
...
006 (7706712.000.000) 11/12 21:49:24 Image size of job updated: 4676804
	4511  -  MemoryUsage of job (MB)
	4618956  -  ResidentSetSize of job (KB)
...
006 (7706712.000.000) 11/12 21:54:24 Image size of job updated: 4676804
	4519  -  MemoryUsage of job (MB)
	4627148  -  ResidentSetSize of job (KB)
...
006 (7706712.000.000) 11/12 22:39:29 Image size of job updated: 4691484
	4519  -  MemoryUsage of job (MB)
	4627148  -  ResidentSetSize of job (KB)
...
006 (7706712.000.000) 11/12 22:44:29 Image size of job updated: 4695600
	4519  -  MemoryUsage of job (MB)
	4627148  -  ResidentSetSize of job (KB)
...
006 (7706712.000.000) 11/12 22:49:30 Image size of job updated: 4697672
	4519  -  MemoryUsage of job (MB)
	4627148  -  ResidentSetSize of job (KB)
...
006 (7706712.000.000) 11/12 22:54:31 Image size of job updated: 4700836
	4519  -  MemoryUsage of job (MB)
	4627148  -  ResidentSetSize of job (KB)
...
006 (7706712.000.000) 11/12 22:59:31 Image size of job updated: 4704104
	4519  -  MemoryUsage of job (MB)
	4627148  -  ResidentSetSize of job (KB)
...
006 (7706712.000.000) 11/12 23:04:31 Image size of job updated: 4716676
	4561  -  MemoryUsage of job (MB)
	4670044  -  ResidentSetSize of job (KB)
...
006 (7706712.000.000) 11/12 23:09:32 Image size of job updated: 4716676
	4567  -  MemoryUsage of job (MB)
	4676188  -  ResidentSetSize of job (KB)
...
006 (7706712.000.000) 11/13 00:04:38 Image size of job updated: 4719620
	4567  -  MemoryUsage of job (MB)
	4676188  -  ResidentSetSize of job (KB)
...
006 (7706712.000.000) 11/13 00:09:39 Image size of job updated: 4723020
	4567  -  MemoryUsage of job (MB)
	4676188  -  ResidentSetSize of job (KB)
...
006 (7706712.000.000) 11/13 00:14:39 Image size of job updated: 4725880
	4567  -  MemoryUsage of job (MB)
	4676188  -  ResidentSetSize of job (KB)
...
006 (7706712.000.000) 11/13 00:19:40 Image size of job updated: 4729812
	4567  -  MemoryUsage of job (MB)
	4676188  -  ResidentSetSize of job (KB)
...
006 (7706712.000.000) 11/13 00:24:41 Image size of job updated: 4733744
	4567  -  MemoryUsage of job (MB)
	4676188  -  ResidentSetSize of job (KB)
...
006 (7706712.000.000) 11/13 00:29:41 Image size of job updated: 4746136
	4567  -  MemoryUsage of job (MB)
	4676188  -  ResidentSetSize of job (KB)
...
006 (7706712.000.000) 11/13 00:34:41 Image size of job updated: 4749192
	4567  -  MemoryUsage of job (MB)
	4676188  -  ResidentSetSize of job (KB)
...
006 (7706712.000.000) 11/13 00:39:42 Image size of job updated: 4749488
	4567  -  MemoryUsage of job (MB)
	4676188  -  ResidentSetSize of job (KB)
...
006 (7706712.000.000) 11/13 00:54:43 Image size of job updated: 4751932
	4579  -  MemoryUsage of job (MB)
	4688152  -  ResidentSetSize of job (KB)
...
006 (7706712.000.000) 11/13 00:59:44 Image size of job updated: 4753696
	4587  -  MemoryUsage of job (MB)
	4696344  -  ResidentSetSize of job (KB)
...
006 (7706712.000.000) 11/13 01:04:44 Image size of job updated: 4755800
	4587  -  MemoryUsage of job (MB)
	4696344  -  ResidentSetSize of job (KB)
...
006 (7706712.000.000) 11/13 01:09:44 Image size of job updated: 4769800
	4587  -  MemoryUsage of job (MB)
	4696344  -  ResidentSetSize of job (KB)
...
006 (7706712.000.000) 11/13 01:14:45 Image size of job updated: 4771156
	4587  -  MemoryUsage of job (MB)
	4696344  -  ResidentSetSize of job (KB)
...
006 (7706712.000.000) 11/13 01:19:45 Image size of job updated: 4779228
	4587  -  MemoryUsage of job (MB)
	4696344  -  ResidentSetSize of job (KB)
...
006 (7706712.000.000) 11/13 01:24:45 Image size of job updated: 4781416
	4587  -  MemoryUsage of job (MB)
	4696344  -  ResidentSetSize of job (KB)
...
006 (7706712.000.000) 11/13 01:29:46 Image size of job updated: 4790756
	4587  -  MemoryUsage of job (MB)
	4696344  -  ResidentSetSize of job (KB)
...
006 (7706712.000.000) 11/13 01:34:47 Image size of job updated: 4798516
	4587  -  MemoryUsage of job (MB)
	4696344  -  ResidentSetSize of job (KB)
...
006 (7706712.000.000) 11/13 01:39:47 Image size of job updated: 4802168
	4587  -  MemoryUsage of job (MB)
	4696344  -  ResidentSetSize of job (KB)
...
006 (7706712.000.000) 11/13 01:44:47 Image size of job updated: 4805328
	4653  -  MemoryUsage of job (MB)
	4764156  -  ResidentSetSize of job (KB)
...
006 (7706712.000.000) 11/13 01:49:48 Image size of job updated: 4813332
	4657  -  MemoryUsage of job (MB)
	4768252  -  ResidentSetSize of job (KB)
...
006 (7706712.000.000) 11/13 01:54:49 Image size of job updated: 4816468
	4657  -  MemoryUsage of job (MB)
	4768252  -  ResidentSetSize of job (KB)
...
006 (7706712.000.000) 11/13 01:59:49 Image size of job updated: 4819156
	4657  -  MemoryUsage of job (MB)
	4768252  -  ResidentSetSize of job (KB)
...
006 (7706712.000.000) 11/13 02:04:49 Image size of job updated: 4827152
	4657  -  MemoryUsage of job (MB)
	4768252  -  ResidentSetSize of job (KB)
...
006 (7706712.000.000) 11/13 02:09:50 Image size of job updated: 4829360
	4664  -  MemoryUsage of job (MB)
	4775448  -  ResidentSetSize of job (KB)
...
006 (7706712.000.000) 11/13 02:14:50 Image size of job updated: 4831976
	4664  -  MemoryUsage of job (MB)
	4775448  -  ResidentSetSize of job (KB)
...
006 (7706712.000.000) 11/13 02:19:50 Image size of job updated: 4835676
	4664  -  MemoryUsage of job (MB)
	4775448  -  ResidentSetSize of job (KB)
...
006 (7706712.000.000) 11/13 02:24:51 Image size of job updated: 4838608
	4664  -  MemoryUsage of job (MB)
	4775448  -  ResidentSetSize of job (KB)
...
006 (7706712.000.000) 11/13 02:29:52 Image size of job updated: 4841656
	4664  -  MemoryUsage of job (MB)
	4775448  -  ResidentSetSize of job (KB)
...
006 (7706712.000.000) 11/13 02:34:52 Image size of job updated: 4844788
	4664  -  MemoryUsage of job (MB)
	4775448  -  ResidentSetSize of job (KB)
...
006 (7706712.000.000) 11/13 02:39:53 Image size of job updated: 4847784
	4664  -  MemoryUsage of job (MB)
	4775448  -  ResidentSetSize of job (KB)
...
006 (7706712.000.000) 11/13 02:44:54 Image size of job updated: 4853544
	4664  -  MemoryUsage of job (MB)
	4775448  -  ResidentSetSize of job (KB)
...
006 (7706712.000.000) 11/13 02:49:54 Image size of job updated: 4856092
	4664  -  MemoryUsage of job (MB)
	4775448  -  ResidentSetSize of job (KB)
...
006 (7706712.000.000) 11/13 03:19:58 Image size of job updated: 4864516
	4664  -  MemoryUsage of job (MB)
	4775448  -  ResidentSetSize of job (KB)
...
006 (7706712.000.000) 11/13 03:24:58 Image size of job updated: 4868144
	4664  -  MemoryUsage of job (MB)
	4775448  -  ResidentSetSize of job (KB)
...
006 (7706712.000.000) 11/13 03:29:58 Image size of job updated: 4874264
	4664  -  MemoryUsage of job (MB)
	4775448  -  ResidentSetSize of job (KB)
...
006 (7706712.000.000) 11/13 03:34:59 Image size of job updated: 4883200
	4664  -  MemoryUsage of job (MB)
	4775448  -  ResidentSetSize of job (KB)
...
006 (7706712.000.000) 11/13 03:40:00 Image size of job updated: 4886200
	4664  -  MemoryUsage of job (MB)
	4775448  -  ResidentSetSize of job (KB)
...
006 (7706712.000.000) 11/13 03:45:00 Image size of job updated: 4886876
	4664  -  MemoryUsage of job (MB)
	4775448  -  ResidentSetSize of job (KB)
...
006 (7706712.000.000) 11/13 03:55:01 Image size of job updated: 4890216
	4664  -  MemoryUsage of job (MB)
	4775448  -  ResidentSetSize of job (KB)
...
006 (7706712.000.000) 11/13 04:00:02 Image size of job updated: 4891648
	4664  -  MemoryUsage of job (MB)
	4775448  -  ResidentSetSize of job (KB)
...
006 (7706712.000.000) 11/13 04:05:02 Image size of job updated: 4893380
	4664  -  MemoryUsage of job (MB)
	4775448  -  ResidentSetSize of job (KB)
...
006 (7706712.000.000) 11/13 04:10:02 Image size of job updated: 4918180
	4768  -  MemoryUsage of job (MB)
	4881648  -  ResidentSetSize of job (KB)
...
006 (7706712.000.000) 11/13 04:15:03 Image size of job updated: 4921180
	4768  -  MemoryUsage of job (MB)
	4881648  -  ResidentSetSize of job (KB)
...
006 (7706712.000.000) 11/13 04:20:04 Image size of job updated: 4924200
	4768  -  MemoryUsage of job (MB)
	4881648  -  ResidentSetSize of job (KB)
...
006 (7706712.000.000) 11/13 04:25:04 Image size of job updated: 4924664
	4768  -  MemoryUsage of job (MB)
	4881648  -  ResidentSetSize of job (KB)
...
006 (7706712.000.000) 11/13 05:15:09 Image size of job updated: 4924664
	4792  -  MemoryUsage of job (MB)
	4906544  -  ResidentSetSize of job (KB)
...
006 (7706712.000.000) 11/13 05:30:11 Image size of job updated: 4951720
	4792  -  MemoryUsage of job (MB)
	4906544  -  ResidentSetSize of job (KB)
...
006 (7706712.000.000) 11/13 05:35:12 Image size of job updated: 4954668
	4792  -  MemoryUsage of job (MB)
	4906544  -  ResidentSetSize of job (KB)
...
006 (7706712.000.000) 11/13 05:40:12 Image size of job updated: 4957168
	4792  -  MemoryUsage of job (MB)
	4906544  -  ResidentSetSize of job (KB)
...
006 (7706712.000.000) 11/13 06:30:18 Image size of job updated: 4957824
	4792  -  MemoryUsage of job (MB)
	4906544  -  ResidentSetSize of job (KB)
...
006 (7706712.000.000) 11/13 06:35:18 Image size of job updated: 4960972
	4792  -  MemoryUsage of job (MB)
	4906544  -  ResidentSetSize of job (KB)
...
006 (7706712.000.000) 11/13 06:40:19 Image size of job updated: 4963808
	4792  -  MemoryUsage of job (MB)
	4906544  -  ResidentSetSize of job (KB)
...
006 (7706712.000.000) 11/13 06:45:20 Image size of job updated: 4966760
	4792  -  MemoryUsage of job (MB)
	4906544  -  ResidentSetSize of job (KB)
...
006 (7706712.000.000) 11/13 06:50:20 Image size of job updated: 4969656
	4792  -  MemoryUsage of job (MB)
	4906544  -  ResidentSetSize of job (KB)
...
006 (7706712.000.000) 11/13 06:55:21 Image size of job updated: 4972764
	4792  -  MemoryUsage of job (MB)
	4906544  -  ResidentSetSize of job (KB)
...
006 (7706712.000.000) 11/13 07:00:22 Image size of job updated: 4975780
	4792  -  MemoryUsage of job (MB)
	4906544  -  ResidentSetSize of job (KB)
...
006 (7706712.000.000) 11/13 07:05:22 Image size of job updated: 4978804
	4792  -  MemoryUsage of job (MB)
	4906544  -  ResidentSetSize of job (KB)
...
006 (7706712.000.000) 11/13 07:10:22 Image size of job updated: 4981716
	4792  -  MemoryUsage of job (MB)
	4906544  -  ResidentSetSize of job (KB)
...
006 (7706712.000.000) 11/13 07:15:23 Image size of job updated: 5006720
	4792  -  MemoryUsage of job (MB)
	4906544  -  ResidentSetSize of job (KB)
...
006 (7706712.000.000) 11/13 07:20:24 Image size of job updated: 5010728
	4792  -  MemoryUsage of job (MB)
	4906544  -  ResidentSetSize of job (KB)
...
006 (7706712.000.000) 11/13 07:25:24 Image size of job updated: 5014084
	4792  -  MemoryUsage of job (MB)
	4906544  -  ResidentSetSize of job (KB)
...
006 (7706712.000.000) 11/13 07:30:25 Image size of job updated: 5020224
	4792  -  MemoryUsage of job (MB)
	4906544  -  ResidentSetSize of job (KB)
...
006 (7706712.000.000) 11/13 07:35:26 Image size of job updated: 5022260
	4792  -  MemoryUsage of job (MB)
	4906544  -  ResidentSetSize of job (KB)
...
006 (7706712.000.000) 11/13 07:40:26 Image size of job updated: 5030356
	4807  -  MemoryUsage of job (MB)
	4921484  -  ResidentSetSize of job (KB)
...
006 (7706712.000.000) 11/13 07:45:26 Image size of job updated: 5030356
	4813  -  MemoryUsage of job (MB)
	4927628  -  ResidentSetSize of job (KB)
...
006 (7706712.000.000) 11/13 08:35:31 Image size of job updated: 5031004
	4813  -  MemoryUsage of job (MB)
	4927628  -  ResidentSetSize of job (KB)
...
006 (7706712.000.000) 11/13 08:40:31 Image size of job updated: 5037744
	4813  -  MemoryUsage of job (MB)
	4927628  -  ResidentSetSize of job (KB)
...
006 (7706712.000.000) 11/13 08:45:32 Image size of job updated: 5038012
	4813  -  MemoryUsage of job (MB)
	4927628  -  ResidentSetSize of job (KB)
...
006 (7706712.000.000) 11/13 08:50:32 Image size of job updated: 5039948
	4813  -  MemoryUsage of job (MB)
	4927628  -  ResidentSetSize of job (KB)
...
006 (7706712.000.000) 11/13 08:55:32 Image size of job updated: 5042600
	4813  -  MemoryUsage of job (MB)
	4927628  -  ResidentSetSize of job (KB)
...
006 (7706712.000.000) 11/13 09:00:33 Image size of job updated: 5048720
	4877  -  MemoryUsage of job (MB)
	4993808  -  ResidentSetSize of job (KB)
...
006 (7706712.000.000) 11/13 09:05:33 Image size of job updated: 5049984
	4885  -  MemoryUsage of job (MB)
	5002000  -  ResidentSetSize of job (KB)
...
006 (7706712.000.000) 11/13 09:10:33 Image size of job updated: 5057336
	4885  -  MemoryUsage of job (MB)
	5002000  -  ResidentSetSize of job (KB)
...
006 (7706712.000.000) 11/13 09:15:34 Image size of job updated: 5058468
	4885  -  MemoryUsage of job (MB)
	5002000  -  ResidentSetSize of job (KB)
...
006 (7706712.000.000) 11/13 09:20:35 Image size of job updated: 5058928
	4885  -  MemoryUsage of job (MB)
	5002000  -  ResidentSetSize of job (KB)
...
006 (7706712.000.000) 11/13 09:25:35 Image size of job updated: 5060720
	4885  -  MemoryUsage of job (MB)
	5002000  -  ResidentSetSize of job (KB)
...
006 (7706712.000.000) 11/13 09:30:36 Image size of job updated: 5081372
	4885  -  MemoryUsage of job (MB)
	5002000  -  ResidentSetSize of job (KB)
...
006 (7706712.000.000) 11/13 09:35:37 Image size of job updated: 5092284
	4885  -  MemoryUsage of job (MB)
	5002000  -  ResidentSetSize of job (KB)
...
006 (7706712.000.000) 11/13 09:40:37 Image size of job updated: 5095972
	4885  -  MemoryUsage of job (MB)
	5002000  -  ResidentSetSize of job (KB)
...
006 (7706712.000.000) 11/13 10:05:40 Image size of job updated: 5095972
	4937  -  MemoryUsage of job (MB)
	5054904  -  ResidentSetSize of job (KB)
...
006 (7706712.000.000) 11/13 10:10:41 Image size of job updated: 5095972
	4947  -  MemoryUsage of job (MB)
	5065144  -  ResidentSetSize of job (KB)
...
006 (7706712.000.000) 11/13 10:25:42 Image size of job updated: 5096292
	4947  -  MemoryUsage of job (MB)
	5065144  -  ResidentSetSize of job (KB)
...
006 (7706712.000.000) 11/13 10:30:42 Image size of job updated: 5121876
	4947  -  MemoryUsage of job (MB)
	5065144  -  ResidentSetSize of job (KB)
...
006 (7706712.000.000) 11/13 10:35:42 Image size of job updated: 5125836
	4947  -  MemoryUsage of job (MB)
	5065144  -  ResidentSetSize of job (KB)
...
006 (7706712.000.000) 11/13 10:40:43 Image size of job updated: 5129240
	4947  -  MemoryUsage of job (MB)
	5065144  -  ResidentSetSize of job (KB)
...
006 (7706712.000.000) 11/13 10:45:44 Image size of job updated: 5133312
	4947  -  MemoryUsage of job (MB)
	5065144  -  ResidentSetSize of job (KB)
...
006 (7706712.000.000) 11/13 10:50:44 Image size of job updated: 5139916
	4947  -  MemoryUsage of job (MB)
	5065144  -  ResidentSetSize of job (KB)
...
006 (7706712.000.000) 11/13 10:55:44 Image size of job updated: 5142608
	4947  -  MemoryUsage of job (MB)
	5065144  -  ResidentSetSize of job (KB)
...
006 (7706712.000.000) 11/13 11:00:45 Image size of job updated: 5148016
	4947  -  MemoryUsage of job (MB)
	5065144  -  ResidentSetSize of job (KB)
...
006 (7706712.000.000) 11/13 11:35:49 Image size of job updated: 5149884
	4947  -  MemoryUsage of job (MB)
	5065144  -  ResidentSetSize of job (KB)
...
006 (7706712.000.000) 11/13 11:40:49 Image size of job updated: 5152712
	4947  -  MemoryUsage of job (MB)
	5065144  -  ResidentSetSize of job (KB)
...
006 (7706712.000.000) 11/13 11:45:49 Image size of job updated: 5153496
	4947  -  MemoryUsage of job (MB)
	5065144  -  ResidentSetSize of job (KB)
...
006 (7706712.000.000) 11/13 12:05:51 Image size of job updated: 5154816
	4947  -  MemoryUsage of job (MB)
	5065144  -  ResidentSetSize of job (KB)
...
006 (7706712.000.000) 11/13 12:10:53 Image size of job updated: 5157620
	4947  -  MemoryUsage of job (MB)
	5065144  -  ResidentSetSize of job (KB)
...
006 (7706712.000.000) 11/13 12:15:53 Image size of job updated: 5159772
	4947  -  MemoryUsage of job (MB)
	5065144  -  ResidentSetSize of job (KB)
...
006 (7706712.000.000) 11/13 12:20:53 Image size of job updated: 5161816
	4947  -  MemoryUsage of job (MB)
	5065144  -  ResidentSetSize of job (KB)
...
006 (7706712.000.000) 11/13 12:25:54 Image size of job updated: 5178496
	4947  -  MemoryUsage of job (MB)
	5065144  -  ResidentSetSize of job (KB)
...
006 (7706712.000.000) 11/13 12:30:55 Image size of job updated: 5179960
	4947  -  MemoryUsage of job (MB)
	5065144  -  ResidentSetSize of job (KB)
...
006 (7706712.000.000) 11/13 12:50:57 Image size of job updated: 5183316
	4947  -  MemoryUsage of job (MB)
	5065144  -  ResidentSetSize of job (KB)
...
006 (7706712.000.000) 11/13 12:55:57 Image size of job updated: 5184508
	4947  -  MemoryUsage of job (MB)
	5065144  -  ResidentSetSize of job (KB)
...
006 (7706712.000.000) 11/13 13:10:59 Image size of job updated: 5189288
	4947  -  MemoryUsage of job (MB)
	5065144  -  ResidentSetSize of job (KB)
...
006 (7706712.000.000) 11/13 13:15:59 Image size of job updated: 5192744
	4947  -  MemoryUsage of job (MB)
	5065144  -  ResidentSetSize of job (KB)
...
006 (7706712.000.000) 11/13 13:21:00 Image size of job updated: 5195332
	4947  -  MemoryUsage of job (MB)
	5065144  -  ResidentSetSize of job (KB)
...
006 (7706712.000.000) 11/13 13:26:01 Image size of job updated: 5198456
	4947  -  MemoryUsage of job (MB)
	5065144  -  ResidentSetSize of job (KB)
...
006 (7706712.000.000) 11/13 13:31:01 Image size of job updated: 5200764
	5020  -  MemoryUsage of job (MB)
	5140068  -  ResidentSetSize of job (KB)
...
006 (7706712.000.000) 11/13 13:36:03 Image size of job updated: 5203644
	5020  -  MemoryUsage of job (MB)
	5140068  -  ResidentSetSize of job (KB)
...
006 (7706712.000.000) 11/13 13:41:03 Image size of job updated: 5206344
	5020  -  MemoryUsage of job (MB)
	5140068  -  ResidentSetSize of job (KB)
...
006 (7706712.000.000) 11/13 13:46:03 Image size of job updated: 5208628
	5020  -  MemoryUsage of job (MB)
	5140068  -  ResidentSetSize of job (KB)
...
006 (7706712.000.000) 11/13 13:51:04 Image size of job updated: 5209952
	5020  -  MemoryUsage of job (MB)
	5140068  -  ResidentSetSize of job (KB)
...
006 (7706712.000.000) 11/13 13:52:28 Image size of job updated: 10551512
	5020  -  MemoryUsage of job (MB)
	5140068  -  ResidentSetSize of job (KB)
...
040 (7706712.000.000) 11/13 13:52:28 Started transferring output files
...
040 (7706712.000.000) 11/13 13:52:29 Finished transferring output files
...
005 (7706712.000.000) 11/13 13:52:29 Job terminated.
	(1) Normal termination (return value 0)
		Usr 1 23:45:37, Sys 1 21:27:30  -  Run Remote Usage
		Usr 0 00:00:00, Sys 0 00:00:00  -  Run Local Usage
		Usr 1 23:45:37, Sys 1 21:27:30  -  Total Remote Usage
		Usr 0 00:00:00, Sys 0 00:00:00  -  Total Local Usage
	254039  -  Run Bytes Sent By Job
	10916  -  Run Bytes Received By Job
	254039  -  Total Bytes Sent By Job
	10916  -  Total Bytes Received By Job
	Partitionable Resources :    Usage  Request Allocated 
	   Cpus                 :     1.00        1         1 
	   Disk (KB)            :   281          12   3001760 
	   Memory (MB)          :  5020        2000      2000 

	Job terminated of its own accord at 2024-11-13T12:52:28Z with exit-code 0.
...
