000 (7065777.000.000) 09/01 21:05:53 Job submitted from host: <137.138.55.115:9618?addrs=137.138.55.115-9618+[2001-1458-d00-17--12a]-9618&alias=bigbird23.cern.ch&noUDP&sock=schedd_23881_f548>
...
040 (7065777.000.000) 09/01 21:07:31 Started transferring input files
	Transferring to host: <188.184.185.127:9618?addrs=188.184.185.127-9618+[2001-1458-301-52--100-7e]-9618&alias=b9g37p2024.cern.ch&noUDP&sock=slot1_26_6504_6802_7471>
...
040 (7065777.000.000) 09/01 21:07:31 Finished transferring input files
...
001 (7065777.000.000) 09/01 21:07:32 Job executing on host: <188.184.185.127:9618?addrs=188.184.185.127-9618+[2001-1458-301-52--100-7e]-9618&alias=b9g37p2024.cern.ch&noUDP&sock=startd_5865_7b0b>
	SlotName: slot1_26@b9g37p2024.cern.ch
	CondorScratchDir = "/pool/condor/dir_662286"
	Cpus = 1
	Disk = 2613204
	Memory = 2000
...
006 (7065777.000.000) 09/01 21:07:41 Image size of job updated: 346220
	338  -  MemoryUsage of job (MB)
	345964  -  ResidentSetSize of job (KB)
...
006 (7065777.000.000) 09/01 21:07:45 Image size of job updated: 510312
	362  -  MemoryUsage of job (MB)
	370568  -  ResidentSetSize of job (KB)
...
040 (7065777.000.000) 09/01 21:07:45 Started transferring output files
...
040 (7065777.000.000) 09/01 21:07:45 Finished transferring output files
...
005 (7065777.000.000) 09/01 21:07:45 Job terminated.
	(1) Normal termination (return value 1)
		Usr 0 00:00:03, Sys 0 00:00:01  -  Run Remote Usage
		Usr 0 00:00:00, Sys 0 00:00:00  -  Run Local Usage
		Usr 0 00:00:03, Sys 0 00:00:01  -  Total Remote Usage
		Usr 0 00:00:00, Sys 0 00:00:00  -  Total Local Usage
	554  -  Run Bytes Sent By Job
	10907  -  Run Bytes Received By Job
	554  -  Total Bytes Sent By Job
	10907  -  Total Bytes Received By Job
	Partitionable Resources :    Usage  Request Allocated 
	   Cpus                 :                 1         1 
	   Disk (KB)            :       27       12   2613204 
	   Memory (MB)          :      362     2000      2000 

	Job terminated of its own accord at 2024-09-01T19:07:45Z with exit-code 1.
...
000 (7065781.000.000) 09/01 21:08:33 Job submitted from host: <137.138.55.115:9618?addrs=137.138.55.115-9618+[2001-1458-d00-17--12a]-9618&alias=bigbird23.cern.ch&noUDP&sock=schedd_23881_f548>
...
040 (7065781.000.000) 09/01 21:13:59 Started transferring input files
	Transferring to host: <128.142.132.155:9618?addrs=128.142.132.155-9618+[2001-1458-301-5a--100-8f]-9618&alias=b9g12p7133.cern.ch&noUDP&sock=slot1_17_2690_1926_153612>
...
040 (7065781.000.000) 09/01 21:13:59 Finished transferring input files
...
001 (7065781.000.000) 09/01 21:14:00 Job executing on host: <128.142.132.155:9618?addrs=128.142.132.155-9618+[2001-1458-301-5a--100-8f]-9618&alias=b9g12p7133.cern.ch&noUDP&sock=startd_2365_c592>
	SlotName: slot1_17@b9g12p7133.cern.ch
	CondorScratchDir = "/pool/condor/dir_737578"
	Cpus = 1
	Disk = 1741899
	Memory = 2000
...
006 (7065781.000.000) 09/01 21:14:09 Image size of job updated: 193628
	190  -  MemoryUsage of job (MB)
	193628  -  ResidentSetSize of job (KB)
...
006 (7065781.000.000) 09/01 21:14:20 Image size of job updated: 408180
	399  -  MemoryUsage of job (MB)
	408180  -  ResidentSetSize of job (KB)
...
040 (7065781.000.000) 09/01 21:14:20 Started transferring output files
...
040 (7065781.000.000) 09/01 21:14:20 Finished transferring output files
...
005 (7065781.000.000) 09/01 21:14:20 Job terminated.
	(1) Normal termination (return value 1)
		Usr 0 00:00:06, Sys 0 00:00:01  -  Run Remote Usage
		Usr 0 00:00:00, Sys 0 00:00:00  -  Run Local Usage
		Usr 0 00:00:06, Sys 0 00:00:01  -  Total Remote Usage
		Usr 0 00:00:00, Sys 0 00:00:00  -  Total Local Usage
	6159  -  Run Bytes Sent By Job
	10909  -  Run Bytes Received By Job
	6159  -  Total Bytes Sent By Job
	10909  -  Total Bytes Received By Job
	Partitionable Resources :    Usage  Request Allocated 
	   Cpus                 :        0        1         1 
	   Disk (KB)            :       38       12   1741899 
	   Memory (MB)          :      399     2000      2000 

	Job terminated of its own accord at 2024-09-01T19:14:20Z with exit-code 1.
...
000 (7065796.000.000) 09/01 21:19:48 Job submitted from host: <137.138.55.115:9618?addrs=137.138.55.115-9618+[2001-1458-d00-17--12a]-9618&alias=bigbird23.cern.ch&noUDP&sock=schedd_23881_f548>
...
009 (7065796.000.000) 09/01 21:19:52 Job was aborted.
	via condor_rm (by user fsalerno)
...
000 (7065799.000.000) 09/01 21:21:02 Job submitted from host: <137.138.55.115:9618?addrs=137.138.55.115-9618+[2001-1458-d00-17--12a]-9618&alias=bigbird23.cern.ch&noUDP&sock=schedd_23881_f548>
...
040 (7065799.000.000) 09/01 21:23:18 Started transferring input files
	Transferring to host: <188.185.205.167:9618?addrs=188.185.205.167-9618+[2001-1458-303-a--100-24]-9618&alias=b9p04p2913.cern.ch&noUDP&sock=slot1_32_3646_afcd_24878>
...
040 (7065799.000.000) 09/01 21:23:18 Finished transferring input files
...
001 (7065799.000.000) 09/01 21:23:19 Job executing on host: <188.185.205.167:9618?addrs=188.185.205.167-9618+[2001-1458-303-a--100-24]-9618&alias=b9p04p2913.cern.ch&noUDP&sock=startd_3317_c3bb>
	SlotName: slot1_32@b9p04p2913.cern.ch
	CondorScratchDir = "/pool/condor/dir_2274501"
	Cpus = 1
	Disk = 2677258
	Memory = 2000
...
006 (7065799.000.000) 09/01 21:23:28 Image size of job updated: 494372
	483  -  MemoryUsage of job (MB)
	494136  -  ResidentSetSize of job (KB)
...
006 (7065799.000.000) 09/01 21:23:39 Image size of job updated: 600484
	483  -  MemoryUsage of job (MB)
	494136  -  ResidentSetSize of job (KB)
...
040 (7065799.000.000) 09/01 21:23:39 Started transferring output files
...
040 (7065799.000.000) 09/01 21:23:39 Finished transferring output files
...
005 (7065799.000.000) 09/01 21:23:39 Job terminated.
	(1) Normal termination (return value 1)
		Usr 0 00:00:04, Sys 0 00:00:02  -  Run Remote Usage
		Usr 0 00:00:00, Sys 0 00:00:00  -  Run Local Usage
		Usr 0 00:00:04, Sys 0 00:00:02  -  Total Remote Usage
		Usr 0 00:00:00, Sys 0 00:00:00  -  Total Local Usage
	5611  -  Run Bytes Sent By Job
	10909  -  Run Bytes Received By Job
	5611  -  Total Bytes Sent By Job
	10909  -  Total Bytes Received By Job
	Partitionable Resources :    Usage  Request Allocated 
	   Cpus                 :        0        1         1 
	   Disk (KB)            :       42       12   2677258 
	   Memory (MB)          :      483     2000      2000 

	Job terminated of its own accord at 2024-09-01T19:23:39Z with exit-code 1.
...
000 (7065807.000.000) 09/01 21:29:05 Job submitted from host: <137.138.55.115:9618?addrs=137.138.55.115-9618+[2001-1458-d00-17--12a]-9618&alias=bigbird23.cern.ch&noUDP&sock=schedd_23881_f548>
...
040 (7065807.000.000) 09/01 21:34:10 Started transferring input files
	Transferring to host: <188.185.207.220:9618?addrs=188.185.207.220-9618+[2001-1458-303-e--100-59]-9618&alias=b9p08p3598.cern.ch&noUDP&sock=slot1_24_11879_947c_190487>
...
040 (7065807.000.000) 09/01 21:34:10 Finished transferring input files
...
001 (7065807.000.000) 09/01 21:34:11 Job executing on host: <188.185.207.220:9618?addrs=188.185.207.220-9618+[2001-1458-303-e--100-59]-9618&alias=b9p08p3598.cern.ch&noUDP&sock=startd_10573_c6ec>
	SlotName: slot1_24@b9p08p3598.cern.ch
	CondorScratchDir = "/pool/condor/dir_471039"
	Cpus = 1
	Disk = 2649166
	Memory = 2000
...
006 (7065807.000.000) 09/01 21:34:20 Image size of job updated: 486464
	475  -  MemoryUsage of job (MB)
	486024  -  ResidentSetSize of job (KB)
...
006 (7065807.000.000) 09/01 21:34:25 Image size of job updated: 604788
	475  -  MemoryUsage of job (MB)
	486024  -  ResidentSetSize of job (KB)
...
040 (7065807.000.000) 09/01 21:34:25 Started transferring output files
...
040 (7065807.000.000) 09/01 21:34:25 Finished transferring output files
...
005 (7065807.000.000) 09/01 21:34:25 Job terminated.
	(1) Normal termination (return value 1)
		Usr 0 00:00:04, Sys 0 00:00:02  -  Run Remote Usage
		Usr 0 00:00:00, Sys 0 00:00:00  -  Run Local Usage
		Usr 0 00:00:04, Sys 0 00:00:02  -  Total Remote Usage
		Usr 0 00:00:00, Sys 0 00:00:00  -  Total Local Usage
	5574  -  Run Bytes Sent By Job
	10909  -  Run Bytes Received By Job
	5574  -  Total Bytes Sent By Job
	10909  -  Total Bytes Received By Job
	Partitionable Resources :    Usage  Request Allocated 
	   Cpus                 :        0        1         1 
	   Disk (KB)            :       43       12   2649166 
	   Memory (MB)          :      475     2000      2000 

	Job terminated of its own accord at 2024-09-01T19:34:25Z with exit-code 1.
...
000 (7065811.000.000) 09/01 21:42:52 Job submitted from host: <137.138.55.115:9618?addrs=137.138.55.115-9618+[2001-1458-d00-17--12a]-9618&alias=bigbird23.cern.ch&noUDP&sock=schedd_23881_f548>
...
040 (7065811.000.000) 09/01 21:44:35 Started transferring input files
	Transferring to host: <188.185.205.32:9618?addrs=188.185.205.32-9618+[2001-1458-303-9--100-94]-9618&alias=b9p03p5159.cern.ch&noUDP&sock=slot1_28_3689_fbef_23733>
...
040 (7065811.000.000) 09/01 21:44:35 Finished transferring input files
...
001 (7065811.000.000) 09/01 21:44:36 Job executing on host: <188.185.205.32:9618?addrs=188.185.205.32-9618+[2001-1458-303-9--100-94]-9618&alias=b9p03p5159.cern.ch&noUDP&sock=startd_3314_b4f2>
	SlotName: slot1_28@b9p03p5159.cern.ch
	CondorScratchDir = "/pool/condor/dir_1520907"
	Cpus = 1
	Disk = 2611395
	Memory = 2000
...
006 (7065811.000.000) 09/01 21:44:45 Image size of job updated: 504992
	493  -  MemoryUsage of job (MB)
	504524  -  ResidentSetSize of job (KB)
...
006 (7065811.000.000) 09/01 21:49:46 Image size of job updated: 917036
	793  -  MemoryUsage of job (MB)
	811032  -  ResidentSetSize of job (KB)
...
006 (7065811.000.000) 09/01 21:54:02 Image size of job updated: 1648868
	806  -  MemoryUsage of job (MB)
	824856  -  ResidentSetSize of job (KB)
...
040 (7065811.000.000) 09/01 21:54:02 Started transferring output files
...
040 (7065811.000.000) 09/01 21:54:03 Finished transferring output files
...
005 (7065811.000.000) 09/01 21:54:03 Job terminated.
	(1) Normal termination (return value 0)
		Usr 0 00:04:07, Sys 0 00:05:03  -  Run Remote Usage
		Usr 0 00:00:00, Sys 0 00:00:00  -  Run Local Usage
		Usr 0 00:04:07, Sys 0 00:05:03  -  Total Remote Usage
		Usr 0 00:00:00, Sys 0 00:00:00  -  Total Local Usage
	12344128  -  Run Bytes Sent By Job
	10909  -  Run Bytes Received By Job
	12344128  -  Total Bytes Sent By Job
	10909  -  Total Bytes Received By Job
	Partitionable Resources :    Usage  Request Allocated 
	   Cpus                 :     0.99        1         1 
	   Disk (KB)            : 12091          12   2611395 
	   Memory (MB)          :   806        2000      2000 

	Job terminated of its own accord at 2024-09-01T19:54:02Z with exit-code 0.
...
000 (7066009.000.000) 09/02 09:51:24 Job submitted from host: <137.138.55.115:9618?addrs=137.138.55.115-9618+[2001-1458-d00-17--12a]-9618&alias=bigbird23.cern.ch&noUDP&sock=schedd_23881_f548>
...
040 (7066009.000.000) 09/02 09:53:43 Started transferring input files
	Transferring to host: <128.142.193.198:9618?addrs=128.142.193.198-9618+[2001-1458-301-8--100-42]-9618&alias=b9g21p3229.cern.ch&noUDP&sock=slot1_11_1615848_d7a5_35093>
...
040 (7066009.000.000) 09/02 09:53:43 Finished transferring input files
...
001 (7066009.000.000) 09/02 09:53:44 Job executing on host: <128.142.193.198:9618?addrs=128.142.193.198-9618+[2001-1458-301-8--100-42]-9618&alias=b9g21p3229.cern.ch&noUDP&sock=startd_5718_a69f>
	SlotName: slot1_11@b9g21p3229.cern.ch
	CondorScratchDir = "/pool/condor/dir_2643067"
	Cpus = 1
	Disk = 1403586
	Memory = 2000
...
006 (7066009.000.000) 09/02 09:53:53 Image size of job updated: 1628
	2  -  MemoryUsage of job (MB)
	1376  -  ResidentSetSize of job (KB)
...
006 (7066009.000.000) 09/02 09:55:18 Image size of job updated: 588440
	403  -  MemoryUsage of job (MB)
	412052  -  ResidentSetSize of job (KB)
...
040 (7066009.000.000) 09/02 09:55:18 Started transferring output files
...
040 (7066009.000.000) 09/02 09:55:18 Finished transferring output files
...
005 (7066009.000.000) 09/02 09:55:18 Job terminated.
	(1) Normal termination (return value 1)
		Usr 0 00:00:07, Sys 0 00:00:01  -  Run Remote Usage
		Usr 0 00:00:00, Sys 0 00:00:00  -  Run Local Usage
		Usr 0 00:00:07, Sys 0 00:00:01  -  Total Remote Usage
		Usr 0 00:00:00, Sys 0 00:00:00  -  Total Local Usage
	6196  -  Run Bytes Sent By Job
	10905  -  Run Bytes Received By Job
	6196  -  Total Bytes Sent By Job
	10905  -  Total Bytes Received By Job
	Partitionable Resources :    Usage  Request Allocated 
	   Cpus                 :        0        1         1 
	   Disk (KB)            :       37       12   1403586 
	   Memory (MB)          :      403     2000      2000 

	Job terminated of its own accord at 2024-09-02T07:55:18Z with exit-code 1.
...
000 (7066026.000.000) 09/02 10:04:25 Job submitted from host: <137.138.55.115:9618?addrs=137.138.55.115-9618+[2001-1458-d00-17--12a]-9618&alias=bigbird23.cern.ch&noUDP&sock=schedd_23881_f548>
...
040 (7066026.000.000) 09/02 10:06:26 Started transferring input files
	Transferring to host: <188.185.193.125:9618?addrs=188.185.193.125-9618+[2001-1458-303-20--100-79]-9618&alias=b9p19p7400.cern.ch&noUDP&sock=slot1_1_2634365_354f_15122>
...
040 (7066026.000.000) 09/02 10:06:26 Finished transferring input files
...
001 (7066026.000.000) 09/02 10:06:27 Job executing on host: <188.185.193.125:9618?addrs=188.185.193.125-9618+[2001-1458-303-20--100-79]-9618&alias=b9p19p7400.cern.ch&noUDP&sock=startd_2231652_3ac8>
	SlotName: slot1_1@b9p19p7400.cern.ch
	CondorScratchDir = "/pool/condor/dir_2519437"
	Cpus = 1
	Disk = 3006665
	Memory = 2000
...
006 (7066026.000.000) 09/02 10:06:36 Image size of job updated: 486352
	475  -  MemoryUsage of job (MB)
	486352  -  ResidentSetSize of job (KB)
...
006 (7066026.000.000) 09/02 10:06:41 Image size of job updated: 586648
	476  -  MemoryUsage of job (MB)
	487372  -  ResidentSetSize of job (KB)
...
040 (7066026.000.000) 09/02 10:06:41 Started transferring output files
...
040 (7066026.000.000) 09/02 10:06:41 Finished transferring output files
...
005 (7066026.000.000) 09/02 10:06:41 Job terminated.
	(1) Normal termination (return value 1)
		Usr 0 00:00:05, Sys 0 00:00:01  -  Run Remote Usage
		Usr 0 00:00:00, Sys 0 00:00:00  -  Run Local Usage
		Usr 0 00:00:05, Sys 0 00:00:01  -  Total Remote Usage
		Usr 0 00:00:00, Sys 0 00:00:00  -  Total Local Usage
	6196  -  Run Bytes Sent By Job
	10905  -  Run Bytes Received By Job
	6196  -  Total Bytes Sent By Job
	10905  -  Total Bytes Received By Job
	Partitionable Resources :    Usage  Request Allocated 
	   Cpus                 :        0        1         1 
	   Disk (KB)            :       39       12   3006665 
	   Memory (MB)          :      476     2000      2000 

	Job terminated of its own accord at 2024-09-02T08:06:41Z with exit-code 1.
...
000 (7066045.000.000) 09/02 10:18:47 Job submitted from host: <137.138.55.115:9618?addrs=137.138.55.115-9618+[2001-1458-d00-17--12a]-9618&alias=bigbird23.cern.ch&noUDP&sock=schedd_23881_f548>
...
009 (7066045.000.000) 09/02 10:20:19 Job was aborted.
	via condor_rm (by user fsalerno)
...
000 (7066109.000.000) 09/02 10:46:43 Job submitted from host: <137.138.55.115:9618?addrs=137.138.55.115-9618+[2001-1458-d00-17--12a]-9618&alias=bigbird23.cern.ch&noUDP&sock=schedd_23881_f548>
...
040 (7066109.000.000) 09/02 10:47:57 Started transferring input files
	Transferring to host: <188.184.185.168:9618?addrs=188.184.185.168-9618+[2001-1458-301-52--100-a7]-9618&alias=b9g37p3184.cern.ch&noUDP&sock=slot1_21_1711535_fd78_15519>
...
040 (7066109.000.000) 09/02 10:47:57 Finished transferring input files
...
001 (7066109.000.000) 09/02 10:47:58 Job executing on host: <188.184.185.168:9618?addrs=188.184.185.168-9618+[2001-1458-301-52--100-a7]-9618&alias=b9g37p3184.cern.ch&noUDP&sock=startd_2524_d521>
	SlotName: slot1_21@b9g37p3184.cern.ch
	CondorScratchDir = "/pool/condor/dir_3946180"
	Cpus = 1
	Disk = 2779735
	Memory = 2000
...
006 (7066109.000.000) 09/02 10:48:07 Image size of job updated: 1920
	2  -  MemoryUsage of job (MB)
	1656  -  ResidentSetSize of job (KB)
...
006 (7066109.000.000) 09/02 10:48:40 Image size of job updated: 602540
	403  -  MemoryUsage of job (MB)
	412288  -  ResidentSetSize of job (KB)
...
040 (7066109.000.000) 09/02 10:48:40 Started transferring output files
...
040 (7066109.000.000) 09/02 10:48:40 Finished transferring output files
...
005 (7066109.000.000) 09/02 10:48:40 Job terminated.
	(1) Normal termination (return value 1)
		Usr 0 00:00:06, Sys 0 00:00:02  -  Run Remote Usage
		Usr 0 00:00:00, Sys 0 00:00:00  -  Run Local Usage
		Usr 0 00:00:06, Sys 0 00:00:02  -  Total Remote Usage
		Usr 0 00:00:00, Sys 0 00:00:00  -  Total Local Usage
	5366  -  Run Bytes Sent By Job
	10905  -  Run Bytes Received By Job
	5366  -  Total Bytes Sent By Job
	10905  -  Total Bytes Received By Job
	Partitionable Resources :    Usage  Request Allocated 
	   Cpus                 :                 1         1 
	   Disk (KB)            :       29       12   2779735 
	   Memory (MB)          :      403     2000      2000 

	Job terminated of its own accord at 2024-09-02T08:48:40Z with exit-code 1.
...
000 (7066161.000.000) 09/02 13:22:44 Job submitted from host: <137.138.55.115:9618?addrs=137.138.55.115-9618+[2001-1458-d00-17--12a]-9618&alias=bigbird23.cern.ch&noUDP&sock=schedd_23881_f548>
...
040 (7066161.000.000) 09/02 14:05:14 Entered queue to transfer input files
	Transferring to host: <128.142.248.18:9618?addrs=128.142.248.18-9618+[2001-1458-301-73--100-102]-9618&alias=b9g23p6130.cern.ch&noUDP&sock=slot1_3_6130_e3b2_29680>
...
040 (7066161.000.000) 09/02 14:08:21 Started transferring input files
	Seconds spent in queue: 187
...
040 (7066161.000.000) 09/02 14:08:21 Finished transferring input files
...
001 (7066161.000.000) 09/02 14:08:22 Job executing on host: <128.142.248.18:9618?addrs=128.142.248.18-9618+[2001-1458-301-73--100-102]-9618&alias=b9g23p6130.cern.ch&noUDP&sock=startd_5368_9479>
	SlotName: slot1_3@b9g23p6130.cern.ch
	CondorScratchDir = "/pool/condor/dir_1609836"
	Cpus = 1
	Disk = 2969440
	Memory = 2000
...
006 (7066161.000.000) 09/02 14:08:30 Image size of job updated: 467720
	457  -  MemoryUsage of job (MB)
	467720  -  ResidentSetSize of job (KB)
...
006 (7066161.000.000) 09/02 14:08:37 Image size of job updated: 599632
	457  -  MemoryUsage of job (MB)
	467720  -  ResidentSetSize of job (KB)
...
040 (7066161.000.000) 09/02 14:08:37 Started transferring output files
	Seconds spent in queue: 203
...
040 (7066161.000.000) 09/02 14:08:37 Finished transferring output files
...
005 (7066161.000.000) 09/02 14:08:37 Job terminated.
	(1) Normal termination (return value 1)
		Usr 0 00:00:05, Sys 0 00:00:01  -  Run Remote Usage
		Usr 0 00:00:00, Sys 0 00:00:00  -  Run Local Usage
		Usr 0 00:00:05, Sys 0 00:00:01  -  Total Remote Usage
		Usr 0 00:00:00, Sys 0 00:00:00  -  Total Local Usage
	5356  -  Run Bytes Sent By Job
	10905  -  Run Bytes Received By Job
	5356  -  Total Bytes Sent By Job
	10905  -  Total Bytes Received By Job
	Partitionable Resources :    Usage  Request Allocated 
	   Cpus                 :                 1         1 
	   Disk (KB)            :       30       12   2969440 
	   Memory (MB)          :      457     2000      2000 

	Job terminated of its own accord at 2024-09-02T12:08:37Z with exit-code 1.
...
000 (7066915.000.000) 09/02 20:39:10 Job submitted from host: <137.138.55.115:9618?addrs=137.138.55.115-9618+[2001-1458-d00-17--12a]-9618&alias=bigbird23.cern.ch&noUDP&sock=schedd_23881_f548>
...
040 (7066915.000.000) 09/02 20:42:37 Started transferring input files
	Transferring to host: <188.185.196.120:9618?addrs=188.185.196.120-9618+[2001-1458-303-23--100-74]-9618&alias=b9p16p8413.cern.ch&noUDP&sock=slot1_16_3304790_452d_32460>
...
040 (7066915.000.000) 09/02 20:42:37 Finished transferring input files
...
001 (7066915.000.000) 09/02 20:42:38 Job executing on host: <188.185.196.120:9618?addrs=188.185.196.120-9618+[2001-1458-303-23--100-74]-9618&alias=b9p16p8413.cern.ch&noUDP&sock=startd_177318_fa50>
	SlotName: slot1_16@b9p16p8413.cern.ch
	CondorScratchDir = "/pool/condor/dir_3901029"
	Cpus = 1
	Disk = 2893821
	Memory = 2000
...
006 (7066915.000.000) 09/02 20:42:46 Image size of job updated: 28348
	22  -  MemoryUsage of job (MB)
	21660  -  ResidentSetSize of job (KB)
...
006 (7066915.000.000) 09/02 20:43:05 Image size of job updated: 603424
	403  -  MemoryUsage of job (MB)
	411860  -  ResidentSetSize of job (KB)
...
040 (7066915.000.000) 09/02 20:43:05 Started transferring output files
...
040 (7066915.000.000) 09/02 20:43:05 Finished transferring output files
...
005 (7066915.000.000) 09/02 20:43:05 Job terminated.
	(1) Normal termination (return value 1)
		Usr 0 00:00:06, Sys 0 00:00:01  -  Run Remote Usage
		Usr 0 00:00:00, Sys 0 00:00:00  -  Run Local Usage
		Usr 0 00:00:06, Sys 0 00:00:01  -  Total Remote Usage
		Usr 0 00:00:00, Sys 0 00:00:00  -  Total Local Usage
	5356  -  Run Bytes Sent By Job
	10905  -  Run Bytes Received By Job
	5356  -  Total Bytes Sent By Job
	10905  -  Total Bytes Received By Job
	Partitionable Resources :    Usage  Request Allocated 
	   Cpus                 :        0        1         1 
	   Disk (KB)            :       38       12   2893821 
	   Memory (MB)          :      403     2000      2000 

	Job terminated of its own accord at 2024-09-02T18:43:05Z with exit-code 1.
...
000 (7066919.000.000) 09/02 20:53:55 Job submitted from host: <137.138.55.115:9618?addrs=137.138.55.115-9618+[2001-1458-d00-17--12a]-9618&alias=bigbird23.cern.ch&noUDP&sock=schedd_23881_f548>
...
040 (7066919.000.000) 09/02 20:56:01 Started transferring input files
	Transferring to host: <128.142.33.58:9618?addrs=128.142.33.58-9618+[2001-1458-301-53--100-37]-9618&alias=b9g34p5265.cern.ch&noUDP&sock=slot1_19_5425_2736_12125>
...
040 (7066919.000.000) 09/02 20:56:01 Finished transferring input files
...
001 (7066919.000.000) 09/02 20:56:02 Job executing on host: <128.142.33.58:9618?addrs=128.142.33.58-9618+[2001-1458-301-53--100-37]-9618&alias=b9g34p5265.cern.ch&noUDP&sock=startd_4411_2857>
	SlotName: slot1_19@b9g34p5265.cern.ch
	CondorScratchDir = "/pool/condor/dir_2522223"
	Cpus = 1
	Disk = 2853537
	Memory = 2000
...
006 (7066919.000.000) 09/02 20:56:11 Image size of job updated: 283568
	277  -  MemoryUsage of job (MB)
	283568  -  ResidentSetSize of job (KB)
...
006 (7066919.000.000) 09/02 20:56:27 Image size of job updated: 604360
	403  -  MemoryUsage of job (MB)
	412200  -  ResidentSetSize of job (KB)
...
040 (7066919.000.000) 09/02 20:56:27 Started transferring output files
...
040 (7066919.000.000) 09/02 20:56:27 Finished transferring output files
...
005 (7066919.000.000) 09/02 20:56:27 Job terminated.
	(1) Normal termination (return value 1)
		Usr 0 00:00:06, Sys 0 00:00:02  -  Run Remote Usage
		Usr 0 00:00:00, Sys 0 00:00:00  -  Run Local Usage
		Usr 0 00:00:06, Sys 0 00:00:02  -  Total Remote Usage
		Usr 0 00:00:00, Sys 0 00:00:00  -  Total Local Usage
	6184  -  Run Bytes Sent By Job
	10905  -  Run Bytes Received By Job
	6184  -  Total Bytes Sent By Job
	10905  -  Total Bytes Received By Job
	Partitionable Resources :    Usage  Request Allocated 
	   Cpus                 :        0        1         1 
	   Disk (KB)            :       38       12   2853537 
	   Memory (MB)          :      403     2000      2000 

	Job terminated of its own accord at 2024-09-02T18:56:27Z with exit-code 1.
...
000 (7066960.000.000) 09/02 21:01:00 Job submitted from host: <137.138.55.115:9618?addrs=137.138.55.115-9618+[2001-1458-d00-17--12a]-9618&alias=bigbird23.cern.ch&noUDP&sock=schedd_23881_f548>
...
040 (7066960.000.000) 09/02 21:07:06 Started transferring input files
	Transferring to host: <188.185.194.103:9618?addrs=188.185.194.103-9618+[2001-1458-303-21--100-63]-9618&alias=b9p20p8653.cern.ch&noUDP&sock=slot1_7_861380_e24d_15515>
...
040 (7066960.000.000) 09/02 21:07:06 Finished transferring input files
...
001 (7066960.000.000) 09/02 21:07:07 Job executing on host: <188.185.194.103:9618?addrs=188.185.194.103-9618+[2001-1458-303-21--100-63]-9618&alias=b9p20p8653.cern.ch&noUDP&sock=startd_174571_c3a8>
	SlotName: slot1_7@b9p20p8653.cern.ch
	CondorScratchDir = "/pool/condor/dir_1603854"
	Cpus = 1
	Disk = 3107012
	Memory = 2000
...
006 (7066960.000.000) 09/02 21:07:16 Image size of job updated: 28148
	16  -  MemoryUsage of job (MB)
	15424  -  ResidentSetSize of job (KB)
...
006 (7066960.000.000) 09/02 21:08:38 Image size of job updated: 604912
	403  -  MemoryUsage of job (MB)
	412500  -  ResidentSetSize of job (KB)
...
040 (7066960.000.000) 09/02 21:08:38 Started transferring output files
...
040 (7066960.000.000) 09/02 21:08:38 Finished transferring output files
...
005 (7066960.000.000) 09/02 21:08:38 Job terminated.
	(1) Normal termination (return value 1)
		Usr 0 00:00:06, Sys 0 00:00:01  -  Run Remote Usage
		Usr 0 00:00:00, Sys 0 00:00:00  -  Run Local Usage
		Usr 0 00:00:06, Sys 0 00:00:01  -  Total Remote Usage
		Usr 0 00:00:00, Sys 0 00:00:00  -  Total Local Usage
	5586  -  Run Bytes Sent By Job
	10905  -  Run Bytes Received By Job
	5586  -  Total Bytes Sent By Job
	10905  -  Total Bytes Received By Job
	Partitionable Resources :    Usage  Request Allocated 
	   Cpus                 :                 1         1 
	   Disk (KB)            :       30       12   3107012 
	   Memory (MB)          :      403     2000      2000 

	Job terminated of its own accord at 2024-09-02T19:08:38Z with exit-code 1.
...
000 (7066964.000.000) 09/02 21:16:05 Job submitted from host: <137.138.55.115:9618?addrs=137.138.55.115-9618+[2001-1458-d00-17--12a]-9618&alias=bigbird23.cern.ch&noUDP&sock=schedd_23881_f548>
...
040 (7066964.000.000) 09/02 21:16:56 Started transferring input files
	Transferring to host: <188.185.198.42:9618?addrs=188.185.198.42-9618+[2001-1458-303-25--100-26]-9618&alias=b9p15p4909.cern.ch&noUDP&sock=slot1_22_436057_5a9d_13188>
...
040 (7066964.000.000) 09/02 21:16:56 Finished transferring input files
...
001 (7066964.000.000) 09/02 21:16:57 Job executing on host: <188.185.198.42:9618?addrs=188.185.198.42-9618+[2001-1458-303-25--100-26]-9618&alias=b9p15p4909.cern.ch&noUDP&sock=startd_10337_e693>
	SlotName: slot1_22@b9p15p4909.cern.ch
	CondorScratchDir = "/pool/condor/dir_3999562"
	Cpus = 1
	Disk = 2933381
	Memory = 2000
...
006 (7066964.000.000) 09/02 21:17:05 Image size of job updated: 409924
	401  -  MemoryUsage of job (MB)
	409728  -  ResidentSetSize of job (KB)
...
006 (7066964.000.000) 09/02 21:17:13 Image size of job updated: 605820
	403  -  MemoryUsage of job (MB)
	412512  -  ResidentSetSize of job (KB)
...
040 (7066964.000.000) 09/02 21:17:13 Started transferring output files
...
040 (7066964.000.000) 09/02 21:17:13 Finished transferring output files
...
005 (7066964.000.000) 09/02 21:17:13 Job terminated.
	(1) Normal termination (return value 1)
		Usr 0 00:00:05, Sys 0 00:00:01  -  Run Remote Usage
		Usr 0 00:00:00, Sys 0 00:00:00  -  Run Local Usage
		Usr 0 00:00:05, Sys 0 00:00:01  -  Total Remote Usage
		Usr 0 00:00:00, Sys 0 00:00:00  -  Total Local Usage
	10753  -  Run Bytes Sent By Job
	10905  -  Run Bytes Received By Job
	10753  -  Total Bytes Sent By Job
	10905  -  Total Bytes Received By Job
	Partitionable Resources :    Usage  Request Allocated 
	   Cpus                 :        0        1         1 
	   Disk (KB)            :       43       12   2933381 
	   Memory (MB)          :      403     2000      2000 

	Job terminated of its own accord at 2024-09-02T19:17:13Z with exit-code 1.
...
000 (7066968.000.000) 09/02 21:24:31 Job submitted from host: <137.138.55.115:9618?addrs=137.138.55.115-9618+[2001-1458-d00-17--12a]-9618&alias=bigbird23.cern.ch&noUDP&sock=schedd_23881_f548>
...
040 (7066968.000.000) 09/02 21:26:08 Started transferring input files
	Transferring to host: <188.185.196.89:9618?addrs=188.185.196.89-9618+[2001-1458-303-23--100-55]-9618&alias=b9p16p4587.cern.ch&noUDP&sock=slot1_32_231153_f311_13254>
...
040 (7066968.000.000) 09/02 21:26:08 Finished transferring input files
...
001 (7066968.000.000) 09/02 21:26:09 Job executing on host: <188.185.196.89:9618?addrs=188.185.196.89-9618+[2001-1458-303-23--100-55]-9618&alias=b9p16p4587.cern.ch&noUDP&sock=startd_127365_5fec>
	SlotName: slot1_32@b9p16p4587.cern.ch
	CondorScratchDir = "/pool/condor/dir_974182"
	Cpus = 1
	Disk = 3039533
	Memory = 2000
...
006 (7066968.000.000) 09/02 21:26:18 Image size of job updated: 486568
	476  -  MemoryUsage of job (MB)
	486524  -  ResidentSetSize of job (KB)
...
006 (7066968.000.000) 09/02 21:26:24 Image size of job updated: 603756
	476  -  MemoryUsage of job (MB)
	486524  -  ResidentSetSize of job (KB)
...
040 (7066968.000.000) 09/02 21:26:24 Started transferring output files
...
040 (7066968.000.000) 09/02 21:26:24 Finished transferring output files
...
005 (7066968.000.000) 09/02 21:26:24 Job terminated.
	(1) Normal termination (return value 1)
		Usr 0 00:00:05, Sys 0 00:00:01  -  Run Remote Usage
		Usr 0 00:00:00, Sys 0 00:00:00  -  Run Local Usage
		Usr 0 00:00:05, Sys 0 00:00:01  -  Total Remote Usage
		Usr 0 00:00:00, Sys 0 00:00:00  -  Total Local Usage
	10752  -  Run Bytes Sent By Job
	10905  -  Run Bytes Received By Job
	10752  -  Total Bytes Sent By Job
	10905  -  Total Bytes Received By Job
	Partitionable Resources :    Usage  Request Allocated 
	   Cpus                 :        0        1         1 
	   Disk (KB)            :       42       12   3039533 
	   Memory (MB)          :      476     2000      2000 

	Job terminated of its own accord at 2024-09-02T19:26:24Z with exit-code 1.
...
000 (7067093.000.000) 09/02 22:35:17 Job submitted from host: <137.138.55.115:9618?addrs=137.138.55.115-9618+[2001-1458-d00-17--12a]-9618&alias=bigbird23.cern.ch&noUDP&sock=schedd_23881_f548>
...
040 (7067093.000.000) 09/02 22:38:09 Started transferring input files
	Transferring to host: <128.142.33.18:9618?addrs=128.142.33.18-9618+[2001-1458-301-53--100-3f]-9618&alias=b9g34p6562.cern.ch&noUDP&sock=slot1_16_2417730_40c5_18119>
...
040 (7067093.000.000) 09/02 22:38:09 Finished transferring input files
...
001 (7067093.000.000) 09/02 22:38:10 Job executing on host: <128.142.33.18:9618?addrs=128.142.33.18-9618+[2001-1458-301-53--100-3f]-9618&alias=b9g34p6562.cern.ch&noUDP&sock=startd_3539_09c1>
	SlotName: slot1_16@b9g34p6562.cern.ch
	CondorScratchDir = "/pool/condor/dir_942490"
	Cpus = 1
	Disk = 2888474
	Memory = 2000
...
006 (7067093.000.000) 09/02 22:38:20 Image size of job updated: 1
	0  -  MemoryUsage of job (MB)
	0  -  ResidentSetSize of job (KB)
...
006 (7067093.000.000) 09/02 22:39:07 Image size of job updated: 601680
	401  -  MemoryUsage of job (MB)
	410216  -  ResidentSetSize of job (KB)
...
040 (7067093.000.000) 09/02 22:39:07 Started transferring output files
...
040 (7067093.000.000) 09/02 22:39:07 Finished transferring output files
...
005 (7067093.000.000) 09/02 22:39:07 Job terminated.
	(1) Normal termination (return value 1)
		Usr 0 00:00:07, Sys 0 00:00:02  -  Run Remote Usage
		Usr 0 00:00:00, Sys 0 00:00:00  -  Run Local Usage
		Usr 0 00:00:07, Sys 0 00:00:02  -  Total Remote Usage
		Usr 0 00:00:00, Sys 0 00:00:00  -  Total Local Usage
	10741  -  Run Bytes Sent By Job
	10905  -  Run Bytes Received By Job
	10741  -  Total Bytes Sent By Job
	10905  -  Total Bytes Received By Job
	Partitionable Resources :    Usage  Request Allocated 
	   Cpus                 :        0        1         1 
	   Disk (KB)            :       43       12   2888474 
	   Memory (MB)          :      401     2000      2000 

	Job terminated of its own accord at 2024-09-02T20:39:07Z with exit-code 1.
...
000 (7067143.000.000) 09/02 23:18:20 Job submitted from host: <137.138.55.115:9618?addrs=137.138.55.115-9618+[2001-1458-d00-17--12a]-9618&alias=bigbird23.cern.ch&noUDP&sock=schedd_23881_f548>
...
040 (7067143.000.000) 09/02 23:20:39 Started transferring input files
	Transferring to host: <188.185.196.98:9618?addrs=188.185.196.98-9618+[2001-1458-303-23--100-5e]-9618&alias=b9p16p2691.cern.ch&noUDP&sock=slot1_19_3816228_9bab_21334>
...
040 (7067143.000.000) 09/02 23:20:39 Finished transferring input files
...
001 (7067143.000.000) 09/02 23:20:40 Job executing on host: <188.185.196.98:9618?addrs=188.185.196.98-9618+[2001-1458-303-23--100-5e]-9618&alias=b9p16p2691.cern.ch&noUDP&sock=startd_174824_4d1e>
	SlotName: slot1_19@b9p16p2691.cern.ch
	CondorScratchDir = "/pool/condor/dir_3157257"
	Cpus = 1
	Disk = 3052036
	Memory = 2000
...
006 (7067143.000.000) 09/02 23:20:49 Image size of job updated: 28628
	21  -  MemoryUsage of job (MB)
	20788  -  ResidentSetSize of job (KB)
...
006 (7067143.000.000) 09/02 23:21:30 Image size of job updated: 603056
	399  -  MemoryUsage of job (MB)
	408564  -  ResidentSetSize of job (KB)
...
040 (7067143.000.000) 09/02 23:21:30 Started transferring output files
...
040 (7067143.000.000) 09/02 23:21:30 Finished transferring output files
...
005 (7067143.000.000) 09/02 23:21:31 Job terminated.
	(1) Normal termination (return value 1)
		Usr 0 00:00:08, Sys 0 00:00:02  -  Run Remote Usage
		Usr 0 00:00:00, Sys 0 00:00:00  -  Run Local Usage
		Usr 0 00:00:08, Sys 0 00:00:02  -  Total Remote Usage
		Usr 0 00:00:00, Sys 0 00:00:00  -  Total Local Usage
	10741  -  Run Bytes Sent By Job
	10905  -  Run Bytes Received By Job
	10741  -  Total Bytes Sent By Job
	10905  -  Total Bytes Received By Job
	Partitionable Resources :    Usage  Request Allocated 
	   Cpus                 :        0        1         1 
	   Disk (KB)            :       43       12   3052036 
	   Memory (MB)          :      399     2000      2000 

	Job terminated of its own accord at 2024-09-02T21:21:30Z with exit-code 1.
...
000 (7067145.000.000) 09/02 23:24:13 Job submitted from host: <137.138.55.115:9618?addrs=137.138.55.115-9618+[2001-1458-d00-17--12a]-9618&alias=bigbird23.cern.ch&noUDP&sock=schedd_23881_f548>
...
040 (7067145.000.000) 09/02 23:27:26 Started transferring input files
	Transferring to host: <128.142.193.191:9618?addrs=128.142.193.191-9618+[2001-1458-301-8--100-3b]-9618&alias=b9g21p6157.cern.ch&noUDP&sock=slot1_19_866887_104d_32673>
...
040 (7067145.000.000) 09/02 23:27:26 Finished transferring input files
...
001 (7067145.000.000) 09/02 23:27:28 Job executing on host: <128.142.193.191:9618?addrs=128.142.193.191-9618+[2001-1458-301-8--100-3b]-9618&alias=b9g21p6157.cern.ch&noUDP&sock=startd_5056_92ed>
	SlotName: slot1_19@b9g21p6157.cern.ch
	CondorScratchDir = "/pool/condor/dir_1320966"
	Cpus = 1
	Disk = 1275168
	Memory = 2000
...
006 (7067145.000.000) 09/02 23:27:36 Image size of job updated: 84336
	81  -  MemoryUsage of job (MB)
	82856  -  ResidentSetSize of job (KB)
...
006 (7067145.000.000) 09/02 23:32:36 Image size of job updated: 720800
	648  -  MemoryUsage of job (MB)
	662772  -  ResidentSetSize of job (KB)
...
006 (7067145.000.000) 09/02 23:37:36 Image size of job updated: 784024
	693  -  MemoryUsage of job (MB)
	708856  -  ResidentSetSize of job (KB)
...
006 (7067145.000.000) 09/02 23:42:37 Image size of job updated: 790476
	701  -  MemoryUsage of job (MB)
	717048  -  ResidentSetSize of job (KB)
...
006 (7067145.000.000) 09/02 23:45:55 Image size of job updated: 808772
	701  -  MemoryUsage of job (MB)
	717048  -  ResidentSetSize of job (KB)
...
040 (7067145.000.000) 09/02 23:45:55 Started transferring output files
...
040 (7067145.000.000) 09/02 23:45:57 Finished transferring output files
...
005 (7067145.000.000) 09/02 23:45:57 Job terminated.
	(1) Normal termination (return value 1)
		Usr 0 00:07:36, Sys 0 00:10:03  -  Run Remote Usage
		Usr 0 00:00:00, Sys 0 00:00:00  -  Run Local Usage
		Usr 0 00:07:36, Sys 0 00:10:03  -  Total Remote Usage
		Usr 0 00:00:00, Sys 0 00:00:00  -  Total Local Usage
	34647804  -  Run Bytes Sent By Job
	10905  -  Run Bytes Received By Job
	34647804  -  Total Bytes Sent By Job
	10905  -  Total Bytes Received By Job
	Partitionable Resources :    Usage  Request Allocated 
	   Cpus                 :     0.97        1         1 
	   Disk (KB)            : 33868          12   1275168 
	   Memory (MB)          :   701        2000      2000 

	Job terminated of its own accord at 2024-09-02T21:45:55Z with exit-code 1.
...
000 (7067213.000.000) 09/03 00:37:17 Job submitted from host: <137.138.55.115:9618?addrs=137.138.55.115-9618+[2001-1458-d00-17--12a]-9618&alias=bigbird23.cern.ch&noUDP&sock=schedd_23881_f548>
...
040 (7067213.000.000) 09/03 00:38:50 Started transferring input files
	Transferring to host: <128.142.52.11:9618?addrs=128.142.52.11-9618+[2001-1458-301-1b--100-8]-9618&alias=b9g02p1359.cern.ch&noUDP&sock=slot1_3_1463193_95c5_27893>
...
040 (7067213.000.000) 09/03 00:38:50 Finished transferring input files
...
001 (7067213.000.000) 09/03 00:38:51 Job executing on host: <128.142.52.11:9618?addrs=128.142.52.11-9618+[2001-1458-301-1b--100-8]-9618&alias=b9g02p1359.cern.ch&noUDP&sock=startd_2636_a7bc>
	SlotName: slot1_3@b9g02p1359.cern.ch
	CondorScratchDir = "/pool/condor/dir_3179196"
	Cpus = 1
	Disk = 3038573
	Memory = 2000
...
006 (7067213.000.000) 09/03 00:38:59 Image size of job updated: 245112
	240  -  MemoryUsage of job (MB)
	244928  -  ResidentSetSize of job (KB)
...
006 (7067213.000.000) 09/03 00:43:59 Image size of job updated: 763544
	716  -  MemoryUsage of job (MB)
	732260  -  ResidentSetSize of job (KB)
...
006 (7067213.000.000) 09/03 00:49:00 Image size of job updated: 835548
	802  -  MemoryUsage of job (MB)
	820904  -  ResidentSetSize of job (KB)
...
006 (7067213.000.000) 09/03 00:54:01 Image size of job updated: 891768
	808  -  MemoryUsage of job (MB)
	827048  -  ResidentSetSize of job (KB)
...
006 (7067213.000.000) 09/03 00:55:40 Image size of job updated: 1189284
	808  -  MemoryUsage of job (MB)
	827048  -  ResidentSetSize of job (KB)
...
040 (7067213.000.000) 09/03 00:55:40 Started transferring output files
...
040 (7067213.000.000) 09/03 00:55:40 Finished transferring output files
...
005 (7067213.000.000) 09/03 00:55:40 Job terminated.
	(1) Normal termination (return value 0)
		Usr 0 00:08:40, Sys 0 00:07:45  -  Run Remote Usage
		Usr 0 00:00:00, Sys 0 00:00:00  -  Run Local Usage
		Usr 0 00:08:40, Sys 0 00:07:45  -  Total Remote Usage
		Usr 0 00:00:00, Sys 0 00:00:00  -  Total Local Usage
	12344181  -  Run Bytes Sent By Job
	10905  -  Run Bytes Received By Job
	12344181  -  Total Bytes Sent By Job
	10905  -  Total Bytes Received By Job
	Partitionable Resources :    Usage  Request Allocated 
	   Cpus                 :     0.99        1         1 
	   Disk (KB)            : 12088          12   3038573 
	   Memory (MB)          :   808        2000      2000 

	Job terminated of its own accord at 2024-09-02T22:55:40Z with exit-code 0.
...
000 (7068635.000.000) 09/03 16:46:37 Job submitted from host: <137.138.55.115:9618?addrs=137.138.55.115-9618+[2001-1458-d00-17--12a]-9618&alias=bigbird23.cern.ch&noUDP&sock=schedd_23881_f548>
...
040 (7068635.000.000) 09/03 16:48:02 Started transferring input files
	Transferring to host: <128.142.33.14:9618?addrs=128.142.33.14-9618+[2001-1458-301-53--100-b]-9618&alias=b9g34p3197.cern.ch&noUDP&sock=slot1_22_3479887_f25e_8183>
...
040 (7068635.000.000) 09/03 16:48:02 Finished transferring input files
...
001 (7068635.000.000) 09/03 16:48:03 Job executing on host: <128.142.33.14:9618?addrs=128.142.33.14-9618+[2001-1458-301-53--100-b]-9618&alias=b9g34p3197.cern.ch&noUDP&sock=startd_2427_4c71>
	SlotName: slot1_22@b9g34p3197.cern.ch
	CondorScratchDir = "/pool/condor/dir_1024838"
	Cpus = 1
	Disk = 2742130
	Memory = 2000
...
006 (7068635.000.000) 09/03 16:48:12 Image size of job updated: 246396
	241  -  MemoryUsage of job (MB)
	246164  -  ResidentSetSize of job (KB)
...
006 (7068635.000.000) 09/03 16:53:13 Image size of job updated: 708528
	327  -  MemoryUsage of job (MB)
	334280  -  ResidentSetSize of job (KB)
...
006 (7068635.000.000) 09/03 16:58:13 Image size of job updated: 708528
	333  -  MemoryUsage of job (MB)
	340424  -  ResidentSetSize of job (KB)
...
040 (7068635.000.000) 09/03 17:09:52 Started transferring output files
...
040 (7068635.000.000) 09/03 17:09:52 Finished transferring output files
...
005 (7068635.000.000) 09/03 17:09:52 Job terminated.
	(1) Normal termination (return value 0)
		Usr 0 00:07:27, Sys 0 00:13:27  -  Run Remote Usage
		Usr 0 00:00:00, Sys 0 00:00:00  -  Run Local Usage
		Usr 0 00:07:27, Sys 0 00:13:27  -  Total Remote Usage
		Usr 0 00:00:00, Sys 0 00:00:00  -  Total Local Usage
	12344185  -  Run Bytes Sent By Job
	10905  -  Run Bytes Received By Job
	12344185  -  Total Bytes Sent By Job
	10905  -  Total Bytes Received By Job
	Partitionable Resources :    Usage  Request Allocated 
	   Cpus                 :     0.84        1         1 
	   Disk (KB)            : 12086          12   2742130 
	   Memory (MB)          :   333        2000      2000 

	Job terminated of its own accord at 2024-09-03T15:09:51Z with exit-code 0.
...
000 (7069990.000.000) 09/04 17:19:14 Job submitted from host: <137.138.55.115:9618?addrs=137.138.55.115-9618+[2001-1458-d00-17--12a]-9618&alias=bigbird23.cern.ch&noUDP&sock=schedd_23881_f548>
...
040 (7069990.000.000) 09/04 17:25:40 Started transferring input files
	Transferring to host: <188.185.209.172:9618?addrs=188.185.209.172-9618+[2001-1458-303-12--100-29]-9618&alias=b9p12p4372.cern.ch&noUDP&sock=slot1_42_13528_731f_73104>
...
040 (7069990.000.000) 09/04 17:25:40 Finished transferring input files
...
001 (7069990.000.000) 09/04 17:25:41 Job executing on host: <188.185.209.172:9618?addrs=188.185.209.172-9618+[2001-1458-303-12--100-29]-9618&alias=b9p12p4372.cern.ch&noUDP&sock=startd_12492_0d2a>
	SlotName: slot1_42@b9p12p4372.cern.ch
	CondorScratchDir = "/pool/condor/dir_3569942"
	Cpus = 1
	Disk = 2565890
	Memory = 2000
...
006 (7069990.000.000) 09/04 17:25:50 Image size of job updated: 347700
	340  -  MemoryUsage of job (MB)
	347444  -  ResidentSetSize of job (KB)
...
006 (7069990.000.000) 09/04 17:30:51 Image size of job updated: 676012
	556  -  MemoryUsage of job (MB)
	569292  -  ResidentSetSize of job (KB)
...
006 (7069990.000.000) 09/04 17:35:52 Image size of job updated: 766528
	609  -  MemoryUsage of job (MB)
	623564  -  ResidentSetSize of job (KB)
...
006 (7069990.000.000) 09/04 17:40:52 Image size of job updated: 811068
	767  -  MemoryUsage of job (MB)
	785320  -  ResidentSetSize of job (KB)
...
006 (7069990.000.000) 09/04 17:45:53 Image size of job updated: 875160
	783  -  MemoryUsage of job (MB)
	801704  -  ResidentSetSize of job (KB)
...
006 (7069990.000.000) 09/04 18:05:55 Image size of job updated: 879212
	783  -  MemoryUsage of job (MB)
	801704  -  ResidentSetSize of job (KB)
...
006 (7069990.000.000) 09/04 18:10:55 Image size of job updated: 915284
	849  -  MemoryUsage of job (MB)
	869260  -  ResidentSetSize of job (KB)
...
006 (7069990.000.000) 09/04 18:15:55 Image size of job updated: 947180
	878  -  MemoryUsage of job (MB)
	898808  -  ResidentSetSize of job (KB)
...
006 (7069990.000.000) 09/04 18:20:55 Image size of job updated: 979712
	896  -  MemoryUsage of job (MB)
	917240  -  ResidentSetSize of job (KB)
...
006 (7069990.000.000) 09/04 18:25:55 Image size of job updated: 1019720
	896  -  MemoryUsage of job (MB)
	917352  -  ResidentSetSize of job (KB)
...
006 (7069990.000.000) 09/04 18:30:56 Image size of job updated: 1044840
	1011  -  MemoryUsage of job (MB)
	1034856  -  ResidentSetSize of job (KB)
...
006 (7069990.000.000) 09/04 18:35:57 Image size of job updated: 1067788
	1011  -  MemoryUsage of job (MB)
	1034856  -  ResidentSetSize of job (KB)
...
006 (7069990.000.000) 09/04 18:40:57 Image size of job updated: 1089092
	1035  -  MemoryUsage of job (MB)
	1059172  -  ResidentSetSize of job (KB)
...
006 (7069990.000.000) 09/04 18:45:58 Image size of job updated: 1125864
	1037  -  MemoryUsage of job (MB)
	1061220  -  ResidentSetSize of job (KB)
...
006 (7069990.000.000) 09/04 18:50:59 Image size of job updated: 1162396
	1037  -  MemoryUsage of job (MB)
	1061220  -  ResidentSetSize of job (KB)
...
006 (7069990.000.000) 09/04 18:55:59 Image size of job updated: 1196096
	1061  -  MemoryUsage of job (MB)
	1086032  -  ResidentSetSize of job (KB)
...
006 (7069990.000.000) 09/04 19:00:59 Image size of job updated: 1228180
	1073  -  MemoryUsage of job (MB)
	1098320  -  ResidentSetSize of job (KB)
...
006 (7069990.000.000) 09/04 19:06:00 Image size of job updated: 1252624
	1211  -  MemoryUsage of job (MB)
	1239956  -  ResidentSetSize of job (KB)
...
006 (7069990.000.000) 09/04 19:11:00 Image size of job updated: 1274736
	1213  -  MemoryUsage of job (MB)
	1242004  -  ResidentSetSize of job (KB)
...
006 (7069990.000.000) 09/04 19:16:00 Image size of job updated: 1294444
	1252  -  MemoryUsage of job (MB)
	1281508  -  ResidentSetSize of job (KB)
...
006 (7069990.000.000) 09/04 19:21:01 Image size of job updated: 1323152
	1252  -  MemoryUsage of job (MB)
	1281508  -  ResidentSetSize of job (KB)
...
006 (7069990.000.000) 09/04 19:26:02 Image size of job updated: 1359212
	1276  -  MemoryUsage of job (MB)
	1306268  -  ResidentSetSize of job (KB)
...
006 (7069990.000.000) 09/04 19:31:02 Image size of job updated: 1386344
	1280  -  MemoryUsage of job (MB)
	1310364  -  ResidentSetSize of job (KB)
...
006 (7069990.000.000) 09/04 19:36:03 Image size of job updated: 1413320
	1280  -  MemoryUsage of job (MB)
	1310364  -  ResidentSetSize of job (KB)
...
006 (7069990.000.000) 09/04 19:41:04 Image size of job updated: 1439200
	1280  -  MemoryUsage of job (MB)
	1310364  -  ResidentSetSize of job (KB)
...
006 (7069990.000.000) 09/04 19:46:04 Image size of job updated: 1471940
	1294  -  MemoryUsage of job (MB)
	1324748  -  ResidentSetSize of job (KB)
...
006 (7069990.000.000) 09/04 19:51:04 Image size of job updated: 1498628
	1312  -  MemoryUsage of job (MB)
	1343436  -  ResidentSetSize of job (KB)
...
006 (7069990.000.000) 09/04 19:56:05 Image size of job updated: 1519492
	1312  -  MemoryUsage of job (MB)
	1343436  -  ResidentSetSize of job (KB)
...
006 (7069990.000.000) 09/04 20:01:05 Image size of job updated: 1536484
	1427  -  MemoryUsage of job (MB)
	1461244  -  ResidentSetSize of job (KB)
...
006 (7069990.000.000) 09/04 20:06:05 Image size of job updated: 1549056
	1500  -  MemoryUsage of job (MB)
	1535992  -  ResidentSetSize of job (KB)
...
006 (7069990.000.000) 09/04 20:11:06 Image size of job updated: 1566624
	1502  -  MemoryUsage of job (MB)
	1538040  -  ResidentSetSize of job (KB)
...
006 (7069990.000.000) 09/04 20:16:07 Image size of job updated: 1586116
	1502  -  MemoryUsage of job (MB)
	1538040  -  ResidentSetSize of job (KB)
...
006 (7069990.000.000) 09/04 20:21:07 Image size of job updated: 1611184
	1502  -  MemoryUsage of job (MB)
	1538040  -  ResidentSetSize of job (KB)
...
006 (7069990.000.000) 09/04 20:26:08 Image size of job updated: 1639664
	1502  -  MemoryUsage of job (MB)
	1538040  -  ResidentSetSize of job (KB)
...
006 (7069990.000.000) 09/04 20:31:09 Image size of job updated: 1667888
	1540  -  MemoryUsage of job (MB)
	1576900  -  ResidentSetSize of job (KB)
...
006 (7069990.000.000) 09/04 20:36:09 Image size of job updated: 1696448
	1656  -  MemoryUsage of job (MB)
	1695592  -  ResidentSetSize of job (KB)
...
006 (7069990.000.000) 09/04 20:41:09 Image size of job updated: 1724004
	1656  -  MemoryUsage of job (MB)
	1695592  -  ResidentSetSize of job (KB)
...
006 (7069990.000.000) 09/04 20:46:10 Image size of job updated: 1751024
	1656  -  MemoryUsage of job (MB)
	1695592  -  ResidentSetSize of job (KB)
...
006 (7069990.000.000) 09/04 20:51:10 Image size of job updated: 1777272
	1656  -  MemoryUsage of job (MB)
	1695592  -  ResidentSetSize of job (KB)
...
006 (7069990.000.000) 09/04 20:56:10 Image size of job updated: 1802736
	1656  -  MemoryUsage of job (MB)
	1695592  -  ResidentSetSize of job (KB)
...
006 (7069990.000.000) 09/04 21:01:11 Image size of job updated: 1828616
	1656  -  MemoryUsage of job (MB)
	1695592  -  ResidentSetSize of job (KB)
...
006 (7069990.000.000) 09/04 21:06:12 Image size of job updated: 1854180
	1656  -  MemoryUsage of job (MB)
	1695592  -  ResidentSetSize of job (KB)
...
006 (7069990.000.000) 09/04 21:11:12 Image size of job updated: 1870232
	1656  -  MemoryUsage of job (MB)
	1695592  -  ResidentSetSize of job (KB)
...
006 (7069990.000.000) 09/04 21:21:14 Image size of job updated: 1893096
	1798  -  MemoryUsage of job (MB)
	1840648  -  ResidentSetSize of job (KB)
...
006 (7069990.000.000) 09/04 21:26:14 Image size of job updated: 1916736
	1798  -  MemoryUsage of job (MB)
	1840648  -  ResidentSetSize of job (KB)
...
006 (7069990.000.000) 09/04 21:31:15 Image size of job updated: 1940064
	1798  -  MemoryUsage of job (MB)
	1840648  -  ResidentSetSize of job (KB)
...
006 (7069990.000.000) 09/04 21:36:16 Image size of job updated: 1962984
	1817  -  MemoryUsage of job (MB)
	1860160  -  ResidentSetSize of job (KB)
...
006 (7069990.000.000) 09/04 21:41:16 Image size of job updated: 1985428
	1829  -  MemoryUsage of job (MB)
	1872448  -  ResidentSetSize of job (KB)
...
006 (7069990.000.000) 09/04 21:46:16 Image size of job updated: 2006840
	1957  -  MemoryUsage of job (MB)
	2003640  -  ResidentSetSize of job (KB)
...
006 (7069990.000.000) 09/04 21:51:17 Image size of job updated: 2030696
	1957  -  MemoryUsage of job (MB)
	2003640  -  ResidentSetSize of job (KB)
...
006 (7069990.000.000) 09/04 21:56:17 Image size of job updated: 2050512
	1957  -  MemoryUsage of job (MB)
	2003640  -  ResidentSetSize of job (KB)
...
006 (7069990.000.000) 09/04 22:01:17 Image size of job updated: 2065804
	1986  -  MemoryUsage of job (MB)
	2032780  -  ResidentSetSize of job (KB)
...
006 (7069990.000.000) 09/04 22:06:18 Image size of job updated: 2085720
	1988  -  MemoryUsage of job (MB)
	2034828  -  ResidentSetSize of job (KB)
...
006 (7069990.000.000) 09/04 22:11:19 Image size of job updated: 2105116
	1988  -  MemoryUsage of job (MB)
	2034828  -  ResidentSetSize of job (KB)
...
006 (7069990.000.000) 09/04 22:16:19 Image size of job updated: 2117288
	1988  -  MemoryUsage of job (MB)
	2034828  -  ResidentSetSize of job (KB)
...
006 (7069990.000.000) 09/04 22:21:20 Image size of job updated: 2138304
	2052  -  MemoryUsage of job (MB)
	2100948  -  ResidentSetSize of job (KB)
...
006 (7069990.000.000) 09/04 22:26:21 Image size of job updated: 2160048
	2070  -  MemoryUsage of job (MB)
	2119380  -  ResidentSetSize of job (KB)
...
006 (7069990.000.000) 09/04 22:31:21 Image size of job updated: 2177588
	2072  -  MemoryUsage of job (MB)
	2120948  -  ResidentSetSize of job (KB)
...
006 (7069990.000.000) 09/04 22:36:21 Image size of job updated: 2189892
	2072  -  MemoryUsage of job (MB)
	2120948  -  ResidentSetSize of job (KB)
...
006 (7069990.000.000) 09/04 22:41:22 Image size of job updated: 2203196
	2072  -  MemoryUsage of job (MB)
	2120948  -  ResidentSetSize of job (KB)
...
006 (7069990.000.000) 09/04 22:46:23 Image size of job updated: 2217252
	2162  -  MemoryUsage of job (MB)
	2213576  -  ResidentSetSize of job (KB)
...
006 (7069990.000.000) 09/04 22:51:23 Image size of job updated: 2231304
	2162  -  MemoryUsage of job (MB)
	2213576  -  ResidentSetSize of job (KB)
...
006 (7069990.000.000) 09/04 22:56:24 Image size of job updated: 2250472
	2162  -  MemoryUsage of job (MB)
	2213576  -  ResidentSetSize of job (KB)
...
006 (7069990.000.000) 09/04 23:01:25 Image size of job updated: 2259120
	2185  -  MemoryUsage of job (MB)
	2237324  -  ResidentSetSize of job (KB)
...
006 (7069990.000.000) 09/04 23:11:26 Image size of job updated: 2261932
	2185  -  MemoryUsage of job (MB)
	2237324  -  ResidentSetSize of job (KB)
...
006 (7069990.000.000) 09/04 23:16:27 Image size of job updated: 2273160
	2185  -  MemoryUsage of job (MB)
	2237324  -  ResidentSetSize of job (KB)
...
006 (7069990.000.000) 09/04 23:21:27 Image size of job updated: 2279552
	2185  -  MemoryUsage of job (MB)
	2237324  -  ResidentSetSize of job (KB)
...
006 (7069990.000.000) 09/04 23:26:27 Image size of job updated: 2285388
	2229  -  MemoryUsage of job (MB)
	2281548  -  ResidentSetSize of job (KB)
...
006 (7069990.000.000) 09/04 23:31:28 Image size of job updated: 2293644
	2229  -  MemoryUsage of job (MB)
	2281548  -  ResidentSetSize of job (KB)
...
006 (7069990.000.000) 09/04 23:36:28 Image size of job updated: 2300420
	2229  -  MemoryUsage of job (MB)
	2281548  -  ResidentSetSize of job (KB)
...
006 (7069990.000.000) 09/04 23:41:28 Image size of job updated: 2312932
	2229  -  MemoryUsage of job (MB)
	2281548  -  ResidentSetSize of job (KB)
...
006 (7069990.000.000) 09/04 23:46:30 Image size of job updated: 2323704
	2229  -  MemoryUsage of job (MB)
	2281548  -  ResidentSetSize of job (KB)
...
006 (7069990.000.000) 09/04 23:51:30 Image size of job updated: 2334484
	2239  -  MemoryUsage of job (MB)
	2292500  -  ResidentSetSize of job (KB)
...
006 (7069990.000.000) 09/04 23:56:30 Image size of job updated: 2345932
	2239  -  MemoryUsage of job (MB)
	2292500  -  ResidentSetSize of job (KB)
...
006 (7069990.000.000) 09/05 00:01:31 Image size of job updated: 2352744
	2239  -  MemoryUsage of job (MB)
	2292500  -  ResidentSetSize of job (KB)
...
006 (7069990.000.000) 09/05 00:31:34 Image size of job updated: 2352744
	2285  -  MemoryUsage of job (MB)
	2339056  -  ResidentSetSize of job (KB)
...
006 (7069990.000.000) 09/05 00:36:34 Image size of job updated: 2358252
	2285  -  MemoryUsage of job (MB)
	2339056  -  ResidentSetSize of job (KB)
...
006 (7069990.000.000) 09/05 00:41:35 Image size of job updated: 2368752
	2285  -  MemoryUsage of job (MB)
	2339056  -  ResidentSetSize of job (KB)
...
006 (7069990.000.000) 09/05 00:46:36 Image size of job updated: 2378340
	2285  -  MemoryUsage of job (MB)
	2339056  -  ResidentSetSize of job (KB)
...
006 (7069990.000.000) 09/05 00:51:36 Image size of job updated: 2393876
	2285  -  MemoryUsage of job (MB)
	2339056  -  ResidentSetSize of job (KB)
...
006 (7069990.000.000) 09/05 00:56:36 Image size of job updated: 2396516
	2324  -  MemoryUsage of job (MB)
	2379108  -  ResidentSetSize of job (KB)
...
006 (7069990.000.000) 09/05 01:01:37 Image size of job updated: 2402256
	2332  -  MemoryUsage of job (MB)
	2387300  -  ResidentSetSize of job (KB)
...
006 (7069990.000.000) 09/05 01:06:37 Image size of job updated: 2406276
	2332  -  MemoryUsage of job (MB)
	2387300  -  ResidentSetSize of job (KB)
...
006 (7069990.000.000) 09/05 01:11:38 Image size of job updated: 2411892
	2332  -  MemoryUsage of job (MB)
	2387300  -  ResidentSetSize of job (KB)
...
006 (7069990.000.000) 09/05 01:16:39 Image size of job updated: 2417672
	2332  -  MemoryUsage of job (MB)
	2387300  -  ResidentSetSize of job (KB)
...
006 (7069990.000.000) 09/05 01:21:39 Image size of job updated: 2423288
	2346  -  MemoryUsage of job (MB)
	2401668  -  ResidentSetSize of job (KB)
...
006 (7069990.000.000) 09/05 01:26:39 Image size of job updated: 2430156
	2346  -  MemoryUsage of job (MB)
	2401668  -  ResidentSetSize of job (KB)
...
006 (7069990.000.000) 09/05 01:31:40 Image size of job updated: 2432116
	2346  -  MemoryUsage of job (MB)
	2401668  -  ResidentSetSize of job (KB)
...
006 (7069990.000.000) 09/05 01:36:40 Image size of job updated: 2435832
	2346  -  MemoryUsage of job (MB)
	2401668  -  ResidentSetSize of job (KB)
...
006 (7069990.000.000) 09/05 01:41:41 Image size of job updated: 2448828
	2346  -  MemoryUsage of job (MB)
	2401668  -  ResidentSetSize of job (KB)
...
006 (7069990.000.000) 09/05 01:46:42 Image size of job updated: 2460056
	2346  -  MemoryUsage of job (MB)
	2401668  -  ResidentSetSize of job (KB)
...
006 (7069990.000.000) 09/05 01:51:42 Image size of job updated: 2476112
	2346  -  MemoryUsage of job (MB)
	2401668  -  ResidentSetSize of job (KB)
...
006 (7069990.000.000) 09/05 01:56:43 Image size of job updated: 2490620
	2346  -  MemoryUsage of job (MB)
	2401668  -  ResidentSetSize of job (KB)
...
006 (7069990.000.000) 09/05 02:01:44 Image size of job updated: 2507516
	2346  -  MemoryUsage of job (MB)
	2401668  -  ResidentSetSize of job (KB)
...
006 (7069990.000.000) 09/05 02:06:44 Image size of job updated: 2516820
	2346  -  MemoryUsage of job (MB)
	2401668  -  ResidentSetSize of job (KB)
...
006 (7069990.000.000) 09/05 02:26:46 Image size of job updated: 2516820
	2363  -  MemoryUsage of job (MB)
	2419688  -  ResidentSetSize of job (KB)
...
006 (7069990.000.000) 09/05 02:41:48 Image size of job updated: 2516820
	2381  -  MemoryUsage of job (MB)
	2437868  -  ResidentSetSize of job (KB)
...
006 (7069990.000.000) 09/05 03:01:50 Image size of job updated: 2520640
	2437  -  MemoryUsage of job (MB)
	2494580  -  ResidentSetSize of job (KB)
...
006 (7069990.000.000) 09/05 03:06:51 Image size of job updated: 2535020
	2437  -  MemoryUsage of job (MB)
	2494580  -  ResidentSetSize of job (KB)
...
006 (7069990.000.000) 09/05 03:11:52 Image size of job updated: 2552024
	2437  -  MemoryUsage of job (MB)
	2494580  -  ResidentSetSize of job (KB)
...
006 (7069990.000.000) 09/05 03:16:52 Image size of job updated: 2568676
	2437  -  MemoryUsage of job (MB)
	2494580  -  ResidentSetSize of job (KB)
...
006 (7069990.000.000) 09/05 03:21:53 Image size of job updated: 2584048
	2437  -  MemoryUsage of job (MB)
	2494580  -  ResidentSetSize of job (KB)
...
006 (7069990.000.000) 09/05 03:26:54 Image size of job updated: 2600260
	2437  -  MemoryUsage of job (MB)
	2494580  -  ResidentSetSize of job (KB)
...
006 (7069990.000.000) 09/05 03:31:54 Image size of job updated: 2615836
	2437  -  MemoryUsage of job (MB)
	2494580  -  ResidentSetSize of job (KB)
...
006 (7069990.000.000) 09/05 03:36:55 Image size of job updated: 2632108
	2545  -  MemoryUsage of job (MB)
	2605884  -  ResidentSetSize of job (KB)
...
006 (7069990.000.000) 09/05 03:41:56 Image size of job updated: 2647176
	2567  -  MemoryUsage of job (MB)
	2628412  -  ResidentSetSize of job (KB)
...
006 (7069990.000.000) 09/05 03:46:56 Image size of job updated: 2662468
	2567  -  MemoryUsage of job (MB)
	2628412  -  ResidentSetSize of job (KB)
...
006 (7069990.000.000) 09/05 03:51:56 Image size of job updated: 2677856
	2567  -  MemoryUsage of job (MB)
	2628412  -  ResidentSetSize of job (KB)
...
006 (7069990.000.000) 09/05 03:56:58 Image size of job updated: 2693684
	2567  -  MemoryUsage of job (MB)
	2628412  -  ResidentSetSize of job (KB)
...
006 (7069990.000.000) 09/05 04:01:58 Image size of job updated: 2708376
	2567  -  MemoryUsage of job (MB)
	2628412  -  ResidentSetSize of job (KB)
...
006 (7069990.000.000) 09/05 04:06:58 Image size of job updated: 2725108
	2567  -  MemoryUsage of job (MB)
	2628412  -  ResidentSetSize of job (KB)
...
006 (7069990.000.000) 09/05 04:11:59 Image size of job updated: 2741348
	2628  -  MemoryUsage of job (MB)
	2690720  -  ResidentSetSize of job (KB)
...
006 (7069990.000.000) 09/05 04:17:00 Image size of job updated: 2757524
	2644  -  MemoryUsage of job (MB)
	2707104  -  ResidentSetSize of job (KB)
...
006 (7069990.000.000) 09/05 04:22:00 Image size of job updated: 2773232
	2644  -  MemoryUsage of job (MB)
	2707104  -  ResidentSetSize of job (KB)
...
006 (7069990.000.000) 09/05 04:27:00 Image size of job updated: 2789040
	2644  -  MemoryUsage of job (MB)
	2707104  -  ResidentSetSize of job (KB)
...
006 (7069990.000.000) 09/05 04:32:01 Image size of job updated: 2804320
	2644  -  MemoryUsage of job (MB)
	2707104  -  ResidentSetSize of job (KB)
...
006 (7069990.000.000) 09/05 04:37:01 Image size of job updated: 2817972
	2735  -  MemoryUsage of job (MB)
	2799976  -  ResidentSetSize of job (KB)
...
006 (7069990.000.000) 09/05 04:42:01 Image size of job updated: 2825520
	2737  -  MemoryUsage of job (MB)
	2802024  -  ResidentSetSize of job (KB)
...
006 (7069990.000.000) 09/05 04:47:02 Image size of job updated: 2831744
	2737  -  MemoryUsage of job (MB)
	2802024  -  ResidentSetSize of job (KB)
...
006 (7069990.000.000) 09/05 04:52:03 Image size of job updated: 2844112
	2737  -  MemoryUsage of job (MB)
	2802024  -  ResidentSetSize of job (KB)
...
006 (7069990.000.000) 09/05 04:57:03 Image size of job updated: 2848180
	2737  -  MemoryUsage of job (MB)
	2802024  -  ResidentSetSize of job (KB)
...
006 (7069990.000.000) 09/05 05:02:03 Image size of job updated: 2855036
	2737  -  MemoryUsage of job (MB)
	2802024  -  ResidentSetSize of job (KB)
...
006 (7069990.000.000) 09/05 05:07:04 Image size of job updated: 2865328
	2737  -  MemoryUsage of job (MB)
	2802024  -  ResidentSetSize of job (KB)
...
006 (7069990.000.000) 09/05 05:12:05 Image size of job updated: 2875160
	2737  -  MemoryUsage of job (MB)
	2802024  -  ResidentSetSize of job (KB)
...
006 (7069990.000.000) 09/05 05:17:05 Image size of job updated: 2883236
	2737  -  MemoryUsage of job (MB)
	2802024  -  ResidentSetSize of job (KB)
...
006 (7069990.000.000) 09/05 05:22:05 Image size of job updated: 2893688
	2737  -  MemoryUsage of job (MB)
	2802024  -  ResidentSetSize of job (KB)
...
006 (7069990.000.000) 09/05 05:27:06 Image size of job updated: 2904012
	2754  -  MemoryUsage of job (MB)
	2820060  -  ResidentSetSize of job (KB)
...
006 (7069990.000.000) 09/05 05:32:07 Image size of job updated: 2916116
	2756  -  MemoryUsage of job (MB)
	2822108  -  ResidentSetSize of job (KB)
...
006 (7069990.000.000) 09/05 05:37:07 Image size of job updated: 2926936
	2756  -  MemoryUsage of job (MB)
	2822108  -  ResidentSetSize of job (KB)
...
006 (7069990.000.000) 09/05 05:42:08 Image size of job updated: 2938896
	2756  -  MemoryUsage of job (MB)
	2822108  -  ResidentSetSize of job (KB)
...
006 (7069990.000.000) 09/05 05:47:09 Image size of job updated: 2945876
	2756  -  MemoryUsage of job (MB)
	2822108  -  ResidentSetSize of job (KB)
...
006 (7069990.000.000) 09/05 05:52:09 Image size of job updated: 2960224
	2756  -  MemoryUsage of job (MB)
	2822108  -  ResidentSetSize of job (KB)
...
006 (7069990.000.000) 09/05 05:57:09 Image size of job updated: 2976348
	2756  -  MemoryUsage of job (MB)
	2822108  -  ResidentSetSize of job (KB)
...
006 (7069990.000.000) 09/05 06:02:10 Image size of job updated: 2990612
	2756  -  MemoryUsage of job (MB)
	2822108  -  ResidentSetSize of job (KB)
...
006 (7069990.000.000) 09/05 06:07:10 Image size of job updated: 3000752
	2928  -  MemoryUsage of job (MB)
	2998216  -  ResidentSetSize of job (KB)
...
006 (7069990.000.000) 09/05 06:12:10 Image size of job updated: 3005584
	2928  -  MemoryUsage of job (MB)
	2998216  -  ResidentSetSize of job (KB)
...
006 (7069990.000.000) 09/05 06:17:11 Image size of job updated: 3011492
	2928  -  MemoryUsage of job (MB)
	2998216  -  ResidentSetSize of job (KB)
...
006 (7069990.000.000) 09/05 06:22:12 Image size of job updated: 3023576
	2928  -  MemoryUsage of job (MB)
	2998216  -  ResidentSetSize of job (KB)
...
006 (7069990.000.000) 09/05 06:27:12 Image size of job updated: 3036840
	2928  -  MemoryUsage of job (MB)
	2998216  -  ResidentSetSize of job (KB)
...
006 (7069990.000.000) 09/05 06:32:13 Image size of job updated: 3050092
	2928  -  MemoryUsage of job (MB)
	2998216  -  ResidentSetSize of job (KB)
...
006 (7069990.000.000) 09/05 06:37:14 Image size of job updated: 3062788
	2928  -  MemoryUsage of job (MB)
	2998216  -  ResidentSetSize of job (KB)
...
006 (7069990.000.000) 09/05 06:42:14 Image size of job updated: 3076160
	2928  -  MemoryUsage of job (MB)
	2998216  -  ResidentSetSize of job (KB)
...
006 (7069990.000.000) 09/05 06:47:14 Image size of job updated: 3089248
	2928  -  MemoryUsage of job (MB)
	2998216  -  ResidentSetSize of job (KB)
...
006 (7069990.000.000) 09/05 06:52:15 Image size of job updated: 3102116
	2928  -  MemoryUsage of job (MB)
	2998216  -  ResidentSetSize of job (KB)
...
006 (7069990.000.000) 09/05 06:57:15 Image size of job updated: 3114716
	2928  -  MemoryUsage of job (MB)
	2998216  -  ResidentSetSize of job (KB)
...
006 (7069990.000.000) 09/05 07:02:15 Image size of job updated: 3126752
	2928  -  MemoryUsage of job (MB)
	2998216  -  ResidentSetSize of job (KB)
...
006 (7069990.000.000) 09/05 07:07:16 Image size of job updated: 3139504
	2928  -  MemoryUsage of job (MB)
	2998216  -  ResidentSetSize of job (KB)
...
006 (7069990.000.000) 09/05 07:12:17 Image size of job updated: 3151368
	2928  -  MemoryUsage of job (MB)
	2998216  -  ResidentSetSize of job (KB)
...
006 (7069990.000.000) 09/05 07:17:17 Image size of job updated: 3164512
	2928  -  MemoryUsage of job (MB)
	2998216  -  ResidentSetSize of job (KB)
...
006 (7069990.000.000) 09/05 07:22:18 Image size of job updated: 3177224
	2928  -  MemoryUsage of job (MB)
	2998216  -  ResidentSetSize of job (KB)
...
006 (7069990.000.000) 09/05 07:27:19 Image size of job updated: 3190064
	2928  -  MemoryUsage of job (MB)
	2998216  -  ResidentSetSize of job (KB)
...
006 (7069990.000.000) 09/05 07:32:19 Image size of job updated: 3202588
	2928  -  MemoryUsage of job (MB)
	2998216  -  ResidentSetSize of job (KB)
...
006 (7069990.000.000) 09/05 07:37:19 Image size of job updated: 3215260
	2928  -  MemoryUsage of job (MB)
	2998216  -  ResidentSetSize of job (KB)
...
006 (7069990.000.000) 09/05 07:42:20 Image size of job updated: 3228060
	2928  -  MemoryUsage of job (MB)
	2998216  -  ResidentSetSize of job (KB)
...
006 (7069990.000.000) 09/05 07:47:20 Image size of job updated: 3239308
	2928  -  MemoryUsage of job (MB)
	2998216  -  ResidentSetSize of job (KB)
...
006 (7069990.000.000) 09/05 07:52:20 Image size of job updated: 3253004
	2928  -  MemoryUsage of job (MB)
	2998216  -  ResidentSetSize of job (KB)
...
006 (7069990.000.000) 09/05 07:57:21 Image size of job updated: 3266284
	2928  -  MemoryUsage of job (MB)
	2998216  -  ResidentSetSize of job (KB)
...
006 (7069990.000.000) 09/05 08:02:22 Image size of job updated: 3279484
	2928  -  MemoryUsage of job (MB)
	2998216  -  ResidentSetSize of job (KB)
...
006 (7069990.000.000) 09/05 08:07:22 Image size of job updated: 3293172
	2928  -  MemoryUsage of job (MB)
	2998216  -  ResidentSetSize of job (KB)
...
006 (7069990.000.000) 09/05 08:12:23 Image size of job updated: 3305200
	2928  -  MemoryUsage of job (MB)
	2998216  -  ResidentSetSize of job (KB)
...
006 (7069990.000.000) 09/05 08:17:24 Image size of job updated: 3316868
	2928  -  MemoryUsage of job (MB)
	2998216  -  ResidentSetSize of job (KB)
...
006 (7069990.000.000) 09/05 08:22:24 Image size of job updated: 3328288
	2928  -  MemoryUsage of job (MB)
	2998216  -  ResidentSetSize of job (KB)
...
006 (7069990.000.000) 09/05 08:27:24 Image size of job updated: 3339240
	2928  -  MemoryUsage of job (MB)
	2998216  -  ResidentSetSize of job (KB)
...
006 (7069990.000.000) 09/05 08:32:25 Image size of job updated: 3350228
	2928  -  MemoryUsage of job (MB)
	2998216  -  ResidentSetSize of job (KB)
...
006 (7069990.000.000) 09/05 08:37:25 Image size of job updated: 3362324
	2928  -  MemoryUsage of job (MB)
	2998216  -  ResidentSetSize of job (KB)
...
006 (7069990.000.000) 09/05 08:42:25 Image size of job updated: 3374448
	2928  -  MemoryUsage of job (MB)
	2998216  -  ResidentSetSize of job (KB)
...
006 (7069990.000.000) 09/05 08:47:26 Image size of job updated: 3386000
	2928  -  MemoryUsage of job (MB)
	2998216  -  ResidentSetSize of job (KB)
...
006 (7069990.000.000) 09/05 08:52:27 Image size of job updated: 3397556
	2928  -  MemoryUsage of job (MB)
	2998216  -  ResidentSetSize of job (KB)
...
006 (7069990.000.000) 09/05 08:57:27 Image size of job updated: 3408876
	2928  -  MemoryUsage of job (MB)
	2998216  -  ResidentSetSize of job (KB)
...
006 (7069990.000.000) 09/05 09:02:28 Image size of job updated: 3420448
	3045  -  MemoryUsage of job (MB)
	3117220  -  ResidentSetSize of job (KB)
...
006 (7069990.000.000) 09/05 09:07:29 Image size of job updated: 3431800
	3063  -  MemoryUsage of job (MB)
	3135652  -  ResidentSetSize of job (KB)
...
006 (7069990.000.000) 09/05 09:12:29 Image size of job updated: 3443528
	3063  -  MemoryUsage of job (MB)
	3135652  -  ResidentSetSize of job (KB)
...
006 (7069990.000.000) 09/05 09:17:29 Image size of job updated: 3455088
	3063  -  MemoryUsage of job (MB)
	3135652  -  ResidentSetSize of job (KB)
...
006 (7069990.000.000) 09/05 09:22:30 Image size of job updated: 3467268
	3063  -  MemoryUsage of job (MB)
	3135652  -  ResidentSetSize of job (KB)
...
006 (7069990.000.000) 09/05 09:27:30 Image size of job updated: 3479472
	3063  -  MemoryUsage of job (MB)
	3135652  -  ResidentSetSize of job (KB)
...
006 (7069990.000.000) 09/05 09:32:30 Image size of job updated: 3491400
	3063  -  MemoryUsage of job (MB)
	3135652  -  ResidentSetSize of job (KB)
...
006 (7069990.000.000) 09/05 09:37:31 Image size of job updated: 3502844
	3321  -  MemoryUsage of job (MB)
	3400292  -  ResidentSetSize of job (KB)
...
006 (7069990.000.000) 09/05 09:42:32 Image size of job updated: 3514140
	3321  -  MemoryUsage of job (MB)
	3400292  -  ResidentSetSize of job (KB)
...
006 (7069990.000.000) 09/05 09:47:32 Image size of job updated: 3525056
	3321  -  MemoryUsage of job (MB)
	3400292  -  ResidentSetSize of job (KB)
...
006 (7069990.000.000) 09/05 09:52:33 Image size of job updated: 3536064
	3321  -  MemoryUsage of job (MB)
	3400292  -  ResidentSetSize of job (KB)
...
006 (7069990.000.000) 09/05 09:57:34 Image size of job updated: 3546896
	3321  -  MemoryUsage of job (MB)
	3400292  -  ResidentSetSize of job (KB)
...
006 (7069990.000.000) 09/05 10:02:34 Image size of job updated: 3558132
	3354  -  MemoryUsage of job (MB)
	3433996  -  ResidentSetSize of job (KB)
...
006 (7069990.000.000) 09/05 10:07:35 Image size of job updated: 3569720
	3368  -  MemoryUsage of job (MB)
	3448332  -  ResidentSetSize of job (KB)
...
006 (7069990.000.000) 09/05 10:12:36 Image size of job updated: 3581532
	3368  -  MemoryUsage of job (MB)
	3448332  -  ResidentSetSize of job (KB)
...
006 (7069990.000.000) 09/05 10:17:36 Image size of job updated: 3592768
	3368  -  MemoryUsage of job (MB)
	3448332  -  ResidentSetSize of job (KB)
...
006 (7069990.000.000) 09/05 10:22:37 Image size of job updated: 3603692
	3368  -  MemoryUsage of job (MB)
	3448332  -  ResidentSetSize of job (KB)
...
006 (7069990.000.000) 09/05 10:27:38 Image size of job updated: 3614184
	3368  -  MemoryUsage of job (MB)
	3448332  -  ResidentSetSize of job (KB)
...
006 (7069990.000.000) 09/05 10:32:38 Image size of job updated: 3625384
	3368  -  MemoryUsage of job (MB)
	3448332  -  ResidentSetSize of job (KB)
...
006 (7069990.000.000) 09/05 10:37:38 Image size of job updated: 3636660
	3368  -  MemoryUsage of job (MB)
	3448332  -  ResidentSetSize of job (KB)
...
006 (7069990.000.000) 09/05 10:42:40 Image size of job updated: 3648524
	3368  -  MemoryUsage of job (MB)
	3448332  -  ResidentSetSize of job (KB)
...
006 (7069990.000.000) 09/05 10:47:40 Image size of job updated: 3660236
	3387  -  MemoryUsage of job (MB)
	3467840  -  ResidentSetSize of job (KB)
...
006 (7069990.000.000) 09/05 10:52:40 Image size of job updated: 3671152
	3407  -  MemoryUsage of job (MB)
	3488576  -  ResidentSetSize of job (KB)
...
006 (7069990.000.000) 09/05 10:57:41 Image size of job updated: 3681648
	3407  -  MemoryUsage of job (MB)
	3488576  -  ResidentSetSize of job (KB)
...
006 (7069990.000.000) 09/05 11:02:41 Image size of job updated: 3692060
	3407  -  MemoryUsage of job (MB)
	3488576  -  ResidentSetSize of job (KB)
...
006 (7069990.000.000) 09/05 11:07:42 Image size of job updated: 3702604
	3407  -  MemoryUsage of job (MB)
	3488576  -  ResidentSetSize of job (KB)
...
006 (7069990.000.000) 09/05 11:12:43 Image size of job updated: 3713200
	3407  -  MemoryUsage of job (MB)
	3488576  -  ResidentSetSize of job (KB)
...
006 (7069990.000.000) 09/05 11:17:43 Image size of job updated: 3723848
	3407  -  MemoryUsage of job (MB)
	3488576  -  ResidentSetSize of job (KB)
...
006 (7069990.000.000) 09/05 11:22:44 Image size of job updated: 3734764
	3488  -  MemoryUsage of job (MB)
	3570924  -  ResidentSetSize of job (KB)
...
006 (7069990.000.000) 09/05 11:27:45 Image size of job updated: 3745684
	3500  -  MemoryUsage of job (MB)
	3583212  -  ResidentSetSize of job (KB)
...
006 (7069990.000.000) 09/05 11:32:45 Image size of job updated: 3756344
	3500  -  MemoryUsage of job (MB)
	3583212  -  ResidentSetSize of job (KB)
...
006 (7069990.000.000) 09/05 11:37:45 Image size of job updated: 3766580
	3500  -  MemoryUsage of job (MB)
	3583212  -  ResidentSetSize of job (KB)
...
006 (7069990.000.000) 09/05 11:42:47 Image size of job updated: 3776996
	3500  -  MemoryUsage of job (MB)
	3583212  -  ResidentSetSize of job (KB)
...
006 (7069990.000.000) 09/05 11:47:47 Image size of job updated: 3788292
	3500  -  MemoryUsage of job (MB)
	3583212  -  ResidentSetSize of job (KB)
...
006 (7069990.000.000) 09/05 11:52:47 Image size of job updated: 3798696
	3500  -  MemoryUsage of job (MB)
	3583212  -  ResidentSetSize of job (KB)
...
006 (7069990.000.000) 09/05 11:57:48 Image size of job updated: 3809492
	3500  -  MemoryUsage of job (MB)
	3583212  -  ResidentSetSize of job (KB)
...
006 (7069990.000.000) 09/05 12:02:49 Image size of job updated: 3819928
	3682  -  MemoryUsage of job (MB)
	3770200  -  ResidentSetSize of job (KB)
...
006 (7069990.000.000) 09/05 12:07:49 Image size of job updated: 3830604
	3702  -  MemoryUsage of job (MB)
	3790680  -  ResidentSetSize of job (KB)
...
006 (7069990.000.000) 09/05 12:12:50 Image size of job updated: 3840944
	3702  -  MemoryUsage of job (MB)
	3790680  -  ResidentSetSize of job (KB)
...
006 (7069990.000.000) 09/05 12:17:51 Image size of job updated: 3851536
	3702  -  MemoryUsage of job (MB)
	3790680  -  ResidentSetSize of job (KB)
...
006 (7069990.000.000) 09/05 12:22:51 Image size of job updated: 3861604
	3702  -  MemoryUsage of job (MB)
	3790680  -  ResidentSetSize of job (KB)
...
006 (7069990.000.000) 09/05 12:27:51 Image size of job updated: 3872120
	3702  -  MemoryUsage of job (MB)
	3790680  -  ResidentSetSize of job (KB)
...
006 (7069990.000.000) 09/05 12:32:52 Image size of job updated: 3882096
	3702  -  MemoryUsage of job (MB)
	3790680  -  ResidentSetSize of job (KB)
...
006 (7069990.000.000) 09/05 12:37:53 Image size of job updated: 3892872
	3702  -  MemoryUsage of job (MB)
	3790680  -  ResidentSetSize of job (KB)
...
006 (7069990.000.000) 09/05 12:42:53 Image size of job updated: 3903832
	3702  -  MemoryUsage of job (MB)
	3790680  -  ResidentSetSize of job (KB)
...
006 (7069990.000.000) 09/05 12:47:54 Image size of job updated: 3914244
	3702  -  MemoryUsage of job (MB)
	3790680  -  ResidentSetSize of job (KB)
...
006 (7069990.000.000) 09/05 12:52:55 Image size of job updated: 3924456
	3702  -  MemoryUsage of job (MB)
	3790680  -  ResidentSetSize of job (KB)
...
006 (7069990.000.000) 09/05 12:57:55 Image size of job updated: 3934016
	3702  -  MemoryUsage of job (MB)
	3790680  -  ResidentSetSize of job (KB)
...
006 (7069990.000.000) 09/05 13:02:56 Image size of job updated: 3944688
	3702  -  MemoryUsage of job (MB)
	3790680  -  ResidentSetSize of job (KB)
...
006 (7069990.000.000) 09/05 13:07:56 Image size of job updated: 3954404
	3702  -  MemoryUsage of job (MB)
	3790680  -  ResidentSetSize of job (KB)
...
006 (7069990.000.000) 09/05 13:12:56 Image size of job updated: 3964440
	3702  -  MemoryUsage of job (MB)
	3790680  -  ResidentSetSize of job (KB)
...
006 (7069990.000.000) 09/05 13:17:58 Image size of job updated: 3974816
	3702  -  MemoryUsage of job (MB)
	3790680  -  ResidentSetSize of job (KB)
...
006 (7069990.000.000) 09/05 13:22:58 Image size of job updated: 3985632
	3702  -  MemoryUsage of job (MB)
	3790680  -  ResidentSetSize of job (KB)
...
006 (7069990.000.000) 09/05 13:27:58 Image size of job updated: 3996120
	3702  -  MemoryUsage of job (MB)
	3790680  -  ResidentSetSize of job (KB)
...
006 (7069990.000.000) 09/05 13:32:59 Image size of job updated: 4005928
	3702  -  MemoryUsage of job (MB)
	3790680  -  ResidentSetSize of job (KB)
...
006 (7069990.000.000) 09/05 13:38:00 Image size of job updated: 4015952
	3702  -  MemoryUsage of job (MB)
	3790680  -  ResidentSetSize of job (KB)
...
006 (7069990.000.000) 09/05 13:43:00 Image size of job updated: 4026320
	3702  -  MemoryUsage of job (MB)
	3790680  -  ResidentSetSize of job (KB)
...
006 (7069990.000.000) 09/05 13:48:01 Image size of job updated: 4035592
	3702  -  MemoryUsage of job (MB)
	3790680  -  ResidentSetSize of job (KB)
...
006 (7069990.000.000) 09/05 13:53:01 Image size of job updated: 4046048
	3702  -  MemoryUsage of job (MB)
	3790680  -  ResidentSetSize of job (KB)
...
006 (7069990.000.000) 09/05 13:58:02 Image size of job updated: 4057928
	3912  -  MemoryUsage of job (MB)
	4004992  -  ResidentSetSize of job (KB)
...
006 (7069990.000.000) 09/05 14:03:03 Image size of job updated: 4068428
	3930  -  MemoryUsage of job (MB)
	4023424  -  ResidentSetSize of job (KB)
...
006 (7069990.000.000) 09/05 14:08:03 Image size of job updated: 4079228
	3930  -  MemoryUsage of job (MB)
	4023424  -  ResidentSetSize of job (KB)
...
006 (7069990.000.000) 09/05 14:13:03 Image size of job updated: 4089796
	3930  -  MemoryUsage of job (MB)
	4023424  -  ResidentSetSize of job (KB)
...
006 (7069990.000.000) 09/05 14:18:04 Image size of job updated: 4099972
	3930  -  MemoryUsage of job (MB)
	4023424  -  ResidentSetSize of job (KB)
...
006 (7069990.000.000) 09/05 14:23:04 Image size of job updated: 4110200
	3930  -  MemoryUsage of job (MB)
	4023424  -  ResidentSetSize of job (KB)
...
006 (7069990.000.000) 09/05 14:28:04 Image size of job updated: 4120556
	3930  -  MemoryUsage of job (MB)
	4023424  -  ResidentSetSize of job (KB)
...
006 (7069990.000.000) 09/05 14:33:05 Image size of job updated: 4131216
	3930  -  MemoryUsage of job (MB)
	4023424  -  ResidentSetSize of job (KB)
...
006 (7069990.000.000) 09/05 14:38:06 Image size of job updated: 4131524
	3930  -  MemoryUsage of job (MB)
	4023424  -  ResidentSetSize of job (KB)
...
006 (7069990.000.000) 09/05 15:58:17 Image size of job updated: 4134936
	3930  -  MemoryUsage of job (MB)
	4023424  -  ResidentSetSize of job (KB)
...
006 (7069990.000.000) 09/05 16:03:17 Image size of job updated: 4142688
	3930  -  MemoryUsage of job (MB)
	4023424  -  ResidentSetSize of job (KB)
...
006 (7069990.000.000) 09/05 16:08:17 Image size of job updated: 4151472
	3930  -  MemoryUsage of job (MB)
	4023424  -  ResidentSetSize of job (KB)
...
006 (7069990.000.000) 09/05 16:13:18 Image size of job updated: 4160324
	3930  -  MemoryUsage of job (MB)
	4023424  -  ResidentSetSize of job (KB)
...
006 (7069990.000.000) 09/05 16:18:18 Image size of job updated: 4170216
	3930  -  MemoryUsage of job (MB)
	4023424  -  ResidentSetSize of job (KB)
...
006 (7069990.000.000) 09/05 16:23:18 Image size of job updated: 4180344
	3930  -  MemoryUsage of job (MB)
	4023424  -  ResidentSetSize of job (KB)
...
006 (7069990.000.000) 09/05 16:28:19 Image size of job updated: 4189728
	3930  -  MemoryUsage of job (MB)
	4023424  -  ResidentSetSize of job (KB)
...
006 (7069990.000.000) 09/05 16:33:20 Image size of job updated: 4197900
	4044  -  MemoryUsage of job (MB)
	4140040  -  ResidentSetSize of job (KB)
...
006 (7069990.000.000) 09/05 16:38:20 Image size of job updated: 4205736
	4060  -  MemoryUsage of job (MB)
	4156680  -  ResidentSetSize of job (KB)
...
006 (7069990.000.000) 09/05 16:43:20 Image size of job updated: 4212628
	4060  -  MemoryUsage of job (MB)
	4156680  -  ResidentSetSize of job (KB)
...
006 (7069990.000.000) 09/05 16:48:21 Image size of job updated: 4246908
	4060  -  MemoryUsage of job (MB)
	4156680  -  ResidentSetSize of job (KB)
...
006 (7069990.000.000) 09/05 17:23:24 Image size of job updated: 4247836
	4147  -  MemoryUsage of job (MB)
	4246012  -  ResidentSetSize of job (KB)
...
006 (7069990.000.000) 09/05 17:28:24 Image size of job updated: 4255644
	4147  -  MemoryUsage of job (MB)
	4246012  -  ResidentSetSize of job (KB)
...
006 (7069990.000.000) 09/05 17:33:25 Image size of job updated: 4262744
	4147  -  MemoryUsage of job (MB)
	4246012  -  ResidentSetSize of job (KB)
...
006 (7069990.000.000) 09/05 17:38:26 Image size of job updated: 4270196
	4147  -  MemoryUsage of job (MB)
	4246012  -  ResidentSetSize of job (KB)
...
006 (7069990.000.000) 09/05 17:43:26 Image size of job updated: 4277184
	4147  -  MemoryUsage of job (MB)
	4246012  -  ResidentSetSize of job (KB)
...
006 (7069990.000.000) 09/05 17:48:27 Image size of job updated: 4284344
	4147  -  MemoryUsage of job (MB)
	4246012  -  ResidentSetSize of job (KB)
...
006 (7069990.000.000) 09/05 17:53:28 Image size of job updated: 4291612
	4147  -  MemoryUsage of job (MB)
	4246012  -  ResidentSetSize of job (KB)
...
006 (7069990.000.000) 09/05 17:58:28 Image size of job updated: 4298692
	4147  -  MemoryUsage of job (MB)
	4246012  -  ResidentSetSize of job (KB)
...
006 (7069990.000.000) 09/05 18:03:29 Image size of job updated: 4305628
	4147  -  MemoryUsage of job (MB)
	4246012  -  ResidentSetSize of job (KB)
...
006 (7069990.000.000) 09/05 18:08:30 Image size of job updated: 4313680
	4147  -  MemoryUsage of job (MB)
	4246012  -  ResidentSetSize of job (KB)
...
006 (7069990.000.000) 09/05 18:13:30 Image size of job updated: 4322744
	4147  -  MemoryUsage of job (MB)
	4246012  -  ResidentSetSize of job (KB)
...
006 (7069990.000.000) 09/05 18:18:30 Image size of job updated: 4331656
	4147  -  MemoryUsage of job (MB)
	4246012  -  ResidentSetSize of job (KB)
...
006 (7069990.000.000) 09/05 18:23:31 Image size of job updated: 4340432
	4147  -  MemoryUsage of job (MB)
	4246012  -  ResidentSetSize of job (KB)
...
006 (7069990.000.000) 09/05 18:28:31 Image size of job updated: 4348068
	4147  -  MemoryUsage of job (MB)
	4246012  -  ResidentSetSize of job (KB)
...
006 (7069990.000.000) 09/05 18:33:31 Image size of job updated: 4355492
	4147  -  MemoryUsage of job (MB)
	4246012  -  ResidentSetSize of job (KB)
...
006 (7069990.000.000) 09/05 18:38:32 Image size of job updated: 4363072
	4147  -  MemoryUsage of job (MB)
	4246012  -  ResidentSetSize of job (KB)
...
006 (7069990.000.000) 09/05 18:43:33 Image size of job updated: 4369620
	4147  -  MemoryUsage of job (MB)
	4246012  -  ResidentSetSize of job (KB)
...
006 (7069990.000.000) 09/05 18:48:33 Image size of job updated: 4377488
	4147  -  MemoryUsage of job (MB)
	4246012  -  ResidentSetSize of job (KB)
...
006 (7069990.000.000) 09/05 18:53:34 Image size of job updated: 4387432
	4147  -  MemoryUsage of job (MB)
	4246012  -  ResidentSetSize of job (KB)
...
006 (7069990.000.000) 09/05 18:58:35 Image size of job updated: 4396188
	4147  -  MemoryUsage of job (MB)
	4246012  -  ResidentSetSize of job (KB)
...
006 (7069990.000.000) 09/05 19:03:35 Image size of job updated: 4404776
	4147  -  MemoryUsage of job (MB)
	4246012  -  ResidentSetSize of job (KB)
...
006 (7069990.000.000) 09/05 19:08:35 Image size of job updated: 4413560
	4147  -  MemoryUsage of job (MB)
	4246012  -  ResidentSetSize of job (KB)
...
006 (7069990.000.000) 09/05 19:13:35 Image size of job updated: 4421604
	4237  -  MemoryUsage of job (MB)
	4337940  -  ResidentSetSize of job (KB)
...
006 (7069990.000.000) 09/05 19:18:35 Image size of job updated: 4429348
	4285  -  MemoryUsage of job (MB)
	4387444  -  ResidentSetSize of job (KB)
...
006 (7069990.000.000) 09/05 19:23:36 Image size of job updated: 4436936
	4285  -  MemoryUsage of job (MB)
	4387444  -  ResidentSetSize of job (KB)
...
006 (7069990.000.000) 09/05 19:28:36 Image size of job updated: 4444420
	4285  -  MemoryUsage of job (MB)
	4387444  -  ResidentSetSize of job (KB)
...
006 (7069990.000.000) 09/05 19:33:36 Image size of job updated: 4452072
	4285  -  MemoryUsage of job (MB)
	4387444  -  ResidentSetSize of job (KB)
...
006 (7069990.000.000) 09/05 19:38:37 Image size of job updated: 4458248
	4285  -  MemoryUsage of job (MB)
	4387444  -  ResidentSetSize of job (KB)
...
006 (7069990.000.000) 09/05 19:43:37 Image size of job updated: 4465788
	4285  -  MemoryUsage of job (MB)
	4387444  -  ResidentSetSize of job (KB)
...
006 (7069990.000.000) 09/05 19:48:37 Image size of job updated: 4473728
	4285  -  MemoryUsage of job (MB)
	4387444  -  ResidentSetSize of job (KB)
...
006 (7069990.000.000) 09/05 19:53:38 Image size of job updated: 4482988
	4285  -  MemoryUsage of job (MB)
	4387444  -  ResidentSetSize of job (KB)
...
006 (7069990.000.000) 09/05 19:58:39 Image size of job updated: 4489328
	4285  -  MemoryUsage of job (MB)
	4387444  -  ResidentSetSize of job (KB)
...
006 (7069990.000.000) 09/05 20:03:39 Image size of job updated: 4497432
	4285  -  MemoryUsage of job (MB)
	4387444  -  ResidentSetSize of job (KB)
...
006 (7069990.000.000) 09/05 20:08:40 Image size of job updated: 4507340
	4285  -  MemoryUsage of job (MB)
	4387444  -  ResidentSetSize of job (KB)
...
006 (7069990.000.000) 09/05 20:13:41 Image size of job updated: 4515056
	4285  -  MemoryUsage of job (MB)
	4387444  -  ResidentSetSize of job (KB)
...
006 (7069990.000.000) 09/05 20:18:41 Image size of job updated: 4523672
	4285  -  MemoryUsage of job (MB)
	4387444  -  ResidentSetSize of job (KB)
...
006 (7069990.000.000) 09/05 20:23:42 Image size of job updated: 4532160
	4298  -  MemoryUsage of job (MB)
	4400348  -  ResidentSetSize of job (KB)
...
006 (7069990.000.000) 09/05 20:28:43 Image size of job updated: 4540744
	4298  -  MemoryUsage of job (MB)
	4400348  -  ResidentSetSize of job (KB)
...
006 (7069990.000.000) 09/05 20:33:43 Image size of job updated: 4549744
	4298  -  MemoryUsage of job (MB)
	4400348  -  ResidentSetSize of job (KB)
...
006 (7069990.000.000) 09/05 20:38:43 Image size of job updated: 4558692
	4298  -  MemoryUsage of job (MB)
	4400348  -  ResidentSetSize of job (KB)
...
006 (7069990.000.000) 09/05 20:43:45 Image size of job updated: 4567556
	4298  -  MemoryUsage of job (MB)
	4400348  -  ResidentSetSize of job (KB)
...
006 (7069990.000.000) 09/05 20:48:45 Image size of job updated: 4575752
	4298  -  MemoryUsage of job (MB)
	4400348  -  ResidentSetSize of job (KB)
...
006 (7069990.000.000) 09/05 20:53:45 Image size of job updated: 4583376
	4298  -  MemoryUsage of job (MB)
	4400348  -  ResidentSetSize of job (KB)
...
006 (7069990.000.000) 09/05 20:58:46 Image size of job updated: 4593704
	4449  -  MemoryUsage of job (MB)
	4555488  -  ResidentSetSize of job (KB)
...
006 (7069990.000.000) 09/05 21:03:47 Image size of job updated: 4602412
	4463  -  MemoryUsage of job (MB)
	4569824  -  ResidentSetSize of job (KB)
...
006 (7069990.000.000) 09/05 21:08:47 Image size of job updated: 4611484
	4463  -  MemoryUsage of job (MB)
	4569824  -  ResidentSetSize of job (KB)
...
006 (7069990.000.000) 09/05 21:13:47 Image size of job updated: 4620448
	4463  -  MemoryUsage of job (MB)
	4569824  -  ResidentSetSize of job (KB)
...
006 (7069990.000.000) 09/05 21:18:48 Image size of job updated: 4629040
	4463  -  MemoryUsage of job (MB)
	4569824  -  ResidentSetSize of job (KB)
...
006 (7069990.000.000) 09/05 21:23:48 Image size of job updated: 4637684
	4463  -  MemoryUsage of job (MB)
	4569824  -  ResidentSetSize of job (KB)
...
006 (7069990.000.000) 09/05 21:28:48 Image size of job updated: 4645680
	4463  -  MemoryUsage of job (MB)
	4569824  -  ResidentSetSize of job (KB)
...
006 (7069990.000.000) 09/05 21:33:49 Image size of job updated: 4653420
	4463  -  MemoryUsage of job (MB)
	4569824  -  ResidentSetSize of job (KB)
...
006 (7069990.000.000) 09/05 21:38:50 Image size of job updated: 4661476
	4463  -  MemoryUsage of job (MB)
	4569824  -  ResidentSetSize of job (KB)
...
006 (7069990.000.000) 09/05 21:43:50 Image size of job updated: 4669860
	4463  -  MemoryUsage of job (MB)
	4569824  -  ResidentSetSize of job (KB)
...
006 (7069990.000.000) 09/05 21:48:51 Image size of job updated: 4678104
	4463  -  MemoryUsage of job (MB)
	4569824  -  ResidentSetSize of job (KB)
...
006 (7069990.000.000) 09/05 21:53:52 Image size of job updated: 4686412
	4493  -  MemoryUsage of job (MB)
	4599988  -  ResidentSetSize of job (KB)
...
006 (7069990.000.000) 09/05 21:58:52 Image size of job updated: 4694824
	4493  -  MemoryUsage of job (MB)
	4599988  -  ResidentSetSize of job (KB)
...
006 (7069990.000.000) 09/05 22:03:53 Image size of job updated: 4703424
	4493  -  MemoryUsage of job (MB)
	4599988  -  ResidentSetSize of job (KB)
...
006 (7069990.000.000) 09/05 22:08:54 Image size of job updated: 4710952
	4493  -  MemoryUsage of job (MB)
	4599988  -  ResidentSetSize of job (KB)
...
006 (7069990.000.000) 09/05 22:13:54 Image size of job updated: 4718384
	4493  -  MemoryUsage of job (MB)
	4599988  -  ResidentSetSize of job (KB)
...
006 (7069990.000.000) 09/05 22:18:54 Image size of job updated: 4724464
	4493  -  MemoryUsage of job (MB)
	4599988  -  ResidentSetSize of job (KB)
...
006 (7069990.000.000) 09/05 22:23:55 Image size of job updated: 4730824
	4575  -  MemoryUsage of job (MB)
	4684520  -  ResidentSetSize of job (KB)
...
006 (7069990.000.000) 09/05 22:28:55 Image size of job updated: 4739744
	4589  -  MemoryUsage of job (MB)
	4698856  -  ResidentSetSize of job (KB)
...
006 (7069990.000.000) 09/05 22:33:55 Image size of job updated: 4747752
	4589  -  MemoryUsage of job (MB)
	4698856  -  ResidentSetSize of job (KB)
...
006 (7069990.000.000) 09/05 22:38:56 Image size of job updated: 4755676
	4589  -  MemoryUsage of job (MB)
	4698856  -  ResidentSetSize of job (KB)
...
006 (7069990.000.000) 09/05 22:43:57 Image size of job updated: 4763800
	4589  -  MemoryUsage of job (MB)
	4698856  -  ResidentSetSize of job (KB)
...
006 (7069990.000.000) 09/05 22:48:57 Image size of job updated: 4770384
	4589  -  MemoryUsage of job (MB)
	4698856  -  ResidentSetSize of job (KB)
...
006 (7069990.000.000) 09/05 22:53:58 Image size of job updated: 4778280
	4589  -  MemoryUsage of job (MB)
	4698856  -  ResidentSetSize of job (KB)
...
006 (7069990.000.000) 09/05 22:58:59 Image size of job updated: 4784180
	4589  -  MemoryUsage of job (MB)
	4698856  -  ResidentSetSize of job (KB)
...
006 (7069990.000.000) 09/05 23:03:59 Image size of job updated: 4787960
	4589  -  MemoryUsage of job (MB)
	4698856  -  ResidentSetSize of job (KB)
...
006 (7069990.000.000) 09/05 23:08:59 Image size of job updated: 4794552
	4589  -  MemoryUsage of job (MB)
	4698856  -  ResidentSetSize of job (KB)
...
006 (7069990.000.000) 09/05 23:14:00 Image size of job updated: 4801396
	4589  -  MemoryUsage of job (MB)
	4698856  -  ResidentSetSize of job (KB)
...
006 (7069990.000.000) 09/05 23:19:00 Image size of job updated: 4809720
	4589  -  MemoryUsage of job (MB)
	4698856  -  ResidentSetSize of job (KB)
...
006 (7069990.000.000) 09/05 23:24:00 Image size of job updated: 4817560
	4589  -  MemoryUsage of job (MB)
	4698856  -  ResidentSetSize of job (KB)
...
006 (7069990.000.000) 09/05 23:29:01 Image size of job updated: 4824300
	4589  -  MemoryUsage of job (MB)
	4698856  -  ResidentSetSize of job (KB)
...
006 (7069990.000.000) 09/05 23:34:02 Image size of job updated: 4831512
	4589  -  MemoryUsage of job (MB)
	4698856  -  ResidentSetSize of job (KB)
...
006 (7069990.000.000) 09/05 23:39:02 Image size of job updated: 4839076
	4589  -  MemoryUsage of job (MB)
	4698856  -  ResidentSetSize of job (KB)
...
006 (7069990.000.000) 09/05 23:44:03 Image size of job updated: 4846792
	4599  -  MemoryUsage of job (MB)
	4709028  -  ResidentSetSize of job (KB)
...
006 (7069990.000.000) 09/05 23:49:04 Image size of job updated: 4854696
	4599  -  MemoryUsage of job (MB)
	4709028  -  ResidentSetSize of job (KB)
...
006 (7069990.000.000) 09/05 23:54:04 Image size of job updated: 4862032
	4599  -  MemoryUsage of job (MB)
	4709028  -  ResidentSetSize of job (KB)
...
006 (7069990.000.000) 09/05 23:59:04 Image size of job updated: 4870356
	4599  -  MemoryUsage of job (MB)
	4709028  -  ResidentSetSize of job (KB)
...
006 (7069990.000.000) 09/06 00:04:05 Image size of job updated: 4877956
	4715  -  MemoryUsage of job (MB)
	4827320  -  ResidentSetSize of job (KB)
...
006 (7069990.000.000) 09/06 00:09:05 Image size of job updated: 4885236
	4737  -  MemoryUsage of job (MB)
	4849848  -  ResidentSetSize of job (KB)
...
006 (7069990.000.000) 09/06 00:14:05 Image size of job updated: 4892384
	4737  -  MemoryUsage of job (MB)
	4849848  -  ResidentSetSize of job (KB)
...
006 (7069990.000.000) 09/06 00:19:07 Image size of job updated: 4899484
	4737  -  MemoryUsage of job (MB)
	4849848  -  ResidentSetSize of job (KB)
...
006 (7069990.000.000) 09/06 00:24:07 Image size of job updated: 4906100
	4737  -  MemoryUsage of job (MB)
	4849848  -  ResidentSetSize of job (KB)
...
006 (7069990.000.000) 09/06 00:29:07 Image size of job updated: 4912964
	4737  -  MemoryUsage of job (MB)
	4849848  -  ResidentSetSize of job (KB)
...
006 (7069990.000.000) 09/06 00:34:08 Image size of job updated: 4920268
	4737  -  MemoryUsage of job (MB)
	4849848  -  ResidentSetSize of job (KB)
...
006 (7069990.000.000) 09/06 00:39:09 Image size of job updated: 4927316
	4737  -  MemoryUsage of job (MB)
	4849848  -  ResidentSetSize of job (KB)
...
006 (7069990.000.000) 09/06 00:44:09 Image size of job updated: 4934384
	4737  -  MemoryUsage of job (MB)
	4849848  -  ResidentSetSize of job (KB)
...
006 (7069990.000.000) 09/06 00:49:09 Image size of job updated: 4939132
	4737  -  MemoryUsage of job (MB)
	4849848  -  ResidentSetSize of job (KB)
...
006 (7069990.000.000) 09/06 00:54:10 Image size of job updated: 4947292
	4737  -  MemoryUsage of job (MB)
	4849848  -  ResidentSetSize of job (KB)
...
006 (7069990.000.000) 09/06 00:59:10 Image size of job updated: 4954204
	4737  -  MemoryUsage of job (MB)
	4849848  -  ResidentSetSize of job (KB)
...
006 (7069990.000.000) 09/06 01:04:10 Image size of job updated: 4958832
	4737  -  MemoryUsage of job (MB)
	4849848  -  ResidentSetSize of job (KB)
...
006 (7069990.000.000) 09/06 01:09:11 Image size of job updated: 4964868
	4737  -  MemoryUsage of job (MB)
	4849848  -  ResidentSetSize of job (KB)
...
006 (7069990.000.000) 09/06 01:14:11 Image size of job updated: 4971124
	4737  -  MemoryUsage of job (MB)
	4849860  -  ResidentSetSize of job (KB)
...
006 (7069990.000.000) 09/06 01:19:11 Image size of job updated: 4977616
	4757  -  MemoryUsage of job (MB)
	4870340  -  ResidentSetSize of job (KB)
...
006 (7069990.000.000) 09/06 01:24:12 Image size of job updated: 4985752
	4757  -  MemoryUsage of job (MB)
	4870340  -  ResidentSetSize of job (KB)
...
006 (7069990.000.000) 09/06 01:29:13 Image size of job updated: 4993020
	4757  -  MemoryUsage of job (MB)
	4870340  -  ResidentSetSize of job (KB)
...
006 (7069990.000.000) 09/06 01:34:13 Image size of job updated: 5000280
	4760  -  MemoryUsage of job (MB)
	4874160  -  ResidentSetSize of job (KB)
...
006 (7069990.000.000) 09/06 01:39:14 Image size of job updated: 5007784
	4760  -  MemoryUsage of job (MB)
	4874160  -  ResidentSetSize of job (KB)
...
006 (7069990.000.000) 09/06 01:44:15 Image size of job updated: 5015172
	4760  -  MemoryUsage of job (MB)
	4874160  -  ResidentSetSize of job (KB)
...
006 (7069990.000.000) 09/06 01:49:15 Image size of job updated: 5021272
	4760  -  MemoryUsage of job (MB)
	4874160  -  ResidentSetSize of job (KB)
...
006 (7069990.000.000) 09/06 01:54:16 Image size of job updated: 5028532
	4760  -  MemoryUsage of job (MB)
	4874160  -  ResidentSetSize of job (KB)
...
006 (7069990.000.000) 09/06 01:59:17 Image size of job updated: 5037236
	4760  -  MemoryUsage of job (MB)
	4874160  -  ResidentSetSize of job (KB)
...
006 (7069990.000.000) 09/06 02:04:17 Image size of job updated: 5044400
	4766  -  MemoryUsage of job (MB)
	4880220  -  ResidentSetSize of job (KB)
...
006 (7069990.000.000) 09/06 02:09:17 Image size of job updated: 5052332
	4804  -  MemoryUsage of job (MB)
	4919132  -  ResidentSetSize of job (KB)
...
006 (7069990.000.000) 09/06 02:14:18 Image size of job updated: 5060128
	4804  -  MemoryUsage of job (MB)
	4919132  -  ResidentSetSize of job (KB)
...
006 (7069990.000.000) 09/06 02:19:18 Image size of job updated: 5067520
	4804  -  MemoryUsage of job (MB)
	4919132  -  ResidentSetSize of job (KB)
...
006 (7069990.000.000) 09/06 02:24:18 Image size of job updated: 5074968
	4804  -  MemoryUsage of job (MB)
	4919132  -  ResidentSetSize of job (KB)
...
006 (7069990.000.000) 09/06 02:29:19 Image size of job updated: 5082628
	4804  -  MemoryUsage of job (MB)
	4919132  -  ResidentSetSize of job (KB)
...
006 (7069990.000.000) 09/06 02:34:20 Image size of job updated: 5090116
	4804  -  MemoryUsage of job (MB)
	4919132  -  ResidentSetSize of job (KB)
...
006 (7069990.000.000) 09/06 02:39:20 Image size of job updated: 5097584
	4804  -  MemoryUsage of job (MB)
	4919132  -  ResidentSetSize of job (KB)
...
006 (7069990.000.000) 09/06 02:44:21 Image size of job updated: 5105428
	4804  -  MemoryUsage of job (MB)
	4919132  -  ResidentSetSize of job (KB)
...
006 (7069990.000.000) 09/06 02:49:22 Image size of job updated: 5113424
	4804  -  MemoryUsage of job (MB)
	4919132  -  ResidentSetSize of job (KB)
...
006 (7069990.000.000) 09/06 02:54:22 Image size of job updated: 5121148
	4804  -  MemoryUsage of job (MB)
	4919132  -  ResidentSetSize of job (KB)
...
006 (7069990.000.000) 09/06 02:59:22 Image size of job updated: 5129112
	4804  -  MemoryUsage of job (MB)
	4919132  -  ResidentSetSize of job (KB)
...
006 (7069990.000.000) 09/06 03:04:23 Image size of job updated: 5136964
	4935  -  MemoryUsage of job (MB)
	5053440  -  ResidentSetSize of job (KB)
...
006 (7069990.000.000) 09/06 03:09:23 Image size of job updated: 5144804
	4953  -  MemoryUsage of job (MB)
	5071872  -  ResidentSetSize of job (KB)
...
006 (7069990.000.000) 09/06 03:14:23 Image size of job updated: 5152664
	4953  -  MemoryUsage of job (MB)
	5071872  -  ResidentSetSize of job (KB)
...
006 (7069990.000.000) 09/06 03:19:24 Image size of job updated: 5160568
	4953  -  MemoryUsage of job (MB)
	5071872  -  ResidentSetSize of job (KB)
...
006 (7069990.000.000) 09/06 03:24:25 Image size of job updated: 5168284
	4953  -  MemoryUsage of job (MB)
	5071872  -  ResidentSetSize of job (KB)
...
006 (7069990.000.000) 09/06 03:29:25 Image size of job updated: 5175988
	4953  -  MemoryUsage of job (MB)
	5071872  -  ResidentSetSize of job (KB)
...
006 (7069990.000.000) 09/06 03:34:26 Image size of job updated: 5184064
	4953  -  MemoryUsage of job (MB)
	5071872  -  ResidentSetSize of job (KB)
...
006 (7069990.000.000) 09/06 03:39:27 Image size of job updated: 5191760
	4953  -  MemoryUsage of job (MB)
	5071872  -  ResidentSetSize of job (KB)
...
006 (7069990.000.000) 09/06 03:44:27 Image size of job updated: 5199356
	4953  -  MemoryUsage of job (MB)
	5071872  -  ResidentSetSize of job (KB)
...
006 (7069990.000.000) 09/06 03:49:27 Image size of job updated: 5207160
	4953  -  MemoryUsage of job (MB)
	5071872  -  ResidentSetSize of job (KB)
...
006 (7069990.000.000) 09/06 03:54:28 Image size of job updated: 5214948
	4953  -  MemoryUsage of job (MB)
	5071872  -  ResidentSetSize of job (KB)
...
006 (7069990.000.000) 09/06 03:59:28 Image size of job updated: 5222192
	4953  -  MemoryUsage of job (MB)
	5071872  -  ResidentSetSize of job (KB)
...
006 (7069990.000.000) 09/06 04:04:28 Image size of job updated: 5229264
	4953  -  MemoryUsage of job (MB)
	5071872  -  ResidentSetSize of job (KB)
...
006 (7069990.000.000) 09/06 04:09:29 Image size of job updated: 5236328
	4953  -  MemoryUsage of job (MB)
	5071872  -  ResidentSetSize of job (KB)
...
006 (7069990.000.000) 09/06 04:14:30 Image size of job updated: 5243364
	4953  -  MemoryUsage of job (MB)
	5071872  -  ResidentSetSize of job (KB)
...
006 (7069990.000.000) 09/06 04:19:30 Image size of job updated: 5250376
	4953  -  MemoryUsage of job (MB)
	5071872  -  ResidentSetSize of job (KB)
...
006 (7069990.000.000) 09/06 04:24:31 Image size of job updated: 5257424
	4953  -  MemoryUsage of job (MB)
	5071872  -  ResidentSetSize of job (KB)
...
006 (7069990.000.000) 09/06 04:29:32 Image size of job updated: 5264300
	4953  -  MemoryUsage of job (MB)
	5071872  -  ResidentSetSize of job (KB)
...
006 (7069990.000.000) 09/06 04:34:32 Image size of job updated: 5271380
	4953  -  MemoryUsage of job (MB)
	5071872  -  ResidentSetSize of job (KB)
...
006 (7069990.000.000) 09/06 04:39:32 Image size of job updated: 5278816
	4953  -  MemoryUsage of job (MB)
	5071872  -  ResidentSetSize of job (KB)
...
006 (7069990.000.000) 09/06 04:44:33 Image size of job updated: 5286276
	4953  -  MemoryUsage of job (MB)
	5071872  -  ResidentSetSize of job (KB)
...
006 (7069990.000.000) 09/06 04:49:33 Image size of job updated: 5292440
	4953  -  MemoryUsage of job (MB)
	5071872  -  ResidentSetSize of job (KB)
...
006 (7069990.000.000) 09/06 04:54:33 Image size of job updated: 5300836
	4953  -  MemoryUsage of job (MB)
	5071872  -  ResidentSetSize of job (KB)
...
006 (7069990.000.000) 09/06 04:59:34 Image size of job updated: 5308028
	4953  -  MemoryUsage of job (MB)
	5071872  -  ResidentSetSize of job (KB)
...
006 (7069990.000.000) 09/06 05:04:35 Image size of job updated: 5315212
	4953  -  MemoryUsage of job (MB)
	5071872  -  ResidentSetSize of job (KB)
...
006 (7069990.000.000) 09/06 05:09:35 Image size of job updated: 5322372
	4953  -  MemoryUsage of job (MB)
	5071872  -  ResidentSetSize of job (KB)
...
006 (7069990.000.000) 09/06 05:14:36 Image size of job updated: 5328952
	4953  -  MemoryUsage of job (MB)
	5071872  -  ResidentSetSize of job (KB)
...
006 (7069990.000.000) 09/06 05:19:37 Image size of job updated: 5335748
	4953  -  MemoryUsage of job (MB)
	5071872  -  ResidentSetSize of job (KB)
...
006 (7069990.000.000) 09/06 05:24:37 Image size of job updated: 5342272
	4953  -  MemoryUsage of job (MB)
	5071872  -  ResidentSetSize of job (KB)
...
006 (7069990.000.000) 09/06 05:29:37 Image size of job updated: 5348948
	4953  -  MemoryUsage of job (MB)
	5071872  -  ResidentSetSize of job (KB)
...
006 (7069990.000.000) 09/06 05:34:38 Image size of job updated: 5355668
	5119  -  MemoryUsage of job (MB)
	5241712  -  ResidentSetSize of job (KB)
...
006 (7069990.000.000) 09/06 05:39:38 Image size of job updated: 5362432
	5133  -  MemoryUsage of job (MB)
	5256048  -  ResidentSetSize of job (KB)
...
006 (7069990.000.000) 09/06 05:44:38 Image size of job updated: 5368860
	5133  -  MemoryUsage of job (MB)
	5256048  -  ResidentSetSize of job (KB)
...
006 (7069990.000.000) 09/06 05:49:39 Image size of job updated: 5376336
	5133  -  MemoryUsage of job (MB)
	5256048  -  ResidentSetSize of job (KB)
...
006 (7069990.000.000) 09/06 05:54:40 Image size of job updated: 5382492
	5133  -  MemoryUsage of job (MB)
	5256048  -  ResidentSetSize of job (KB)
...
006 (7069990.000.000) 09/06 05:59:40 Image size of job updated: 5388804
	5133  -  MemoryUsage of job (MB)
	5256048  -  ResidentSetSize of job (KB)
...
006 (7069990.000.000) 09/06 06:04:41 Image size of job updated: 5395432
	5133  -  MemoryUsage of job (MB)
	5256048  -  ResidentSetSize of job (KB)
...
006 (7069990.000.000) 09/06 06:09:42 Image size of job updated: 5401700
	5133  -  MemoryUsage of job (MB)
	5256048  -  ResidentSetSize of job (KB)
...
006 (7069990.000.000) 09/06 06:14:42 Image size of job updated: 5407836
	5133  -  MemoryUsage of job (MB)
	5256048  -  ResidentSetSize of job (KB)
...
006 (7069990.000.000) 09/06 06:19:43 Image size of job updated: 5414112
	5133  -  MemoryUsage of job (MB)
	5256048  -  ResidentSetSize of job (KB)
...
006 (7069990.000.000) 09/06 06:24:44 Image size of job updated: 5420392
	5133  -  MemoryUsage of job (MB)
	5256048  -  ResidentSetSize of job (KB)
...
006 (7069990.000.000) 09/06 06:29:44 Image size of job updated: 5426544
	5133  -  MemoryUsage of job (MB)
	5256048  -  ResidentSetSize of job (KB)
...
006 (7069990.000.000) 09/06 06:34:44 Image size of job updated: 5432968
	5133  -  MemoryUsage of job (MB)
	5256048  -  ResidentSetSize of job (KB)
...
006 (7069990.000.000) 09/06 06:39:45 Image size of job updated: 5439796
	5133  -  MemoryUsage of job (MB)
	5256048  -  ResidentSetSize of job (KB)
...
006 (7069990.000.000) 09/06 06:44:45 Image size of job updated: 5446376
	5133  -  MemoryUsage of job (MB)
	5256048  -  ResidentSetSize of job (KB)
...
006 (7069990.000.000) 09/06 06:49:45 Image size of job updated: 5453880
	5133  -  MemoryUsage of job (MB)
	5256048  -  ResidentSetSize of job (KB)
...
006 (7069990.000.000) 09/06 06:54:46 Image size of job updated: 5461052
	5133  -  MemoryUsage of job (MB)
	5256048  -  ResidentSetSize of job (KB)
...
006 (7069990.000.000) 09/06 06:59:47 Image size of job updated: 5467892
	5133  -  MemoryUsage of job (MB)
	5256048  -  ResidentSetSize of job (KB)
...
006 (7069990.000.000) 09/06 07:04:47 Image size of job updated: 5473576
	5133  -  MemoryUsage of job (MB)
	5256048  -  ResidentSetSize of job (KB)
...
006 (7069990.000.000) 09/06 07:09:48 Image size of job updated: 5481872
	5133  -  MemoryUsage of job (MB)
	5256048  -  ResidentSetSize of job (KB)
...
006 (7069990.000.000) 09/06 07:14:49 Image size of job updated: 5488872
	5133  -  MemoryUsage of job (MB)
	5256048  -  ResidentSetSize of job (KB)
...
006 (7069990.000.000) 09/06 07:19:49 Image size of job updated: 5495804
	5133  -  MemoryUsage of job (MB)
	5256048  -  ResidentSetSize of job (KB)
...
006 (7069990.000.000) 09/06 07:24:49 Image size of job updated: 5502952
	5133  -  MemoryUsage of job (MB)
	5256048  -  ResidentSetSize of job (KB)
...
006 (7069990.000.000) 09/06 07:29:50 Image size of job updated: 5510044
	5133  -  MemoryUsage of job (MB)
	5256048  -  ResidentSetSize of job (KB)
...
006 (7069990.000.000) 09/06 07:34:51 Image size of job updated: 5516768
	5133  -  MemoryUsage of job (MB)
	5256048  -  ResidentSetSize of job (KB)
...
006 (7069990.000.000) 09/06 07:39:51 Image size of job updated: 5523508
	5133  -  MemoryUsage of job (MB)
	5256048  -  ResidentSetSize of job (KB)
...
006 (7069990.000.000) 09/06 07:44:52 Image size of job updated: 5529944
	5133  -  MemoryUsage of job (MB)
	5256048  -  ResidentSetSize of job (KB)
...
006 (7069990.000.000) 09/06 07:49:53 Image size of job updated: 5535924
	5133  -  MemoryUsage of job (MB)
	5256048  -  ResidentSetSize of job (KB)
...
006 (7069990.000.000) 09/06 07:54:53 Image size of job updated: 5543936
	5133  -  MemoryUsage of job (MB)
	5256048  -  ResidentSetSize of job (KB)
...
006 (7069990.000.000) 09/06 07:59:53 Image size of job updated: 5550560
	5133  -  MemoryUsage of job (MB)
	5256048  -  ResidentSetSize of job (KB)
...
006 (7069990.000.000) 09/06 08:04:54 Image size of job updated: 5557320
	5133  -  MemoryUsage of job (MB)
	5256048  -  ResidentSetSize of job (KB)
...
006 (7069990.000.000) 09/06 08:09:54 Image size of job updated: 5564024
	5133  -  MemoryUsage of job (MB)
	5256048  -  ResidentSetSize of job (KB)
...
006 (7069990.000.000) 09/06 08:14:54 Image size of job updated: 5571004
	5133  -  MemoryUsage of job (MB)
	5256048  -  ResidentSetSize of job (KB)
...
006 (7069990.000.000) 09/06 08:19:55 Image size of job updated: 5578684
	5136  -  MemoryUsage of job (MB)
	5259088  -  ResidentSetSize of job (KB)
...
006 (7069990.000.000) 09/06 08:24:56 Image size of job updated: 5585920
	5152  -  MemoryUsage of job (MB)
	5275472  -  ResidentSetSize of job (KB)
...
006 (7069990.000.000) 09/06 08:29:56 Image size of job updated: 5592688
	5152  -  MemoryUsage of job (MB)
	5275472  -  ResidentSetSize of job (KB)
...
006 (7069990.000.000) 09/06 08:34:56 Image size of job updated: 5599984
	5152  -  MemoryUsage of job (MB)
	5275472  -  ResidentSetSize of job (KB)
...
006 (7069990.000.000) 09/06 08:39:57 Image size of job updated: 5607168
	5411  -  MemoryUsage of job (MB)
	5540508  -  ResidentSetSize of job (KB)
...
006 (7069990.000.000) 09/06 08:44:58 Image size of job updated: 5613256
	5427  -  MemoryUsage of job (MB)
	5556892  -  ResidentSetSize of job (KB)
...
006 (7069990.000.000) 09/06 08:49:58 Image size of job updated: 5619888
	5427  -  MemoryUsage of job (MB)
	5556892  -  ResidentSetSize of job (KB)
...
006 (7069990.000.000) 09/06 08:54:59 Image size of job updated: 5626152
	5427  -  MemoryUsage of job (MB)
	5556892  -  ResidentSetSize of job (KB)
...
006 (7069990.000.000) 09/06 09:00:00 Image size of job updated: 5632312
	5427  -  MemoryUsage of job (MB)
	5556892  -  ResidentSetSize of job (KB)
...
006 (7069990.000.000) 09/06 09:05:00 Image size of job updated: 5638828
	5427  -  MemoryUsage of job (MB)
	5556892  -  ResidentSetSize of job (KB)
...
006 (7069990.000.000) 09/06 09:10:00 Image size of job updated: 5645496
	5427  -  MemoryUsage of job (MB)
	5556892  -  ResidentSetSize of job (KB)
...
006 (7069990.000.000) 09/06 09:15:01 Image size of job updated: 5652568
	5427  -  MemoryUsage of job (MB)
	5556892  -  ResidentSetSize of job (KB)
...
006 (7069990.000.000) 09/06 09:20:01 Image size of job updated: 5659700
	5427  -  MemoryUsage of job (MB)
	5556892  -  ResidentSetSize of job (KB)
...
006 (7069990.000.000) 09/06 09:25:01 Image size of job updated: 5665252
	5427  -  MemoryUsage of job (MB)
	5556892  -  ResidentSetSize of job (KB)
...
006 (7069990.000.000) 09/06 09:30:02 Image size of job updated: 5673364
	5427  -  MemoryUsage of job (MB)
	5556892  -  ResidentSetSize of job (KB)
...
006 (7069990.000.000) 09/06 09:35:03 Image size of job updated: 5680264
	5427  -  MemoryUsage of job (MB)
	5556892  -  ResidentSetSize of job (KB)
...
006 (7069990.000.000) 09/06 09:40:03 Image size of job updated: 5687028
	5427  -  MemoryUsage of job (MB)
	5556892  -  ResidentSetSize of job (KB)
...
006 (7069990.000.000) 09/06 09:45:04 Image size of job updated: 5694096
	5427  -  MemoryUsage of job (MB)
	5556892  -  ResidentSetSize of job (KB)
...
006 (7069990.000.000) 09/06 09:50:05 Image size of job updated: 5699420
	5531  -  MemoryUsage of job (MB)
	5663524  -  ResidentSetSize of job (KB)
...
006 (7069990.000.000) 09/06 09:55:05 Image size of job updated: 5706240
	5549  -  MemoryUsage of job (MB)
	5681956  -  ResidentSetSize of job (KB)
...
006 (7069990.000.000) 09/06 10:00:06 Image size of job updated: 5714348
	5549  -  MemoryUsage of job (MB)
	5681956  -  ResidentSetSize of job (KB)
...
006 (7069990.000.000) 09/06 10:05:07 Image size of job updated: 5721216
	5549  -  MemoryUsage of job (MB)
	5681956  -  ResidentSetSize of job (KB)
...
006 (7069990.000.000) 09/06 10:10:07 Image size of job updated: 5727864
	5549  -  MemoryUsage of job (MB)
	5681956  -  ResidentSetSize of job (KB)
...
006 (7069990.000.000) 09/06 10:15:07 Image size of job updated: 5734480
	5549  -  MemoryUsage of job (MB)
	5681956  -  ResidentSetSize of job (KB)
...
006 (7069990.000.000) 09/06 10:20:08 Image size of job updated: 5741456
	5549  -  MemoryUsage of job (MB)
	5681956  -  ResidentSetSize of job (KB)
...
006 (7069990.000.000) 09/06 10:25:08 Image size of job updated: 5748732
	5549  -  MemoryUsage of job (MB)
	5681956  -  ResidentSetSize of job (KB)
...
006 (7069990.000.000) 09/06 10:30:08 Image size of job updated: 5755504
	5549  -  MemoryUsage of job (MB)
	5681956  -  ResidentSetSize of job (KB)
...
006 (7069990.000.000) 09/06 10:35:10 Image size of job updated: 5762224
	5549  -  MemoryUsage of job (MB)
	5681956  -  ResidentSetSize of job (KB)
...
006 (7069990.000.000) 09/06 10:40:10 Image size of job updated: 5769304
	5549  -  MemoryUsage of job (MB)
	5681956  -  ResidentSetSize of job (KB)
...
006 (7069990.000.000) 09/06 10:45:10 Image size of job updated: 5775280
	5549  -  MemoryUsage of job (MB)
	5681956  -  ResidentSetSize of job (KB)
...
006 (7069990.000.000) 09/06 10:50:11 Image size of job updated: 5781600
	5549  -  MemoryUsage of job (MB)
	5681956  -  ResidentSetSize of job (KB)
...
006 (7069990.000.000) 09/06 10:55:12 Image size of job updated: 5787752
	5549  -  MemoryUsage of job (MB)
	5681956  -  ResidentSetSize of job (KB)
...
006 (7069990.000.000) 09/06 11:00:12 Image size of job updated: 5794152
	5549  -  MemoryUsage of job (MB)
	5681956  -  ResidentSetSize of job (KB)
...
006 (7069990.000.000) 09/06 11:05:12 Image size of job updated: 5800832
	5632  -  MemoryUsage of job (MB)
	5766344  -  ResidentSetSize of job (KB)
...
006 (7069990.000.000) 09/06 11:10:13 Image size of job updated: 5807708
	5646  -  MemoryUsage of job (MB)
	5780936  -  ResidentSetSize of job (KB)
...
006 (7069990.000.000) 09/06 11:15:13 Image size of job updated: 5814248
	5646  -  MemoryUsage of job (MB)
	5780936  -  ResidentSetSize of job (KB)
...
006 (7069990.000.000) 09/06 11:20:13 Image size of job updated: 5821224
	5646  -  MemoryUsage of job (MB)
	5780936  -  ResidentSetSize of job (KB)
...
006 (7069990.000.000) 09/06 11:25:14 Image size of job updated: 5827920
	5646  -  MemoryUsage of job (MB)
	5780936  -  ResidentSetSize of job (KB)
...
006 (7069990.000.000) 09/06 11:30:15 Image size of job updated: 5834860
	5646  -  MemoryUsage of job (MB)
	5780936  -  ResidentSetSize of job (KB)
...
006 (7069990.000.000) 09/06 11:35:15 Image size of job updated: 5841184
	5646  -  MemoryUsage of job (MB)
	5780936  -  ResidentSetSize of job (KB)
...
006 (7069990.000.000) 09/06 11:40:16 Image size of job updated: 5847564
	5646  -  MemoryUsage of job (MB)
	5780936  -  ResidentSetSize of job (KB)
...
006 (7069990.000.000) 09/06 11:45:17 Image size of job updated: 5853820
	5646  -  MemoryUsage of job (MB)
	5780936  -  ResidentSetSize of job (KB)
...
006 (7069990.000.000) 09/06 11:50:17 Image size of job updated: 5895936
	5646  -  MemoryUsage of job (MB)
	5780936  -  ResidentSetSize of job (KB)
...
006 (7069990.000.000) 09/06 11:55:17 Image size of job updated: 5902296
	5646  -  MemoryUsage of job (MB)
	5780936  -  ResidentSetSize of job (KB)
...
006 (7069990.000.000) 09/06 12:00:19 Image size of job updated: 5910632
	5646  -  MemoryUsage of job (MB)
	5780936  -  ResidentSetSize of job (KB)
...
006 (7069990.000.000) 09/06 12:05:19 Image size of job updated: 5917272
	5646  -  MemoryUsage of job (MB)
	5780936  -  ResidentSetSize of job (KB)
...
006 (7069990.000.000) 09/06 12:10:19 Image size of job updated: 5923896
	5646  -  MemoryUsage of job (MB)
	5780936  -  ResidentSetSize of job (KB)
...
006 (7069990.000.000) 09/06 12:15:20 Image size of job updated: 5930356
	5646  -  MemoryUsage of job (MB)
	5780936  -  ResidentSetSize of job (KB)
...
006 (7069990.000.000) 09/06 12:20:21 Image size of job updated: 5937152
	5646  -  MemoryUsage of job (MB)
	5780936  -  ResidentSetSize of job (KB)
...
006 (7069990.000.000) 09/06 12:25:21 Image size of job updated: 5943812
	5646  -  MemoryUsage of job (MB)
	5780936  -  ResidentSetSize of job (KB)
...
006 (7069990.000.000) 09/06 12:30:21 Image size of job updated: 5950676
	5646  -  MemoryUsage of job (MB)
	5780936  -  ResidentSetSize of job (KB)
...
006 (7069990.000.000) 09/06 12:35:23 Image size of job updated: 5956072
	5646  -  MemoryUsage of job (MB)
	5780936  -  ResidentSetSize of job (KB)
...
006 (7069990.000.000) 09/06 12:40:23 Image size of job updated: 5962132
	5646  -  MemoryUsage of job (MB)
	5780936  -  ResidentSetSize of job (KB)
...
006 (7069990.000.000) 09/06 12:45:23 Image size of job updated: 5968152
	5646  -  MemoryUsage of job (MB)
	5780936  -  ResidentSetSize of job (KB)
...
006 (7069990.000.000) 09/06 12:50:24 Image size of job updated: 5974492
	5646  -  MemoryUsage of job (MB)
	5780936  -  ResidentSetSize of job (KB)
...
006 (7069990.000.000) 09/06 12:55:25 Image size of job updated: 5980504
	5646  -  MemoryUsage of job (MB)
	5780936  -  ResidentSetSize of job (KB)
...
006 (7069990.000.000) 09/06 13:00:25 Image size of job updated: 5985056
	5646  -  MemoryUsage of job (MB)
	5780936  -  ResidentSetSize of job (KB)
...
006 (7069990.000.000) 09/06 13:05:25 Image size of job updated: 5991692
	5646  -  MemoryUsage of job (MB)
	5780936  -  ResidentSetSize of job (KB)
...
006 (7069990.000.000) 09/06 13:10:26 Image size of job updated: 5997252
	5646  -  MemoryUsage of job (MB)
	5780936  -  ResidentSetSize of job (KB)
...
006 (7069990.000.000) 09/06 13:15:26 Image size of job updated: 6003340
	5646  -  MemoryUsage of job (MB)
	5780936  -  ResidentSetSize of job (KB)
...
006 (7069990.000.000) 09/06 13:20:26 Image size of job updated: 6009604
	5745  -  MemoryUsage of job (MB)
	5882808  -  ResidentSetSize of job (KB)
...
006 (7069990.000.000) 09/06 13:25:27 Image size of job updated: 6015488
	5759  -  MemoryUsage of job (MB)
	5897144  -  ResidentSetSize of job (KB)
...
006 (7069990.000.000) 09/06 13:30:28 Image size of job updated: 6022140
	5759  -  MemoryUsage of job (MB)
	5897144  -  ResidentSetSize of job (KB)
...
006 (7069990.000.000) 09/06 13:35:28 Image size of job updated: 6028444
	5759  -  MemoryUsage of job (MB)
	5897144  -  ResidentSetSize of job (KB)
...
006 (7069990.000.000) 09/06 13:40:28 Image size of job updated: 6034636
	5759  -  MemoryUsage of job (MB)
	5897144  -  ResidentSetSize of job (KB)
...
006 (7069990.000.000) 09/06 13:45:30 Image size of job updated: 6040172
	5759  -  MemoryUsage of job (MB)
	5897144  -  ResidentSetSize of job (KB)
...
006 (7069990.000.000) 09/06 13:50:30 Image size of job updated: 6045428
	5759  -  MemoryUsage of job (MB)
	5897144  -  ResidentSetSize of job (KB)
...
006 (7069990.000.000) 09/06 13:55:30 Image size of job updated: 6051020
	5759  -  MemoryUsage of job (MB)
	5897144  -  ResidentSetSize of job (KB)
...
006 (7069990.000.000) 09/06 14:00:31 Image size of job updated: 6056528
	5759  -  MemoryUsage of job (MB)
	5897144  -  ResidentSetSize of job (KB)
...
006 (7069990.000.000) 09/06 14:05:32 Image size of job updated: 6063924
	5759  -  MemoryUsage of job (MB)
	5897144  -  ResidentSetSize of job (KB)
...
006 (7069990.000.000) 09/06 14:10:32 Image size of job updated: 6070364
	5759  -  MemoryUsage of job (MB)
	5897144  -  ResidentSetSize of job (KB)
...
006 (7069990.000.000) 09/06 14:15:33 Image size of job updated: 6076900
	5759  -  MemoryUsage of job (MB)
	5897144  -  ResidentSetSize of job (KB)
...
006 (7069990.000.000) 09/06 14:20:34 Image size of job updated: 6083420
	5759  -  MemoryUsage of job (MB)
	5897144  -  ResidentSetSize of job (KB)
...
006 (7069990.000.000) 09/06 14:25:34 Image size of job updated: 6089408
	5759  -  MemoryUsage of job (MB)
	5897144  -  ResidentSetSize of job (KB)
...
006 (7069990.000.000) 09/06 14:30:34 Image size of job updated: 6095160
	5759  -  MemoryUsage of job (MB)
	5897144  -  ResidentSetSize of job (KB)
...
006 (7069990.000.000) 09/06 14:35:35 Image size of job updated: 6101436
	5767  -  MemoryUsage of job (MB)
	5905312  -  ResidentSetSize of job (KB)
...
006 (7069990.000.000) 09/06 14:40:35 Image size of job updated: 6106736
	5783  -  MemoryUsage of job (MB)
	5921696  -  ResidentSetSize of job (KB)
...
006 (7069990.000.000) 09/06 14:45:35 Image size of job updated: 6111848
	5783  -  MemoryUsage of job (MB)
	5921696  -  ResidentSetSize of job (KB)
...
006 (7069990.000.000) 09/06 14:50:36 Image size of job updated: 6118344
	5783  -  MemoryUsage of job (MB)
	5921696  -  ResidentSetSize of job (KB)
...
006 (7069990.000.000) 09/06 14:55:37 Image size of job updated: 6123828
	5783  -  MemoryUsage of job (MB)
	5921696  -  ResidentSetSize of job (KB)
...
006 (7069990.000.000) 09/06 15:00:37 Image size of job updated: 6129832
	5783  -  MemoryUsage of job (MB)
	5921696  -  ResidentSetSize of job (KB)
...
006 (7069990.000.000) 09/06 15:05:38 Image size of job updated: 6136032
	5783  -  MemoryUsage of job (MB)
	5921696  -  ResidentSetSize of job (KB)
...
006 (7069990.000.000) 09/06 15:10:39 Image size of job updated: 6142780
	5783  -  MemoryUsage of job (MB)
	5921696  -  ResidentSetSize of job (KB)
...
006 (7069990.000.000) 09/06 15:15:39 Image size of job updated: 6149148
	5783  -  MemoryUsage of job (MB)
	5921696  -  ResidentSetSize of job (KB)
...
006 (7069990.000.000) 09/06 15:20:39 Image size of job updated: 6155192
	5783  -  MemoryUsage of job (MB)
	5921696  -  ResidentSetSize of job (KB)
...
006 (7069990.000.000) 09/06 15:25:41 Image size of job updated: 6160312
	5783  -  MemoryUsage of job (MB)
	5921696  -  ResidentSetSize of job (KB)
...
006 (7069990.000.000) 09/06 15:30:41 Image size of job updated: 6167992
	5783  -  MemoryUsage of job (MB)
	5921696  -  ResidentSetSize of job (KB)
...
006 (7069990.000.000) 09/06 15:35:41 Image size of job updated: 6174428
	5819  -  MemoryUsage of job (MB)
	5958368  -  ResidentSetSize of job (KB)
...
006 (7069990.000.000) 09/06 15:40:42 Image size of job updated: 6180724
	5835  -  MemoryUsage of job (MB)
	5974752  -  ResidentSetSize of job (KB)
...
006 (7069990.000.000) 09/06 15:45:43 Image size of job updated: 6186252
	5835  -  MemoryUsage of job (MB)
	5974752  -  ResidentSetSize of job (KB)
...
006 (7069990.000.000) 09/06 15:50:43 Image size of job updated: 6193236
	5835  -  MemoryUsage of job (MB)
	5974752  -  ResidentSetSize of job (KB)
...
006 (7069990.000.000) 09/06 15:55:43 Image size of job updated: 6199380
	5835  -  MemoryUsage of job (MB)
	5974752  -  ResidentSetSize of job (KB)
...
006 (7069990.000.000) 09/06 16:00:44 Image size of job updated: 6205508
	5835  -  MemoryUsage of job (MB)
	5974752  -  ResidentSetSize of job (KB)
...
006 (7069990.000.000) 09/06 16:05:44 Image size of job updated: 6211792
	5835  -  MemoryUsage of job (MB)
	5974752  -  ResidentSetSize of job (KB)
...
006 (7069990.000.000) 09/06 16:10:44 Image size of job updated: 6218172
	5835  -  MemoryUsage of job (MB)
	5974752  -  ResidentSetSize of job (KB)
...
006 (7069990.000.000) 09/06 16:15:45 Image size of job updated: 6224508
	5835  -  MemoryUsage of job (MB)
	5974752  -  ResidentSetSize of job (KB)
...
006 (7069990.000.000) 09/06 16:20:46 Image size of job updated: 6230564
	5835  -  MemoryUsage of job (MB)
	5974752  -  ResidentSetSize of job (KB)
...
006 (7069990.000.000) 09/06 16:25:46 Image size of job updated: 6236544
	5835  -  MemoryUsage of job (MB)
	5974752  -  ResidentSetSize of job (KB)
...
006 (7069990.000.000) 09/06 16:30:47 Image size of job updated: 6242548
	5835  -  MemoryUsage of job (MB)
	5974752  -  ResidentSetSize of job (KB)
...
006 (7069990.000.000) 09/06 16:35:48 Image size of job updated: 6248920
	6101  -  MemoryUsage of job (MB)
	6247400  -  ResidentSetSize of job (KB)
...
006 (7069990.000.000) 09/06 16:40:48 Image size of job updated: 6254696
	6101  -  MemoryUsage of job (MB)
	6247400  -  ResidentSetSize of job (KB)
...
006 (7069990.000.000) 09/06 16:45:48 Image size of job updated: 6260348
	6101  -  MemoryUsage of job (MB)
	6247400  -  ResidentSetSize of job (KB)
...
006 (7069990.000.000) 09/06 16:50:49 Image size of job updated: 6265732
	6101  -  MemoryUsage of job (MB)
	6247400  -  ResidentSetSize of job (KB)
...
006 (7069990.000.000) 09/06 16:55:50 Image size of job updated: 6272112
	6101  -  MemoryUsage of job (MB)
	6247400  -  ResidentSetSize of job (KB)
...
006 (7069990.000.000) 09/06 17:00:50 Image size of job updated: 6279992
	6101  -  MemoryUsage of job (MB)
	6247400  -  ResidentSetSize of job (KB)
...
006 (7069990.000.000) 09/06 17:05:50 Image size of job updated: 6286708
	6112  -  MemoryUsage of job (MB)
	6257980  -  ResidentSetSize of job (KB)
...
006 (7069990.000.000) 09/06 17:10:51 Image size of job updated: 6293184
	6130  -  MemoryUsage of job (MB)
	6276412  -  ResidentSetSize of job (KB)
...
006 (7069990.000.000) 09/06 17:15:51 Image size of job updated: 6299700
	6130  -  MemoryUsage of job (MB)
	6276412  -  ResidentSetSize of job (KB)
...
006 (7069990.000.000) 09/06 17:20:51 Image size of job updated: 6306424
	6152  -  MemoryUsage of job (MB)
	6299068  -  ResidentSetSize of job (KB)
...
006 (7069990.000.000) 09/06 17:25:52 Image size of job updated: 6313572
	6157  -  MemoryUsage of job (MB)
	6304152  -  ResidentSetSize of job (KB)
...
006 (7069990.000.000) 09/06 17:30:53 Image size of job updated: 6320096
	6157  -  MemoryUsage of job (MB)
	6304152  -  ResidentSetSize of job (KB)
...
006 (7069990.000.000) 09/06 17:35:53 Image size of job updated: 6326368
	6157  -  MemoryUsage of job (MB)
	6304152  -  ResidentSetSize of job (KB)
...
006 (7069990.000.000) 09/06 17:40:54 Image size of job updated: 6332356
	6157  -  MemoryUsage of job (MB)
	6304152  -  ResidentSetSize of job (KB)
...
006 (7069990.000.000) 09/06 17:45:55 Image size of job updated: 6337492
	6157  -  MemoryUsage of job (MB)
	6304152  -  ResidentSetSize of job (KB)
...
006 (7069990.000.000) 09/06 17:50:55 Image size of job updated: 6342640
	6157  -  MemoryUsage of job (MB)
	6304152  -  ResidentSetSize of job (KB)
...
006 (7069990.000.000) 09/06 17:55:56 Image size of job updated: 6349612
	6157  -  MemoryUsage of job (MB)
	6304152  -  ResidentSetSize of job (KB)
...
006 (7069990.000.000) 09/06 18:00:57 Image size of job updated: 6355560
	6157  -  MemoryUsage of job (MB)
	6304152  -  ResidentSetSize of job (KB)
...
006 (7069990.000.000) 09/06 18:05:57 Image size of job updated: 6361816
	6157  -  MemoryUsage of job (MB)
	6304152  -  ResidentSetSize of job (KB)
...
006 (7069990.000.000) 09/06 18:10:57 Image size of job updated: 6367948
	6157  -  MemoryUsage of job (MB)
	6304152  -  ResidentSetSize of job (KB)
...
006 (7069990.000.000) 09/06 18:15:58 Image size of job updated: 6374400
	6157  -  MemoryUsage of job (MB)
	6304152  -  ResidentSetSize of job (KB)
...
006 (7069990.000.000) 09/06 18:20:59 Image size of job updated: 6380504
	6157  -  MemoryUsage of job (MB)
	6304152  -  ResidentSetSize of job (KB)
...
006 (7069990.000.000) 09/06 18:25:59 Image size of job updated: 6386444
	6231  -  MemoryUsage of job (MB)
	6380476  -  ResidentSetSize of job (KB)
...
006 (7069990.000.000) 09/06 18:31:00 Image size of job updated: 6392712
	6235  -  MemoryUsage of job (MB)
	6384024  -  ResidentSetSize of job (KB)
...
006 (7069990.000.000) 09/06 18:36:01 Image size of job updated: 6398668
	6235  -  MemoryUsage of job (MB)
	6384024  -  ResidentSetSize of job (KB)
...
006 (7069990.000.000) 09/06 18:41:01 Image size of job updated: 6404488
	6235  -  MemoryUsage of job (MB)
	6384024  -  ResidentSetSize of job (KB)
...
006 (7069990.000.000) 09/06 18:46:01 Image size of job updated: 6408872
	6235  -  MemoryUsage of job (MB)
	6384024  -  ResidentSetSize of job (KB)
...
006 (7069990.000.000) 09/06 18:51:02 Image size of job updated: 6415748
	6235  -  MemoryUsage of job (MB)
	6384024  -  ResidentSetSize of job (KB)
...
006 (7069990.000.000) 09/06 18:56:02 Image size of job updated: 6421432
	6271  -  MemoryUsage of job (MB)
	6420820  -  ResidentSetSize of job (KB)
...
006 (7069990.000.000) 09/06 19:01:02 Image size of job updated: 6427084
	6271  -  MemoryUsage of job (MB)
	6420820  -  ResidentSetSize of job (KB)
...
006 (7069990.000.000) 09/06 19:06:03 Image size of job updated: 6432940
	6271  -  MemoryUsage of job (MB)
	6420820  -  ResidentSetSize of job (KB)
...
006 (7069990.000.000) 09/06 19:11:04 Image size of job updated: 6438748
	6271  -  MemoryUsage of job (MB)
	6420820  -  ResidentSetSize of job (KB)
...
006 (7069990.000.000) 09/06 19:16:04 Image size of job updated: 6444696
	6271  -  MemoryUsage of job (MB)
	6420820  -  ResidentSetSize of job (KB)
...
006 (7069990.000.000) 09/06 19:21:05 Image size of job updated: 6450600
	6271  -  MemoryUsage of job (MB)
	6420820  -  ResidentSetSize of job (KB)
...
006 (7069990.000.000) 09/06 19:26:06 Image size of job updated: 6456516
	6271  -  MemoryUsage of job (MB)
	6420820  -  ResidentSetSize of job (KB)
...
006 (7069990.000.000) 09/06 19:31:06 Image size of job updated: 6462244
	6293  -  MemoryUsage of job (MB)
	6443928  -  ResidentSetSize of job (KB)
...
006 (7069990.000.000) 09/06 19:36:06 Image size of job updated: 6468008
	6309  -  MemoryUsage of job (MB)
	6460312  -  ResidentSetSize of job (KB)
...
006 (7069990.000.000) 09/06 19:41:07 Image size of job updated: 6474532
	6309  -  MemoryUsage of job (MB)
	6460312  -  ResidentSetSize of job (KB)
...
006 (7069990.000.000) 09/06 19:46:07 Image size of job updated: 6479892
	6309  -  MemoryUsage of job (MB)
	6460312  -  ResidentSetSize of job (KB)
...
006 (7069990.000.000) 09/06 19:51:07 Image size of job updated: 6485528
	6309  -  MemoryUsage of job (MB)
	6460312  -  ResidentSetSize of job (KB)
...
006 (7069990.000.000) 09/06 19:56:08 Image size of job updated: 6491212
	6309  -  MemoryUsage of job (MB)
	6460312  -  ResidentSetSize of job (KB)
...
006 (7069990.000.000) 09/06 20:01:08 Image size of job updated: 6496832
	6309  -  MemoryUsage of job (MB)
	6460312  -  ResidentSetSize of job (KB)
...
006 (7069990.000.000) 09/06 20:06:08 Image size of job updated: 6502388
	6309  -  MemoryUsage of job (MB)
	6460312  -  ResidentSetSize of job (KB)
...
006 (7069990.000.000) 09/06 20:11:09 Image size of job updated: 6508136
	6309  -  MemoryUsage of job (MB)
	6460312  -  ResidentSetSize of job (KB)
...
006 (7069990.000.000) 09/06 20:16:10 Image size of job updated: 6513840
	6309  -  MemoryUsage of job (MB)
	6460312  -  ResidentSetSize of job (KB)
...
006 (7069990.000.000) 09/06 20:21:10 Image size of job updated: 6519820
	6309  -  MemoryUsage of job (MB)
	6460312  -  ResidentSetSize of job (KB)
...
006 (7069990.000.000) 09/06 20:26:11 Image size of job updated: 6525888
	6309  -  MemoryUsage of job (MB)
	6460312  -  ResidentSetSize of job (KB)
...
006 (7069990.000.000) 09/06 20:31:12 Image size of job updated: 6531936
	6309  -  MemoryUsage of job (MB)
	6460312  -  ResidentSetSize of job (KB)
...
006 (7069990.000.000) 09/06 20:36:12 Image size of job updated: 6537980
	6309  -  MemoryUsage of job (MB)
	6460312  -  ResidentSetSize of job (KB)
...
006 (7069990.000.000) 09/06 20:41:12 Image size of job updated: 6544168
	6309  -  MemoryUsage of job (MB)
	6460312  -  ResidentSetSize of job (KB)
...
006 (7069990.000.000) 09/06 20:46:13 Image size of job updated: 6550116
	6309  -  MemoryUsage of job (MB)
	6460312  -  ResidentSetSize of job (KB)
...
006 (7069990.000.000) 09/06 20:51:14 Image size of job updated: 6556308
	6309  -  MemoryUsage of job (MB)
	6460312  -  ResidentSetSize of job (KB)
...
006 (7069990.000.000) 09/06 20:56:14 Image size of job updated: 6562408
	6309  -  MemoryUsage of job (MB)
	6460312  -  ResidentSetSize of job (KB)
...
006 (7069990.000.000) 09/06 21:01:15 Image size of job updated: 6568564
	6309  -  MemoryUsage of job (MB)
	6460312  -  ResidentSetSize of job (KB)
...
006 (7069990.000.000) 09/06 21:06:16 Image size of job updated: 6574476
	6309  -  MemoryUsage of job (MB)
	6460312  -  ResidentSetSize of job (KB)
...
006 (7069990.000.000) 09/06 21:11:16 Image size of job updated: 6580664
	6309  -  MemoryUsage of job (MB)
	6460312  -  ResidentSetSize of job (KB)
...
006 (7069990.000.000) 09/06 21:16:16 Image size of job updated: 6586460
	6309  -  MemoryUsage of job (MB)
	6460312  -  ResidentSetSize of job (KB)
...
006 (7069990.000.000) 09/06 21:21:17 Image size of job updated: 6592760
	6309  -  MemoryUsage of job (MB)
	6460312  -  ResidentSetSize of job (KB)
...
006 (7069990.000.000) 09/06 21:26:17 Image size of job updated: 6598784
	6309  -  MemoryUsage of job (MB)
	6460312  -  ResidentSetSize of job (KB)
...
006 (7069990.000.000) 09/06 21:31:17 Image size of job updated: 6604824
	6309  -  MemoryUsage of job (MB)
	6460312  -  ResidentSetSize of job (KB)
...
006 (7069990.000.000) 09/06 21:36:18 Image size of job updated: 6611024
	6309  -  MemoryUsage of job (MB)
	6460312  -  ResidentSetSize of job (KB)
...
006 (7069990.000.000) 09/06 21:41:19 Image size of job updated: 6616972
	6309  -  MemoryUsage of job (MB)
	6460312  -  ResidentSetSize of job (KB)
...
006 (7069990.000.000) 09/06 21:46:19 Image size of job updated: 6622216
	6309  -  MemoryUsage of job (MB)
	6460312  -  ResidentSetSize of job (KB)
...
006 (7069990.000.000) 09/06 21:51:19 Image size of job updated: 6627748
	6309  -  MemoryUsage of job (MB)
	6460312  -  ResidentSetSize of job (KB)
...
006 (7069990.000.000) 09/06 21:56:20 Image size of job updated: 6633424
	6309  -  MemoryUsage of job (MB)
	6460312  -  ResidentSetSize of job (KB)
...
006 (7069990.000.000) 09/06 22:01:20 Image size of job updated: 6640800
	6309  -  MemoryUsage of job (MB)
	6460312  -  ResidentSetSize of job (KB)
...
006 (7069990.000.000) 09/06 22:06:20 Image size of job updated: 6646576
	6309  -  MemoryUsage of job (MB)
	6460312  -  ResidentSetSize of job (KB)
...
006 (7069990.000.000) 09/06 22:11:21 Image size of job updated: 6652876
	6309  -  MemoryUsage of job (MB)
	6460312  -  ResidentSetSize of job (KB)
...
006 (7069990.000.000) 09/06 22:16:22 Image size of job updated: 6659340
	6333  -  MemoryUsage of job (MB)
	6484564  -  ResidentSetSize of job (KB)
...
006 (7069990.000.000) 09/06 22:21:22 Image size of job updated: 6663976
	6351  -  MemoryUsage of job (MB)
	6502996  -  ResidentSetSize of job (KB)
...
006 (7069990.000.000) 09/06 22:26:23 Image size of job updated: 6670656
	6351  -  MemoryUsage of job (MB)
	6502996  -  ResidentSetSize of job (KB)
...
006 (7069990.000.000) 09/06 22:31:24 Image size of job updated: 6675864
	6416  -  MemoryUsage of job (MB)
	6569792  -  ResidentSetSize of job (KB)
...
006 (7069990.000.000) 09/06 22:36:24 Image size of job updated: 6681744
	6434  -  MemoryUsage of job (MB)
	6588224  -  ResidentSetSize of job (KB)
...
006 (7069990.000.000) 09/06 22:41:24 Image size of job updated: 6688792
	6434  -  MemoryUsage of job (MB)
	6588224  -  ResidentSetSize of job (KB)
...
006 (7069990.000.000) 09/06 22:46:25 Image size of job updated: 6694576
	6434  -  MemoryUsage of job (MB)
	6588224  -  ResidentSetSize of job (KB)
...
006 (7069990.000.000) 09/06 22:51:25 Image size of job updated: 6700340
	6434  -  MemoryUsage of job (MB)
	6588224  -  ResidentSetSize of job (KB)
...
006 (7069990.000.000) 09/06 22:56:25 Image size of job updated: 6706220
	6434  -  MemoryUsage of job (MB)
	6588224  -  ResidentSetSize of job (KB)
...
006 (7069990.000.000) 09/06 23:01:26 Image size of job updated: 6711984
	6434  -  MemoryUsage of job (MB)
	6588224  -  ResidentSetSize of job (KB)
...
006 (7069990.000.000) 09/06 23:06:27 Image size of job updated: 6715164
	6434  -  MemoryUsage of job (MB)
	6588224  -  ResidentSetSize of job (KB)
...
006 (7069990.000.000) 09/06 23:31:29 Image size of job updated: 6716212
	6434  -  MemoryUsage of job (MB)
	6588224  -  ResidentSetSize of job (KB)
...
006 (7069990.000.000) 09/06 23:36:30 Image size of job updated: 6722380
	6434  -  MemoryUsage of job (MB)
	6588224  -  ResidentSetSize of job (KB)
...
006 (7069990.000.000) 09/06 23:41:30 Image size of job updated: 6728524
	6434  -  MemoryUsage of job (MB)
	6588224  -  ResidentSetSize of job (KB)
...
006 (7069990.000.000) 09/06 23:46:30 Image size of job updated: 6733772
	6479  -  MemoryUsage of job (MB)
	6634300  -  ResidentSetSize of job (KB)
...
006 (7069990.000.000) 09/06 23:51:31 Image size of job updated: 6738448
	6493  -  MemoryUsage of job (MB)
	6648660  -  ResidentSetSize of job (KB)
...
006 (7069990.000.000) 09/06 23:56:32 Image size of job updated: 6746328
	6493  -  MemoryUsage of job (MB)
	6648660  -  ResidentSetSize of job (KB)
...
006 (7069990.000.000) 09/07 00:01:32 Image size of job updated: 6751772
	6493  -  MemoryUsage of job (MB)
	6648660  -  ResidentSetSize of job (KB)
...
006 (7069990.000.000) 09/07 00:06:33 Image size of job updated: 6757196
	6493  -  MemoryUsage of job (MB)
	6648660  -  ResidentSetSize of job (KB)
...
006 (7069990.000.000) 09/07 00:11:34 Image size of job updated: 6762580
	6493  -  MemoryUsage of job (MB)
	6648660  -  ResidentSetSize of job (KB)
...
006 (7069990.000.000) 09/07 00:16:34 Image size of job updated: 6768172
	6493  -  MemoryUsage of job (MB)
	6648660  -  ResidentSetSize of job (KB)
...
006 (7069990.000.000) 09/07 00:21:34 Image size of job updated: 6773880
	6493  -  MemoryUsage of job (MB)
	6648660  -  ResidentSetSize of job (KB)
...
006 (7069990.000.000) 09/07 00:26:35 Image size of job updated: 6779448
	6493  -  MemoryUsage of job (MB)
	6648660  -  ResidentSetSize of job (KB)
...
006 (7069990.000.000) 09/07 00:31:35 Image size of job updated: 6785136
	6493  -  MemoryUsage of job (MB)
	6648660  -  ResidentSetSize of job (KB)
...
006 (7069990.000.000) 09/07 00:36:35 Image size of job updated: 6791284
	6493  -  MemoryUsage of job (MB)
	6648660  -  ResidentSetSize of job (KB)
...
006 (7069990.000.000) 09/07 00:41:36 Image size of job updated: 6797140
	6632  -  MemoryUsage of job (MB)
	6790948  -  ResidentSetSize of job (KB)
...
006 (7069990.000.000) 09/07 00:46:37 Image size of job updated: 6802184
	6632  -  MemoryUsage of job (MB)
	6790948  -  ResidentSetSize of job (KB)
...
006 (7069990.000.000) 09/07 00:51:37 Image size of job updated: 6807552
	6632  -  MemoryUsage of job (MB)
	6790948  -  ResidentSetSize of job (KB)
...
006 (7069990.000.000) 09/07 00:56:37 Image size of job updated: 6814392
	6632  -  MemoryUsage of job (MB)
	6790948  -  ResidentSetSize of job (KB)
...
006 (7069990.000.000) 09/07 01:01:38 Image size of job updated: 6818576
	6632  -  MemoryUsage of job (MB)
	6790948  -  ResidentSetSize of job (KB)
...
006 (7069990.000.000) 09/07 01:06:38 Image size of job updated: 6824052
	6632  -  MemoryUsage of job (MB)
	6790948  -  ResidentSetSize of job (KB)
...
006 (7069990.000.000) 09/07 01:11:38 Image size of job updated: 6829252
	6632  -  MemoryUsage of job (MB)
	6790948  -  ResidentSetSize of job (KB)
...
006 (7069990.000.000) 09/07 01:16:39 Image size of job updated: 6835780
	6632  -  MemoryUsage of job (MB)
	6790948  -  ResidentSetSize of job (KB)
...
006 (7069990.000.000) 09/07 01:21:40 Image size of job updated: 6841896
	6632  -  MemoryUsage of job (MB)
	6790948  -  ResidentSetSize of job (KB)
...
006 (7069990.000.000) 09/07 01:26:40 Image size of job updated: 6847716
	6632  -  MemoryUsage of job (MB)
	6790948  -  ResidentSetSize of job (KB)
...
006 (7069990.000.000) 09/07 01:31:41 Image size of job updated: 6853340
	6632  -  MemoryUsage of job (MB)
	6790948  -  ResidentSetSize of job (KB)
...
006 (7069990.000.000) 09/07 01:36:42 Image size of job updated: 6859120
	6632  -  MemoryUsage of job (MB)
	6790948  -  ResidentSetSize of job (KB)
...
006 (7069990.000.000) 09/07 01:41:42 Image size of job updated: 6864752
	6632  -  MemoryUsage of job (MB)
	6790948  -  ResidentSetSize of job (KB)
...
006 (7069990.000.000) 09/07 01:46:43 Image size of job updated: 6870736
	6632  -  MemoryUsage of job (MB)
	6790948  -  ResidentSetSize of job (KB)
...
006 (7069990.000.000) 09/07 01:51:44 Image size of job updated: 6876376
	6632  -  MemoryUsage of job (MB)
	6790948  -  ResidentSetSize of job (KB)
...
006 (7069990.000.000) 09/07 01:56:44 Image size of job updated: 6881548
	6632  -  MemoryUsage of job (MB)
	6790948  -  ResidentSetSize of job (KB)
...
006 (7069990.000.000) 09/07 02:01:44 Image size of job updated: 6886796
	6632  -  MemoryUsage of job (MB)
	6791136  -  ResidentSetSize of job (KB)
...
006 (7069990.000.000) 09/07 02:06:45 Image size of job updated: 6892384
	6644  -  MemoryUsage of job (MB)
	6803424  -  ResidentSetSize of job (KB)
...
006 (7069990.000.000) 09/07 02:11:45 Image size of job updated: 6897820
	6644  -  MemoryUsage of job (MB)
	6803424  -  ResidentSetSize of job (KB)
...
006 (7069990.000.000) 09/07 02:16:45 Image size of job updated: 6903244
	6644  -  MemoryUsage of job (MB)
	6803424  -  ResidentSetSize of job (KB)
...
006 (7069990.000.000) 09/07 02:21:46 Image size of job updated: 6908844
	6644  -  MemoryUsage of job (MB)
	6803424  -  ResidentSetSize of job (KB)
...
006 (7069990.000.000) 09/07 02:26:47 Image size of job updated: 6914220
	6644  -  MemoryUsage of job (MB)
	6803424  -  ResidentSetSize of job (KB)
...
006 (7069990.000.000) 09/07 02:31:47 Image size of job updated: 6919888
	6644  -  MemoryUsage of job (MB)
	6803424  -  ResidentSetSize of job (KB)
...
006 (7069990.000.000) 09/07 02:36:48 Image size of job updated: 6925540
	6644  -  MemoryUsage of job (MB)
	6803424  -  ResidentSetSize of job (KB)
...
006 (7069990.000.000) 09/07 02:41:49 Image size of job updated: 6931124
	6644  -  MemoryUsage of job (MB)
	6803424  -  ResidentSetSize of job (KB)
...
006 (7069990.000.000) 09/07 02:46:49 Image size of job updated: 6936148
	6644  -  MemoryUsage of job (MB)
	6803424  -  ResidentSetSize of job (KB)
...
006 (7069990.000.000) 09/07 02:51:49 Image size of job updated: 6941544
	6644  -  MemoryUsage of job (MB)
	6803424  -  ResidentSetSize of job (KB)
...
006 (7069990.000.000) 09/07 02:56:50 Image size of job updated: 6948532
	6644  -  MemoryUsage of job (MB)
	6803424  -  ResidentSetSize of job (KB)
...
006 (7069990.000.000) 09/07 03:01:51 Image size of job updated: 6953924
	6644  -  MemoryUsage of job (MB)
	6803424  -  ResidentSetSize of job (KB)
...
006 (7069990.000.000) 09/07 03:06:51 Image size of job updated: 6959392
	6644  -  MemoryUsage of job (MB)
	6803424  -  ResidentSetSize of job (KB)
...
006 (7069990.000.000) 09/07 03:11:52 Image size of job updated: 6964900
	6644  -  MemoryUsage of job (MB)
	6803424  -  ResidentSetSize of job (KB)
...
006 (7069990.000.000) 09/07 03:16:53 Image size of job updated: 6970264
	6644  -  MemoryUsage of job (MB)
	6803424  -  ResidentSetSize of job (KB)
...
006 (7069990.000.000) 09/07 03:21:53 Image size of job updated: 6976892
	6644  -  MemoryUsage of job (MB)
	6803424  -  ResidentSetSize of job (KB)
...
006 (7069990.000.000) 09/07 03:26:53 Image size of job updated: 6982072
	6644  -  MemoryUsage of job (MB)
	6803424  -  ResidentSetSize of job (KB)
...
006 (7069990.000.000) 09/07 03:31:54 Image size of job updated: 6987124
	6644  -  MemoryUsage of job (MB)
	6803424  -  ResidentSetSize of job (KB)
...
006 (7069990.000.000) 09/07 03:36:55 Image size of job updated: 6993012
	6739  -  MemoryUsage of job (MB)
	6900012  -  ResidentSetSize of job (KB)
...
006 (7069990.000.000) 09/07 03:41:55 Image size of job updated: 6996200
	6755  -  MemoryUsage of job (MB)
	6916396  -  ResidentSetSize of job (KB)
...
006 (7069990.000.000) 09/07 03:46:56 Image size of job updated: 7002236
	6755  -  MemoryUsage of job (MB)
	6916396  -  ResidentSetSize of job (KB)
...
006 (7069990.000.000) 09/07 03:51:57 Image size of job updated: 7007868
	6755  -  MemoryUsage of job (MB)
	6916396  -  ResidentSetSize of job (KB)
...
006 (7069990.000.000) 09/07 03:56:57 Image size of job updated: 7013492
	6755  -  MemoryUsage of job (MB)
	6916396  -  ResidentSetSize of job (KB)
...
006 (7069990.000.000) 09/07 04:01:57 Image size of job updated: 7017236
	6840  -  MemoryUsage of job (MB)
	7003920  -  ResidentSetSize of job (KB)
...
006 (7069990.000.000) 09/07 04:06:58 Image size of job updated: 7024364
	6852  -  MemoryUsage of job (MB)
	7016208  -  ResidentSetSize of job (KB)
...
006 (7069990.000.000) 09/07 04:11:58 Image size of job updated: 7029772
	6852  -  MemoryUsage of job (MB)
	7016208  -  ResidentSetSize of job (KB)
...
006 (7069990.000.000) 09/07 04:16:58 Image size of job updated: 7035360
	6852  -  MemoryUsage of job (MB)
	7016208  -  ResidentSetSize of job (KB)
...
006 (7069990.000.000) 09/07 04:21:59 Image size of job updated: 7041052
	6852  -  MemoryUsage of job (MB)
	7016208  -  ResidentSetSize of job (KB)
...
006 (7069990.000.000) 09/07 04:27:00 Image size of job updated: 7046060
	6852  -  MemoryUsage of job (MB)
	7016208  -  ResidentSetSize of job (KB)
...
006 (7069990.000.000) 09/07 04:32:00 Image size of job updated: 7051780
	6852  -  MemoryUsage of job (MB)
	7016208  -  ResidentSetSize of job (KB)
...
006 (7069990.000.000) 09/07 04:37:00 Image size of job updated: 7057496
	6852  -  MemoryUsage of job (MB)
	7016208  -  ResidentSetSize of job (KB)
...
006 (7069990.000.000) 09/07 04:42:01 Image size of job updated: 7063224
	6852  -  MemoryUsage of job (MB)
	7016208  -  ResidentSetSize of job (KB)
...
006 (7069990.000.000) 09/07 04:47:01 Image size of job updated: 7067596
	6852  -  MemoryUsage of job (MB)
	7016208  -  ResidentSetSize of job (KB)
...
006 (7069990.000.000) 09/07 04:52:01 Image size of job updated: 7073328
	6852  -  MemoryUsage of job (MB)
	7016208  -  ResidentSetSize of job (KB)
...
006 (7069990.000.000) 09/07 04:57:02 Image size of job updated: 7080528
	6852  -  MemoryUsage of job (MB)
	7016208  -  ResidentSetSize of job (KB)
...
006 (7069990.000.000) 09/07 05:02:03 Image size of job updated: 7086272
	6852  -  MemoryUsage of job (MB)
	7016208  -  ResidentSetSize of job (KB)
...
006 (7069990.000.000) 09/07 05:07:03 Image size of job updated: 7092472
	6852  -  MemoryUsage of job (MB)
	7016208  -  ResidentSetSize of job (KB)
...
006 (7069990.000.000) 09/07 05:12:04 Image size of job updated: 7098564
	6852  -  MemoryUsage of job (MB)
	7016208  -  ResidentSetSize of job (KB)
...
006 (7069990.000.000) 09/07 05:17:05 Image size of job updated: 7104832
	6852  -  MemoryUsage of job (MB)
	7016208  -  ResidentSetSize of job (KB)
...
006 (7069990.000.000) 09/07 05:22:05 Image size of job updated: 7110992
	6852  -  MemoryUsage of job (MB)
	7016208  -  ResidentSetSize of job (KB)
...
006 (7069990.000.000) 09/07 05:27:05 Image size of job updated: 7116588
	6852  -  MemoryUsage of job (MB)
	7016208  -  ResidentSetSize of job (KB)
...
006 (7069990.000.000) 09/07 05:32:06 Image size of job updated: 7122600
	6852  -  MemoryUsage of job (MB)
	7016208  -  ResidentSetSize of job (KB)
...
006 (7069990.000.000) 09/07 05:37:07 Image size of job updated: 7128560
	6852  -  MemoryUsage of job (MB)
	7016208  -  ResidentSetSize of job (KB)
...
006 (7069990.000.000) 09/07 05:42:07 Image size of job updated: 7134304
	6852  -  MemoryUsage of job (MB)
	7016208  -  ResidentSetSize of job (KB)
...
006 (7069990.000.000) 09/07 05:47:07 Image size of job updated: 7138868
	6852  -  MemoryUsage of job (MB)
	7016208  -  ResidentSetSize of job (KB)
...
006 (7069990.000.000) 09/07 05:52:08 Image size of job updated: 7144452
	6852  -  MemoryUsage of job (MB)
	7016208  -  ResidentSetSize of job (KB)
...
006 (7069990.000.000) 09/07 05:57:09 Image size of job updated: 7150164
	6852  -  MemoryUsage of job (MB)
	7016208  -  ResidentSetSize of job (KB)
...
006 (7069990.000.000) 09/07 06:02:09 Image size of job updated: 7155188
	6913  -  MemoryUsage of job (MB)
	7078168  -  ResidentSetSize of job (KB)
...
006 (7069990.000.000) 09/07 06:07:10 Image size of job updated: 7162340
	6929  -  MemoryUsage of job (MB)
	7094808  -  ResidentSetSize of job (KB)
...
006 (7069990.000.000) 09/07 06:12:11 Image size of job updated: 7168312
	6929  -  MemoryUsage of job (MB)
	7094808  -  ResidentSetSize of job (KB)
...
006 (7069990.000.000) 09/07 06:17:11 Image size of job updated: 7174248
	6929  -  MemoryUsage of job (MB)
	7094808  -  ResidentSetSize of job (KB)
...
006 (7069990.000.000) 09/07 06:22:11 Image size of job updated: 7180276
	6929  -  MemoryUsage of job (MB)
	7094808  -  ResidentSetSize of job (KB)
...
006 (7069990.000.000) 09/07 06:27:12 Image size of job updated: 7186320
	6929  -  MemoryUsage of job (MB)
	7094808  -  ResidentSetSize of job (KB)
...
006 (7069990.000.000) 09/07 06:32:13 Image size of job updated: 7192396
	6929  -  MemoryUsage of job (MB)
	7094808  -  ResidentSetSize of job (KB)
...
006 (7069990.000.000) 09/07 06:37:13 Image size of job updated: 7198956
	6929  -  MemoryUsage of job (MB)
	7094808  -  ResidentSetSize of job (KB)
...
006 (7069990.000.000) 09/07 06:42:14 Image size of job updated: 7204972
	6929  -  MemoryUsage of job (MB)
	7094808  -  ResidentSetSize of job (KB)
...
006 (7069990.000.000) 09/07 06:47:15 Image size of job updated: 7210780
	6929  -  MemoryUsage of job (MB)
	7094808  -  ResidentSetSize of job (KB)
...
006 (7069990.000.000) 09/07 06:52:15 Image size of job updated: 7216600
	6929  -  MemoryUsage of job (MB)
	7094808  -  ResidentSetSize of job (KB)
...
006 (7069990.000.000) 09/07 06:57:15 Image size of job updated: 7222480
	6929  -  MemoryUsage of job (MB)
	7094808  -  ResidentSetSize of job (KB)
...
006 (7069990.000.000) 09/07 07:02:16 Image size of job updated: 7226928
	6929  -  MemoryUsage of job (MB)
	7094808  -  ResidentSetSize of job (KB)
...
006 (7069990.000.000) 09/07 07:07:16 Image size of job updated: 7233012
	6929  -  MemoryUsage of job (MB)
	7094808  -  ResidentSetSize of job (KB)
...
006 (7069990.000.000) 09/07 07:12:17 Image size of job updated: 7238660
	6929  -  MemoryUsage of job (MB)
	7094808  -  ResidentSetSize of job (KB)
...
006 (7069990.000.000) 09/07 07:17:18 Image size of job updated: 7243936
	6929  -  MemoryUsage of job (MB)
	7094808  -  ResidentSetSize of job (KB)
...
006 (7069990.000.000) 09/07 07:22:18 Image size of job updated: 7250832
	6929  -  MemoryUsage of job (MB)
	7094808  -  ResidentSetSize of job (KB)
...
006 (7069990.000.000) 09/07 07:27:18 Image size of job updated: 7255984
	6929  -  MemoryUsage of job (MB)
	7094808  -  ResidentSetSize of job (KB)
...
006 (7069990.000.000) 09/07 07:32:19 Image size of job updated: 7261280
	6929  -  MemoryUsage of job (MB)
	7094808  -  ResidentSetSize of job (KB)
...
006 (7069990.000.000) 09/07 07:37:19 Image size of job updated: 7266652
	6929  -  MemoryUsage of job (MB)
	7094808  -  ResidentSetSize of job (KB)
...
006 (7069990.000.000) 09/07 07:42:19 Image size of job updated: 7272004
	6929  -  MemoryUsage of job (MB)
	7094808  -  ResidentSetSize of job (KB)
...
006 (7069990.000.000) 09/07 07:47:20 Image size of job updated: 7277568
	6929  -  MemoryUsage of job (MB)
	7094808  -  ResidentSetSize of job (KB)
...
006 (7069990.000.000) 09/07 07:52:21 Image size of job updated: 7283312
	6929  -  MemoryUsage of job (MB)
	7094808  -  ResidentSetSize of job (KB)
...
006 (7069990.000.000) 09/07 07:57:21 Image size of job updated: 7288704
	6929  -  MemoryUsage of job (MB)
	7094808  -  ResidentSetSize of job (KB)
...
006 (7069990.000.000) 09/07 08:02:21 Image size of job updated: 7294320
	6929  -  MemoryUsage of job (MB)
	7094808  -  ResidentSetSize of job (KB)
...
006 (7069990.000.000) 09/07 08:07:22 Image size of job updated: 7300100
	6929  -  MemoryUsage of job (MB)
	7094808  -  ResidentSetSize of job (KB)
...
006 (7069990.000.000) 09/07 08:12:23 Image size of job updated: 7306124
	6929  -  MemoryUsage of job (MB)
	7094808  -  ResidentSetSize of job (KB)
...
006 (7069990.000.000) 09/07 08:17:23 Image size of job updated: 7311804
	6929  -  MemoryUsage of job (MB)
	7094808  -  ResidentSetSize of job (KB)
...
006 (7069990.000.000) 09/07 08:22:23 Image size of job updated: 7317268
	6938  -  MemoryUsage of job (MB)
	7104428  -  ResidentSetSize of job (KB)
...
006 (7069990.000.000) 09/07 08:27:24 Image size of job updated: 7322528
	6952  -  MemoryUsage of job (MB)
	7118764  -  ResidentSetSize of job (KB)
...
006 (7069990.000.000) 09/07 08:32:24 Image size of job updated: 7327932
	6952  -  MemoryUsage of job (MB)
	7118764  -  ResidentSetSize of job (KB)
...
006 (7069990.000.000) 09/07 08:37:24 Image size of job updated: 7333412
	6952  -  MemoryUsage of job (MB)
	7118764  -  ResidentSetSize of job (KB)
...
006 (7069990.000.000) 09/07 08:42:25 Image size of job updated: 7339040
	6952  -  MemoryUsage of job (MB)
	7118764  -  ResidentSetSize of job (KB)
...
006 (7069990.000.000) 09/07 08:47:26 Image size of job updated: 7343424
	6952  -  MemoryUsage of job (MB)
	7118764  -  ResidentSetSize of job (KB)
...
006 (7069990.000.000) 09/07 08:52:26 Image size of job updated: 7348776
	7053  -  MemoryUsage of job (MB)
	7222048  -  ResidentSetSize of job (KB)
...
006 (7069990.000.000) 09/07 08:57:26 Image size of job updated: 7353908
	7069  -  MemoryUsage of job (MB)
	7238432  -  ResidentSetSize of job (KB)
...
006 (7069990.000.000) 09/07 09:02:27 Image size of job updated: 7359564
	7069  -  MemoryUsage of job (MB)
	7238432  -  ResidentSetSize of job (KB)
...
006 (7069990.000.000) 09/07 09:07:27 Image size of job updated: 7365016
	7069  -  MemoryUsage of job (MB)
	7238432  -  ResidentSetSize of job (KB)
...
006 (7069990.000.000) 09/07 09:12:27 Image size of job updated: 7371648
	7069  -  MemoryUsage of job (MB)
	7238432  -  ResidentSetSize of job (KB)
...
006 (7069990.000.000) 09/07 09:17:28 Image size of job updated: 7376960
	7069  -  MemoryUsage of job (MB)
	7238432  -  ResidentSetSize of job (KB)
...
006 (7069990.000.000) 09/07 09:22:29 Image size of job updated: 7382112
	7069  -  MemoryUsage of job (MB)
	7238432  -  ResidentSetSize of job (KB)
...
006 (7069990.000.000) 09/07 09:27:29 Image size of job updated: 7387200
	7069  -  MemoryUsage of job (MB)
	7238432  -  ResidentSetSize of job (KB)
...
006 (7069990.000.000) 09/07 09:32:29 Image size of job updated: 7392608
	7069  -  MemoryUsage of job (MB)
	7238432  -  ResidentSetSize of job (KB)
...
006 (7069990.000.000) 09/07 09:37:30 Image size of job updated: 7398592
	7069  -  MemoryUsage of job (MB)
	7238432  -  ResidentSetSize of job (KB)
...
006 (7069990.000.000) 09/07 09:42:31 Image size of job updated: 7404308
	7214  -  MemoryUsage of job (MB)
	7387060  -  ResidentSetSize of job (KB)
...
006 (7069990.000.000) 09/07 09:47:31 Image size of job updated: 7408588
	7228  -  MemoryUsage of job (MB)
	7401132  -  ResidentSetSize of job (KB)
...
006 (7069990.000.000) 09/07 09:52:32 Image size of job updated: 7414024
	7228  -  MemoryUsage of job (MB)
	7401132  -  ResidentSetSize of job (KB)
...
006 (7069990.000.000) 09/07 09:57:33 Image size of job updated: 7419444
	7228  -  MemoryUsage of job (MB)
	7401132  -  ResidentSetSize of job (KB)
...
006 (7069990.000.000) 09/07 10:02:33 Image size of job updated: 7426268
	7228  -  MemoryUsage of job (MB)
	7401132  -  ResidentSetSize of job (KB)
...
006 (7069990.000.000) 09/07 10:07:33 Image size of job updated: 7431696
	7256  -  MemoryUsage of job (MB)
	7429808  -  ResidentSetSize of job (KB)
...
006 (7069990.000.000) 09/07 10:12:34 Image size of job updated: 7436672
	7256  -  MemoryUsage of job (MB)
	7429808  -  ResidentSetSize of job (KB)
...
006 (7069990.000.000) 09/07 10:17:35 Image size of job updated: 7441840
	7256  -  MemoryUsage of job (MB)
	7429808  -  ResidentSetSize of job (KB)
...
006 (7069990.000.000) 09/07 10:22:35 Image size of job updated: 7447128
	7256  -  MemoryUsage of job (MB)
	7429808  -  ResidentSetSize of job (KB)
...
006 (7069990.000.000) 09/07 10:27:36 Image size of job updated: 7452612
	7256  -  MemoryUsage of job (MB)
	7429808  -  ResidentSetSize of job (KB)
...
006 (7069990.000.000) 09/07 10:32:37 Image size of job updated: 7457944
	7256  -  MemoryUsage of job (MB)
	7429808  -  ResidentSetSize of job (KB)
...
006 (7069990.000.000) 09/07 10:37:37 Image size of job updated: 7463264
	7256  -  MemoryUsage of job (MB)
	7429808  -  ResidentSetSize of job (KB)
...
006 (7069990.000.000) 09/07 10:42:37 Image size of job updated: 7468576
	7256  -  MemoryUsage of job (MB)
	7429808  -  ResidentSetSize of job (KB)
...
006 (7069990.000.000) 09/07 10:47:38 Image size of job updated: 7472912
	7256  -  MemoryUsage of job (MB)
	7429808  -  ResidentSetSize of job (KB)
...
006 (7069990.000.000) 09/07 10:52:39 Image size of job updated: 7478420
	7256  -  MemoryUsage of job (MB)
	7429808  -  ResidentSetSize of job (KB)
...
006 (7069990.000.000) 09/07 10:57:39 Image size of job updated: 7483712
	7256  -  MemoryUsage of job (MB)
	7429808  -  ResidentSetSize of job (KB)
...
006 (7069990.000.000) 09/07 11:02:39 Image size of job updated: 7489084
	7256  -  MemoryUsage of job (MB)
	7429808  -  ResidentSetSize of job (KB)
...
006 (7069990.000.000) 09/07 11:07:40 Image size of job updated: 7495512
	7256  -  MemoryUsage of job (MB)
	7429808  -  ResidentSetSize of job (KB)
...
006 (7069990.000.000) 09/07 11:12:40 Image size of job updated: 7500808
	7256  -  MemoryUsage of job (MB)
	7429808  -  ResidentSetSize of job (KB)
...
006 (7069990.000.000) 09/07 11:17:40 Image size of job updated: 7506056
	7256  -  MemoryUsage of job (MB)
	7429808  -  ResidentSetSize of job (KB)
...
006 (7069990.000.000) 09/07 11:22:41 Image size of job updated: 7511364
	7256  -  MemoryUsage of job (MB)
	7429808  -  ResidentSetSize of job (KB)
...
006 (7069990.000.000) 09/07 11:27:42 Image size of job updated: 7516788
	7256  -  MemoryUsage of job (MB)
	7429808  -  ResidentSetSize of job (KB)
...
006 (7069990.000.000) 09/07 11:32:42 Image size of job updated: 7522032
	7256  -  MemoryUsage of job (MB)
	7429808  -  ResidentSetSize of job (KB)
...
006 (7069990.000.000) 09/07 11:37:43 Image size of job updated: 7527220
	7256  -  MemoryUsage of job (MB)
	7429808  -  ResidentSetSize of job (KB)
...
006 (7069990.000.000) 09/07 11:42:44 Image size of job updated: 7532160
	7256  -  MemoryUsage of job (MB)
	7429808  -  ResidentSetSize of job (KB)
...
006 (7069990.000.000) 09/07 11:47:44 Image size of job updated: 7536592
	7256  -  MemoryUsage of job (MB)
	7429808  -  ResidentSetSize of job (KB)
...
006 (7069990.000.000) 09/07 11:52:44 Image size of job updated: 7543480
	7256  -  MemoryUsage of job (MB)
	7429808  -  ResidentSetSize of job (KB)
...
006 (7069990.000.000) 09/07 11:57:45 Image size of job updated: 7548960
	7256  -  MemoryUsage of job (MB)
	7429808  -  ResidentSetSize of job (KB)
...
006 (7069990.000.000) 09/07 12:02:46 Image size of job updated: 7554276
	7256  -  MemoryUsage of job (MB)
	7429808  -  ResidentSetSize of job (KB)
...
006 (7069990.000.000) 09/07 12:07:46 Image size of job updated: 7559656
	7256  -  MemoryUsage of job (MB)
	7429808  -  ResidentSetSize of job (KB)
...
006 (7069990.000.000) 09/07 12:12:46 Image size of job updated: 7564860
	7256  -  MemoryUsage of job (MB)
	7429808  -  ResidentSetSize of job (KB)
...
006 (7069990.000.000) 09/07 12:17:47 Image size of job updated: 7569808
	7256  -  MemoryUsage of job (MB)
	7429808  -  ResidentSetSize of job (KB)
...
006 (7069990.000.000) 09/07 12:22:48 Image size of job updated: 7575268
	7256  -  MemoryUsage of job (MB)
	7429808  -  ResidentSetSize of job (KB)
...
006 (7069990.000.000) 09/07 12:27:48 Image size of job updated: 7580104
	7256  -  MemoryUsage of job (MB)
	7429808  -  ResidentSetSize of job (KB)
...
006 (7069990.000.000) 09/07 12:32:49 Image size of job updated: 7584900
	7256  -  MemoryUsage of job (MB)
	7429808  -  ResidentSetSize of job (KB)
...
006 (7069990.000.000) 09/07 12:37:49 Image size of job updated: 7589716
	7256  -  MemoryUsage of job (MB)
	7429808  -  ResidentSetSize of job (KB)
...
006 (7069990.000.000) 09/07 12:42:49 Image size of job updated: 7594536
	7256  -  MemoryUsage of job (MB)
	7429808  -  ResidentSetSize of job (KB)
...
006 (7069990.000.000) 09/07 12:47:50 Image size of job updated: 7598556
	7257  -  MemoryUsage of job (MB)
	7430384  -  ResidentSetSize of job (KB)
...
006 (7069990.000.000) 09/07 12:52:50 Image size of job updated: 7603632
	7257  -  MemoryUsage of job (MB)
	7430384  -  ResidentSetSize of job (KB)
...
006 (7069990.000.000) 09/07 12:57:50 Image size of job updated: 7610068
	7257  -  MemoryUsage of job (MB)
	7430384  -  ResidentSetSize of job (KB)
...
006 (7069990.000.000) 09/07 13:02:52 Image size of job updated: 7615536
	7333  -  MemoryUsage of job (MB)
	7508248  -  ResidentSetSize of job (KB)
...
006 (7069990.000.000) 09/07 13:07:52 Image size of job updated: 7621244
	7417  -  MemoryUsage of job (MB)
	7594520  -  ResidentSetSize of job (KB)
...
006 (7069990.000.000) 09/07 13:12:52 Image size of job updated: 7626864
	7417  -  MemoryUsage of job (MB)
	7594520  -  ResidentSetSize of job (KB)
...
006 (7069990.000.000) 09/07 13:17:53 Image size of job updated: 7632460
	7417  -  MemoryUsage of job (MB)
	7594520  -  ResidentSetSize of job (KB)
...
006 (7069990.000.000) 09/07 13:22:54 Image size of job updated: 7637876
	7417  -  MemoryUsage of job (MB)
	7594520  -  ResidentSetSize of job (KB)
...
006 (7069990.000.000) 09/07 13:27:54 Image size of job updated: 7643156
	7417  -  MemoryUsage of job (MB)
	7594520  -  ResidentSetSize of job (KB)
...
006 (7069990.000.000) 09/07 13:32:54 Image size of job updated: 7648336
	7417  -  MemoryUsage of job (MB)
	7594520  -  ResidentSetSize of job (KB)
...
006 (7069990.000.000) 09/07 13:37:55 Image size of job updated: 7653768
	7417  -  MemoryUsage of job (MB)
	7594520  -  ResidentSetSize of job (KB)
...
006 (7069990.000.000) 09/07 13:42:55 Image size of job updated: 7659036
	7417  -  MemoryUsage of job (MB)
	7594520  -  ResidentSetSize of job (KB)
...
006 (7069990.000.000) 09/07 13:47:55 Image size of job updated: 7663396
	7417  -  MemoryUsage of job (MB)
	7594520  -  ResidentSetSize of job (KB)
...
006 (7069990.000.000) 09/07 13:52:56 Image size of job updated: 7669732
	7417  -  MemoryUsage of job (MB)
	7594520  -  ResidentSetSize of job (KB)
...
006 (7069990.000.000) 09/07 13:57:57 Image size of job updated: 7675704
	7417  -  MemoryUsage of job (MB)
	7594520  -  ResidentSetSize of job (KB)
...
006 (7069990.000.000) 09/07 14:02:57 Image size of job updated: 7681592
	7417  -  MemoryUsage of job (MB)
	7594520  -  ResidentSetSize of job (KB)
...
006 (7069990.000.000) 09/07 14:07:58 Image size of job updated: 7687356
	7417  -  MemoryUsage of job (MB)
	7594520  -  ResidentSetSize of job (KB)
...
006 (7069990.000.000) 09/07 14:12:59 Image size of job updated: 7692908
	7417  -  MemoryUsage of job (MB)
	7594520  -  ResidentSetSize of job (KB)
...
006 (7069990.000.000) 09/07 14:17:59 Image size of job updated: 7698544
	7417  -  MemoryUsage of job (MB)
	7594520  -  ResidentSetSize of job (KB)
...
006 (7069990.000.000) 09/07 14:22:59 Image size of job updated: 7704068
	7417  -  MemoryUsage of job (MB)
	7594520  -  ResidentSetSize of job (KB)
...
006 (7069990.000.000) 09/07 14:28:00 Image size of job updated: 7709508
	7417  -  MemoryUsage of job (MB)
	7594520  -  ResidentSetSize of job (KB)
...
006 (7069990.000.000) 09/07 14:33:01 Image size of job updated: 7715104
	7417  -  MemoryUsage of job (MB)
	7594520  -  ResidentSetSize of job (KB)
...
006 (7069990.000.000) 09/07 14:38:01 Image size of job updated: 7720696
	7417  -  MemoryUsage of job (MB)
	7594520  -  ResidentSetSize of job (KB)
...
006 (7069990.000.000) 09/07 14:43:01 Image size of job updated: 7726244
	7417  -  MemoryUsage of job (MB)
	7594520  -  ResidentSetSize of job (KB)
...
006 (7069990.000.000) 09/07 14:48:02 Image size of job updated: 7731256
	7417  -  MemoryUsage of job (MB)
	7594520  -  ResidentSetSize of job (KB)
...
006 (7069990.000.000) 09/07 14:53:03 Image size of job updated: 7736828
	7417  -  MemoryUsage of job (MB)
	7594520  -  ResidentSetSize of job (KB)
...
006 (7069990.000.000) 09/07 14:58:03 Image size of job updated: 7742344
	7417  -  MemoryUsage of job (MB)
	7594520  -  ResidentSetSize of job (KB)
...
006 (7069990.000.000) 09/07 15:03:03 Image size of job updated: 7748648
	7417  -  MemoryUsage of job (MB)
	7594520  -  ResidentSetSize of job (KB)
...
006 (7069990.000.000) 09/07 15:08:04 Image size of job updated: 7754764
	7417  -  MemoryUsage of job (MB)
	7594520  -  ResidentSetSize of job (KB)
...
006 (7069990.000.000) 09/07 15:13:05 Image size of job updated: 7760148
	7417  -  MemoryUsage of job (MB)
	7594520  -  ResidentSetSize of job (KB)
...
006 (7069990.000.000) 09/07 15:18:05 Image size of job updated: 7765376
	7417  -  MemoryUsage of job (MB)
	7594520  -  ResidentSetSize of job (KB)
...
006 (7069990.000.000) 09/07 15:23:06 Image size of job updated: 7769300
	7417  -  MemoryUsage of job (MB)
	7594520  -  ResidentSetSize of job (KB)
...
006 (7069990.000.000) 09/07 15:28:07 Image size of job updated: 7774540
	7417  -  MemoryUsage of job (MB)
	7594520  -  ResidentSetSize of job (KB)
...
006 (7069990.000.000) 09/07 15:33:07 Image size of job updated: 7781256
	7417  -  MemoryUsage of job (MB)
	7594520  -  ResidentSetSize of job (KB)
...
006 (7069990.000.000) 09/07 15:38:07 Image size of job updated: 7786556
	7417  -  MemoryUsage of job (MB)
	7594520  -  ResidentSetSize of job (KB)
...
006 (7069990.000.000) 09/07 15:43:08 Image size of job updated: 7791780
	7417  -  MemoryUsage of job (MB)
	7594520  -  ResidentSetSize of job (KB)
...
006 (7069990.000.000) 09/07 15:48:08 Image size of job updated: 7797616
	7417  -  MemoryUsage of job (MB)
	7594520  -  ResidentSetSize of job (KB)
...
006 (7069990.000.000) 09/07 15:53:08 Image size of job updated: 7803304
	7603  -  MemoryUsage of job (MB)
	7784692  -  ResidentSetSize of job (KB)
...
006 (7069990.000.000) 09/07 15:58:09 Image size of job updated: 7808784
	7619  -  MemoryUsage of job (MB)
	7801076  -  ResidentSetSize of job (KB)
...
006 (7069990.000.000) 09/07 16:03:10 Image size of job updated: 7814304
	7619  -  MemoryUsage of job (MB)
	7801076  -  ResidentSetSize of job (KB)
...
006 (7069990.000.000) 09/07 16:08:10 Image size of job updated: 7819752
	7619  -  MemoryUsage of job (MB)
	7801076  -  ResidentSetSize of job (KB)
...
006 (7069990.000.000) 09/07 16:13:10 Image size of job updated: 7825068
	7619  -  MemoryUsage of job (MB)
	7801076  -  ResidentSetSize of job (KB)
...
006 (7069990.000.000) 09/07 16:18:11 Image size of job updated: 7830204
	7619  -  MemoryUsage of job (MB)
	7801076  -  ResidentSetSize of job (KB)
...
006 (7069990.000.000) 09/07 16:23:12 Image size of job updated: 7835448
	7619  -  MemoryUsage of job (MB)
	7801076  -  ResidentSetSize of job (KB)
...
006 (7069990.000.000) 09/07 16:28:12 Image size of job updated: 7840992
	7619  -  MemoryUsage of job (MB)
	7801076  -  ResidentSetSize of job (KB)
...
006 (7069990.000.000) 09/07 16:33:12 Image size of job updated: 7846148
	7619  -  MemoryUsage of job (MB)
	7801076  -  ResidentSetSize of job (KB)
...
006 (7069990.000.000) 09/07 16:38:13 Image size of job updated: 7851392
	7619  -  MemoryUsage of job (MB)
	7801076  -  ResidentSetSize of job (KB)
...
006 (7069990.000.000) 09/07 16:43:13 Image size of job updated: 7856864
	7619  -  MemoryUsage of job (MB)
	7801076  -  ResidentSetSize of job (KB)
...
006 (7069990.000.000) 09/07 16:48:13 Image size of job updated: 7860812
	7619  -  MemoryUsage of job (MB)
	7801076  -  ResidentSetSize of job (KB)
...
006 (7069990.000.000) 09/07 16:53:14 Image size of job updated: 7866144
	7619  -  MemoryUsage of job (MB)
	7801076  -  ResidentSetSize of job (KB)
...
006 (7069990.000.000) 09/07 16:58:15 Image size of job updated: 7871556
	7619  -  MemoryUsage of job (MB)
	7801076  -  ResidentSetSize of job (KB)
...
006 (7069990.000.000) 09/07 17:03:15 Image size of job updated: 7878104
	7619  -  MemoryUsage of job (MB)
	7801076  -  ResidentSetSize of job (KB)
...
006 (7069990.000.000) 09/07 17:08:15 Image size of job updated: 7883676
	7619  -  MemoryUsage of job (MB)
	7801076  -  ResidentSetSize of job (KB)
...
006 (7069990.000.000) 09/07 17:13:16 Image size of job updated: 7888896
	7619  -  MemoryUsage of job (MB)
	7801076  -  ResidentSetSize of job (KB)
...
006 (7069990.000.000) 09/07 17:18:17 Image size of job updated: 7894136
	7619  -  MemoryUsage of job (MB)
	7801076  -  ResidentSetSize of job (KB)
...
006 (7069990.000.000) 09/07 17:23:17 Image size of job updated: 7899440
	7619  -  MemoryUsage of job (MB)
	7801076  -  ResidentSetSize of job (KB)
...
006 (7069990.000.000) 09/07 17:26:17 Image size of job updated: 7902600
	7619  -  MemoryUsage of job (MB)
	7801076  -  ResidentSetSize of job (KB)
...
040 (7069990.000.000) 09/07 17:26:17 Started transferring output files
...
040 (7069990.000.000) 09/07 17:26:18 Finished transferring output files
...
009 (7069990.000.000) 09/07 17:26:19 Job was aborted.
	Job removed by SYSTEM_PERIODIC_REMOVE due to wall time exceeded allowed max.
...
000 (7076241.000.000) 09/07 22:39:09 Job submitted from host: <137.138.55.115:9618?addrs=137.138.55.115-9618+[2001-1458-d00-17--12a]-9618&alias=bigbird23.cern.ch&noUDP&sock=schedd_23881_f548>
...
040 (7076241.000.000) 09/07 22:41:52 Started transferring input files
	Transferring to host: <188.185.196.137:9618?addrs=188.185.196.137-9618+[2001-1458-303-23--100-85]-9618&alias=b9p16p3761.cern.ch&noUDP&sock=slot1_21_1158882_f4cf_32913>
...
040 (7076241.000.000) 09/07 22:41:52 Finished transferring input files
...
001 (7076241.000.000) 09/07 22:41:53 Job executing on host: <188.185.196.137:9618?addrs=188.185.196.137-9618+[2001-1458-303-23--100-85]-9618&alias=b9p16p3761.cern.ch&noUDP&sock=startd_127972_b9e9>
	SlotName: slot1_21@b9p16p3761.cern.ch
	CondorScratchDir = "/pool/condor/dir_2206280"
	Cpus = 1
	Disk = 2868820
	Memory = 2000
...
006 (7076241.000.000) 09/07 22:42:02 Image size of job updated: 1
	0  -  MemoryUsage of job (MB)
	0  -  ResidentSetSize of job (KB)
...
006 (7076241.000.000) 09/07 22:47:03 Image size of job updated: 662324
	346  -  MemoryUsage of job (MB)
	353992  -  ResidentSetSize of job (KB)
...
006 (7076241.000.000) 09/07 22:52:04 Image size of job updated: 662324
	361  -  MemoryUsage of job (MB)
	369524  -  ResidentSetSize of job (KB)
...
006 (7076241.000.000) 09/07 22:57:04 Image size of job updated: 662324
	369  -  MemoryUsage of job (MB)
	377600  -  ResidentSetSize of job (KB)
...
006 (7076241.000.000) 09/07 23:02:05 Image size of job updated: 662324
	436  -  MemoryUsage of job (MB)
	445480  -  ResidentSetSize of job (KB)
...
006 (7076241.000.000) 09/07 23:07:06 Image size of job updated: 662324
	528  -  MemoryUsage of job (MB)
	540376  -  ResidentSetSize of job (KB)
...
006 (7076241.000.000) 09/07 23:12:06 Image size of job updated: 662324
	534  -  MemoryUsage of job (MB)
	546520  -  ResidentSetSize of job (KB)
...
006 (7076241.000.000) 09/07 23:27:07 Image size of job updated: 666596
	534  -  MemoryUsage of job (MB)
	546520  -  ResidentSetSize of job (KB)
...
006 (7076241.000.000) 09/07 23:32:07 Image size of job updated: 693136
	534  -  MemoryUsage of job (MB)
	546520  -  ResidentSetSize of job (KB)
...
006 (7076241.000.000) 09/07 23:37:08 Image size of job updated: 719044
	546  -  MemoryUsage of job (MB)
	558756  -  ResidentSetSize of job (KB)
...
006 (7076241.000.000) 09/07 23:42:09 Image size of job updated: 744772
	550  -  MemoryUsage of job (MB)
	562852  -  ResidentSetSize of job (KB)
...
006 (7076241.000.000) 09/07 23:47:09 Image size of job updated: 767656
	692  -  MemoryUsage of job (MB)
	707868  -  ResidentSetSize of job (KB)
...
006 (7076241.000.000) 09/07 23:52:10 Image size of job updated: 789864
	694  -  MemoryUsage of job (MB)
	709916  -  ResidentSetSize of job (KB)
...
006 (7076241.000.000) 09/07 23:57:11 Image size of job updated: 812604
	694  -  MemoryUsage of job (MB)
	709916  -  ResidentSetSize of job (KB)
...
006 (7076241.000.000) 09/08 00:02:11 Image size of job updated: 833848
	694  -  MemoryUsage of job (MB)
	709916  -  ResidentSetSize of job (KB)
...
006 (7076241.000.000) 09/08 00:07:11 Image size of job updated: 855956
	754  -  MemoryUsage of job (MB)
	771224  -  ResidentSetSize of job (KB)
...
006 (7076241.000.000) 09/08 00:12:12 Image size of job updated: 878372
	808  -  MemoryUsage of job (MB)
	826564  -  ResidentSetSize of job (KB)
...
006 (7076241.000.000) 09/08 00:17:12 Image size of job updated: 900144
	812  -  MemoryUsage of job (MB)
	830660  -  ResidentSetSize of job (KB)
...
006 (7076241.000.000) 09/08 00:22:12 Image size of job updated: 915116
	812  -  MemoryUsage of job (MB)
	830660  -  ResidentSetSize of job (KB)
...
006 (7076241.000.000) 09/08 00:27:13 Image size of job updated: 926840
	812  -  MemoryUsage of job (MB)
	830660  -  ResidentSetSize of job (KB)
...
006 (7076241.000.000) 09/08 00:32:14 Image size of job updated: 948064
	812  -  MemoryUsage of job (MB)
	830660  -  ResidentSetSize of job (KB)
...
006 (7076241.000.000) 09/08 00:37:14 Image size of job updated: 967924
	812  -  MemoryUsage of job (MB)
	830660  -  ResidentSetSize of job (KB)
...
006 (7076241.000.000) 09/08 00:42:15 Image size of job updated: 987316
	812  -  MemoryUsage of job (MB)
	830660  -  ResidentSetSize of job (KB)
...
006 (7076241.000.000) 09/08 00:47:16 Image size of job updated: 1006308
	901  -  MemoryUsage of job (MB)
	921752  -  ResidentSetSize of job (KB)
...
006 (7076241.000.000) 09/08 00:52:16 Image size of job updated: 1024736
	907  -  MemoryUsage of job (MB)
	927896  -  ResidentSetSize of job (KB)
...
006 (7076241.000.000) 09/08 00:57:16 Image size of job updated: 1042820
	907  -  MemoryUsage of job (MB)
	927896  -  ResidentSetSize of job (KB)
...
006 (7076241.000.000) 09/08 01:02:17 Image size of job updated: 1060620
	907  -  MemoryUsage of job (MB)
	928160  -  ResidentSetSize of job (KB)
...
006 (7076241.000.000) 09/08 01:07:18 Image size of job updated: 1077824
	948  -  MemoryUsage of job (MB)
	970052  -  ResidentSetSize of job (KB)
...
006 (7076241.000.000) 09/08 01:12:18 Image size of job updated: 1086020
	978  -  MemoryUsage of job (MB)
	1000680  -  ResidentSetSize of job (KB)
...
006 (7076241.000.000) 09/08 01:17:19 Image size of job updated: 1097684
	984  -  MemoryUsage of job (MB)
	1006608  -  ResidentSetSize of job (KB)
...
006 (7076241.000.000) 09/08 01:22:20 Image size of job updated: 1112864
	984  -  MemoryUsage of job (MB)
	1006608  -  ResidentSetSize of job (KB)
...
006 (7076241.000.000) 09/08 01:27:20 Image size of job updated: 1127552
	984  -  MemoryUsage of job (MB)
	1006608  -  ResidentSetSize of job (KB)
...
006 (7076241.000.000) 09/08 01:32:20 Image size of job updated: 1142568
	1055  -  MemoryUsage of job (MB)
	1079892  -  ResidentSetSize of job (KB)
...
006 (7076241.000.000) 09/08 01:37:21 Image size of job updated: 1157052
	1057  -  MemoryUsage of job (MB)
	1081940  -  ResidentSetSize of job (KB)
...
006 (7076241.000.000) 09/08 01:42:21 Image size of job updated: 1170880
	1057  -  MemoryUsage of job (MB)
	1081940  -  ResidentSetSize of job (KB)
...
006 (7076241.000.000) 09/08 01:47:21 Image size of job updated: 1183492
	1057  -  MemoryUsage of job (MB)
	1081940  -  ResidentSetSize of job (KB)
...
006 (7076241.000.000) 09/08 01:52:22 Image size of job updated: 1198436
	1057  -  MemoryUsage of job (MB)
	1081940  -  ResidentSetSize of job (KB)
...
006 (7076241.000.000) 09/08 01:57:23 Image size of job updated: 1211548
	1057  -  MemoryUsage of job (MB)
	1081940  -  ResidentSetSize of job (KB)
...
006 (7076241.000.000) 09/08 02:02:23 Image size of job updated: 1225292
	1170  -  MemoryUsage of job (MB)
	1197972  -  ResidentSetSize of job (KB)
...
006 (7076241.000.000) 09/08 02:07:24 Image size of job updated: 1238220
	1176  -  MemoryUsage of job (MB)
	1204116  -  ResidentSetSize of job (KB)
...
006 (7076241.000.000) 09/08 02:12:25 Image size of job updated: 1251048
	1176  -  MemoryUsage of job (MB)
	1204116  -  ResidentSetSize of job (KB)
...
006 (7076241.000.000) 09/08 02:17:25 Image size of job updated: 1263492
	1176  -  MemoryUsage of job (MB)
	1204116  -  ResidentSetSize of job (KB)
...
006 (7076241.000.000) 09/08 02:22:25 Image size of job updated: 1276144
	1176  -  MemoryUsage of job (MB)
	1204116  -  ResidentSetSize of job (KB)
...
006 (7076241.000.000) 09/08 02:27:26 Image size of job updated: 1288844
	1176  -  MemoryUsage of job (MB)
	1204116  -  ResidentSetSize of job (KB)
...
006 (7076241.000.000) 09/08 02:32:26 Image size of job updated: 1302068
	1176  -  MemoryUsage of job (MB)
	1204116  -  ResidentSetSize of job (KB)
...
006 (7076241.000.000) 09/08 02:37:26 Image size of job updated: 1315028
	1265  -  MemoryUsage of job (MB)
	1294556  -  ResidentSetSize of job (KB)
...
006 (7076241.000.000) 09/08 02:42:28 Image size of job updated: 1326052
	1271  -  MemoryUsage of job (MB)
	1300700  -  ResidentSetSize of job (KB)
...
006 (7076241.000.000) 09/08 02:47:28 Image size of job updated: 1338552
	1304  -  MemoryUsage of job (MB)
	1334468  -  ResidentSetSize of job (KB)
...
006 (7076241.000.000) 09/08 02:52:28 Image size of job updated: 1350556
	1304  -  MemoryUsage of job (MB)
	1334468  -  ResidentSetSize of job (KB)
...
006 (7076241.000.000) 09/08 02:57:28 Image size of job updated: 1362452
	1331  -  MemoryUsage of job (MB)
	1362348  -  ResidentSetSize of job (KB)
...
006 (7076241.000.000) 09/08 03:02:28 Image size of job updated: 1374428
	1331  -  MemoryUsage of job (MB)
	1362348  -  ResidentSetSize of job (KB)
...
006 (7076241.000.000) 09/08 03:07:29 Image size of job updated: 1385680
	1354  -  MemoryUsage of job (MB)
	1385592  -  ResidentSetSize of job (KB)
...
006 (7076241.000.000) 09/08 03:12:30 Image size of job updated: 1397408
	1354  -  MemoryUsage of job (MB)
	1385592  -  ResidentSetSize of job (KB)
...
006 (7076241.000.000) 09/08 03:17:30 Image size of job updated: 1407744
	1354  -  MemoryUsage of job (MB)
	1385592  -  ResidentSetSize of job (KB)
...
006 (7076241.000.000) 09/08 03:22:31 Image size of job updated: 1418828
	1354  -  MemoryUsage of job (MB)
	1385592  -  ResidentSetSize of job (KB)
...
006 (7076241.000.000) 09/08 03:27:32 Image size of job updated: 1426924
	1365  -  MemoryUsage of job (MB)
	1397164  -  ResidentSetSize of job (KB)
...
006 (7076241.000.000) 09/08 03:32:32 Image size of job updated: 1432552
	1366  -  MemoryUsage of job (MB)
	1398188  -  ResidentSetSize of job (KB)
...
006 (7076241.000.000) 09/08 03:42:33 Image size of job updated: 1440920
	1366  -  MemoryUsage of job (MB)
	1398188  -  ResidentSetSize of job (KB)
...
006 (7076241.000.000) 09/08 03:47:33 Image size of job updated: 1450860
	1366  -  MemoryUsage of job (MB)
	1398188  -  ResidentSetSize of job (KB)
...
006 (7076241.000.000) 09/08 03:52:33 Image size of job updated: 1464312
	1366  -  MemoryUsage of job (MB)
	1398188  -  ResidentSetSize of job (KB)
...
006 (7076241.000.000) 09/08 03:57:34 Image size of job updated: 1475216
	1372  -  MemoryUsage of job (MB)
	1404100  -  ResidentSetSize of job (KB)
...
006 (7076241.000.000) 09/08 04:02:35 Image size of job updated: 1486264
	1378  -  MemoryUsage of job (MB)
	1410244  -  ResidentSetSize of job (KB)
...
006 (7076241.000.000) 09/08 04:07:35 Image size of job updated: 1496980
	1378  -  MemoryUsage of job (MB)
	1410244  -  ResidentSetSize of job (KB)
...
006 (7076241.000.000) 09/08 04:12:36 Image size of job updated: 1507536
	1396  -  MemoryUsage of job (MB)
	1429380  -  ResidentSetSize of job (KB)
...
006 (7076241.000.000) 09/08 04:17:37 Image size of job updated: 1518820
	1402  -  MemoryUsage of job (MB)
	1435524  -  ResidentSetSize of job (KB)
...
006 (7076241.000.000) 09/08 04:22:37 Image size of job updated: 1530140
	1402  -  MemoryUsage of job (MB)
	1435524  -  ResidentSetSize of job (KB)
...
006 (7076241.000.000) 09/08 04:27:38 Image size of job updated: 1541172
	1402  -  MemoryUsage of job (MB)
	1435524  -  ResidentSetSize of job (KB)
...
006 (7076241.000.000) 09/08 04:32:39 Image size of job updated: 1542028
	1402  -  MemoryUsage of job (MB)
	1435524  -  ResidentSetSize of job (KB)
...
006 (7076241.000.000) 09/08 04:37:39 Image size of job updated: 1542240
	1402  -  MemoryUsage of job (MB)
	1435524  -  ResidentSetSize of job (KB)
...
006 (7076241.000.000) 09/08 04:42:39 Image size of job updated: 1551720
	1402  -  MemoryUsage of job (MB)
	1435524  -  ResidentSetSize of job (KB)
...
006 (7076241.000.000) 09/08 04:47:41 Image size of job updated: 1563300
	1402  -  MemoryUsage of job (MB)
	1435524  -  ResidentSetSize of job (KB)
...
006 (7076241.000.000) 09/08 04:52:41 Image size of job updated: 1573556
	1402  -  MemoryUsage of job (MB)
	1435524  -  ResidentSetSize of job (KB)
...
006 (7076241.000.000) 09/08 04:57:41 Image size of job updated: 1583976
	1402  -  MemoryUsage of job (MB)
	1435524  -  ResidentSetSize of job (KB)
...
006 (7076241.000.000) 09/08 05:02:42 Image size of job updated: 1594056
	1402  -  MemoryUsage of job (MB)
	1435524  -  ResidentSetSize of job (KB)
...
006 (7076241.000.000) 09/08 05:07:43 Image size of job updated: 1604172
	1492  -  MemoryUsage of job (MB)
	1526856  -  ResidentSetSize of job (KB)
...
006 (7076241.000.000) 09/08 05:12:43 Image size of job updated: 1614204
	1498  -  MemoryUsage of job (MB)
	1533000  -  ResidentSetSize of job (KB)
...
006 (7076241.000.000) 09/08 05:17:44 Image size of job updated: 1624636
	1498  -  MemoryUsage of job (MB)
	1533000  -  ResidentSetSize of job (KB)
...
006 (7076241.000.000) 09/08 05:22:45 Image size of job updated: 1634764
	1498  -  MemoryUsage of job (MB)
	1533000  -  ResidentSetSize of job (KB)
...
006 (7076241.000.000) 09/08 05:27:45 Image size of job updated: 1644452
	1533  -  MemoryUsage of job (MB)
	1569268  -  ResidentSetSize of job (KB)
...
006 (7076241.000.000) 09/08 05:32:45 Image size of job updated: 1654224
	1533  -  MemoryUsage of job (MB)
	1569268  -  ResidentSetSize of job (KB)
...
006 (7076241.000.000) 09/08 05:37:46 Image size of job updated: 1664116
	1533  -  MemoryUsage of job (MB)
	1569268  -  ResidentSetSize of job (KB)
...
006 (7076241.000.000) 09/08 05:42:46 Image size of job updated: 1673344
	1546  -  MemoryUsage of job (MB)
	1582324  -  ResidentSetSize of job (KB)
...
006 (7076241.000.000) 09/08 05:47:46 Image size of job updated: 1681172
	1552  -  MemoryUsage of job (MB)
	1588468  -  ResidentSetSize of job (KB)
...
006 (7076241.000.000) 09/08 05:52:47 Image size of job updated: 1690952
	1552  -  MemoryUsage of job (MB)
	1588468  -  ResidentSetSize of job (KB)
...
006 (7076241.000.000) 09/08 05:57:48 Image size of job updated: 1699048
	1659  -  MemoryUsage of job (MB)
	1698300  -  ResidentSetSize of job (KB)
...
006 (7076241.000.000) 09/08 06:02:48 Image size of job updated: 1705352
	1659  -  MemoryUsage of job (MB)
	1698300  -  ResidentSetSize of job (KB)
...
006 (7076241.000.000) 09/08 06:07:49 Image size of job updated: 1711124
	1659  -  MemoryUsage of job (MB)
	1698300  -  ResidentSetSize of job (KB)
...
006 (7076241.000.000) 09/08 06:12:50 Image size of job updated: 1715992
	1659  -  MemoryUsage of job (MB)
	1698300  -  ResidentSetSize of job (KB)
...
006 (7076241.000.000) 09/08 06:17:50 Image size of job updated: 1721264
	1659  -  MemoryUsage of job (MB)
	1698300  -  ResidentSetSize of job (KB)
...
006 (7076241.000.000) 09/08 06:22:51 Image size of job updated: 1728764
	1659  -  MemoryUsage of job (MB)
	1698300  -  ResidentSetSize of job (KB)
...
006 (7076241.000.000) 09/08 06:27:52 Image size of job updated: 1735572
	1659  -  MemoryUsage of job (MB)
	1698300  -  ResidentSetSize of job (KB)
...
006 (7076241.000.000) 09/08 06:32:52 Image size of job updated: 1742860
	1659  -  MemoryUsage of job (MB)
	1698300  -  ResidentSetSize of job (KB)
...
006 (7076241.000.000) 09/08 06:37:52 Image size of job updated: 1749716
	1659  -  MemoryUsage of job (MB)
	1698300  -  ResidentSetSize of job (KB)
...
006 (7076241.000.000) 09/08 06:42:53 Image size of job updated: 1756492
	1659  -  MemoryUsage of job (MB)
	1698300  -  ResidentSetSize of job (KB)
...
006 (7076241.000.000) 09/08 06:47:53 Image size of job updated: 1758140
	1659  -  MemoryUsage of job (MB)
	1698300  -  ResidentSetSize of job (KB)
...
006 (7076241.000.000) 09/08 06:52:54 Image size of job updated: 1760280
	1659  -  MemoryUsage of job (MB)
	1698300  -  ResidentSetSize of job (KB)
...
006 (7076241.000.000) 09/08 08:48:06 Image size of job updated: 1760280
	1701  -  MemoryUsage of job (MB)
	1740848  -  ResidentSetSize of job (KB)
...
006 (7076241.000.000) 09/08 08:53:07 Image size of job updated: 1760280
	1705  -  MemoryUsage of job (MB)
	1744932  -  ResidentSetSize of job (KB)
...
006 (7076241.000.000) 09/08 08:58:07 Image size of job updated: 1766204
	1707  -  MemoryUsage of job (MB)
	1746980  -  ResidentSetSize of job (KB)
...
006 (7076241.000.000) 09/08 09:03:08 Image size of job updated: 1771932
	1707  -  MemoryUsage of job (MB)
	1746980  -  ResidentSetSize of job (KB)
...
006 (7076241.000.000) 09/08 09:08:09 Image size of job updated: 1779428
	1707  -  MemoryUsage of job (MB)
	1746980  -  ResidentSetSize of job (KB)
...
006 (7076241.000.000) 09/08 09:13:09 Image size of job updated: 1786508
	1707  -  MemoryUsage of job (MB)
	1746980  -  ResidentSetSize of job (KB)
...
006 (7076241.000.000) 09/08 09:18:09 Image size of job updated: 1793264
	1707  -  MemoryUsage of job (MB)
	1746980  -  ResidentSetSize of job (KB)
...
006 (7076241.000.000) 09/08 09:23:10 Image size of job updated: 1800032
	1707  -  MemoryUsage of job (MB)
	1746980  -  ResidentSetSize of job (KB)
...
006 (7076241.000.000) 09/08 09:28:10 Image size of job updated: 1803384
	1707  -  MemoryUsage of job (MB)
	1746980  -  ResidentSetSize of job (KB)
...
006 (7076241.000.000) 09/08 09:33:10 Image size of job updated: 1805360
	1707  -  MemoryUsage of job (MB)
	1746980  -  ResidentSetSize of job (KB)
...
006 (7076241.000.000) 09/08 09:38:11 Image size of job updated: 1812464
	1707  -  MemoryUsage of job (MB)
	1746980  -  ResidentSetSize of job (KB)
...
006 (7076241.000.000) 09/08 09:43:12 Image size of job updated: 1819112
	1707  -  MemoryUsage of job (MB)
	1746980  -  ResidentSetSize of job (KB)
...
006 (7076241.000.000) 09/08 09:48:12 Image size of job updated: 1826632
	1707  -  MemoryUsage of job (MB)
	1746980  -  ResidentSetSize of job (KB)
...
006 (7076241.000.000) 09/08 09:53:13 Image size of job updated: 1833664
	1707  -  MemoryUsage of job (MB)
	1746980  -  ResidentSetSize of job (KB)
...
006 (7076241.000.000) 09/08 09:58:14 Image size of job updated: 1840684
	1707  -  MemoryUsage of job (MB)
	1746980  -  ResidentSetSize of job (KB)
...
006 (7076241.000.000) 09/08 10:03:14 Image size of job updated: 1847220
	1707  -  MemoryUsage of job (MB)
	1746980  -  ResidentSetSize of job (KB)
...
006 (7076241.000.000) 09/08 10:08:14 Image size of job updated: 1853924
	1707  -  MemoryUsage of job (MB)
	1746980  -  ResidentSetSize of job (KB)
...
006 (7076241.000.000) 09/08 10:13:15 Image size of job updated: 1860312
	1707  -  MemoryUsage of job (MB)
	1746980  -  ResidentSetSize of job (KB)
...
006 (7076241.000.000) 09/08 10:18:15 Image size of job updated: 1866516
	1707  -  MemoryUsage of job (MB)
	1746980  -  ResidentSetSize of job (KB)
...
006 (7076241.000.000) 09/08 10:23:15 Image size of job updated: 1872580
	1707  -  MemoryUsage of job (MB)
	1746980  -  ResidentSetSize of job (KB)
...
006 (7076241.000.000) 09/08 10:28:16 Image size of job updated: 1878788
	1707  -  MemoryUsage of job (MB)
	1746980  -  ResidentSetSize of job (KB)
...
006 (7076241.000.000) 09/08 10:33:17 Image size of job updated: 1885132
	1785  -  MemoryUsage of job (MB)
	1827120  -  ResidentSetSize of job (KB)
...
006 (7076241.000.000) 09/08 10:38:17 Image size of job updated: 1890972
	1791  -  MemoryUsage of job (MB)
	1833264  -  ResidentSetSize of job (KB)
...
006 (7076241.000.000) 09/08 10:43:18 Image size of job updated: 1897152
	1822  -  MemoryUsage of job (MB)
	1865580  -  ResidentSetSize of job (KB)
...
006 (7076241.000.000) 09/08 10:48:19 Image size of job updated: 1902012
	1828  -  MemoryUsage of job (MB)
	1871724  -  ResidentSetSize of job (KB)
...
006 (7076241.000.000) 09/08 10:53:19 Image size of job updated: 1908524
	1828  -  MemoryUsage of job (MB)
	1871724  -  ResidentSetSize of job (KB)
...
006 (7076241.000.000) 09/08 10:58:20 Image size of job updated: 1916344
	1828  -  MemoryUsage of job (MB)
	1871724  -  ResidentSetSize of job (KB)
...
006 (7076241.000.000) 09/08 11:03:21 Image size of job updated: 1922248
	1828  -  MemoryUsage of job (MB)
	1871724  -  ResidentSetSize of job (KB)
...
006 (7076241.000.000) 09/08 11:08:21 Image size of job updated: 1928892
	1828  -  MemoryUsage of job (MB)
	1871724  -  ResidentSetSize of job (KB)
...
006 (7076241.000.000) 09/08 11:13:22 Image size of job updated: 1936168
	1828  -  MemoryUsage of job (MB)
	1871724  -  ResidentSetSize of job (KB)
...
006 (7076241.000.000) 09/08 11:18:23 Image size of job updated: 1942848
	1828  -  MemoryUsage of job (MB)
	1871724  -  ResidentSetSize of job (KB)
...
006 (7076241.000.000) 09/08 11:23:23 Image size of job updated: 1949328
	1828  -  MemoryUsage of job (MB)
	1871724  -  ResidentSetSize of job (KB)
...
006 (7076241.000.000) 09/08 11:28:23 Image size of job updated: 1955840
	1828  -  MemoryUsage of job (MB)
	1871724  -  ResidentSetSize of job (KB)
...
006 (7076241.000.000) 09/08 11:33:24 Image size of job updated: 1961768
	1833  -  MemoryUsage of job (MB)
	1876280  -  ResidentSetSize of job (KB)
...
006 (7076241.000.000) 09/08 11:38:24 Image size of job updated: 1968496
	1839  -  MemoryUsage of job (MB)
	1882424  -  ResidentSetSize of job (KB)
...
006 (7076241.000.000) 09/08 11:43:24 Image size of job updated: 1974404
	1839  -  MemoryUsage of job (MB)
	1882424  -  ResidentSetSize of job (KB)
...
006 (7076241.000.000) 09/08 11:58:25 Image size of job updated: 1976648
	1839  -  MemoryUsage of job (MB)
	1882424  -  ResidentSetSize of job (KB)
...
006 (7076241.000.000) 09/08 12:03:26 Image size of job updated: 1979548
	1839  -  MemoryUsage of job (MB)
	1882424  -  ResidentSetSize of job (KB)
...
006 (7076241.000.000) 09/08 12:08:27 Image size of job updated: 1983916
	1839  -  MemoryUsage of job (MB)
	1882424  -  ResidentSetSize of job (KB)
...
006 (7076241.000.000) 09/08 12:13:27 Image size of job updated: 1987712
	1839  -  MemoryUsage of job (MB)
	1882424  -  ResidentSetSize of job (KB)
...
006 (7076241.000.000) 09/08 12:18:28 Image size of job updated: 1991972
	1839  -  MemoryUsage of job (MB)
	1882424  -  ResidentSetSize of job (KB)
...
006 (7076241.000.000) 09/08 12:23:29 Image size of job updated: 1997516
	1839  -  MemoryUsage of job (MB)
	1882424  -  ResidentSetSize of job (KB)
...
006 (7076241.000.000) 09/08 12:28:29 Image size of job updated: 2003672
	1952  -  MemoryUsage of job (MB)
	1998332  -  ResidentSetSize of job (KB)
...
006 (7076241.000.000) 09/08 12:33:30 Image size of job updated: 2010432
	1956  -  MemoryUsage of job (MB)
	2002428  -  ResidentSetSize of job (KB)
...
006 (7076241.000.000) 09/08 12:38:31 Image size of job updated: 2016836
	1967  -  MemoryUsage of job (MB)
	2013720  -  ResidentSetSize of job (KB)
...
006 (7076241.000.000) 09/08 12:43:31 Image size of job updated: 2023156
	1967  -  MemoryUsage of job (MB)
	2013720  -  ResidentSetSize of job (KB)
...
006 (7076241.000.000) 09/08 12:48:31 Image size of job updated: 2029100
	1967  -  MemoryUsage of job (MB)
	2013720  -  ResidentSetSize of job (KB)
...
006 (7076241.000.000) 09/08 12:53:32 Image size of job updated: 2035552
	1967  -  MemoryUsage of job (MB)
	2013720  -  ResidentSetSize of job (KB)
...
006 (7076241.000.000) 09/08 12:58:32 Image size of job updated: 2041152
	1967  -  MemoryUsage of job (MB)
	2013720  -  ResidentSetSize of job (KB)
...
006 (7076241.000.000) 09/08 13:03:32 Image size of job updated: 2046212
	1967  -  MemoryUsage of job (MB)
	2013720  -  ResidentSetSize of job (KB)
...
006 (7076241.000.000) 09/08 13:08:33 Image size of job updated: 2054096
	1967  -  MemoryUsage of job (MB)
	2013720  -  ResidentSetSize of job (KB)
...
006 (7076241.000.000) 09/08 13:13:33 Image size of job updated: 2060700
	1967  -  MemoryUsage of job (MB)
	2013720  -  ResidentSetSize of job (KB)
...
006 (7076241.000.000) 09/08 13:18:33 Image size of job updated: 2067316
	1967  -  MemoryUsage of job (MB)
	2013720  -  ResidentSetSize of job (KB)
...
006 (7076241.000.000) 09/08 13:23:34 Image size of job updated: 2074340
	1967  -  MemoryUsage of job (MB)
	2013720  -  ResidentSetSize of job (KB)
...
006 (7076241.000.000) 09/08 13:28:34 Image size of job updated: 2081248
	1967  -  MemoryUsage of job (MB)
	2013720  -  ResidentSetSize of job (KB)
...
006 (7076241.000.000) 09/08 13:33:34 Image size of job updated: 2087640
	1967  -  MemoryUsage of job (MB)
	2013720  -  ResidentSetSize of job (KB)
...
006 (7076241.000.000) 09/08 13:38:35 Image size of job updated: 2094384
	1967  -  MemoryUsage of job (MB)
	2013720  -  ResidentSetSize of job (KB)
...
006 (7076241.000.000) 09/08 13:43:36 Image size of job updated: 2100084
	2002  -  MemoryUsage of job (MB)
	2049084  -  ResidentSetSize of job (KB)
...
006 (7076241.000.000) 09/08 13:48:36 Image size of job updated: 2100232
	2030  -  MemoryUsage of job (MB)
	2077756  -  ResidentSetSize of job (KB)
...
006 (7076241.000.000) 09/08 13:53:37 Image size of job updated: 2103748
	2030  -  MemoryUsage of job (MB)
	2077756  -  ResidentSetSize of job (KB)
...
006 (7076241.000.000) 09/08 13:58:38 Image size of job updated: 2108080
	2030  -  MemoryUsage of job (MB)
	2077756  -  ResidentSetSize of job (KB)
...
006 (7076241.000.000) 09/08 14:03:38 Image size of job updated: 2113164
	2030  -  MemoryUsage of job (MB)
	2077756  -  ResidentSetSize of job (KB)
...
006 (7076241.000.000) 09/08 14:08:38 Image size of job updated: 2118768
	2030  -  MemoryUsage of job (MB)
	2077756  -  ResidentSetSize of job (KB)
...
006 (7076241.000.000) 09/08 14:13:39 Image size of job updated: 2124708
	2032  -  MemoryUsage of job (MB)
	2080144  -  ResidentSetSize of job (KB)
...
006 (7076241.000.000) 09/08 14:18:39 Image size of job updated: 2130660
	2032  -  MemoryUsage of job (MB)
	2080144  -  ResidentSetSize of job (KB)
...
006 (7076241.000.000) 09/08 14:23:39 Image size of job updated: 2136724
	2032  -  MemoryUsage of job (MB)
	2080144  -  ResidentSetSize of job (KB)
...
006 (7076241.000.000) 09/08 14:28:41 Image size of job updated: 2142912
	2032  -  MemoryUsage of job (MB)
	2080144  -  ResidentSetSize of job (KB)
...
006 (7076241.000.000) 09/08 14:33:41 Image size of job updated: 2149308
	2032  -  MemoryUsage of job (MB)
	2080144  -  ResidentSetSize of job (KB)
...
006 (7076241.000.000) 09/08 14:38:41 Image size of job updated: 2155812
	2032  -  MemoryUsage of job (MB)
	2080144  -  ResidentSetSize of job (KB)
...
006 (7076241.000.000) 09/08 14:43:42 Image size of job updated: 2161420
	2032  -  MemoryUsage of job (MB)
	2080144  -  ResidentSetSize of job (KB)
...
006 (7076241.000.000) 09/08 14:48:42 Image size of job updated: 2164260
	2043  -  MemoryUsage of job (MB)
	2091748  -  ResidentSetSize of job (KB)
...
006 (7076241.000.000) 09/08 14:53:42 Image size of job updated: 2171276
	2047  -  MemoryUsage of job (MB)
	2095844  -  ResidentSetSize of job (KB)
...
006 (7076241.000.000) 09/08 14:58:43 Image size of job updated: 2176936
	2047  -  MemoryUsage of job (MB)
	2095844  -  ResidentSetSize of job (KB)
...
006 (7076241.000.000) 09/08 15:03:43 Image size of job updated: 2179104
	2047  -  MemoryUsage of job (MB)
	2095844  -  ResidentSetSize of job (KB)
...
006 (7076241.000.000) 09/08 15:08:43 Image size of job updated: 2184816
	2047  -  MemoryUsage of job (MB)
	2095844  -  ResidentSetSize of job (KB)
...
006 (7076241.000.000) 09/08 15:13:44 Image size of job updated: 2191444
	2047  -  MemoryUsage of job (MB)
	2095844  -  ResidentSetSize of job (KB)
...
006 (7076241.000.000) 09/08 15:18:45 Image size of job updated: 2195940
	2047  -  MemoryUsage of job (MB)
	2095844  -  ResidentSetSize of job (KB)
...
006 (7076241.000.000) 09/08 15:23:45 Image size of job updated: 2203436
	2047  -  MemoryUsage of job (MB)
	2095844  -  ResidentSetSize of job (KB)
...
006 (7076241.000.000) 09/08 15:28:46 Image size of job updated: 2207964
	2047  -  MemoryUsage of job (MB)
	2095844  -  ResidentSetSize of job (KB)
...
006 (7076241.000.000) 09/08 15:33:47 Image size of job updated: 2213304
	2047  -  MemoryUsage of job (MB)
	2095844  -  ResidentSetSize of job (KB)
...
006 (7076241.000.000) 09/08 15:38:47 Image size of job updated: 2218336
	2047  -  MemoryUsage of job (MB)
	2095844  -  ResidentSetSize of job (KB)
...
006 (7076241.000.000) 09/08 15:43:48 Image size of job updated: 2222960
	2047  -  MemoryUsage of job (MB)
	2095844  -  ResidentSetSize of job (KB)
...
006 (7076241.000.000) 09/08 15:48:49 Image size of job updated: 2225912
	2047  -  MemoryUsage of job (MB)
	2095844  -  ResidentSetSize of job (KB)
...
006 (7076241.000.000) 09/08 15:53:49 Image size of job updated: 2231716
	2047  -  MemoryUsage of job (MB)
	2095844  -  ResidentSetSize of job (KB)
...
006 (7076241.000.000) 09/08 15:58:49 Image size of job updated: 2237240
	2174  -  MemoryUsage of job (MB)
	2225552  -  ResidentSetSize of job (KB)
...
006 (7076241.000.000) 09/08 16:03:50 Image size of job updated: 2237552
	2174  -  MemoryUsage of job (MB)
	2225552  -  ResidentSetSize of job (KB)
...
006 (7076241.000.000) 09/08 16:13:50 Image size of job updated: 2242652
	2174  -  MemoryUsage of job (MB)
	2225552  -  ResidentSetSize of job (KB)
...
006 (7076241.000.000) 09/08 16:18:51 Image size of job updated: 2248360
	2174  -  MemoryUsage of job (MB)
	2225552  -  ResidentSetSize of job (KB)
...
006 (7076241.000.000) 09/08 16:23:52 Image size of job updated: 2254220
	2174  -  MemoryUsage of job (MB)
	2225552  -  ResidentSetSize of job (KB)
...
006 (7076241.000.000) 09/08 16:28:52 Image size of job updated: 2259616
	2174  -  MemoryUsage of job (MB)
	2225552  -  ResidentSetSize of job (KB)
...
006 (7076241.000.000) 09/08 16:33:53 Image size of job updated: 2264276
	2174  -  MemoryUsage of job (MB)
	2225552  -  ResidentSetSize of job (KB)
...
006 (7076241.000.000) 09/08 16:38:54 Image size of job updated: 2269284
	2174  -  MemoryUsage of job (MB)
	2225552  -  ResidentSetSize of job (KB)
...
006 (7076241.000.000) 09/08 16:43:54 Image size of job updated: 2275156
	2174  -  MemoryUsage of job (MB)
	2225552  -  ResidentSetSize of job (KB)
...
006 (7076241.000.000) 09/08 16:48:54 Image size of job updated: 2280688
	2174  -  MemoryUsage of job (MB)
	2225552  -  ResidentSetSize of job (KB)
...
006 (7076241.000.000) 09/08 16:53:55 Image size of job updated: 2286268
	2174  -  MemoryUsage of job (MB)
	2225552  -  ResidentSetSize of job (KB)
...
006 (7076241.000.000) 09/08 16:58:55 Image size of job updated: 2291864
	2174  -  MemoryUsage of job (MB)
	2225552  -  ResidentSetSize of job (KB)
...
006 (7076241.000.000) 09/08 17:03:55 Image size of job updated: 2297228
	2174  -  MemoryUsage of job (MB)
	2225552  -  ResidentSetSize of job (KB)
...
006 (7076241.000.000) 09/08 17:08:56 Image size of job updated: 2301276
	2174  -  MemoryUsage of job (MB)
	2225552  -  ResidentSetSize of job (KB)
...
006 (7076241.000.000) 09/08 17:39:00 Image size of job updated: 2325592
	2174  -  MemoryUsage of job (MB)
	2225552  -  ResidentSetSize of job (KB)
...
006 (7076241.000.000) 09/08 17:44:01 Image size of job updated: 2325592
	2178  -  MemoryUsage of job (MB)
	2229788  -  ResidentSetSize of job (KB)
...
006 (7076241.000.000) 09/08 17:49:01 Image size of job updated: 2336340
	2184  -  MemoryUsage of job (MB)
	2235932  -  ResidentSetSize of job (KB)
...
006 (7076241.000.000) 09/08 17:54:01 Image size of job updated: 2342048
	2201  -  MemoryUsage of job (MB)
	2252916  -  ResidentSetSize of job (KB)
...
006 (7076241.000.000) 09/08 17:59:02 Image size of job updated: 2347800
	2205  -  MemoryUsage of job (MB)
	2257012  -  ResidentSetSize of job (KB)
...
006 (7076241.000.000) 09/08 18:04:02 Image size of job updated: 2353648
	2205  -  MemoryUsage of job (MB)
	2257012  -  ResidentSetSize of job (KB)
...
006 (7076241.000.000) 09/08 18:09:02 Image size of job updated: 2358776
	2274  -  MemoryUsage of job (MB)
	2327624  -  ResidentSetSize of job (KB)
...
006 (7076241.000.000) 09/08 18:14:03 Image size of job updated: 2365436
	2286  -  MemoryUsage of job (MB)
	2339912  -  ResidentSetSize of job (KB)
...
006 (7076241.000.000) 09/08 18:19:04 Image size of job updated: 2370204
	2286  -  MemoryUsage of job (MB)
	2339912  -  ResidentSetSize of job (KB)
...
006 (7076241.000.000) 09/08 18:24:04 Image size of job updated: 2375384
	2286  -  MemoryUsage of job (MB)
	2339912  -  ResidentSetSize of job (KB)
...
006 (7076241.000.000) 09/08 18:29:05 Image size of job updated: 2379888
	2286  -  MemoryUsage of job (MB)
	2339912  -  ResidentSetSize of job (KB)
...
006 (7076241.000.000) 09/08 18:34:06 Image size of job updated: 2384604
	2286  -  MemoryUsage of job (MB)
	2339912  -  ResidentSetSize of job (KB)
...
006 (7076241.000.000) 09/08 18:39:06 Image size of job updated: 2389752
	2286  -  MemoryUsage of job (MB)
	2339912  -  ResidentSetSize of job (KB)
...
006 (7076241.000.000) 09/08 18:44:06 Image size of job updated: 2394408
	2286  -  MemoryUsage of job (MB)
	2339912  -  ResidentSetSize of job (KB)
...
006 (7076241.000.000) 09/08 18:49:07 Image size of job updated: 2398008
	2286  -  MemoryUsage of job (MB)
	2339912  -  ResidentSetSize of job (KB)
...
006 (7076241.000.000) 09/08 18:54:07 Image size of job updated: 2402572
	2286  -  MemoryUsage of job (MB)
	2339912  -  ResidentSetSize of job (KB)
...
006 (7076241.000.000) 09/08 18:59:07 Image size of job updated: 2407432
	2286  -  MemoryUsage of job (MB)
	2339912  -  ResidentSetSize of job (KB)
...
006 (7076241.000.000) 09/08 19:04:09 Image size of job updated: 2413644
	2286  -  MemoryUsage of job (MB)
	2339912  -  ResidentSetSize of job (KB)
...
006 (7076241.000.000) 09/08 19:09:09 Image size of job updated: 2418452
	2286  -  MemoryUsage of job (MB)
	2339912  -  ResidentSetSize of job (KB)
...
006 (7076241.000.000) 09/08 19:14:09 Image size of job updated: 2423296
	2286  -  MemoryUsage of job (MB)
	2339912  -  ResidentSetSize of job (KB)
...
006 (7076241.000.000) 09/08 19:19:10 Image size of job updated: 2427744
	2286  -  MemoryUsage of job (MB)
	2339912  -  ResidentSetSize of job (KB)
...
006 (7076241.000.000) 09/08 19:44:13 Image size of job updated: 2429748
	2286  -  MemoryUsage of job (MB)
	2339912  -  ResidentSetSize of job (KB)
...
006 (7076241.000.000) 09/08 19:49:13 Image size of job updated: 2433348
	2286  -  MemoryUsage of job (MB)
	2339912  -  ResidentSetSize of job (KB)
...
006 (7076241.000.000) 09/08 19:54:14 Image size of job updated: 2438160
	2286  -  MemoryUsage of job (MB)
	2339912  -  ResidentSetSize of job (KB)
...
006 (7076241.000.000) 09/08 19:59:14 Image size of job updated: 2443432
	2286  -  MemoryUsage of job (MB)
	2339912  -  ResidentSetSize of job (KB)
...
006 (7076241.000.000) 09/08 20:04:14 Image size of job updated: 2449900
	2286  -  MemoryUsage of job (MB)
	2339912  -  ResidentSetSize of job (KB)
...
006 (7076241.000.000) 09/08 20:09:14 Image size of job updated: 2454944
	2286  -  MemoryUsage of job (MB)
	2339912  -  ResidentSetSize of job (KB)
...
006 (7076241.000.000) 09/08 20:14:14 Image size of job updated: 2459340
	2286  -  MemoryUsage of job (MB)
	2339912  -  ResidentSetSize of job (KB)
...
006 (7076241.000.000) 09/08 20:19:15 Image size of job updated: 2463076
	2286  -  MemoryUsage of job (MB)
	2339912  -  ResidentSetSize of job (KB)
...
006 (7076241.000.000) 09/08 20:24:16 Image size of job updated: 2467068
	2286  -  MemoryUsage of job (MB)
	2339912  -  ResidentSetSize of job (KB)
...
006 (7076241.000.000) 09/08 20:29:16 Image size of job updated: 2470608
	2286  -  MemoryUsage of job (MB)
	2339912  -  ResidentSetSize of job (KB)
...
006 (7076241.000.000) 09/08 20:34:17 Image size of job updated: 2473772
	2396  -  MemoryUsage of job (MB)
	2452768  -  ResidentSetSize of job (KB)
...
006 (7076241.000.000) 09/08 20:39:18 Image size of job updated: 2476368
	2396  -  MemoryUsage of job (MB)
	2452768  -  ResidentSetSize of job (KB)
...
006 (7076241.000.000) 09/08 20:44:18 Image size of job updated: 2476908
	2396  -  MemoryUsage of job (MB)
	2452768  -  ResidentSetSize of job (KB)
...
006 (7076241.000.000) 09/08 20:49:18 Image size of job updated: 2479792
	2396  -  MemoryUsage of job (MB)
	2452768  -  ResidentSetSize of job (KB)
...
006 (7076241.000.000) 09/08 20:54:19 Image size of job updated: 2481912
	2396  -  MemoryUsage of job (MB)
	2452768  -  ResidentSetSize of job (KB)
...
006 (7076241.000.000) 09/08 20:59:19 Image size of job updated: 2484348
	2396  -  MemoryUsage of job (MB)
	2452768  -  ResidentSetSize of job (KB)
...
006 (7076241.000.000) 09/08 21:04:19 Image size of job updated: 2486508
	2396  -  MemoryUsage of job (MB)
	2452768  -  ResidentSetSize of job (KB)
...
006 (7076241.000.000) 09/08 21:09:20 Image size of job updated: 2488960
	2396  -  MemoryUsage of job (MB)
	2452768  -  ResidentSetSize of job (KB)
...
006 (7076241.000.000) 09/08 21:14:20 Image size of job updated: 2492068
	2396  -  MemoryUsage of job (MB)
	2452768  -  ResidentSetSize of job (KB)
...
006 (7076241.000.000) 09/08 21:19:20 Image size of job updated: 2494736
	2396  -  MemoryUsage of job (MB)
	2452768  -  ResidentSetSize of job (KB)
...
006 (7076241.000.000) 09/08 21:24:21 Image size of job updated: 2497540
	2396  -  MemoryUsage of job (MB)
	2452768  -  ResidentSetSize of job (KB)
...
006 (7076241.000.000) 09/08 21:29:22 Image size of job updated: 2500000
	2427  -  MemoryUsage of job (MB)
	2484968  -  ResidentSetSize of job (KB)
...
006 (7076241.000.000) 09/08 21:34:22 Image size of job updated: 2503212
	2429  -  MemoryUsage of job (MB)
	2487016  -  ResidentSetSize of job (KB)
...
006 (7076241.000.000) 09/08 21:39:23 Image size of job updated: 2504088
	2429  -  MemoryUsage of job (MB)
	2487016  -  ResidentSetSize of job (KB)
...
006 (7076241.000.000) 09/08 22:04:26 Image size of job updated: 2505912
	2429  -  MemoryUsage of job (MB)
	2487016  -  ResidentSetSize of job (KB)
...
006 (7076241.000.000) 09/08 22:09:26 Image size of job updated: 2512232
	2429  -  MemoryUsage of job (MB)
	2487016  -  ResidentSetSize of job (KB)
...
006 (7076241.000.000) 09/08 22:14:27 Image size of job updated: 2518792
	2429  -  MemoryUsage of job (MB)
	2487016  -  ResidentSetSize of job (KB)
...
006 (7076241.000.000) 09/08 22:19:27 Image size of job updated: 2523468
	2429  -  MemoryUsage of job (MB)
	2487016  -  ResidentSetSize of job (KB)
...
006 (7076241.000.000) 09/08 22:29:29 Image size of job updated: 2525960
	2429  -  MemoryUsage of job (MB)
	2487016  -  ResidentSetSize of job (KB)
...
006 (7076241.000.000) 09/08 22:34:29 Image size of job updated: 2530576
	2429  -  MemoryUsage of job (MB)
	2487016  -  ResidentSetSize of job (KB)
...
006 (7076241.000.000) 09/08 22:39:29 Image size of job updated: 2535516
	2429  -  MemoryUsage of job (MB)
	2487016  -  ResidentSetSize of job (KB)
...
006 (7076241.000.000) 09/08 22:44:30 Image size of job updated: 2540440
	2429  -  MemoryUsage of job (MB)
	2487016  -  ResidentSetSize of job (KB)
...
006 (7076241.000.000) 09/08 22:49:30 Image size of job updated: 2547068
	2429  -  MemoryUsage of job (MB)
	2487016  -  ResidentSetSize of job (KB)
...
006 (7076241.000.000) 09/08 22:54:30 Image size of job updated: 2552144
	2429  -  MemoryUsage of job (MB)
	2487016  -  ResidentSetSize of job (KB)
...
006 (7076241.000.000) 09/08 22:59:31 Image size of job updated: 2557364
	2429  -  MemoryUsage of job (MB)
	2487016  -  ResidentSetSize of job (KB)
...
006 (7076241.000.000) 09/08 23:04:32 Image size of job updated: 2563616
	2429  -  MemoryUsage of job (MB)
	2487016  -  ResidentSetSize of job (KB)
...
006 (7076241.000.000) 09/08 23:09:32 Image size of job updated: 2568688
	2429  -  MemoryUsage of job (MB)
	2487016  -  ResidentSetSize of job (KB)
...
006 (7076241.000.000) 09/08 23:14:33 Image size of job updated: 2573500
	2429  -  MemoryUsage of job (MB)
	2487016  -  ResidentSetSize of job (KB)
...
006 (7076241.000.000) 09/08 23:19:34 Image size of job updated: 2578400
	2429  -  MemoryUsage of job (MB)
	2487016  -  ResidentSetSize of job (KB)
...
006 (7076241.000.000) 09/08 23:24:34 Image size of job updated: 2582768
	2429  -  MemoryUsage of job (MB)
	2487016  -  ResidentSetSize of job (KB)
...
006 (7076241.000.000) 09/08 23:29:35 Image size of job updated: 2587272
	2429  -  MemoryUsage of job (MB)
	2487016  -  ResidentSetSize of job (KB)
...
006 (7076241.000.000) 09/08 23:34:36 Image size of job updated: 2591644
	2429  -  MemoryUsage of job (MB)
	2487016  -  ResidentSetSize of job (KB)
...
006 (7076241.000.000) 09/08 23:39:36 Image size of job updated: 2595508
	2429  -  MemoryUsage of job (MB)
	2487016  -  ResidentSetSize of job (KB)
...
006 (7076241.000.000) 09/08 23:44:36 Image size of job updated: 2599140
	2429  -  MemoryUsage of job (MB)
	2487016  -  ResidentSetSize of job (KB)
...
006 (7076241.000.000) 09/08 23:49:37 Image size of job updated: 2600884
	2429  -  MemoryUsage of job (MB)
	2487016  -  ResidentSetSize of job (KB)
...
006 (7076241.000.000) 09/08 23:54:37 Image size of job updated: 2605488
	2429  -  MemoryUsage of job (MB)
	2487016  -  ResidentSetSize of job (KB)
...
006 (7076241.000.000) 09/08 23:59:37 Image size of job updated: 2610620
	2429  -  MemoryUsage of job (MB)
	2487016  -  ResidentSetSize of job (KB)
...
006 (7076241.000.000) 09/09 00:04:39 Image size of job updated: 2614572
	2469  -  MemoryUsage of job (MB)
	2527704  -  ResidentSetSize of job (KB)
...
006 (7076241.000.000) 09/09 00:09:39 Image size of job updated: 2618120
	2473  -  MemoryUsage of job (MB)
	2531800  -  ResidentSetSize of job (KB)
...
006 (7076241.000.000) 09/09 00:14:39 Image size of job updated: 2621992
	2473  -  MemoryUsage of job (MB)
	2531800  -  ResidentSetSize of job (KB)
...
006 (7076241.000.000) 09/09 00:19:40 Image size of job updated: 2626288
	2473  -  MemoryUsage of job (MB)
	2531800  -  ResidentSetSize of job (KB)
...
006 (7076241.000.000) 09/09 00:24:41 Image size of job updated: 2630376
	2561  -  MemoryUsage of job (MB)
	2622148  -  ResidentSetSize of job (KB)
...
006 (7076241.000.000) 09/09 00:29:41 Image size of job updated: 2634664
	2567  -  MemoryUsage of job (MB)
	2628292  -  ResidentSetSize of job (KB)
...
006 (7076241.000.000) 09/09 00:34:42 Image size of job updated: 2639236
	2567  -  MemoryUsage of job (MB)
	2628292  -  ResidentSetSize of job (KB)
...
006 (7076241.000.000) 09/09 00:39:43 Image size of job updated: 2643724
	2567  -  MemoryUsage of job (MB)
	2628292  -  ResidentSetSize of job (KB)
...
006 (7076241.000.000) 09/09 00:44:43 Image size of job updated: 2648340
	2567  -  MemoryUsage of job (MB)
	2628292  -  ResidentSetSize of job (KB)
...
006 (7076241.000.000) 09/09 00:49:44 Image size of job updated: 2651580
	2567  -  MemoryUsage of job (MB)
	2628292  -  ResidentSetSize of job (KB)
...
006 (7076241.000.000) 09/09 00:54:45 Image size of job updated: 2656208
	2576  -  MemoryUsage of job (MB)
	2637352  -  ResidentSetSize of job (KB)
...
006 (7076241.000.000) 09/09 00:59:45 Image size of job updated: 2660724
	2582  -  MemoryUsage of job (MB)
	2643496  -  ResidentSetSize of job (KB)
...
006 (7076241.000.000) 09/09 01:04:45 Image size of job updated: 2666580
	2582  -  MemoryUsage of job (MB)
	2643496  -  ResidentSetSize of job (KB)
...
006 (7076241.000.000) 09/09 01:09:46 Image size of job updated: 2671204
	2582  -  MemoryUsage of job (MB)
	2643496  -  ResidentSetSize of job (KB)
...
006 (7076241.000.000) 09/09 01:14:46 Image size of job updated: 2675124
	2582  -  MemoryUsage of job (MB)
	2643496  -  ResidentSetSize of job (KB)
...
006 (7076241.000.000) 09/09 01:19:46 Image size of job updated: 2679620
	2582  -  MemoryUsage of job (MB)
	2643496  -  ResidentSetSize of job (KB)
...
006 (7076241.000.000) 09/09 01:24:47 Image size of job updated: 2684360
	2582  -  MemoryUsage of job (MB)
	2643496  -  ResidentSetSize of job (KB)
...
006 (7076241.000.000) 09/09 01:29:48 Image size of job updated: 2689016
	2582  -  MemoryUsage of job (MB)
	2643496  -  ResidentSetSize of job (KB)
...
006 (7076241.000.000) 09/09 01:34:48 Image size of job updated: 2693576
	2582  -  MemoryUsage of job (MB)
	2643496  -  ResidentSetSize of job (KB)
...
006 (7076241.000.000) 09/09 01:39:49 Image size of job updated: 2698600
	2582  -  MemoryUsage of job (MB)
	2643496  -  ResidentSetSize of job (KB)
...
006 (7076241.000.000) 09/09 01:44:50 Image size of job updated: 2700728
	2582  -  MemoryUsage of job (MB)
	2643496  -  ResidentSetSize of job (KB)
...
006 (7076241.000.000) 09/09 01:49:50 Image size of job updated: 2704692
	2582  -  MemoryUsage of job (MB)
	2643496  -  ResidentSetSize of job (KB)
...
006 (7076241.000.000) 09/09 01:54:51 Image size of job updated: 2709996
	2582  -  MemoryUsage of job (MB)
	2643496  -  ResidentSetSize of job (KB)
...
006 (7076241.000.000) 09/09 01:59:52 Image size of job updated: 2714020
	2582  -  MemoryUsage of job (MB)
	2643496  -  ResidentSetSize of job (KB)
...
006 (7076241.000.000) 09/09 02:04:52 Image size of job updated: 2717860
	2582  -  MemoryUsage of job (MB)
	2643496  -  ResidentSetSize of job (KB)
...
006 (7076241.000.000) 09/09 02:09:52 Image size of job updated: 2721516
	2582  -  MemoryUsage of job (MB)
	2643496  -  ResidentSetSize of job (KB)
...
006 (7076241.000.000) 09/09 02:14:53 Image size of job updated: 2725048
	2582  -  MemoryUsage of job (MB)
	2643496  -  ResidentSetSize of job (KB)
...
006 (7076241.000.000) 09/09 02:19:53 Image size of job updated: 2728768
	2582  -  MemoryUsage of job (MB)
	2643496  -  ResidentSetSize of job (KB)
...
006 (7076241.000.000) 09/09 02:24:53 Image size of job updated: 2732452
	2666  -  MemoryUsage of job (MB)
	2729920  -  ResidentSetSize of job (KB)
...
006 (7076241.000.000) 09/09 02:29:54 Image size of job updated: 2735908
	2668  -  MemoryUsage of job (MB)
	2731972  -  ResidentSetSize of job (KB)
...
006 (7076241.000.000) 09/09 02:34:54 Image size of job updated: 2740044
	2668  -  MemoryUsage of job (MB)
	2731972  -  ResidentSetSize of job (KB)
...
006 (7076241.000.000) 09/09 02:39:54 Image size of job updated: 2744288
	2668  -  MemoryUsage of job (MB)
	2731972  -  ResidentSetSize of job (KB)
...
006 (7076241.000.000) 09/09 02:44:56 Image size of job updated: 2747000
	2668  -  MemoryUsage of job (MB)
	2731972  -  ResidentSetSize of job (KB)
...
006 (7076241.000.000) 09/09 02:49:56 Image size of job updated: 2750452
	2668  -  MemoryUsage of job (MB)
	2731972  -  ResidentSetSize of job (KB)
...
006 (7076241.000.000) 09/09 02:54:56 Image size of job updated: 2754488
	2668  -  MemoryUsage of job (MB)
	2731972  -  ResidentSetSize of job (KB)
...
006 (7076241.000.000) 09/09 02:59:57 Image size of job updated: 2758676
	2668  -  MemoryUsage of job (MB)
	2731972  -  ResidentSetSize of job (KB)
...
006 (7076241.000.000) 09/09 03:04:58 Image size of job updated: 2762768
	2668  -  MemoryUsage of job (MB)
	2731972  -  ResidentSetSize of job (KB)
...
006 (7076241.000.000) 09/09 03:09:58 Image size of job updated: 2766988
	2668  -  MemoryUsage of job (MB)
	2731972  -  ResidentSetSize of job (KB)
...
006 (7076241.000.000) 09/09 03:14:59 Image size of job updated: 2772844
	2699  -  MemoryUsage of job (MB)
	2763304  -  ResidentSetSize of job (KB)
...
006 (7076241.000.000) 09/09 03:20:00 Image size of job updated: 2777332
	2703  -  MemoryUsage of job (MB)
	2767400  -  ResidentSetSize of job (KB)
...
006 (7076241.000.000) 09/09 03:25:00 Image size of job updated: 2781340
	2703  -  MemoryUsage of job (MB)
	2767400  -  ResidentSetSize of job (KB)
...
006 (7076241.000.000) 09/09 03:30:01 Image size of job updated: 2785756
	2703  -  MemoryUsage of job (MB)
	2767400  -  ResidentSetSize of job (KB)
...
006 (7076241.000.000) 09/09 03:35:02 Image size of job updated: 2790316
	2703  -  MemoryUsage of job (MB)
	2767400  -  ResidentSetSize of job (KB)
...
006 (7076241.000.000) 09/09 03:40:02 Image size of job updated: 2794692
	2703  -  MemoryUsage of job (MB)
	2767400  -  ResidentSetSize of job (KB)
...
006 (7076241.000.000) 09/09 03:45:02 Image size of job updated: 2796768
	2703  -  MemoryUsage of job (MB)
	2767400  -  ResidentSetSize of job (KB)
...
006 (7076241.000.000) 09/09 03:55:03 Image size of job updated: 2797052
	2703  -  MemoryUsage of job (MB)
	2767400  -  ResidentSetSize of job (KB)
...
006 (7076241.000.000) 09/09 04:00:03 Image size of job updated: 2801172
	2703  -  MemoryUsage of job (MB)
	2767400  -  ResidentSetSize of job (KB)
...
006 (7076241.000.000) 09/09 04:05:04 Image size of job updated: 2805352
	2703  -  MemoryUsage of job (MB)
	2767400  -  ResidentSetSize of job (KB)
...
006 (7076241.000.000) 09/09 04:10:05 Image size of job updated: 2809616
	2703  -  MemoryUsage of job (MB)
	2767400  -  ResidentSetSize of job (KB)
...
006 (7076241.000.000) 09/09 04:15:05 Image size of job updated: 2815120
	2703  -  MemoryUsage of job (MB)
	2767400  -  ResidentSetSize of job (KB)
...
006 (7076241.000.000) 09/09 04:20:06 Image size of job updated: 2819780
	2703  -  MemoryUsage of job (MB)
	2767400  -  ResidentSetSize of job (KB)
...
006 (7076241.000.000) 09/09 04:25:07 Image size of job updated: 2824120
	2703  -  MemoryUsage of job (MB)
	2767400  -  ResidentSetSize of job (KB)
...
006 (7076241.000.000) 09/09 04:30:07 Image size of job updated: 2828124
	2703  -  MemoryUsage of job (MB)
	2767400  -  ResidentSetSize of job (KB)
...
006 (7076241.000.000) 09/09 04:35:08 Image size of job updated: 2832028
	2703  -  MemoryUsage of job (MB)
	2767400  -  ResidentSetSize of job (KB)
...
006 (7076241.000.000) 09/09 04:40:09 Image size of job updated: 2832724
	2703  -  MemoryUsage of job (MB)
	2767400  -  ResidentSetSize of job (KB)
...
006 (7076241.000.000) 09/09 04:50:09 Image size of job updated: 2836908
	2703  -  MemoryUsage of job (MB)
	2767400  -  ResidentSetSize of job (KB)
...
006 (7076241.000.000) 09/09 04:55:10 Image size of job updated: 2837772
	2703  -  MemoryUsage of job (MB)
	2767400  -  ResidentSetSize of job (KB)
...
006 (7076241.000.000) 09/09 05:00:10 Image size of job updated: 2840700
	2703  -  MemoryUsage of job (MB)
	2767400  -  ResidentSetSize of job (KB)
...
006 (7076241.000.000) 09/09 05:05:10 Image size of job updated: 2844336
	2703  -  MemoryUsage of job (MB)
	2767400  -  ResidentSetSize of job (KB)
...
006 (7076241.000.000) 09/09 05:10:12 Image size of job updated: 2845072
	2720  -  MemoryUsage of job (MB)
	2784364  -  ResidentSetSize of job (KB)
...
006 (7076241.000.000) 09/09 05:15:12 Image size of job updated: 2848556
	2724  -  MemoryUsage of job (MB)
	2788460  -  ResidentSetSize of job (KB)
...
006 (7076241.000.000) 09/09 05:20:12 Image size of job updated: 2850468
	2724  -  MemoryUsage of job (MB)
	2788460  -  ResidentSetSize of job (KB)
...
006 (7076241.000.000) 09/09 05:25:13 Image size of job updated: 2851508
	2724  -  MemoryUsage of job (MB)
	2788460  -  ResidentSetSize of job (KB)
...
006 (7076241.000.000) 09/09 05:30:14 Image size of job updated: 2855348
	2724  -  MemoryUsage of job (MB)
	2788460  -  ResidentSetSize of job (KB)
...
006 (7076241.000.000) 09/09 05:35:14 Image size of job updated: 2858516
	2724  -  MemoryUsage of job (MB)
	2788460  -  ResidentSetSize of job (KB)
...
006 (7076241.000.000) 09/09 05:40:15 Image size of job updated: 2863164
	2724  -  MemoryUsage of job (MB)
	2788460  -  ResidentSetSize of job (KB)
...
006 (7076241.000.000) 09/09 05:45:16 Image size of job updated: 2866968
	2724  -  MemoryUsage of job (MB)
	2788460  -  ResidentSetSize of job (KB)
...
006 (7076241.000.000) 09/09 05:50:16 Image size of job updated: 2871176
	2724  -  MemoryUsage of job (MB)
	2788460  -  ResidentSetSize of job (KB)
...
006 (7076241.000.000) 09/09 05:55:17 Image size of job updated: 2875456
	2724  -  MemoryUsage of job (MB)
	2788460  -  ResidentSetSize of job (KB)
...
006 (7076241.000.000) 09/09 06:00:18 Image size of job updated: 2879548
	2724  -  MemoryUsage of job (MB)
	2788460  -  ResidentSetSize of job (KB)
...
006 (7076241.000.000) 09/09 06:05:18 Image size of job updated: 2884892
	2724  -  MemoryUsage of job (MB)
	2788460  -  ResidentSetSize of job (KB)
...
006 (7076241.000.000) 09/09 06:10:18 Image size of job updated: 2889000
	2809  -  MemoryUsage of job (MB)
	2876012  -  ResidentSetSize of job (KB)
...
006 (7076241.000.000) 09/09 06:15:19 Image size of job updated: 2893316
	2821  -  MemoryUsage of job (MB)
	2888300  -  ResidentSetSize of job (KB)
...
006 (7076241.000.000) 09/09 06:20:19 Image size of job updated: 2897720
	2821  -  MemoryUsage of job (MB)
	2888300  -  ResidentSetSize of job (KB)
...
006 (7076241.000.000) 09/09 06:25:19 Image size of job updated: 2902120
	2821  -  MemoryUsage of job (MB)
	2888300  -  ResidentSetSize of job (KB)
...
006 (7076241.000.000) 09/09 06:30:20 Image size of job updated: 2906412
	2821  -  MemoryUsage of job (MB)
	2888300  -  ResidentSetSize of job (KB)
...
006 (7076241.000.000) 09/09 06:35:21 Image size of job updated: 2910796
	2821  -  MemoryUsage of job (MB)
	2888300  -  ResidentSetSize of job (KB)
...
006 (7076241.000.000) 09/09 06:40:21 Image size of job updated: 2915132
	2821  -  MemoryUsage of job (MB)
	2888300  -  ResidentSetSize of job (KB)
...
006 (7076241.000.000) 09/09 06:45:22 Image size of job updated: 2918496
	2821  -  MemoryUsage of job (MB)
	2888300  -  ResidentSetSize of job (KB)
...
006 (7076241.000.000) 09/09 06:50:23 Image size of job updated: 2923728
	2821  -  MemoryUsage of job (MB)
	2888300  -  ResidentSetSize of job (KB)
...
006 (7076241.000.000) 09/09 06:55:23 Image size of job updated: 2927752
	2821  -  MemoryUsage of job (MB)
	2888300  -  ResidentSetSize of job (KB)
...
006 (7076241.000.000) 09/09 07:00:24 Image size of job updated: 2931476
	2839  -  MemoryUsage of job (MB)
	2906480  -  ResidentSetSize of job (KB)
...
006 (7076241.000.000) 09/09 07:05:25 Image size of job updated: 2935360
	2845  -  MemoryUsage of job (MB)
	2912624  -  ResidentSetSize of job (KB)
...
006 (7076241.000.000) 09/09 07:10:25 Image size of job updated: 2939180
	2845  -  MemoryUsage of job (MB)
	2912624  -  ResidentSetSize of job (KB)
...
006 (7076241.000.000) 09/09 07:15:26 Image size of job updated: 2943112
	2845  -  MemoryUsage of job (MB)
	2912624  -  ResidentSetSize of job (KB)
...
006 (7076241.000.000) 09/09 07:20:27 Image size of job updated: 2947020
	2845  -  MemoryUsage of job (MB)
	2912624  -  ResidentSetSize of job (KB)
...
006 (7076241.000.000) 09/09 07:25:27 Image size of job updated: 2950888
	2845  -  MemoryUsage of job (MB)
	2912624  -  ResidentSetSize of job (KB)
...
006 (7076241.000.000) 09/09 07:30:27 Image size of job updated: 2954668
	2845  -  MemoryUsage of job (MB)
	2912624  -  ResidentSetSize of job (KB)
...
006 (7076241.000.000) 09/09 07:35:28 Image size of job updated: 2958748
	2845  -  MemoryUsage of job (MB)
	2912624  -  ResidentSetSize of job (KB)
...
006 (7076241.000.000) 09/09 07:40:28 Image size of job updated: 2962564
	2845  -  MemoryUsage of job (MB)
	2912624  -  ResidentSetSize of job (KB)
...
006 (7076241.000.000) 09/09 07:45:28 Image size of job updated: 2965696
	2845  -  MemoryUsage of job (MB)
	2912624  -  ResidentSetSize of job (KB)
...
006 (7076241.000.000) 09/09 07:50:29 Image size of job updated: 2969552
	2845  -  MemoryUsage of job (MB)
	2912624  -  ResidentSetSize of job (KB)
...
006 (7076241.000.000) 09/09 07:55:29 Image size of job updated: 2973560
	2845  -  MemoryUsage of job (MB)
	2912624  -  ResidentSetSize of job (KB)
...
006 (7076241.000.000) 09/09 08:00:29 Image size of job updated: 2979156
	2845  -  MemoryUsage of job (MB)
	2912624  -  ResidentSetSize of job (KB)
...
006 (7076241.000.000) 09/09 08:05:30 Image size of job updated: 2983268
	2845  -  MemoryUsage of job (MB)
	2912624  -  ResidentSetSize of job (KB)
...
006 (7076241.000.000) 09/09 08:10:31 Image size of job updated: 2987828
	2845  -  MemoryUsage of job (MB)
	2912624  -  ResidentSetSize of job (KB)
...
006 (7076241.000.000) 09/09 08:15:31 Image size of job updated: 2992444
	2845  -  MemoryUsage of job (MB)
	2912624  -  ResidentSetSize of job (KB)
...
006 (7076241.000.000) 09/09 08:20:31 Image size of job updated: 2996836
	2845  -  MemoryUsage of job (MB)
	2912624  -  ResidentSetSize of job (KB)
...
006 (7076241.000.000) 09/09 08:25:32 Image size of job updated: 3001188
	2845  -  MemoryUsage of job (MB)
	2912624  -  ResidentSetSize of job (KB)
...
006 (7076241.000.000) 09/09 08:30:32 Image size of job updated: 3005644
	2845  -  MemoryUsage of job (MB)
	2912624  -  ResidentSetSize of job (KB)
...
006 (7076241.000.000) 09/09 08:35:32 Image size of job updated: 3010296
	2845  -  MemoryUsage of job (MB)
	2912624  -  ResidentSetSize of job (KB)
...
006 (7076241.000.000) 09/09 08:40:33 Image size of job updated: 3015264
	2845  -  MemoryUsage of job (MB)
	2912624  -  ResidentSetSize of job (KB)
...
006 (7076241.000.000) 09/09 08:45:34 Image size of job updated: 3019936
	2845  -  MemoryUsage of job (MB)
	2912624  -  ResidentSetSize of job (KB)
...
006 (7076241.000.000) 09/09 08:50:34 Image size of job updated: 3023416
	2845  -  MemoryUsage of job (MB)
	2912624  -  ResidentSetSize of job (KB)
...
006 (7076241.000.000) 09/09 08:55:34 Image size of job updated: 3027992
	2845  -  MemoryUsage of job (MB)
	2912624  -  ResidentSetSize of job (KB)
...
006 (7076241.000.000) 09/09 09:00:35 Image size of job updated: 3032684
	2845  -  MemoryUsage of job (MB)
	2912624  -  ResidentSetSize of job (KB)
...
006 (7076241.000.000) 09/09 09:05:36 Image size of job updated: 3037556
	2845  -  MemoryUsage of job (MB)
	2912624  -  ResidentSetSize of job (KB)
...
006 (7076241.000.000) 09/09 09:10:36 Image size of job updated: 3043524
	2845  -  MemoryUsage of job (MB)
	2912624  -  ResidentSetSize of job (KB)
...
006 (7076241.000.000) 09/09 09:15:36 Image size of job updated: 3048196
	2845  -  MemoryUsage of job (MB)
	2912624  -  ResidentSetSize of job (KB)
...
006 (7076241.000.000) 09/09 09:20:37 Image size of job updated: 3052892
	2845  -  MemoryUsage of job (MB)
	2912624  -  ResidentSetSize of job (KB)
...
006 (7076241.000.000) 09/09 09:25:38 Image size of job updated: 3057476
	2845  -  MemoryUsage of job (MB)
	2912624  -  ResidentSetSize of job (KB)
...
006 (7076241.000.000) 09/09 09:30:38 Image size of job updated: 3062176
	2845  -  MemoryUsage of job (MB)
	2912624  -  ResidentSetSize of job (KB)
...
006 (7076241.000.000) 09/09 09:35:38 Image size of job updated: 3066700
	2845  -  MemoryUsage of job (MB)
	2912624  -  ResidentSetSize of job (KB)
...
006 (7076241.000.000) 09/09 09:40:39 Image size of job updated: 3070836
	2845  -  MemoryUsage of job (MB)
	2912624  -  ResidentSetSize of job (KB)
...
006 (7076241.000.000) 09/09 09:45:39 Image size of job updated: 3074356
	2845  -  MemoryUsage of job (MB)
	2912624  -  ResidentSetSize of job (KB)
...
006 (7076241.000.000) 09/09 09:50:39 Image size of job updated: 3078260
	2845  -  MemoryUsage of job (MB)
	2912624  -  ResidentSetSize of job (KB)
...
006 (7076241.000.000) 09/09 09:55:40 Image size of job updated: 3082460
	2845  -  MemoryUsage of job (MB)
	2912624  -  ResidentSetSize of job (KB)
...
006 (7076241.000.000) 09/09 10:00:41 Image size of job updated: 3086836
	2845  -  MemoryUsage of job (MB)
	2912624  -  ResidentSetSize of job (KB)
...
006 (7076241.000.000) 09/09 10:05:41 Image size of job updated: 3091300
	2845  -  MemoryUsage of job (MB)
	2912624  -  ResidentSetSize of job (KB)
...
006 (7076241.000.000) 09/09 10:10:41 Image size of job updated: 3096164
	2845  -  MemoryUsage of job (MB)
	2912624  -  ResidentSetSize of job (KB)
...
006 (7076241.000.000) 09/09 10:15:42 Image size of job updated: 3102360
	2845  -  MemoryUsage of job (MB)
	2912624  -  ResidentSetSize of job (KB)
...
006 (7076241.000.000) 09/09 10:20:42 Image size of job updated: 3107144
	2845  -  MemoryUsage of job (MB)
	2912624  -  ResidentSetSize of job (KB)
...
006 (7076241.000.000) 09/09 10:25:42 Image size of job updated: 3111556
	2845  -  MemoryUsage of job (MB)
	2912624  -  ResidentSetSize of job (KB)
...
006 (7076241.000.000) 09/09 10:30:43 Image size of job updated: 3115908
	2845  -  MemoryUsage of job (MB)
	2912624  -  ResidentSetSize of job (KB)
...
006 (7076241.000.000) 09/09 10:35:44 Image size of job updated: 3120164
	2845  -  MemoryUsage of job (MB)
	2912624  -  ResidentSetSize of job (KB)
...
006 (7076241.000.000) 09/09 10:40:44 Image size of job updated: 3124320
	2845  -  MemoryUsage of job (MB)
	2912624  -  ResidentSetSize of job (KB)
...
006 (7076241.000.000) 09/09 10:45:45 Image size of job updated: 3127824
	2845  -  MemoryUsage of job (MB)
	2912624  -  ResidentSetSize of job (KB)
...
006 (7076241.000.000) 09/09 10:50:46 Image size of job updated: 3132824
	2845  -  MemoryUsage of job (MB)
	2912624  -  ResidentSetSize of job (KB)
...
006 (7076241.000.000) 09/09 10:55:46 Image size of job updated: 3137176
	2845  -  MemoryUsage of job (MB)
	2912624  -  ResidentSetSize of job (KB)
...
006 (7076241.000.000) 09/09 11:00:46 Image size of job updated: 3141036
	2845  -  MemoryUsage of job (MB)
	2912624  -  ResidentSetSize of job (KB)
...
006 (7076241.000.000) 09/09 11:05:47 Image size of job updated: 3145036
	2845  -  MemoryUsage of job (MB)
	2912624  -  ResidentSetSize of job (KB)
...
006 (7076241.000.000) 09/09 11:10:48 Image size of job updated: 3148852
	2845  -  MemoryUsage of job (MB)
	2912624  -  ResidentSetSize of job (KB)
...
006 (7076241.000.000) 09/09 11:15:48 Image size of job updated: 3153224
	2845  -  MemoryUsage of job (MB)
	2912624  -  ResidentSetSize of job (KB)
...
006 (7076241.000.000) 09/09 11:20:49 Image size of job updated: 3157272
	2845  -  MemoryUsage of job (MB)
	2912624  -  ResidentSetSize of job (KB)
...
006 (7076241.000.000) 09/09 11:25:49 Image size of job updated: 3161112
	2845  -  MemoryUsage of job (MB)
	2912624  -  ResidentSetSize of job (KB)
...
006 (7076241.000.000) 09/09 11:30:49 Image size of job updated: 3164788
	2845  -  MemoryUsage of job (MB)
	2912624  -  ResidentSetSize of job (KB)
...
006 (7076241.000.000) 09/09 11:35:50 Image size of job updated: 3168508
	2845  -  MemoryUsage of job (MB)
	2912624  -  ResidentSetSize of job (KB)
...
006 (7076241.000.000) 09/09 11:40:50 Image size of job updated: 3172104
	2845  -  MemoryUsage of job (MB)
	2912624  -  ResidentSetSize of job (KB)
...
006 (7076241.000.000) 09/09 11:45:51 Image size of job updated: 3175172
	2845  -  MemoryUsage of job (MB)
	2912624  -  ResidentSetSize of job (KB)
...
006 (7076241.000.000) 09/09 11:50:52 Image size of job updated: 3177860
	2845  -  MemoryUsage of job (MB)
	2912624  -  ResidentSetSize of job (KB)
...
006 (7076241.000.000) 09/09 11:55:52 Image size of job updated: 3182228
	3001  -  MemoryUsage of job (MB)
	3072036  -  ResidentSetSize of job (KB)
...
006 (7076241.000.000) 09/09 12:00:53 Image size of job updated: 3185036
	3007  -  MemoryUsage of job (MB)
	3078180  -  ResidentSetSize of job (KB)
...
006 (7076241.000.000) 09/09 12:05:54 Image size of job updated: 3188528
	3007  -  MemoryUsage of job (MB)
	3078180  -  ResidentSetSize of job (KB)
...
006 (7076241.000.000) 09/09 12:10:54 Image size of job updated: 3192364
	3007  -  MemoryUsage of job (MB)
	3078180  -  ResidentSetSize of job (KB)
...
006 (7076241.000.000) 09/09 12:15:55 Image size of job updated: 3196660
	3007  -  MemoryUsage of job (MB)
	3078180  -  ResidentSetSize of job (KB)
...
006 (7076241.000.000) 09/09 12:20:56 Image size of job updated: 3200116
	3007  -  MemoryUsage of job (MB)
	3078180  -  ResidentSetSize of job (KB)
...
006 (7076241.000.000) 09/09 12:25:56 Image size of job updated: 3203816
	3007  -  MemoryUsage of job (MB)
	3078180  -  ResidentSetSize of job (KB)
...
006 (7076241.000.000) 09/09 12:31:25 Image size of job updated: 3207316
	3007  -  MemoryUsage of job (MB)
	3078180  -  ResidentSetSize of job (KB)
...
006 (7076241.000.000) 09/09 12:35:57 Image size of job updated: 3211112
	3012  -  MemoryUsage of job (MB)
	3083688  -  ResidentSetSize of job (KB)
...
006 (7076241.000.000) 09/09 12:40:57 Image size of job updated: 3214900
	3016  -  MemoryUsage of job (MB)
	3087784  -  ResidentSetSize of job (KB)
...
006 (7076241.000.000) 09/09 12:45:57 Image size of job updated: 3218600
	3016  -  MemoryUsage of job (MB)
	3087784  -  ResidentSetSize of job (KB)
...
006 (7076241.000.000) 09/09 12:50:58 Image size of job updated: 3222296
	3016  -  MemoryUsage of job (MB)
	3087784  -  ResidentSetSize of job (KB)
...
006 (7076241.000.000) 09/09 12:55:58 Image size of job updated: 3225848
	3016  -  MemoryUsage of job (MB)
	3087784  -  ResidentSetSize of job (KB)
...
006 (7076241.000.000) 09/09 13:00:58 Image size of job updated: 3229356
	3016  -  MemoryUsage of job (MB)
	3087784  -  ResidentSetSize of job (KB)
...
006 (7076241.000.000) 09/09 13:05:59 Image size of job updated: 3231284
	3016  -  MemoryUsage of job (MB)
	3087784  -  ResidentSetSize of job (KB)
...
006 (7076241.000.000) 09/09 13:11:00 Image size of job updated: 3235020
	3016  -  MemoryUsage of job (MB)
	3087784  -  ResidentSetSize of job (KB)
...
006 (7076241.000.000) 09/09 13:16:00 Image size of job updated: 3238140
	3143  -  MemoryUsage of job (MB)
	3217672  -  ResidentSetSize of job (KB)
...
006 (7076241.000.000) 09/09 13:21:01 Image size of job updated: 3241928
	3147  -  MemoryUsage of job (MB)
	3221768  -  ResidentSetSize of job (KB)
...
006 (7076241.000.000) 09/09 13:26:02 Image size of job updated: 3246736
	3147  -  MemoryUsage of job (MB)
	3221768  -  ResidentSetSize of job (KB)
...
006 (7076241.000.000) 09/09 13:31:02 Image size of job updated: 3249712
	3147  -  MemoryUsage of job (MB)
	3221768  -  ResidentSetSize of job (KB)
...
006 (7076241.000.000) 09/09 13:36:03 Image size of job updated: 3253032
	3147  -  MemoryUsage of job (MB)
	3221768  -  ResidentSetSize of job (KB)
...
006 (7076241.000.000) 09/09 13:41:04 Image size of job updated: 3256360
	3147  -  MemoryUsage of job (MB)
	3221768  -  ResidentSetSize of job (KB)
...
006 (7076241.000.000) 09/09 13:46:04 Image size of job updated: 3259420
	3147  -  MemoryUsage of job (MB)
	3221768  -  ResidentSetSize of job (KB)
...
006 (7076241.000.000) 09/09 13:51:04 Image size of job updated: 3263820
	3147  -  MemoryUsage of job (MB)
	3221768  -  ResidentSetSize of job (KB)
...
006 (7076241.000.000) 09/09 13:56:05 Image size of job updated: 3267636
	3147  -  MemoryUsage of job (MB)
	3221768  -  ResidentSetSize of job (KB)
...
006 (7076241.000.000) 09/09 14:01:06 Image size of job updated: 3271296
	3147  -  MemoryUsage of job (MB)
	3221768  -  ResidentSetSize of job (KB)
...
006 (7076241.000.000) 09/09 14:06:06 Image size of job updated: 3274936
	3147  -  MemoryUsage of job (MB)
	3221768  -  ResidentSetSize of job (KB)
...
006 (7076241.000.000) 09/09 14:11:07 Image size of job updated: 3278340
	3147  -  MemoryUsage of job (MB)
	3221768  -  ResidentSetSize of job (KB)
...
006 (7076241.000.000) 09/09 14:16:08 Image size of job updated: 3281788
	3147  -  MemoryUsage of job (MB)
	3221768  -  ResidentSetSize of job (KB)
...
006 (7076241.000.000) 09/09 14:21:08 Image size of job updated: 3285464
	3147  -  MemoryUsage of job (MB)
	3221768  -  ResidentSetSize of job (KB)
...
006 (7076241.000.000) 09/09 14:26:09 Image size of job updated: 3289084
	3147  -  MemoryUsage of job (MB)
	3221768  -  ResidentSetSize of job (KB)
...
006 (7076241.000.000) 09/09 14:31:10 Image size of job updated: 3291160
	3147  -  MemoryUsage of job (MB)
	3221768  -  ResidentSetSize of job (KB)
...
006 (7076241.000.000) 09/09 14:36:10 Image size of job updated: 3294432
	3217  -  MemoryUsage of job (MB)
	3293472  -  ResidentSetSize of job (KB)
...
006 (7076241.000.000) 09/09 14:41:10 Image size of job updated: 3297024
	3217  -  MemoryUsage of job (MB)
	3293472  -  ResidentSetSize of job (KB)
...
006 (7076241.000.000) 09/09 14:46:11 Image size of job updated: 3299504
	3217  -  MemoryUsage of job (MB)
	3293472  -  ResidentSetSize of job (KB)
...
006 (7076241.000.000) 09/09 14:51:11 Image size of job updated: 3300172
	3217  -  MemoryUsage of job (MB)
	3293472  -  ResidentSetSize of job (KB)
...
006 (7076241.000.000) 09/09 14:56:13 Image size of job updated: 3304492
	3217  -  MemoryUsage of job (MB)
	3293472  -  ResidentSetSize of job (KB)
...
006 (7076241.000.000) 09/09 15:01:13 Image size of job updated: 3306260
	3217  -  MemoryUsage of job (MB)
	3293472  -  ResidentSetSize of job (KB)
...
006 (7076241.000.000) 09/09 15:06:13 Image size of job updated: 3309896
	3217  -  MemoryUsage of job (MB)
	3293472  -  ResidentSetSize of job (KB)
...
006 (7076241.000.000) 09/09 15:11:14 Image size of job updated: 3313624
	3217  -  MemoryUsage of job (MB)
	3293472  -  ResidentSetSize of job (KB)
...
006 (7076241.000.000) 09/09 15:16:15 Image size of job updated: 3317376
	3217  -  MemoryUsage of job (MB)
	3293472  -  ResidentSetSize of job (KB)
...
006 (7076241.000.000) 09/09 15:21:15 Image size of job updated: 3321480
	3217  -  MemoryUsage of job (MB)
	3293472  -  ResidentSetSize of job (KB)
...
006 (7076241.000.000) 09/09 15:26:16 Image size of job updated: 3324532
	3217  -  MemoryUsage of job (MB)
	3293472  -  ResidentSetSize of job (KB)
...
006 (7076241.000.000) 09/09 15:31:17 Image size of job updated: 3329716
	3217  -  MemoryUsage of job (MB)
	3293472  -  ResidentSetSize of job (KB)
...
006 (7076241.000.000) 09/09 15:36:17 Image size of job updated: 3333576
	3217  -  MemoryUsage of job (MB)
	3293472  -  ResidentSetSize of job (KB)
...
006 (7076241.000.000) 09/09 15:41:17 Image size of job updated: 3337360
	3217  -  MemoryUsage of job (MB)
	3293472  -  ResidentSetSize of job (KB)
...
006 (7076241.000.000) 09/09 15:46:18 Image size of job updated: 3340148
	3217  -  MemoryUsage of job (MB)
	3293472  -  ResidentSetSize of job (KB)
...
006 (7076241.000.000) 09/09 15:51:19 Image size of job updated: 3344868
	3217  -  MemoryUsage of job (MB)
	3293472  -  ResidentSetSize of job (KB)
...
006 (7076241.000.000) 09/09 16:21:23 Image size of job updated: 3346472
	3217  -  MemoryUsage of job (MB)
	3293472  -  ResidentSetSize of job (KB)
...
006 (7076241.000.000) 09/09 16:26:23 Image size of job updated: 3349872
	3217  -  MemoryUsage of job (MB)
	3293472  -  ResidentSetSize of job (KB)
...
006 (7076241.000.000) 09/09 16:31:23 Image size of job updated: 3353348
	3217  -  MemoryUsage of job (MB)
	3293472  -  ResidentSetSize of job (KB)
...
006 (7076241.000.000) 09/09 16:36:24 Image size of job updated: 3357300
	3217  -  MemoryUsage of job (MB)
	3293472  -  ResidentSetSize of job (KB)
...
006 (7076241.000.000) 09/09 16:41:24 Image size of job updated: 3360692
	3276  -  MemoryUsage of job (MB)
	3354128  -  ResidentSetSize of job (KB)
...
006 (7076241.000.000) 09/09 16:46:24 Image size of job updated: 3363624
	3280  -  MemoryUsage of job (MB)
	3358224  -  ResidentSetSize of job (KB)
...
006 (7076241.000.000) 09/09 16:51:25 Image size of job updated: 3366528
	3280  -  MemoryUsage of job (MB)
	3358224  -  ResidentSetSize of job (KB)
...
006 (7076241.000.000) 09/09 16:56:26 Image size of job updated: 3369992
	3280  -  MemoryUsage of job (MB)
	3358224  -  ResidentSetSize of job (KB)
...
006 (7076241.000.000) 09/09 17:01:26 Image size of job updated: 3372852
	3280  -  MemoryUsage of job (MB)
	3358224  -  ResidentSetSize of job (KB)
...
006 (7076241.000.000) 09/09 17:06:28 Image size of job updated: 3376180
	3280  -  MemoryUsage of job (MB)
	3358224  -  ResidentSetSize of job (KB)
...
006 (7076241.000.000) 09/09 17:11:28 Image size of job updated: 3380852
	3280  -  MemoryUsage of job (MB)
	3358224  -  ResidentSetSize of job (KB)
...
006 (7076241.000.000) 09/09 17:16:28 Image size of job updated: 3384324
	3280  -  MemoryUsage of job (MB)
	3358224  -  ResidentSetSize of job (KB)
...
006 (7076241.000.000) 09/09 17:21:29 Image size of job updated: 3387832
	3280  -  MemoryUsage of job (MB)
	3358224  -  ResidentSetSize of job (KB)
...
006 (7076241.000.000) 09/09 17:26:30 Image size of job updated: 3390940
	3280  -  MemoryUsage of job (MB)
	3358224  -  ResidentSetSize of job (KB)
...
006 (7076241.000.000) 09/09 17:31:30 Image size of job updated: 3394448
	3280  -  MemoryUsage of job (MB)
	3358224  -  ResidentSetSize of job (KB)
...
006 (7076241.000.000) 09/09 17:36:31 Image size of job updated: 3398004
	3280  -  MemoryUsage of job (MB)
	3358224  -  ResidentSetSize of job (KB)
...
006 (7076241.000.000) 09/09 17:41:32 Image size of job updated: 3401616
	3280  -  MemoryUsage of job (MB)
	3358224  -  ResidentSetSize of job (KB)
...
006 (7076241.000.000) 09/09 17:46:32 Image size of job updated: 3403132
	3280  -  MemoryUsage of job (MB)
	3358224  -  ResidentSetSize of job (KB)
...
006 (7076241.000.000) 09/09 17:51:32 Image size of job updated: 3404424
	3280  -  MemoryUsage of job (MB)
	3358224  -  ResidentSetSize of job (KB)
...
006 (7076241.000.000) 09/09 18:01:33 Image size of job updated: 3408104
	3280  -  MemoryUsage of job (MB)
	3358224  -  ResidentSetSize of job (KB)
...
006 (7076241.000.000) 09/09 18:06:33 Image size of job updated: 3411220
	3280  -  MemoryUsage of job (MB)
	3358224  -  ResidentSetSize of job (KB)
...
006 (7076241.000.000) 09/09 18:11:34 Image size of job updated: 3414720
	3280  -  MemoryUsage of job (MB)
	3358224  -  ResidentSetSize of job (KB)
...
006 (7076241.000.000) 09/09 18:19:34 Image size of job updated: 3417916
	3280  -  MemoryUsage of job (MB)
	3358224  -  ResidentSetSize of job (KB)
...
006 (7076241.000.000) 09/09 18:28:33 Image size of job updated: 3426176
	3280  -  MemoryUsage of job (MB)
	3358224  -  ResidentSetSize of job (KB)
...
006 (7076241.000.000) 09/09 18:35:44 Image size of job updated: 3431340
	3280  -  MemoryUsage of job (MB)
	3358224  -  ResidentSetSize of job (KB)
...
006 (7076241.000.000) 09/09 18:40:45 Image size of job updated: 3434676
	3280  -  MemoryUsage of job (MB)
	3358224  -  ResidentSetSize of job (KB)
...
006 (7076241.000.000) 09/09 18:45:46 Image size of job updated: 3437876
	3280  -  MemoryUsage of job (MB)
	3358224  -  ResidentSetSize of job (KB)
...
006 (7076241.000.000) 09/09 18:50:46 Image size of job updated: 3440080
	3280  -  MemoryUsage of job (MB)
	3358224  -  ResidentSetSize of job (KB)
...
006 (7076241.000.000) 09/09 18:55:47 Image size of job updated: 3444840
	3280  -  MemoryUsage of job (MB)
	3358224  -  ResidentSetSize of job (KB)
...
006 (7076241.000.000) 09/09 19:00:47 Image size of job updated: 3446880
	3280  -  MemoryUsage of job (MB)
	3358224  -  ResidentSetSize of job (KB)
...
006 (7076241.000.000) 09/09 19:05:47 Image size of job updated: 3450436
	3280  -  MemoryUsage of job (MB)
	3358224  -  ResidentSetSize of job (KB)
...
006 (7076241.000.000) 09/09 19:10:48 Image size of job updated: 3453476
	3280  -  MemoryUsage of job (MB)
	3358224  -  ResidentSetSize of job (KB)
...
006 (7076241.000.000) 09/09 19:15:49 Image size of job updated: 3458052
	3280  -  MemoryUsage of job (MB)
	3358224  -  ResidentSetSize of job (KB)
...
006 (7076241.000.000) 09/09 19:20:49 Image size of job updated: 3461288
	3280  -  MemoryUsage of job (MB)
	3358224  -  ResidentSetSize of job (KB)
...
006 (7076241.000.000) 09/09 19:25:50 Image size of job updated: 3464632
	3280  -  MemoryUsage of job (MB)
	3358224  -  ResidentSetSize of job (KB)
...
006 (7076241.000.000) 09/09 19:30:51 Image size of job updated: 3467968
	3280  -  MemoryUsage of job (MB)
	3358224  -  ResidentSetSize of job (KB)
...
006 (7076241.000.000) 09/09 19:35:51 Image size of job updated: 3468188
	3280  -  MemoryUsage of job (MB)
	3358224  -  ResidentSetSize of job (KB)
...
006 (7076241.000.000) 09/09 19:45:53 Image size of job updated: 3470332
	3280  -  MemoryUsage of job (MB)
	3358224  -  ResidentSetSize of job (KB)
...
006 (7076241.000.000) 09/09 19:50:53 Image size of job updated: 3474192
	3280  -  MemoryUsage of job (MB)
	3358224  -  ResidentSetSize of job (KB)
...
006 (7076241.000.000) 09/09 19:55:54 Image size of job updated: 3477640
	3292  -  MemoryUsage of job (MB)
	3370092  -  ResidentSetSize of job (KB)
...
006 (7076241.000.000) 09/09 20:00:55 Image size of job updated: 3481212
	3298  -  MemoryUsage of job (MB)
	3376236  -  ResidentSetSize of job (KB)
...
006 (7076241.000.000) 09/09 20:05:55 Image size of job updated: 3484636
	3298  -  MemoryUsage of job (MB)
	3376236  -  ResidentSetSize of job (KB)
...
006 (7076241.000.000) 09/09 20:10:55 Image size of job updated: 3488128
	3331  -  MemoryUsage of job (MB)
	3410452  -  ResidentSetSize of job (KB)
...
006 (7076241.000.000) 09/09 20:15:56 Image size of job updated: 3491704
	3335  -  MemoryUsage of job (MB)
	3414548  -  ResidentSetSize of job (KB)
...
006 (7076241.000.000) 09/09 20:20:56 Image size of job updated: 3495024
	3335  -  MemoryUsage of job (MB)
	3414548  -  ResidentSetSize of job (KB)
...
006 (7076241.000.000) 09/09 20:25:56 Image size of job updated: 3498480
	3335  -  MemoryUsage of job (MB)
	3414548  -  ResidentSetSize of job (KB)
...
006 (7076241.000.000) 09/09 20:30:57 Image size of job updated: 3502192
	3335  -  MemoryUsage of job (MB)
	3414548  -  ResidentSetSize of job (KB)
...
006 (7076241.000.000) 09/09 20:35:57 Image size of job updated: 3505584
	3335  -  MemoryUsage of job (MB)
	3414548  -  ResidentSetSize of job (KB)
...
006 (7076241.000.000) 09/09 20:40:57 Image size of job updated: 3509092
	3335  -  MemoryUsage of job (MB)
	3414548  -  ResidentSetSize of job (KB)
...
006 (7076241.000.000) 09/09 20:45:58 Image size of job updated: 3512688
	3335  -  MemoryUsage of job (MB)
	3414548  -  ResidentSetSize of job (KB)
...
006 (7076241.000.000) 09/09 20:50:59 Image size of job updated: 3516088
	3335  -  MemoryUsage of job (MB)
	3414548  -  ResidentSetSize of job (KB)
...
006 (7076241.000.000) 09/09 20:55:59 Image size of job updated: 3519440
	3335  -  MemoryUsage of job (MB)
	3414548  -  ResidentSetSize of job (KB)
...
006 (7076241.000.000) 09/09 21:00:59 Image size of job updated: 3522864
	3335  -  MemoryUsage of job (MB)
	3414548  -  ResidentSetSize of job (KB)
...
006 (7076241.000.000) 09/09 21:06:00 Image size of job updated: 3526600
	3335  -  MemoryUsage of job (MB)
	3414548  -  ResidentSetSize of job (KB)
...
006 (7076241.000.000) 09/09 21:11:01 Image size of job updated: 3528452
	3335  -  MemoryUsage of job (MB)
	3414548  -  ResidentSetSize of job (KB)
...
006 (7076241.000.000) 09/09 21:16:02 Image size of job updated: 3532024
	3415  -  MemoryUsage of job (MB)
	3496456  -  ResidentSetSize of job (KB)
...
006 (7076241.000.000) 09/09 21:21:02 Image size of job updated: 3535648
	3417  -  MemoryUsage of job (MB)
	3498504  -  ResidentSetSize of job (KB)
...
006 (7076241.000.000) 09/09 21:26:02 Image size of job updated: 3539236
	3417  -  MemoryUsage of job (MB)
	3498504  -  ResidentSetSize of job (KB)
...
006 (7076241.000.000) 09/09 21:31:03 Image size of job updated: 3542648
	3417  -  MemoryUsage of job (MB)
	3498504  -  ResidentSetSize of job (KB)
...
006 (7076241.000.000) 09/09 21:36:03 Image size of job updated: 3546312
	3417  -  MemoryUsage of job (MB)
	3498504  -  ResidentSetSize of job (KB)
...
006 (7076241.000.000) 09/09 21:41:03 Image size of job updated: 3549668
	3417  -  MemoryUsage of job (MB)
	3498504  -  ResidentSetSize of job (KB)
...
006 (7076241.000.000) 09/09 21:46:05 Image size of job updated: 3552948
	3417  -  MemoryUsage of job (MB)
	3498504  -  ResidentSetSize of job (KB)
...
006 (7076241.000.000) 09/09 21:51:05 Image size of job updated: 3553452
	3417  -  MemoryUsage of job (MB)
	3498504  -  ResidentSetSize of job (KB)
...
006 (7076241.000.000) 09/09 21:56:05 Image size of job updated: 3557068
	3417  -  MemoryUsage of job (MB)
	3498504  -  ResidentSetSize of job (KB)
...
006 (7076241.000.000) 09/09 22:01:06 Image size of job updated: 3560592
	3417  -  MemoryUsage of job (MB)
	3498504  -  ResidentSetSize of job (KB)
...
006 (7076241.000.000) 09/09 22:06:07 Image size of job updated: 3562472
	3417  -  MemoryUsage of job (MB)
	3498504  -  ResidentSetSize of job (KB)
...
006 (7076241.000.000) 09/09 22:11:07 Image size of job updated: 3564256
	3417  -  MemoryUsage of job (MB)
	3498504  -  ResidentSetSize of job (KB)
...
006 (7076241.000.000) 09/09 22:16:08 Image size of job updated: 3567676
	3417  -  MemoryUsage of job (MB)
	3498504  -  ResidentSetSize of job (KB)
...
006 (7076241.000.000) 09/09 22:21:09 Image size of job updated: 3571232
	3481  -  MemoryUsage of job (MB)
	3564096  -  ResidentSetSize of job (KB)
...
006 (7076241.000.000) 09/09 22:26:09 Image size of job updated: 3574884
	3485  -  MemoryUsage of job (MB)
	3568192  -  ResidentSetSize of job (KB)
...
006 (7076241.000.000) 09/09 22:31:09 Image size of job updated: 3578252
	3485  -  MemoryUsage of job (MB)
	3568192  -  ResidentSetSize of job (KB)
...
006 (7076241.000.000) 09/09 22:36:10 Image size of job updated: 3581720
	3485  -  MemoryUsage of job (MB)
	3568192  -  ResidentSetSize of job (KB)
...
006 (7076241.000.000) 09/09 22:41:10 Image size of job updated: 3585056
	3485  -  MemoryUsage of job (MB)
	3568192  -  ResidentSetSize of job (KB)
...
006 (7076241.000.000) 09/09 22:46:10 Image size of job updated: 3589896
	3485  -  MemoryUsage of job (MB)
	3568192  -  ResidentSetSize of job (KB)
...
006 (7076241.000.000) 09/09 22:51:11 Image size of job updated: 3593240
	3485  -  MemoryUsage of job (MB)
	3568192  -  ResidentSetSize of job (KB)
...
006 (7076241.000.000) 09/09 22:56:11 Image size of job updated: 3596652
	3485  -  MemoryUsage of job (MB)
	3568192  -  ResidentSetSize of job (KB)
...
006 (7076241.000.000) 09/09 23:01:11 Image size of job updated: 3601056
	3485  -  MemoryUsage of job (MB)
	3568192  -  ResidentSetSize of job (KB)
...
006 (7076241.000.000) 09/09 23:06:12 Image size of job updated: 3604416
	3485  -  MemoryUsage of job (MB)
	3568192  -  ResidentSetSize of job (KB)
...
006 (7076241.000.000) 09/09 23:11:12 Image size of job updated: 3607744
	3485  -  MemoryUsage of job (MB)
	3568192  -  ResidentSetSize of job (KB)
...
006 (7076241.000.000) 09/09 23:16:12 Image size of job updated: 3611192
	3485  -  MemoryUsage of job (MB)
	3568192  -  ResidentSetSize of job (KB)
...
006 (7076241.000.000) 09/09 23:21:13 Image size of job updated: 3614404
	3485  -  MemoryUsage of job (MB)
	3568192  -  ResidentSetSize of job (KB)
...
006 (7076241.000.000) 09/09 23:26:14 Image size of job updated: 3617736
	3485  -  MemoryUsage of job (MB)
	3568192  -  ResidentSetSize of job (KB)
...
006 (7076241.000.000) 09/09 23:31:14 Image size of job updated: 3620996
	3485  -  MemoryUsage of job (MB)
	3568192  -  ResidentSetSize of job (KB)
...
006 (7076241.000.000) 09/09 23:36:15 Image size of job updated: 3624256
	3485  -  MemoryUsage of job (MB)
	3568192  -  ResidentSetSize of job (KB)
...
006 (7076241.000.000) 09/09 23:41:16 Image size of job updated: 3627532
	3485  -  MemoryUsage of job (MB)
	3568192  -  ResidentSetSize of job (KB)
...
006 (7076241.000.000) 09/09 23:46:16 Image size of job updated: 3630872
	3485  -  MemoryUsage of job (MB)
	3568192  -  ResidentSetSize of job (KB)
...
006 (7076241.000.000) 09/09 23:51:17 Image size of job updated: 3633280
	3485  -  MemoryUsage of job (MB)
	3568192  -  ResidentSetSize of job (KB)
...
006 (7076241.000.000) 09/09 23:56:18 Image size of job updated: 3636492
	3485  -  MemoryUsage of job (MB)
	3568192  -  ResidentSetSize of job (KB)
...
006 (7076241.000.000) 09/10 00:01:18 Image size of job updated: 3640960
	3485  -  MemoryUsage of job (MB)
	3568192  -  ResidentSetSize of job (KB)
...
006 (7076241.000.000) 09/10 00:06:18 Image size of job updated: 3644200
	3485  -  MemoryUsage of job (MB)
	3568192  -  ResidentSetSize of job (KB)
...
006 (7076241.000.000) 09/10 00:11:20 Image size of job updated: 3647428
	3485  -  MemoryUsage of job (MB)
	3568192  -  ResidentSetSize of job (KB)
...
006 (7076241.000.000) 09/10 00:16:20 Image size of job updated: 3650580
	3485  -  MemoryUsage of job (MB)
	3568192  -  ResidentSetSize of job (KB)
...
006 (7076241.000.000) 09/10 00:21:20 Image size of job updated: 3654084
	3485  -  MemoryUsage of job (MB)
	3568192  -  ResidentSetSize of job (KB)
...
006 (7076241.000.000) 09/10 00:26:22 Image size of job updated: 3657420
	3485  -  MemoryUsage of job (MB)
	3568192  -  ResidentSetSize of job (KB)
...
006 (7076241.000.000) 09/10 00:31:22 Image size of job updated: 3661128
	3485  -  MemoryUsage of job (MB)
	3568192  -  ResidentSetSize of job (KB)
...
006 (7076241.000.000) 09/10 00:36:22 Image size of job updated: 3664196
	3485  -  MemoryUsage of job (MB)
	3568192  -  ResidentSetSize of job (KB)
...
006 (7076241.000.000) 09/10 00:41:23 Image size of job updated: 3667564
	3485  -  MemoryUsage of job (MB)
	3568192  -  ResidentSetSize of job (KB)
...
006 (7076241.000.000) 09/10 00:46:24 Image size of job updated: 3671024
	3485  -  MemoryUsage of job (MB)
	3568192  -  ResidentSetSize of job (KB)
...
006 (7076241.000.000) 09/10 00:51:24 Image size of job updated: 3673308
	3485  -  MemoryUsage of job (MB)
	3568192  -  ResidentSetSize of job (KB)
...
006 (7076241.000.000) 09/10 00:56:25 Image size of job updated: 3676404
	3485  -  MemoryUsage of job (MB)
	3568192  -  ResidentSetSize of job (KB)
...
006 (7076241.000.000) 09/10 01:01:26 Image size of job updated: 3679944
	3485  -  MemoryUsage of job (MB)
	3568192  -  ResidentSetSize of job (KB)
...
006 (7076241.000.000) 09/10 01:06:26 Image size of job updated: 3685044
	3485  -  MemoryUsage of job (MB)
	3568192  -  ResidentSetSize of job (KB)
...
006 (7076241.000.000) 09/10 01:11:26 Image size of job updated: 3688508
	3485  -  MemoryUsage of job (MB)
	3568192  -  ResidentSetSize of job (KB)
...
006 (7076241.000.000) 09/10 01:16:27 Image size of job updated: 3691860
	3485  -  MemoryUsage of job (MB)
	3568192  -  ResidentSetSize of job (KB)
...
006 (7076241.000.000) 09/10 01:21:27 Image size of job updated: 3695356
	3485  -  MemoryUsage of job (MB)
	3568192  -  ResidentSetSize of job (KB)
...
006 (7076241.000.000) 09/10 01:26:27 Image size of job updated: 3698560
	3485  -  MemoryUsage of job (MB)
	3568192  -  ResidentSetSize of job (KB)
...
006 (7076241.000.000) 09/10 01:31:28 Image size of job updated: 3701472
	3500  -  MemoryUsage of job (MB)
	3583524  -  ResidentSetSize of job (KB)
...
006 (7076241.000.000) 09/10 01:36:28 Image size of job updated: 3704504
	3512  -  MemoryUsage of job (MB)
	3595824  -  ResidentSetSize of job (KB)
...
006 (7076241.000.000) 09/10 01:41:28 Image size of job updated: 3707912
	3512  -  MemoryUsage of job (MB)
	3595824  -  ResidentSetSize of job (KB)
...
006 (7076241.000.000) 09/10 01:46:29 Image size of job updated: 3711088
	3512  -  MemoryUsage of job (MB)
	3595824  -  ResidentSetSize of job (KB)
...
006 (7076241.000.000) 09/10 01:51:30 Image size of job updated: 3712472
	3512  -  MemoryUsage of job (MB)
	3595824  -  ResidentSetSize of job (KB)
...
006 (7076241.000.000) 09/10 01:56:30 Image size of job updated: 3717564
	3512  -  MemoryUsage of job (MB)
	3595824  -  ResidentSetSize of job (KB)
...
006 (7076241.000.000) 09/10 02:01:31 Image size of job updated: 3721100
	3512  -  MemoryUsage of job (MB)
	3595824  -  ResidentSetSize of job (KB)
...
006 (7076241.000.000) 09/10 02:06:32 Image size of job updated: 3724204
	3512  -  MemoryUsage of job (MB)
	3595824  -  ResidentSetSize of job (KB)
...
006 (7076241.000.000) 09/10 02:11:32 Image size of job updated: 3727488
	3512  -  MemoryUsage of job (MB)
	3595824  -  ResidentSetSize of job (KB)
...
006 (7076241.000.000) 09/10 02:16:32 Image size of job updated: 3730740
	3512  -  MemoryUsage of job (MB)
	3595824  -  ResidentSetSize of job (KB)
...
006 (7076241.000.000) 09/10 02:21:33 Image size of job updated: 3734116
	3512  -  MemoryUsage of job (MB)
	3595824  -  ResidentSetSize of job (KB)
...
006 (7076241.000.000) 09/10 02:26:33 Image size of job updated: 3737568
	3531  -  MemoryUsage of job (MB)
	3614868  -  ResidentSetSize of job (KB)
...
006 (7076241.000.000) 09/10 02:31:33 Image size of job updated: 3740804
	3535  -  MemoryUsage of job (MB)
	3618964  -  ResidentSetSize of job (KB)
...
006 (7076241.000.000) 09/10 02:36:34 Image size of job updated: 3744324
	3535  -  MemoryUsage of job (MB)
	3618964  -  ResidentSetSize of job (KB)
...
006 (7076241.000.000) 09/10 02:41:35 Image size of job updated: 3747808
	3535  -  MemoryUsage of job (MB)
	3618964  -  ResidentSetSize of job (KB)
...
006 (7076241.000.000) 09/10 02:46:35 Image size of job updated: 3751088
	3535  -  MemoryUsage of job (MB)
	3618964  -  ResidentSetSize of job (KB)
...
006 (7076241.000.000) 09/10 02:51:36 Image size of job updated: 3754564
	3535  -  MemoryUsage of job (MB)
	3618964  -  ResidentSetSize of job (KB)
...
006 (7076241.000.000) 09/10 02:56:37 Image size of job updated: 3757828
	3535  -  MemoryUsage of job (MB)
	3618964  -  ResidentSetSize of job (KB)
...
006 (7076241.000.000) 09/10 03:01:37 Image size of job updated: 3761176
	3535  -  MemoryUsage of job (MB)
	3618964  -  ResidentSetSize of job (KB)
...
006 (7076241.000.000) 09/10 03:06:37 Image size of job updated: 3764848
	3548  -  MemoryUsage of job (MB)
	3633008  -  ResidentSetSize of job (KB)
...
006 (7076241.000.000) 09/10 03:11:38 Image size of job updated: 3768180
	3555  -  MemoryUsage of job (MB)
	3639352  -  ResidentSetSize of job (KB)
...
006 (7076241.000.000) 09/10 03:16:38 Image size of job updated: 3771360
	3555  -  MemoryUsage of job (MB)
	3639352  -  ResidentSetSize of job (KB)
...
006 (7076241.000.000) 09/10 03:21:38 Image size of job updated: 3774552
	3555  -  MemoryUsage of job (MB)
	3639352  -  ResidentSetSize of job (KB)
...
006 (7076241.000.000) 09/10 03:26:40 Image size of job updated: 3777820
	3555  -  MemoryUsage of job (MB)
	3639352  -  ResidentSetSize of job (KB)
...
006 (7076241.000.000) 09/10 03:31:40 Image size of job updated: 3781136
	3555  -  MemoryUsage of job (MB)
	3639352  -  ResidentSetSize of job (KB)
...
006 (7076241.000.000) 09/10 03:36:40 Image size of job updated: 3784272
	3555  -  MemoryUsage of job (MB)
	3639352  -  ResidentSetSize of job (KB)
...
006 (7076241.000.000) 09/10 03:41:41 Image size of job updated: 3787448
	3636  -  MemoryUsage of job (MB)
	3722544  -  ResidentSetSize of job (KB)
...
006 (7076241.000.000) 09/10 03:46:41 Image size of job updated: 3789472
	3652  -  MemoryUsage of job (MB)
	3738928  -  ResidentSetSize of job (KB)
...
006 (7076241.000.000) 09/10 03:51:41 Image size of job updated: 3792684
	3652  -  MemoryUsage of job (MB)
	3738928  -  ResidentSetSize of job (KB)
...
006 (7076241.000.000) 09/10 03:56:42 Image size of job updated: 3795756
	3652  -  MemoryUsage of job (MB)
	3738928  -  ResidentSetSize of job (KB)
...
006 (7076241.000.000) 09/10 04:01:42 Image size of job updated: 3797384
	3652  -  MemoryUsage of job (MB)
	3738928  -  ResidentSetSize of job (KB)
...
006 (7076241.000.000) 09/10 04:16:44 Image size of job updated: 3799452
	3652  -  MemoryUsage of job (MB)
	3738928  -  ResidentSetSize of job (KB)
...
006 (7076241.000.000) 09/10 04:21:44 Image size of job updated: 3800972
	3652  -  MemoryUsage of job (MB)
	3738928  -  ResidentSetSize of job (KB)
...
006 (7076241.000.000) 09/10 04:26:45 Image size of job updated: 3804084
	3652  -  MemoryUsage of job (MB)
	3738928  -  ResidentSetSize of job (KB)
...
006 (7076241.000.000) 09/10 04:31:46 Image size of job updated: 3808696
	3652  -  MemoryUsage of job (MB)
	3738928  -  ResidentSetSize of job (KB)
...
006 (7076241.000.000) 09/10 04:36:46 Image size of job updated: 3811696
	3652  -  MemoryUsage of job (MB)
	3738928  -  ResidentSetSize of job (KB)
...
006 (7076241.000.000) 09/10 04:41:47 Image size of job updated: 3814712
	3652  -  MemoryUsage of job (MB)
	3738928  -  ResidentSetSize of job (KB)
...
006 (7076241.000.000) 09/10 04:46:48 Image size of job updated: 3816756
	3652  -  MemoryUsage of job (MB)
	3738928  -  ResidentSetSize of job (KB)
...
006 (7076241.000.000) 09/10 04:51:48 Image size of job updated: 3820092
	3667  -  MemoryUsage of job (MB)
	3754660  -  ResidentSetSize of job (KB)
...
006 (7076241.000.000) 09/10 04:56:48 Image size of job updated: 3823268
	3673  -  MemoryUsage of job (MB)
	3760804  -  ResidentSetSize of job (KB)
...
006 (7076241.000.000) 09/10 05:01:49 Image size of job updated: 3826304
	3673  -  MemoryUsage of job (MB)
	3760804  -  ResidentSetSize of job (KB)
...
006 (7076241.000.000) 09/10 05:06:49 Image size of job updated: 3829504
	3673  -  MemoryUsage of job (MB)
	3760804  -  ResidentSetSize of job (KB)
...
006 (7076241.000.000) 09/10 05:11:49 Image size of job updated: 3832780
	3673  -  MemoryUsage of job (MB)
	3760804  -  ResidentSetSize of job (KB)
...
006 (7076241.000.000) 09/10 05:16:50 Image size of job updated: 3837260
	3673  -  MemoryUsage of job (MB)
	3760804  -  ResidentSetSize of job (KB)
...
006 (7076241.000.000) 09/10 05:21:51 Image size of job updated: 3840244
	3673  -  MemoryUsage of job (MB)
	3760804  -  ResidentSetSize of job (KB)
...
006 (7076241.000.000) 09/10 05:26:51 Image size of job updated: 3843544
	3673  -  MemoryUsage of job (MB)
	3760804  -  ResidentSetSize of job (KB)
...
006 (7076241.000.000) 09/10 05:31:52 Image size of job updated: 3847364
	3673  -  MemoryUsage of job (MB)
	3760804  -  ResidentSetSize of job (KB)
...
006 (7076241.000.000) 09/10 05:36:53 Image size of job updated: 3850644
	3673  -  MemoryUsage of job (MB)
	3760804  -  ResidentSetSize of job (KB)
...
006 (7076241.000.000) 09/10 05:41:53 Image size of job updated: 3853912
	3673  -  MemoryUsage of job (MB)
	3760804  -  ResidentSetSize of job (KB)
...
006 (7076241.000.000) 09/10 05:46:54 Image size of job updated: 3855988
	3673  -  MemoryUsage of job (MB)
	3760804  -  ResidentSetSize of job (KB)
...
006 (7076241.000.000) 09/10 05:51:55 Image size of job updated: 3860696
	3673  -  MemoryUsage of job (MB)
	3760804  -  ResidentSetSize of job (KB)
...
006 (7076241.000.000) 09/10 05:56:55 Image size of job updated: 3863824
	3673  -  MemoryUsage of job (MB)
	3760804  -  ResidentSetSize of job (KB)
...
006 (7076241.000.000) 09/10 06:01:55 Image size of job updated: 3867208
	3673  -  MemoryUsage of job (MB)
	3760804  -  ResidentSetSize of job (KB)
...
006 (7076241.000.000) 09/10 06:06:57 Image size of job updated: 3870400
	3673  -  MemoryUsage of job (MB)
	3760804  -  ResidentSetSize of job (KB)
...
006 (7076241.000.000) 09/10 06:11:57 Image size of job updated: 3873740
	3673  -  MemoryUsage of job (MB)
	3760804  -  ResidentSetSize of job (KB)
...
006 (7076241.000.000) 09/10 06:16:57 Image size of job updated: 3876888
	3673  -  MemoryUsage of job (MB)
	3760804  -  ResidentSetSize of job (KB)
...
006 (7076241.000.000) 09/10 06:21:58 Image size of job updated: 3880184
	3673  -  MemoryUsage of job (MB)
	3760804  -  ResidentSetSize of job (KB)
...
006 (7076241.000.000) 09/10 06:26:59 Image size of job updated: 3883300
	3673  -  MemoryUsage of job (MB)
	3760804  -  ResidentSetSize of job (KB)
...
006 (7076241.000.000) 09/10 06:31:59 Image size of job updated: 3886612
	3673  -  MemoryUsage of job (MB)
	3760804  -  ResidentSetSize of job (KB)
...
006 (7076241.000.000) 09/10 06:37:00 Image size of job updated: 3889780
	3673  -  MemoryUsage of job (MB)
	3760804  -  ResidentSetSize of job (KB)
...
006 (7076241.000.000) 09/10 06:42:01 Image size of job updated: 3893108
	3673  -  MemoryUsage of job (MB)
	3760804  -  ResidentSetSize of job (KB)
...
006 (7076241.000.000) 09/10 06:47:01 Image size of job updated: 3894848
	3673  -  MemoryUsage of job (MB)
	3760804  -  ResidentSetSize of job (KB)
...
006 (7076241.000.000) 09/10 06:52:02 Image size of job updated: 3899424
	3673  -  MemoryUsage of job (MB)
	3760804  -  ResidentSetSize of job (KB)
...
006 (7076241.000.000) 09/10 06:57:03 Image size of job updated: 3901940
	3673  -  MemoryUsage of job (MB)
	3760804  -  ResidentSetSize of job (KB)
...
006 (7076241.000.000) 09/10 07:02:03 Image size of job updated: 3905652
	3673  -  MemoryUsage of job (MB)
	3760804  -  ResidentSetSize of job (KB)
...
006 (7076241.000.000) 09/10 07:07:03 Image size of job updated: 3909056
	3673  -  MemoryUsage of job (MB)
	3760804  -  ResidentSetSize of job (KB)
...
006 (7076241.000.000) 09/10 07:12:04 Image size of job updated: 3913740
	3673  -  MemoryUsage of job (MB)
	3760804  -  ResidentSetSize of job (KB)
...
006 (7076241.000.000) 09/10 07:17:04 Image size of job updated: 3917636
	3673  -  MemoryUsage of job (MB)
	3760804  -  ResidentSetSize of job (KB)
...
006 (7076241.000.000) 09/10 07:22:04 Image size of job updated: 3921244
	3673  -  MemoryUsage of job (MB)
	3760804  -  ResidentSetSize of job (KB)
...
006 (7076241.000.000) 09/10 07:27:05 Image size of job updated: 3924768
	3673  -  MemoryUsage of job (MB)
	3760804  -  ResidentSetSize of job (KB)
...
006 (7076241.000.000) 09/10 07:32:06 Image size of job updated: 3928636
	3673  -  MemoryUsage of job (MB)
	3760804  -  ResidentSetSize of job (KB)
...
006 (7076241.000.000) 09/10 07:37:06 Image size of job updated: 3932408
	3673  -  MemoryUsage of job (MB)
	3760804  -  ResidentSetSize of job (KB)
...
006 (7076241.000.000) 09/10 07:42:06 Image size of job updated: 3936404
	3673  -  MemoryUsage of job (MB)
	3760804  -  ResidentSetSize of job (KB)
...
006 (7076241.000.000) 09/10 07:47:07 Image size of job updated: 3940692
	3706  -  MemoryUsage of job (MB)
	3794676  -  ResidentSetSize of job (KB)
...
006 (7076241.000.000) 09/10 07:52:07 Image size of job updated: 3944656
	3851  -  MemoryUsage of job (MB)
	3942472  -  ResidentSetSize of job (KB)
...
006 (7076241.000.000) 09/10 07:57:07 Image size of job updated: 3948556
	3851  -  MemoryUsage of job (MB)
	3942472  -  ResidentSetSize of job (KB)
...
006 (7076241.000.000) 09/10 08:02:08 Image size of job updated: 3952640
	3851  -  MemoryUsage of job (MB)
	3942472  -  ResidentSetSize of job (KB)
...
006 (7076241.000.000) 09/10 08:07:09 Image size of job updated: 3956096
	3851  -  MemoryUsage of job (MB)
	3942472  -  ResidentSetSize of job (KB)
...
006 (7076241.000.000) 09/10 08:12:09 Image size of job updated: 3959392
	3851  -  MemoryUsage of job (MB)
	3942472  -  ResidentSetSize of job (KB)
...
006 (7076241.000.000) 09/10 08:17:09 Image size of job updated: 3962944
	3851  -  MemoryUsage of job (MB)
	3942472  -  ResidentSetSize of job (KB)
...
006 (7076241.000.000) 09/10 08:22:10 Image size of job updated: 3966596
	3851  -  MemoryUsage of job (MB)
	3942472  -  ResidentSetSize of job (KB)
...
006 (7076241.000.000) 09/10 08:27:11 Image size of job updated: 3969904
	3851  -  MemoryUsage of job (MB)
	3942472  -  ResidentSetSize of job (KB)
...
006 (7076241.000.000) 09/10 08:32:11 Image size of job updated: 3973344
	3851  -  MemoryUsage of job (MB)
	3942472  -  ResidentSetSize of job (KB)
...
006 (7076241.000.000) 09/10 08:37:12 Image size of job updated: 3976632
	3851  -  MemoryUsage of job (MB)
	3942472  -  ResidentSetSize of job (KB)
...
006 (7076241.000.000) 09/10 08:42:13 Image size of job updated: 3980124
	3851  -  MemoryUsage of job (MB)
	3942472  -  ResidentSetSize of job (KB)
...
006 (7076241.000.000) 09/10 08:47:13 Image size of job updated: 3983768
	3851  -  MemoryUsage of job (MB)
	3942472  -  ResidentSetSize of job (KB)
...
006 (7076241.000.000) 09/10 08:52:13 Image size of job updated: 3987620
	3851  -  MemoryUsage of job (MB)
	3942472  -  ResidentSetSize of job (KB)
...
006 (7076241.000.000) 09/10 08:57:14 Image size of job updated: 3991344
	3851  -  MemoryUsage of job (MB)
	3942472  -  ResidentSetSize of job (KB)
...
006 (7076241.000.000) 09/10 09:02:15 Image size of job updated: 3994952
	3851  -  MemoryUsage of job (MB)
	3942472  -  ResidentSetSize of job (KB)
...
006 (7076241.000.000) 09/10 09:07:15 Image size of job updated: 3998168
	3851  -  MemoryUsage of job (MB)
	3942472  -  ResidentSetSize of job (KB)
...
006 (7076241.000.000) 09/10 09:12:15 Image size of job updated: 4001556
	3851  -  MemoryUsage of job (MB)
	3942472  -  ResidentSetSize of job (KB)
...
006 (7076241.000.000) 09/10 09:17:17 Image size of job updated: 4004732
	3851  -  MemoryUsage of job (MB)
	3942472  -  ResidentSetSize of job (KB)
...
006 (7076241.000.000) 09/10 09:22:17 Image size of job updated: 4008188
	3851  -  MemoryUsage of job (MB)
	3942472  -  ResidentSetSize of job (KB)
...
006 (7076241.000.000) 09/10 09:27:17 Image size of job updated: 4011708
	3851  -  MemoryUsage of job (MB)
	3942472  -  ResidentSetSize of job (KB)
...
006 (7076241.000.000) 09/10 09:32:18 Image size of job updated: 4014956
	3851  -  MemoryUsage of job (MB)
	3942472  -  ResidentSetSize of job (KB)
...
006 (7076241.000.000) 09/10 09:37:19 Image size of job updated: 4018232
	3851  -  MemoryUsage of job (MB)
	3942472  -  ResidentSetSize of job (KB)
...
006 (7076241.000.000) 09/10 09:42:19 Image size of job updated: 4021684
	3851  -  MemoryUsage of job (MB)
	3942472  -  ResidentSetSize of job (KB)
...
006 (7076241.000.000) 09/10 09:47:20 Image size of job updated: 4024936
	3851  -  MemoryUsage of job (MB)
	3942472  -  ResidentSetSize of job (KB)
...
006 (7076241.000.000) 09/10 09:48:39 Image size of job updated: 8254392
	3851  -  MemoryUsage of job (MB)
	3942472  -  ResidentSetSize of job (KB)
...
040 (7076241.000.000) 09/10 09:48:39 Started transferring output files
...
040 (7076241.000.000) 09/10 09:48:48 Finished transferring output files
...
005 (7076241.000.000) 09/10 09:48:48 Job terminated.
	(1) Normal termination (return value 0)
		Usr 1 03:37:41, Sys 1 06:11:18  -  Run Remote Usage
		Usr 0 00:00:00, Sys 0 00:00:00  -  Run Local Usage
		Usr 1 03:37:41, Sys 1 06:11:18  -  Total Remote Usage
		Usr 0 00:00:00, Sys 0 00:00:00  -  Total Local Usage
	145114576  -  Run Bytes Sent By Job
	10915  -  Run Bytes Received By Job
	145114576  -  Total Bytes Sent By Job
	10915  -  Total Bytes Received By Job
	Partitionable Resources :     Usage  Request Allocated 
	   Cpus                 :      0.99        1         1 
	   Disk (KB)            : 141746          12   2868820 
	   Memory (MB)          :   3851        2000      2000 

	Job terminated of its own accord at 2024-09-10T07:48:39Z with exit-code 0.
...
000 (7170108.000.000) 09/24 12:03:25 Job submitted from host: <137.138.55.115:9618?addrs=137.138.55.115-9618+[2001-1458-d00-17--12a]-9618&alias=bigbird23.cern.ch&noUDP&sock=schedd_4975_03c1>
...
040 (7170108.000.000) 09/24 12:20:39 Started transferring input files
	Transferring to host: <128.142.248.56:9618?addrs=128.142.248.56-9618+[2001-1458-301-73--100-128]-9618&alias=b9g23p8230.cern.ch&noUDP&sock=slot1_11_668309_e602_31249>
...
040 (7170108.000.000) 09/24 12:20:39 Finished transferring input files
...
001 (7170108.000.000) 09/24 12:20:40 Job executing on host: <128.142.248.56:9618?addrs=128.142.248.56-9618+[2001-1458-301-73--100-128]-9618&alias=b9g23p8230.cern.ch&noUDP&sock=startd_7660_b38b>
	SlotName: slot1_11@b9g23p8230.cern.ch
	CondorScratchDir = "/pool/condor/dir_3150729"
	Cpus = 1
	Disk = 2962558
	Memory = 2000
...
006 (7170108.000.000) 09/24 12:20:49 Image size of job updated: 1
	0  -  MemoryUsage of job (MB)
	0  -  ResidentSetSize of job (KB)
...
006 (7170108.000.000) 09/24 12:21:29 Image size of job updated: 601820
	402  -  MemoryUsage of job (MB)
	410700  -  ResidentSetSize of job (KB)
...
040 (7170108.000.000) 09/24 12:21:29 Started transferring output files
...
040 (7170108.000.000) 09/24 12:21:34 Finished transferring output files
...
005 (7170108.000.000) 09/24 12:21:34 Job terminated.
	(1) Normal termination (return value 1)
		Usr 0 00:00:06, Sys 0 00:00:01  -  Run Remote Usage
		Usr 0 00:00:00, Sys 0 00:00:00  -  Run Local Usage
		Usr 0 00:00:06, Sys 0 00:00:01  -  Total Remote Usage
		Usr 0 00:00:00, Sys 0 00:00:00  -  Total Local Usage
	5826  -  Run Bytes Sent By Job
	10916  -  Run Bytes Received By Job
	5826  -  Total Bytes Sent By Job
	10916  -  Total Bytes Received By Job
	Partitionable Resources :    Usage  Request Allocated 
	   Cpus                 :                 1         1 
	   Disk (KB)            :       30       12   2962558 
	   Memory (MB)          :      402     2000      2000 

	Job terminated of its own accord at 2024-09-24T10:21:29Z with exit-code 1.
...
000 (7170382.000.000) 09/24 12:26:21 Job submitted from host: <137.138.55.115:9618?addrs=137.138.55.115-9618+[2001-1458-d00-17--12a]-9618&alias=bigbird23.cern.ch&noUDP&sock=schedd_4975_03c1>
...
040 (7170382.000.000) 09/24 12:49:51 Started transferring input files
	Transferring to host: <128.142.193.193:9618?addrs=128.142.193.193-9618+[2001-1458-301-8--100-3d]-9618&alias=b9g21p6818.cern.ch&noUDP&sock=slot1_4_3925655_d42d_64040>
...
040 (7170382.000.000) 09/24 12:49:52 Finished transferring input files
...
001 (7170382.000.000) 09/24 12:49:53 Job executing on host: <128.142.193.193:9618?addrs=128.142.193.193-9618+[2001-1458-301-8--100-3d]-9618&alias=b9g21p6818.cern.ch&noUDP&sock=startd_4751_5e8a>
	SlotName: slot1_4@b9g21p6818.cern.ch
	CondorScratchDir = "/pool/condor/dir_3735995"
	Cpus = 1
	Disk = 1168004
	Memory = 2000
...
006 (7170382.000.000) 09/24 12:50:01 Image size of job updated: 99592
	97  -  MemoryUsage of job (MB)
	99268  -  ResidentSetSize of job (KB)
...
006 (7170382.000.000) 09/24 12:50:19 Image size of job updated: 606308
	404  -  MemoryUsage of job (MB)
	412920  -  ResidentSetSize of job (KB)
...
040 (7170382.000.000) 09/24 12:50:19 Started transferring output files
...
040 (7170382.000.000) 09/24 12:50:19 Finished transferring output files
...
005 (7170382.000.000) 09/24 12:50:19 Job terminated.
	(1) Normal termination (return value 1)
		Usr 0 00:00:07, Sys 0 00:00:02  -  Run Remote Usage
		Usr 0 00:00:00, Sys 0 00:00:00  -  Run Local Usage
		Usr 0 00:00:07, Sys 0 00:00:02  -  Total Remote Usage
		Usr 0 00:00:00, Sys 0 00:00:00  -  Total Local Usage
	6727  -  Run Bytes Sent By Job
	10916  -  Run Bytes Received By Job
	6727  -  Total Bytes Sent By Job
	10916  -  Total Bytes Received By Job
	Partitionable Resources :    Usage  Request Allocated 
	   Cpus                 :                 1         1 
	   Disk (KB)            :       31       12   1168004 
	   Memory (MB)          :      404     2000      2000 

	Job terminated of its own accord at 2024-09-24T10:50:19Z with exit-code 1.
...
000 (7171858.000.000) 09/24 12:52:33 Job submitted from host: <137.138.55.115:9618?addrs=137.138.55.115-9618+[2001-1458-d00-17--12a]-9618&alias=bigbird23.cern.ch&noUDP&sock=schedd_4975_03c1>
...
040 (7171858.000.000) 09/24 13:29:58 Started transferring input files
	Transferring to host: <128.142.192.140:9618?addrs=128.142.192.140-9618+[2001-1458-301-56--100-8]-9618&alias=b9g18p8843.cern.ch&noUDP&sock=slot1_6_4785_371c_36807>
...
040 (7171858.000.000) 09/24 13:29:58 Finished transferring input files
...
001 (7171858.000.000) 09/24 13:30:00 Job executing on host: <128.142.192.140:9618?addrs=128.142.192.140-9618+[2001-1458-301-56--100-8]-9618&alias=b9g18p8843.cern.ch&noUDP&sock=startd_3820_c7de>
	SlotName: slot1_6@b9g18p8843.cern.ch
	CondorScratchDir = "/pool/condor/dir_3828787"
	Cpus = 1
	Disk = 2869153
	Memory = 2000
...
006 (7171858.000.000) 09/24 13:30:09 Image size of job updated: 466448
	456  -  MemoryUsage of job (MB)
	466108  -  ResidentSetSize of job (KB)
...
006 (7171858.000.000) 09/24 13:35:10 Image size of job updated: 756628
	726  -  MemoryUsage of job (MB)
	742492  -  ResidentSetSize of job (KB)
...
006 (7171858.000.000) 09/24 13:40:11 Image size of job updated: 801248
	734  -  MemoryUsage of job (MB)
	750684  -  ResidentSetSize of job (KB)
...
006 (7171858.000.000) 09/24 13:45:11 Image size of job updated: 849300
	820  -  MemoryUsage of job (MB)
	839588  -  ResidentSetSize of job (KB)
...
006 (7171858.000.000) 09/24 13:50:12 Image size of job updated: 865388
	822  -  MemoryUsage of job (MB)
	841636  -  ResidentSetSize of job (KB)
...
006 (7171858.000.000) 09/24 14:50:18 Image size of job updated: 876024
	827  -  MemoryUsage of job (MB)
	845996  -  ResidentSetSize of job (KB)
...
006 (7171858.000.000) 09/24 14:55:19 Image size of job updated: 899712
	827  -  MemoryUsage of job (MB)
	845996  -  ResidentSetSize of job (KB)
...
006 (7171858.000.000) 09/24 15:00:19 Image size of job updated: 921820
	827  -  MemoryUsage of job (MB)
	846072  -  ResidentSetSize of job (KB)
...
006 (7171858.000.000) 09/24 15:05:20 Image size of job updated: 943336
	827  -  MemoryUsage of job (MB)
	846072  -  ResidentSetSize of job (KB)
...
006 (7171858.000.000) 09/24 15:10:21 Image size of job updated: 964408
	882  -  MemoryUsage of job (MB)
	902860  -  ResidentSetSize of job (KB)
...
006 (7171858.000.000) 09/24 15:15:21 Image size of job updated: 984304
	888  -  MemoryUsage of job (MB)
	909004  -  ResidentSetSize of job (KB)
...
006 (7171858.000.000) 09/24 15:20:21 Image size of job updated: 1002540
	888  -  MemoryUsage of job (MB)
	909004  -  ResidentSetSize of job (KB)
...
006 (7171858.000.000) 09/24 15:25:22 Image size of job updated: 1022792
	999  -  MemoryUsage of job (MB)
	1022304  -  ResidentSetSize of job (KB)
...
006 (7171858.000.000) 09/24 15:30:22 Image size of job updated: 1041772
	999  -  MemoryUsage of job (MB)
	1022304  -  ResidentSetSize of job (KB)
...
006 (7171858.000.000) 09/24 15:35:22 Image size of job updated: 1059664
	999  -  MemoryUsage of job (MB)
	1022304  -  ResidentSetSize of job (KB)
...
006 (7171858.000.000) 09/24 15:40:23 Image size of job updated: 1077400
	999  -  MemoryUsage of job (MB)
	1022304  -  ResidentSetSize of job (KB)
...
006 (7171858.000.000) 09/24 15:45:24 Image size of job updated: 1098116
	999  -  MemoryUsage of job (MB)
	1022304  -  ResidentSetSize of job (KB)
...
006 (7171858.000.000) 09/24 15:50:24 Image size of job updated: 1115404
	999  -  MemoryUsage of job (MB)
	1022304  -  ResidentSetSize of job (KB)
...
006 (7171858.000.000) 09/24 15:55:25 Image size of job updated: 1132656
	999  -  MemoryUsage of job (MB)
	1022304  -  ResidentSetSize of job (KB)
...
006 (7171858.000.000) 09/24 16:00:26 Image size of job updated: 1149640
	999  -  MemoryUsage of job (MB)
	1022304  -  ResidentSetSize of job (KB)
...
006 (7171858.000.000) 09/24 16:05:26 Image size of job updated: 1166568
	999  -  MemoryUsage of job (MB)
	1022304  -  ResidentSetSize of job (KB)
...
006 (7171858.000.000) 09/24 16:10:27 Image size of job updated: 1182948
	1126  -  MemoryUsage of job (MB)
	1152888  -  ResidentSetSize of job (KB)
...
006 (7171858.000.000) 09/24 16:15:28 Image size of job updated: 1199024
	1134  -  MemoryUsage of job (MB)
	1161080  -  ResidentSetSize of job (KB)
...
006 (7171858.000.000) 09/24 16:20:28 Image size of job updated: 1215212
	1134  -  MemoryUsage of job (MB)
	1161080  -  ResidentSetSize of job (KB)
...
006 (7171858.000.000) 09/24 16:25:28 Image size of job updated: 1231060
	1134  -  MemoryUsage of job (MB)
	1161080  -  ResidentSetSize of job (KB)
...
006 (7171858.000.000) 09/24 16:30:29 Image size of job updated: 1246168
	1134  -  MemoryUsage of job (MB)
	1161080  -  ResidentSetSize of job (KB)
...
006 (7171858.000.000) 09/24 16:35:29 Image size of job updated: 1260888
	1134  -  MemoryUsage of job (MB)
	1161080  -  ResidentSetSize of job (KB)
...
006 (7171858.000.000) 09/24 16:40:29 Image size of job updated: 1276524
	1134  -  MemoryUsage of job (MB)
	1161080  -  ResidentSetSize of job (KB)
...
006 (7171858.000.000) 09/24 16:45:30 Image size of job updated: 1291176
	1134  -  MemoryUsage of job (MB)
	1161080  -  ResidentSetSize of job (KB)
...
006 (7171858.000.000) 09/24 16:50:31 Image size of job updated: 1304800
	1134  -  MemoryUsage of job (MB)
	1161080  -  ResidentSetSize of job (KB)
...
006 (7171858.000.000) 09/24 16:55:31 Image size of job updated: 1318972
	1134  -  MemoryUsage of job (MB)
	1161080  -  ResidentSetSize of job (KB)
...
006 (7171858.000.000) 09/24 17:00:32 Image size of job updated: 1331548
	1134  -  MemoryUsage of job (MB)
	1161080  -  ResidentSetSize of job (KB)
...
006 (7171858.000.000) 09/24 17:05:33 Image size of job updated: 1346408
	1134  -  MemoryUsage of job (MB)
	1161080  -  ResidentSetSize of job (KB)
...
006 (7171858.000.000) 09/24 17:10:33 Image size of job updated: 1360424
	1134  -  MemoryUsage of job (MB)
	1161080  -  ResidentSetSize of job (KB)
...
006 (7171858.000.000) 09/24 17:15:33 Image size of job updated: 1374528
	1134  -  MemoryUsage of job (MB)
	1161080  -  ResidentSetSize of job (KB)
...
006 (7171858.000.000) 09/24 17:20:34 Image size of job updated: 1388496
	1268  -  MemoryUsage of job (MB)
	1297432  -  ResidentSetSize of job (KB)
...
006 (7171858.000.000) 09/24 17:25:35 Image size of job updated: 1401728
	1274  -  MemoryUsage of job (MB)
	1303576  -  ResidentSetSize of job (KB)
...
006 (7171858.000.000) 09/24 17:30:35 Image size of job updated: 1414908
	1292  -  MemoryUsage of job (MB)
	1322880  -  ResidentSetSize of job (KB)
...
006 (7171858.000.000) 09/24 17:35:36 Image size of job updated: 1428356
	1340  -  MemoryUsage of job (MB)
	1371260  -  ResidentSetSize of job (KB)
...
006 (7171858.000.000) 09/24 17:40:36 Image size of job updated: 1441752
	1358  -  MemoryUsage of job (MB)
	1390100  -  ResidentSetSize of job (KB)
...
006 (7171858.000.000) 09/24 17:45:36 Image size of job updated: 1455660
	1364  -  MemoryUsage of job (MB)
	1396412  -  ResidentSetSize of job (KB)
...
006 (7171858.000.000) 09/24 17:50:36 Image size of job updated: 1468532
	1364  -  MemoryUsage of job (MB)
	1396412  -  ResidentSetSize of job (KB)
...
006 (7171858.000.000) 09/24 17:55:37 Image size of job updated: 1482460
	1364  -  MemoryUsage of job (MB)
	1396412  -  ResidentSetSize of job (KB)
...
006 (7171858.000.000) 09/24 18:00:37 Image size of job updated: 1493612
	1364  -  MemoryUsage of job (MB)
	1396412  -  ResidentSetSize of job (KB)
...
006 (7171858.000.000) 09/24 18:05:37 Image size of job updated: 1505888
	1454  -  MemoryUsage of job (MB)
	1488552  -  ResidentSetSize of job (KB)
...
006 (7171858.000.000) 09/24 18:10:39 Image size of job updated: 1518432
	1460  -  MemoryUsage of job (MB)
	1494696  -  ResidentSetSize of job (KB)
...
006 (7171858.000.000) 09/24 18:15:39 Image size of job updated: 1530704
	1460  -  MemoryUsage of job (MB)
	1494696  -  ResidentSetSize of job (KB)
...
006 (7171858.000.000) 09/24 18:20:39 Image size of job updated: 1542548
	1460  -  MemoryUsage of job (MB)
	1494696  -  ResidentSetSize of job (KB)
...
006 (7171858.000.000) 09/24 18:25:40 Image size of job updated: 1554488
	1460  -  MemoryUsage of job (MB)
	1494696  -  ResidentSetSize of job (KB)
...
006 (7171858.000.000) 09/24 18:30:41 Image size of job updated: 1566188
	1460  -  MemoryUsage of job (MB)
	1494696  -  ResidentSetSize of job (KB)
...
006 (7171858.000.000) 09/24 18:35:41 Image size of job updated: 1578208
	1461  -  MemoryUsage of job (MB)
	1495956  -  ResidentSetSize of job (KB)
...
006 (7171858.000.000) 09/24 18:40:42 Image size of job updated: 1589924
	1461  -  MemoryUsage of job (MB)
	1495956  -  ResidentSetSize of job (KB)
...
006 (7171858.000.000) 09/24 18:45:43 Image size of job updated: 1600232
	1461  -  MemoryUsage of job (MB)
	1495956  -  ResidentSetSize of job (KB)
...
006 (7171858.000.000) 09/24 18:50:43 Image size of job updated: 1613020
	1461  -  MemoryUsage of job (MB)
	1495956  -  ResidentSetSize of job (KB)
...
006 (7171858.000.000) 09/24 18:55:43 Image size of job updated: 1624820
	1461  -  MemoryUsage of job (MB)
	1495956  -  ResidentSetSize of job (KB)
...
006 (7171858.000.000) 09/24 19:00:45 Image size of job updated: 1635508
	1461  -  MemoryUsage of job (MB)
	1495956  -  ResidentSetSize of job (KB)
...
006 (7171858.000.000) 09/24 19:05:45 Image size of job updated: 1647776
	1461  -  MemoryUsage of job (MB)
	1495956  -  ResidentSetSize of job (KB)
...
006 (7171858.000.000) 09/24 19:10:45 Image size of job updated: 1658948
	1461  -  MemoryUsage of job (MB)
	1495956  -  ResidentSetSize of job (KB)
...
006 (7171858.000.000) 09/24 19:15:46 Image size of job updated: 1670068
	1461  -  MemoryUsage of job (MB)
	1495956  -  ResidentSetSize of job (KB)
...
006 (7171858.000.000) 09/24 19:20:47 Image size of job updated: 1680784
	1584  -  MemoryUsage of job (MB)
	1621672  -  ResidentSetSize of job (KB)
...
006 (7171858.000.000) 09/24 19:25:47 Image size of job updated: 1691272
	1584  -  MemoryUsage of job (MB)
	1621672  -  ResidentSetSize of job (KB)
...
006 (7171858.000.000) 09/24 19:30:48 Image size of job updated: 1701648
	1584  -  MemoryUsage of job (MB)
	1621672  -  ResidentSetSize of job (KB)
...
006 (7171858.000.000) 09/24 19:35:49 Image size of job updated: 1712800
	1584  -  MemoryUsage of job (MB)
	1621672  -  ResidentSetSize of job (KB)
...
006 (7171858.000.000) 09/24 19:40:49 Image size of job updated: 1723356
	1584  -  MemoryUsage of job (MB)
	1621672  -  ResidentSetSize of job (KB)
...
006 (7171858.000.000) 09/24 19:45:49 Image size of job updated: 1732064
	1584  -  MemoryUsage of job (MB)
	1621672  -  ResidentSetSize of job (KB)
...
006 (7171858.000.000) 09/24 19:50:50 Image size of job updated: 1742048
	1584  -  MemoryUsage of job (MB)
	1621672  -  ResidentSetSize of job (KB)
...
006 (7171858.000.000) 09/24 19:55:50 Image size of job updated: 1752356
	1584  -  MemoryUsage of job (MB)
	1621672  -  ResidentSetSize of job (KB)
...
006 (7171858.000.000) 09/24 20:00:51 Image size of job updated: 1764336
	1584  -  MemoryUsage of job (MB)
	1621672  -  ResidentSetSize of job (KB)
...
006 (7171858.000.000) 09/24 20:05:52 Image size of job updated: 1774304
	1584  -  MemoryUsage of job (MB)
	1621672  -  ResidentSetSize of job (KB)
...
006 (7171858.000.000) 09/24 20:10:52 Image size of job updated: 1784532
	1584  -  MemoryUsage of job (MB)
	1621672  -  ResidentSetSize of job (KB)
...
006 (7171858.000.000) 09/24 20:15:52 Image size of job updated: 1794480
	1726  -  MemoryUsage of job (MB)
	1766776  -  ResidentSetSize of job (KB)
...
006 (7171858.000.000) 09/24 20:20:53 Image size of job updated: 1804800
	1732  -  MemoryUsage of job (MB)
	1772932  -  ResidentSetSize of job (KB)
...
006 (7171858.000.000) 09/24 20:25:54 Image size of job updated: 1807452
	1732  -  MemoryUsage of job (MB)
	1772932  -  ResidentSetSize of job (KB)
...
006 (7171858.000.000) 09/24 20:35:55 Image size of job updated: 1807452
	1732  -  MemoryUsage of job (MB)
	1773268  -  ResidentSetSize of job (KB)
...
006 (7171858.000.000) 09/24 20:40:56 Image size of job updated: 1808480
	1732  -  MemoryUsage of job (MB)
	1773268  -  ResidentSetSize of job (KB)
...
006 (7171858.000.000) 09/24 20:45:56 Image size of job updated: 1818068
	1732  -  MemoryUsage of job (MB)
	1773268  -  ResidentSetSize of job (KB)
...
006 (7171858.000.000) 09/24 20:50:57 Image size of job updated: 1825800
	1732  -  MemoryUsage of job (MB)
	1773268  -  ResidentSetSize of job (KB)
...
006 (7171858.000.000) 09/24 20:55:58 Image size of job updated: 1834520
	1732  -  MemoryUsage of job (MB)
	1773268  -  ResidentSetSize of job (KB)
...
006 (7171858.000.000) 09/24 21:00:58 Image size of job updated: 1843400
	1732  -  MemoryUsage of job (MB)
	1773268  -  ResidentSetSize of job (KB)
...
006 (7171858.000.000) 09/24 21:05:58 Image size of job updated: 1852096
	1732  -  MemoryUsage of job (MB)
	1773268  -  ResidentSetSize of job (KB)
...
006 (7171858.000.000) 09/24 21:10:59 Image size of job updated: 1860868
	1732  -  MemoryUsage of job (MB)
	1773268  -  ResidentSetSize of job (KB)
...
006 (7171858.000.000) 09/24 21:15:59 Image size of job updated: 1869356
	1732  -  MemoryUsage of job (MB)
	1773268  -  ResidentSetSize of job (KB)
...
006 (7171858.000.000) 09/24 21:20:59 Image size of job updated: 1877828
	1732  -  MemoryUsage of job (MB)
	1773268  -  ResidentSetSize of job (KB)
...
006 (7171858.000.000) 09/24 21:26:00 Image size of job updated: 1886620
	1732  -  MemoryUsage of job (MB)
	1773268  -  ResidentSetSize of job (KB)
...
006 (7171858.000.000) 09/24 21:31:01 Image size of job updated: 1895180
	1732  -  MemoryUsage of job (MB)
	1773268  -  ResidentSetSize of job (KB)
...
006 (7171858.000.000) 09/24 21:36:01 Image size of job updated: 1903592
	1732  -  MemoryUsage of job (MB)
	1773268  -  ResidentSetSize of job (KB)
...
006 (7171858.000.000) 09/24 21:41:03 Image size of job updated: 1912000
	1732  -  MemoryUsage of job (MB)
	1773268  -  ResidentSetSize of job (KB)
...
006 (7171858.000.000) 09/24 21:46:03 Image size of job updated: 1920524
	1732  -  MemoryUsage of job (MB)
	1773268  -  ResidentSetSize of job (KB)
...
006 (7171858.000.000) 09/24 21:51:03 Image size of job updated: 1928508
	1732  -  MemoryUsage of job (MB)
	1773268  -  ResidentSetSize of job (KB)
...
006 (7171858.000.000) 09/24 21:56:05 Image size of job updated: 1936720
	1732  -  MemoryUsage of job (MB)
	1773268  -  ResidentSetSize of job (KB)
...
006 (7171858.000.000) 09/24 22:01:05 Image size of job updated: 1946904
	1732  -  MemoryUsage of job (MB)
	1773268  -  ResidentSetSize of job (KB)
...
006 (7171858.000.000) 09/24 22:06:05 Image size of job updated: 1955184
	1732  -  MemoryUsage of job (MB)
	1773268  -  ResidentSetSize of job (KB)
...
006 (7171858.000.000) 09/24 22:11:06 Image size of job updated: 1963480
	1732  -  MemoryUsage of job (MB)
	1773268  -  ResidentSetSize of job (KB)
...
006 (7171858.000.000) 09/24 22:16:07 Image size of job updated: 1972408
	1739  -  MemoryUsage of job (MB)
	1780264  -  ResidentSetSize of job (KB)
...
006 (7171858.000.000) 09/24 22:21:07 Image size of job updated: 1980636
	1745  -  MemoryUsage of job (MB)
	1786408  -  ResidentSetSize of job (KB)
...
006 (7171858.000.000) 09/24 22:26:08 Image size of job updated: 1989232
	1745  -  MemoryUsage of job (MB)
	1786408  -  ResidentSetSize of job (KB)
...
006 (7171858.000.000) 09/24 22:31:09 Image size of job updated: 1997516
	1745  -  MemoryUsage of job (MB)
	1786408  -  ResidentSetSize of job (KB)
...
006 (7171858.000.000) 09/24 22:36:09 Image size of job updated: 2005824
	1745  -  MemoryUsage of job (MB)
	1786408  -  ResidentSetSize of job (KB)
...
006 (7171858.000.000) 09/24 22:41:09 Image size of job updated: 2014072
	1747  -  MemoryUsage of job (MB)
	1788788  -  ResidentSetSize of job (KB)
...
006 (7171858.000.000) 09/24 22:46:10 Image size of job updated: 2021548
	1896  -  MemoryUsage of job (MB)
	1941352  -  ResidentSetSize of job (KB)
...
006 (7171858.000.000) 09/24 22:51:10 Image size of job updated: 2022416
	1916  -  MemoryUsage of job (MB)
	1961832  -  ResidentSetSize of job (KB)
...
006 (7171858.000.000) 09/24 23:16:13 Image size of job updated: 2022416
	1926  -  MemoryUsage of job (MB)
	1971440  -  ResidentSetSize of job (KB)
...
006 (7171858.000.000) 09/24 23:21:14 Image size of job updated: 2022416
	1932  -  MemoryUsage of job (MB)
	1977584  -  ResidentSetSize of job (KB)
...
006 (7171858.000.000) 09/24 23:36:15 Image size of job updated: 2025420
	1932  -  MemoryUsage of job (MB)
	1977584  -  ResidentSetSize of job (KB)
...
006 (7171858.000.000) 09/24 23:41:15 Image size of job updated: 2032980
	1932  -  MemoryUsage of job (MB)
	1977584  -  ResidentSetSize of job (KB)
...
006 (7171858.000.000) 09/24 23:46:15 Image size of job updated: 2038840
	1932  -  MemoryUsage of job (MB)
	1977584  -  ResidentSetSize of job (KB)
...
006 (7171858.000.000) 09/24 23:51:16 Image size of job updated: 2045788
	1968  -  MemoryUsage of job (MB)
	2014628  -  ResidentSetSize of job (KB)
...
006 (7171858.000.000) 09/24 23:56:17 Image size of job updated: 2054004
	1978  -  MemoryUsage of job (MB)
	2024868  -  ResidentSetSize of job (KB)
...
006 (7171858.000.000) 09/25 00:01:17 Image size of job updated: 2061372
	1978  -  MemoryUsage of job (MB)
	2024868  -  ResidentSetSize of job (KB)
...
006 (7171858.000.000) 09/25 00:06:18 Image size of job updated: 2068244
	1978  -  MemoryUsage of job (MB)
	2024868  -  ResidentSetSize of job (KB)
...
006 (7171858.000.000) 09/25 00:11:19 Image size of job updated: 2075516
	1978  -  MemoryUsage of job (MB)
	2024868  -  ResidentSetSize of job (KB)
...
006 (7171858.000.000) 09/25 00:16:19 Image size of job updated: 2082596
	1978  -  MemoryUsage of job (MB)
	2024868  -  ResidentSetSize of job (KB)
...
006 (7171858.000.000) 09/25 00:21:19 Image size of job updated: 2089436
	1978  -  MemoryUsage of job (MB)
	2024868  -  ResidentSetSize of job (KB)
...
006 (7171858.000.000) 09/25 00:26:20 Image size of job updated: 2096564
	1978  -  MemoryUsage of job (MB)
	2024868  -  ResidentSetSize of job (KB)
...
006 (7171858.000.000) 09/25 00:31:20 Image size of job updated: 2103324
	1978  -  MemoryUsage of job (MB)
	2024868  -  ResidentSetSize of job (KB)
...
006 (7171858.000.000) 09/25 00:36:20 Image size of job updated: 2109748
	1978  -  MemoryUsage of job (MB)
	2024868  -  ResidentSetSize of job (KB)
...
006 (7171858.000.000) 09/25 00:41:21 Image size of job updated: 2116516
	1978  -  MemoryUsage of job (MB)
	2024868  -  ResidentSetSize of job (KB)
...
006 (7171858.000.000) 09/25 00:46:21 Image size of job updated: 2123448
	1978  -  MemoryUsage of job (MB)
	2024868  -  ResidentSetSize of job (KB)
...
006 (7171858.000.000) 09/25 00:51:21 Image size of job updated: 2130008
	1978  -  MemoryUsage of job (MB)
	2024868  -  ResidentSetSize of job (KB)
...
006 (7171858.000.000) 09/25 00:56:22 Image size of job updated: 2137348
	1978  -  MemoryUsage of job (MB)
	2024868  -  ResidentSetSize of job (KB)
...
006 (7171858.000.000) 09/25 01:01:23 Image size of job updated: 2144044
	1978  -  MemoryUsage of job (MB)
	2024868  -  ResidentSetSize of job (KB)
...
006 (7171858.000.000) 09/25 01:06:23 Image size of job updated: 2151244
	2005  -  MemoryUsage of job (MB)
	2053072  -  ResidentSetSize of job (KB)
...
006 (7171858.000.000) 09/25 01:11:24 Image size of job updated: 2157956
	2011  -  MemoryUsage of job (MB)
	2059216  -  ResidentSetSize of job (KB)
...
006 (7171858.000.000) 09/25 01:16:25 Image size of job updated: 2164540
	2011  -  MemoryUsage of job (MB)
	2059216  -  ResidentSetSize of job (KB)
...
006 (7171858.000.000) 09/25 01:21:25 Image size of job updated: 2170956
	2011  -  MemoryUsage of job (MB)
	2059216  -  ResidentSetSize of job (KB)
...
006 (7171858.000.000) 09/25 01:26:25 Image size of job updated: 2176936
	2011  -  MemoryUsage of job (MB)
	2059216  -  ResidentSetSize of job (KB)
...
006 (7171858.000.000) 09/25 01:31:26 Image size of job updated: 2182624
	2042  -  MemoryUsage of job (MB)
	2090104  -  ResidentSetSize of job (KB)
...
006 (7171858.000.000) 09/25 01:36:26 Image size of job updated: 2185596
	2044  -  MemoryUsage of job (MB)
	2092664  -  ResidentSetSize of job (KB)
...
006 (7171858.000.000) 09/25 01:41:26 Image size of job updated: 2189384
	2116  -  MemoryUsage of job (MB)
	2166052  -  ResidentSetSize of job (KB)
...
006 (7171858.000.000) 09/25 01:46:27 Image size of job updated: 2193864
	2116  -  MemoryUsage of job (MB)
	2166052  -  ResidentSetSize of job (KB)
...
006 (7171858.000.000) 09/25 01:51:28 Image size of job updated: 2198916
	2116  -  MemoryUsage of job (MB)
	2166052  -  ResidentSetSize of job (KB)
...
006 (7171858.000.000) 09/25 01:56:28 Image size of job updated: 2207244
	2116  -  MemoryUsage of job (MB)
	2166052  -  ResidentSetSize of job (KB)
...
006 (7171858.000.000) 09/25 02:01:29 Image size of job updated: 2213672
	2116  -  MemoryUsage of job (MB)
	2166052  -  ResidentSetSize of job (KB)
...
006 (7171858.000.000) 09/25 02:06:30 Image size of job updated: 2219192
	2119  -  MemoryUsage of job (MB)
	2169404  -  ResidentSetSize of job (KB)
...
006 (7171858.000.000) 09/25 02:11:30 Image size of job updated: 2225444
	2119  -  MemoryUsage of job (MB)
	2169404  -  ResidentSetSize of job (KB)
...
006 (7171858.000.000) 09/25 02:16:31 Image size of job updated: 2231000
	2119  -  MemoryUsage of job (MB)
	2169404  -  ResidentSetSize of job (KB)
...
006 (7171858.000.000) 09/25 02:21:32 Image size of job updated: 2236352
	2119  -  MemoryUsage of job (MB)
	2169404  -  ResidentSetSize of job (KB)
...
006 (7171858.000.000) 09/25 02:26:32 Image size of job updated: 2241716
	2119  -  MemoryUsage of job (MB)
	2169404  -  ResidentSetSize of job (KB)
...
006 (7171858.000.000) 09/25 02:31:32 Image size of job updated: 2249148
	2119  -  MemoryUsage of job (MB)
	2169404  -  ResidentSetSize of job (KB)
...
006 (7171858.000.000) 09/25 02:36:33 Image size of job updated: 2255364
	2119  -  MemoryUsage of job (MB)
	2169404  -  ResidentSetSize of job (KB)
...
006 (7171858.000.000) 09/25 02:41:33 Image size of job updated: 2259672
	2189  -  MemoryUsage of job (MB)
	2241176  -  ResidentSetSize of job (KB)
...
006 (7171858.000.000) 09/25 02:46:33 Image size of job updated: 2263668
	2189  -  MemoryUsage of job (MB)
	2241176  -  ResidentSetSize of job (KB)
...
006 (7171858.000.000) 09/25 02:51:34 Image size of job updated: 2267800
	2189  -  MemoryUsage of job (MB)
	2241176  -  ResidentSetSize of job (KB)
...
006 (7171858.000.000) 09/25 02:56:35 Image size of job updated: 2274080
	2189  -  MemoryUsage of job (MB)
	2241176  -  ResidentSetSize of job (KB)
...
006 (7171858.000.000) 09/25 03:01:35 Image size of job updated: 2280288
	2189  -  MemoryUsage of job (MB)
	2241176  -  ResidentSetSize of job (KB)
...
006 (7171858.000.000) 09/25 03:06:36 Image size of job updated: 2286464
	2189  -  MemoryUsage of job (MB)
	2241176  -  ResidentSetSize of job (KB)
...
006 (7171858.000.000) 09/25 03:11:37 Image size of job updated: 2292640
	2189  -  MemoryUsage of job (MB)
	2241176  -  ResidentSetSize of job (KB)
...
006 (7171858.000.000) 09/25 03:16:37 Image size of job updated: 2298756
	2189  -  MemoryUsage of job (MB)
	2241176  -  ResidentSetSize of job (KB)
...
006 (7171858.000.000) 09/25 03:21:37 Image size of job updated: 2305032
	2189  -  MemoryUsage of job (MB)
	2241176  -  ResidentSetSize of job (KB)
...
006 (7171858.000.000) 09/25 03:26:39 Image size of job updated: 2311092
	2189  -  MemoryUsage of job (MB)
	2241176  -  ResidentSetSize of job (KB)
...
006 (7171858.000.000) 09/25 03:31:39 Image size of job updated: 2317220
	2189  -  MemoryUsage of job (MB)
	2241176  -  ResidentSetSize of job (KB)
...
006 (7171858.000.000) 09/25 03:36:39 Image size of job updated: 2323592
	2189  -  MemoryUsage of job (MB)
	2241176  -  ResidentSetSize of job (KB)
...
006 (7171858.000.000) 09/25 03:41:40 Image size of job updated: 2330260
	2251  -  MemoryUsage of job (MB)
	2304200  -  ResidentSetSize of job (KB)
...
006 (7171858.000.000) 09/25 03:46:41 Image size of job updated: 2338232
	2255  -  MemoryUsage of job (MB)
	2308296  -  ResidentSetSize of job (KB)
...
006 (7171858.000.000) 09/25 03:51:41 Image size of job updated: 2343100
	2255  -  MemoryUsage of job (MB)
	2308296  -  ResidentSetSize of job (KB)
...
006 (7171858.000.000) 09/25 03:56:42 Image size of job updated: 2349332
	2255  -  MemoryUsage of job (MB)
	2308296  -  ResidentSetSize of job (KB)
...
006 (7171858.000.000) 09/25 04:01:43 Image size of job updated: 2355200
	2255  -  MemoryUsage of job (MB)
	2308296  -  ResidentSetSize of job (KB)
...
006 (7171858.000.000) 09/25 04:06:43 Image size of job updated: 2360472
	2255  -  MemoryUsage of job (MB)
	2308296  -  ResidentSetSize of job (KB)
...
006 (7171858.000.000) 09/25 04:11:43 Image size of job updated: 2366460
	2255  -  MemoryUsage of job (MB)
	2308296  -  ResidentSetSize of job (KB)
...
006 (7171858.000.000) 09/25 04:16:44 Image size of job updated: 2372300
	2255  -  MemoryUsage of job (MB)
	2308296  -  ResidentSetSize of job (KB)
...
006 (7171858.000.000) 09/25 04:21:44 Image size of job updated: 2378024
	2255  -  MemoryUsage of job (MB)
	2308296  -  ResidentSetSize of job (KB)
...
006 (7171858.000.000) 09/25 04:26:44 Image size of job updated: 2384052
	2255  -  MemoryUsage of job (MB)
	2308296  -  ResidentSetSize of job (KB)
...
006 (7171858.000.000) 09/25 04:31:45 Image size of job updated: 2390264
	2255  -  MemoryUsage of job (MB)
	2308296  -  ResidentSetSize of job (KB)
...
006 (7171858.000.000) 09/25 04:36:46 Image size of job updated: 2396364
	2255  -  MemoryUsage of job (MB)
	2308296  -  ResidentSetSize of job (KB)
...
006 (7171858.000.000) 09/25 04:41:46 Image size of job updated: 2402600
	2283  -  MemoryUsage of job (MB)
	2336796  -  ResidentSetSize of job (KB)
...
006 (7171858.000.000) 09/25 04:46:47 Image size of job updated: 2408680
	2289  -  MemoryUsage of job (MB)
	2342940  -  ResidentSetSize of job (KB)
...
006 (7171858.000.000) 09/25 04:51:48 Image size of job updated: 2414692
	2289  -  MemoryUsage of job (MB)
	2342940  -  ResidentSetSize of job (KB)
...
006 (7171858.000.000) 09/25 04:56:48 Image size of job updated: 2421172
	2289  -  MemoryUsage of job (MB)
	2342940  -  ResidentSetSize of job (KB)
...
006 (7171858.000.000) 09/25 05:01:48 Image size of job updated: 2427100
	2289  -  MemoryUsage of job (MB)
	2342940  -  ResidentSetSize of job (KB)
...
006 (7171858.000.000) 09/25 05:06:49 Image size of job updated: 2433232
	2289  -  MemoryUsage of job (MB)
	2342940  -  ResidentSetSize of job (KB)
...
006 (7171858.000.000) 09/25 05:11:49 Image size of job updated: 2439000
	2289  -  MemoryUsage of job (MB)
	2342940  -  ResidentSetSize of job (KB)
...
006 (7171858.000.000) 09/25 05:16:49 Image size of job updated: 2445000
	2289  -  MemoryUsage of job (MB)
	2342940  -  ResidentSetSize of job (KB)
...
006 (7171858.000.000) 09/25 05:21:50 Image size of job updated: 2450404
	2310  -  MemoryUsage of job (MB)
	2364768  -  ResidentSetSize of job (KB)
...
006 (7171858.000.000) 09/25 05:26:51 Image size of job updated: 2456432
	2316  -  MemoryUsage of job (MB)
	2370912  -  ResidentSetSize of job (KB)
...
006 (7171858.000.000) 09/25 05:31:51 Image size of job updated: 2459636
	2316  -  MemoryUsage of job (MB)
	2370912  -  ResidentSetSize of job (KB)
...
006 (7171858.000.000) 09/25 07:17:04 Image size of job updated: 2460500
	2316  -  MemoryUsage of job (MB)
	2370912  -  ResidentSetSize of job (KB)
...
006 (7171858.000.000) 09/25 07:22:04 Image size of job updated: 2465948
	2316  -  MemoryUsage of job (MB)
	2370912  -  ResidentSetSize of job (KB)
...
006 (7171858.000.000) 09/25 07:27:04 Image size of job updated: 2471432
	2316  -  MemoryUsage of job (MB)
	2370912  -  ResidentSetSize of job (KB)
...
006 (7171858.000.000) 09/25 07:32:05 Image size of job updated: 2476828
	2316  -  MemoryUsage of job (MB)
	2370912  -  ResidentSetSize of job (KB)
...
006 (7171858.000.000) 09/25 07:37:05 Image size of job updated: 2482280
	2316  -  MemoryUsage of job (MB)
	2370912  -  ResidentSetSize of job (KB)
...
006 (7171858.000.000) 09/25 07:42:05 Image size of job updated: 2487436
	2316  -  MemoryUsage of job (MB)
	2370912  -  ResidentSetSize of job (KB)
...
006 (7171858.000.000) 09/25 07:47:07 Image size of job updated: 2493012
	2386  -  MemoryUsage of job (MB)
	2442560  -  ResidentSetSize of job (KB)
...
006 (7171858.000.000) 09/25 07:52:07 Image size of job updated: 2499096
	2392  -  MemoryUsage of job (MB)
	2448704  -  ResidentSetSize of job (KB)
...
006 (7171858.000.000) 09/25 07:57:07 Image size of job updated: 2504208
	2392  -  MemoryUsage of job (MB)
	2448704  -  ResidentSetSize of job (KB)
...
006 (7171858.000.000) 09/25 08:02:08 Image size of job updated: 2509444
	2447  -  MemoryUsage of job (MB)
	2505100  -  ResidentSetSize of job (KB)
...
006 (7171858.000.000) 09/25 08:07:09 Image size of job updated: 2514824
	2451  -  MemoryUsage of job (MB)
	2509452  -  ResidentSetSize of job (KB)
...
006 (7171858.000.000) 09/25 08:12:09 Image size of job updated: 2519800
	2451  -  MemoryUsage of job (MB)
	2509452  -  ResidentSetSize of job (KB)
...
006 (7171858.000.000) 09/25 08:17:10 Image size of job updated: 2525028
	2451  -  MemoryUsage of job (MB)
	2509452  -  ResidentSetSize of job (KB)
...
006 (7171858.000.000) 09/25 08:22:11 Image size of job updated: 2530128
	2451  -  MemoryUsage of job (MB)
	2509452  -  ResidentSetSize of job (KB)
...
006 (7171858.000.000) 09/25 08:27:11 Image size of job updated: 2535380
	2451  -  MemoryUsage of job (MB)
	2509452  -  ResidentSetSize of job (KB)
...
006 (7171858.000.000) 09/25 08:32:11 Image size of job updated: 2540600
	2451  -  MemoryUsage of job (MB)
	2509452  -  ResidentSetSize of job (KB)
...
006 (7171858.000.000) 09/25 08:37:12 Image size of job updated: 2545100
	2451  -  MemoryUsage of job (MB)
	2509452  -  ResidentSetSize of job (KB)
...
006 (7171858.000.000) 09/25 08:42:12 Image size of job updated: 2572228
	2451  -  MemoryUsage of job (MB)
	2509452  -  ResidentSetSize of job (KB)
...
006 (7171858.000.000) 09/25 08:47:12 Image size of job updated: 2577444
	2451  -  MemoryUsage of job (MB)
	2509452  -  ResidentSetSize of job (KB)
...
006 (7171858.000.000) 09/25 08:52:13 Image size of job updated: 2582728
	2451  -  MemoryUsage of job (MB)
	2509452  -  ResidentSetSize of job (KB)
...
006 (7171858.000.000) 09/25 08:57:14 Image size of job updated: 2587848
	2451  -  MemoryUsage of job (MB)
	2509452  -  ResidentSetSize of job (KB)
...
006 (7171858.000.000) 09/25 09:02:14 Image size of job updated: 2593016
	2451  -  MemoryUsage of job (MB)
	2509452  -  ResidentSetSize of job (KB)
...
006 (7171858.000.000) 09/25 09:07:15 Image size of job updated: 2598176
	2451  -  MemoryUsage of job (MB)
	2509452  -  ResidentSetSize of job (KB)
...
006 (7171858.000.000) 09/25 09:12:16 Image size of job updated: 2600896
	2451  -  MemoryUsage of job (MB)
	2509452  -  ResidentSetSize of job (KB)
...
006 (7171858.000.000) 09/25 09:22:16 Image size of job updated: 2601424
	2452  -  MemoryUsage of job (MB)
	2510224  -  ResidentSetSize of job (KB)
...
006 (7171858.000.000) 09/25 09:27:17 Image size of job updated: 2606356
	2458  -  MemoryUsage of job (MB)
	2516368  -  ResidentSetSize of job (KB)
...
006 (7171858.000.000) 09/25 09:32:17 Image size of job updated: 2611316
	2458  -  MemoryUsage of job (MB)
	2516368  -  ResidentSetSize of job (KB)
...
006 (7171858.000.000) 09/25 09:37:17 Image size of job updated: 2616568
	2458  -  MemoryUsage of job (MB)
	2516368  -  ResidentSetSize of job (KB)
...
006 (7171858.000.000) 09/25 09:42:19 Image size of job updated: 2621508
	2458  -  MemoryUsage of job (MB)
	2516368  -  ResidentSetSize of job (KB)
...
006 (7171858.000.000) 09/25 09:47:19 Image size of job updated: 2626300
	2458  -  MemoryUsage of job (MB)
	2516368  -  ResidentSetSize of job (KB)
...
006 (7171858.000.000) 09/25 09:52:19 Image size of job updated: 2629904
	2458  -  MemoryUsage of job (MB)
	2516368  -  ResidentSetSize of job (KB)
...
006 (7171858.000.000) 09/25 09:57:19 Image size of job updated: 2635092
	2458  -  MemoryUsage of job (MB)
	2516368  -  ResidentSetSize of job (KB)
...
006 (7171858.000.000) 09/25 10:02:19 Image size of job updated: 2640304
	2458  -  MemoryUsage of job (MB)
	2516368  -  ResidentSetSize of job (KB)
...
006 (7171858.000.000) 09/25 10:07:20 Image size of job updated: 2645268
	2458  -  MemoryUsage of job (MB)
	2516368  -  ResidentSetSize of job (KB)
...
006 (7171858.000.000) 09/25 10:12:20 Image size of job updated: 2650608
	2458  -  MemoryUsage of job (MB)
	2516368  -  ResidentSetSize of job (KB)
...
006 (7171858.000.000) 09/25 10:17:21 Image size of job updated: 2655700
	2458  -  MemoryUsage of job (MB)
	2516368  -  ResidentSetSize of job (KB)
...
006 (7171858.000.000) 09/25 10:22:22 Image size of job updated: 2660616
	2458  -  MemoryUsage of job (MB)
	2516368  -  ResidentSetSize of job (KB)
...
006 (7171858.000.000) 09/25 10:27:22 Image size of job updated: 2665732
	2458  -  MemoryUsage of job (MB)
	2516368  -  ResidentSetSize of job (KB)
...
006 (7171858.000.000) 09/25 10:32:23 Image size of job updated: 2670644
	2458  -  MemoryUsage of job (MB)
	2516368  -  ResidentSetSize of job (KB)
...
006 (7171858.000.000) 09/25 10:37:24 Image size of job updated: 2674420
	2458  -  MemoryUsage of job (MB)
	2516368  -  ResidentSetSize of job (KB)
...
006 (7171858.000.000) 09/25 10:42:24 Image size of job updated: 2677672
	2588  -  MemoryUsage of job (MB)
	2650056  -  ResidentSetSize of job (KB)
...
006 (7171858.000.000) 09/25 10:47:24 Image size of job updated: 2678448
	2588  -  MemoryUsage of job (MB)
	2650056  -  ResidentSetSize of job (KB)
...
006 (7171858.000.000) 09/25 10:52:25 Image size of job updated: 2683080
	2588  -  MemoryUsage of job (MB)
	2650056  -  ResidentSetSize of job (KB)
...
006 (7171858.000.000) 09/25 10:57:25 Image size of job updated: 2687932
	2588  -  MemoryUsage of job (MB)
	2650056  -  ResidentSetSize of job (KB)
...
006 (7171858.000.000) 09/25 11:02:25 Image size of job updated: 2693320
	2588  -  MemoryUsage of job (MB)
	2650056  -  ResidentSetSize of job (KB)
...
006 (7171858.000.000) 09/25 11:07:26 Image size of job updated: 2698812
	2588  -  MemoryUsage of job (MB)
	2650056  -  ResidentSetSize of job (KB)
...
006 (7171858.000.000) 09/25 11:12:27 Image size of job updated: 2703824
	2588  -  MemoryUsage of job (MB)
	2650056  -  ResidentSetSize of job (KB)
...
006 (7171858.000.000) 09/25 11:17:27 Image size of job updated: 2708868
	2588  -  MemoryUsage of job (MB)
	2650056  -  ResidentSetSize of job (KB)
...
006 (7171858.000.000) 09/25 11:22:28 Image size of job updated: 2714100
	2588  -  MemoryUsage of job (MB)
	2650056  -  ResidentSetSize of job (KB)
...
006 (7171858.000.000) 09/25 11:27:29 Image size of job updated: 2719340
	2599  -  MemoryUsage of job (MB)
	2661260  -  ResidentSetSize of job (KB)
...
006 (7171858.000.000) 09/25 11:32:29 Image size of job updated: 2724324
	2599  -  MemoryUsage of job (MB)
	2661260  -  ResidentSetSize of job (KB)
...
006 (7171858.000.000) 09/25 11:35:58 Image size of job updated: 2727740
	2599  -  MemoryUsage of job (MB)
	2661260  -  ResidentSetSize of job (KB)
...
040 (7171858.000.000) 09/25 11:35:59 Started transferring output files
...
040 (7171858.000.000) 09/25 11:35:59 Finished transferring output files
...
004 (7171858.000.000) 09/25 11:36:01 Job was evicted.
	(0) CPU times
		Usr 0 08:55:06, Sys 0 12:54:22  -  Run Remote Usage
		Usr 0 00:00:00, Sys 0 00:00:00  -  Run Local Usage
	99378080  -  Run Bytes Sent By Job
	10916  -  Run Bytes Received By Job
	Partitionable Resources :    Usage  Request Allocated 
	   Cpus                 :     1.00        1         1 
	   Disk (KB)            : 97080          12   2869153 
	   Memory (MB)          :  2599        2000      2000 
...
009 (7171858.000.000) 09/25 11:36:02 Job was aborted.
	via condor_rm (by user fsalerno)
...
000 (7194240.000.000) 09/26 00:37:55 Job submitted from host: <137.138.55.115:9618?addrs=137.138.55.115-9618+[2001-1458-d00-17--12a]-9618&alias=bigbird23.cern.ch&noUDP&sock=schedd_4975_03c1>
...
040 (7194240.000.000) 09/26 00:42:08 Started transferring input files
	Transferring to host: <188.185.195.184:9618?addrs=188.185.195.184-9618+[2001-1458-303-22--100-b4]-9618&alias=b9p17p5043.cern.ch&noUDP&sock=slot1_29_8605_c037_31569>
...
040 (7194240.000.000) 09/26 00:42:08 Finished transferring input files
...
001 (7194240.000.000) 09/26 00:42:09 Job executing on host: <188.185.195.184:9618?addrs=188.185.195.184-9618+[2001-1458-303-22--100-b4]-9618&alias=b9p17p5043.cern.ch&noUDP&sock=startd_7621_f359>
	SlotName: slot1_29@b9p17p5043.cern.ch
	CondorScratchDir = "/pool/condor/dir_699625"
	Cpus = 1
	Disk = 2893101
	Memory = 2000
...
006 (7194240.000.000) 09/26 00:42:18 Image size of job updated: 444360
	434  -  MemoryUsage of job (MB)
	444360  -  ResidentSetSize of job (KB)
...
006 (7194240.000.000) 09/26 00:42:24 Image size of job updated: 586992
	435  -  MemoryUsage of job (MB)
	444872  -  ResidentSetSize of job (KB)
...
040 (7194240.000.000) 09/26 00:42:24 Started transferring output files
...
040 (7194240.000.000) 09/26 00:42:24 Finished transferring output files
...
005 (7194240.000.000) 09/26 00:42:24 Job terminated.
	(1) Normal termination (return value 1)
		Usr 0 00:00:04, Sys 0 00:00:01  -  Run Remote Usage
		Usr 0 00:00:00, Sys 0 00:00:00  -  Run Local Usage
		Usr 0 00:00:04, Sys 0 00:00:01  -  Total Remote Usage
		Usr 0 00:00:00, Sys 0 00:00:00  -  Total Local Usage
	6255  -  Run Bytes Sent By Job
	10914  -  Run Bytes Received By Job
	6255  -  Total Bytes Sent By Job
	10914  -  Total Bytes Received By Job
	Partitionable Resources :    Usage  Request Allocated 
	   Cpus                 :        0        1         1 
	   Disk (KB)            :       38       12   2893101 
	   Memory (MB)          :      435     2000      2000 

	Job terminated of its own accord at 2024-09-25T22:42:24Z with exit-code 1.
...
000 (7203315.000.000) 09/26 11:19:13 Job submitted from host: <137.138.55.115:9618?addrs=137.138.55.115-9618+[2001-1458-d00-17--12a]-9618&alias=bigbird23.cern.ch&noUDP&sock=schedd_4975_03c1>
...
040 (7203315.000.000) 09/26 11:22:24 Started transferring input files
	Transferring to host: <188.184.185.108:9618?addrs=188.184.185.108-9618+[2001-1458-301-52--100-6b]-9618&alias=b9g37p2893.cern.ch&noUDP&sock=slot1_8_3677854_9b70_41657>
...
040 (7203315.000.000) 09/26 11:22:24 Finished transferring input files
...
001 (7203315.000.000) 09/26 11:22:25 Job executing on host: <188.184.185.108:9618?addrs=188.184.185.108-9618+[2001-1458-301-52--100-6b]-9618&alias=b9g37p2893.cern.ch&noUDP&sock=startd_4695_f53d>
	SlotName: slot1_8@b9g37p2893.cern.ch
	CondorScratchDir = "/pool/condor/dir_2843896"
	Cpus = 1
	Disk = 2388510
	Memory = 2000
...
006 (7203315.000.000) 09/26 11:22:33 Image size of job updated: 1384
	2  -  MemoryUsage of job (MB)
	1384  -  ResidentSetSize of job (KB)
...
006 (7203315.000.000) 09/26 11:27:33 Image size of job updated: 1087004
	1062  -  MemoryUsage of job (MB)
	1087004  -  ResidentSetSize of job (KB)
...
006 (7203315.000.000) 09/26 11:32:34 Image size of job updated: 1368856
	1337  -  MemoryUsage of job (MB)
	1368856  -  ResidentSetSize of job (KB)
...
006 (7203315.000.000) 09/26 11:37:34 Image size of job updated: 1524432
	1489  -  MemoryUsage of job (MB)
	1524432  -  ResidentSetSize of job (KB)
...
006 (7203315.000.000) 09/26 11:42:34 Image size of job updated: 1714284
	1675  -  MemoryUsage of job (MB)
	1714284  -  ResidentSetSize of job (KB)
...
006 (7203315.000.000) 09/26 11:47:35 Image size of job updated: 1714284
	1681  -  MemoryUsage of job (MB)
	1720428  -  ResidentSetSize of job (KB)
...
006 (7203315.000.000) 09/26 11:57:36 Image size of job updated: 1727892
	1688  -  MemoryUsage of job (MB)
	1727892  -  ResidentSetSize of job (KB)
...
006 (7203315.000.000) 09/26 12:02:37 Image size of job updated: 2157760
	2108  -  MemoryUsage of job (MB)
	2157760  -  ResidentSetSize of job (KB)
...
006 (7203315.000.000) 09/26 17:03:07 Image size of job updated: 2214432
	2163  -  MemoryUsage of job (MB)
	2214432  -  ResidentSetSize of job (KB)
...
006 (7203315.000.000) 09/26 17:28:09 Image size of job updated: 2355660
	2301  -  MemoryUsage of job (MB)
	2355660  -  ResidentSetSize of job (KB)
...
006 (7203315.000.000) 09/26 17:33:10 Image size of job updated: 2355660
	2307  -  MemoryUsage of job (MB)
	2362060  -  ResidentSetSize of job (KB)
...
006 (7203315.000.000) 09/26 19:23:21 Image size of job updated: 2427432
	2371  -  MemoryUsage of job (MB)
	2427432  -  ResidentSetSize of job (KB)
...
006 (7203315.000.000) 09/26 19:28:21 Image size of job updated: 2427432
	2377  -  MemoryUsage of job (MB)
	2433576  -  ResidentSetSize of job (KB)
...
006 (7203315.000.000) 09/26 19:48:22 Image size of job updated: 2610052
	2549  -  MemoryUsage of job (MB)
	2610052  -  ResidentSetSize of job (KB)
...
006 (7203315.000.000) 09/26 19:53:23 Image size of job updated: 2610052
	2567  -  MemoryUsage of job (MB)
	2628484  -  ResidentSetSize of job (KB)
...
006 (7203315.000.000) 09/26 20:03:24 Image size of job updated: 2988084
	2919  -  MemoryUsage of job (MB)
	2988084  -  ResidentSetSize of job (KB)
...
006 (7203315.000.000) 09/26 20:13:26 Image size of job updated: 3062840
	2992  -  MemoryUsage of job (MB)
	3062840  -  ResidentSetSize of job (KB)
...
006 (7203315.000.000) 09/26 20:18:26 Image size of job updated: 3062840
	3000  -  MemoryUsage of job (MB)
	3071032  -  ResidentSetSize of job (KB)
...
006 (7203315.000.000) 09/26 20:23:26 Image size of job updated: 3157308
	3084  -  MemoryUsage of job (MB)
	3157308  -  ResidentSetSize of job (KB)
...
006 (7203315.000.000) 09/26 20:28:27 Image size of job updated: 3157308
	3092  -  MemoryUsage of job (MB)
	3165500  -  ResidentSetSize of job (KB)
...
006 (7203315.000.000) 09/26 20:38:28 Image size of job updated: 3241320
	3166  -  MemoryUsage of job (MB)
	3241320  -  ResidentSetSize of job (KB)
...
006 (7203315.000.000) 09/26 20:58:31 Image size of job updated: 3540228
	3458  -  MemoryUsage of job (MB)
	3540228  -  ResidentSetSize of job (KB)
...
006 (7203315.000.000) 09/26 21:13:32 Image size of job updated: 3654068
	3569  -  MemoryUsage of job (MB)
	3654068  -  ResidentSetSize of job (KB)
...
006 (7203315.000.000) 09/26 22:08:38 Image size of job updated: 4055796
	3961  -  MemoryUsage of job (MB)
	4055796  -  ResidentSetSize of job (KB)
...
006 (7203315.000.000) 09/26 22:13:38 Image size of job updated: 4055796
	3967  -  MemoryUsage of job (MB)
	4061940  -  ResidentSetSize of job (KB)
...
006 (7203315.000.000) 09/26 22:18:39 Image size of job updated: 4099832
	4004  -  MemoryUsage of job (MB)
	4099832  -  ResidentSetSize of job (KB)
...
006 (7203315.000.000) 09/26 22:23:40 Image size of job updated: 4119188
	4023  -  MemoryUsage of job (MB)
	4119188  -  ResidentSetSize of job (KB)
...
006 (7203315.000.000) 09/26 22:28:40 Image size of job updated: 4407116
	4304  -  MemoryUsage of job (MB)
	4407116  -  ResidentSetSize of job (KB)
...
006 (7203315.000.000) 09/26 22:33:41 Image size of job updated: 4494124
	4389  -  MemoryUsage of job (MB)
	4494124  -  ResidentSetSize of job (KB)
...
006 (7203315.000.000) 09/26 22:38:42 Image size of job updated: 4494124
	4404  -  MemoryUsage of job (MB)
	4508716  -  ResidentSetSize of job (KB)
...
006 (7203315.000.000) 09/26 23:03:44 Image size of job updated: 4721492
	4611  -  MemoryUsage of job (MB)
	4721492  -  ResidentSetSize of job (KB)
...
006 (7203315.000.000) 09/27 00:08:51 Image size of job updated: 5008676
	4892  -  MemoryUsage of job (MB)
	5008676  -  ResidentSetSize of job (KB)
...
006 (7203315.000.000) 09/27 00:13:51 Image size of job updated: 5008676
	4900  -  MemoryUsage of job (MB)
	5016868  -  ResidentSetSize of job (KB)
...
006 (7203315.000.000) 09/27 00:18:52 Image size of job updated: 5130088
	5010  -  MemoryUsage of job (MB)
	5130088  -  ResidentSetSize of job (KB)
...
006 (7203315.000.000) 09/27 00:23:53 Image size of job updated: 5130088
	5028  -  MemoryUsage of job (MB)
	5148520  -  ResidentSetSize of job (KB)
...
006 (7203315.000.000) 09/27 00:48:55 Image size of job updated: 5222352
	5100  -  MemoryUsage of job (MB)
	5222352  -  ResidentSetSize of job (KB)
...
006 (7203315.000.000) 09/27 00:53:56 Image size of job updated: 5222352
	5108  -  MemoryUsage of job (MB)
	5230544  -  ResidentSetSize of job (KB)
...
006 (7203315.000.000) 09/27 00:58:57 Image size of job updated: 5345212
	5220  -  MemoryUsage of job (MB)
	5345212  -  ResidentSetSize of job (KB)
...
006 (7203315.000.000) 09/27 01:03:57 Image size of job updated: 5345212
	5243  -  MemoryUsage of job (MB)
	5367996  -  ResidentSetSize of job (KB)
...
006 (7203315.000.000) 09/27 01:08:59 Image size of job updated: 5524304
	5395  -  MemoryUsage of job (MB)
	5524304  -  ResidentSetSize of job (KB)
...
006 (7203315.000.000) 09/27 01:13:59 Image size of job updated: 5524304
	5401  -  MemoryUsage of job (MB)
	5530448  -  ResidentSetSize of job (KB)
...
006 (7203315.000.000) 09/27 01:24:00 Image size of job updated: 5757936
	5623  -  MemoryUsage of job (MB)
	5757936  -  ResidentSetSize of job (KB)
...
006 (7203315.000.000) 09/27 01:29:01 Image size of job updated: 5757936
	5702  -  MemoryUsage of job (MB)
	5838064  -  ResidentSetSize of job (KB)
...
040 (7203315.000.000) 09/30 06:46:46 Started transferring output files
...
040 (7203315.000.000) 09/30 06:47:44 Finished transferring output files
...
007 (7203315.000.000) 09/30 06:47:44 Shadow exception!
	Error from slot1_8@b9g37p2893.cern.ch: STARTER at 188.184.185.108 failed to send file(s) to <137.138.55.115:9618>: |Error: sending file /pool/condor/dir_2843896/_condor_stdout: max total download bytes exceeded (max=1024 MB, this file=23982 MB); SHADOW failed to receive file(s) from <188.184.185.108:33067>
	1073741824  -  Run Bytes Sent By Job
	10910  -  Run Bytes Received By Job
...
012 (7203315.000.000) 09/30 06:47:45 Job was held.
	Error from slot1_8@b9g37p2893.cern.ch: STARTER at 188.184.185.108 failed to send file(s) to <137.138.55.115:9618>: |Error: sending file /pool/condor/dir_2843896/_condor_stdout: max total download bytes exceeded (max=1024 MB, this file=23982 MB); SHADOW failed to receive file(s) from <188.184.185.108:33067>
	Code 33 Subcode 0
...
009 (7203315.000.000) 09/30 06:48:09 Job was aborted.
	Job removed by SYSTEM_PERIODIC_REMOVE due to Job attempted to transfer out more than 1GB of data.

	Job terminated by itself at 2024-09-30T04:46:46Z (using method 0: OF_ITS_OWN_ACCORD).
...
000 (7417214.000.000) 10/29 22:54:46 Job submitted from host: <137.138.55.115:9618?addrs=137.138.55.115-9618+[2001-1458-d00-17--12a]-9618&alias=bigbird23.cern.ch&noUDP&sock=schedd_4975_03c1>
...
040 (7417214.000.000) 10/29 23:00:13 Started transferring input files
	Transferring to host: <128.142.248.94:9618?addrs=128.142.248.94-9618+[2001-1458-301-73--100-14e]-9618&alias=b9g23p2790.cern.ch&noUDP&sock=slot1_1_3359_7822_56138>
...
001 (7417214.000.000) 10/29 23:00:16 Job executing on host: <128.142.248.94:9618?addrs=128.142.248.94-9618+[2001-1458-301-73--100-14e]-9618&alias=b9g23p2790.cern.ch&noUDP&sock=startd_3310_f691>
	SlotName: slot1_1@b9g23p2790.cern.ch
	CondorScratchDir = "/pool/condor/dir_895973"
	Cpus = 1
	Disk = 3042621
	Memory = 2000
...
040 (7417214.000.000) 10/29 23:00:16 Finished transferring input files
...
006 (7417214.000.000) 10/29 23:00:24 Image size of job updated: 366548
	358  -  MemoryUsage of job (MB)
	366548  -  ResidentSetSize of job (KB)
...
006 (7417214.000.000) 10/29 23:05:24 Image size of job updated: 689004
	661  -  MemoryUsage of job (MB)
	676156  -  ResidentSetSize of job (KB)
...
006 (7417214.000.000) 10/29 23:10:25 Image size of job updated: 732464
	695  -  MemoryUsage of job (MB)
	711104  -  ResidentSetSize of job (KB)
...
006 (7417214.000.000) 10/29 23:15:26 Image size of job updated: 763308
	720  -  MemoryUsage of job (MB)
	737136  -  ResidentSetSize of job (KB)
...
006 (7417214.000.000) 10/29 23:20:27 Image size of job updated: 791788
	746  -  MemoryUsage of job (MB)
	762952  -  ResidentSetSize of job (KB)
...
006 (7417214.000.000) 10/29 23:25:27 Image size of job updated: 815628
	759  -  MemoryUsage of job (MB)
	776524  -  ResidentSetSize of job (KB)
...
006 (7417214.000.000) 10/29 23:30:27 Image size of job updated: 815628
	763  -  MemoryUsage of job (MB)
	780876  -  ResidentSetSize of job (KB)
...
006 (7417214.000.000) 10/29 23:40:29 Image size of job updated: 816352
	771  -  MemoryUsage of job (MB)
	788916  -  ResidentSetSize of job (KB)
...
006 (7417214.000.000) 10/29 23:45:29 Image size of job updated: 826096
	775  -  MemoryUsage of job (MB)
	793012  -  ResidentSetSize of job (KB)
...
006 (7417214.000.000) 10/29 23:50:30 Image size of job updated: 829284
	776  -  MemoryUsage of job (MB)
	793804  -  ResidentSetSize of job (KB)
...
006 (7417214.000.000) 10/30 05:18:32 Image size of job updated: 1178840
	776  -  MemoryUsage of job (MB)
	793804  -  ResidentSetSize of job (KB)
...
040 (7417214.000.000) 10/30 05:18:32 Started transferring output files
...
040 (7417214.000.000) 10/30 05:19:11 Finished transferring output files
...
005 (7417214.000.000) 10/30 05:19:11 Job terminated.
	(1) Normal termination (return value 0)
		Usr 0 03:48:07, Sys 0 02:25:17  -  Run Remote Usage
		Usr 0 00:00:00, Sys 0 00:00:00  -  Run Local Usage
		Usr 0 03:48:07, Sys 0 02:25:17  -  Total Remote Usage
		Usr 0 00:00:00, Sys 0 00:00:00  -  Total Local Usage
	191564096  -  Run Bytes Sent By Job
	10909  -  Run Bytes Received By Job
	191564096  -  Total Bytes Sent By Job
	10909  -  Total Bytes Received By Job
	Partitionable Resources :     Usage  Request Allocated 
	   Cpus                 :      0.99        1         1 
	   Disk (KB)            : 187107          12   3042621 
	   Memory (MB)          :    776        2000      2000 

	Job terminated of its own accord at 2024-10-30T04:18:32Z with exit-code 0.
...
000 (7419594.000.000) 10/30 17:01:03 Job submitted from host: <137.138.55.115:9618?addrs=137.138.55.115-9618+[2001-1458-d00-17--12a]-9618&alias=bigbird23.cern.ch&noUDP&sock=schedd_4975_03c1>
...
040 (7419594.000.000) 10/30 17:30:48 Started transferring input files
	Transferring to host: <128.142.248.218:9618?addrs=128.142.248.218-9618+[2001-1458-301-73--100-d9]-9618&alias=b9g23p2883.cern.ch&noUDP&sock=slot1_36_1412154_fe0a_61312>
...
040 (7419594.000.000) 10/30 17:30:48 Finished transferring input files
...
001 (7419594.000.000) 10/30 17:30:49 Job executing on host: <128.142.248.218:9618?addrs=128.142.248.218-9618+[2001-1458-301-73--100-d9]-9618&alias=b9g23p2883.cern.ch&noUDP&sock=startd_1412115_0387>
	SlotName: slot1_36@b9g23p2883.cern.ch
	CondorScratchDir = "/pool/condor/dir_318330"
	Cpus = 1
	Disk = 3066564
	Memory = 2000
...
006 (7419594.000.000) 10/30 17:30:58 Image size of job updated: 1
	0  -  MemoryUsage of job (MB)
	0  -  ResidentSetSize of job (KB)
...
006 (7419594.000.000) 10/30 17:31:32 Image size of job updated: 1309684
	1114  -  MemoryUsage of job (MB)
	1139716  -  ResidentSetSize of job (KB)
...
040 (7419594.000.000) 10/30 17:31:32 Started transferring output files
...
040 (7419594.000.000) 10/30 17:31:33 Finished transferring output files
...
005 (7419594.000.000) 10/30 17:31:34 Job terminated.
	(1) Normal termination (return value 1)
		Usr 0 00:00:03, Sys 0 00:00:01  -  Run Remote Usage
		Usr 0 00:00:00, Sys 0 00:00:00  -  Run Local Usage
		Usr 0 00:00:03, Sys 0 00:00:01  -  Total Remote Usage
		Usr 0 00:00:00, Sys 0 00:00:00  -  Total Local Usage
	5492  -  Run Bytes Sent By Job
	10924  -  Run Bytes Received By Job
	5492  -  Total Bytes Sent By Job
	10924  -  Total Bytes Received By Job
	Partitionable Resources :    Usage  Request Allocated 
	   Cpus                 :        0        1         1 
	   Disk (KB)            :       38       12   3066564 
	   Memory (MB)          :     1114     2000      2000 

	Job terminated of its own accord at 2024-10-30T16:31:32Z with exit-code 1.
...
000 (7420577.000.000) 10/30 18:00:41 Job submitted from host: <137.138.55.115:9618?addrs=137.138.55.115-9618+[2001-1458-d00-17--12a]-9618&alias=bigbird23.cern.ch&noUDP&sock=schedd_4975_03c1>
...
040 (7420577.000.000) 10/30 18:12:41 Started transferring input files
	Transferring to host: <128.142.248.81:9618?addrs=128.142.248.81-9618+[2001-1458-301-73--100-141]-9618&alias=b9g23p3234.cern.ch&noUDP&sock=slot1_7_7067_1738_2165>
...
040 (7420577.000.000) 10/30 18:12:41 Finished transferring input files
...
001 (7420577.000.000) 10/30 18:12:42 Job executing on host: <128.142.248.81:9618?addrs=128.142.248.81-9618+[2001-1458-301-73--100-141]-9618&alias=b9g23p3234.cern.ch&noUDP&sock=startd_6575_7b49>
	SlotName: slot1_7@b9g23p3234.cern.ch
	CondorScratchDir = "/pool/condor/dir_52531"
	Cpus = 1
	Disk = 2996602
	Memory = 2000
...
006 (7420577.000.000) 10/30 18:12:51 Image size of job updated: 36132
	29  -  MemoryUsage of job (MB)
	28848  -  ResidentSetSize of job (KB)
...
006 (7420577.000.000) 10/30 18:17:52 Image size of job updated: 642532
	294  -  MemoryUsage of job (MB)
	301020  -  ResidentSetSize of job (KB)
...
006 (7420577.000.000) 10/30 18:22:53 Image size of job updated: 642532
	332  -  MemoryUsage of job (MB)
	339152  -  ResidentSetSize of job (KB)
...
006 (7420577.000.000) 10/30 18:27:53 Image size of job updated: 642532
	362  -  MemoryUsage of job (MB)
	369672  -  ResidentSetSize of job (KB)
...
040 (7420577.000.000) 10/30 18:31:14 Started transferring output files
...
040 (7420577.000.000) 10/30 18:31:14 Finished transferring output files
...
004 (7420577.000.000) 10/30 18:31:14 Job was evicted.
	(0) CPU times
		Usr 0 00:17:40, Sys 0 00:00:21  -  Run Remote Usage
		Usr 0 00:00:00, Sys 0 00:00:00  -  Run Local Usage
	54234496  -  Run Bytes Sent By Job
	10925  -  Run Bytes Received By Job
	Partitionable Resources :    Usage  Request Allocated 
	   Cpus                 :     1.00        1         1 
	   Disk (KB)            : 52996          12   2996602 
	   Memory (MB)          :   362        2000      2000 
...
009 (7420577.000.000) 10/30 18:31:14 Job was aborted.
	via condor_rm (by user fsalerno)
...
000 (7429725.000.000) 11/01 16:06:36 Job submitted from host: <137.138.55.115:9618?addrs=137.138.55.115-9618+[2001-1458-d00-17--12a]-9618&alias=bigbird23.cern.ch&noUDP&sock=schedd_4975_03c1>
...
040 (7429725.000.000) 11/01 16:09:50 Started transferring input files
	Transferring to host: <188.185.213.184:9618?addrs=188.185.213.184-9618+[2001-1458-303-1b--100-34]-9618&alias=b9p28p2085.cern.ch&noUDP&sock=slot1_16_8039_f3e0_25101>
...
040 (7429725.000.000) 11/01 16:09:50 Finished transferring input files
...
001 (7429725.000.000) 11/01 16:09:51 Job executing on host: <188.185.213.184:9618?addrs=188.185.213.184-9618+[2001-1458-303-1b--100-34]-9618&alias=b9p28p2085.cern.ch&noUDP&sock=startd_6708_b562>
	SlotName: slot1_16@b9p28p2085.cern.ch
	CondorScratchDir = "/pool/condor/dir_3098246"
	Cpus = 1
	Disk = 2934997
	Memory = 2000
...
006 (7429725.000.000) 11/01 16:10:00 Image size of job updated: 536004
	524  -  MemoryUsage of job (MB)
	535984  -  ResidentSetSize of job (KB)
...
006 (7429725.000.000) 11/01 16:15:01 Image size of job updated: 741492
	703  -  MemoryUsage of job (MB)
	719496  -  ResidentSetSize of job (KB)
...
006 (7429725.000.000) 11/01 16:20:02 Image size of job updated: 814468
	764  -  MemoryUsage of job (MB)
	781764  -  ResidentSetSize of job (KB)
...
006 (7429725.000.000) 11/01 16:25:02 Image size of job updated: 814876
	764  -  MemoryUsage of job (MB)
	781764  -  ResidentSetSize of job (KB)
...
006 (7429725.000.000) 11/01 16:30:03 Image size of job updated: 831468
	770  -  MemoryUsage of job (MB)
	787892  -  ResidentSetSize of job (KB)
...
006 (7429725.000.000) 11/01 16:35:04 Image size of job updated: 853732
	810  -  MemoryUsage of job (MB)
	828620  -  ResidentSetSize of job (KB)
...
006 (7429725.000.000) 11/01 16:40:04 Image size of job updated: 874204
	810  -  MemoryUsage of job (MB)
	828620  -  ResidentSetSize of job (KB)
...
006 (7429725.000.000) 11/01 16:45:05 Image size of job updated: 891424
	844  -  MemoryUsage of job (MB)
	863928  -  ResidentSetSize of job (KB)
...
006 (7429725.000.000) 11/01 21:40:38 Image size of job updated: 894756
	844  -  MemoryUsage of job (MB)
	863928  -  ResidentSetSize of job (KB)
...
006 (7429725.000.000) 11/01 21:45:38 Image size of job updated: 900040
	844  -  MemoryUsage of job (MB)
	863928  -  ResidentSetSize of job (KB)
...
006 (7429725.000.000) 11/01 21:50:40 Image size of job updated: 906620
	852  -  MemoryUsage of job (MB)
	871832  -  ResidentSetSize of job (KB)
...
006 (7429725.000.000) 11/01 21:55:40 Image size of job updated: 912356
	866  -  MemoryUsage of job (MB)
	886168  -  ResidentSetSize of job (KB)
...
006 (7429725.000.000) 11/01 22:00:40 Image size of job updated: 918672
	866  -  MemoryUsage of job (MB)
	886168  -  ResidentSetSize of job (KB)
...
006 (7429725.000.000) 11/01 22:05:41 Image size of job updated: 924208
	866  -  MemoryUsage of job (MB)
	886168  -  ResidentSetSize of job (KB)
...
006 (7429725.000.000) 11/01 22:10:42 Image size of job updated: 930236
	866  -  MemoryUsage of job (MB)
	886168  -  ResidentSetSize of job (KB)
...
006 (7429725.000.000) 11/01 22:15:42 Image size of job updated: 935868
	866  -  MemoryUsage of job (MB)
	886168  -  ResidentSetSize of job (KB)
...
006 (7429725.000.000) 11/01 22:20:42 Image size of job updated: 941784
	866  -  MemoryUsage of job (MB)
	886168  -  ResidentSetSize of job (KB)
...
006 (7429725.000.000) 11/01 22:25:44 Image size of job updated: 962156
	866  -  MemoryUsage of job (MB)
	886168  -  ResidentSetSize of job (KB)
...
006 (7429725.000.000) 11/01 22:30:44 Image size of job updated: 966852
	866  -  MemoryUsage of job (MB)
	886168  -  ResidentSetSize of job (KB)
...
006 (7429725.000.000) 11/01 22:35:44 Image size of job updated: 971888
	866  -  MemoryUsage of job (MB)
	886168  -  ResidentSetSize of job (KB)
...
006 (7429725.000.000) 11/01 22:40:45 Image size of job updated: 976776
	866  -  MemoryUsage of job (MB)
	886168  -  ResidentSetSize of job (KB)
...
006 (7429725.000.000) 11/01 22:45:46 Image size of job updated: 980688
	926  -  MemoryUsage of job (MB)
	947512  -  ResidentSetSize of job (KB)
...
006 (7429725.000.000) 11/01 22:50:46 Image size of job updated: 986624
	926  -  MemoryUsage of job (MB)
	947512  -  ResidentSetSize of job (KB)
...
006 (7429725.000.000) 11/01 22:55:47 Image size of job updated: 991480
	954  -  MemoryUsage of job (MB)
	975960  -  ResidentSetSize of job (KB)
...
006 (7429725.000.000) 11/01 23:00:48 Image size of job updated: 996584
	968  -  MemoryUsage of job (MB)
	990296  -  ResidentSetSize of job (KB)
...
006 (7429725.000.000) 11/01 23:05:49 Image size of job updated: 1001264
	974  -  MemoryUsage of job (MB)
	997032  -  ResidentSetSize of job (KB)
...
006 (7429725.000.000) 11/01 23:10:49 Image size of job updated: 1004964
	974  -  MemoryUsage of job (MB)
	997032  -  ResidentSetSize of job (KB)
...
006 (7429725.000.000) 11/02 03:06:11 Image size of job updated: 1006616
	974  -  MemoryUsage of job (MB)
	997032  -  ResidentSetSize of job (KB)
...
006 (7429725.000.000) 11/02 03:11:12 Image size of job updated: 1011032
	974  -  MemoryUsage of job (MB)
	997032  -  ResidentSetSize of job (KB)
...
006 (7429725.000.000) 11/02 03:16:13 Image size of job updated: 1015192
	974  -  MemoryUsage of job (MB)
	997032  -  ResidentSetSize of job (KB)
...
006 (7429725.000.000) 11/02 03:21:13 Image size of job updated: 1019428
	974  -  MemoryUsage of job (MB)
	997032  -  ResidentSetSize of job (KB)
...
006 (7429725.000.000) 11/02 03:26:13 Image size of job updated: 1023688
	974  -  MemoryUsage of job (MB)
	997032  -  ResidentSetSize of job (KB)
...
006 (7429725.000.000) 11/02 03:31:14 Image size of job updated: 1027856
	974  -  MemoryUsage of job (MB)
	997032  -  ResidentSetSize of job (KB)
...
006 (7429725.000.000) 11/02 03:36:14 Image size of job updated: 1032164
	1007  -  MemoryUsage of job (MB)
	1030292  -  ResidentSetSize of job (KB)
...
006 (7429725.000.000) 11/02 03:41:14 Image size of job updated: 1036616
	1007  -  MemoryUsage of job (MB)
	1030292  -  ResidentSetSize of job (KB)
...
006 (7429725.000.000) 11/02 03:46:15 Image size of job updated: 1040820
	1007  -  MemoryUsage of job (MB)
	1030292  -  ResidentSetSize of job (KB)
...
006 (7429725.000.000) 11/02 03:51:16 Image size of job updated: 1043948
	1007  -  MemoryUsage of job (MB)
	1030292  -  ResidentSetSize of job (KB)
...
006 (7429725.000.000) 11/02 03:56:16 Image size of job updated: 1049080
	1007  -  MemoryUsage of job (MB)
	1030292  -  ResidentSetSize of job (KB)
...
006 (7429725.000.000) 11/02 04:01:17 Image size of job updated: 1053176
	1007  -  MemoryUsage of job (MB)
	1030292  -  ResidentSetSize of job (KB)
...
006 (7429725.000.000) 11/02 04:06:18 Image size of job updated: 1057172
	1007  -  MemoryUsage of job (MB)
	1030292  -  ResidentSetSize of job (KB)
...
006 (7429725.000.000) 11/02 04:11:18 Image size of job updated: 1061132
	1032  -  MemoryUsage of job (MB)
	1056188  -  ResidentSetSize of job (KB)
...
006 (7429725.000.000) 11/02 04:16:18 Image size of job updated: 1065008
	1032  -  MemoryUsage of job (MB)
	1056188  -  ResidentSetSize of job (KB)
...
006 (7429725.000.000) 11/02 04:21:19 Image size of job updated: 1069104
	1032  -  MemoryUsage of job (MB)
	1056188  -  ResidentSetSize of job (KB)
...
006 (7429725.000.000) 11/02 04:26:19 Image size of job updated: 1073020
	1032  -  MemoryUsage of job (MB)
	1056188  -  ResidentSetSize of job (KB)
...
006 (7429725.000.000) 11/02 04:31:19 Image size of job updated: 1077108
	1032  -  MemoryUsage of job (MB)
	1056188  -  ResidentSetSize of job (KB)
...
006 (7429725.000.000) 11/02 04:36:20 Image size of job updated: 1081264
	1032  -  MemoryUsage of job (MB)
	1056188  -  ResidentSetSize of job (KB)
...
006 (7429725.000.000) 11/02 04:41:21 Image size of job updated: 1085068
	1052  -  MemoryUsage of job (MB)
	1077092  -  ResidentSetSize of job (KB)
...
006 (7429725.000.000) 11/02 04:46:21 Image size of job updated: 1089128
	1052  -  MemoryUsage of job (MB)
	1077092  -  ResidentSetSize of job (KB)
...
006 (7429725.000.000) 11/02 04:51:22 Image size of job updated: 1093188
	1052  -  MemoryUsage of job (MB)
	1077092  -  ResidentSetSize of job (KB)
...
006 (7429725.000.000) 11/02 04:56:23 Image size of job updated: 1097216
	1052  -  MemoryUsage of job (MB)
	1077092  -  ResidentSetSize of job (KB)
...
006 (7429725.000.000) 11/02 05:01:23 Image size of job updated: 1101280
	1052  -  MemoryUsage of job (MB)
	1077092  -  ResidentSetSize of job (KB)
...
006 (7429725.000.000) 11/02 05:06:23 Image size of job updated: 1105276
	1052  -  MemoryUsage of job (MB)
	1077092  -  ResidentSetSize of job (KB)
...
006 (7429725.000.000) 11/02 05:11:25 Image size of job updated: 1109352
	1052  -  MemoryUsage of job (MB)
	1077092  -  ResidentSetSize of job (KB)
...
006 (7429725.000.000) 11/02 05:16:25 Image size of job updated: 1113312
	1052  -  MemoryUsage of job (MB)
	1077092  -  ResidentSetSize of job (KB)
...
006 (7429725.000.000) 11/02 05:21:25 Image size of job updated: 1117328
	1052  -  MemoryUsage of job (MB)
	1077092  -  ResidentSetSize of job (KB)
...
006 (7429725.000.000) 11/02 05:26:26 Image size of job updated: 1119480
	1052  -  MemoryUsage of job (MB)
	1077092  -  ResidentSetSize of job (KB)
...
006 (7429725.000.000) 11/02 05:56:28 Image size of job updated: 1119480
	1083  -  MemoryUsage of job (MB)
	1108476  -  ResidentSetSize of job (KB)
...
006 (7429725.000.000) 11/02 06:16:31 Image size of job updated: 1121596
	1083  -  MemoryUsage of job (MB)
	1108476  -  ResidentSetSize of job (KB)
...
006 (7429725.000.000) 11/02 06:21:32 Image size of job updated: 1124924
	1083  -  MemoryUsage of job (MB)
	1108476  -  ResidentSetSize of job (KB)
...
006 (7429725.000.000) 11/02 06:26:32 Image size of job updated: 1128340
	1083  -  MemoryUsage of job (MB)
	1108476  -  ResidentSetSize of job (KB)
...
006 (7429725.000.000) 11/02 06:31:34 Image size of job updated: 1131408
	1083  -  MemoryUsage of job (MB)
	1108476  -  ResidentSetSize of job (KB)
...
006 (7429725.000.000) 11/02 06:36:34 Image size of job updated: 1134744
	1083  -  MemoryUsage of job (MB)
	1108476  -  ResidentSetSize of job (KB)
...
006 (7429725.000.000) 11/02 06:41:34 Image size of job updated: 1137976
	1089  -  MemoryUsage of job (MB)
	1114668  -  ResidentSetSize of job (KB)
...
006 (7429725.000.000) 11/02 06:46:36 Image size of job updated: 1141244
	1089  -  MemoryUsage of job (MB)
	1114668  -  ResidentSetSize of job (KB)
...
006 (7429725.000.000) 11/02 06:51:36 Image size of job updated: 1144676
	1089  -  MemoryUsage of job (MB)
	1114668  -  ResidentSetSize of job (KB)
...
006 (7429725.000.000) 11/02 06:56:36 Image size of job updated: 1147772
	1089  -  MemoryUsage of job (MB)
	1114668  -  ResidentSetSize of job (KB)
...
006 (7429725.000.000) 11/02 07:01:37 Image size of job updated: 1151124
	1089  -  MemoryUsage of job (MB)
	1114668  -  ResidentSetSize of job (KB)
...
006 (7429725.000.000) 11/02 07:06:38 Image size of job updated: 1154448
	1089  -  MemoryUsage of job (MB)
	1114668  -  ResidentSetSize of job (KB)
...
006 (7429725.000.000) 11/02 07:11:38 Image size of job updated: 1157768
	1089  -  MemoryUsage of job (MB)
	1114668  -  ResidentSetSize of job (KB)
...
006 (7429725.000.000) 11/02 07:16:39 Image size of job updated: 1161192
	1089  -  MemoryUsage of job (MB)
	1114668  -  ResidentSetSize of job (KB)
...
006 (7429725.000.000) 11/02 07:21:40 Image size of job updated: 1164360
	1089  -  MemoryUsage of job (MB)
	1114668  -  ResidentSetSize of job (KB)
...
006 (7429725.000.000) 11/02 07:26:40 Image size of job updated: 1167756
	1089  -  MemoryUsage of job (MB)
	1114668  -  ResidentSetSize of job (KB)
...
006 (7429725.000.000) 11/02 07:31:40 Image size of job updated: 1171016
	1142  -  MemoryUsage of job (MB)
	1169272  -  ResidentSetSize of job (KB)
...
006 (7429725.000.000) 11/02 07:36:41 Image size of job updated: 1174260
	1143  -  MemoryUsage of job (MB)
	1169764  -  ResidentSetSize of job (KB)
...
006 (7429725.000.000) 11/02 07:41:41 Image size of job updated: 1177592
	1143  -  MemoryUsage of job (MB)
	1169764  -  ResidentSetSize of job (KB)
...
006 (7429725.000.000) 11/02 07:46:41 Image size of job updated: 1182064
	1143  -  MemoryUsage of job (MB)
	1169764  -  ResidentSetSize of job (KB)
...
006 (7429725.000.000) 11/02 07:51:42 Image size of job updated: 1184112
	1143  -  MemoryUsage of job (MB)
	1169764  -  ResidentSetSize of job (KB)
...
006 (7429725.000.000) 11/02 07:56:43 Image size of job updated: 1187308
	1143  -  MemoryUsage of job (MB)
	1169764  -  ResidentSetSize of job (KB)
...
006 (7429725.000.000) 11/02 08:01:43 Image size of job updated: 1190472
	1143  -  MemoryUsage of job (MB)
	1169764  -  ResidentSetSize of job (KB)
...
006 (7429725.000.000) 11/02 08:06:44 Image size of job updated: 1193612
	1143  -  MemoryUsage of job (MB)
	1169764  -  ResidentSetSize of job (KB)
...
006 (7429725.000.000) 11/02 08:11:45 Image size of job updated: 1196884
	1143  -  MemoryUsage of job (MB)
	1169764  -  ResidentSetSize of job (KB)
...
006 (7429725.000.000) 11/02 08:16:45 Image size of job updated: 1200084
	1143  -  MemoryUsage of job (MB)
	1169764  -  ResidentSetSize of job (KB)
...
006 (7429725.000.000) 11/02 08:21:46 Image size of job updated: 1203276
	1143  -  MemoryUsage of job (MB)
	1169764  -  ResidentSetSize of job (KB)
...
006 (7429725.000.000) 11/02 08:26:47 Image size of job updated: 1206348
	1143  -  MemoryUsage of job (MB)
	1169764  -  ResidentSetSize of job (KB)
...
006 (7429725.000.000) 11/02 08:31:47 Image size of job updated: 1209688
	1174  -  MemoryUsage of job (MB)
	1201848  -  ResidentSetSize of job (KB)
...
006 (7429725.000.000) 11/02 08:36:48 Image size of job updated: 1212980
	1182  -  MemoryUsage of job (MB)
	1209528  -  ResidentSetSize of job (KB)
...
006 (7429725.000.000) 11/02 08:41:49 Image size of job updated: 1216364
	1182  -  MemoryUsage of job (MB)
	1209528  -  ResidentSetSize of job (KB)
...
006 (7429725.000.000) 11/02 08:46:49 Image size of job updated: 1218848
	1182  -  MemoryUsage of job (MB)
	1209528  -  ResidentSetSize of job (KB)
...
006 (7429725.000.000) 11/02 08:51:49 Image size of job updated: 1222664
	1187  -  MemoryUsage of job (MB)
	1214716  -  ResidentSetSize of job (KB)
...
006 (7429725.000.000) 11/02 08:56:50 Image size of job updated: 1226040
	1194  -  MemoryUsage of job (MB)
	1222652  -  ResidentSetSize of job (KB)
...
006 (7429725.000.000) 11/02 09:01:50 Image size of job updated: 1229108
	1194  -  MemoryUsage of job (MB)
	1222652  -  ResidentSetSize of job (KB)
...
006 (7429725.000.000) 11/02 09:06:50 Image size of job updated: 1232344
	1194  -  MemoryUsage of job (MB)
	1222652  -  ResidentSetSize of job (KB)
...
006 (7429725.000.000) 11/02 09:11:51 Image size of job updated: 1235444
	1194  -  MemoryUsage of job (MB)
	1222652  -  ResidentSetSize of job (KB)
...
006 (7429725.000.000) 11/02 09:16:52 Image size of job updated: 1238608
	1194  -  MemoryUsage of job (MB)
	1222652  -  ResidentSetSize of job (KB)
...
006 (7429725.000.000) 11/02 09:21:52 Image size of job updated: 1241696
	1194  -  MemoryUsage of job (MB)
	1222652  -  ResidentSetSize of job (KB)
...
006 (7429725.000.000) 11/02 09:26:53 Image size of job updated: 1244872
	1208  -  MemoryUsage of job (MB)
	1236336  -  ResidentSetSize of job (KB)
...
006 (7429725.000.000) 11/02 09:31:54 Image size of job updated: 1248180
	1208  -  MemoryUsage of job (MB)
	1236336  -  ResidentSetSize of job (KB)
...
006 (7429725.000.000) 11/02 09:36:54 Image size of job updated: 1251344
	1208  -  MemoryUsage of job (MB)
	1236336  -  ResidentSetSize of job (KB)
...
006 (7429725.000.000) 11/02 09:41:54 Image size of job updated: 1254496
	1208  -  MemoryUsage of job (MB)
	1236336  -  ResidentSetSize of job (KB)
...
006 (7429725.000.000) 11/02 09:46:55 Image size of job updated: 1257060
	1208  -  MemoryUsage of job (MB)
	1236336  -  ResidentSetSize of job (KB)
...
006 (7429725.000.000) 11/02 09:51:56 Image size of job updated: 1259588
	1208  -  MemoryUsage of job (MB)
	1236336  -  ResidentSetSize of job (KB)
...
006 (7429725.000.000) 11/02 09:56:56 Image size of job updated: 1264188
	1208  -  MemoryUsage of job (MB)
	1236336  -  ResidentSetSize of job (KB)
...
006 (7429725.000.000) 11/02 10:01:57 Image size of job updated: 1267172
	1224  -  MemoryUsage of job (MB)
	1252640  -  ResidentSetSize of job (KB)
...
006 (7429725.000.000) 11/02 10:06:58 Image size of job updated: 1270304
	1234  -  MemoryUsage of job (MB)
	1262880  -  ResidentSetSize of job (KB)
...
006 (7429725.000.000) 11/02 10:11:58 Image size of job updated: 1273380
	1234  -  MemoryUsage of job (MB)
	1262880  -  ResidentSetSize of job (KB)
...
006 (7429725.000.000) 11/02 10:16:59 Image size of job updated: 1276776
	1234  -  MemoryUsage of job (MB)
	1262880  -  ResidentSetSize of job (KB)
...
006 (7429725.000.000) 11/02 10:22:00 Image size of job updated: 1279684
	1234  -  MemoryUsage of job (MB)
	1262880  -  ResidentSetSize of job (KB)
...
006 (7429725.000.000) 11/02 10:27:00 Image size of job updated: 1282916
	1234  -  MemoryUsage of job (MB)
	1262880  -  ResidentSetSize of job (KB)
...
006 (7429725.000.000) 11/02 10:32:00 Image size of job updated: 1285916
	1234  -  MemoryUsage of job (MB)
	1262880  -  ResidentSetSize of job (KB)
...
006 (7429725.000.000) 11/02 10:37:01 Image size of job updated: 1289080
	1234  -  MemoryUsage of job (MB)
	1262880  -  ResidentSetSize of job (KB)
...
006 (7429725.000.000) 11/02 10:42:02 Image size of job updated: 1292348
	1234  -  MemoryUsage of job (MB)
	1262880  -  ResidentSetSize of job (KB)
...
006 (7429725.000.000) 11/02 10:47:02 Image size of job updated: 1295588
	1234  -  MemoryUsage of job (MB)
	1262880  -  ResidentSetSize of job (KB)
...
006 (7429725.000.000) 11/02 10:52:02 Image size of job updated: 1298716
	1234  -  MemoryUsage of job (MB)
	1262880  -  ResidentSetSize of job (KB)
...
006 (7429725.000.000) 11/02 10:57:04 Image size of job updated: 1301824
	1253  -  MemoryUsage of job (MB)
	1282600  -  ResidentSetSize of job (KB)
...
006 (7429725.000.000) 11/02 11:02:04 Image size of job updated: 1305056
	1265  -  MemoryUsage of job (MB)
	1294888  -  ResidentSetSize of job (KB)
...
006 (7429725.000.000) 11/02 11:07:04 Image size of job updated: 1308228
	1265  -  MemoryUsage of job (MB)
	1294888  -  ResidentSetSize of job (KB)
...
006 (7429725.000.000) 11/02 11:12:05 Image size of job updated: 1311284
	1276  -  MemoryUsage of job (MB)
	1306240  -  ResidentSetSize of job (KB)
...
006 (7429725.000.000) 11/02 11:17:06 Image size of job updated: 1314576
	1278  -  MemoryUsage of job (MB)
	1308584  -  ResidentSetSize of job (KB)
...
006 (7429725.000.000) 11/02 11:22:06 Image size of job updated: 1317684
	1278  -  MemoryUsage of job (MB)
	1308584  -  ResidentSetSize of job (KB)
...
006 (7429725.000.000) 11/02 11:27:06 Image size of job updated: 1320588
	1278  -  MemoryUsage of job (MB)
	1308584  -  ResidentSetSize of job (KB)
...
006 (7429725.000.000) 11/02 11:32:07 Image size of job updated: 1323740
	1278  -  MemoryUsage of job (MB)
	1308584  -  ResidentSetSize of job (KB)
...
006 (7429725.000.000) 11/02 11:37:08 Image size of job updated: 1326952
	1278  -  MemoryUsage of job (MB)
	1308584  -  ResidentSetSize of job (KB)
...
006 (7429725.000.000) 11/02 11:42:08 Image size of job updated: 1330024
	1278  -  MemoryUsage of job (MB)
	1308584  -  ResidentSetSize of job (KB)
...
006 (7429725.000.000) 11/02 11:47:09 Image size of job updated: 1332860
	1278  -  MemoryUsage of job (MB)
	1308584  -  ResidentSetSize of job (KB)
...
006 (7429725.000.000) 11/02 11:52:10 Image size of job updated: 1335960
	1278  -  MemoryUsage of job (MB)
	1308584  -  ResidentSetSize of job (KB)
...
006 (7429725.000.000) 11/02 11:57:10 Image size of job updated: 1339024
	1278  -  MemoryUsage of job (MB)
	1308584  -  ResidentSetSize of job (KB)
...
006 (7429725.000.000) 11/02 12:02:10 Image size of job updated: 1342064
	1278  -  MemoryUsage of job (MB)
	1308584  -  ResidentSetSize of job (KB)
...
006 (7429725.000.000) 11/02 12:07:11 Image size of job updated: 1345384
	1278  -  MemoryUsage of job (MB)
	1308584  -  ResidentSetSize of job (KB)
...
006 (7429725.000.000) 11/02 12:12:12 Image size of job updated: 1348472
	1278  -  MemoryUsage of job (MB)
	1308584  -  ResidentSetSize of job (KB)
...
006 (7429725.000.000) 11/02 12:17:12 Image size of job updated: 1351444
	1278  -  MemoryUsage of job (MB)
	1308584  -  ResidentSetSize of job (KB)
...
006 (7429725.000.000) 11/02 12:22:13 Image size of job updated: 1354728
	1278  -  MemoryUsage of job (MB)
	1308584  -  ResidentSetSize of job (KB)
...
006 (7429725.000.000) 11/02 12:27:14 Image size of job updated: 1357704
	1288  -  MemoryUsage of job (MB)
	1318208  -  ResidentSetSize of job (KB)
...
006 (7429725.000.000) 11/02 12:32:14 Image size of job updated: 1361040
	1288  -  MemoryUsage of job (MB)
	1318208  -  ResidentSetSize of job (KB)
...
006 (7429725.000.000) 11/02 12:37:15 Image size of job updated: 1364076
	1288  -  MemoryUsage of job (MB)
	1318208  -  ResidentSetSize of job (KB)
...
006 (7429725.000.000) 11/02 12:42:15 Image size of job updated: 1367192
	1288  -  MemoryUsage of job (MB)
	1318208  -  ResidentSetSize of job (KB)
...
006 (7429725.000.000) 11/02 12:47:15 Image size of job updated: 1369492
	1288  -  MemoryUsage of job (MB)
	1318208  -  ResidentSetSize of job (KB)
...
006 (7429725.000.000) 11/02 12:52:16 Image size of job updated: 1373400
	1288  -  MemoryUsage of job (MB)
	1318208  -  ResidentSetSize of job (KB)
...
006 (7429725.000.000) 11/02 12:57:16 Image size of job updated: 1376608
	1288  -  MemoryUsage of job (MB)
	1318208  -  ResidentSetSize of job (KB)
...
006 (7429725.000.000) 11/02 13:02:16 Image size of job updated: 1379784
	1288  -  MemoryUsage of job (MB)
	1318208  -  ResidentSetSize of job (KB)
...
006 (7429725.000.000) 11/02 13:07:17 Image size of job updated: 1382744
	1288  -  MemoryUsage of job (MB)
	1318208  -  ResidentSetSize of job (KB)
...
006 (7429725.000.000) 11/02 13:12:18 Image size of job updated: 1385752
	1288  -  MemoryUsage of job (MB)
	1318208  -  ResidentSetSize of job (KB)
...
006 (7429725.000.000) 11/02 13:17:18 Image size of job updated: 1388716
	1288  -  MemoryUsage of job (MB)
	1318208  -  ResidentSetSize of job (KB)
...
006 (7429725.000.000) 11/02 13:22:18 Image size of job updated: 1391764
	1288  -  MemoryUsage of job (MB)
	1318208  -  ResidentSetSize of job (KB)
...
006 (7429725.000.000) 11/02 13:27:19 Image size of job updated: 1394808
	1321  -  MemoryUsage of job (MB)
	1352168  -  ResidentSetSize of job (KB)
...
006 (7429725.000.000) 11/02 13:32:19 Image size of job updated: 1397536
	1333  -  MemoryUsage of job (MB)
	1364456  -  ResidentSetSize of job (KB)
...
006 (7429725.000.000) 11/02 13:37:19 Image size of job updated: 1400520
	1333  -  MemoryUsage of job (MB)
	1364456  -  ResidentSetSize of job (KB)
...
006 (7429725.000.000) 11/02 13:42:20 Image size of job updated: 1403332
	1333  -  MemoryUsage of job (MB)
	1364456  -  ResidentSetSize of job (KB)
...
006 (7429725.000.000) 11/02 13:47:21 Image size of job updated: 1405460
	1333  -  MemoryUsage of job (MB)
	1364456  -  ResidentSetSize of job (KB)
...
006 (7429725.000.000) 11/02 13:52:21 Image size of job updated: 1407620
	1333  -  MemoryUsage of job (MB)
	1364456  -  ResidentSetSize of job (KB)
...
006 (7429725.000.000) 11/02 13:57:21 Image size of job updated: 1411460
	1333  -  MemoryUsage of job (MB)
	1364456  -  ResidentSetSize of job (KB)
...
006 (7429725.000.000) 11/02 14:02:22 Image size of job updated: 1414036
	1333  -  MemoryUsage of job (MB)
	1364456  -  ResidentSetSize of job (KB)
...
006 (7429725.000.000) 11/02 14:07:22 Image size of job updated: 1416644
	1333  -  MemoryUsage of job (MB)
	1364456  -  ResidentSetSize of job (KB)
...
006 (7429725.000.000) 11/02 14:12:22 Image size of job updated: 1419400
	1333  -  MemoryUsage of job (MB)
	1364456  -  ResidentSetSize of job (KB)
...
006 (7429725.000.000) 11/02 14:17:23 Image size of job updated: 1422088
	1333  -  MemoryUsage of job (MB)
	1364456  -  ResidentSetSize of job (KB)
...
006 (7429725.000.000) 11/02 14:22:24 Image size of job updated: 1424616
	1374  -  MemoryUsage of job (MB)
	1406012  -  ResidentSetSize of job (KB)
...
006 (7429725.000.000) 11/02 14:27:24 Image size of job updated: 1427184
	1386  -  MemoryUsage of job (MB)
	1418300  -  ResidentSetSize of job (KB)
...
006 (7429725.000.000) 11/02 14:32:25 Image size of job updated: 1429840
	1386  -  MemoryUsage of job (MB)
	1418300  -  ResidentSetSize of job (KB)
...
006 (7429725.000.000) 11/02 14:37:26 Image size of job updated: 1432352
	1386  -  MemoryUsage of job (MB)
	1418300  -  ResidentSetSize of job (KB)
...
006 (7429725.000.000) 11/02 14:42:26 Image size of job updated: 1434936
	1386  -  MemoryUsage of job (MB)
	1418300  -  ResidentSetSize of job (KB)
...
006 (7429725.000.000) 11/02 14:47:27 Image size of job updated: 1437664
	1386  -  MemoryUsage of job (MB)
	1418300  -  ResidentSetSize of job (KB)
...
006 (7429725.000.000) 11/02 14:52:27 Image size of job updated: 1440256
	1386  -  MemoryUsage of job (MB)
	1418300  -  ResidentSetSize of job (KB)
...
006 (7429725.000.000) 11/02 14:57:27 Image size of job updated: 1442760
	1396  -  MemoryUsage of job (MB)
	1429024  -  ResidentSetSize of job (KB)
...
006 (7429725.000.000) 11/02 15:02:28 Image size of job updated: 1445236
	1409  -  MemoryUsage of job (MB)
	1442072  -  ResidentSetSize of job (KB)
...
006 (7429725.000.000) 11/02 15:07:28 Image size of job updated: 1447980
	1409  -  MemoryUsage of job (MB)
	1442072  -  ResidentSetSize of job (KB)
...
006 (7429725.000.000) 11/02 15:12:28 Image size of job updated: 1450328
	1409  -  MemoryUsage of job (MB)
	1442072  -  ResidentSetSize of job (KB)
...
006 (7429725.000.000) 11/02 15:17:29 Image size of job updated: 1453068
	1409  -  MemoryUsage of job (MB)
	1442072  -  ResidentSetSize of job (KB)
...
006 (7429725.000.000) 11/02 15:22:30 Image size of job updated: 1455964
	1409  -  MemoryUsage of job (MB)
	1442072  -  ResidentSetSize of job (KB)
...
006 (7429725.000.000) 11/02 15:27:30 Image size of job updated: 1458060
	1409  -  MemoryUsage of job (MB)
	1442072  -  ResidentSetSize of job (KB)
...
006 (7429725.000.000) 11/02 15:32:31 Image size of job updated: 1461232
	1409  -  MemoryUsage of job (MB)
	1442072  -  ResidentSetSize of job (KB)
...
006 (7429725.000.000) 11/02 15:37:32 Image size of job updated: 1463600
	1409  -  MemoryUsage of job (MB)
	1442072  -  ResidentSetSize of job (KB)
...
006 (7429725.000.000) 11/02 15:42:32 Image size of job updated: 1466292
	1409  -  MemoryUsage of job (MB)
	1442072  -  ResidentSetSize of job (KB)
...
006 (7429725.000.000) 11/02 15:47:32 Image size of job updated: 1467352
	1409  -  MemoryUsage of job (MB)
	1442072  -  ResidentSetSize of job (KB)
...
006 (7429725.000.000) 11/02 15:52:33 Image size of job updated: 1469748
	1409  -  MemoryUsage of job (MB)
	1442072  -  ResidentSetSize of job (KB)
...
006 (7429725.000.000) 11/02 15:57:33 Image size of job updated: 1473624
	1409  -  MemoryUsage of job (MB)
	1442072  -  ResidentSetSize of job (KB)
...
006 (7429725.000.000) 11/02 16:02:33 Image size of job updated: 1476156
	1409  -  MemoryUsage of job (MB)
	1442072  -  ResidentSetSize of job (KB)
...
006 (7429725.000.000) 11/02 16:07:34 Image size of job updated: 1478460
	1409  -  MemoryUsage of job (MB)
	1442072  -  ResidentSetSize of job (KB)
...
006 (7429725.000.000) 11/02 16:12:35 Image size of job updated: 1480920
	1409  -  MemoryUsage of job (MB)
	1442072  -  ResidentSetSize of job (KB)
...
006 (7429725.000.000) 11/02 16:17:35 Image size of job updated: 1483552
	1409  -  MemoryUsage of job (MB)
	1442072  -  ResidentSetSize of job (KB)
...
006 (7429725.000.000) 11/02 16:22:36 Image size of job updated: 1485772
	1409  -  MemoryUsage of job (MB)
	1442072  -  ResidentSetSize of job (KB)
...
006 (7429725.000.000) 11/02 16:27:37 Image size of job updated: 1488212
	1409  -  MemoryUsage of job (MB)
	1442072  -  ResidentSetSize of job (KB)
...
006 (7429725.000.000) 11/02 16:32:37 Image size of job updated: 1489624
	1409  -  MemoryUsage of job (MB)
	1442072  -  ResidentSetSize of job (KB)
...
006 (7429725.000.000) 11/02 17:32:44 Image size of job updated: 1489624
	1430  -  MemoryUsage of job (MB)
	1463860  -  ResidentSetSize of job (KB)
...
006 (7429725.000.000) 11/02 18:22:49 Image size of job updated: 1489624
	1432  -  MemoryUsage of job (MB)
	1466164  -  ResidentSetSize of job (KB)
...
006 (7429725.000.000) 11/02 18:27:50 Image size of job updated: 1490668
	1451  -  MemoryUsage of job (MB)
	1484852  -  ResidentSetSize of job (KB)
...
006 (7429725.000.000) 11/02 18:32:51 Image size of job updated: 1492964
	1451  -  MemoryUsage of job (MB)
	1484852  -  ResidentSetSize of job (KB)
...
006 (7429725.000.000) 11/02 18:37:51 Image size of job updated: 1495284
	1451  -  MemoryUsage of job (MB)
	1484852  -  ResidentSetSize of job (KB)
...
006 (7429725.000.000) 11/02 18:42:51 Image size of job updated: 1497480
	1451  -  MemoryUsage of job (MB)
	1484852  -  ResidentSetSize of job (KB)
...
006 (7429725.000.000) 11/02 18:47:52 Image size of job updated: 1499932
	1451  -  MemoryUsage of job (MB)
	1484852  -  ResidentSetSize of job (KB)
...
006 (7429725.000.000) 11/02 18:52:52 Image size of job updated: 1502120
	1451  -  MemoryUsage of job (MB)
	1484852  -  ResidentSetSize of job (KB)
...
006 (7429725.000.000) 11/02 18:57:52 Image size of job updated: 1503120
	1451  -  MemoryUsage of job (MB)
	1484852  -  ResidentSetSize of job (KB)
...
006 (7429725.000.000) 11/02 19:02:53 Image size of job updated: 1506944
	1451  -  MemoryUsage of job (MB)
	1484852  -  ResidentSetSize of job (KB)
...
006 (7429725.000.000) 11/02 19:07:54 Image size of job updated: 1509324
	1451  -  MemoryUsage of job (MB)
	1484852  -  ResidentSetSize of job (KB)
...
006 (7429725.000.000) 11/02 19:12:54 Image size of job updated: 1512128
	1451  -  MemoryUsage of job (MB)
	1484852  -  ResidentSetSize of job (KB)
...
006 (7429725.000.000) 11/02 19:17:55 Image size of job updated: 1514160
	1451  -  MemoryUsage of job (MB)
	1484852  -  ResidentSetSize of job (KB)
...
006 (7429725.000.000) 11/02 19:22:56 Image size of job updated: 1516640
	1451  -  MemoryUsage of job (MB)
	1484852  -  ResidentSetSize of job (KB)
...
006 (7429725.000.000) 11/02 19:27:56 Image size of job updated: 1519108
	1451  -  MemoryUsage of job (MB)
	1484852  -  ResidentSetSize of job (KB)
...
006 (7429725.000.000) 11/02 19:32:56 Image size of job updated: 1521620
	1451  -  MemoryUsage of job (MB)
	1484852  -  ResidentSetSize of job (KB)
...
006 (7429725.000.000) 11/02 19:37:57 Image size of job updated: 1523756
	1466  -  MemoryUsage of job (MB)
	1500348  -  ResidentSetSize of job (KB)
...
006 (7429725.000.000) 11/02 19:42:57 Image size of job updated: 1526232
	1482  -  MemoryUsage of job (MB)
	1516732  -  ResidentSetSize of job (KB)
...
006 (7429725.000.000) 11/02 19:47:57 Image size of job updated: 1527884
	1482  -  MemoryUsage of job (MB)
	1516732  -  ResidentSetSize of job (KB)
...
006 (7429725.000.000) 11/02 19:52:58 Image size of job updated: 1529104
	1482  -  MemoryUsage of job (MB)
	1516732  -  ResidentSetSize of job (KB)
...
006 (7429725.000.000) 11/02 19:57:58 Image size of job updated: 1531768
	1482  -  MemoryUsage of job (MB)
	1516732  -  ResidentSetSize of job (KB)
...
006 (7429725.000.000) 11/02 20:02:58 Image size of job updated: 1535152
	1482  -  MemoryUsage of job (MB)
	1516732  -  ResidentSetSize of job (KB)
...
006 (7429725.000.000) 11/02 20:07:59 Image size of job updated: 1537236
	1482  -  MemoryUsage of job (MB)
	1516732  -  ResidentSetSize of job (KB)
...
006 (7429725.000.000) 11/02 20:12:59 Image size of job updated: 1539604
	1482  -  MemoryUsage of job (MB)
	1516732  -  ResidentSetSize of job (KB)
...
006 (7429725.000.000) 11/02 20:17:59 Image size of job updated: 1541680
	1482  -  MemoryUsage of job (MB)
	1516732  -  ResidentSetSize of job (KB)
...
006 (7429725.000.000) 11/02 20:23:00 Image size of job updated: 1543940
	1482  -  MemoryUsage of job (MB)
	1516732  -  ResidentSetSize of job (KB)
...
006 (7429725.000.000) 11/02 20:28:01 Image size of job updated: 1546320
	1482  -  MemoryUsage of job (MB)
	1516732  -  ResidentSetSize of job (KB)
...
006 (7429725.000.000) 11/02 20:33:01 Image size of job updated: 1548648
	1482  -  MemoryUsage of job (MB)
	1516732  -  ResidentSetSize of job (KB)
...
006 (7429725.000.000) 11/02 20:38:02 Image size of job updated: 1550844
	1482  -  MemoryUsage of job (MB)
	1516732  -  ResidentSetSize of job (KB)
...
006 (7429725.000.000) 11/02 20:43:03 Image size of job updated: 1553012
	1482  -  MemoryUsage of job (MB)
	1516732  -  ResidentSetSize of job (KB)
...
006 (7429725.000.000) 11/02 20:48:03 Image size of job updated: 1555332
	1482  -  MemoryUsage of job (MB)
	1516732  -  ResidentSetSize of job (KB)
...
006 (7429725.000.000) 11/02 20:53:03 Image size of job updated: 1557484
	1482  -  MemoryUsage of job (MB)
	1516732  -  ResidentSetSize of job (KB)
...
006 (7429725.000.000) 11/02 20:58:04 Image size of job updated: 1559692
	1482  -  MemoryUsage of job (MB)
	1516732  -  ResidentSetSize of job (KB)
...
006 (7429725.000.000) 11/02 21:03:04 Image size of job updated: 1562020
	1501  -  MemoryUsage of job (MB)
	1536508  -  ResidentSetSize of job (KB)
...
006 (7429725.000.000) 11/02 21:08:04 Image size of job updated: 1564456
	1515  -  MemoryUsage of job (MB)
	1550844  -  ResidentSetSize of job (KB)
...
006 (7429725.000.000) 11/02 21:13:05 Image size of job updated: 1566928
	1515  -  MemoryUsage of job (MB)
	1550844  -  ResidentSetSize of job (KB)
...
006 (7429725.000.000) 11/02 21:18:06 Image size of job updated: 1569416
	1515  -  MemoryUsage of job (MB)
	1550844  -  ResidentSetSize of job (KB)
...
006 (7429725.000.000) 11/02 21:23:06 Image size of job updated: 1571576
	1515  -  MemoryUsage of job (MB)
	1550844  -  ResidentSetSize of job (KB)
...
006 (7429725.000.000) 11/02 21:28:07 Image size of job updated: 1573888
	1515  -  MemoryUsage of job (MB)
	1550844  -  ResidentSetSize of job (KB)
...
006 (7429725.000.000) 11/02 21:33:08 Image size of job updated: 1576012
	1533  -  MemoryUsage of job (MB)
	1569736  -  ResidentSetSize of job (KB)
...
006 (7429725.000.000) 11/02 21:38:08 Image size of job updated: 1578276
	1533  -  MemoryUsage of job (MB)
	1569736  -  ResidentSetSize of job (KB)
...
006 (7429725.000.000) 11/02 21:43:08 Image size of job updated: 1580312
	1533  -  MemoryUsage of job (MB)
	1569736  -  ResidentSetSize of job (KB)
...
006 (7429725.000.000) 11/02 21:48:09 Image size of job updated: 1582736
	1533  -  MemoryUsage of job (MB)
	1569736  -  ResidentSetSize of job (KB)
...
006 (7429725.000.000) 11/02 21:53:09 Image size of job updated: 1584868
	1533  -  MemoryUsage of job (MB)
	1569736  -  ResidentSetSize of job (KB)
...
006 (7429725.000.000) 11/02 21:58:09 Image size of job updated: 1587112
	1533  -  MemoryUsage of job (MB)
	1569736  -  ResidentSetSize of job (KB)
...
006 (7429725.000.000) 11/02 22:03:10 Image size of job updated: 1589340
	1533  -  MemoryUsage of job (MB)
	1569736  -  ResidentSetSize of job (KB)
...
006 (7429725.000.000) 11/02 22:08:11 Image size of job updated: 1591812
	1533  -  MemoryUsage of job (MB)
	1569736  -  ResidentSetSize of job (KB)
...
006 (7429725.000.000) 11/02 22:13:11 Image size of job updated: 1593872
	1533  -  MemoryUsage of job (MB)
	1569736  -  ResidentSetSize of job (KB)
...
006 (7429725.000.000) 11/02 22:18:12 Image size of job updated: 1596200
	1533  -  MemoryUsage of job (MB)
	1569736  -  ResidentSetSize of job (KB)
...
006 (7429725.000.000) 11/02 22:23:13 Image size of job updated: 1598608
	1533  -  MemoryUsage of job (MB)
	1569736  -  ResidentSetSize of job (KB)
...
006 (7429725.000.000) 11/02 22:28:13 Image size of job updated: 1600964
	1533  -  MemoryUsage of job (MB)
	1569736  -  ResidentSetSize of job (KB)
...
006 (7429725.000.000) 11/02 22:33:13 Image size of job updated: 1603384
	1533  -  MemoryUsage of job (MB)
	1569736  -  ResidentSetSize of job (KB)
...
006 (7429725.000.000) 11/02 22:38:14 Image size of job updated: 1605844
	1533  -  MemoryUsage of job (MB)
	1569736  -  ResidentSetSize of job (KB)
...
006 (7429725.000.000) 11/02 22:43:14 Image size of job updated: 1608072
	1533  -  MemoryUsage of job (MB)
	1569736  -  ResidentSetSize of job (KB)
...
006 (7429725.000.000) 11/02 22:48:14 Image size of job updated: 1610320
	1533  -  MemoryUsage of job (MB)
	1569736  -  ResidentSetSize of job (KB)
...
006 (7429725.000.000) 11/02 22:53:15 Image size of job updated: 1612708
	1533  -  MemoryUsage of job (MB)
	1569736  -  ResidentSetSize of job (KB)
...
006 (7429725.000.000) 11/02 22:58:16 Image size of job updated: 1614800
	1533  -  MemoryUsage of job (MB)
	1569736  -  ResidentSetSize of job (KB)
...
006 (7429725.000.000) 11/02 23:03:16 Image size of job updated: 1617104
	1533  -  MemoryUsage of job (MB)
	1569736  -  ResidentSetSize of job (KB)
...
006 (7429725.000.000) 11/02 23:08:17 Image size of job updated: 1619552
	1533  -  MemoryUsage of job (MB)
	1569736  -  ResidentSetSize of job (KB)
...
006 (7429725.000.000) 11/02 23:13:17 Image size of job updated: 1621952
	1533  -  MemoryUsage of job (MB)
	1569736  -  ResidentSetSize of job (KB)
...
006 (7429725.000.000) 11/02 23:18:18 Image size of job updated: 1624648
	1533  -  MemoryUsage of job (MB)
	1569736  -  ResidentSetSize of job (KB)
...
006 (7429725.000.000) 11/02 23:23:18 Image size of job updated: 1627096
	1533  -  MemoryUsage of job (MB)
	1569736  -  ResidentSetSize of job (KB)
...
006 (7429725.000.000) 11/02 23:28:20 Image size of job updated: 1629756
	1533  -  MemoryUsage of job (MB)
	1569736  -  ResidentSetSize of job (KB)
...
006 (7429725.000.000) 11/02 23:33:20 Image size of job updated: 1632156
	1557  -  MemoryUsage of job (MB)
	1594036  -  ResidentSetSize of job (KB)
...
006 (7429725.000.000) 11/02 23:38:20 Image size of job updated: 1634704
	1557  -  MemoryUsage of job (MB)
	1594036  -  ResidentSetSize of job (KB)
...
006 (7429725.000.000) 11/02 23:43:21 Image size of job updated: 1637076
	1557  -  MemoryUsage of job (MB)
	1594036  -  ResidentSetSize of job (KB)
...
006 (7429725.000.000) 11/02 23:48:21 Image size of job updated: 1638176
	1557  -  MemoryUsage of job (MB)
	1594036  -  ResidentSetSize of job (KB)
...
006 (7429725.000.000) 11/02 23:53:22 Image size of job updated: 1641960
	1557  -  MemoryUsage of job (MB)
	1594036  -  ResidentSetSize of job (KB)
...
006 (7429725.000.000) 11/02 23:58:22 Image size of job updated: 1644252
	1557  -  MemoryUsage of job (MB)
	1594036  -  ResidentSetSize of job (KB)
...
006 (7429725.000.000) 11/03 00:03:23 Image size of job updated: 1646636
	1557  -  MemoryUsage of job (MB)
	1594036  -  ResidentSetSize of job (KB)
...
006 (7429725.000.000) 11/03 00:08:24 Image size of job updated: 1649456
	1557  -  MemoryUsage of job (MB)
	1594036  -  ResidentSetSize of job (KB)
...
006 (7429725.000.000) 11/03 00:13:24 Image size of job updated: 1651828
	1592  -  MemoryUsage of job (MB)
	1630100  -  ResidentSetSize of job (KB)
...
006 (7429725.000.000) 11/03 00:18:25 Image size of job updated: 1654016
	1592  -  MemoryUsage of job (MB)
	1630100  -  ResidentSetSize of job (KB)
...
006 (7429725.000.000) 11/03 00:23:25 Image size of job updated: 1656452
	1592  -  MemoryUsage of job (MB)
	1630100  -  ResidentSetSize of job (KB)
...
006 (7429725.000.000) 11/03 00:28:26 Image size of job updated: 1658944
	1592  -  MemoryUsage of job (MB)
	1630100  -  ResidentSetSize of job (KB)
...
006 (7429725.000.000) 11/03 00:33:27 Image size of job updated: 1661308
	1613  -  MemoryUsage of job (MB)
	1651492  -  ResidentSetSize of job (KB)
...
006 (7429725.000.000) 11/03 00:38:27 Image size of job updated: 1663704
	1613  -  MemoryUsage of job (MB)
	1651492  -  ResidentSetSize of job (KB)
...
006 (7429725.000.000) 11/03 00:43:28 Image size of job updated: 1666132
	1613  -  MemoryUsage of job (MB)
	1651492  -  ResidentSetSize of job (KB)
...
006 (7429725.000.000) 11/03 00:48:28 Image size of job updated: 1668336
	1613  -  MemoryUsage of job (MB)
	1651492  -  ResidentSetSize of job (KB)
...
006 (7429725.000.000) 11/03 00:53:28 Image size of job updated: 1670844
	1613  -  MemoryUsage of job (MB)
	1651492  -  ResidentSetSize of job (KB)
...
006 (7429725.000.000) 11/03 00:58:30 Image size of job updated: 1673112
	1613  -  MemoryUsage of job (MB)
	1651492  -  ResidentSetSize of job (KB)
...
006 (7429725.000.000) 11/03 01:03:30 Image size of job updated: 1675744
	1613  -  MemoryUsage of job (MB)
	1651492  -  ResidentSetSize of job (KB)
...
006 (7429725.000.000) 11/03 01:08:30 Image size of job updated: 1678016
	1627  -  MemoryUsage of job (MB)
	1665596  -  ResidentSetSize of job (KB)
...
006 (7429725.000.000) 11/03 01:13:31 Image size of job updated: 1680600
	1627  -  MemoryUsage of job (MB)
	1665596  -  ResidentSetSize of job (KB)
...
006 (7429725.000.000) 11/03 01:18:32 Image size of job updated: 1682724
	1627  -  MemoryUsage of job (MB)
	1665596  -  ResidentSetSize of job (KB)
...
006 (7429725.000.000) 11/03 01:23:32 Image size of job updated: 1685244
	1627  -  MemoryUsage of job (MB)
	1665596  -  ResidentSetSize of job (KB)
...
006 (7429725.000.000) 11/03 01:28:32 Image size of job updated: 1687560
	1627  -  MemoryUsage of job (MB)
	1665596  -  ResidentSetSize of job (KB)
...
006 (7429725.000.000) 11/03 01:33:33 Image size of job updated: 1690108
	1647  -  MemoryUsage of job (MB)
	1686480  -  ResidentSetSize of job (KB)
...
006 (7429725.000.000) 11/03 01:38:33 Image size of job updated: 1692536
	1647  -  MemoryUsage of job (MB)
	1686480  -  ResidentSetSize of job (KB)
...
006 (7429725.000.000) 11/03 01:43:33 Image size of job updated: 1694884
	1647  -  MemoryUsage of job (MB)
	1686480  -  ResidentSetSize of job (KB)
...
006 (7429725.000.000) 11/03 01:48:34 Image size of job updated: 1697284
	1647  -  MemoryUsage of job (MB)
	1686480  -  ResidentSetSize of job (KB)
...
006 (7429725.000.000) 11/03 01:53:35 Image size of job updated: 1699864
	1647  -  MemoryUsage of job (MB)
	1686480  -  ResidentSetSize of job (KB)
...
006 (7429725.000.000) 11/03 01:58:35 Image size of job updated: 1702424
	1647  -  MemoryUsage of job (MB)
	1686480  -  ResidentSetSize of job (KB)
...
006 (7429725.000.000) 11/03 02:03:36 Image size of job updated: 1704784
	1647  -  MemoryUsage of job (MB)
	1686480  -  ResidentSetSize of job (KB)
...
006 (7429725.000.000) 11/03 02:08:37 Image size of job updated: 1707316
	1647  -  MemoryUsage of job (MB)
	1686480  -  ResidentSetSize of job (KB)
...
006 (7429725.000.000) 11/03 02:13:37 Image size of job updated: 1709660
	1647  -  MemoryUsage of job (MB)
	1686480  -  ResidentSetSize of job (KB)
...
006 (7429725.000.000) 11/03 02:18:37 Image size of job updated: 1712228
	1647  -  MemoryUsage of job (MB)
	1686480  -  ResidentSetSize of job (KB)
...
006 (7429725.000.000) 11/03 02:23:38 Image size of job updated: 1716380
	1647  -  MemoryUsage of job (MB)
	1686480  -  ResidentSetSize of job (KB)
...
006 (7429725.000.000) 11/03 02:28:39 Image size of job updated: 1718904
	1647  -  MemoryUsage of job (MB)
	1686480  -  ResidentSetSize of job (KB)
...
006 (7429725.000.000) 11/03 02:33:39 Image size of job updated: 1721364
	1647  -  MemoryUsage of job (MB)
	1686480  -  ResidentSetSize of job (KB)
...
006 (7429725.000.000) 11/03 02:38:39 Image size of job updated: 1723812
	1647  -  MemoryUsage of job (MB)
	1686480  -  ResidentSetSize of job (KB)
...
006 (7429725.000.000) 11/03 02:43:40 Image size of job updated: 1726352
	1647  -  MemoryUsage of job (MB)
	1686480  -  ResidentSetSize of job (KB)
...
006 (7429725.000.000) 11/03 02:48:41 Image size of job updated: 1726364
	1647  -  MemoryUsage of job (MB)
	1686480  -  ResidentSetSize of job (KB)
...
006 (7429725.000.000) 11/03 02:53:41 Image size of job updated: 1729528
	1647  -  MemoryUsage of job (MB)
	1686480  -  ResidentSetSize of job (KB)
...
006 (7429725.000.000) 11/03 02:58:42 Image size of job updated: 1731948
	1652  -  MemoryUsage of job (MB)
	1690632  -  ResidentSetSize of job (KB)
...
006 (7429725.000.000) 11/03 03:03:43 Image size of job updated: 1734440
	1652  -  MemoryUsage of job (MB)
	1690632  -  ResidentSetSize of job (KB)
...
006 (7429725.000.000) 11/03 03:08:43 Image size of job updated: 1736956
	1652  -  MemoryUsage of job (MB)
	1690632  -  ResidentSetSize of job (KB)
...
006 (7429725.000.000) 11/03 03:13:43 Image size of job updated: 1739336
	1652  -  MemoryUsage of job (MB)
	1690632  -  ResidentSetSize of job (KB)
...
006 (7429725.000.000) 11/03 03:18:44 Image size of job updated: 1741860
	1652  -  MemoryUsage of job (MB)
	1690632  -  ResidentSetSize of job (KB)
...
006 (7429725.000.000) 11/03 03:23:45 Image size of job updated: 1744324
	1652  -  MemoryUsage of job (MB)
	1690632  -  ResidentSetSize of job (KB)
...
006 (7429725.000.000) 11/03 03:28:45 Image size of job updated: 1746836
	1652  -  MemoryUsage of job (MB)
	1690632  -  ResidentSetSize of job (KB)
...
006 (7429725.000.000) 11/03 03:33:45 Image size of job updated: 1749248
	1652  -  MemoryUsage of job (MB)
	1690632  -  ResidentSetSize of job (KB)
...
006 (7429725.000.000) 11/03 03:38:46 Image size of job updated: 1751620
	1652  -  MemoryUsage of job (MB)
	1690632  -  ResidentSetSize of job (KB)
...
006 (7429725.000.000) 11/03 03:43:47 Image size of job updated: 1753904
	1652  -  MemoryUsage of job (MB)
	1690632  -  ResidentSetSize of job (KB)
...
006 (7429725.000.000) 11/03 03:48:47 Image size of job updated: 1756204
	1715  -  MemoryUsage of job (MB)
	1755264  -  ResidentSetSize of job (KB)
...
006 (7429725.000.000) 11/03 03:53:47 Image size of job updated: 1758740
	1715  -  MemoryUsage of job (MB)
	1755264  -  ResidentSetSize of job (KB)
...
006 (7429725.000.000) 11/03 03:58:48 Image size of job updated: 1761196
	1715  -  MemoryUsage of job (MB)
	1755264  -  ResidentSetSize of job (KB)
...
006 (7429725.000.000) 11/03 04:03:49 Image size of job updated: 1763496
	1715  -  MemoryUsage of job (MB)
	1755264  -  ResidentSetSize of job (KB)
...
006 (7429725.000.000) 11/03 04:08:49 Image size of job updated: 1765904
	1715  -  MemoryUsage of job (MB)
	1755264  -  ResidentSetSize of job (KB)
...
006 (7429725.000.000) 11/03 04:13:50 Image size of job updated: 1768200
	1715  -  MemoryUsage of job (MB)
	1755264  -  ResidentSetSize of job (KB)
...
006 (7429725.000.000) 11/03 04:18:51 Image size of job updated: 1770680
	1715  -  MemoryUsage of job (MB)
	1755264  -  ResidentSetSize of job (KB)
...
006 (7429725.000.000) 11/03 04:23:51 Image size of job updated: 1773652
	1715  -  MemoryUsage of job (MB)
	1755264  -  ResidentSetSize of job (KB)
...
006 (7429725.000.000) 11/03 04:28:51 Image size of job updated: 1775560
	1715  -  MemoryUsage of job (MB)
	1755264  -  ResidentSetSize of job (KB)
...
006 (7429725.000.000) 11/03 04:33:52 Image size of job updated: 1777928
	1715  -  MemoryUsage of job (MB)
	1755264  -  ResidentSetSize of job (KB)
...
006 (7429725.000.000) 11/03 04:38:53 Image size of job updated: 1780408
	1715  -  MemoryUsage of job (MB)
	1755264  -  ResidentSetSize of job (KB)
...
006 (7429725.000.000) 11/03 04:43:53 Image size of job updated: 1782620
	1715  -  MemoryUsage of job (MB)
	1755264  -  ResidentSetSize of job (KB)
...
006 (7429725.000.000) 11/03 04:48:53 Image size of job updated: 1785188
	1715  -  MemoryUsage of job (MB)
	1755264  -  ResidentSetSize of job (KB)
...
006 (7429725.000.000) 11/03 04:53:54 Image size of job updated: 1787456
	1715  -  MemoryUsage of job (MB)
	1755264  -  ResidentSetSize of job (KB)
...
006 (7429725.000.000) 11/03 04:58:55 Image size of job updated: 1789688
	1715  -  MemoryUsage of job (MB)
	1755264  -  ResidentSetSize of job (KB)
...
006 (7429725.000.000) 11/03 05:03:55 Image size of job updated: 1792280
	1715  -  MemoryUsage of job (MB)
	1755264  -  ResidentSetSize of job (KB)
...
006 (7429725.000.000) 11/03 05:08:55 Image size of job updated: 1794508
	1715  -  MemoryUsage of job (MB)
	1755264  -  ResidentSetSize of job (KB)
...
006 (7429725.000.000) 11/03 05:13:56 Image size of job updated: 1796896
	1715  -  MemoryUsage of job (MB)
	1755264  -  ResidentSetSize of job (KB)
...
006 (7429725.000.000) 11/03 05:18:56 Image size of job updated: 1799264
	1715  -  MemoryUsage of job (MB)
	1755264  -  ResidentSetSize of job (KB)
...
006 (7429725.000.000) 11/03 05:23:56 Image size of job updated: 1801632
	1715  -  MemoryUsage of job (MB)
	1755264  -  ResidentSetSize of job (KB)
...
006 (7429725.000.000) 11/03 05:28:57 Image size of job updated: 1804012
	1715  -  MemoryUsage of job (MB)
	1755264  -  ResidentSetSize of job (KB)
...
006 (7429725.000.000) 11/03 05:33:58 Image size of job updated: 1806236
	1715  -  MemoryUsage of job (MB)
	1755264  -  ResidentSetSize of job (KB)
...
006 (7429725.000.000) 11/03 05:38:58 Image size of job updated: 1808432
	1715  -  MemoryUsage of job (MB)
	1755264  -  ResidentSetSize of job (KB)
...
006 (7429725.000.000) 11/03 05:43:58 Image size of job updated: 1810740
	1715  -  MemoryUsage of job (MB)
	1755264  -  ResidentSetSize of job (KB)
...
006 (7429725.000.000) 11/03 05:48:59 Image size of job updated: 1813260
	1715  -  MemoryUsage of job (MB)
	1755264  -  ResidentSetSize of job (KB)
...
006 (7429725.000.000) 11/03 05:54:00 Image size of job updated: 1815828
	1715  -  MemoryUsage of job (MB)
	1755264  -  ResidentSetSize of job (KB)
...
006 (7429725.000.000) 11/03 05:59:00 Image size of job updated: 1818004
	1715  -  MemoryUsage of job (MB)
	1755264  -  ResidentSetSize of job (KB)
...
006 (7429725.000.000) 11/03 06:04:01 Image size of job updated: 1820208
	1754  -  MemoryUsage of job (MB)
	1795920  -  ResidentSetSize of job (KB)
...
006 (7429725.000.000) 11/03 06:09:02 Image size of job updated: 1822480
	1754  -  MemoryUsage of job (MB)
	1795920  -  ResidentSetSize of job (KB)
...
006 (7429725.000.000) 11/03 06:14:02 Image size of job updated: 1824668
	1754  -  MemoryUsage of job (MB)
	1795920  -  ResidentSetSize of job (KB)
...
006 (7429725.000.000) 11/03 06:19:02 Image size of job updated: 1826728
	1754  -  MemoryUsage of job (MB)
	1795920  -  ResidentSetSize of job (KB)
...
006 (7429725.000.000) 11/03 06:24:03 Image size of job updated: 1828924
	1754  -  MemoryUsage of job (MB)
	1795920  -  ResidentSetSize of job (KB)
...
006 (7429725.000.000) 11/03 06:29:03 Image size of job updated: 1831128
	1754  -  MemoryUsage of job (MB)
	1795920  -  ResidentSetSize of job (KB)
...
006 (7429725.000.000) 11/03 06:34:03 Image size of job updated: 1833140
	1789  -  MemoryUsage of job (MB)
	1831248  -  ResidentSetSize of job (KB)
...
006 (7429725.000.000) 11/03 06:39:04 Image size of job updated: 1835440
	1789  -  MemoryUsage of job (MB)
	1831248  -  ResidentSetSize of job (KB)
...
006 (7429725.000.000) 11/03 06:44:05 Image size of job updated: 1837424
	1789  -  MemoryUsage of job (MB)
	1831248  -  ResidentSetSize of job (KB)
...
006 (7429725.000.000) 11/03 06:49:05 Image size of job updated: 1839452
	1796  -  MemoryUsage of job (MB)
	1838324  -  ResidentSetSize of job (KB)
...
006 (7429725.000.000) 11/03 06:54:06 Image size of job updated: 1841388
	1796  -  MemoryUsage of job (MB)
	1838324  -  ResidentSetSize of job (KB)
...
006 (7429725.000.000) 11/03 06:59:07 Image size of job updated: 1843384
	1796  -  MemoryUsage of job (MB)
	1838324  -  ResidentSetSize of job (KB)
...
006 (7429725.000.000) 11/03 07:04:07 Image size of job updated: 1845480
	1796  -  MemoryUsage of job (MB)
	1838324  -  ResidentSetSize of job (KB)
...
006 (7429725.000.000) 11/03 07:09:07 Image size of job updated: 1847592
	1796  -  MemoryUsage of job (MB)
	1838324  -  ResidentSetSize of job (KB)
...
006 (7429725.000.000) 11/03 07:14:08 Image size of job updated: 1848800
	1804  -  MemoryUsage of job (MB)
	1847296  -  ResidentSetSize of job (KB)
...
006 (7429725.000.000) 11/03 07:19:09 Image size of job updated: 1849928
	1804  -  MemoryUsage of job (MB)
	1847296  -  ResidentSetSize of job (KB)
...
006 (7429725.000.000) 11/03 07:24:09 Image size of job updated: 1870968
	1804  -  MemoryUsage of job (MB)
	1847296  -  ResidentSetSize of job (KB)
...
006 (7429725.000.000) 11/03 08:09:13 Image size of job updated: 1872672
	1804  -  MemoryUsage of job (MB)
	1847296  -  ResidentSetSize of job (KB)
...
006 (7429725.000.000) 11/03 08:14:13 Image size of job updated: 1874976
	1804  -  MemoryUsage of job (MB)
	1847296  -  ResidentSetSize of job (KB)
...
006 (7429725.000.000) 11/03 08:19:13 Image size of job updated: 1877200
	1804  -  MemoryUsage of job (MB)
	1847296  -  ResidentSetSize of job (KB)
...
006 (7429725.000.000) 11/03 08:24:14 Image size of job updated: 1879176
	1804  -  MemoryUsage of job (MB)
	1847296  -  ResidentSetSize of job (KB)
...
006 (7429725.000.000) 11/03 08:29:15 Image size of job updated: 1880612
	1804  -  MemoryUsage of job (MB)
	1847296  -  ResidentSetSize of job (KB)
...
006 (7429725.000.000) 11/03 08:34:15 Image size of job updated: 1881832
	1804  -  MemoryUsage of job (MB)
	1847296  -  ResidentSetSize of job (KB)
...
006 (7429725.000.000) 11/03 08:39:16 Image size of job updated: 1885256
	1817  -  MemoryUsage of job (MB)
	1859640  -  ResidentSetSize of job (KB)
...
006 (7429725.000.000) 11/03 08:44:17 Image size of job updated: 1887144
	1817  -  MemoryUsage of job (MB)
	1859640  -  ResidentSetSize of job (KB)
...
006 (7429725.000.000) 11/03 08:49:17 Image size of job updated: 1887768
	1817  -  MemoryUsage of job (MB)
	1859640  -  ResidentSetSize of job (KB)
...
006 (7429725.000.000) 11/03 08:54:18 Image size of job updated: 1891020
	1817  -  MemoryUsage of job (MB)
	1859640  -  ResidentSetSize of job (KB)
...
006 (7429725.000.000) 11/03 08:59:19 Image size of job updated: 1892936
	1817  -  MemoryUsage of job (MB)
	1859640  -  ResidentSetSize of job (KB)
...
006 (7429725.000.000) 11/03 09:04:19 Image size of job updated: 1894852
	1817  -  MemoryUsage of job (MB)
	1859640  -  ResidentSetSize of job (KB)
...
006 (7429725.000.000) 11/03 09:09:19 Image size of job updated: 1896916
	1817  -  MemoryUsage of job (MB)
	1859640  -  ResidentSetSize of job (KB)
...
006 (7429725.000.000) 11/03 09:14:20 Image size of job updated: 1899100
	1819  -  MemoryUsage of job (MB)
	1861892  -  ResidentSetSize of job (KB)
...
006 (7429725.000.000) 11/03 09:19:20 Image size of job updated: 1901052
	1835  -  MemoryUsage of job (MB)
	1878276  -  ResidentSetSize of job (KB)
...
006 (7429725.000.000) 11/03 09:24:20 Image size of job updated: 1903036
	1835  -  MemoryUsage of job (MB)
	1878276  -  ResidentSetSize of job (KB)
...
006 (7429725.000.000) 11/03 09:29:21 Image size of job updated: 1905300
	1835  -  MemoryUsage of job (MB)
	1878276  -  ResidentSetSize of job (KB)
...
006 (7429725.000.000) 11/03 09:34:22 Image size of job updated: 1907276
	1835  -  MemoryUsage of job (MB)
	1878276  -  ResidentSetSize of job (KB)
...
006 (7429725.000.000) 11/03 09:39:22 Image size of job updated: 1909580
	1835  -  MemoryUsage of job (MB)
	1878276  -  ResidentSetSize of job (KB)
...
006 (7429725.000.000) 11/03 09:44:22 Image size of job updated: 1911548
	1835  -  MemoryUsage of job (MB)
	1878276  -  ResidentSetSize of job (KB)
...
006 (7429725.000.000) 11/03 09:49:23 Image size of job updated: 1912588
	1835  -  MemoryUsage of job (MB)
	1878276  -  ResidentSetSize of job (KB)
...
006 (7429725.000.000) 11/03 09:54:23 Image size of job updated: 1916016
	1835  -  MemoryUsage of job (MB)
	1878276  -  ResidentSetSize of job (KB)
...
006 (7429725.000.000) 11/03 09:59:23 Image size of job updated: 1918244
	1835  -  MemoryUsage of job (MB)
	1878276  -  ResidentSetSize of job (KB)
...
006 (7429725.000.000) 11/03 10:04:24 Image size of job updated: 1920464
	1835  -  MemoryUsage of job (MB)
	1878276  -  ResidentSetSize of job (KB)
...
006 (7429725.000.000) 11/03 10:09:25 Image size of job updated: 1922672
	1835  -  MemoryUsage of job (MB)
	1878276  -  ResidentSetSize of job (KB)
...
006 (7429725.000.000) 11/03 10:14:25 Image size of job updated: 1924852
	1835  -  MemoryUsage of job (MB)
	1878276  -  ResidentSetSize of job (KB)
...
006 (7429725.000.000) 11/03 10:19:25 Image size of job updated: 1927112
	1835  -  MemoryUsage of job (MB)
	1878276  -  ResidentSetSize of job (KB)
...
006 (7429725.000.000) 11/03 10:24:26 Image size of job updated: 1929272
	1835  -  MemoryUsage of job (MB)
	1878276  -  ResidentSetSize of job (KB)
...
006 (7429725.000.000) 11/03 10:29:27 Image size of job updated: 1931588
	1835  -  MemoryUsage of job (MB)
	1878276  -  ResidentSetSize of job (KB)
...
006 (7429725.000.000) 11/03 10:34:27 Image size of job updated: 1933624
	1846  -  MemoryUsage of job (MB)
	1890072  -  ResidentSetSize of job (KB)
...
006 (7429725.000.000) 11/03 10:39:28 Image size of job updated: 1935740
	1846  -  MemoryUsage of job (MB)
	1890072  -  ResidentSetSize of job (KB)
...
006 (7429725.000.000) 11/03 10:44:29 Image size of job updated: 1937864
	1846  -  MemoryUsage of job (MB)
	1890072  -  ResidentSetSize of job (KB)
...
006 (7429725.000.000) 11/03 10:49:29 Image size of job updated: 1939812
	1854  -  MemoryUsage of job (MB)
	1898328  -  ResidentSetSize of job (KB)
...
006 (7429725.000.000) 11/03 10:54:29 Image size of job updated: 1941752
	1868  -  MemoryUsage of job (MB)
	1912664  -  ResidentSetSize of job (KB)
...
006 (7429725.000.000) 11/03 10:59:30 Image size of job updated: 1943864
	1868  -  MemoryUsage of job (MB)
	1912664  -  ResidentSetSize of job (KB)
...
006 (7429725.000.000) 11/03 11:04:31 Image size of job updated: 1945972
	1868  -  MemoryUsage of job (MB)
	1912664  -  ResidentSetSize of job (KB)
...
006 (7429725.000.000) 11/03 11:09:31 Image size of job updated: 1947780
	1868  -  MemoryUsage of job (MB)
	1912664  -  ResidentSetSize of job (KB)
...
006 (7429725.000.000) 11/03 11:14:32 Image size of job updated: 1949832
	1868  -  MemoryUsage of job (MB)
	1912664  -  ResidentSetSize of job (KB)
...
006 (7429725.000.000) 11/03 11:19:33 Image size of job updated: 1951656
	1898  -  MemoryUsage of job (MB)
	1942696  -  ResidentSetSize of job (KB)
...
006 (7429725.000.000) 11/03 11:24:33 Image size of job updated: 1953736
	1898  -  MemoryUsage of job (MB)
	1942696  -  ResidentSetSize of job (KB)
...
006 (7429725.000.000) 11/03 11:29:33 Image size of job updated: 1955608
	1898  -  MemoryUsage of job (MB)
	1942696  -  ResidentSetSize of job (KB)
...
006 (7429725.000.000) 11/03 11:34:34 Image size of job updated: 1957600
	1909  -  MemoryUsage of job (MB)
	1954088  -  ResidentSetSize of job (KB)
...
006 (7429725.000.000) 11/03 11:39:35 Image size of job updated: 1959596
	1909  -  MemoryUsage of job (MB)
	1954088  -  ResidentSetSize of job (KB)
...
006 (7429725.000.000) 11/03 11:44:35 Image size of job updated: 1961332
	1909  -  MemoryUsage of job (MB)
	1954088  -  ResidentSetSize of job (KB)
...
006 (7429725.000.000) 11/03 11:49:36 Image size of job updated: 1963264
	1909  -  MemoryUsage of job (MB)
	1954088  -  ResidentSetSize of job (KB)
...
006 (7429725.000.000) 11/03 11:54:37 Image size of job updated: 1965328
	1909  -  MemoryUsage of job (MB)
	1954088  -  ResidentSetSize of job (KB)
...
006 (7429725.000.000) 11/03 11:59:37 Image size of job updated: 2006340
	1909  -  MemoryUsage of job (MB)
	1954088  -  ResidentSetSize of job (KB)
...
006 (7429725.000.000) 11/03 12:04:37 Image size of job updated: 2006340
	1924  -  MemoryUsage of job (MB)
	1969284  -  ResidentSetSize of job (KB)
...
006 (7429725.000.000) 11/03 12:14:39 Image size of job updated: 2012600
	1927  -  MemoryUsage of job (MB)
	1972464  -  ResidentSetSize of job (KB)
...
006 (7429725.000.000) 11/03 12:54:43 Image size of job updated: 2012600
	1935  -  MemoryUsage of job (MB)
	1980900  -  ResidentSetSize of job (KB)
...
006 (7429725.000.000) 11/03 13:14:46 Image size of job updated: 2016040
	1935  -  MemoryUsage of job (MB)
	1980900  -  ResidentSetSize of job (KB)
...
006 (7429725.000.000) 11/03 14:04:50 Image size of job updated: 2016860
	1935  -  MemoryUsage of job (MB)
	1980900  -  ResidentSetSize of job (KB)
...
006 (7429725.000.000) 11/03 14:09:51 Image size of job updated: 2018880
	1935  -  MemoryUsage of job (MB)
	1980900  -  ResidentSetSize of job (KB)
...
006 (7429725.000.000) 11/03 14:14:51 Image size of job updated: 2020716
	1935  -  MemoryUsage of job (MB)
	1980900  -  ResidentSetSize of job (KB)
...
006 (7429725.000.000) 11/03 14:19:51 Image size of job updated: 2022644
	1935  -  MemoryUsage of job (MB)
	1980900  -  ResidentSetSize of job (KB)
...
006 (7429725.000.000) 11/03 14:24:52 Image size of job updated: 2024540
	1935  -  MemoryUsage of job (MB)
	1980900  -  ResidentSetSize of job (KB)
...
006 (7429725.000.000) 11/03 14:29:53 Image size of job updated: 2026540
	1935  -  MemoryUsage of job (MB)
	1980900  -  ResidentSetSize of job (KB)
...
006 (7429725.000.000) 11/03 14:34:53 Image size of job updated: 2028464
	1935  -  MemoryUsage of job (MB)
	1980900  -  ResidentSetSize of job (KB)
...
006 (7429725.000.000) 11/03 14:39:53 Image size of job updated: 2030452
	1935  -  MemoryUsage of job (MB)
	1980900  -  ResidentSetSize of job (KB)
...
006 (7429725.000.000) 11/03 14:44:55 Image size of job updated: 2032336
	1935  -  MemoryUsage of job (MB)
	1980900  -  ResidentSetSize of job (KB)
...
006 (7429725.000.000) 11/03 14:49:55 Image size of job updated: 2034412
	1935  -  MemoryUsage of job (MB)
	1980900  -  ResidentSetSize of job (KB)
...
006 (7429725.000.000) 11/03 14:54:55 Image size of job updated: 2036284
	1935  -  MemoryUsage of job (MB)
	1980900  -  ResidentSetSize of job (KB)
...
006 (7429725.000.000) 11/03 14:59:56 Image size of job updated: 2038040
	1935  -  MemoryUsage of job (MB)
	1980900  -  ResidentSetSize of job (KB)
...
006 (7429725.000.000) 11/03 15:04:57 Image size of job updated: 2058552
	1935  -  MemoryUsage of job (MB)
	1980900  -  ResidentSetSize of job (KB)
...
006 (7429725.000.000) 11/03 15:50:01 Image size of job updated: 2058552
	2008  -  MemoryUsage of job (MB)
	2055924  -  ResidentSetSize of job (KB)
...
006 (7429725.000.000) 11/03 16:00:02 Image size of job updated: 2059824
	2008  -  MemoryUsage of job (MB)
	2055924  -  ResidentSetSize of job (KB)
...
006 (7429725.000.000) 11/03 16:05:02 Image size of job updated: 2061636
	2008  -  MemoryUsage of job (MB)
	2055924  -  ResidentSetSize of job (KB)
...
006 (7429725.000.000) 11/03 16:10:03 Image size of job updated: 2063260
	2008  -  MemoryUsage of job (MB)
	2055924  -  ResidentSetSize of job (KB)
...
006 (7429725.000.000) 11/03 16:15:03 Image size of job updated: 2065076
	2008  -  MemoryUsage of job (MB)
	2055924  -  ResidentSetSize of job (KB)
...
006 (7429725.000.000) 11/03 16:20:03 Image size of job updated: 2066860
	2008  -  MemoryUsage of job (MB)
	2055924  -  ResidentSetSize of job (KB)
...
006 (7429725.000.000) 11/03 16:25:04 Image size of job updated: 2068540
	2008  -  MemoryUsage of job (MB)
	2055924  -  ResidentSetSize of job (KB)
...
006 (7429725.000.000) 11/03 16:30:04 Image size of job updated: 2070220
	2008  -  MemoryUsage of job (MB)
	2055924  -  ResidentSetSize of job (KB)
...
006 (7429725.000.000) 11/03 16:35:05 Image size of job updated: 2072172
	2008  -  MemoryUsage of job (MB)
	2055924  -  ResidentSetSize of job (KB)
...
006 (7429725.000.000) 11/03 16:40:06 Image size of job updated: 2073640
	2008  -  MemoryUsage of job (MB)
	2055924  -  ResidentSetSize of job (KB)
...
006 (7429725.000.000) 11/03 16:45:06 Image size of job updated: 2075240
	2008  -  MemoryUsage of job (MB)
	2055924  -  ResidentSetSize of job (KB)
...
006 (7429725.000.000) 11/03 16:50:06 Image size of job updated: 2077236
	2008  -  MemoryUsage of job (MB)
	2055924  -  ResidentSetSize of job (KB)
...
006 (7429725.000.000) 11/03 16:55:07 Image size of job updated: 2078772
	2008  -  MemoryUsage of job (MB)
	2055924  -  ResidentSetSize of job (KB)
...
006 (7429725.000.000) 11/03 17:00:07 Image size of job updated: 2080540
	2008  -  MemoryUsage of job (MB)
	2055924  -  ResidentSetSize of job (KB)
...
006 (7429725.000.000) 11/03 17:05:07 Image size of job updated: 2082284
	2017  -  MemoryUsage of job (MB)
	2065232  -  ResidentSetSize of job (KB)
...
006 (7429725.000.000) 11/03 17:10:08 Image size of job updated: 2084180
	2017  -  MemoryUsage of job (MB)
	2065232  -  ResidentSetSize of job (KB)
...
006 (7429725.000.000) 11/03 17:15:09 Image size of job updated: 2085780
	2017  -  MemoryUsage of job (MB)
	2065232  -  ResidentSetSize of job (KB)
...
006 (7429725.000.000) 11/03 17:20:09 Image size of job updated: 2087596
	2017  -  MemoryUsage of job (MB)
	2065232  -  ResidentSetSize of job (KB)
...
006 (7429725.000.000) 11/03 17:25:10 Image size of job updated: 2089324
	2017  -  MemoryUsage of job (MB)
	2065232  -  ResidentSetSize of job (KB)
...
006 (7429725.000.000) 11/03 17:30:11 Image size of job updated: 2091124
	2028  -  MemoryUsage of job (MB)
	2076476  -  ResidentSetSize of job (KB)
...
006 (7429725.000.000) 11/03 17:35:11 Image size of job updated: 2092736
	2028  -  MemoryUsage of job (MB)
	2076476  -  ResidentSetSize of job (KB)
...
006 (7429725.000.000) 11/03 17:40:11 Image size of job updated: 2094556
	2028  -  MemoryUsage of job (MB)
	2076476  -  ResidentSetSize of job (KB)
...
006 (7429725.000.000) 11/03 17:45:12 Image size of job updated: 2096288
	2028  -  MemoryUsage of job (MB)
	2076476  -  ResidentSetSize of job (KB)
...
006 (7429725.000.000) 11/03 17:50:12 Image size of job updated: 2096688
	2028  -  MemoryUsage of job (MB)
	2076476  -  ResidentSetSize of job (KB)
...
006 (7429725.000.000) 11/03 17:55:12 Image size of job updated: 2098348
	2028  -  MemoryUsage of job (MB)
	2076476  -  ResidentSetSize of job (KB)
...
006 (7429725.000.000) 11/03 18:00:13 Image size of job updated: 2101404
	2028  -  MemoryUsage of job (MB)
	2076476  -  ResidentSetSize of job (KB)
...
006 (7429725.000.000) 11/03 18:05:14 Image size of job updated: 2103184
	2028  -  MemoryUsage of job (MB)
	2076476  -  ResidentSetSize of job (KB)
...
006 (7429725.000.000) 11/03 18:10:14 Image size of job updated: 2104656
	2028  -  MemoryUsage of job (MB)
	2076476  -  ResidentSetSize of job (KB)
...
006 (7429725.000.000) 11/03 18:15:15 Image size of job updated: 2106464
	2028  -  MemoryUsage of job (MB)
	2076476  -  ResidentSetSize of job (KB)
...
006 (7429725.000.000) 11/03 18:20:16 Image size of job updated: 2107924
	2028  -  MemoryUsage of job (MB)
	2076476  -  ResidentSetSize of job (KB)
...
006 (7429725.000.000) 11/03 18:25:16 Image size of job updated: 2109724
	2028  -  MemoryUsage of job (MB)
	2076476  -  ResidentSetSize of job (KB)
...
006 (7429725.000.000) 11/03 18:30:16 Image size of job updated: 2111412
	2028  -  MemoryUsage of job (MB)
	2076476  -  ResidentSetSize of job (KB)
...
006 (7429725.000.000) 11/03 18:35:17 Image size of job updated: 2113072
	2028  -  MemoryUsage of job (MB)
	2076476  -  ResidentSetSize of job (KB)
...
006 (7429725.000.000) 11/03 18:40:17 Image size of job updated: 2114888
	2028  -  MemoryUsage of job (MB)
	2076476  -  ResidentSetSize of job (KB)
...
006 (7429725.000.000) 11/03 18:45:17 Image size of job updated: 2116564
	2028  -  MemoryUsage of job (MB)
	2076476  -  ResidentSetSize of job (KB)
...
006 (7429725.000.000) 11/03 18:50:19 Image size of job updated: 2117004
	2028  -  MemoryUsage of job (MB)
	2076476  -  ResidentSetSize of job (KB)
...
006 (7429725.000.000) 11/03 18:55:19 Image size of job updated: 2120016
	2028  -  MemoryUsage of job (MB)
	2076476  -  ResidentSetSize of job (KB)
...
006 (7429725.000.000) 11/03 19:00:19 Image size of job updated: 2121972
	2028  -  MemoryUsage of job (MB)
	2076476  -  ResidentSetSize of job (KB)
...
006 (7429725.000.000) 11/03 19:05:20 Image size of job updated: 2122484
	2028  -  MemoryUsage of job (MB)
	2076476  -  ResidentSetSize of job (KB)
...
006 (7429725.000.000) 11/03 19:10:21 Image size of job updated: 2125660
	2028  -  MemoryUsage of job (MB)
	2076476  -  ResidentSetSize of job (KB)
...
006 (7429725.000.000) 11/03 19:15:21 Image size of job updated: 2127476
	2028  -  MemoryUsage of job (MB)
	2076476  -  ResidentSetSize of job (KB)
...
006 (7429725.000.000) 11/03 19:20:21 Image size of job updated: 2129240
	2028  -  MemoryUsage of job (MB)
	2076476  -  ResidentSetSize of job (KB)
...
006 (7429725.000.000) 11/03 19:25:22 Image size of job updated: 2131096
	2028  -  MemoryUsage of job (MB)
	2076476  -  ResidentSetSize of job (KB)
...
006 (7429725.000.000) 11/03 19:30:22 Image size of job updated: 2132868
	2028  -  MemoryUsage of job (MB)
	2076476  -  ResidentSetSize of job (KB)
...
006 (7429725.000.000) 11/03 19:35:22 Image size of job updated: 2134648
	2028  -  MemoryUsage of job (MB)
	2076476  -  ResidentSetSize of job (KB)
...
006 (7429725.000.000) 11/03 19:40:23 Image size of job updated: 2136392
	2028  -  MemoryUsage of job (MB)
	2076476  -  ResidentSetSize of job (KB)
...
006 (7429725.000.000) 11/03 19:45:24 Image size of job updated: 2138316
	2028  -  MemoryUsage of job (MB)
	2076476  -  ResidentSetSize of job (KB)
...
006 (7429725.000.000) 11/03 19:50:24 Image size of job updated: 2140620
	2028  -  MemoryUsage of job (MB)
	2076476  -  ResidentSetSize of job (KB)
...
006 (7429725.000.000) 11/03 19:55:24 Image size of job updated: 2142452
	2028  -  MemoryUsage of job (MB)
	2076476  -  ResidentSetSize of job (KB)
...
006 (7429725.000.000) 11/03 20:00:25 Image size of job updated: 2144340
	2028  -  MemoryUsage of job (MB)
	2076476  -  ResidentSetSize of job (KB)
...
006 (7429725.000.000) 11/03 20:05:25 Image size of job updated: 2146228
	2028  -  MemoryUsage of job (MB)
	2076476  -  ResidentSetSize of job (KB)
...
006 (7429725.000.000) 11/03 20:10:25 Image size of job updated: 2147992
	2028  -  MemoryUsage of job (MB)
	2076476  -  ResidentSetSize of job (KB)
...
006 (7429725.000.000) 11/03 20:15:26 Image size of job updated: 2149752
	2028  -  MemoryUsage of job (MB)
	2076476  -  ResidentSetSize of job (KB)
...
006 (7429725.000.000) 11/03 20:20:27 Image size of job updated: 2151804
	2028  -  MemoryUsage of job (MB)
	2076476  -  ResidentSetSize of job (KB)
...
006 (7429725.000.000) 11/03 20:25:27 Image size of job updated: 2153524
	2028  -  MemoryUsage of job (MB)
	2076476  -  ResidentSetSize of job (KB)
...
006 (7429725.000.000) 11/03 20:30:28 Image size of job updated: 2155344
	2028  -  MemoryUsage of job (MB)
	2076476  -  ResidentSetSize of job (KB)
...
006 (7429725.000.000) 11/03 20:35:29 Image size of job updated: 2157172
	2028  -  MemoryUsage of job (MB)
	2076476  -  ResidentSetSize of job (KB)
...
006 (7429725.000.000) 11/03 20:40:29 Image size of job updated: 2158992
	2028  -  MemoryUsage of job (MB)
	2076476  -  ResidentSetSize of job (KB)
...
006 (7429725.000.000) 11/03 20:45:29 Image size of job updated: 2160772
	2028  -  MemoryUsage of job (MB)
	2076476  -  ResidentSetSize of job (KB)
...
006 (7429725.000.000) 11/03 20:50:31 Image size of job updated: 2162740
	2028  -  MemoryUsage of job (MB)
	2076476  -  ResidentSetSize of job (KB)
...
006 (7429725.000.000) 11/03 20:55:31 Image size of job updated: 2164616
	2028  -  MemoryUsage of job (MB)
	2076476  -  ResidentSetSize of job (KB)
...
006 (7429725.000.000) 11/03 21:00:31 Image size of job updated: 2166468
	2028  -  MemoryUsage of job (MB)
	2076476  -  ResidentSetSize of job (KB)
...
006 (7429725.000.000) 11/03 21:05:32 Image size of job updated: 2168476
	2028  -  MemoryUsage of job (MB)
	2076476  -  ResidentSetSize of job (KB)
...
006 (7429725.000.000) 11/03 21:10:33 Image size of job updated: 2170288
	2028  -  MemoryUsage of job (MB)
	2076476  -  ResidentSetSize of job (KB)
...
006 (7429725.000.000) 11/03 21:15:33 Image size of job updated: 2172152
	2051  -  MemoryUsage of job (MB)
	2100092  -  ResidentSetSize of job (KB)
...
006 (7429725.000.000) 11/03 21:20:33 Image size of job updated: 2174340
	2061  -  MemoryUsage of job (MB)
	2110332  -  ResidentSetSize of job (KB)
...
006 (7429725.000.000) 11/03 21:25:34 Image size of job updated: 2176252
	2079  -  MemoryUsage of job (MB)
	2128708  -  ResidentSetSize of job (KB)
...
006 (7429725.000.000) 11/03 21:30:35 Image size of job updated: 2178048
	2102  -  MemoryUsage of job (MB)
	2152012  -  ResidentSetSize of job (KB)
...
006 (7429725.000.000) 11/03 21:35:35 Image size of job updated: 2180032
	2120  -  MemoryUsage of job (MB)
	2170700  -  ResidentSetSize of job (KB)
...
006 (7429725.000.000) 11/03 21:40:35 Image size of job updated: 2182196
	2120  -  MemoryUsage of job (MB)
	2170700  -  ResidentSetSize of job (KB)
...
006 (7429725.000.000) 11/03 21:45:36 Image size of job updated: 2184304
	2120  -  MemoryUsage of job (MB)
	2170700  -  ResidentSetSize of job (KB)
...
006 (7429725.000.000) 11/03 21:50:36 Image size of job updated: 2185928
	2120  -  MemoryUsage of job (MB)
	2170700  -  ResidentSetSize of job (KB)
...
006 (7429725.000.000) 11/03 21:55:36 Image size of job updated: 2187992
	2120  -  MemoryUsage of job (MB)
	2170700  -  ResidentSetSize of job (KB)
...
006 (7429725.000.000) 11/03 22:00:37 Image size of job updated: 2189820
	2120  -  MemoryUsage of job (MB)
	2170700  -  ResidentSetSize of job (KB)
...
006 (7429725.000.000) 11/03 22:05:38 Image size of job updated: 2191648
	2120  -  MemoryUsage of job (MB)
	2170700  -  ResidentSetSize of job (KB)
...
006 (7429725.000.000) 11/03 22:10:38 Image size of job updated: 2193632
	2120  -  MemoryUsage of job (MB)
	2170700  -  ResidentSetSize of job (KB)
...
006 (7429725.000.000) 11/03 22:15:38 Image size of job updated: 2195564
	2120  -  MemoryUsage of job (MB)
	2170700  -  ResidentSetSize of job (KB)
...
006 (7429725.000.000) 11/03 22:20:39 Image size of job updated: 2197340
	2120  -  MemoryUsage of job (MB)
	2170700  -  ResidentSetSize of job (KB)
...
006 (7429725.000.000) 11/03 22:25:40 Image size of job updated: 2199104
	2120  -  MemoryUsage of job (MB)
	2170700  -  ResidentSetSize of job (KB)
...
006 (7429725.000.000) 11/03 22:30:40 Image size of job updated: 2201008
	2120  -  MemoryUsage of job (MB)
	2170700  -  ResidentSetSize of job (KB)
...
006 (7429725.000.000) 11/03 22:35:41 Image size of job updated: 2202928
	2120  -  MemoryUsage of job (MB)
	2170700  -  ResidentSetSize of job (KB)
...
006 (7429725.000.000) 11/03 22:40:42 Image size of job updated: 2204576
	2131  -  MemoryUsage of job (MB)
	2182136  -  ResidentSetSize of job (KB)
...
006 (7429725.000.000) 11/03 22:45:42 Image size of job updated: 2206480
	2131  -  MemoryUsage of job (MB)
	2182136  -  ResidentSetSize of job (KB)
...
006 (7429725.000.000) 11/03 22:50:42 Image size of job updated: 2206916
	2131  -  MemoryUsage of job (MB)
	2182136  -  ResidentSetSize of job (KB)
...
006 (7429725.000.000) 11/03 22:55:43 Image size of job updated: 2230148
	2131  -  MemoryUsage of job (MB)
	2182136  -  ResidentSetSize of job (KB)
...
006 (7429725.000.000) 11/03 23:05:44 Image size of job updated: 2236660
	2131  -  MemoryUsage of job (MB)
	2182136  -  ResidentSetSize of job (KB)
...
006 (7429725.000.000) 11/03 23:10:45 Image size of job updated: 2238464
	2138  -  MemoryUsage of job (MB)
	2188724  -  ResidentSetSize of job (KB)
...
006 (7429725.000.000) 11/03 23:15:46 Image size of job updated: 2240580
	2150  -  MemoryUsage of job (MB)
	2201012  -  ResidentSetSize of job (KB)
...
006 (7429725.000.000) 11/03 23:20:46 Image size of job updated: 2242932
	2150  -  MemoryUsage of job (MB)
	2201012  -  ResidentSetSize of job (KB)
...
006 (7429725.000.000) 11/03 23:25:46 Image size of job updated: 2244128
	2150  -  MemoryUsage of job (MB)
	2201012  -  ResidentSetSize of job (KB)
...
006 (7429725.000.000) 11/03 23:30:47 Image size of job updated: 2245996
	2150  -  MemoryUsage of job (MB)
	2201012  -  ResidentSetSize of job (KB)
...
006 (7429725.000.000) 11/03 23:35:48 Image size of job updated: 2247816
	2150  -  MemoryUsage of job (MB)
	2201012  -  ResidentSetSize of job (KB)
...
006 (7429725.000.000) 11/03 23:40:48 Image size of job updated: 2249532
	2150  -  MemoryUsage of job (MB)
	2201012  -  ResidentSetSize of job (KB)
...
006 (7429725.000.000) 11/03 23:45:49 Image size of job updated: 2251072
	2150  -  MemoryUsage of job (MB)
	2201012  -  ResidentSetSize of job (KB)
...
006 (7429725.000.000) 11/03 23:50:50 Image size of job updated: 2253112
	2150  -  MemoryUsage of job (MB)
	2201012  -  ResidentSetSize of job (KB)
...
006 (7429725.000.000) 11/03 23:55:50 Image size of job updated: 2254708
	2150  -  MemoryUsage of job (MB)
	2201012  -  ResidentSetSize of job (KB)
...
006 (7429725.000.000) 11/04 00:00:50 Image size of job updated: 2256232
	2150  -  MemoryUsage of job (MB)
	2201012  -  ResidentSetSize of job (KB)
...
006 (7429725.000.000) 11/04 00:05:51 Image size of job updated: 2257764
	2150  -  MemoryUsage of job (MB)
	2201012  -  ResidentSetSize of job (KB)
...
006 (7429725.000.000) 11/04 00:10:52 Image size of job updated: 2259560
	2150  -  MemoryUsage of job (MB)
	2201012  -  ResidentSetSize of job (KB)
...
006 (7429725.000.000) 11/04 00:15:52 Image size of job updated: 2261236
	2150  -  MemoryUsage of job (MB)
	2201012  -  ResidentSetSize of job (KB)
...
006 (7429725.000.000) 11/04 00:20:53 Image size of job updated: 2262688
	2150  -  MemoryUsage of job (MB)
	2201012  -  ResidentSetSize of job (KB)
...
006 (7429725.000.000) 11/04 00:25:53 Image size of job updated: 2264380
	2150  -  MemoryUsage of job (MB)
	2201012  -  ResidentSetSize of job (KB)
...
006 (7429725.000.000) 11/04 00:30:53 Image size of job updated: 2266076
	2150  -  MemoryUsage of job (MB)
	2201012  -  ResidentSetSize of job (KB)
...
006 (7429725.000.000) 11/04 00:35:54 Image size of job updated: 2267908
	2150  -  MemoryUsage of job (MB)
	2201012  -  ResidentSetSize of job (KB)
...
006 (7429725.000.000) 11/04 00:40:55 Image size of job updated: 2269372
	2150  -  MemoryUsage of job (MB)
	2201012  -  ResidentSetSize of job (KB)
...
006 (7429725.000.000) 11/04 00:45:55 Image size of job updated: 2271144
	2150  -  MemoryUsage of job (MB)
	2201012  -  ResidentSetSize of job (KB)
...
006 (7429725.000.000) 11/04 00:50:56 Image size of job updated: 2272284
	2150  -  MemoryUsage of job (MB)
	2201012  -  ResidentSetSize of job (KB)
...
006 (7429725.000.000) 11/04 00:55:57 Image size of job updated: 2272884
	2197  -  MemoryUsage of job (MB)
	2249700  -  ResidentSetSize of job (KB)
...
006 (7429725.000.000) 11/04 01:00:57 Image size of job updated: 2274764
	2209  -  MemoryUsage of job (MB)
	2261988  -  ResidentSetSize of job (KB)
...
006 (7429725.000.000) 11/04 01:05:57 Image size of job updated: 2277456
	2209  -  MemoryUsage of job (MB)
	2261988  -  ResidentSetSize of job (KB)
...
006 (7429725.000.000) 11/04 01:10:58 Image size of job updated: 2279044
	2209  -  MemoryUsage of job (MB)
	2261988  -  ResidentSetSize of job (KB)
...
006 (7429725.000.000) 11/04 01:15:59 Image size of job updated: 2280392
	2209  -  MemoryUsage of job (MB)
	2261988  -  ResidentSetSize of job (KB)
...
006 (7429725.000.000) 11/04 01:20:59 Image size of job updated: 2282296
	2209  -  MemoryUsage of job (MB)
	2261988  -  ResidentSetSize of job (KB)
...
006 (7429725.000.000) 11/04 01:25:59 Image size of job updated: 2284324
	2209  -  MemoryUsage of job (MB)
	2261988  -  ResidentSetSize of job (KB)
...
006 (7429725.000.000) 11/04 01:31:00 Image size of job updated: 2284884
	2209  -  MemoryUsage of job (MB)
	2261988  -  ResidentSetSize of job (KB)
...
006 (7429725.000.000) 11/04 01:36:00 Image size of job updated: 2286484
	2209  -  MemoryUsage of job (MB)
	2261988  -  ResidentSetSize of job (KB)
...
006 (7429725.000.000) 11/04 01:41:00 Image size of job updated: 2289880
	2209  -  MemoryUsage of job (MB)
	2261988  -  ResidentSetSize of job (KB)
...
006 (7429725.000.000) 11/04 01:56:02 Image size of job updated: 2290976
	2209  -  MemoryUsage of job (MB)
	2261988  -  ResidentSetSize of job (KB)
...
006 (7429725.000.000) 11/04 02:01:02 Image size of job updated: 2292100
	2209  -  MemoryUsage of job (MB)
	2261988  -  ResidentSetSize of job (KB)
...
006 (7429725.000.000) 11/04 02:06:03 Image size of job updated: 2294192
	2218  -  MemoryUsage of job (MB)
	2271148  -  ResidentSetSize of job (KB)
...
006 (7429725.000.000) 11/04 02:11:03 Image size of job updated: 2295372
	2218  -  MemoryUsage of job (MB)
	2271148  -  ResidentSetSize of job (KB)
...
006 (7429725.000.000) 11/04 02:16:03 Image size of job updated: 2297752
	2218  -  MemoryUsage of job (MB)
	2271148  -  ResidentSetSize of job (KB)
...
006 (7429725.000.000) 11/04 06:30:05 Image size of job updated: 3845904
	2218  -  MemoryUsage of job (MB)
	2271148  -  ResidentSetSize of job (KB)
...
040 (7429725.000.000) 11/04 06:30:06 Started transferring output files
...
040 (7429725.000.000) 11/04 06:30:57 Finished transferring output files
...
005 (7429725.000.000) 11/04 06:30:57 Job terminated.
	(1) Normal termination (return value 0)
		Usr 1 03:27:20, Sys 1 10:03:56  -  Run Remote Usage
		Usr 0 00:00:00, Sys 0 00:00:00  -  Run Local Usage
		Usr 1 03:27:20, Sys 1 10:03:56  -  Total Remote Usage
		Usr 0 00:00:00, Sys 0 00:00:00  -  Total Local Usage
	963581120  -  Run Bytes Sent By Job
	10921  -  Run Bytes Received By Job
	963581120  -  Total Bytes Sent By Job
	10921  -  Total Bytes Received By Job
	Partitionable Resources :     Usage  Request Allocated 
	   Cpus                 :      0.95        1         1 
	   Disk (KB)            : 941030          12   2934997 
	   Memory (MB)          :   2218        2000      2000 

	Job terminated of its own accord at 2024-11-04T05:30:05Z with exit-code 0.
...
