000 (7069961.000.000) 09/04 16:19:02 Job submitted from host: <137.138.55.115:9618?addrs=137.138.55.115-9618+[2001-1458-d00-17--12a]-9618&alias=bigbird23.cern.ch&noUDP&sock=schedd_23881_f548>
...
040 (7069961.000.000) 09/04 16:22:48 Started transferring input files
	Transferring to host: <128.142.248.241:9618?addrs=128.142.248.241-9618+[2001-1458-301-73--100-f0]-9618&alias=b9g23p2273.cern.ch&noUDP&sock=slot1_28_373058_dbfb_4652>
...
040 (7069961.000.000) 09/04 16:22:48 Finished transferring input files
...
001 (7069961.000.000) 09/04 16:22:49 Job executing on host: <128.142.248.241:9618?addrs=128.142.248.241-9618+[2001-1458-301-73--100-f0]-9618&alias=b9g23p2273.cern.ch&noUDP&sock=startd_6509_3609>
	SlotName: slot1_28@b9g23p2273.cern.ch
	CondorScratchDir = "/pool/condor/dir_343432"
	Cpus = 1
	Disk = 3107683
	Memory = 2000
...
006 (7069961.000.000) 09/04 16:22:58 Image size of job updated: 83360
	81  -  MemoryUsage of job (MB)
	82232  -  ResidentSetSize of job (KB)
...
006 (7069961.000.000) 09/04 16:23:11 Image size of job updated: 489988
	349  -  MemoryUsage of job (MB)
	357068  -  ResidentSetSize of job (KB)
...
040 (7069961.000.000) 09/04 16:23:11 Started transferring output files
...
040 (7069961.000.000) 09/04 16:23:11 Finished transferring output files
...
005 (7069961.000.000) 09/04 16:23:11 Job terminated.
	(1) Normal termination (return value 1)
		Usr 0 00:00:03, Sys 0 00:00:01  -  Run Remote Usage
		Usr 0 00:00:00, Sys 0 00:00:00  -  Run Local Usage
		Usr 0 00:00:03, Sys 0 00:00:01  -  Total Remote Usage
		Usr 0 00:00:00, Sys 0 00:00:00  -  Total Local Usage
	5664  -  Run Bytes Sent By Job
	10647  -  Run Bytes Received By Job
	5664  -  Total Bytes Sent By Job
	10647  -  Total Bytes Received By Job
	Partitionable Resources :    Usage  Request Allocated 
	   Cpus                 :                 1         1 
	   Disk (KB)            :       29       12   3107683 
	   Memory (MB)          :      349     2000      2000 

	Job terminated of its own accord at 2024-09-04T14:23:11Z with exit-code 1.
...
000 (7069962.000.000) 09/04 16:27:23 Job submitted from host: <137.138.55.115:9618?addrs=137.138.55.115-9618+[2001-1458-d00-17--12a]-9618&alias=bigbird23.cern.ch&noUDP&sock=schedd_23881_f548>
...
040 (7069962.000.000) 09/04 16:28:40 Started transferring input files
	Transferring to host: <188.185.207.226:9618?addrs=188.185.207.226-9618+[2001-1458-303-e--100-5f]-9618&alias=b9p08p5331.cern.ch&noUDP&sock=slot1_21_6252_d977_189794>
...
040 (7069962.000.000) 09/04 16:28:40 Finished transferring input files
...
001 (7069962.000.000) 09/04 16:28:41 Job executing on host: <188.185.207.226:9618?addrs=188.185.207.226-9618+[2001-1458-303-e--100-5f]-9618&alias=b9p08p5331.cern.ch&noUDP&sock=startd_5081_b8cb>
	SlotName: slot1_21@b9p08p5331.cern.ch
	CondorScratchDir = "/pool/condor/dir_524782"
	Cpus = 1
	Disk = 2752113
	Memory = 2000
...
006 (7069962.000.000) 09/04 16:28:49 Image size of job updated: 470752
	460  -  MemoryUsage of job (MB)
	470748  -  ResidentSetSize of job (KB)
...
006 (7069962.000.000) 09/04 16:28:50 Image size of job updated: 488172
	461  -  MemoryUsage of job (MB)
	471148  -  ResidentSetSize of job (KB)
...
040 (7069962.000.000) 09/04 16:28:50 Started transferring output files
...
040 (7069962.000.000) 09/04 16:28:50 Finished transferring output files
...
005 (7069962.000.000) 09/04 16:28:50 Job terminated.
	(1) Normal termination (return value 1)
		Usr 0 00:00:02, Sys 0 00:00:01  -  Run Remote Usage
		Usr 0 00:00:00, Sys 0 00:00:00  -  Run Local Usage
		Usr 0 00:00:02, Sys 0 00:00:01  -  Total Remote Usage
		Usr 0 00:00:00, Sys 0 00:00:00  -  Total Local Usage
	5927  -  Run Bytes Sent By Job
	10647  -  Run Bytes Received By Job
	5927  -  Total Bytes Sent By Job
	10647  -  Total Bytes Received By Job
	Partitionable Resources :    Usage  Request Allocated 
	   Cpus                 :        0        1         1 
	   Disk (KB)            :       41       12   2752113 
	   Memory (MB)          :      461     2000      2000 

	Job terminated of its own accord at 2024-09-04T14:28:50Z with exit-code 1.
...
000 (7069985.000.000) 09/04 17:14:23 Job submitted from host: <137.138.55.115:9618?addrs=137.138.55.115-9618+[2001-1458-d00-17--12a]-9618&alias=bigbird23.cern.ch&noUDP&sock=schedd_23881_f548>
...
040 (7069985.000.000) 09/04 17:25:40 Started transferring input files
	Transferring to host: <188.185.209.172:9618?addrs=188.185.209.172-9618+[2001-1458-303-12--100-29]-9618&alias=b9p12p4372.cern.ch&noUDP&sock=slot1_3_13528_731f_73103>
...
040 (7069985.000.000) 09/04 17:25:40 Finished transferring input files
...
001 (7069985.000.000) 09/04 17:25:41 Job executing on host: <188.185.209.172:9618?addrs=188.185.209.172-9618+[2001-1458-303-12--100-29]-9618&alias=b9p12p4372.cern.ch&noUDP&sock=startd_12492_0d2a>
	SlotName: slot1_3@b9p12p4372.cern.ch
	CondorScratchDir = "/pool/condor/dir_3569918"
	Cpus = 1
	Disk = 2565890
	Memory = 2000
...
006 (7069985.000.000) 09/04 17:25:50 Image size of job updated: 316084
	309  -  MemoryUsage of job (MB)
	315840  -  ResidentSetSize of job (KB)
...
006 (7069985.000.000) 09/04 17:30:51 Image size of job updated: 1196604
	1164  -  MemoryUsage of job (MB)
	1191608  -  ResidentSetSize of job (KB)
...
006 (7069985.000.000) 09/04 17:35:52 Image size of job updated: 1450640
	1408  -  MemoryUsage of job (MB)
	1441612  -  ResidentSetSize of job (KB)
...
006 (7069985.000.000) 09/04 17:40:52 Image size of job updated: 1712868
	1662  -  MemoryUsage of job (MB)
	1701756  -  ResidentSetSize of job (KB)
...
006 (7069985.000.000) 09/04 17:45:52 Image size of job updated: 2011248
	1954  -  MemoryUsage of job (MB)
	2000556  -  ResidentSetSize of job (KB)
...
006 (7069985.000.000) 09/04 17:49:29 Image size of job updated: 2026448
	1954  -  MemoryUsage of job (MB)
	2000556  -  ResidentSetSize of job (KB)
...
040 (7069985.000.000) 09/04 17:49:29 Started transferring output files
...
040 (7069985.000.000) 09/04 17:49:30 Finished transferring output files
...
005 (7069985.000.000) 09/04 17:49:30 Job terminated.
	(1) Normal termination (return value 1)
		Usr 0 00:14:05, Sys 0 00:01:13  -  Run Remote Usage
		Usr 0 00:00:00, Sys 0 00:00:00  -  Run Local Usage
		Usr 0 00:14:05, Sys 0 00:01:13  -  Total Remote Usage
		Usr 0 00:00:00, Sys 0 00:00:00  -  Total Local Usage
	1784628  -  Run Bytes Sent By Job
	10647  -  Run Bytes Received By Job
	1784628  -  Total Bytes Sent By Job
	10647  -  Total Bytes Received By Job
	Partitionable Resources :    Usage  Request Allocated 
	   Cpus                 :     0.66        1         1 
	   Disk (KB)            :  1775          12   2565890 
	   Memory (MB)          :  1954        2000      2000 

	Job terminated of its own accord at 2024-09-04T15:49:29Z with exit-code 1.
...
000 (7070003.000.000) 09/04 18:09:41 Job submitted from host: <137.138.55.115:9618?addrs=137.138.55.115-9618+[2001-1458-d00-17--12a]-9618&alias=bigbird23.cern.ch&noUDP&sock=schedd_23881_f548>
...
040 (7070003.000.000) 09/04 18:13:43 Started transferring input files
	Transferring to host: <188.185.193.74:9618?addrs=188.185.193.74-9618+[2001-1458-303-20--100-46]-9618&alias=b9p19p8480.cern.ch&noUDP&sock=slot1_24_1086309_b667_17353>
...
040 (7070003.000.000) 09/04 18:13:43 Finished transferring input files
...
001 (7070003.000.000) 09/04 18:13:44 Job executing on host: <188.185.193.74:9618?addrs=188.185.193.74-9618+[2001-1458-303-20--100-46]-9618&alias=b9p19p8480.cern.ch&noUDP&sock=startd_174820_8ebd>
	SlotName: slot1_24@b9p19p8480.cern.ch
	CondorScratchDir = "/pool/condor/dir_2703540"
	Cpus = 1
	Disk = 3015182
	Memory = 2000
...
006 (7070003.000.000) 09/04 18:13:52 Image size of job updated: 22872
	20  -  MemoryUsage of job (MB)
	20260  -  ResidentSetSize of job (KB)
...
006 (7070003.000.000) 09/04 18:18:52 Image size of job updated: 959656
	937  -  MemoryUsage of job (MB)
	959404  -  ResidentSetSize of job (KB)
...
006 (7070003.000.000) 09/04 18:23:52 Image size of job updated: 1252964
	1224  -  MemoryUsage of job (MB)
	1252712  -  ResidentSetSize of job (KB)
...
006 (7070003.000.000) 09/04 18:28:53 Image size of job updated: 1296096
	1260  -  MemoryUsage of job (MB)
	1289416  -  ResidentSetSize of job (KB)
...
006 (7070003.000.000) 09/04 18:33:53 Image size of job updated: 1361120
	1325  -  MemoryUsage of job (MB)
	1356480  -  ResidentSetSize of job (KB)
...
006 (7070003.000.000) 09/04 18:38:53 Image size of job updated: 1421720
	1384  -  MemoryUsage of job (MB)
	1416808  -  ResidentSetSize of job (KB)
...
006 (7070003.000.000) 09/04 18:43:54 Image size of job updated: 1499392
	1384  -  MemoryUsage of job (MB)
	1416808  -  ResidentSetSize of job (KB)
...
006 (7070003.000.000) 09/04 19:13:57 Image size of job updated: 1499392
	1453  -  MemoryUsage of job (MB)
	1487624  -  ResidentSetSize of job (KB)
...
006 (7070003.000.000) 09/04 19:18:58 Image size of job updated: 1587020
	1541  -  MemoryUsage of job (MB)
	1577088  -  ResidentSetSize of job (KB)
...
006 (7070003.000.000) 09/04 19:23:58 Image size of job updated: 1677784
	1626  -  MemoryUsage of job (MB)
	1664544  -  ResidentSetSize of job (KB)
...
006 (7070003.000.000) 09/04 19:28:59 Image size of job updated: 1784264
	1734  -  MemoryUsage of job (MB)
	1775124  -  ResidentSetSize of job (KB)
...
006 (7070003.000.000) 09/04 19:34:00 Image size of job updated: 1852800
	1807  -  MemoryUsage of job (MB)
	1849488  -  ResidentSetSize of job (KB)
...
006 (7070003.000.000) 09/04 19:35:24 Image size of job updated: 1995444
	1807  -  MemoryUsage of job (MB)
	1849488  -  ResidentSetSize of job (KB)
...
040 (7070003.000.000) 09/04 19:35:24 Started transferring output files
...
040 (7070003.000.000) 09/04 19:35:25 Finished transferring output files
...
005 (7070003.000.000) 09/04 19:35:25 Job terminated.
	(1) Normal termination (return value 1)
		Usr 0 00:24:57, Sys 0 00:01:17  -  Run Remote Usage
		Usr 0 00:00:00, Sys 0 00:00:00  -  Run Local Usage
		Usr 0 00:24:57, Sys 0 00:01:17  -  Total Remote Usage
		Usr 0 00:00:00, Sys 0 00:00:00  -  Total Local Usage
	1784456  -  Run Bytes Sent By Job
	10647  -  Run Bytes Received By Job
	1784456  -  Total Bytes Sent By Job
	10647  -  Total Bytes Received By Job
	Partitionable Resources :    Usage  Request Allocated 
	   Cpus                 :     0.37        1         1 
	   Disk (KB)            :  1774          12   3015182 
	   Memory (MB)          :  1807        2000      2000 

	Job terminated of its own accord at 2024-09-04T17:35:24Z with exit-code 1.
...
000 (7070464.000.000) 09/05 00:24:01 Job submitted from host: <137.138.55.115:9618?addrs=137.138.55.115-9618+[2001-1458-d00-17--12a]-9618&alias=bigbird23.cern.ch&noUDP&sock=schedd_23881_f548>
...
040 (7070464.000.000) 09/05 00:25:37 Entered queue to transfer input files
	Transferring to host: <188.185.195.154:9618?addrs=188.185.195.154-9618+[2001-1458-303-22--100-96]-9618&alias=b9p17p7474.cern.ch&noUDP&sock=slot1_8_1792548_fa36_18839>
...
040 (7070464.000.000) 09/05 00:29:25 Started transferring input files
	Seconds spent in queue: 228
...
001 (7070464.000.000) 09/05 00:29:38 Job executing on host: <188.185.195.154:9618?addrs=188.185.195.154-9618+[2001-1458-303-22--100-96]-9618&alias=b9p17p7474.cern.ch&noUDP&sock=startd_128405_ba6b>
	SlotName: slot1_8@b9p17p7474.cern.ch
	CondorScratchDir = "/pool/condor/dir_1246447"
	Cpus = 1
	Disk = 2930906
	Memory = 2000
...
040 (7070464.000.000) 09/05 00:29:38 Finished transferring input files
...
006 (7070464.000.000) 09/05 00:29:47 Image size of job updated: 371156
	363  -  MemoryUsage of job (MB)
	371156  -  ResidentSetSize of job (KB)
...
006 (7070464.000.000) 09/05 00:34:48 Image size of job updated: 1620104
	1554  -  MemoryUsage of job (MB)
	1590912  -  ResidentSetSize of job (KB)
...
006 (7070464.000.000) 09/05 00:39:49 Image size of job updated: 1940404
	1895  -  MemoryUsage of job (MB)
	1940056  -  ResidentSetSize of job (KB)
...
006 (7070464.000.000) 09/05 00:42:45 Image size of job updated: 2194592
	1895  -  MemoryUsage of job (MB)
	1940056  -  ResidentSetSize of job (KB)
...
040 (7070464.000.000) 09/05 00:42:45 Started transferring output files
	Seconds spent in queue: 1028
...
040 (7070464.000.000) 09/05 00:42:46 Finished transferring output files
...
005 (7070464.000.000) 09/05 00:42:46 Job terminated.
	(1) Normal termination (return value 1)
		Usr 0 00:11:34, Sys 0 00:00:11  -  Run Remote Usage
		Usr 0 00:00:00, Sys 0 00:00:00  -  Run Local Usage
		Usr 0 00:11:34, Sys 0 00:00:11  -  Total Remote Usage
		Usr 0 00:00:00, Sys 0 00:00:00  -  Total Local Usage
	5118393  -  Run Bytes Sent By Job
	10647  -  Run Bytes Received By Job
	5118393  -  Total Bytes Sent By Job
	10647  -  Total Bytes Received By Job
	Partitionable Resources :    Usage  Request Allocated 
	   Cpus                 :     0.99        1         1 
	   Disk (KB)            :  5030          12   2930906 
	   Memory (MB)          :  1895        2000      2000 

	Job terminated of its own accord at 2024-09-04T22:42:45Z with exit-code 1.
...
000 (7070586.000.000) 09/05 10:55:22 Job submitted from host: <137.138.55.115:9618?addrs=137.138.55.115-9618+[2001-1458-d00-17--12a]-9618&alias=bigbird23.cern.ch&noUDP&sock=schedd_23881_f548>
...
040 (7070586.000.000) 09/05 10:58:29 Started transferring input files
	Transferring to host: <128.142.131.17:9618?addrs=128.142.131.17-9618+[2001-1458-301-59--100-5]-9618&alias=b9g11p8792.cern.ch&noUDP&sock=slot1_28_887152_96e5_8130>
...
040 (7070586.000.000) 09/05 10:58:29 Finished transferring input files
...
001 (7070586.000.000) 09/05 10:58:30 Job executing on host: <128.142.131.17:9618?addrs=128.142.131.17-9618+[2001-1458-301-59--100-5]-9618&alias=b9g11p8792.cern.ch&noUDP&sock=startd_2598_9723>
	SlotName: slot1_28@b9g11p8792.cern.ch
	CondorScratchDir = "/pool/condor/dir_567845"
	Cpus = 1
	Disk = 1708582
	Memory = 2000
...
006 (7070586.000.000) 09/05 10:58:38 Image size of job updated: 418744
	409  -  MemoryUsage of job (MB)
	418744  -  ResidentSetSize of job (KB)
...
006 (7070586.000.000) 09/05 11:03:38 Image size of job updated: 1605376
	1568  -  MemoryUsage of job (MB)
	1605376  -  ResidentSetSize of job (KB)
...
006 (7070586.000.000) 09/05 11:08:39 Image size of job updated: 1778448
	1737  -  MemoryUsage of job (MB)
	1778448  -  ResidentSetSize of job (KB)
...
006 (7070586.000.000) 09/05 11:13:40 Image size of job updated: 1965336
	1920  -  MemoryUsage of job (MB)
	1965336  -  ResidentSetSize of job (KB)
...
006 (7070586.000.000) 09/05 11:18:40 Image size of job updated: 2087376
	2039  -  MemoryUsage of job (MB)
	2087376  -  ResidentSetSize of job (KB)
...
006 (7070586.000.000) 09/05 11:23:41 Image size of job updated: 2244028
	2192  -  MemoryUsage of job (MB)
	2244028  -  ResidentSetSize of job (KB)
...
006 (7070586.000.000) 09/05 11:28:42 Image size of job updated: 2377372
	2322  -  MemoryUsage of job (MB)
	2377372  -  ResidentSetSize of job (KB)
...
006 (7070586.000.000) 09/05 11:33:42 Image size of job updated: 2480008
	2422  -  MemoryUsage of job (MB)
	2480008  -  ResidentSetSize of job (KB)
...
006 (7070586.000.000) 09/05 11:38:42 Image size of job updated: 2605232
	2545  -  MemoryUsage of job (MB)
	2605232  -  ResidentSetSize of job (KB)
...
006 (7070586.000.000) 09/05 11:43:43 Image size of job updated: 2807868
	2743  -  MemoryUsage of job (MB)
	2807868  -  ResidentSetSize of job (KB)
...
006 (7070586.000.000) 09/05 12:23:47 Image size of job updated: 2809540
	2744  -  MemoryUsage of job (MB)
	2809540  -  ResidentSetSize of job (KB)
...
040 (7070586.000.000) 09/05 12:27:02 Started transferring output files
...
040 (7070586.000.000) 09/05 12:27:04 Finished transferring output files
...
005 (7070586.000.000) 09/05 12:27:04 Job terminated.
	(1) Normal termination (return value 0)
		Usr 0 01:23:33, Sys 0 00:00:41  -  Run Remote Usage
		Usr 0 00:00:00, Sys 0 00:00:00  -  Run Local Usage
		Usr 0 01:23:33, Sys 0 00:00:41  -  Total Remote Usage
		Usr 0 00:00:00, Sys 0 00:00:00  -  Total Local Usage
	26531880  -  Run Bytes Sent By Job
	10651  -  Run Bytes Received By Job
	26531880  -  Total Bytes Sent By Job
	10651  -  Total Bytes Received By Job
	Partitionable Resources :    Usage  Request Allocated 
	   Cpus                 :     0.99        1         1 
	   Disk (KB)            : 25942          12   1708582 
	   Memory (MB)          :  2744        2000      2000 

	Job terminated of its own accord at 2024-09-05T10:27:02Z with exit-code 0.
...
000 (7071022.000.000) 09/05 12:55:29 Job submitted from host: <137.138.55.115:9618?addrs=137.138.55.115-9618+[2001-1458-d00-17--12a]-9618&alias=bigbird23.cern.ch&noUDP&sock=schedd_23881_f548>
...
040 (7071022.000.000) 09/05 12:57:12 Started transferring input files
	Transferring to host: <188.185.192.151:9618?addrs=188.185.192.151-9618+[2001-1458-303-1f--100-93]-9618&alias=b9p13p3014.cern.ch&noUDP&sock=slot1_18_387717_736f_31232>
...
040 (7071022.000.000) 09/05 12:57:12 Finished transferring input files
...
001 (7071022.000.000) 09/05 12:57:13 Job executing on host: <188.185.192.151:9618?addrs=188.185.192.151-9618+[2001-1458-303-1f--100-93]-9618&alias=b9p13p3014.cern.ch&noUDP&sock=startd_167322_8da0>
	SlotName: slot1_18@b9p13p3014.cern.ch
	CondorScratchDir = "/pool/condor/dir_1166268"
	Cpus = 1
	Disk = 3027542
	Memory = 2000
...
006 (7071022.000.000) 09/05 12:57:22 Image size of job updated: 485432
	474  -  MemoryUsage of job (MB)
	484936  -  ResidentSetSize of job (KB)
...
006 (7071022.000.000) 09/05 13:02:23 Image size of job updated: 1370240
	1023  -  MemoryUsage of job (MB)
	1047240  -  ResidentSetSize of job (KB)
...
006 (7071022.000.000) 09/05 13:07:23 Image size of job updated: 1390044
	1350  -  MemoryUsage of job (MB)
	1381384  -  ResidentSetSize of job (KB)
...
006 (7071022.000.000) 09/05 13:12:23 Image size of job updated: 1554788
	1468  -  MemoryUsage of job (MB)
	1502860  -  ResidentSetSize of job (KB)
...
006 (7071022.000.000) 09/05 13:17:24 Image size of job updated: 1729980
	1594  -  MemoryUsage of job (MB)
	1631708  -  ResidentSetSize of job (KB)
...
006 (7071022.000.000) 09/05 13:22:25 Image size of job updated: 1880456
	1753  -  MemoryUsage of job (MB)
	1795060  -  ResidentSetSize of job (KB)
...
006 (7071022.000.000) 09/05 13:27:25 Image size of job updated: 2105548
	1999  -  MemoryUsage of job (MB)
	2045956  -  ResidentSetSize of job (KB)
...
006 (7071022.000.000) 09/05 13:32:26 Image size of job updated: 2216632
	2066  -  MemoryUsage of job (MB)
	2115168  -  ResidentSetSize of job (KB)
...
006 (7071022.000.000) 09/05 13:37:27 Image size of job updated: 2373196
	2185  -  MemoryUsage of job (MB)
	2236860  -  ResidentSetSize of job (KB)
...
040 (7071022.000.000) 09/05 13:37:44 Started transferring output files
...
040 (7071022.000.000) 09/05 13:37:44 Finished transferring output files
...
004 (7071022.000.000) 09/05 13:37:44 Job was evicted.
	(0) CPU times
		Usr 0 00:37:25, Sys 0 00:00:19  -  Run Remote Usage
		Usr 0 00:00:00, Sys 0 00:00:00  -  Run Local Usage
	16616973  -  Run Bytes Sent By Job
	10651  -  Run Bytes Received By Job
	Partitionable Resources :    Usage  Request Allocated 
	   Cpus                 :     0.95        1         1 
	   Disk (KB)            : 16260          12   3027542 
	   Memory (MB)          :  2185        2000      2000 
...
009 (7071022.000.000) 09/05 13:37:44 Job was aborted.
	via condor_rm (by user fsalerno)
...
000 (7071034.000.000) 09/05 13:38:13 Job submitted from host: <137.138.55.115:9618?addrs=137.138.55.115-9618+[2001-1458-d00-17--12a]-9618&alias=bigbird23.cern.ch&noUDP&sock=schedd_23881_f548>
...
040 (7071034.000.000) 09/05 13:40:03 Started transferring input files
	Transferring to host: <128.142.248.175:9618?addrs=128.142.248.175-9618+[2001-1458-301-73--100-ae]-9618&alias=b9g23p9695.cern.ch&noUDP&sock=slot1_4_7992_d63e_20947>
...
040 (7071034.000.000) 09/05 13:40:03 Finished transferring input files
...
001 (7071034.000.000) 09/05 13:40:04 Job executing on host: <128.142.248.175:9618?addrs=128.142.248.175-9618+[2001-1458-301-73--100-ae]-9618&alias=b9g23p9695.cern.ch&noUDP&sock=startd_6696_7a3f>
	SlotName: slot1_4@b9g23p9695.cern.ch
	CondorScratchDir = "/pool/condor/dir_572619"
	Cpus = 1
	Disk = 2893830
	Memory = 2000
...
006 (7071034.000.000) 09/05 13:40:13 Image size of job updated: 413884
	405  -  MemoryUsage of job (MB)
	413884  -  ResidentSetSize of job (KB)
...
006 (7071034.000.000) 09/05 13:45:14 Image size of job updated: 1408664
	995  -  MemoryUsage of job (MB)
	1018484  -  ResidentSetSize of job (KB)
...
006 (7071034.000.000) 09/05 13:50:14 Image size of job updated: 1408664
	1224  -  MemoryUsage of job (MB)
	1253304  -  ResidentSetSize of job (KB)
...
006 (7071034.000.000) 09/05 13:55:14 Image size of job updated: 1408664
	1312  -  MemoryUsage of job (MB)
	1342728  -  ResidentSetSize of job (KB)
...
006 (7071034.000.000) 09/05 14:00:15 Image size of job updated: 1531860
	1441  -  MemoryUsage of job (MB)
	1475040  -  ResidentSetSize of job (KB)
...
006 (7071034.000.000) 09/05 14:05:15 Image size of job updated: 1717732
	1584  -  MemoryUsage of job (MB)
	1621216  -  ResidentSetSize of job (KB)
...
006 (7071034.000.000) 09/05 14:10:15 Image size of job updated: 1864392
	1726  -  MemoryUsage of job (MB)
	1766404  -  ResidentSetSize of job (KB)
...
006 (7071034.000.000) 09/05 14:15:16 Image size of job updated: 2026316
	1852  -  MemoryUsage of job (MB)
	1895668  -  ResidentSetSize of job (KB)
...
006 (7071034.000.000) 09/05 14:20:17 Image size of job updated: 2162968
	2108  -  MemoryUsage of job (MB)
	2158496  -  ResidentSetSize of job (KB)
...
006 (7071034.000.000) 09/05 14:25:17 Image size of job updated: 2202428
	2108  -  MemoryUsage of job (MB)
	2158496  -  ResidentSetSize of job (KB)
...
006 (7071034.000.000) 09/05 14:30:18 Image size of job updated: 2359008
	2197  -  MemoryUsage of job (MB)
	2248876  -  ResidentSetSize of job (KB)
...
006 (7071034.000.000) 09/05 14:35:19 Image size of job updated: 2490640
	2364  -  MemoryUsage of job (MB)
	2420120  -  ResidentSetSize of job (KB)
...
006 (7071034.000.000) 09/05 14:40:19 Image size of job updated: 2641128
	2449  -  MemoryUsage of job (MB)
	2507352  -  ResidentSetSize of job (KB)
...
006 (7071034.000.000) 09/05 14:45:20 Image size of job updated: 2681868
	2538  -  MemoryUsage of job (MB)
	2598720  -  ResidentSetSize of job (KB)
...
006 (7071034.000.000) 09/05 14:50:21 Image size of job updated: 2735904
	2617  -  MemoryUsage of job (MB)
	2679276  -  ResidentSetSize of job (KB)
...
006 (7071034.000.000) 09/05 14:55:21 Image size of job updated: 2805480
	2691  -  MemoryUsage of job (MB)
	2754852  -  ResidentSetSize of job (KB)
...
006 (7071034.000.000) 09/05 15:00:21 Image size of job updated: 2896884
	2753  -  MemoryUsage of job (MB)
	2818968  -  ResidentSetSize of job (KB)
...
006 (7071034.000.000) 09/05 15:04:42 Image size of job updated: 3007840
	2753  -  MemoryUsage of job (MB)
	2818968  -  ResidentSetSize of job (KB)
...
040 (7071034.000.000) 09/05 15:04:42 Started transferring output files
...
040 (7071034.000.000) 09/05 15:04:44 Finished transferring output files
...
005 (7071034.000.000) 09/05 15:04:44 Job terminated.
	(1) Normal termination (return value 0)
		Usr 0 01:16:01, Sys 0 00:00:52  -  Run Remote Usage
		Usr 0 00:00:00, Sys 0 00:00:00  -  Run Local Usage
		Usr 0 01:16:01, Sys 0 00:00:52  -  Total Remote Usage
		Usr 0 00:00:00, Sys 0 00:00:00  -  Total Local Usage
	26531888  -  Run Bytes Sent By Job
	10651  -  Run Bytes Received By Job
	26531888  -  Total Bytes Sent By Job
	10651  -  Total Bytes Received By Job
	Partitionable Resources :    Usage  Request Allocated 
	   Cpus                 :     0.99        1         1 
	   Disk (KB)            : 25942          12   2893830 
	   Memory (MB)          :  2753        2000      2000 

	Job terminated of its own accord at 2024-09-05T13:04:42Z with exit-code 0.
...
000 (7073946.000.000) 09/06 10:25:28 Job submitted from host: <137.138.55.115:9618?addrs=137.138.55.115-9618+[2001-1458-d00-17--12a]-9618&alias=bigbird23.cern.ch&noUDP&sock=schedd_23881_f548>
...
040 (7073946.000.000) 09/06 10:28:16 Started transferring input files
	Transferring to host: <188.185.205.203:9618?addrs=188.185.205.203-9618+[2001-1458-303-a--100-48]-9618&alias=b9p04p9529.cern.ch&noUDP&sock=slot1_5_3739_36b1_28915>
...
040 (7073946.000.000) 09/06 10:28:16 Finished transferring input files
...
001 (7073946.000.000) 09/06 10:28:17 Job executing on host: <188.185.205.203:9618?addrs=188.185.205.203-9618+[2001-1458-303-a--100-48]-9618&alias=b9p04p9529.cern.ch&noUDP&sock=startd_3410_8e0a>
	SlotName: slot1_5@b9p04p9529.cern.ch
	CondorScratchDir = "/pool/condor/dir_2573712"
	Cpus = 1
	Disk = 2458819
	Memory = 2000
...
006 (7073946.000.000) 09/06 10:28:26 Image size of job updated: 268236
	262  -  MemoryUsage of job (MB)
	268236  -  ResidentSetSize of job (KB)
...
006 (7073946.000.000) 09/06 10:33:27 Image size of job updated: 1580532
	1478  -  MemoryUsage of job (MB)
	1513256  -  ResidentSetSize of job (KB)
...
006 (7073946.000.000) 09/06 10:38:27 Image size of job updated: 1859956
	1775  -  MemoryUsage of job (MB)
	1817416  -  ResidentSetSize of job (KB)
...
006 (7073946.000.000) 09/06 10:43:27 Image size of job updated: 2108592
	1982  -  MemoryUsage of job (MB)
	2028840  -  ResidentSetSize of job (KB)
...
006 (7073946.000.000) 09/06 10:53:28 Image size of job updated: 2224296
	2086  -  MemoryUsage of job (MB)
	2135404  -  ResidentSetSize of job (KB)
...
006 (7073946.000.000) 09/06 10:58:29 Image size of job updated: 2448408
	2277  -  MemoryUsage of job (MB)
	2330912  -  ResidentSetSize of job (KB)
...
006 (7073946.000.000) 09/06 11:03:30 Image size of job updated: 2708896
	2597  -  MemoryUsage of job (MB)
	2658468  -  ResidentSetSize of job (KB)
...
006 (7073946.000.000) 09/06 11:08:30 Image size of job updated: 2772400
	2651  -  MemoryUsage of job (MB)
	2714368  -  ResidentSetSize of job (KB)
...
006 (7073946.000.000) 09/06 11:13:30 Image size of job updated: 2924204
	2785  -  MemoryUsage of job (MB)
	2851684  -  ResidentSetSize of job (KB)
...
006 (7073946.000.000) 09/06 11:15:29 Image size of job updated: 3033788
	2785  -  MemoryUsage of job (MB)
	2851684  -  ResidentSetSize of job (KB)
...
040 (7073946.000.000) 09/06 11:15:29 Started transferring output files
...
040 (7073946.000.000) 09/06 11:15:31 Finished transferring output files
...
005 (7073946.000.000) 09/06 11:15:31 Job terminated.
	(1) Normal termination (return value 0)
		Usr 0 00:44:24, Sys 0 00:00:28  -  Run Remote Usage
		Usr 0 00:00:00, Sys 0 00:00:00  -  Run Local Usage
		Usr 0 00:44:24, Sys 0 00:00:28  -  Total Remote Usage
		Usr 0 00:00:00, Sys 0 00:00:00  -  Total Local Usage
	26533772  -  Run Bytes Sent By Job
	10651  -  Run Bytes Received By Job
	26533772  -  Total Bytes Sent By Job
	10651  -  Total Bytes Received By Job
	Partitionable Resources :    Usage  Request Allocated 
	   Cpus                 :     0.98        1         1 
	   Disk (KB)            : 25947          12   2458819 
	   Memory (MB)          :  2785        2000      2000 

	Job terminated of its own accord at 2024-09-06T09:15:29Z with exit-code 0.
...
000 (7073968.000.000) 09/06 11:33:29 Job submitted from host: <137.138.55.115:9618?addrs=137.138.55.115-9618+[2001-1458-d00-17--12a]-9618&alias=bigbird23.cern.ch&noUDP&sock=schedd_23881_f548>
...
040 (7073968.000.000) 09/06 11:35:27 Started transferring input files
	Transferring to host: <128.142.52.11:9618?addrs=128.142.52.11-9618+[2001-1458-301-1b--100-8]-9618&alias=b9g02p1359.cern.ch&noUDP&sock=slot1_3_1463193_95c5_31516>
...
040 (7073968.000.000) 09/06 11:35:27 Finished transferring input files
...
001 (7073968.000.000) 09/06 11:35:29 Job executing on host: <128.142.52.11:9618?addrs=128.142.52.11-9618+[2001-1458-301-1b--100-8]-9618&alias=b9g02p1359.cern.ch&noUDP&sock=startd_2636_a7bc>
	SlotName: slot1_3@b9g02p1359.cern.ch
	CondorScratchDir = "/pool/condor/dir_677876"
	Cpus = 1
	Disk = 2940346
	Memory = 2000
...
006 (7073968.000.000) 09/06 11:35:37 Image size of job updated: 513864
	502  -  MemoryUsage of job (MB)
	513700  -  ResidentSetSize of job (KB)
...
006 (7073968.000.000) 09/06 11:40:37 Image size of job updated: 1636424
	1599  -  MemoryUsage of job (MB)
	1636424  -  ResidentSetSize of job (KB)
...
006 (7073968.000.000) 09/06 11:45:37 Image size of job updated: 2097596
	1599  -  MemoryUsage of job (MB)
	1636424  -  ResidentSetSize of job (KB)
...
006 (7073968.000.000) 09/06 11:50:38 Image size of job updated: 2097596
	1638  -  MemoryUsage of job (MB)
	1676792  -  ResidentSetSize of job (KB)
...
006 (7073968.000.000) 09/06 11:55:39 Image size of job updated: 2097596
	1835  -  MemoryUsage of job (MB)
	1878448  -  ResidentSetSize of job (KB)
...
006 (7073968.000.000) 09/06 12:00:39 Image size of job updated: 2193412
	2031  -  MemoryUsage of job (MB)
	2078892  -  ResidentSetSize of job (KB)
...
006 (7073968.000.000) 09/06 12:05:40 Image size of job updated: 2396200
	2214  -  MemoryUsage of job (MB)
	2266552  -  ResidentSetSize of job (KB)
...
006 (7073968.000.000) 09/06 12:10:41 Image size of job updated: 2496408
	2214  -  MemoryUsage of job (MB)
	2266552  -  ResidentSetSize of job (KB)
...
006 (7073968.000.000) 09/06 12:15:41 Image size of job updated: 2512724
	2366  -  MemoryUsage of job (MB)
	2421940  -  ResidentSetSize of job (KB)
...
006 (7073968.000.000) 09/06 12:20:41 Image size of job updated: 2684904
	2527  -  MemoryUsage of job (MB)
	2586776  -  ResidentSetSize of job (KB)
...
006 (7073968.000.000) 09/06 12:25:42 Image size of job updated: 2899108
	2759  -  MemoryUsage of job (MB)
	2825120  -  ResidentSetSize of job (KB)
...
006 (7073968.000.000) 09/06 12:30:43 Image size of job updated: 3111824
	2908  -  MemoryUsage of job (MB)
	2977428  -  ResidentSetSize of job (KB)
...
006 (7073968.000.000) 09/06 12:35:43 Image size of job updated: 3278992
	3077  -  MemoryUsage of job (MB)
	3150644  -  ResidentSetSize of job (KB)
...
006 (7073968.000.000) 09/06 12:40:44 Image size of job updated: 3461296
	3262  -  MemoryUsage of job (MB)
	3339288  -  ResidentSetSize of job (KB)
...
006 (7073968.000.000) 09/06 12:45:45 Image size of job updated: 3659848
	3446  -  MemoryUsage of job (MB)
	3528552  -  ResidentSetSize of job (KB)
...
006 (7073968.000.000) 09/06 12:50:45 Image size of job updated: 3752464
	3598  -  MemoryUsage of job (MB)
	3683596  -  ResidentSetSize of job (KB)
...
006 (7073968.000.000) 09/06 12:55:45 Image size of job updated: 3888540
	3720  -  MemoryUsage of job (MB)
	3808708  -  ResidentSetSize of job (KB)
...
006 (7073968.000.000) 09/06 13:00:46 Image size of job updated: 3979636
	3826  -  MemoryUsage of job (MB)
	3917056  -  ResidentSetSize of job (KB)
...
006 (7073968.000.000) 09/06 13:05:47 Image size of job updated: 4116440
	3939  -  MemoryUsage of job (MB)
	4033328  -  ResidentSetSize of job (KB)
...
006 (7073968.000.000) 09/06 13:10:47 Image size of job updated: 4218448
	4051  -  MemoryUsage of job (MB)
	4148192  -  ResidentSetSize of job (KB)
...
006 (7073968.000.000) 09/06 13:15:47 Image size of job updated: 4327020
	4159  -  MemoryUsage of job (MB)
	4258156  -  ResidentSetSize of job (KB)
...
006 (7073968.000.000) 09/06 13:17:39 Image size of job updated: 4426272
	4159  -  MemoryUsage of job (MB)
	4258156  -  ResidentSetSize of job (KB)
...
040 (7073968.000.000) 09/06 13:17:39 Started transferring output files
...
040 (7073968.000.000) 09/06 13:17:42 Finished transferring output files
...
005 (7073968.000.000) 09/06 13:17:42 Job terminated.
	(1) Normal termination (return value 0)
		Usr 0 01:38:48, Sys 0 00:00:25  -  Run Remote Usage
		Usr 0 00:00:00, Sys 0 00:00:00  -  Run Local Usage
		Usr 0 01:38:48, Sys 0 00:00:25  -  Total Remote Usage
		Usr 0 00:00:00, Sys 0 00:00:00  -  Total Local Usage
	53118436  -  Run Bytes Sent By Job
	10651  -  Run Bytes Received By Job
	53118436  -  Total Bytes Sent By Job
	10651  -  Total Bytes Received By Job
	Partitionable Resources :    Usage  Request Allocated 
	   Cpus                 :     0.99        1         1 
	   Disk (KB)            : 51906          12   2940346 
	   Memory (MB)          :  4159        2000      2000 

	Job terminated of its own accord at 2024-09-06T11:17:39Z with exit-code 0.
...
000 (7077897.000.000) 09/09 11:11:01 Job submitted from host: <137.138.55.115:9618?addrs=137.138.55.115-9618+[2001-1458-d00-17--12a]-9618&alias=bigbird23.cern.ch&noUDP&sock=schedd_23881_f548>
...
040 (7077897.000.000) 09/09 11:13:25 Started transferring input files
	Transferring to host: <128.142.33.22:9618?addrs=128.142.33.22-9618+[2001-1458-301-53--100-13]-9618&alias=b9g34p0608.cern.ch&noUDP&sock=slot1_21_2093327_fe1e_11136>
...
040 (7077897.000.000) 09/09 11:13:25 Finished transferring input files
...
001 (7077897.000.000) 09/09 11:13:26 Job executing on host: <128.142.33.22:9618?addrs=128.142.33.22-9618+[2001-1458-301-53--100-13]-9618&alias=b9g34p0608.cern.ch&noUDP&sock=startd_3003_62fe>
	SlotName: slot1_21@b9g34p0608.cern.ch
	CondorScratchDir = "/pool/condor/dir_1767378"
	Cpus = 1
	Disk = 2698946
	Memory = 2000
...
006 (7077897.000.000) 09/09 11:13:35 Image size of job updated: 213244
	209  -  MemoryUsage of job (MB)
	213156  -  ResidentSetSize of job (KB)
...
006 (7077897.000.000) 09/09 11:15:38 Image size of job updated: 1077272
	637  -  MemoryUsage of job (MB)
	651984  -  ResidentSetSize of job (KB)
...
040 (7077897.000.000) 09/09 11:15:39 Started transferring output files
...
040 (7077897.000.000) 09/09 11:15:41 Finished transferring output files
...
005 (7077897.000.000) 09/09 11:15:41 Job terminated.
	(1) Normal termination (return value 1)
		Usr 0 00:00:21, Sys 0 00:00:05  -  Run Remote Usage
		Usr 0 00:00:00, Sys 0 00:00:00  -  Run Local Usage
		Usr 0 00:00:21, Sys 0 00:00:05  -  Total Remote Usage
		Usr 0 00:00:00, Sys 0 00:00:00  -  Total Local Usage
	26036  -  Run Bytes Sent By Job
	10647  -  Run Bytes Received By Job
	26036  -  Total Bytes Sent By Job
	10647  -  Total Bytes Received By Job
	Partitionable Resources :    Usage  Request Allocated 
	   Cpus                 :                 1         1 
	   Disk (KB)            :       49       12   2698946 
	   Memory (MB)          :      637     2000      2000 

	Job terminated of its own accord at 2024-09-09T09:15:38Z with exit-code 1.
...
000 (7077903.000.000) 09/09 11:25:57 Job submitted from host: <137.138.55.115:9618?addrs=137.138.55.115-9618+[2001-1458-d00-17--12a]-9618&alias=bigbird23.cern.ch&noUDP&sock=schedd_23881_f548>
...
040 (7077903.000.000) 09/09 11:34:34 Started transferring input files
	Transferring to host: <128.142.248.218:9618?addrs=128.142.248.218-9618+[2001-1458-301-73--100-d9]-9618&alias=b9g23p2883.cern.ch&noUDP&sock=slot1_50_1412154_fe0a_8662>
...
040 (7077903.000.000) 09/09 11:34:34 Finished transferring input files
...
001 (7077903.000.000) 09/09 11:34:35 Job executing on host: <128.142.248.218:9618?addrs=128.142.248.218-9618+[2001-1458-301-73--100-d9]-9618&alias=b9g23p2883.cern.ch&noUDP&sock=startd_1412115_0387>
	SlotName: slot1_50@b9g23p2883.cern.ch
	CondorScratchDir = "/pool/condor/dir_515552"
	Cpus = 1
	Disk = 3087456
	Memory = 2000
...
006 (7077903.000.000) 09/09 11:34:43 Image size of job updated: 53480
	53  -  MemoryUsage of job (MB)
	53356  -  ResidentSetSize of job (KB)
...
006 (7077903.000.000) 09/09 11:39:43 Image size of job updated: 1627616
	1482  -  MemoryUsage of job (MB)
	1516884  -  ResidentSetSize of job (KB)
...
006 (7077903.000.000) 09/09 11:44:44 Image size of job updated: 1952124
	1844  -  MemoryUsage of job (MB)
	1887348  -  ResidentSetSize of job (KB)
...
006 (7077903.000.000) 09/09 12:04:46 Image size of job updated: 2052640
	1903  -  MemoryUsage of job (MB)
	1947868  -  ResidentSetSize of job (KB)
...
006 (7077903.000.000) 09/09 12:09:46 Image size of job updated: 2190820
	2034  -  MemoryUsage of job (MB)
	2082564  -  ResidentSetSize of job (KB)
...
006 (7077903.000.000) 09/09 12:14:47 Image size of job updated: 2317132
	2157  -  MemoryUsage of job (MB)
	2208012  -  ResidentSetSize of job (KB)
...
006 (7077903.000.000) 09/09 12:19:48 Image size of job updated: 2444648
	2273  -  MemoryUsage of job (MB)
	2326684  -  ResidentSetSize of job (KB)
...
006 (7077903.000.000) 09/09 12:24:48 Image size of job updated: 2579180
	2493  -  MemoryUsage of job (MB)
	2552008  -  ResidentSetSize of job (KB)
...
006 (7077903.000.000) 09/09 12:29:48 Image size of job updated: 2627076
	2493  -  MemoryUsage of job (MB)
	2552008  -  ResidentSetSize of job (KB)
...
006 (7077903.000.000) 09/09 12:34:49 Image size of job updated: 2776432
	2610  -  MemoryUsage of job (MB)
	2671892  -  ResidentSetSize of job (KB)
...
006 (7077903.000.000) 09/09 12:39:49 Image size of job updated: 2879836
	2733  -  MemoryUsage of job (MB)
	2797936  -  ResidentSetSize of job (KB)
...
006 (7077903.000.000) 09/09 12:44:50 Image size of job updated: 3030596
	2853  -  MemoryUsage of job (MB)
	2921448  -  ResidentSetSize of job (KB)
...
006 (7077903.000.000) 09/09 12:49:50 Image size of job updated: 3155116
	2995  -  MemoryUsage of job (MB)
	3066256  -  ResidentSetSize of job (KB)
...
006 (7077903.000.000) 09/09 12:54:51 Image size of job updated: 3308572
	3108  -  MemoryUsage of job (MB)
	3181896  -  ResidentSetSize of job (KB)
...
006 (7077903.000.000) 09/09 12:59:52 Image size of job updated: 3417912
	3274  -  MemoryUsage of job (MB)
	3352132  -  ResidentSetSize of job (KB)
...
006 (7077903.000.000) 09/09 13:04:52 Image size of job updated: 3563472
	3347  -  MemoryUsage of job (MB)
	3426904  -  ResidentSetSize of job (KB)
...
006 (7077903.000.000) 09/09 13:09:52 Image size of job updated: 3655380
	3456  -  MemoryUsage of job (MB)
	3538372  -  ResidentSetSize of job (KB)
...
006 (7077903.000.000) 09/09 13:14:53 Image size of job updated: 3787852
	3581  -  MemoryUsage of job (MB)
	3666108  -  ResidentSetSize of job (KB)
...
006 (7077903.000.000) 09/09 13:19:53 Image size of job updated: 3872236
	3695  -  MemoryUsage of job (MB)
	3782712  -  ResidentSetSize of job (KB)
...
006 (7077903.000.000) 09/09 13:24:53 Image size of job updated: 3977780
	3885  -  MemoryUsage of job (MB)
	3977596  -  ResidentSetSize of job (KB)
...
006 (7077903.000.000) 09/09 13:29:54 Image size of job updated: 4017372
	3892  -  MemoryUsage of job (MB)
	3984588  -  ResidentSetSize of job (KB)
...
006 (7077903.000.000) 09/09 13:34:55 Image size of job updated: 4157328
	3977  -  MemoryUsage of job (MB)
	4071508  -  ResidentSetSize of job (KB)
...
006 (7077903.000.000) 09/09 13:39:55 Image size of job updated: 4224568
	4058  -  MemoryUsage of job (MB)
	4155000  -  ResidentSetSize of job (KB)
...
006 (7077903.000.000) 09/09 13:44:56 Image size of job updated: 4319312
	4140  -  MemoryUsage of job (MB)
	4239160  -  ResidentSetSize of job (KB)
...
006 (7077903.000.000) 09/09 13:49:57 Image size of job updated: 4352016
	4221  -  MemoryUsage of job (MB)
	4322192  -  ResidentSetSize of job (KB)
...
006 (7077903.000.000) 09/09 13:54:57 Image size of job updated: 4529380
	4301  -  MemoryUsage of job (MB)
	4404060  -  ResidentSetSize of job (KB)
...
006 (7077903.000.000) 09/09 13:59:57 Image size of job updated: 4532912
	4384  -  MemoryUsage of job (MB)
	4489088  -  ResidentSetSize of job (KB)
...
006 (7077903.000.000) 09/09 14:00:39 Image size of job updated: 4627864
	4384  -  MemoryUsage of job (MB)
	4489088  -  ResidentSetSize of job (KB)
...
040 (7077903.000.000) 09/09 14:00:39 Started transferring output files
...
040 (7077903.000.000) 09/09 14:00:42 Finished transferring output files
...
005 (7077903.000.000) 09/09 14:00:42 Job terminated.
	(1) Normal termination (return value 0)
		Usr 0 02:14:24, Sys 0 00:03:04  -  Run Remote Usage
		Usr 0 00:00:00, Sys 0 00:00:00  -  Run Local Usage
		Usr 0 02:14:24, Sys 0 00:03:04  -  Total Remote Usage
		Usr 0 00:00:00, Sys 0 00:00:00  -  Total Local Usage
	53120440  -  Run Bytes Sent By Job
	10647  -  Run Bytes Received By Job
	53120440  -  Total Bytes Sent By Job
	10647  -  Total Bytes Received By Job
	Partitionable Resources :    Usage  Request Allocated 
	   Cpus                 :     0.96        1         1 
	   Disk (KB)            : 51908          12   3087456 
	   Memory (MB)          :  4384        2000      2000 

	Job terminated of its own accord at 2024-09-09T12:00:39Z with exit-code 0.
...
000 (7078007.000.000) 09/09 14:41:26 Job submitted from host: <137.138.55.115:9618?addrs=137.138.55.115-9618+[2001-1458-d00-17--12a]-9618&alias=bigbird23.cern.ch&noUDP&sock=schedd_23881_f548>
...
040 (7078007.000.000) 09/09 14:50:59 Started transferring input files
	Transferring to host: <128.142.248.197:9618?addrs=128.142.248.197-9618+[2001-1458-301-73--100-c4]-9618&alias=b9g23p2961.cern.ch&noUDP&sock=slot1_7_2232953_240b_8385>
...
040 (7078007.000.000) 09/09 14:50:59 Finished transferring input files
...
001 (7078007.000.000) 09/09 14:51:01 Job executing on host: <128.142.248.197:9618?addrs=128.142.248.197-9618+[2001-1458-301-73--100-c4]-9618&alias=b9g23p2961.cern.ch&noUDP&sock=startd_5911_0866>
	SlotName: slot1_7@b9g23p2961.cern.ch
	CondorScratchDir = "/pool/condor/dir_3092262"
	Cpus = 1
	Disk = 3021614
	Memory = 2000
...
006 (7078007.000.000) 09/09 14:51:10 Image size of job updated: 1
	0  -  MemoryUsage of job (MB)
	0  -  ResidentSetSize of job (KB)
...
006 (7078007.000.000) 09/09 14:52:16 Image size of job updated: 997072
	628  -  MemoryUsage of job (MB)
	642488  -  ResidentSetSize of job (KB)
...
040 (7078007.000.000) 09/09 14:52:16 Started transferring output files
...
040 (7078007.000.000) 09/09 14:52:17 Finished transferring output files
...
005 (7078007.000.000) 09/09 14:52:17 Job terminated.
	(1) Normal termination (return value 1)
		Usr 0 00:00:15, Sys 0 00:00:03  -  Run Remote Usage
		Usr 0 00:00:00, Sys 0 00:00:00  -  Run Local Usage
		Usr 0 00:00:15, Sys 0 00:00:03  -  Total Remote Usage
		Usr 0 00:00:00, Sys 0 00:00:00  -  Total Local Usage
	18080  -  Run Bytes Sent By Job
	10647  -  Run Bytes Received By Job
	18080  -  Total Bytes Sent By Job
	10647  -  Total Bytes Received By Job
	Partitionable Resources :    Usage  Request Allocated 
	   Cpus                 :        0        1         1 
	   Disk (KB)            :       49       12   3021614 
	   Memory (MB)          :      628     2000      2000 

	Job terminated of its own accord at 2024-09-09T12:52:16Z with exit-code 1.
...
000 (7078020.000.000) 09/09 15:02:23 Job submitted from host: <137.138.55.115:9618?addrs=137.138.55.115-9618+[2001-1458-d00-17--12a]-9618&alias=bigbird23.cern.ch&noUDP&sock=schedd_23881_f548>
...
040 (7078020.000.000) 09/09 15:08:26 Started transferring input files
	Transferring to host: <128.142.131.55:9618?addrs=128.142.131.55-9618+[2001-1458-301-59--100-2b]-9618&alias=b9g11p5920.cern.ch&noUDP&sock=slot1_30_2925_ad50_88382>
...
040 (7078020.000.000) 09/09 15:08:26 Finished transferring input files
...
001 (7078020.000.000) 09/09 15:08:27 Job executing on host: <128.142.131.55:9618?addrs=128.142.131.55-9618+[2001-1458-301-59--100-2b]-9618&alias=b9g11p5920.cern.ch&noUDP&sock=startd_2612_3176>
	SlotName: slot1_30@b9g11p5920.cern.ch
	CondorScratchDir = "/pool/condor/dir_815651"
	Cpus = 1
	Disk = 1662226
	Memory = 2000
...
006 (7078020.000.000) 09/09 15:08:36 Image size of job updated: 381852
	373  -  MemoryUsage of job (MB)
	381852  -  ResidentSetSize of job (KB)
...
006 (7078020.000.000) 09/09 15:13:37 Image size of job updated: 1582104
	1546  -  MemoryUsage of job (MB)
	1582104  -  ResidentSetSize of job (KB)
...
006 (7078020.000.000) 09/09 15:18:38 Image size of job updated: 1777880
	1737  -  MemoryUsage of job (MB)
	1777880  -  ResidentSetSize of job (KB)
...
006 (7078020.000.000) 09/09 15:38:39 Image size of job updated: 1804920
	1763  -  MemoryUsage of job (MB)
	1804920  -  ResidentSetSize of job (KB)
...
006 (7078020.000.000) 09/09 15:43:39 Image size of job updated: 1900884
	1857  -  MemoryUsage of job (MB)
	1900884  -  ResidentSetSize of job (KB)
...
006 (7078020.000.000) 09/09 15:48:40 Image size of job updated: 2145556
	2096  -  MemoryUsage of job (MB)
	2145556  -  ResidentSetSize of job (KB)
...
006 (7078020.000.000) 09/09 15:58:41 Image size of job updated: 2221092
	2170  -  MemoryUsage of job (MB)
	2221092  -  ResidentSetSize of job (KB)
...
006 (7078020.000.000) 09/09 16:03:42 Image size of job updated: 2433116
	2377  -  MemoryUsage of job (MB)
	2433116  -  ResidentSetSize of job (KB)
...
006 (7078020.000.000) 09/09 16:08:43 Image size of job updated: 2433116
	2377  -  MemoryUsage of job (MB)
	2433132  -  ResidentSetSize of job (KB)
...
006 (7078020.000.000) 09/09 16:13:43 Image size of job updated: 2514560
	2456  -  MemoryUsage of job (MB)
	2514560  -  ResidentSetSize of job (KB)
...
006 (7078020.000.000) 09/09 16:18:43 Image size of job updated: 2531244
	2472  -  MemoryUsage of job (MB)
	2531244  -  ResidentSetSize of job (KB)
...
006 (7078020.000.000) 09/09 16:23:44 Image size of job updated: 2576096
	2516  -  MemoryUsage of job (MB)
	2576096  -  ResidentSetSize of job (KB)
...
006 (7078020.000.000) 09/09 16:28:44 Image size of job updated: 2630172
	2569  -  MemoryUsage of job (MB)
	2630172  -  ResidentSetSize of job (KB)
...
040 (7078020.000.000) 09/09 16:38:50 Started transferring output files
...
040 (7078020.000.000) 09/09 16:38:50 Finished transferring output files
...
005 (7078020.000.000) 09/09 16:38:50 Job terminated.
	(1) Normal termination (return value 0)
		Usr 0 01:26:40, Sys 0 00:00:55  -  Run Remote Usage
		Usr 0 00:00:00, Sys 0 00:00:00  -  Run Local Usage
		Usr 0 01:26:40, Sys 0 00:00:55  -  Total Remote Usage
		Usr 0 00:00:00, Sys 0 00:00:00  -  Total Local Usage
	43595  -  Run Bytes Sent By Job
	10647  -  Run Bytes Received By Job
	43595  -  Total Bytes Sent By Job
	10647  -  Total Bytes Received By Job
	Partitionable Resources :    Usage  Request Allocated 
	   Cpus                 :     0.98        1         1 
	   Disk (KB)            :    75          12   1662226 
	   Memory (MB)          :  2569        2000      2000 

	Job terminated of its own accord at 2024-09-09T14:38:49Z with exit-code 0.
...
000 (7078122.000.000) 09/09 16:52:52 Job submitted from host: <137.138.55.115:9618?addrs=137.138.55.115-9618+[2001-1458-d00-17--12a]-9618&alias=bigbird23.cern.ch&noUDP&sock=schedd_23881_f548>
...
040 (7078122.000.000) 09/09 17:06:07 Started transferring input files
	Transferring to host: <128.142.248.74:9618?addrs=128.142.248.74-9618+[2001-1458-301-73--100-13a]-9618&alias=b9g23p3523.cern.ch&noUDP&sock=slot1_25_3066184_c206_13865>
...
040 (7078122.000.000) 09/09 17:06:07 Finished transferring input files
...
001 (7078122.000.000) 09/09 17:06:10 Job executing on host: <128.142.248.74:9618?addrs=128.142.248.74-9618+[2001-1458-301-73--100-13a]-9618&alias=b9g23p3523.cern.ch&noUDP&sock=startd_7830_4ea4>
	SlotName: slot1_25@b9g23p3523.cern.ch
	CondorScratchDir = "/pool/condor/dir_769197"
	Cpus = 1
	Disk = 2900836
	Memory = 2000
...
006 (7078122.000.000) 09/09 17:06:18 Image size of job updated: 441344
	431  -  MemoryUsage of job (MB)
	441344  -  ResidentSetSize of job (KB)
...
006 (7078122.000.000) 09/09 17:06:51 Image size of job updated: 871408
	588  -  MemoryUsage of job (MB)
	601712  -  ResidentSetSize of job (KB)
...
040 (7078122.000.000) 09/09 17:06:51 Started transferring output files
...
040 (7078122.000.000) 09/09 17:06:51 Finished transferring output files
...
005 (7078122.000.000) 09/09 17:06:51 Job terminated.
	(1) Normal termination (return value 1)
		Usr 0 00:00:09, Sys 0 00:00:03  -  Run Remote Usage
		Usr 0 00:00:00, Sys 0 00:00:00  -  Run Local Usage
		Usr 0 00:00:09, Sys 0 00:00:03  -  Total Remote Usage
		Usr 0 00:00:00, Sys 0 00:00:00  -  Total Local Usage
	6412  -  Run Bytes Sent By Job
	10695  -  Run Bytes Received By Job
	6412  -  Total Bytes Sent By Job
	10695  -  Total Bytes Received By Job
	Partitionable Resources :    Usage  Request Allocated 
	   Cpus                 :        0        1         1 
	   Disk (KB)            :       38       12   2900836 
	   Memory (MB)          :      588     2000      2000 

	Job terminated of its own accord at 2024-09-09T15:06:51Z with exit-code 1.
...
000 (7078293.000.000) 09/09 18:39:28 Job submitted from host: <137.138.55.115:9618?addrs=137.138.55.115-9618+[2001-1458-d00-17--12a]-9618&alias=bigbird23.cern.ch&noUDP&sock=schedd_23881_f548>
...
040 (7078293.000.000) 09/09 18:54:00 Started transferring input files
	Transferring to host: <128.142.248.81:9618?addrs=128.142.248.81-9618+[2001-1458-301-73--100-141]-9618&alias=b9g23p3234.cern.ch&noUDP&sock=slot1_16_133542_2b70_9220>
...
040 (7078293.000.000) 09/09 18:54:00 Finished transferring input files
...
001 (7078293.000.000) 09/09 18:54:01 Job executing on host: <128.142.248.81:9618?addrs=128.142.248.81-9618+[2001-1458-301-73--100-141]-9618&alias=b9g23p3234.cern.ch&noUDP&sock=startd_2952_67aa>
	SlotName: slot1_16@b9g23p3234.cern.ch
	CondorScratchDir = "/pool/condor/dir_3373613"
	Cpus = 1
	Disk = 3055395
	Memory = 2000
...
006 (7078293.000.000) 09/09 18:54:09 Image size of job updated: 144896
	142  -  MemoryUsage of job (MB)
	144896  -  ResidentSetSize of job (KB)
...
006 (7078293.000.000) 09/09 18:54:48 Image size of job updated: 976968
	625  -  MemoryUsage of job (MB)
	639928  -  ResidentSetSize of job (KB)
...
040 (7078293.000.000) 09/09 18:54:48 Started transferring output files
...
040 (7078293.000.000) 09/09 18:54:49 Finished transferring output files
...
005 (7078293.000.000) 09/09 18:54:49 Job terminated.
	(1) Normal termination (return value 1)
		Usr 0 00:00:09, Sys 0 00:00:03  -  Run Remote Usage
		Usr 0 00:00:00, Sys 0 00:00:00  -  Run Local Usage
		Usr 0 00:00:09, Sys 0 00:00:03  -  Total Remote Usage
		Usr 0 00:00:00, Sys 0 00:00:00  -  Total Local Usage
	9805  -  Run Bytes Sent By Job
	10695  -  Run Bytes Received By Job
	9805  -  Total Bytes Sent By Job
	10695  -  Total Bytes Received By Job
	Partitionable Resources :    Usage  Request Allocated 
	   Cpus                 :                 1         1 
	   Disk (KB)            :       34       12   3055395 
	   Memory (MB)          :      625     2000      2000 

	Job terminated of its own accord at 2024-09-09T16:54:48Z with exit-code 1.
...
000 (7078313.000.000) 09/09 19:30:22 Job submitted from host: <137.138.55.115:9618?addrs=137.138.55.115-9618+[2001-1458-d00-17--12a]-9618&alias=bigbird23.cern.ch&noUDP&sock=schedd_23881_f548>
...
040 (7078313.000.000) 09/09 19:32:27 Started transferring input files
	Transferring to host: <128.142.248.241:9618?addrs=128.142.248.241-9618+[2001-1458-301-73--100-f0]-9618&alias=b9g23p2273.cern.ch&noUDP&sock=slot1_4_5517_f9b9_3812>
...
040 (7078313.000.000) 09/09 19:32:27 Finished transferring input files
...
001 (7078313.000.000) 09/09 19:32:28 Job executing on host: <128.142.248.241:9618?addrs=128.142.248.241-9618+[2001-1458-301-73--100-f0]-9618&alias=b9g23p2273.cern.ch&noUDP&sock=startd_4219_7628>
	SlotName: slot1_4@b9g23p2273.cern.ch
	CondorScratchDir = "/pool/condor/dir_610197"
	Cpus = 1
	Disk = 3094065
	Memory = 2000
...
006 (7078313.000.000) 09/09 19:32:37 Image size of job updated: 491332
	480  -  MemoryUsage of job (MB)
	491136  -  ResidentSetSize of job (KB)
...
006 (7078313.000.000) 09/09 19:33:08 Image size of job updated: 976552
	625  -  MemoryUsage of job (MB)
	639640  -  ResidentSetSize of job (KB)
...
040 (7078313.000.000) 09/09 19:33:08 Started transferring output files
...
040 (7078313.000.000) 09/09 19:33:08 Finished transferring output files
...
005 (7078313.000.000) 09/09 19:33:08 Job terminated.
	(1) Normal termination (return value 1)
		Usr 0 00:00:08, Sys 0 00:00:02  -  Run Remote Usage
		Usr 0 00:00:00, Sys 0 00:00:00  -  Run Local Usage
		Usr 0 00:00:08, Sys 0 00:00:02  -  Total Remote Usage
		Usr 0 00:00:00, Sys 0 00:00:00  -  Total Local Usage
	9795  -  Run Bytes Sent By Job
	10695  -  Run Bytes Received By Job
	9795  -  Total Bytes Sent By Job
	10695  -  Total Bytes Received By Job
	Partitionable Resources :    Usage  Request Allocated 
	   Cpus                 :                 1         1 
	   Disk (KB)            :       34       12   3094065 
	   Memory (MB)          :      625     2000      2000 

	Job terminated of its own accord at 2024-09-09T17:33:08Z with exit-code 1.
...
000 (7078322.000.000) 09/09 19:36:07 Job submitted from host: <137.138.55.115:9618?addrs=137.138.55.115-9618+[2001-1458-d00-17--12a]-9618&alias=bigbird23.cern.ch&noUDP&sock=schedd_23881_f548>
...
040 (7078322.000.000) 09/09 20:00:34 Started transferring input files
	Transferring to host: <128.142.248.214:9618?addrs=128.142.248.214-9618+[2001-1458-301-73--100-d5]-9618&alias=b9g23p2447.cern.ch&noUDP&sock=slot1_46_1211864_9179_8445>
...
040 (7078322.000.000) 09/09 20:00:34 Finished transferring input files
...
001 (7078322.000.000) 09/09 20:00:35 Job executing on host: <128.142.248.214:9618?addrs=128.142.248.214-9618+[2001-1458-301-73--100-d5]-9618&alias=b9g23p2447.cern.ch&noUDP&sock=startd_7869_0ed6>
	SlotName: slot1_46@b9g23p2447.cern.ch
	CondorScratchDir = "/pool/condor/dir_10866"
	Cpus = 1
	Disk = 3091749
	Memory = 2000
...
006 (7078322.000.000) 09/09 20:00:44 Image size of job updated: 1
	0  -  MemoryUsage of job (MB)
	0  -  ResidentSetSize of job (KB)
...
006 (7078322.000.000) 09/09 20:05:45 Image size of job updated: 1269592
	1240  -  MemoryUsage of job (MB)
	1269528  -  ResidentSetSize of job (KB)
...
006 (7078322.000.000) 09/09 20:10:46 Image size of job updated: 1554784
	1519  -  MemoryUsage of job (MB)
	1554580  -  ResidentSetSize of job (KB)
...
006 (7078322.000.000) 09/09 20:15:46 Image size of job updated: 1759516
	1697  -  MemoryUsage of job (MB)
	1737504  -  ResidentSetSize of job (KB)
...
006 (7078322.000.000) 09/09 20:20:47 Image size of job updated: 1898484
	1854  -  MemoryUsage of job (MB)
	1898408  -  ResidentSetSize of job (KB)
...
006 (7078322.000.000) 09/09 20:25:48 Image size of job updated: 2032620
	1978  -  MemoryUsage of job (MB)
	2024572  -  ResidentSetSize of job (KB)
...
006 (7078322.000.000) 09/09 20:26:19 Image size of job updated: 2117908
	1978  -  MemoryUsage of job (MB)
	2024572  -  ResidentSetSize of job (KB)
...
040 (7078322.000.000) 09/09 20:26:19 Started transferring output files
...
040 (7078322.000.000) 09/09 20:26:20 Finished transferring output files
...
005 (7078322.000.000) 09/09 20:26:20 Job terminated.
	(1) Normal termination (return value 0)
		Usr 0 00:22:50, Sys 0 00:00:16  -  Run Remote Usage
		Usr 0 00:00:00, Sys 0 00:00:00  -  Run Local Usage
		Usr 0 00:22:50, Sys 0 00:00:16  -  Total Remote Usage
		Usr 0 00:00:00, Sys 0 00:00:00  -  Total Local Usage
	13222  -  Run Bytes Sent By Job
	10695  -  Run Bytes Received By Job
	13222  -  Total Bytes Sent By Job
	10695  -  Total Bytes Received By Job
	Partitionable Resources :    Usage  Request Allocated 
	   Cpus                 :     0.95        1         1 
	   Disk (KB)            :    44          12   3091749 
	   Memory (MB)          :  1978        2000      2000 

	Job terminated of its own accord at 2024-09-09T18:26:19Z with exit-code 0.
...
000 (7078534.000.000) 09/10 00:04:22 Job submitted from host: <137.138.55.115:9618?addrs=137.138.55.115-9618+[2001-1458-d00-17--12a]-9618&alias=bigbird23.cern.ch&noUDP&sock=schedd_23881_f548>
...
040 (7078534.000.000) 09/10 00:05:57 Started transferring input files
	Transferring to host: <188.185.194.123:9618?addrs=188.185.194.123-9618+[2001-1458-303-21--100-77]-9618&alias=b9p20p9107.cern.ch&noUDP&sock=slot1_27_224937_3714_12839>
...
040 (7078534.000.000) 09/10 00:05:57 Finished transferring input files
...
001 (7078534.000.000) 09/10 00:05:58 Job executing on host: <188.185.194.123:9618?addrs=188.185.194.123-9618+[2001-1458-303-21--100-77]-9618&alias=b9p20p9107.cern.ch&noUDP&sock=startd_175428_9851>
	SlotName: slot1_27@b9p20p9107.cern.ch
	CondorScratchDir = "/pool/condor/dir_1990576"
	Cpus = 1
	Disk = 2975645
	Memory = 2000
...
006 (7078534.000.000) 09/10 00:06:06 Image size of job updated: 1
	0  -  MemoryUsage of job (MB)
	0  -  ResidentSetSize of job (KB)
...
006 (7078534.000.000) 09/10 00:11:06 Image size of job updated: 1193624
	1166  -  MemoryUsage of job (MB)
	1193620  -  ResidentSetSize of job (KB)
...
006 (7078534.000.000) 09/10 00:16:07 Image size of job updated: 1523460
	1325  -  MemoryUsage of job (MB)
	1356324  -  ResidentSetSize of job (KB)
...
006 (7078534.000.000) 09/10 00:21:08 Image size of job updated: 1523460
	1428  -  MemoryUsage of job (MB)
	1461300  -  ResidentSetSize of job (KB)
...
006 (7078534.000.000) 09/10 00:26:08 Image size of job updated: 1793948
	1543  -  MemoryUsage of job (MB)
	1579964  -  ResidentSetSize of job (KB)
...
006 (7078534.000.000) 09/10 00:31:08 Image size of job updated: 1793948
	1611  -  MemoryUsage of job (MB)
	1648936  -  ResidentSetSize of job (KB)
...
006 (7078534.000.000) 09/10 00:36:09 Image size of job updated: 1966196
	1701  -  MemoryUsage of job (MB)
	1741616  -  ResidentSetSize of job (KB)
...
006 (7078534.000.000) 09/10 00:41:09 Image size of job updated: 2097540
	1865  -  MemoryUsage of job (MB)
	1909220  -  ResidentSetSize of job (KB)
...
040 (7078534.000.000) 09/10 01:32:57 Started transferring output files
...
040 (7078534.000.000) 09/10 01:32:57 Finished transferring output files
...
005 (7078534.000.000) 09/10 01:32:58 Job terminated.
	(1) Normal termination (return value 0)
		Usr 0 01:24:25, Sys 0 00:00:28  -  Run Remote Usage
		Usr 0 00:00:00, Sys 0 00:00:00  -  Run Local Usage
		Usr 0 01:24:25, Sys 0 00:00:28  -  Total Remote Usage
		Usr 0 00:00:00, Sys 0 00:00:00  -  Total Local Usage
	13232  -  Run Bytes Sent By Job
	10699  -  Run Bytes Received By Job
	13232  -  Total Bytes Sent By Job
	10699  -  Total Bytes Received By Job
	Partitionable Resources :    Usage  Request Allocated 
	   Cpus                 :     0.99        1         1 
	   Disk (KB)            :    45          12   2975645 
	   Memory (MB)          :  1865        2000      2000 

	Job terminated of its own accord at 2024-09-09T23:32:57Z with exit-code 0.
...
000 (7079173.000.000) 09/10 10:35:11 Job submitted from host: <137.138.55.115:9618?addrs=137.138.55.115-9618+[2001-1458-d00-17--12a]-9618&alias=bigbird23.cern.ch&noUDP&sock=schedd_23881_f548>
...
009 (7079173.000.000) 09/10 10:36:23 Job was aborted.
	via condor_rm (by user fsalerno)
...
000 (7079174.000.000) 09/10 10:37:19 Job submitted from host: <137.138.55.115:9618?addrs=137.138.55.115-9618+[2001-1458-d00-17--12a]-9618&alias=bigbird23.cern.ch&noUDP&sock=schedd_23881_f548>
...
040 (7079174.000.000) 09/10 11:04:35 Started transferring input files
	Transferring to host: <188.185.195.181:9618?addrs=188.185.195.181-9618+[2001-1458-303-22--100-b1]-9618&alias=b9p17p4788.cern.ch&noUDP&sock=slot1_36_2553143_f628_25696>
...
040 (7079174.000.000) 09/10 11:04:35 Finished transferring input files
...
001 (7079174.000.000) 09/10 11:04:36 Job executing on host: <188.185.195.181:9618?addrs=188.185.195.181-9618+[2001-1458-303-22--100-b1]-9618&alias=b9p17p4788.cern.ch&noUDP&sock=startd_177903_3d38>
	SlotName: slot1_36@b9p17p4788.cern.ch
	CondorScratchDir = "/pool/condor/dir_618751"
	Cpus = 1
	Disk = 3082044
	Memory = 2000
...
006 (7079174.000.000) 09/10 11:04:45 Image size of job updated: 20877164
	14  -  MemoryUsage of job (MB)
	14228  -  ResidentSetSize of job (KB)
...
000 (7081818.000.000) 09/11 17:58:46 Job submitted from host: <137.138.55.115:9618?addrs=137.138.55.115-9618+[2001-1458-d00-17--12a]-9618&alias=bigbird23.cern.ch&noUDP&sock=schedd_23881_f548>
...
000 (7081819.000.000) 09/11 17:58:56 Job submitted from host: <137.138.55.115:9618?addrs=137.138.55.115-9618+[2001-1458-d00-17--12a]-9618&alias=bigbird23.cern.ch&noUDP&sock=schedd_23881_f548>
...
009 (7081818.000.000) 09/11 17:59:21 Job was aborted.
	via condor_rm (by user fsalerno)
...
040 (7081819.000.000) 09/11 18:03:09 Started transferring input files
	Transferring to host: <188.185.194.179:9618?addrs=188.185.194.179-9618+[2001-1458-303-21--100-af]-9618&alias=b9p20p2191.cern.ch&noUDP&sock=slot1_22_5833_a046_20424>
...
040 (7081819.000.000) 09/11 18:03:09 Finished transferring input files
...
001 (7081819.000.000) 09/11 18:03:10 Job executing on host: <188.185.194.179:9618?addrs=188.185.194.179-9618+[2001-1458-303-21--100-af]-9618&alias=b9p20p2191.cern.ch&noUDP&sock=startd_4822_11c4>
	SlotName: slot1_22@b9p20p2191.cern.ch
	CondorScratchDir = "/pool/condor/dir_3975885"
	Cpus = 1
	Disk = 3072375
	Memory = 2000
...
006 (7081819.000.000) 09/11 18:03:19 Image size of job updated: 266052
	259  -  MemoryUsage of job (MB)
	264660  -  ResidentSetSize of job (KB)
...
006 (7081819.000.000) 09/11 18:05:09 Image size of job updated: 940884
	602  -  MemoryUsage of job (MB)
	615752  -  ResidentSetSize of job (KB)
...
040 (7081819.000.000) 09/11 18:05:23 Started transferring output files
...
040 (7081819.000.000) 09/11 18:05:26 Finished transferring output files
...
005 (7081819.000.000) 09/11 18:05:30 Job terminated.
	(1) Normal termination (return value 1)
		Usr 0 00:00:14, Sys 0 00:00:04  -  Run Remote Usage
		Usr 0 00:00:00, Sys 0 00:00:00  -  Run Local Usage
		Usr 0 00:00:14, Sys 0 00:00:04  -  Total Remote Usage
		Usr 0 00:00:00, Sys 0 00:00:00  -  Total Local Usage
	8290  -  Run Bytes Sent By Job
	10695  -  Run Bytes Received By Job
	8290  -  Total Bytes Sent By Job
	10695  -  Total Bytes Received By Job
	Partitionable Resources :    Usage  Request Allocated 
	   Cpus                 :        0        1         1 
	   Disk (KB)            :       40       12   3072375 
	   Memory (MB)          :      602     2000      2000 

	Job terminated of its own accord at 2024-09-11T16:05:09Z with exit-code 1.
...
004 (7079174.000.000) 09/11 18:08:54 Job was evicted.
	(0) CPU times
		Usr 0 01:08:37, Sys 0 00:01:21  -  Run Remote Usage
		Usr 0 00:00:00, Sys 0 00:00:00  -  Run Local Usage
	0  -  Run Bytes Sent By Job
	10695  -  Run Bytes Received By Job
	Partitionable Resources :    Usage  Request Allocated 
	   Cpus                 :        0        1         1 
	   Disk (KB)            :       34       12   3082044 
	   Memory (MB)          :       14     2000      2000 
...
009 (7079174.000.000) 09/11 18:08:54 Job was aborted.
	via condor_rm (by user fsalerno)
...
000 (7081857.000.000) 09/11 18:47:20 Job submitted from host: <137.138.55.115:9618?addrs=137.138.55.115-9618+[2001-1458-d00-17--12a]-9618&alias=bigbird23.cern.ch&noUDP&sock=schedd_23881_f548>
...
040 (7081857.000.000) 09/11 18:55:19 Started transferring input files
	Transferring to host: <188.185.198.111:9618?addrs=188.185.198.111-9618+[2001-1458-303-25--100-6b]-9618&alias=b9p15p4924.cern.ch&noUDP&sock=slot1_22_11906_9a9d_27592>
...
040 (7081857.000.000) 09/11 18:55:19 Finished transferring input files
...
001 (7081857.000.000) 09/11 18:55:20 Job executing on host: <188.185.198.111:9618?addrs=188.185.198.111-9618+[2001-1458-303-25--100-6b]-9618&alias=b9p15p4924.cern.ch&noUDP&sock=startd_11856_ceef>
	SlotName: slot1_22@b9p15p4924.cern.ch
	CondorScratchDir = "/pool/condor/dir_2096501"
	Cpus = 1
	Disk = 3225511
	Memory = 2000
...
006 (7081857.000.000) 09/11 18:55:29 Image size of job updated: 40516
	39  -  MemoryUsage of job (MB)
	38996  -  ResidentSetSize of job (KB)
...
006 (7081857.000.000) 09/11 19:00:30 Image size of job updated: 1515612
	1081  -  MemoryUsage of job (MB)
	1105972  -  ResidentSetSize of job (KB)
...
040 (7081857.000.000) 09/11 19:00:36 Started transferring output files
...
040 (7081857.000.000) 09/11 19:00:36 Finished transferring output files
...
005 (7081857.000.000) 09/11 19:00:36 Job terminated.
	(1) Normal termination (return value 0)
		Usr 0 00:04:19, Sys 0 00:00:10  -  Run Remote Usage
		Usr 0 00:00:00, Sys 0 00:00:00  -  Run Local Usage
		Usr 0 00:04:19, Sys 0 00:00:10  -  Total Remote Usage
		Usr 0 00:00:00, Sys 0 00:00:00  -  Total Local Usage
	8907  -  Run Bytes Sent By Job
	10695  -  Run Bytes Received By Job
	8907  -  Total Bytes Sent By Job
	10695  -  Total Bytes Received By Job
	Partitionable Resources :    Usage  Request Allocated 
	   Cpus                 :        0        1         1 
	   Disk (KB)            :       40       12   3225511 
	   Memory (MB)          :     1081     2000      2000 

	Job terminated of its own accord at 2024-09-11T17:00:36Z with exit-code 0.
...
000 (7081948.000.000) 09/11 19:42:24 Job submitted from host: <137.138.55.115:9618?addrs=137.138.55.115-9618+[2001-1458-d00-17--12a]-9618&alias=bigbird23.cern.ch&noUDP&sock=schedd_23881_f548>
...
040 (7081948.000.000) 09/11 19:48:10 Started transferring input files
	Transferring to host: <188.185.192.16:9618?addrs=188.185.192.16-9618+[2001-1458-303-1f--100-c]-9618&alias=b9p13p3146.cern.ch&noUDP&sock=slot1_16_8361_d4ad_21750>
...
040 (7081948.000.000) 09/11 19:48:10 Finished transferring input files
...
001 (7081948.000.000) 09/11 19:48:11 Job executing on host: <188.185.192.16:9618?addrs=188.185.192.16-9618+[2001-1458-303-1f--100-c]-9618&alias=b9p13p3146.cern.ch&noUDP&sock=startd_7736_d4bd>
	SlotName: slot1_16@b9p13p3146.cern.ch
	CondorScratchDir = "/pool/condor/dir_2965634"
	Cpus = 1
	Disk = 2928836
	Memory = 2000
...
006 (7081948.000.000) 09/11 19:48:20 Image size of job updated: 70684
	70  -  MemoryUsage of job (MB)
	70684  -  ResidentSetSize of job (KB)
...
006 (7081948.000.000) 09/11 19:53:21 Image size of job updated: 1331416
	1301  -  MemoryUsage of job (MB)
	1331356  -  ResidentSetSize of job (KB)
...
006 (7081948.000.000) 09/11 19:55:37 Image size of job updated: 2309368
	1301  -  MemoryUsage of job (MB)
	1331356  -  ResidentSetSize of job (KB)
...
040 (7081948.000.000) 09/11 19:55:37 Started transferring output files
...
040 (7081948.000.000) 09/11 19:55:37 Finished transferring output files
...
005 (7081948.000.000) 09/11 19:55:37 Job terminated.
	(1) Normal termination (return value 0)
		Usr 0 00:04:37, Sys 0 00:00:08  -  Run Remote Usage
		Usr 0 00:00:00, Sys 0 00:00:00  -  Run Local Usage
		Usr 0 00:04:37, Sys 0 00:00:08  -  Total Remote Usage
		Usr 0 00:00:00, Sys 0 00:00:00  -  Total Local Usage
	8351  -  Run Bytes Sent By Job
	10701  -  Run Bytes Received By Job
	8351  -  Total Bytes Sent By Job
	10701  -  Total Bytes Received By Job
	Partitionable Resources :    Usage  Request Allocated 
	   Cpus                 :     0.06        1         1 
	   Disk (KB)            :    41          12   2928836 
	   Memory (MB)          :  1301        2000      2000 

	Job terminated of its own accord at 2024-09-11T17:55:37Z with exit-code 0.
...
000 (7082223.000.000) 09/12 01:51:09 Job submitted from host: <137.138.55.115:9618?addrs=137.138.55.115-9618+[2001-1458-d00-17--12a]-9618&alias=bigbird23.cern.ch&noUDP&sock=schedd_23881_f548>
...
040 (7082223.000.000) 09/12 02:01:59 Started transferring input files
	Transferring to host: <188.185.195.52:9618?addrs=188.185.195.52-9618+[2001-1458-303-22--100-30]-9618&alias=b9p17p3007.cern.ch&noUDP&sock=slot1_18_5708_8d61_21400>
...
040 (7082223.000.000) 09/12 02:01:59 Finished transferring input files
...
001 (7082223.000.000) 09/12 02:02:00 Job executing on host: <188.185.195.52:9618?addrs=188.185.195.52-9618+[2001-1458-303-22--100-30]-9618&alias=b9p17p3007.cern.ch&noUDP&sock=startd_4567_291d>
	SlotName: slot1_18@b9p17p3007.cern.ch
	CondorScratchDir = "/pool/condor/dir_627155"
	Cpus = 1
	Disk = 2890096
	Memory = 2000
...
006 (7082223.000.000) 09/12 02:02:09 Image size of job updated: 262420
	255  -  MemoryUsage of job (MB)
	260360  -  ResidentSetSize of job (KB)
...
006 (7082223.000.000) 09/12 02:06:49 Image size of job updated: 2355836
	751  -  MemoryUsage of job (MB)
	768428  -  ResidentSetSize of job (KB)
...
040 (7082223.000.000) 09/12 02:06:49 Started transferring output files
...
040 (7082223.000.000) 09/12 02:06:49 Finished transferring output files
...
005 (7082223.000.000) 09/12 02:06:51 Job terminated.
	(1) Normal termination (return value 0)
		Usr 0 00:04:02, Sys 0 00:00:07  -  Run Remote Usage
		Usr 0 00:00:00, Sys 0 00:00:00  -  Run Local Usage
		Usr 0 00:04:02, Sys 0 00:00:07  -  Total Remote Usage
		Usr 0 00:00:00, Sys 0 00:00:00  -  Total Local Usage
	8351  -  Run Bytes Sent By Job
	10701  -  Run Bytes Received By Job
	8351  -  Total Bytes Sent By Job
	10701  -  Total Bytes Received By Job
	Partitionable Resources :    Usage  Request Allocated 
	   Cpus                 :     0.96        1         1 
	   Disk (KB)            :    40          12   2890096 
	   Memory (MB)          :   751        2000      2000 

	Job terminated of its own accord at 2024-09-12T00:06:49Z with exit-code 0.
...
000 (7082259.000.000) 09/12 02:44:19 Job submitted from host: <137.138.55.115:9618?addrs=137.138.55.115-9618+[2001-1458-d00-17--12a]-9618&alias=bigbird23.cern.ch&noUDP&sock=schedd_23881_f548>
...
040 (7082259.000.000) 09/12 02:56:47 Started transferring input files
	Transferring to host: <128.142.193.198:9618?addrs=128.142.193.198-9618+[2001-1458-301-8--100-42]-9618&alias=b9g21p3229.cern.ch&noUDP&sock=slot1_17_1615848_d7a5_45620>
...
040 (7082259.000.000) 09/12 02:56:47 Finished transferring input files
...
001 (7082259.000.000) 09/12 02:56:48 Job executing on host: <128.142.193.198:9618?addrs=128.142.193.198-9618+[2001-1458-301-8--100-42]-9618&alias=b9g21p3229.cern.ch&noUDP&sock=startd_5718_a69f>
	SlotName: slot1_17@b9g21p3229.cern.ch
	CondorScratchDir = "/pool/condor/dir_2203586"
	Cpus = 1
	Disk = 1348703
	Memory = 2000
...
006 (7082259.000.000) 09/12 02:56:57 Image size of job updated: 1
	0  -  MemoryUsage of job (MB)
	0  -  ResidentSetSize of job (KB)
...
006 (7082259.000.000) 09/12 03:01:58 Image size of job updated: 2350156
	1947  -  MemoryUsage of job (MB)
	1992748  -  ResidentSetSize of job (KB)
...
006 (7082259.000.000) 09/12 03:06:59 Image size of job updated: 2576196
	2215  -  MemoryUsage of job (MB)
	2267788  -  ResidentSetSize of job (KB)
...
006 (7082259.000.000) 09/12 03:11:59 Image size of job updated: 2755408
	2331  -  MemoryUsage of job (MB)
	2385944  -  ResidentSetSize of job (KB)
...
006 (7082259.000.000) 09/12 03:16:59 Image size of job updated: 2782732
	2413  -  MemoryUsage of job (MB)
	2469956  -  ResidentSetSize of job (KB)
...
006 (7082259.000.000) 09/12 03:22:00 Image size of job updated: 2845428
	2481  -  MemoryUsage of job (MB)
	2539636  -  ResidentSetSize of job (KB)
...
006 (7082259.000.000) 09/12 03:27:00 Image size of job updated: 2915852
	2544  -  MemoryUsage of job (MB)
	2604976  -  ResidentSetSize of job (KB)
...
006 (7082259.000.000) 09/12 03:32:00 Image size of job updated: 2979784
	2609  -  MemoryUsage of job (MB)
	2670864  -  ResidentSetSize of job (KB)
...
006 (7082259.000.000) 09/12 03:37:01 Image size of job updated: 3094704
	2682  -  MemoryUsage of job (MB)
	2745856  -  ResidentSetSize of job (KB)
...
006 (7082259.000.000) 09/12 03:42:02 Image size of job updated: 3131136
	2745  -  MemoryUsage of job (MB)
	2810708  -  ResidentSetSize of job (KB)
...
006 (7082259.000.000) 09/12 03:47:02 Image size of job updated: 3173416
	2797  -  MemoryUsage of job (MB)
	2863940  -  ResidentSetSize of job (KB)
...
006 (7082259.000.000) 09/12 04:07:05 Image size of job updated: 3173416
	2809  -  MemoryUsage of job (MB)
	2875596  -  ResidentSetSize of job (KB)
...
006 (7082259.000.000) 09/12 04:12:06 Image size of job updated: 3173416
	2949  -  MemoryUsage of job (MB)
	3018996  -  ResidentSetSize of job (KB)
...
040 (7082259.000.000) 09/12 04:12:48 Started transferring output files
...
040 (7082259.000.000) 09/12 04:12:48 Finished transferring output files
...
005 (7082259.000.000) 09/12 04:12:48 Job terminated.
	(1) Normal termination (return value 0)
		Usr 0 01:11:35, Sys 0 00:00:50  -  Run Remote Usage
		Usr 0 00:00:00, Sys 0 00:00:00  -  Run Local Usage
		Usr 0 01:11:35, Sys 0 00:00:50  -  Total Remote Usage
		Usr 0 00:00:00, Sys 0 00:00:00  -  Total Local Usage
	16408  -  Run Bytes Sent By Job
	10701  -  Run Bytes Received By Job
	16408  -  Total Bytes Sent By Job
	10701  -  Total Bytes Received By Job
	Partitionable Resources :    Usage  Request Allocated 
	   Cpus                 :     0.97        1         1 
	   Disk (KB)            :    48          12   1348703 
	   Memory (MB)          :  2949        2000      2000 

	Job terminated of its own accord at 2024-09-12T02:12:48Z with exit-code 0.
...
000 (7083518.000.000) 09/12 20:21:06 Job submitted from host: <137.138.55.115:9618?addrs=137.138.55.115-9618+[2001-1458-d00-17--12a]-9618&alias=bigbird23.cern.ch&noUDP&sock=schedd_23881_f548>
...
040 (7083518.000.000) 09/12 20:25:31 Started transferring input files
	Transferring to host: <188.185.215.159:9618?addrs=188.185.215.159-9618+[2001-1458-303-26--100-1b]-9618&alias=b9p18p6316.cern.ch&noUDP&sock=slot1_22_7474_dbe9_20612>
...
040 (7083518.000.000) 09/12 20:25:31 Finished transferring input files
...
001 (7083518.000.000) 09/12 20:25:32 Job executing on host: <188.185.215.159:9618?addrs=188.185.215.159-9618+[2001-1458-303-26--100-1b]-9618&alias=b9p18p6316.cern.ch&noUDP&sock=startd_6567_fe87>
	SlotName: slot1_22@b9p18p6316.cern.ch
	CondorScratchDir = "/pool/condor/dir_788676"
	Cpus = 1
	Disk = 3005896
	Memory = 2000
...
006 (7083518.000.000) 09/12 20:25:41 Image size of job updated: 50020
	49  -  MemoryUsage of job (MB)
	49860  -  ResidentSetSize of job (KB)
...
006 (7083518.000.000) 09/12 20:30:42 Image size of job updated: 1342512
	1311  -  MemoryUsage of job (MB)
	1342012  -  ResidentSetSize of job (KB)
...
006 (7083518.000.000) 09/12 20:35:42 Image size of job updated: 1711092
	1671  -  MemoryUsage of job (MB)
	1710840  -  ResidentSetSize of job (KB)
...
006 (7083518.000.000) 09/12 20:40:42 Image size of job updated: 1837500
	1671  -  MemoryUsage of job (MB)
	1710840  -  ResidentSetSize of job (KB)
...
006 (7083518.000.000) 09/12 20:45:43 Image size of job updated: 1954096
	1696  -  MemoryUsage of job (MB)
	1736044  -  ResidentSetSize of job (KB)
...
006 (7083518.000.000) 09/12 20:50:43 Image size of job updated: 1954096
	1712  -  MemoryUsage of job (MB)
	1752136  -  ResidentSetSize of job (KB)
...
006 (7083518.000.000) 09/12 20:55:43 Image size of job updated: 1954096
	1724  -  MemoryUsage of job (MB)
	1764688  -  ResidentSetSize of job (KB)
...
006 (7083518.000.000) 09/12 21:00:44 Image size of job updated: 2029012
	1982  -  MemoryUsage of job (MB)
	2028792  -  ResidentSetSize of job (KB)
...
006 (7083518.000.000) 09/12 21:05:45 Image size of job updated: 2172260
	1982  -  MemoryUsage of job (MB)
	2029048  -  ResidentSetSize of job (KB)
...
006 (7083518.000.000) 09/12 21:15:46 Image size of job updated: 2307764
	1982  -  MemoryUsage of job (MB)
	2029048  -  ResidentSetSize of job (KB)
...
006 (7083518.000.000) 09/12 21:20:47 Image size of job updated: 2307764
	1985  -  MemoryUsage of job (MB)
	2031752  -  ResidentSetSize of job (KB)
...
006 (7083518.000.000) 09/12 21:25:47 Image size of job updated: 2307764
	1999  -  MemoryUsage of job (MB)
	2046660  -  ResidentSetSize of job (KB)
...
006 (7083518.000.000) 09/12 21:30:47 Image size of job updated: 2336576
	2042  -  MemoryUsage of job (MB)
	2090412  -  ResidentSetSize of job (KB)
...
006 (7083518.000.000) 09/12 21:35:48 Image size of job updated: 2336576
	2063  -  MemoryUsage of job (MB)
	2111896  -  ResidentSetSize of job (KB)
...
006 (7083518.000.000) 09/12 21:40:48 Image size of job updated: 2336576
	2067  -  MemoryUsage of job (MB)
	2116284  -  ResidentSetSize of job (KB)
...
006 (7083518.000.000) 09/12 21:45:48 Image size of job updated: 2336576
	2077  -  MemoryUsage of job (MB)
	2126752  -  ResidentSetSize of job (KB)
...
040 (7083518.000.000) 09/12 21:50:22 Started transferring output files
...
040 (7083518.000.000) 09/12 21:50:23 Finished transferring output files
...
005 (7083518.000.000) 09/12 21:50:23 Job terminated.
	(1) Normal termination (return value 0)
		Usr 0 01:18:14, Sys 0 00:00:30  -  Run Remote Usage
		Usr 0 00:00:00, Sys 0 00:00:00  -  Run Local Usage
		Usr 0 01:18:14, Sys 0 00:00:30  -  Total Remote Usage
		Usr 0 00:00:00, Sys 0 00:00:00  -  Total Local Usage
	14588  -  Run Bytes Sent By Job
	10651  -  Run Bytes Received By Job
	14588  -  Total Bytes Sent By Job
	10651  -  Total Bytes Received By Job
	Partitionable Resources :    Usage  Request Allocated 
	   Cpus                 :     0.90        1         1 
	   Disk (KB)            :    46          12   3005896 
	   Memory (MB)          :  2077        2000      2000 

	Job terminated of its own accord at 2024-09-12T19:50:22Z with exit-code 0.
...
000 (7088011.000.000) 09/12 23:23:39 Job submitted from host: <137.138.55.115:9618?addrs=137.138.55.115-9618+[2001-1458-d00-17--12a]-9618&alias=bigbird23.cern.ch&noUDP&sock=schedd_23881_f548>
...
040 (7088011.000.000) 09/12 23:25:38 Started transferring input files
	Transferring to host: <128.142.248.218:9618?addrs=128.142.248.218-9618+[2001-1458-301-73--100-d9]-9618&alias=b9g23p2883.cern.ch&noUDP&sock=slot1_46_1412154_fe0a_12047>
...
040 (7088011.000.000) 09/12 23:25:38 Finished transferring input files
...
001 (7088011.000.000) 09/12 23:25:39 Job executing on host: <128.142.248.218:9618?addrs=128.142.248.218-9618+[2001-1458-301-73--100-d9]-9618&alias=b9g23p2883.cern.ch&noUDP&sock=startd_1412115_0387>
	SlotName: slot1_46@b9g23p2883.cern.ch
	CondorScratchDir = "/pool/condor/dir_864029"
	Cpus = 1
	Disk = 3067819
	Memory = 2000
...
006 (7088011.000.000) 09/12 23:25:47 Image size of job updated: 302980
	296  -  MemoryUsage of job (MB)
	302980  -  ResidentSetSize of job (KB)
...
006 (7088011.000.000) 09/12 23:27:05 Image size of job updated: 1228420
	652  -  MemoryUsage of job (MB)
	667528  -  ResidentSetSize of job (KB)
...
040 (7088011.000.000) 09/12 23:27:05 Started transferring output files
...
040 (7088011.000.000) 09/12 23:27:05 Finished transferring output files
...
005 (7088011.000.000) 09/12 23:27:05 Job terminated.
	(1) Normal termination (return value 0)
		Usr 0 00:00:57, Sys 0 00:00:06  -  Run Remote Usage
		Usr 0 00:00:00, Sys 0 00:00:00  -  Run Local Usage
		Usr 0 00:00:57, Sys 0 00:00:06  -  Total Remote Usage
		Usr 0 00:00:00, Sys 0 00:00:00  -  Total Local Usage
	15565  -  Run Bytes Sent By Job
	10695  -  Run Bytes Received By Job
	15565  -  Total Bytes Sent By Job
	10695  -  Total Bytes Received By Job
	Partitionable Resources :    Usage  Request Allocated 
	   Cpus                 :        0        1         1 
	   Disk (KB)            :       47       12   3067819 
	   Memory (MB)          :      652     2000      2000 

	Job terminated of its own accord at 2024-09-12T21:27:05Z with exit-code 0.
...
000 (7088249.000.000) 09/13 00:01:31 Job submitted from host: <137.138.55.115:9618?addrs=137.138.55.115-9618+[2001-1458-d00-17--12a]-9618&alias=bigbird23.cern.ch&noUDP&sock=schedd_23881_f548>
...
040 (7088249.000.000) 09/13 00:07:53 Started transferring input files
	Transferring to host: <188.185.192.103:9618?addrs=188.185.192.103-9618+[2001-1458-303-1f--100-63]-9618&alias=b9p13p8184.cern.ch&noUDP&sock=slot1_22_1377966_741c_21725>
...
040 (7088249.000.000) 09/13 00:07:53 Finished transferring input files
...
001 (7088249.000.000) 09/13 00:07:55 Job executing on host: <188.185.192.103:9618?addrs=188.185.192.103-9618+[2001-1458-303-1f--100-63]-9618&alias=b9p13p8184.cern.ch&noUDP&sock=startd_11411_934a>
	SlotName: slot1_22@b9p13p8184.cern.ch
	CondorScratchDir = "/pool/condor/dir_1683589"
	Cpus = 1
	Disk = 2924585
	Memory = 2000
...
006 (7088249.000.000) 09/13 00:08:03 Image size of job updated: 1
	0  -  MemoryUsage of job (MB)
	0  -  ResidentSetSize of job (KB)
...
006 (7088249.000.000) 09/13 00:10:01 Image size of job updated: 1204564
	629  -  MemoryUsage of job (MB)
	643276  -  ResidentSetSize of job (KB)
...
040 (7088249.000.000) 09/13 00:10:01 Started transferring output files
...
040 (7088249.000.000) 09/13 00:10:01 Finished transferring output files
...
005 (7088249.000.000) 09/13 00:10:01 Job terminated.
	(1) Normal termination (return value 0)
		Usr 0 00:00:58, Sys 0 00:00:06  -  Run Remote Usage
		Usr 0 00:00:00, Sys 0 00:00:00  -  Run Local Usage
		Usr 0 00:00:58, Sys 0 00:00:06  -  Total Remote Usage
		Usr 0 00:00:00, Sys 0 00:00:00  -  Total Local Usage
	15497  -  Run Bytes Sent By Job
	10695  -  Run Bytes Received By Job
	15497  -  Total Bytes Sent By Job
	10695  -  Total Bytes Received By Job
	Partitionable Resources :    Usage  Request Allocated 
	   Cpus                 :        0        1         1 
	   Disk (KB)            :       47       12   2924585 
	   Memory (MB)          :      629     2000      2000 

	Job terminated of its own accord at 2024-09-12T22:10:01Z with exit-code 0.
...
000 (7088272.000.000) 09/13 00:11:41 Job submitted from host: <137.138.55.115:9618?addrs=137.138.55.115-9618+[2001-1458-d00-17--12a]-9618&alias=bigbird23.cern.ch&noUDP&sock=schedd_23881_f548>
...
040 (7088272.000.000) 09/13 00:13:14 Started transferring input files
	Transferring to host: <188.184.185.156:9618?addrs=188.184.185.156-9618+[2001-1458-301-52--100-9b]-9618&alias=b9g37p3214.cern.ch&noUDP&sock=slot1_10_3641522_6d2a_17520>
...
040 (7088272.000.000) 09/13 00:13:14 Finished transferring input files
...
001 (7088272.000.000) 09/13 00:13:15 Job executing on host: <188.184.185.156:9618?addrs=188.184.185.156-9618+[2001-1458-301-52--100-9b]-9618&alias=b9g37p3214.cern.ch&noUDP&sock=startd_5249_f4b4>
	SlotName: slot1_10@b9g37p3214.cern.ch
	CondorScratchDir = "/pool/condor/dir_1806382"
	Cpus = 1
	Disk = 2834733
	Memory = 2000
...
006 (7088272.000.000) 09/13 00:13:23 Image size of job updated: 1
	0  -  MemoryUsage of job (MB)
	0  -  ResidentSetSize of job (KB)
...
006 (7088272.000.000) 09/13 00:18:15 Image size of job updated: 1243016
	655  -  MemoryUsage of job (MB)
	670472  -  ResidentSetSize of job (KB)
...
040 (7088272.000.000) 09/13 00:18:15 Started transferring output files
...
040 (7088272.000.000) 09/13 00:18:15 Finished transferring output files
...
005 (7088272.000.000) 09/13 00:18:15 Job terminated.
	(1) Normal termination (return value 0)
		Usr 0 00:02:43, Sys 0 00:00:09  -  Run Remote Usage
		Usr 0 00:00:00, Sys 0 00:00:00  -  Run Local Usage
		Usr 0 00:02:43, Sys 0 00:00:09  -  Total Remote Usage
		Usr 0 00:00:00, Sys 0 00:00:00  -  Total Local Usage
	31248  -  Run Bytes Sent By Job
	10695  -  Run Bytes Received By Job
	31248  -  Total Bytes Sent By Job
	10695  -  Total Bytes Received By Job
	Partitionable Resources :    Usage  Request Allocated 
	   Cpus                 :     0.88        1         1 
	   Disk (KB)            :    62          12   2834733 
	   Memory (MB)          :   655        2000      2000 

	Job terminated of its own accord at 2024-09-12T22:18:15Z with exit-code 0.
...
000 (7088279.000.000) 09/13 00:22:46 Job submitted from host: <137.138.55.115:9618?addrs=137.138.55.115-9618+[2001-1458-d00-17--12a]-9618&alias=bigbird23.cern.ch&noUDP&sock=schedd_23881_f548>
...
040 (7088279.000.000) 09/13 00:23:09 Started transferring input files
	Transferring to host: <188.185.194.127:9618?addrs=188.185.194.127-9618+[2001-1458-303-21--100-7b]-9618&alias=b9p20p9686.cern.ch&noUDP&sock=slot1_17_4081299_1b66_23539>
...
040 (7088279.000.000) 09/13 00:23:09 Finished transferring input files
...
001 (7088279.000.000) 09/13 00:23:10 Job executing on host: <188.185.194.127:9618?addrs=188.185.194.127-9618+[2001-1458-303-21--100-7b]-9618&alias=b9p20p9686.cern.ch&noUDP&sock=startd_6679_d123>
	SlotName: slot1_17@b9p20p9686.cern.ch
	CondorScratchDir = "/pool/condor/dir_837962"
	Cpus = 1
	Disk = 2966346
	Memory = 2000
...
006 (7088279.000.000) 09/13 00:23:19 Image size of job updated: 1
	0  -  MemoryUsage of job (MB)
	0  -  ResidentSetSize of job (KB)
...
006 (7088279.000.000) 09/13 00:27:02 Image size of job updated: 1256484
	642  -  MemoryUsage of job (MB)
	657308  -  ResidentSetSize of job (KB)
...
040 (7088279.000.000) 09/13 00:27:02 Started transferring output files
...
040 (7088279.000.000) 09/13 00:27:02 Finished transferring output files
...
005 (7088279.000.000) 09/13 00:27:02 Job terminated.
	(1) Normal termination (return value 0)
		Usr 0 00:02:33, Sys 0 00:00:06  -  Run Remote Usage
		Usr 0 00:00:00, Sys 0 00:00:00  -  Run Local Usage
		Usr 0 00:02:33, Sys 0 00:00:06  -  Total Remote Usage
		Usr 0 00:00:00, Sys 0 00:00:00  -  Total Local Usage
	15412  -  Run Bytes Sent By Job
	10695  -  Run Bytes Received By Job
	15412  -  Total Bytes Sent By Job
	10695  -  Total Bytes Received By Job
	Partitionable Resources :    Usage  Request Allocated 
	   Cpus                 :     0.95        1         1 
	   Disk (KB)            :    48          12   2966346 
	   Memory (MB)          :   642        2000      2000 

	Job terminated of its own accord at 2024-09-12T22:27:02Z with exit-code 0.
...
000 (7088283.000.000) 09/13 00:27:58 Job submitted from host: <137.138.55.115:9618?addrs=137.138.55.115-9618+[2001-1458-d00-17--12a]-9618&alias=bigbird23.cern.ch&noUDP&sock=schedd_23881_f548>
...
040 (7088283.000.000) 09/13 00:29:16 Started transferring input files
	Transferring to host: <188.184.185.108:9618?addrs=188.184.185.108-9618+[2001-1458-301-52--100-6b]-9618&alias=b9g37p2893.cern.ch&noUDP&sock=slot1_1_3677854_9b70_27634>
...
040 (7088283.000.000) 09/13 00:29:16 Finished transferring input files
...
001 (7088283.000.000) 09/13 00:29:17 Job executing on host: <188.184.185.108:9618?addrs=188.184.185.108-9618+[2001-1458-301-52--100-6b]-9618&alias=b9g37p2893.cern.ch&noUDP&sock=startd_4695_f53d>
	SlotName: slot1_1@b9g37p2893.cern.ch
	CondorScratchDir = "/pool/condor/dir_3132405"
	Cpus = 1
	Disk = 2510126
	Memory = 2000
...
006 (7088283.000.000) 09/13 00:29:26 Image size of job updated: 1380
	2  -  MemoryUsage of job (MB)
	1380  -  ResidentSetSize of job (KB)
...
006 (7088283.000.000) 09/13 00:31:17 Image size of job updated: 649720
	635  -  MemoryUsage of job (MB)
	649720  -  ResidentSetSize of job (KB)
...
040 (7088283.000.000) 09/13 00:31:17 Started transferring output files
...
040 (7088283.000.000) 09/13 00:31:17 Finished transferring output files
...
005 (7088283.000.000) 09/13 00:31:18 Job terminated.
	(1) Normal termination (return value 0)
		Usr 0 00:00:52, Sys 0 00:00:06  -  Run Remote Usage
		Usr 0 00:00:00, Sys 0 00:00:00  -  Run Local Usage
		Usr 0 00:00:52, Sys 0 00:00:06  -  Total Remote Usage
		Usr 0 00:00:00, Sys 0 00:00:00  -  Total Local Usage
	15376  -  Run Bytes Sent By Job
	10695  -  Run Bytes Received By Job
	15376  -  Total Bytes Sent By Job
	10695  -  Total Bytes Received By Job
	Partitionable Resources :    Usage  Request Allocated 
	   Cpus                 :                 1         1 
	   Disk (KB)            :       39       12   2510126 
	   Memory (MB)          :      635     2000      2000 

	Job terminated of its own accord at 2024-09-12T22:31:17Z with exit-code 0.
...
000 (7088288.000.000) 09/13 00:34:08 Job submitted from host: <137.138.55.115:9618?addrs=137.138.55.115-9618+[2001-1458-d00-17--12a]-9618&alias=bigbird23.cern.ch&noUDP&sock=schedd_23881_f548>
...
040 (7088288.000.000) 09/13 00:36:59 Started transferring input files
	Transferring to host: <188.185.198.130:9618?addrs=188.185.198.130-9618+[2001-1458-303-25--100-7e]-9618&alias=b9p15p3627.cern.ch&noUDP&sock=slot1_25_839118_4a84_33198>
...
040 (7088288.000.000) 09/13 00:36:59 Finished transferring input files
...
001 (7088288.000.000) 09/13 00:37:00 Job executing on host: <188.185.198.130:9618?addrs=188.185.198.130-9618+[2001-1458-303-25--100-7e]-9618&alias=b9p15p3627.cern.ch&noUDP&sock=startd_11434_59f7>
	SlotName: slot1_25@b9p15p3627.cern.ch
	CondorScratchDir = "/pool/condor/dir_118013"
	Cpus = 1
	Disk = 3022981
	Memory = 2000
...
006 (7088288.000.000) 09/13 00:37:08 Image size of job updated: 149356
	146  -  MemoryUsage of job (MB)
	148544  -  ResidentSetSize of job (KB)
...
006 (7088288.000.000) 09/13 00:39:20 Image size of job updated: 1247768
	637  -  MemoryUsage of job (MB)
	651732  -  ResidentSetSize of job (KB)
...
040 (7088288.000.000) 09/13 00:39:20 Started transferring output files
...
040 (7088288.000.000) 09/13 00:39:20 Finished transferring output files
...
005 (7088288.000.000) 09/13 00:39:20 Job terminated.
	(1) Normal termination (return value 0)
		Usr 0 00:01:33, Sys 0 00:00:06  -  Run Remote Usage
		Usr 0 00:00:00, Sys 0 00:00:00  -  Run Local Usage
		Usr 0 00:01:33, Sys 0 00:00:06  -  Total Remote Usage
		Usr 0 00:00:00, Sys 0 00:00:00  -  Total Local Usage
	12555  -  Run Bytes Sent By Job
	10693  -  Run Bytes Received By Job
	12555  -  Total Bytes Sent By Job
	10693  -  Total Bytes Received By Job
	Partitionable Resources :    Usage  Request Allocated 
	   Cpus                 :        0        1         1 
	   Disk (KB)            :       44       12   3022981 
	   Memory (MB)          :      637     2000      2000 

	Job terminated of its own accord at 2024-09-12T22:39:20Z with exit-code 0.
...
000 (7164696.000.000) 09/24 11:55:09 Job submitted from host: <137.138.55.115:9618?addrs=137.138.55.115-9618+[2001-1458-d00-17--12a]-9618&alias=bigbird23.cern.ch&noUDP&sock=schedd_4975_03c1>
...
040 (7164696.000.000) 09/24 12:18:42 Started transferring input files
	Transferring to host: <188.185.192.123:9618?addrs=188.185.192.123-9618+[2001-1458-303-1f--100-77]-9618&alias=b9p13p6739.cern.ch&noUDP&sock=slot1_10_3898266_ccf3_28422>
...
040 (7164696.000.000) 09/24 12:18:42 Finished transferring input files
...
001 (7164696.000.000) 09/24 12:18:43 Job executing on host: <188.185.192.123:9618?addrs=188.185.192.123-9618+[2001-1458-303-1f--100-77]-9618&alias=b9p13p6739.cern.ch&noUDP&sock=startd_127899_a77f>
	SlotName: slot1_10@b9p13p6739.cern.ch
	CondorScratchDir = "/pool/condor/dir_647364"
	Cpus = 1
	Disk = 2961109
	Memory = 2000
...
006 (7164696.000.000) 09/24 12:18:52 Image size of job updated: 1
	0  -  MemoryUsage of job (MB)
	0  -  ResidentSetSize of job (KB)
...
006 (7164696.000.000) 09/24 12:20:49 Image size of job updated: 897384
	594  -  MemoryUsage of job (MB)
	607248  -  ResidentSetSize of job (KB)
...
040 (7164696.000.000) 09/24 12:20:49 Started transferring output files
...
040 (7164696.000.000) 09/24 12:20:50 Finished transferring output files
...
005 (7164696.000.000) 09/24 12:20:50 Job terminated.
	(1) Normal termination (return value 1)
		Usr 0 00:00:11, Sys 0 00:00:04  -  Run Remote Usage
		Usr 0 00:00:00, Sys 0 00:00:00  -  Run Local Usage
		Usr 0 00:00:11, Sys 0 00:00:04  -  Total Remote Usage
		Usr 0 00:00:00, Sys 0 00:00:00  -  Total Local Usage
	10640  -  Run Bytes Sent By Job
	10699  -  Run Bytes Received By Job
	10640  -  Total Bytes Sent By Job
	10699  -  Total Bytes Received By Job
	Partitionable Resources :    Usage  Request Allocated 
	   Cpus                 :        0        1         1 
	   Disk (KB)            :       42       12   2961109 
	   Memory (MB)          :      594     2000      2000 

	Job terminated of its own accord at 2024-09-24T10:20:49Z with exit-code 1.
...
000 (7170384.000.000) 09/24 12:28:03 Job submitted from host: <137.138.55.115:9618?addrs=137.138.55.115-9618+[2001-1458-d00-17--12a]-9618&alias=bigbird23.cern.ch&noUDP&sock=schedd_4975_03c1>
...
009 (7170384.000.000) 09/24 12:28:39 Job was aborted.
	via condor_rm (by user fsalerno)
...
000 (7170410.000.000) 09/24 12:33:37 Job submitted from host: <137.138.55.115:9618?addrs=137.138.55.115-9618+[2001-1458-d00-17--12a]-9618&alias=bigbird23.cern.ch&noUDP&sock=schedd_4975_03c1>
...
009 (7170410.000.000) 09/24 13:00:39 Job was aborted.
	via condor_rm (by user fsalerno)
...
000 (7171870.000.000) 09/24 13:09:33 Job submitted from host: <137.138.55.115:9618?addrs=137.138.55.115-9618+[2001-1458-d00-17--12a]-9618&alias=bigbird23.cern.ch&noUDP&sock=schedd_4975_03c1>
...
009 (7171870.000.000) 09/24 13:38:26 Job was aborted.
	via condor_rm (by user fsalerno)
...
000 (7172377.000.000) 09/24 13:41:00 Job submitted from host: <137.138.55.115:9618?addrs=137.138.55.115-9618+[2001-1458-d00-17--12a]-9618&alias=bigbird23.cern.ch&noUDP&sock=schedd_4975_03c1>
...
040 (7172377.000.000) 09/24 14:15:32 Started transferring input files
	Transferring to host: <188.185.198.86:9618?addrs=188.185.198.86-9618+[2001-1458-303-25--100-52]-9618&alias=b9p15p4652.cern.ch&noUDP&sock=slot1_29_5929_444a_36543>
...
001 (7172377.000.000) 09/24 14:15:34 Job executing on host: <188.185.198.86:9618?addrs=188.185.198.86-9618+[2001-1458-303-25--100-52]-9618&alias=b9p15p4652.cern.ch&noUDP&sock=startd_4681_5ae9>
	SlotName: slot1_29@b9p15p4652.cern.ch
	CondorScratchDir = "/pool/condor/dir_1524428"
	Cpus = 1
	Disk = 2911366
	Memory = 2000
...
040 (7172377.000.000) 09/24 14:15:34 Finished transferring input files
...
006 (7172377.000.000) 09/24 14:15:42 Image size of job updated: 11618988
	218  -  MemoryUsage of job (MB)
	222504  -  ResidentSetSize of job (KB)
...
006 (7172377.000.000) 09/24 14:20:42 Image size of job updated: 11618988
	1356  -  MemoryUsage of job (MB)
	1387668  -  ResidentSetSize of job (KB)
...
006 (7172377.000.000) 09/24 14:25:42 Image size of job updated: 11618988
	1536  -  MemoryUsage of job (MB)
	1572172  -  ResidentSetSize of job (KB)
...
006 (7172377.000.000) 09/24 14:30:43 Image size of job updated: 11618988
	1783  -  MemoryUsage of job (MB)
	1825268  -  ResidentSetSize of job (KB)
...
006 (7172377.000.000) 09/24 14:35:43 Image size of job updated: 11618988
	1789  -  MemoryUsage of job (MB)
	1831600  -  ResidentSetSize of job (KB)
...
006 (7172377.000.000) 09/24 14:40:43 Image size of job updated: 11618988
	1872  -  MemoryUsage of job (MB)
	1916604  -  ResidentSetSize of job (KB)
...
006 (7172377.000.000) 09/24 14:45:44 Image size of job updated: 11618988
	2106  -  MemoryUsage of job (MB)
	2156140  -  ResidentSetSize of job (KB)
...
006 (7172377.000.000) 09/24 14:49:32 Image size of job updated: 11618988
	2106  -  MemoryUsage of job (MB)
	2156396  -  ResidentSetSize of job (KB)
...
040 (7172377.000.000) 09/24 14:49:32 Started transferring output files
...
040 (7172377.000.000) 09/24 14:49:32 Finished transferring output files
...
004 (7172377.000.000) 09/24 14:49:33 Job was evicted.
	(0) CPU times
		Usr 4 01:06:36, Sys 0 01:42:28  -  Run Remote Usage
		Usr 0 00:00:00, Sys 0 00:00:00  -  Run Local Usage
	7408  -  Run Bytes Sent By Job
	10699  -  Run Bytes Received By Job
	Partitionable Resources :    Usage  Request Allocated 
	   Cpus                 :     0.98        1         1 
	   Disk (KB)            :    39          12   2911366 
	   Memory (MB)          :  2106        2000      2000 
...
009 (7172377.000.000) 09/24 14:49:33 Job was aborted.
	via condor_rm (by user fsalerno)
...
000 (7173587.000.000) 09/24 15:04:11 Job submitted from host: <137.138.55.115:9618?addrs=137.138.55.115-9618+[2001-1458-d00-17--12a]-9618&alias=bigbird23.cern.ch&noUDP&sock=schedd_4975_03c1>
...
009 (7173587.000.000) 09/24 15:09:54 Job was aborted.
	via condor_rm (by user fsalerno)
...
000 (7173590.000.000) 09/24 15:10:14 Job submitted from host: <137.138.55.115:9618?addrs=137.138.55.115-9618+[2001-1458-d00-17--12a]-9618&alias=bigbird23.cern.ch&noUDP&sock=schedd_4975_03c1>
...
000 (7173593.000.000) 09/24 15:12:08 Job submitted from host: <137.138.55.115:9618?addrs=137.138.55.115-9618+[2001-1458-d00-17--12a]-9618&alias=bigbird23.cern.ch&noUDP&sock=schedd_4975_03c1>
...
009 (7173593.000.000) 09/24 15:12:21 Job was aborted.
	via condor_rm (by user fsalerno)
...
040 (7173590.000.000) 09/24 15:15:25 Started transferring input files
	Transferring to host: <128.142.248.166:9618?addrs=128.142.248.166-9618+[2001-1458-301-73--100-a5]-9618&alias=b9g23p1354.cern.ch&noUDP&sock=slot1_6_5375_ec74_55124>
...
040 (7173590.000.000) 09/24 15:15:25 Finished transferring input files
...
001 (7173590.000.000) 09/24 15:15:26 Job executing on host: <128.142.248.166:9618?addrs=128.142.248.166-9618+[2001-1458-301-73--100-a5]-9618&alias=b9g23p1354.cern.ch&noUDP&sock=startd_4154_e080>
	SlotName: slot1_6@b9g23p1354.cern.ch
	CondorScratchDir = "/pool/condor/dir_354813"
	Cpus = 1
	Disk = 2930117
	Memory = 2000
...
006 (7173590.000.000) 09/24 15:15:35 Image size of job updated: 28268
	22  -  MemoryUsage of job (MB)
	21572  -  ResidentSetSize of job (KB)
...
006 (7173590.000.000) 09/24 15:16:51 Image size of job updated: 767624
	431  -  MemoryUsage of job (MB)
	441212  -  ResidentSetSize of job (KB)
...
040 (7173590.000.000) 09/24 15:16:51 Started transferring output files
...
040 (7173590.000.000) 09/24 15:16:51 Finished transferring output files
...
005 (7173590.000.000) 09/24 15:16:51 Job terminated.
	(1) Normal termination (return value 1)
		Usr 0 00:00:14, Sys 0 00:00:05  -  Run Remote Usage
		Usr 0 00:00:00, Sys 0 00:00:00  -  Run Local Usage
		Usr 0 00:00:14, Sys 0 00:00:05  -  Total Remote Usage
		Usr 0 00:00:00, Sys 0 00:00:00  -  Total Local Usage
	9268  -  Run Bytes Sent By Job
	10699  -  Run Bytes Received By Job
	9268  -  Total Bytes Sent By Job
	10699  -  Total Bytes Received By Job
	Partitionable Resources :    Usage  Request Allocated 
	   Cpus                 :                 1         1 
	   Disk (KB)            :       33       12   2930117 
	   Memory (MB)          :      431     2000      2000 

	Job terminated of its own accord at 2024-09-24T13:16:51Z with exit-code 1.
...
000 (7176262.000.000) 09/25 09:44:32 Job submitted from host: <137.138.55.115:9618?addrs=137.138.55.115-9618+[2001-1458-d00-17--12a]-9618&alias=bigbird23.cern.ch&noUDP&sock=schedd_4975_03c1>
...
040 (7176262.000.000) 09/25 09:46:39 Started transferring input files
	Transferring to host: <128.142.248.197:9618?addrs=128.142.248.197-9618+[2001-1458-301-73--100-c4]-9618&alias=b9g23p2961.cern.ch&noUDP&sock=slot1_62_2232953_240b_28749>
...
040 (7176262.000.000) 09/25 09:46:39 Finished transferring input files
...
001 (7176262.000.000) 09/25 09:46:40 Job executing on host: <128.142.248.197:9618?addrs=128.142.248.197-9618+[2001-1458-301-73--100-c4]-9618&alias=b9g23p2961.cern.ch&noUDP&sock=startd_5911_0866>
	SlotName: slot1_62@b9g23p2961.cern.ch
	CondorScratchDir = "/pool/condor/dir_113846"
	Cpus = 1
	Disk = 2966524
	Memory = 2000
...
006 (7176262.000.000) 09/25 09:46:49 Image size of job updated: 1
	0  -  MemoryUsage of job (MB)
	0  -  ResidentSetSize of job (KB)
...
006 (7176262.000.000) 09/25 09:51:50 Image size of job updated: 1291912
	1262  -  MemoryUsage of job (MB)
	1291668  -  ResidentSetSize of job (KB)
...
006 (7176262.000.000) 09/25 09:56:51 Image size of job updated: 1576588
	1502  -  MemoryUsage of job (MB)
	1537384  -  ResidentSetSize of job (KB)
...
006 (7176262.000.000) 09/25 09:59:09 Image size of job updated: 1654316
	1502  -  MemoryUsage of job (MB)
	1537384  -  ResidentSetSize of job (KB)
...
040 (7176262.000.000) 09/25 09:59:10 Started transferring output files
...
040 (7176262.000.000) 09/25 09:59:10 Finished transferring output files
...
005 (7176262.000.000) 09/25 09:59:10 Job terminated.
	(1) Normal termination (return value 0)
		Usr 0 00:11:02, Sys 0 00:00:12  -  Run Remote Usage
		Usr 0 00:00:00, Sys 0 00:00:00  -  Run Local Usage
		Usr 0 00:11:02, Sys 0 00:00:12  -  Total Remote Usage
		Usr 0 00:00:00, Sys 0 00:00:00  -  Total Local Usage
	10622  -  Run Bytes Sent By Job
	10699  -  Run Bytes Received By Job
	10622  -  Total Bytes Sent By Job
	10699  -  Total Bytes Received By Job
	Partitionable Resources :    Usage  Request Allocated 
	   Cpus                 :     0.97        1         1 
	   Disk (KB)            :    42          12   2966524 
	   Memory (MB)          :  1502        2000      2000 

	Job terminated of its own accord at 2024-09-25T07:59:09Z with exit-code 0.
...
000 (7176275.000.000) 09/25 10:12:26 Job submitted from host: <137.138.55.115:9618?addrs=137.138.55.115-9618+[2001-1458-d00-17--12a]-9618&alias=bigbird23.cern.ch&noUDP&sock=schedd_4975_03c1>
...
040 (7176275.000.000) 09/25 10:27:39 Started transferring input files
	Transferring to host: <128.142.248.81:9618?addrs=128.142.248.81-9618+[2001-1458-301-73--100-141]-9618&alias=b9g23p3234.cern.ch&noUDP&sock=slot1_1_133542_2b70_32068>
...
040 (7176275.000.000) 09/25 10:27:39 Finished transferring input files
...
001 (7176275.000.000) 09/25 10:27:40 Job executing on host: <128.142.248.81:9618?addrs=128.142.248.81-9618+[2001-1458-301-73--100-141]-9618&alias=b9g23p3234.cern.ch&noUDP&sock=startd_2952_67aa>
	SlotName: slot1_1@b9g23p3234.cern.ch
	CondorScratchDir = "/pool/condor/dir_66004"
	Cpus = 1
	Disk = 2995911
	Memory = 2000
...
006 (7176275.000.000) 09/25 10:27:49 Image size of job updated: 208644
	204  -  MemoryUsage of job (MB)
	208644  -  ResidentSetSize of job (KB)
...
006 (7176275.000.000) 09/25 10:32:50 Image size of job updated: 1438868
	1365  -  MemoryUsage of job (MB)
	1397484  -  ResidentSetSize of job (KB)
...
006 (7176275.000.000) 09/25 10:37:50 Image size of job updated: 1666252
	1543  -  MemoryUsage of job (MB)
	1579100  -  ResidentSetSize of job (KB)
...
006 (7176275.000.000) 09/25 10:39:49 Image size of job updated: 1754244
	1543  -  MemoryUsage of job (MB)
	1579100  -  ResidentSetSize of job (KB)
...
040 (7176275.000.000) 09/25 10:39:49 Started transferring output files
...
040 (7176275.000.000) 09/25 10:39:49 Finished transferring output files
...
005 (7176275.000.000) 09/25 10:39:49 Job terminated.
	(1) Normal termination (return value 0)
		Usr 0 00:11:10, Sys 0 00:00:12  -  Run Remote Usage
		Usr 0 00:00:00, Sys 0 00:00:00  -  Run Local Usage
		Usr 0 00:11:10, Sys 0 00:00:12  -  Total Remote Usage
		Usr 0 00:00:00, Sys 0 00:00:00  -  Total Local Usage
	11427  -  Run Bytes Sent By Job
	10699  -  Run Bytes Received By Job
	11427  -  Total Bytes Sent By Job
	10699  -  Total Bytes Received By Job
	Partitionable Resources :    Usage  Request Allocated 
	   Cpus                 :     0.40        1         1 
	   Disk (KB)            :    43          12   2995911 
	   Memory (MB)          :  1543        2000      2000 

	Job terminated of its own accord at 2024-09-25T08:39:49Z with exit-code 0.
...
000 (7178305.000.000) 09/25 11:41:49 Job submitted from host: <137.138.55.115:9618?addrs=137.138.55.115-9618+[2001-1458-d00-17--12a]-9618&alias=bigbird23.cern.ch&noUDP&sock=schedd_4975_03c1>
...
000 (7178306.000.000) 09/25 11:42:05 Job submitted from host: <137.138.55.115:9618?addrs=137.138.55.115-9618+[2001-1458-d00-17--12a]-9618&alias=bigbird23.cern.ch&noUDP&sock=schedd_4975_03c1>
...
009 (7178306.000.000) 09/25 11:42:22 Job was aborted.
	via condor_rm (by user fsalerno)
...
040 (7178305.000.000) 09/25 12:00:25 Started transferring input files
	Transferring to host: <128.142.248.94:9618?addrs=128.142.248.94-9618+[2001-1458-301-73--100-14e]-9618&alias=b9g23p2790.cern.ch&noUDP&sock=slot1_2_3359_7822_25827>
...
001 (7178305.000.000) 09/25 12:02:13 Job executing on host: <128.142.248.94:9618?addrs=128.142.248.94-9618+[2001-1458-301-73--100-14e]-9618&alias=b9g23p2790.cern.ch&noUDP&sock=startd_3310_f691>
	SlotName: slot1_2@b9g23p2790.cern.ch
	CondorScratchDir = "/pool/condor/dir_1135662"
	Cpus = 1
	Disk = 2980470
	Memory = 2000
...
040 (7178305.000.000) 09/25 12:02:13 Finished transferring input files
...
006 (7178305.000.000) 09/25 12:02:29 Image size of job updated: 449572
	440  -  MemoryUsage of job (MB)
	449572  -  ResidentSetSize of job (KB)
...
006 (7178305.000.000) 09/25 12:02:29 Image size of job updated: 470196
	440  -  MemoryUsage of job (MB)
	449572  -  ResidentSetSize of job (KB)
...
040 (7178305.000.000) 09/25 12:02:58 Started transferring output files
...
040 (7178305.000.000) 09/25 12:03:41 Finished transferring output files
...
005 (7178305.000.000) 09/25 12:04:55 Job terminated.
	(1) Normal termination (return value 1)
		Usr 0 00:00:03, Sys 0 00:00:01  -  Run Remote Usage
		Usr 0 00:00:00, Sys 0 00:00:00  -  Run Local Usage
		Usr 0 00:00:03, Sys 0 00:00:01  -  Total Remote Usage
		Usr 0 00:00:00, Sys 0 00:00:00  -  Total Local Usage
	5803  -  Run Bytes Sent By Job
	10699  -  Run Bytes Received By Job
	5803  -  Total Bytes Sent By Job
	10699  -  Total Bytes Received By Job
	Partitionable Resources :    Usage  Request Allocated 
	   Cpus                 :                 1         1 
	   Disk (KB)            :       30       12   2980470 
	   Memory (MB)          :      440     2000      2000 

	Job terminated of its own accord at 2024-09-25T10:02:29Z with exit-code 1.
...
000 (7190797.000.000) 09/25 23:18:53 Job submitted from host: <137.138.55.115:9618?addrs=137.138.55.115-9618+[2001-1458-d00-17--12a]-9618&alias=bigbird23.cern.ch&noUDP&sock=schedd_4975_03c1>
...
000 (7191056.000.000) 09/25 23:28:20 Job submitted from host: <137.138.55.115:9618?addrs=137.138.55.115-9618+[2001-1458-d00-17--12a]-9618&alias=bigbird23.cern.ch&noUDP&sock=schedd_4975_03c1>
...
040 (7190797.000.000) 09/25 23:41:06 Started transferring input files
	Transferring to host: <188.185.195.54:9618?addrs=188.185.195.54-9618+[2001-1458-303-22--100-32]-9618&alias=b9p17p1021.cern.ch&noUDP&sock=slot1_20_255357_db69_35564>
...
040 (7190797.000.000) 09/25 23:41:06 Finished transferring input files
...
001 (7190797.000.000) 09/25 23:41:10 Job executing on host: <188.185.195.54:9618?addrs=188.185.195.54-9618+[2001-1458-303-22--100-32]-9618&alias=b9p17p1021.cern.ch&noUDP&sock=startd_177292_24da>
	SlotName: slot1_20@b9p17p1021.cern.ch
	CondorScratchDir = "/pool/condor/dir_960143"
	Cpus = 1
	Disk = 2945942
	Memory = 2000
...
006 (7190797.000.000) 09/25 23:41:19 Image size of job updated: 1
	0  -  MemoryUsage of job (MB)
	0  -  ResidentSetSize of job (KB)
...
006 (7190797.000.000) 09/25 23:46:20 Image size of job updated: 1470356
	1397  -  MemoryUsage of job (MB)
	1429576  -  ResidentSetSize of job (KB)
...
040 (7191056.000.000) 09/25 23:46:51 Started transferring input files
	Transferring to host: <128.142.248.195:9618?addrs=128.142.248.195-9618+[2001-1458-301-73--100-c2]-9618&alias=b9g23p7415.cern.ch&noUDP&sock=slot1_6_1297618_04d8_3028>
...
040 (7191056.000.000) 09/25 23:46:51 Finished transferring input files
...
001 (7191056.000.000) 09/25 23:46:52 Job executing on host: <128.142.248.195:9618?addrs=128.142.248.195-9618+[2001-1458-301-73--100-c2]-9618&alias=b9g23p7415.cern.ch&noUDP&sock=startd_6051_0fa9>
	SlotName: slot1_6@b9g23p7415.cern.ch
	CondorScratchDir = "/pool/condor/dir_3184566"
	Cpus = 1
	Disk = 2989504
	Memory = 2000
...
006 (7191056.000.000) 09/25 23:47:01 Image size of job updated: 201184
	195  -  MemoryUsage of job (MB)
	199104  -  ResidentSetSize of job (KB)
...
006 (7190797.000.000) 09/25 23:51:20 Image size of job updated: 1691796
	1645  -  MemoryUsage of job (MB)
	1683476  -  ResidentSetSize of job (KB)
...
006 (7191056.000.000) 09/25 23:52:02 Image size of job updated: 1464480
	1422  -  MemoryUsage of job (MB)
	1455228  -  ResidentSetSize of job (KB)
...
006 (7190797.000.000) 09/25 23:56:22 Image size of job updated: 1938688
	1853  -  MemoryUsage of job (MB)
	1897136  -  ResidentSetSize of job (KB)
...
006 (7191056.000.000) 09/25 23:57:03 Image size of job updated: 1785324
	1682  -  MemoryUsage of job (MB)
	1721684  -  ResidentSetSize of job (KB)
...
006 (7190797.000.000) 09/26 00:00:51 Image size of job updated: 2123692
	1853  -  MemoryUsage of job (MB)
	1897136  -  ResidentSetSize of job (KB)
...
040 (7190797.000.000) 09/26 00:00:51 Started transferring output files
...
040 (7190797.000.000) 09/26 00:00:51 Finished transferring output files
...
005 (7190797.000.000) 09/26 00:00:52 Job terminated.
	(1) Normal termination (return value 0)
		Usr 0 00:18:09, Sys 0 00:00:10  -  Run Remote Usage
		Usr 0 00:00:00, Sys 0 00:00:00  -  Run Local Usage
		Usr 0 00:18:09, Sys 0 00:00:10  -  Total Remote Usage
		Usr 0 00:00:00, Sys 0 00:00:00  -  Total Local Usage
	14936  -  Run Bytes Sent By Job
	10703  -  Run Bytes Received By Job
	14936  -  Total Bytes Sent By Job
	10703  -  Total Bytes Received By Job
	Partitionable Resources :    Usage  Request Allocated 
	   Cpus                 :     0.98        1         1 
	   Disk (KB)            :    47          12   2945942 
	   Memory (MB)          :  1853        2000      2000 

	Job terminated of its own accord at 2024-09-25T22:00:51Z with exit-code 0.
...
006 (7191056.000.000) 09/26 00:02:03 Image size of job updated: 1941848
	1863  -  MemoryUsage of job (MB)
	1907316  -  ResidentSetSize of job (KB)
...
006 (7191056.000.000) 09/26 00:06:12 Image size of job updated: 2123536
	1863  -  MemoryUsage of job (MB)
	1907316  -  ResidentSetSize of job (KB)
...
040 (7191056.000.000) 09/26 00:06:15 Started transferring output files
...
040 (7191056.000.000) 09/26 00:06:16 Finished transferring output files
...
005 (7191056.000.000) 09/26 00:06:16 Job terminated.
	(1) Normal termination (return value 0)
		Usr 0 00:18:19, Sys 0 00:00:12  -  Run Remote Usage
		Usr 0 00:00:00, Sys 0 00:00:00  -  Run Local Usage
		Usr 0 00:18:19, Sys 0 00:00:12  -  Total Remote Usage
		Usr 0 00:00:00, Sys 0 00:00:00  -  Total Local Usage
	14820  -  Run Bytes Sent By Job
	10703  -  Run Bytes Received By Job
	14820  -  Total Bytes Sent By Job
	10703  -  Total Bytes Received By Job
	Partitionable Resources :    Usage  Request Allocated 
	   Cpus                 :     0.99        1         1 
	   Disk (KB)            :    47          12   2989504 
	   Memory (MB)          :  1863        2000      2000 

	Job terminated of its own accord at 2024-09-25T22:06:12Z with exit-code 0.
...
000 (7194102.000.000) 09/26 00:35:08 Job submitted from host: <137.138.55.115:9618?addrs=137.138.55.115-9618+[2001-1458-d00-17--12a]-9618&alias=bigbird23.cern.ch&noUDP&sock=schedd_4975_03c1>
...
040 (7194102.000.000) 09/26 00:42:08 Started transferring input files
	Transferring to host: <188.185.215.148:9618?addrs=188.185.215.148-9618+[2001-1458-303-26--100-10]-9618&alias=b9p18p7862.cern.ch&noUDP&sock=slot1_5_8924_83e4_49172>
...
040 (7194102.000.000) 09/26 00:42:08 Finished transferring input files
...
001 (7194102.000.000) 09/26 00:42:09 Job executing on host: <188.185.215.148:9618?addrs=188.185.215.148-9618+[2001-1458-303-26--100-10]-9618&alias=b9p18p7862.cern.ch&noUDP&sock=startd_8873_b7ec>
	SlotName: slot1_5@b9p18p7862.cern.ch
	CondorScratchDir = "/pool/condor/dir_2558857"
	Cpus = 1
	Disk = 2918904
	Memory = 2000
...
006 (7194102.000.000) 09/26 00:42:18 Image size of job updated: 459964
	450  -  MemoryUsage of job (MB)
	459964  -  ResidentSetSize of job (KB)
...
006 (7194102.000.000) 09/26 00:46:47 Image size of job updated: 1474680
	450  -  MemoryUsage of job (MB)
	460220  -  ResidentSetSize of job (KB)
...
040 (7194102.000.000) 09/26 00:46:47 Started transferring output files
...
040 (7194102.000.000) 09/26 00:46:47 Finished transferring output files
...
005 (7194102.000.000) 09/26 00:46:47 Job terminated.
	(1) Normal termination (return value 1)
		Usr 0 00:04:01, Sys 0 00:00:05  -  Run Remote Usage
		Usr 0 00:00:00, Sys 0 00:00:00  -  Run Local Usage
		Usr 0 00:04:01, Sys 0 00:00:05  -  Total Remote Usage
		Usr 0 00:00:00, Sys 0 00:00:00  -  Total Local Usage
	11523  -  Run Bytes Sent By Job
	10703  -  Run Bytes Received By Job
	11523  -  Total Bytes Sent By Job
	10703  -  Total Bytes Received By Job
	Partitionable Resources :    Usage  Request Allocated 
	   Cpus                 :        0        1         1 
	   Disk (KB)            :       43       12   2918904 
	   Memory (MB)          :      450     2000      2000 

	Job terminated of its own accord at 2024-09-25T22:46:47Z with exit-code 1.
...
000 (7194864.000.000) 09/26 00:56:25 Job submitted from host: <137.138.55.115:9618?addrs=137.138.55.115-9618+[2001-1458-d00-17--12a]-9618&alias=bigbird23.cern.ch&noUDP&sock=schedd_4975_03c1>
...
040 (7194864.000.000) 09/26 00:58:01 Started transferring input files
	Transferring to host: <128.142.192.202:9618?addrs=128.142.192.202-9618+[2001-1458-301-56--100-46]-9618&alias=b9g18p7650.cern.ch&noUDP&sock=slot1_26_6640_3b07_36894>
...
040 (7194864.000.000) 09/26 00:58:01 Finished transferring input files
...
001 (7194864.000.000) 09/26 00:58:02 Job executing on host: <128.142.192.202:9618?addrs=128.142.192.202-9618+[2001-1458-301-56--100-46]-9618&alias=b9g18p7650.cern.ch&noUDP&sock=startd_5869_396c>
	SlotName: slot1_26@b9g18p7650.cern.ch
	CondorScratchDir = "/pool/condor/dir_1446181"
	Cpus = 1
	Disk = 2831393
	Memory = 2000
...
006 (7194864.000.000) 09/26 00:58:10 Image size of job updated: 210312
	206  -  MemoryUsage of job (MB)
	210144  -  ResidentSetSize of job (KB)
...
006 (7194864.000.000) 09/26 01:03:10 Image size of job updated: 876576
	852  -  MemoryUsage of job (MB)
	872316  -  ResidentSetSize of job (KB)
...
006 (7194864.000.000) 09/26 01:08:11 Image size of job updated: 1199388
	1134  -  MemoryUsage of job (MB)
	1160740  -  ResidentSetSize of job (KB)
...
006 (7194864.000.000) 09/26 01:13:12 Image size of job updated: 1355016
	1280  -  MemoryUsage of job (MB)
	1309780  -  ResidentSetSize of job (KB)
...
006 (7194864.000.000) 09/26 01:18:13 Image size of job updated: 1540088
	1480  -  MemoryUsage of job (MB)
	1515248  -  ResidentSetSize of job (KB)
...
006 (7194864.000.000) 09/26 01:18:17 Image size of job updated: 1599064
	1480  -  MemoryUsage of job (MB)
	1515248  -  ResidentSetSize of job (KB)
...
040 (7194864.000.000) 09/26 01:18:17 Started transferring output files
...
040 (7194864.000.000) 09/26 01:18:17 Finished transferring output files
...
005 (7194864.000.000) 09/26 01:18:17 Job terminated.
	(1) Normal termination (return value 0)
		Usr 0 00:19:08, Sys 0 00:00:14  -  Run Remote Usage
		Usr 0 00:00:00, Sys 0 00:00:00  -  Run Local Usage
		Usr 0 00:19:08, Sys 0 00:00:14  -  Total Remote Usage
		Usr 0 00:00:00, Sys 0 00:00:00  -  Total Local Usage
	14811  -  Run Bytes Sent By Job
	10703  -  Run Bytes Received By Job
	14811  -  Total Bytes Sent By Job
	10703  -  Total Bytes Received By Job
	Partitionable Resources :    Usage  Request Allocated 
	   Cpus                 :     0.99        1         1 
	   Disk (KB)            :    48          12   2831393 
	   Memory (MB)          :  1480        2000      2000 

	Job terminated of its own accord at 2024-09-25T23:18:17Z with exit-code 0.
...
000 (7208219.000.000) 09/26 18:31:44 Job submitted from host: <137.138.55.115:9618?addrs=137.138.55.115-9618+[2001-1458-d00-17--12a]-9618&alias=bigbird23.cern.ch&noUDP&sock=schedd_4975_03c1>
...
040 (7208219.000.000) 09/26 18:52:06 Started transferring input files
	Transferring to host: <188.185.207.25:9618?addrs=188.185.207.25-9618+[2001-1458-303-d--100-16]-9618&alias=b9p07p3143.cern.ch&noUDP&sock=slot1_19_4207_f644_220818>
...
040 (7208219.000.000) 09/26 18:52:06 Finished transferring input files
...
001 (7208219.000.000) 09/26 18:52:07 Job executing on host: <188.185.207.25:9618?addrs=188.185.207.25-9618+[2001-1458-303-d--100-16]-9618&alias=b9p07p3143.cern.ch&noUDP&sock=startd_3631_2478>
	SlotName: slot1_19@b9p07p3143.cern.ch
	CondorScratchDir = "/pool/condor/dir_1250627"
	Cpus = 1
	Disk = 2862891
	Memory = 2000
...
006 (7208219.000.000) 09/26 18:52:16 Image size of job updated: 516088
	504  -  MemoryUsage of job (MB)
	516084  -  ResidentSetSize of job (KB)
...
006 (7208219.000.000) 09/26 18:57:17 Image size of job updated: 1364124
	1173  -  MemoryUsage of job (MB)
	1200380  -  ResidentSetSize of job (KB)
...
006 (7208219.000.000) 09/26 19:00:41 Image size of job updated: 1622496
	1173  -  MemoryUsage of job (MB)
	1200380  -  ResidentSetSize of job (KB)
...
040 (7208219.000.000) 09/26 19:00:41 Started transferring output files
...
040 (7208219.000.000) 09/26 19:00:42 Finished transferring output files
...
005 (7208219.000.000) 09/26 19:00:42 Job terminated.
	(1) Normal termination (return value 0)
		Usr 0 00:07:39, Sys 0 00:00:07  -  Run Remote Usage
		Usr 0 00:00:00, Sys 0 00:00:00  -  Run Local Usage
		Usr 0 00:07:39, Sys 0 00:00:07  -  Total Remote Usage
		Usr 0 00:00:00, Sys 0 00:00:00  -  Total Local Usage
	14811  -  Run Bytes Sent By Job
	10699  -  Run Bytes Received By Job
	14811  -  Total Bytes Sent By Job
	10699  -  Total Bytes Received By Job
	Partitionable Resources :    Usage  Request Allocated 
	   Cpus                 :        0        1         1 
	   Disk (KB)            :       52       12   2862891 
	   Memory (MB)          :     1173     2000      2000 

	Job terminated of its own accord at 2024-09-26T17:00:41Z with exit-code 0.
...
000 (7211856.000.000) 09/26 21:19:31 Job submitted from host: <137.138.55.115:9618?addrs=137.138.55.115-9618+[2001-1458-d00-17--12a]-9618&alias=bigbird23.cern.ch&noUDP&sock=schedd_4975_03c1>
...
040 (7211856.000.000) 09/26 21:59:18 Started transferring input files
	Transferring to host: <188.185.193.135:9618?addrs=188.185.193.135-9618+[2001-1458-303-20--100-83]-9618&alias=b9p19p7512.cern.ch&noUDP&sock=slot1_16_926235_193a_50322>
...
040 (7211856.000.000) 09/26 21:59:18 Finished transferring input files
...
001 (7211856.000.000) 09/26 21:59:19 Job executing on host: <188.185.193.135:9618?addrs=188.185.193.135-9618+[2001-1458-303-20--100-83]-9618&alias=b9p19p7512.cern.ch&noUDP&sock=startd_128331_f869>
	SlotName: slot1_16@b9p19p7512.cern.ch
	CondorScratchDir = "/pool/condor/dir_620746"
	Cpus = 1
	Disk = 2942301
	Memory = 2000
...
006 (7211856.000.000) 09/26 21:59:28 Image size of job updated: 406788
	398  -  MemoryUsage of job (MB)
	406788  -  ResidentSetSize of job (KB)
...
006 (7211856.000.000) 09/26 22:04:29 Image size of job updated: 1627656
	1514  -  MemoryUsage of job (MB)
	1549464  -  ResidentSetSize of job (KB)
...
006 (7211856.000.000) 09/26 22:09:30 Image size of job updated: 1963800
	1843  -  MemoryUsage of job (MB)
	1887112  -  ResidentSetSize of job (KB)
...
006 (7211856.000.000) 09/26 22:12:42 Image size of job updated: 2144192
	1843  -  MemoryUsage of job (MB)
	1887112  -  ResidentSetSize of job (KB)
...
040 (7211856.000.000) 09/26 22:12:42 Started transferring output files
...
040 (7211856.000.000) 09/26 22:12:44 Finished transferring output files
...
005 (7211856.000.000) 09/26 22:12:44 Job terminated.
	(1) Normal termination (return value 0)
		Usr 0 00:11:49, Sys 0 00:00:07  -  Run Remote Usage
		Usr 0 00:00:00, Sys 0 00:00:00  -  Run Local Usage
		Usr 0 00:11:49, Sys 0 00:00:07  -  Total Remote Usage
		Usr 0 00:00:00, Sys 0 00:00:00  -  Total Local Usage
	14819  -  Run Bytes Sent By Job
	10699  -  Run Bytes Received By Job
	14819  -  Total Bytes Sent By Job
	10699  -  Total Bytes Received By Job
	Partitionable Resources :    Usage  Request Allocated 
	   Cpus                 :     0.99        1         1 
	   Disk (KB)            :    47          12   2942301 
	   Memory (MB)          :  1843        2000      2000 

	Job terminated of its own accord at 2024-09-26T20:12:42Z with exit-code 0.
...
000 (7247367.000.000) 09/30 10:30:04 Job submitted from host: <137.138.55.115:9618?addrs=137.138.55.115-9618+[2001-1458-d00-17--12a]-9618&alias=bigbird23.cern.ch&noUDP&sock=schedd_4975_03c1>
...
022 (7247367.000.000) 09/30 10:36:23 Job disconnected, attempting to reconnect
    Socket between submit and execute hosts closed unexpectedly
    Trying to reconnect to slot1_7@b9p20p6104.cern.ch <188.185.194.175:9618?addrs=188.185.194.175-9618+[2001-1458-303-21--100-ab]-9618&alias=b9p20p6104.cern.ch&noUDP&sock=startd_128326_8a70>
...
024 (7247367.000.000) 09/30 10:36:23 Job reconnection failed
    Job not found at execution machine
    Can not reconnect to slot1_7@b9p20p6104.cern.ch, rescheduling job
...
040 (7247367.000.000) 09/30 10:40:51 Started transferring input files
	Transferring to host: <128.142.33.41:9618?addrs=128.142.33.41-9618+[2001-1458-301-53--100-26]-9618&alias=b9g34p3999.cern.ch&noUDP&sock=slot1_10_4972_f943_44804>
...
040 (7247367.000.000) 09/30 10:40:52 Finished transferring input files
...
001 (7247367.000.000) 09/30 10:40:53 Job executing on host: <128.142.33.41:9618?addrs=128.142.33.41-9618+[2001-1458-301-53--100-26]-9618&alias=b9g34p3999.cern.ch&noUDP&sock=startd_4058_0769>
	SlotName: slot1_10@b9g34p3999.cern.ch
	CondorScratchDir = "/pool/condor/dir_711914"
	Cpus = 1
	Disk = 2678973
	Memory = 2000
...
006 (7247367.000.000) 09/30 10:41:01 Image size of job updated: 145160
	142  -  MemoryUsage of job (MB)
	145160  -  ResidentSetSize of job (KB)
...
006 (7247367.000.000) 09/30 10:43:17 Image size of job updated: 679252
	297  -  MemoryUsage of job (MB)
	303304  -  ResidentSetSize of job (KB)
...
040 (7247367.000.000) 09/30 10:43:17 Started transferring output files
...
040 (7247367.000.000) 09/30 10:43:18 Finished transferring output files
...
005 (7247367.000.000) 09/30 10:43:18 Job terminated.
	(1) Normal termination (return value 1)
		Usr 0 00:00:20, Sys 0 00:00:05  -  Run Remote Usage
		Usr 0 00:00:00, Sys 0 00:00:00  -  Run Local Usage
		Usr 0 00:00:20, Sys 0 00:00:05  -  Total Remote Usage
		Usr 0 00:00:00, Sys 0 00:00:00  -  Total Local Usage
	10252  -  Run Bytes Sent By Job
	10699  -  Run Bytes Received By Job
	10252  -  Total Bytes Sent By Job
	10699  -  Total Bytes Received By Job
	Partitionable Resources :    Usage  Request Allocated 
	   Cpus                 :                 1         1 
	   Disk (KB)            :       35       12   2678973 
	   Memory (MB)          :      297     2000      2000 

	Job terminated of its own accord at 2024-09-30T08:43:17Z with exit-code 1.
...
000 (7247425.000.000) 09/30 10:50:49 Job submitted from host: <137.138.55.115:9618?addrs=137.138.55.115-9618+[2001-1458-d00-17--12a]-9618&alias=bigbird23.cern.ch&noUDP&sock=schedd_4975_03c1>
...
040 (7247425.000.000) 09/30 10:56:05 Started transferring input files
	Transferring to host: <188.185.206.75:9618?addrs=188.185.206.75-9618+[2001-1458-303-b--100-48]-9618&alias=b9p05p8732.cern.ch&noUDP&sock=slot1_2_65081_33b0_165130>
...
040 (7247425.000.000) 09/30 10:56:05 Finished transferring input files
...
001 (7247425.000.000) 09/30 10:56:06 Job executing on host: <188.185.206.75:9618?addrs=188.185.206.75-9618+[2001-1458-303-b--100-48]-9618&alias=b9p05p8732.cern.ch&noUDP&sock=startd_3405_2011>
	SlotName: slot1_2@b9p05p8732.cern.ch
	CondorScratchDir = "/pool/condor/dir_1931794"
	Cpus = 1
	Disk = 2481402
	Memory = 2000
...
006 (7247425.000.000) 09/30 10:56:15 Image size of job updated: 487736
	476  -  MemoryUsage of job (MB)
	487088  -  ResidentSetSize of job (KB)
...
006 (7247425.000.000) 09/30 11:01:16 Image size of job updated: 1517088
	1468  -  MemoryUsage of job (MB)
	1502212  -  ResidentSetSize of job (KB)
...
006 (7247425.000.000) 09/30 11:06:17 Image size of job updated: 1892776
	1776  -  MemoryUsage of job (MB)
	1817824  -  ResidentSetSize of job (KB)
...
006 (7247425.000.000) 09/30 11:11:18 Image size of job updated: 2046336
	1968  -  MemoryUsage of job (MB)
	2014900  -  ResidentSetSize of job (KB)
...
040 (7247425.000.000) 09/30 11:11:21 Started transferring output files
...
040 (7247425.000.000) 09/30 11:11:22 Finished transferring output files
...
005 (7247425.000.000) 09/30 11:11:22 Job terminated.
	(1) Normal termination (return value 0)
		Usr 0 00:12:46, Sys 0 00:00:19  -  Run Remote Usage
		Usr 0 00:00:00, Sys 0 00:00:00  -  Run Local Usage
		Usr 0 00:12:46, Sys 0 00:00:19  -  Total Remote Usage
		Usr 0 00:00:00, Sys 0 00:00:00  -  Total Local Usage
	14660  -  Run Bytes Sent By Job
	10699  -  Run Bytes Received By Job
	14660  -  Total Bytes Sent By Job
	10699  -  Total Bytes Received By Job
	Partitionable Resources :    Usage  Request Allocated 
	   Cpus                 :     0.89        1         1 
	   Disk (KB)            :    50          12   2481402 
	   Memory (MB)          :  1968        2000      2000 

	Job terminated of its own accord at 2024-09-30T09:11:21Z with exit-code 0.
...
000 (7248075.000.000) 09/30 12:36:29 Job submitted from host: <137.138.55.115:9618?addrs=137.138.55.115-9618+[2001-1458-d00-17--12a]-9618&alias=bigbird23.cern.ch&noUDP&sock=schedd_4975_03c1>
...
040 (7248075.000.000) 09/30 12:40:13 Started transferring input files
	Transferring to host: <128.142.193.163:9618?addrs=128.142.193.163-9618+[2001-1458-301-8--100-1f]-9618&alias=b9g21p2719.cern.ch&noUDP&sock=slot1_20_2830_bdac_7979>
...
040 (7248075.000.000) 09/30 12:40:13 Finished transferring input files
...
001 (7248075.000.000) 09/30 12:40:14 Job executing on host: <128.142.193.163:9618?addrs=128.142.193.163-9618+[2001-1458-301-8--100-1f]-9618&alias=b9g21p2719.cern.ch&noUDP&sock=startd_2333_d28a>
	SlotName: slot1_20@b9g21p2719.cern.ch
	CondorScratchDir = "/pool/condor/dir_2728178"
	Cpus = 1
	Disk = 1371279
	Memory = 2000
...
006 (7248075.000.000) 09/30 12:40:23 Image size of job updated: 154400
	151  -  MemoryUsage of job (MB)
	154400  -  ResidentSetSize of job (KB)
...
006 (7248075.000.000) 09/30 12:45:24 Image size of job updated: 1371820
	1321  -  MemoryUsage of job (MB)
	1352536  -  ResidentSetSize of job (KB)
...
006 (7248075.000.000) 09/30 13:00:25 Image size of job updated: 1424132
	1321  -  MemoryUsage of job (MB)
	1352536  -  ResidentSetSize of job (KB)
...
006 (7248075.000.000) 09/30 13:04:01 Image size of job updated: 1569568
	1321  -  MemoryUsage of job (MB)
	1352536  -  ResidentSetSize of job (KB)
...
040 (7248075.000.000) 09/30 13:04:01 Started transferring output files
...
040 (7248075.000.000) 09/30 13:04:02 Finished transferring output files
...
005 (7248075.000.000) 09/30 13:04:02 Job terminated.
	(1) Normal termination (return value 0)
		Usr 0 00:22:22, Sys 0 00:00:18  -  Run Remote Usage
		Usr 0 00:00:00, Sys 0 00:00:00  -  Run Local Usage
		Usr 0 00:22:22, Sys 0 00:00:18  -  Total Remote Usage
		Usr 0 00:00:00, Sys 0 00:00:00  -  Total Local Usage
	15349  -  Run Bytes Sent By Job
	10699  -  Run Bytes Received By Job
	15349  -  Total Bytes Sent By Job
	10699  -  Total Bytes Received By Job
	Partitionable Resources :    Usage  Request Allocated 
	   Cpus                 :     0.98        1         1 
	   Disk (KB)            :    47          12   1371279 
	   Memory (MB)          :  1321        2000      2000 

	Job terminated of its own accord at 2024-09-30T11:04:01Z with exit-code 0.
...
000 (7249202.000.000) 09/30 16:40:43 Job submitted from host: <137.138.55.115:9618?addrs=137.138.55.115-9618+[2001-1458-d00-17--12a]-9618&alias=bigbird23.cern.ch&noUDP&sock=schedd_4975_03c1>
...
040 (7249202.000.000) 09/30 16:50:04 Started transferring input files
	Transferring to host: <188.185.196.142:9618?addrs=188.185.196.142-9618+[2001-1458-303-23--100-8a]-9618&alias=b9p16p3107.cern.ch&noUDP&sock=slot1_16_6285_19d9_39851>
...
040 (7249202.000.000) 09/30 16:50:05 Finished transferring input files
...
001 (7249202.000.000) 09/30 16:50:06 Job executing on host: <188.185.196.142:9618?addrs=188.185.196.142-9618+[2001-1458-303-23--100-8a]-9618&alias=b9p16p3107.cern.ch&noUDP&sock=startd_5563_5571>
	SlotName: slot1_16@b9p16p3107.cern.ch
	CondorScratchDir = "/pool/condor/dir_1005987"
	Cpus = 1
	Disk = 2913983
	Memory = 2000
...
006 (7249202.000.000) 09/30 16:50:14 Image size of job updated: 322092
	315  -  MemoryUsage of job (MB)
	322092  -  ResidentSetSize of job (KB)
...
006 (7249202.000.000) 09/30 16:55:14 Image size of job updated: 1540948
	1505  -  MemoryUsage of job (MB)
	1540948  -  ResidentSetSize of job (KB)
...
006 (7249202.000.000) 09/30 17:00:14 Image size of job updated: 2481296
	2424  -  MemoryUsage of job (MB)
	2481296  -  ResidentSetSize of job (KB)
...
006 (7249202.000.000) 09/30 17:05:15 Image size of job updated: 2590576
	2530  -  MemoryUsage of job (MB)
	2590576  -  ResidentSetSize of job (KB)
...
006 (7249202.000.000) 09/30 17:10:16 Image size of job updated: 3006588
	2843  -  MemoryUsage of job (MB)
	2910392  -  ResidentSetSize of job (KB)
...
006 (7249202.000.000) 09/30 17:15:16 Image size of job updated: 3096028
	3024  -  MemoryUsage of job (MB)
	3096028  -  ResidentSetSize of job (KB)
...
006 (7249202.000.000) 09/30 17:20:17 Image size of job updated: 3257428
	3163  -  MemoryUsage of job (MB)
	3238740  -  ResidentSetSize of job (KB)
...
006 (7249202.000.000) 09/30 17:25:18 Image size of job updated: 3373036
	3294  -  MemoryUsage of job (MB)
	3373036  -  ResidentSetSize of job (KB)
...
006 (7249202.000.000) 09/30 17:30:18 Image size of job updated: 3477664
	3397  -  MemoryUsage of job (MB)
	3477664  -  ResidentSetSize of job (KB)
...
006 (7249202.000.000) 09/30 17:35:18 Image size of job updated: 3620652
	3536  -  MemoryUsage of job (MB)
	3620652  -  ResidentSetSize of job (KB)
...
006 (7249202.000.000) 09/30 17:40:19 Image size of job updated: 3701552
	3615  -  MemoryUsage of job (MB)
	3701552  -  ResidentSetSize of job (KB)
...
006 (7249202.000.000) 09/30 17:45:19 Image size of job updated: 3811968
	3723  -  MemoryUsage of job (MB)
	3811968  -  ResidentSetSize of job (KB)
...
006 (7249202.000.000) 09/30 17:50:19 Image size of job updated: 3816768
	3723  -  MemoryUsage of job (MB)
	3811968  -  ResidentSetSize of job (KB)
...
006 (7249202.000.000) 09/30 18:15:23 Image size of job updated: 3890584
	3800  -  MemoryUsage of job (MB)
	3890580  -  ResidentSetSize of job (KB)
...
006 (7249202.000.000) 09/30 18:17:48 Image size of job updated: 4040732
	3800  -  MemoryUsage of job (MB)
	3890580  -  ResidentSetSize of job (KB)
...
040 (7249202.000.000) 09/30 18:17:49 Started transferring output files
...
040 (7249202.000.000) 09/30 18:17:50 Finished transferring output files
...
005 (7249202.000.000) 09/30 18:17:51 Job terminated.
	(1) Normal termination (return value 0)
		Usr 0 01:25:13, Sys 0 00:00:27  -  Run Remote Usage
		Usr 0 00:00:00, Sys 0 00:00:00  -  Run Local Usage
		Usr 0 01:25:13, Sys 0 00:00:27  -  Total Remote Usage
		Usr 0 00:00:00, Sys 0 00:00:00  -  Total Local Usage
	21503  -  Run Bytes Sent By Job
	10701  -  Run Bytes Received By Job
	21503  -  Total Bytes Sent By Job
	10701  -  Total Bytes Received By Job
	Partitionable Resources :    Usage  Request Allocated 
	   Cpus                 :     0.97        1         1 
	   Disk (KB)            :    53          12   2913983 
	   Memory (MB)          :  3800        2000      2000 

	Job terminated of its own accord at 2024-09-30T16:17:48Z with exit-code 0.
...
000 (7265286.000.000) 10/01 20:27:55 Job submitted from host: <137.138.55.115:9618?addrs=137.138.55.115-9618+[2001-1458-d00-17--12a]-9618&alias=bigbird23.cern.ch&noUDP&sock=schedd_4975_03c1>
...
040 (7265286.000.000) 10/01 20:29:23 Started transferring input files
	Transferring to host: <188.185.194.109:9618?addrs=188.185.194.109-9618+[2001-1458-303-21--100-69]-9618&alias=b9p20p9012.cern.ch&noUDP&sock=slot1_46_4125525_532c_35558>
...
040 (7265286.000.000) 10/01 20:29:23 Finished transferring input files
...
001 (7265286.000.000) 10/01 20:29:24 Job executing on host: <188.185.194.109:9618?addrs=188.185.194.109-9618+[2001-1458-303-21--100-69]-9618&alias=b9p20p9012.cern.ch&noUDP&sock=startd_128207_eaab>
	SlotName: slot1_46@b9p20p9012.cern.ch
	CondorScratchDir = "/pool/condor/dir_1411232"
	Cpus = 1
	Disk = 3082990
	Memory = 2000
...
006 (7265286.000.000) 10/01 20:29:33 Image size of job updated: 1
	0  -  MemoryUsage of job (MB)
	0  -  ResidentSetSize of job (KB)
...
006 (7265286.000.000) 10/01 20:34:34 Image size of job updated: 1429732
	1397  -  MemoryUsage of job (MB)
	1429732  -  ResidentSetSize of job (KB)
...
006 (7265286.000.000) 10/01 20:39:34 Image size of job updated: 1871972
	1829  -  MemoryUsage of job (MB)
	1871968  -  ResidentSetSize of job (KB)
...
006 (7265286.000.000) 10/01 20:44:34 Image size of job updated: 2483036
	2244  -  MemoryUsage of job (MB)
	2297408  -  ResidentSetSize of job (KB)
...
006 (7265286.000.000) 10/01 21:04:36 Image size of job updated: 2505512
	2244  -  MemoryUsage of job (MB)
	2297408  -  ResidentSetSize of job (KB)
...
006 (7265286.000.000) 10/01 21:09:37 Image size of job updated: 2505512
	2281  -  MemoryUsage of job (MB)
	2334928  -  ResidentSetSize of job (KB)
...
006 (7265286.000.000) 10/01 21:14:37 Image size of job updated: 2636416
	2298  -  MemoryUsage of job (MB)
	2352912  -  ResidentSetSize of job (KB)
...
006 (7265286.000.000) 10/01 21:19:38 Image size of job updated: 2636416
	2403  -  MemoryUsage of job (MB)
	2460308  -  ResidentSetSize of job (KB)
...
006 (7265286.000.000) 10/01 21:24:39 Image size of job updated: 2680124
	2618  -  MemoryUsage of job (MB)
	2680124  -  ResidentSetSize of job (KB)
...
006 (7265286.000.000) 10/01 21:29:39 Image size of job updated: 2804560
	2618  -  MemoryUsage of job (MB)
	2680380  -  ResidentSetSize of job (KB)
...
006 (7265286.000.000) 10/01 21:34:40 Image size of job updated: 2964988
	2896  -  MemoryUsage of job (MB)
	2964988  -  ResidentSetSize of job (KB)
...
006 (7265286.000.000) 10/01 21:39:41 Image size of job updated: 2966320
	2896  -  MemoryUsage of job (MB)
	2964988  -  ResidentSetSize of job (KB)
...
006 (7265286.000.000) 10/01 21:44:41 Image size of job updated: 3116756
	2896  -  MemoryUsage of job (MB)
	2964988  -  ResidentSetSize of job (KB)
...
006 (7265286.000.000) 10/01 21:54:43 Image size of job updated: 3310084
	2977  -  MemoryUsage of job (MB)
	3047656  -  ResidentSetSize of job (KB)
...
006 (7265286.000.000) 10/01 21:59:43 Image size of job updated: 3310084
	3110  -  MemoryUsage of job (MB)
	3184356  -  ResidentSetSize of job (KB)
...
006 (7265286.000.000) 10/01 22:04:43 Image size of job updated: 3511848
	3174  -  MemoryUsage of job (MB)
	3249516  -  ResidentSetSize of job (KB)
...
006 (7265286.000.000) 10/01 22:09:44 Image size of job updated: 3511848
	3336  -  MemoryUsage of job (MB)
	3415796  -  ResidentSetSize of job (KB)
...
006 (7265286.000.000) 10/01 22:14:44 Image size of job updated: 3653532
	3383  -  MemoryUsage of job (MB)
	3463968  -  ResidentSetSize of job (KB)
...
006 (7265286.000.000) 10/01 22:19:45 Image size of job updated: 3653532
	3516  -  MemoryUsage of job (MB)
	3600344  -  ResidentSetSize of job (KB)
...
006 (7265286.000.000) 10/01 22:21:24 Image size of job updated: 3825448
	3516  -  MemoryUsage of job (MB)
	3600344  -  ResidentSetSize of job (KB)
...
040 (7265286.000.000) 10/01 22:21:24 Started transferring output files
...
040 (7265286.000.000) 10/01 22:21:25 Finished transferring output files
...
005 (7265286.000.000) 10/01 22:21:25 Job terminated.
	(1) Normal termination (return value 0)
		Usr 0 01:47:40, Sys 0 00:00:32  -  Run Remote Usage
		Usr 0 00:00:00, Sys 0 00:00:00  -  Run Local Usage
		Usr 0 01:47:40, Sys 0 00:00:32  -  Total Remote Usage
		Usr 0 00:00:00, Sys 0 00:00:00  -  Total Local Usage
	22488  -  Run Bytes Sent By Job
	10701  -  Run Bytes Received By Job
	22488  -  Total Bytes Sent By Job
	10701  -  Total Bytes Received By Job
	Partitionable Resources :    Usage  Request Allocated 
	   Cpus                 :     0.99        1         1 
	   Disk (KB)            :    53          12   3082990 
	   Memory (MB)          :  3516        2000      2000 

	Job terminated of its own accord at 2024-10-01T20:21:24Z with exit-code 0.
...
000 (7270012.000.000) 10/01 22:56:50 Job submitted from host: <137.138.55.115:9618?addrs=137.138.55.115-9618+[2001-1458-d00-17--12a]-9618&alias=bigbird23.cern.ch&noUDP&sock=schedd_4975_03c1>
...
040 (7270012.000.000) 10/01 22:59:12 Started transferring input files
	Transferring to host: <188.185.198.66:9618?addrs=188.185.198.66-9618+[2001-1458-303-25--100-3e]-9618&alias=b9p15p3136.cern.ch&noUDP&sock=slot1_13_7906_3dfb_41799>
...
040 (7270012.000.000) 10/01 22:59:12 Finished transferring input files
...
001 (7270012.000.000) 10/01 22:59:13 Job executing on host: <188.185.198.66:9618?addrs=188.185.198.66-9618+[2001-1458-303-25--100-3e]-9618&alias=b9p15p3136.cern.ch&noUDP&sock=startd_6876_f14b>
	SlotName: slot1_13@b9p15p3136.cern.ch
	CondorScratchDir = "/pool/condor/dir_3364260"
	Cpus = 1
	Disk = 2737326
	Memory = 2000
...
006 (7270012.000.000) 10/01 22:59:21 Image size of job updated: 391296
	383  -  MemoryUsage of job (MB)
	391296  -  ResidentSetSize of job (KB)
...
006 (7270012.000.000) 10/01 23:00:18 Image size of job updated: 1173396
	659  -  MemoryUsage of job (MB)
	674748  -  ResidentSetSize of job (KB)
...
040 (7270012.000.000) 10/01 23:00:18 Started transferring output files
...
040 (7270012.000.000) 10/01 23:00:18 Finished transferring output files
...
005 (7270012.000.000) 10/01 23:00:18 Job terminated.
	(1) Normal termination (return value 0)
		Usr 0 00:00:23, Sys 0 00:00:05  -  Run Remote Usage
		Usr 0 00:00:00, Sys 0 00:00:00  -  Run Local Usage
		Usr 0 00:00:23, Sys 0 00:00:05  -  Total Remote Usage
		Usr 0 00:00:00, Sys 0 00:00:00  -  Total Local Usage
	12897  -  Run Bytes Sent By Job
	10691  -  Run Bytes Received By Job
	12897  -  Total Bytes Sent By Job
	10691  -  Total Bytes Received By Job
	Partitionable Resources :    Usage  Request Allocated 
	   Cpus                 :                 1         1 
	   Disk (KB)            :       37       12   2737326 
	   Memory (MB)          :      659     2000      2000 

	Job terminated of its own accord at 2024-10-01T21:00:18Z with exit-code 0.
...
000 (7270129.000.000) 10/01 23:30:17 Job submitted from host: <137.138.55.115:9618?addrs=137.138.55.115-9618+[2001-1458-d00-17--12a]-9618&alias=bigbird23.cern.ch&noUDP&sock=schedd_4975_03c1>
...
040 (7270129.000.000) 10/01 23:32:04 Started transferring input files
	Transferring to host: <188.185.198.136:9618?addrs=188.185.198.136-9618+[2001-1458-303-25--100-84]-9618&alias=b9p15p9927.cern.ch&noUDP&sock=slot1_10_3133341_f091_8821>
...
040 (7270129.000.000) 10/01 23:32:04 Finished transferring input files
...
001 (7270129.000.000) 10/01 23:32:05 Job executing on host: <188.185.198.136:9618?addrs=188.185.198.136-9618+[2001-1458-303-25--100-84]-9618&alias=b9p15p9927.cern.ch&noUDP&sock=startd_8846_32dd>
	SlotName: slot1_10@b9p15p9927.cern.ch
	CondorScratchDir = "/pool/condor/dir_1390169"
	Cpus = 1
	Disk = 3055949
	Memory = 2000
...
006 (7270129.000.000) 10/01 23:32:14 Image size of job updated: 477720
	467  -  MemoryUsage of job (MB)
	477720  -  ResidentSetSize of job (KB)
...
006 (7270129.000.000) 10/01 23:33:38 Image size of job updated: 1178772
	658  -  MemoryUsage of job (MB)
	673088  -  ResidentSetSize of job (KB)
...
040 (7270129.000.000) 10/01 23:33:38 Started transferring output files
...
040 (7270129.000.000) 10/01 23:33:38 Finished transferring output files
...
005 (7270129.000.000) 10/01 23:33:38 Job terminated.
	(1) Normal termination (return value 0)
		Usr 0 00:00:16, Sys 0 00:00:03  -  Run Remote Usage
		Usr 0 00:00:00, Sys 0 00:00:00  -  Run Local Usage
		Usr 0 00:00:16, Sys 0 00:00:03  -  Total Remote Usage
		Usr 0 00:00:00, Sys 0 00:00:00  -  Total Local Usage
	12971  -  Run Bytes Sent By Job
	10691  -  Run Bytes Received By Job
	12971  -  Total Bytes Sent By Job
	10691  -  Total Bytes Received By Job
	Partitionable Resources :    Usage  Request Allocated 
	   Cpus                 :        0        1         1 
	   Disk (KB)            :       44       12   3055949 
	   Memory (MB)          :      658     2000      2000 

	Job terminated of its own accord at 2024-10-01T21:33:38Z with exit-code 0.
...
000 (7270202.000.000) 10/01 23:53:37 Job submitted from host: <137.138.55.115:9618?addrs=137.138.55.115-9618+[2001-1458-d00-17--12a]-9618&alias=bigbird23.cern.ch&noUDP&sock=schedd_4975_03c1>
...
040 (7270202.000.000) 10/01 23:58:29 Started transferring input files
	Transferring to host: <188.185.205.195:9618?addrs=188.185.205.195-9618+[2001-1458-303-a--100-40]-9618&alias=b9p04p2227.cern.ch&noUDP&sock=slot1_26_3687_932f_5976>
...
040 (7270202.000.000) 10/01 23:58:29 Finished transferring input files
...
001 (7270202.000.000) 10/01 23:58:30 Job executing on host: <188.185.205.195:9618?addrs=188.185.205.195-9618+[2001-1458-303-a--100-40]-9618&alias=b9p04p2227.cern.ch&noUDP&sock=startd_3308_9761>
	SlotName: slot1_26@b9p04p2227.cern.ch
	CondorScratchDir = "/pool/condor/dir_43993"
	Cpus = 1
	Disk = 2747980
	Memory = 2000
...
006 (7270202.000.000) 10/01 23:58:39 Image size of job updated: 504672
	493  -  MemoryUsage of job (MB)
	504672  -  ResidentSetSize of job (KB)
...
006 (7270202.000.000) 10/01 23:59:13 Image size of job updated: 1262900
	656  -  MemoryUsage of job (MB)
	671472  -  ResidentSetSize of job (KB)
...
040 (7270202.000.000) 10/01 23:59:13 Started transferring output files
...
040 (7270202.000.000) 10/01 23:59:13 Finished transferring output files
...
005 (7270202.000.000) 10/01 23:59:13 Job terminated.
	(1) Normal termination (return value 0)
		Usr 0 00:00:13, Sys 0 00:00:05  -  Run Remote Usage
		Usr 0 00:00:00, Sys 0 00:00:00  -  Run Local Usage
		Usr 0 00:00:13, Sys 0 00:00:05  -  Total Remote Usage
		Usr 0 00:00:00, Sys 0 00:00:00  -  Total Local Usage
	12897  -  Run Bytes Sent By Job
	10691  -  Run Bytes Received By Job
	12897  -  Total Bytes Sent By Job
	10691  -  Total Bytes Received By Job
	Partitionable Resources :    Usage  Request Allocated 
	   Cpus                 :        0        1         1 
	   Disk (KB)            :       47       12   2747980 
	   Memory (MB)          :      656     2000      2000 

	Job terminated of its own accord at 2024-10-01T21:59:13Z with exit-code 0.
...
000 (7270254.000.000) 10/02 00:08:00 Job submitted from host: <137.138.55.115:9618?addrs=137.138.55.115-9618+[2001-1458-d00-17--12a]-9618&alias=bigbird23.cern.ch&noUDP&sock=schedd_4975_03c1>
...
040 (7270254.000.000) 10/02 00:12:45 Started transferring input files
	Transferring to host: <188.184.185.105:9618?addrs=188.184.185.105-9618+[2001-1458-301-52--100-68]-9618&alias=b9g37p3242.cern.ch&noUDP&sock=slot1_8_3527178_bc01_6247>
...
040 (7270254.000.000) 10/02 00:12:45 Finished transferring input files
...
001 (7270254.000.000) 10/02 00:12:46 Job executing on host: <188.184.185.105:9618?addrs=188.184.185.105-9618+[2001-1458-301-52--100-68]-9618&alias=b9g37p3242.cern.ch&noUDP&sock=startd_5417_309d>
	SlotName: slot1_8@b9g37p3242.cern.ch
	CondorScratchDir = "/pool/condor/dir_1443218"
	Cpus = 1
	Disk = 2878947
	Memory = 2000
...
006 (7270254.000.000) 10/02 00:12:55 Image size of job updated: 274008
	268  -  MemoryUsage of job (MB)
	274008  -  ResidentSetSize of job (KB)
...
006 (7270254.000.000) 10/02 00:13:53 Image size of job updated: 1247496
	659  -  MemoryUsage of job (MB)
	674344  -  ResidentSetSize of job (KB)
...
040 (7270254.000.000) 10/02 00:13:53 Started transferring output files
...
040 (7270254.000.000) 10/02 00:13:53 Finished transferring output files
...
005 (7270254.000.000) 10/02 00:13:54 Job terminated.
	(1) Normal termination (return value 0)
		Usr 0 00:00:28, Sys 0 00:00:06  -  Run Remote Usage
		Usr 0 00:00:00, Sys 0 00:00:00  -  Run Local Usage
		Usr 0 00:00:28, Sys 0 00:00:06  -  Total Remote Usage
		Usr 0 00:00:00, Sys 0 00:00:00  -  Total Local Usage
	12881  -  Run Bytes Sent By Job
	10689  -  Run Bytes Received By Job
	12881  -  Total Bytes Sent By Job
	10689  -  Total Bytes Received By Job
	Partitionable Resources :    Usage  Request Allocated 
	   Cpus                 :                 1         1 
	   Disk (KB)            :       36       12   2878947 
	   Memory (MB)          :      659     2000      2000 

	Job terminated of its own accord at 2024-10-01T22:13:53Z with exit-code 0.
...
000 (7270283.000.000) 10/02 00:15:00 Job submitted from host: <137.138.55.115:9618?addrs=137.138.55.115-9618+[2001-1458-d00-17--12a]-9618&alias=bigbird23.cern.ch&noUDP&sock=schedd_4975_03c1>
...
040 (7270283.000.000) 10/02 00:21:07 Started transferring input files
	Transferring to host: <188.185.195.34:9618?addrs=188.185.195.34-9618+[2001-1458-303-22--100-1e]-9618&alias=b9p17p4257.cern.ch&noUDP&sock=slot1_18_602815_735a_44862>
...
040 (7270283.000.000) 10/02 00:21:07 Finished transferring input files
...
001 (7270283.000.000) 10/02 00:21:08 Job executing on host: <188.185.195.34:9618?addrs=188.185.195.34-9618+[2001-1458-303-22--100-1e]-9618&alias=b9p17p4257.cern.ch&noUDP&sock=startd_177219_1270>
	SlotName: slot1_18@b9p17p4257.cern.ch
	CondorScratchDir = "/pool/condor/dir_3541680"
	Cpus = 1
	Disk = 2928491
	Memory = 2000
...
006 (7270283.000.000) 10/02 00:21:16 Image size of job updated: 486320
	475  -  MemoryUsage of job (MB)
	486072  -  ResidentSetSize of job (KB)
...
006 (7270283.000.000) 10/02 00:22:31 Image size of job updated: 1302568
	689  -  MemoryUsage of job (MB)
	705172  -  ResidentSetSize of job (KB)
...
040 (7270283.000.000) 10/02 00:22:31 Started transferring output files
...
040 (7270283.000.000) 10/02 00:22:31 Finished transferring output files
...
005 (7270283.000.000) 10/02 00:22:31 Job terminated.
	(1) Normal termination (return value 0)
		Usr 0 00:00:34, Sys 0 00:00:04  -  Run Remote Usage
		Usr 0 00:00:00, Sys 0 00:00:00  -  Run Local Usage
		Usr 0 00:00:34, Sys 0 00:00:04  -  Total Remote Usage
		Usr 0 00:00:00, Sys 0 00:00:00  -  Total Local Usage
	26311  -  Run Bytes Sent By Job
	10689  -  Run Bytes Received By Job
	26311  -  Total Bytes Sent By Job
	10689  -  Total Bytes Received By Job
	Partitionable Resources :    Usage  Request Allocated 
	   Cpus                 :        0        1         1 
	   Disk (KB)            :       58       12   2928491 
	   Memory (MB)          :      689     2000      2000 

	Job terminated of its own accord at 2024-10-01T22:22:31Z with exit-code 0.
...
000 (7279892.000.000) 10/02 10:57:18 Job submitted from host: <137.138.55.115:9618?addrs=137.138.55.115-9618+[2001-1458-d00-17--12a]-9618&alias=bigbird23.cern.ch&noUDP&sock=schedd_4975_03c1>
...
000 (7279894.000.000) 10/02 10:57:38 Job submitted from host: <137.138.55.115:9618?addrs=137.138.55.115-9618+[2001-1458-d00-17--12a]-9618&alias=bigbird23.cern.ch&noUDP&sock=schedd_4975_03c1>
...
009 (7279892.000.000) 10/02 10:57:55 Job was aborted.
	via condor_rm (by user fsalerno)
...
040 (7279894.000.000) 10/02 11:02:47 Started transferring input files
	Transferring to host: <188.185.207.171:9618?addrs=188.185.207.171-9618+[2001-1458-303-e--100-28]-9618&alias=b9p08p6779.cern.ch&noUDP&sock=slot1_1_6216_7bf6_229090>
...
040 (7279894.000.000) 10/02 11:02:47 Finished transferring input files
...
001 (7279894.000.000) 10/02 11:02:48 Job executing on host: <188.185.207.171:9618?addrs=188.185.207.171-9618+[2001-1458-303-e--100-28]-9618&alias=b9p08p6779.cern.ch&noUDP&sock=startd_4995_bba6>
	SlotName: slot1_1@b9p08p6779.cern.ch
	CondorScratchDir = "/pool/condor/dir_3127051"
	Cpus = 1
	Disk = 2786443
	Memory = 2000
...
006 (7279894.000.000) 10/02 11:02:57 Image size of job updated: 489004
	478  -  MemoryUsage of job (MB)
	488760  -  ResidentSetSize of job (KB)
...
006 (7279894.000.000) 10/02 11:03:57 Image size of job updated: 1297280
	670  -  MemoryUsage of job (MB)
	685524  -  ResidentSetSize of job (KB)
...
040 (7279894.000.000) 10/02 11:03:57 Started transferring output files
...
040 (7279894.000.000) 10/02 11:03:57 Finished transferring output files
...
005 (7279894.000.000) 10/02 11:03:57 Job terminated.
	(1) Normal termination (return value 0)
		Usr 0 00:00:29, Sys 0 00:00:08  -  Run Remote Usage
		Usr 0 00:00:00, Sys 0 00:00:00  -  Run Local Usage
		Usr 0 00:00:29, Sys 0 00:00:08  -  Total Remote Usage
		Usr 0 00:00:00, Sys 0 00:00:00  -  Total Local Usage
	26436  -  Run Bytes Sent By Job
	10695  -  Run Bytes Received By Job
	26436  -  Total Bytes Sent By Job
	10695  -  Total Bytes Received By Job
	Partitionable Resources :    Usage  Request Allocated 
	   Cpus                 :        0        1         1 
	   Disk (KB)            :       65       12   2786443 
	   Memory (MB)          :      670     2000      2000 

	Job terminated of its own accord at 2024-10-02T09:03:57Z with exit-code 0.
...
000 (7279923.000.000) 10/02 11:13:47 Job submitted from host: <137.138.55.115:9618?addrs=137.138.55.115-9618+[2001-1458-d00-17--12a]-9618&alias=bigbird23.cern.ch&noUDP&sock=schedd_4975_03c1>
...
040 (7279923.000.000) 10/02 11:15:12 Started transferring input files
	Transferring to host: <188.185.196.10:9618?addrs=188.185.196.10-9618+[2001-1458-303-23--100-6]-9618&alias=b9p16p5837.cern.ch&noUDP&sock=slot1_15_3472503_4031_59979>
...
040 (7279923.000.000) 10/02 11:15:12 Finished transferring input files
...
001 (7279923.000.000) 10/02 11:15:13 Job executing on host: <188.185.196.10:9618?addrs=188.185.196.10-9618+[2001-1458-303-23--100-6]-9618&alias=b9p16p5837.cern.ch&noUDP&sock=startd_3966736_8918>
	SlotName: slot1_15@b9p16p5837.cern.ch
	CondorScratchDir = "/pool/condor/dir_3641315"
	Cpus = 1
	Disk = 3004430
	Memory = 2000
...
006 (7279923.000.000) 10/02 11:15:21 Image size of job updated: 133504
	131  -  MemoryUsage of job (MB)
	133504  -  ResidentSetSize of job (KB)
...
006 (7279923.000.000) 10/02 11:16:39 Image size of job updated: 1266100
	673  -  MemoryUsage of job (MB)
	688356  -  ResidentSetSize of job (KB)
...
040 (7279923.000.000) 10/02 11:16:39 Started transferring output files
...
040 (7279923.000.000) 10/02 11:16:39 Finished transferring output files
...
005 (7279923.000.000) 10/02 11:16:39 Job terminated.
	(1) Normal termination (return value 0)
		Usr 0 00:00:39, Sys 0 00:00:05  -  Run Remote Usage
		Usr 0 00:00:00, Sys 0 00:00:00  -  Run Local Usage
		Usr 0 00:00:39, Sys 0 00:00:05  -  Total Remote Usage
		Usr 0 00:00:00, Sys 0 00:00:00  -  Total Local Usage
	26641  -  Run Bytes Sent By Job
	10695  -  Run Bytes Received By Job
	26641  -  Total Bytes Sent By Job
	10695  -  Total Bytes Received By Job
	Partitionable Resources :    Usage  Request Allocated 
	   Cpus                 :        0        1         1 
	   Disk (KB)            :       58       12   3004430 
	   Memory (MB)          :      673     2000      2000 

	Job terminated of its own accord at 2024-10-02T09:16:39Z with exit-code 0.
...
000 (7279929.000.000) 10/02 11:18:54 Job submitted from host: <137.138.55.115:9618?addrs=137.138.55.115-9618+[2001-1458-d00-17--12a]-9618&alias=bigbird23.cern.ch&noUDP&sock=schedd_4975_03c1>
...
040 (7279929.000.000) 10/02 11:20:17 Started transferring input files
	Transferring to host: <188.185.208.216:9618?addrs=188.185.208.216-9618+[2001-1458-303-10--100-55]-9618&alias=b9p10p2529.cern.ch&noUDP&sock=slot1_32_9745_fbe5_225464>
...
040 (7279929.000.000) 10/02 11:20:17 Finished transferring input files
...
001 (7279929.000.000) 10/02 11:20:18 Job executing on host: <188.185.208.216:9618?addrs=188.185.208.216-9618+[2001-1458-303-10--100-55]-9618&alias=b9p10p2529.cern.ch&noUDP&sock=startd_8424_bde6>
	SlotName: slot1_32@b9p10p2529.cern.ch
	CondorScratchDir = "/pool/condor/dir_379395"
	Cpus = 1
	Disk = 2609273
	Memory = 2000
...
006 (7279929.000.000) 10/02 11:20:27 Image size of job updated: 477952
	467  -  MemoryUsage of job (MB)
	477472  -  ResidentSetSize of job (KB)
...
006 (7279929.000.000) 10/02 11:23:37 Image size of job updated: 1273772
	662  -  MemoryUsage of job (MB)
	677016  -  ResidentSetSize of job (KB)
...
040 (7279929.000.000) 10/02 11:23:37 Started transferring output files
...
040 (7279929.000.000) 10/02 11:23:37 Finished transferring output files
...
005 (7279929.000.000) 10/02 11:23:37 Job terminated.
	(1) Normal termination (return value 0)
		Usr 0 00:00:23, Sys 0 00:00:06  -  Run Remote Usage
		Usr 0 00:00:00, Sys 0 00:00:00  -  Run Local Usage
		Usr 0 00:00:23, Sys 0 00:00:06  -  Total Remote Usage
		Usr 0 00:00:00, Sys 0 00:00:00  -  Total Local Usage
	26399  -  Run Bytes Sent By Job
	10695  -  Run Bytes Received By Job
	26399  -  Total Bytes Sent By Job
	10695  -  Total Bytes Received By Job
	Partitionable Resources :    Usage  Request Allocated 
	   Cpus                 :        0        1         1 
	   Disk (KB)            :       63       12   2609273 
	   Memory (MB)          :      662     2000      2000 

	Job terminated of its own accord at 2024-10-02T09:23:37Z with exit-code 0.
...
000 (7300932.000.000) 10/03 16:50:20 Job submitted from host: <137.138.55.115:9618?addrs=137.138.55.115-9618+[2001-1458-d00-17--12a]-9618&alias=bigbird23.cern.ch&noUDP&sock=schedd_4975_03c1>
...
040 (7300932.000.000) 10/03 16:52:16 Started transferring input files
	Transferring to host: <128.142.248.123:9618?addrs=128.142.248.123-9618+[2001-1458-301-73--100-16b]-9618&alias=b9g23p2657.cern.ch&noUDP&sock=slot1_10_443391_d207_37445>
...
040 (7300932.000.000) 10/03 16:52:16 Finished transferring input files
...
001 (7300932.000.000) 10/03 16:52:17 Job executing on host: <128.142.248.123:9618?addrs=128.142.248.123-9618+[2001-1458-301-73--100-16b]-9618&alias=b9g23p2657.cern.ch&noUDP&sock=startd_7091_6a27>
	SlotName: slot1_10@b9g23p2657.cern.ch
	CondorScratchDir = "/pool/condor/dir_3583321"
	Cpus = 1
	Disk = 3009085
	Memory = 2000
...
006 (7300932.000.000) 10/03 16:52:25 Image size of job updated: 460276
	450  -  MemoryUsage of job (MB)
	460104  -  ResidentSetSize of job (KB)
...
006 (7300932.000.000) 10/03 16:53:09 Image size of job updated: 1047276
	661  -  MemoryUsage of job (MB)
	676648  -  ResidentSetSize of job (KB)
...
040 (7300932.000.000) 10/03 16:53:09 Started transferring output files
...
040 (7300932.000.000) 10/03 16:53:09 Finished transferring output files
...
005 (7300932.000.000) 10/03 16:53:09 Job terminated.
	(1) Normal termination (return value 1)
		Usr 0 00:00:14, Sys 0 00:00:04  -  Run Remote Usage
		Usr 0 00:00:00, Sys 0 00:00:00  -  Run Local Usage
		Usr 0 00:00:14, Sys 0 00:00:04  -  Total Remote Usage
		Usr 0 00:00:00, Sys 0 00:00:00  -  Total Local Usage
	12499  -  Run Bytes Sent By Job
	10703  -  Run Bytes Received By Job
	12499  -  Total Bytes Sent By Job
	10703  -  Total Bytes Received By Job
	Partitionable Resources :    Usage  Request Allocated 
	   Cpus                 :                 1         1 
	   Disk (KB)            :       36       12   3009085 
	   Memory (MB)          :      661     2000      2000 

	Job terminated of its own accord at 2024-10-03T14:53:08Z with exit-code 1.
...
000 (7300934.000.000) 10/03 16:58:25 Job submitted from host: <137.138.55.115:9618?addrs=137.138.55.115-9618+[2001-1458-d00-17--12a]-9618&alias=bigbird23.cern.ch&noUDP&sock=schedd_4975_03c1>
...
009 (7300934.000.000) 10/03 16:59:42 Job was aborted.
	via condor_rm (by user fsalerno)
...
000 (7300935.000.000) 10/03 16:59:55 Job submitted from host: <137.138.55.115:9618?addrs=137.138.55.115-9618+[2001-1458-d00-17--12a]-9618&alias=bigbird23.cern.ch&noUDP&sock=schedd_4975_03c1>
...
040 (7300935.000.000) 10/03 17:00:49 Started transferring input files
	Transferring to host: <128.142.130.166:9618?addrs=128.142.130.166-9618+[2001-1458-301-58--100-9a]-9618&alias=b9g20p9329.cern.ch&noUDP&sock=slot1_37_2775_fd0a_43866>
...
040 (7300935.000.000) 10/03 17:00:49 Finished transferring input files
...
001 (7300935.000.000) 10/03 17:00:50 Job executing on host: <128.142.130.166:9618?addrs=128.142.130.166-9618+[2001-1458-301-58--100-9a]-9618&alias=b9g20p9329.cern.ch&noUDP&sock=startd_2442_965d>
	SlotName: slot1_37@b9g20p9329.cern.ch
	CondorScratchDir = "/pool/condor/dir_939175"
	Cpus = 1
	Disk = 1703565
	Memory = 2000
...
006 (7300935.000.000) 10/03 17:00:59 Image size of job updated: 456296
	446  -  MemoryUsage of job (MB)
	456296  -  ResidentSetSize of job (KB)
...
006 (7300935.000.000) 10/03 17:06:00 Image size of job updated: 1247684
	1219  -  MemoryUsage of job (MB)
	1247684  -  ResidentSetSize of job (KB)
...
006 (7300935.000.000) 10/03 17:11:01 Image size of job updated: 1969876
	1924  -  MemoryUsage of job (MB)
	1969876  -  ResidentSetSize of job (KB)
...
006 (7300935.000.000) 10/03 17:16:01 Image size of job updated: 2204428
	2153  -  MemoryUsage of job (MB)
	2204428  -  ResidentSetSize of job (KB)
...
006 (7300935.000.000) 10/03 17:21:02 Image size of job updated: 2360664
	2306  -  MemoryUsage of job (MB)
	2360664  -  ResidentSetSize of job (KB)
...
006 (7300935.000.000) 10/03 17:26:03 Image size of job updated: 2559672
	2500  -  MemoryUsage of job (MB)
	2559672  -  ResidentSetSize of job (KB)
...
006 (7300935.000.000) 10/03 17:31:03 Image size of job updated: 2639444
	2578  -  MemoryUsage of job (MB)
	2639444  -  ResidentSetSize of job (KB)
...
006 (7300935.000.000) 10/03 17:36:04 Image size of job updated: 2722640
	2659  -  MemoryUsage of job (MB)
	2722640  -  ResidentSetSize of job (KB)
...
006 (7300935.000.000) 10/03 17:41:05 Image size of job updated: 2761096
	2697  -  MemoryUsage of job (MB)
	2761096  -  ResidentSetSize of job (KB)
...
040 (7300935.000.000) 10/03 17:53:26 Started transferring output files
...
040 (7300935.000.000) 10/03 17:53:26 Finished transferring output files
...
005 (7300935.000.000) 10/03 17:53:26 Job terminated.
	(1) Normal termination (return value 0)
		Usr 0 00:50:48, Sys 0 00:00:21  -  Run Remote Usage
		Usr 0 00:00:00, Sys 0 00:00:00  -  Run Local Usage
		Usr 0 00:50:48, Sys 0 00:00:21  -  Total Remote Usage
		Usr 0 00:00:00, Sys 0 00:00:00  -  Total Local Usage
	11224  -  Run Bytes Sent By Job
	10703  -  Run Bytes Received By Job
	11224  -  Total Bytes Sent By Job
	10703  -  Total Bytes Received By Job
	Partitionable Resources :    Usage  Request Allocated 
	   Cpus                 :     0.98        1         1 
	   Disk (KB)            :    43          12   1703565 
	   Memory (MB)          :  2697        2000      2000 

	Job terminated of its own accord at 2024-10-03T15:53:26Z with exit-code 0.
...
000 (7306712.000.000) 10/04 01:43:39 Job submitted from host: <137.138.55.115:9618?addrs=137.138.55.115-9618+[2001-1458-d00-17--12a]-9618&alias=bigbird23.cern.ch&noUDP&sock=schedd_4975_03c1>
...
040 (7306712.000.000) 10/04 01:46:10 Started transferring input files
	Transferring to host: <128.142.192.184:9618?addrs=128.142.192.184-9618+[2001-1458-301-56--100-34]-9618&alias=b9g18p4436.cern.ch&noUDP&sock=slot1_18_7428_72a7_7456>
...
040 (7306712.000.000) 10/04 01:46:10 Finished transferring input files
...
001 (7306712.000.000) 10/04 01:46:11 Job executing on host: <128.142.192.184:9618?addrs=128.142.192.184-9618+[2001-1458-301-56--100-34]-9618&alias=b9g18p4436.cern.ch&noUDP&sock=startd_6640_10f1>
	SlotName: slot1_18@b9g18p4436.cern.ch
	CondorScratchDir = "/pool/condor/dir_2024934"
	Cpus = 1
	Disk = 2912478
	Memory = 2000
...
006 (7306712.000.000) 10/04 01:46:19 Image size of job updated: 130128
	128  -  MemoryUsage of job (MB)
	130128  -  ResidentSetSize of job (KB)
...
006 (7306712.000.000) 10/04 01:51:19 Image size of job updated: 1375624
	1344  -  MemoryUsage of job (MB)
	1375340  -  ResidentSetSize of job (KB)
...
006 (7306712.000.000) 10/04 01:56:20 Image size of job updated: 1523676
	1488  -  MemoryUsage of job (MB)
	1523540  -  ResidentSetSize of job (KB)
...
006 (7306712.000.000) 10/04 01:57:57 Image size of job updated: 1562444
	1488  -  MemoryUsage of job (MB)
	1523540  -  ResidentSetSize of job (KB)
...
040 (7306712.000.000) 10/04 01:57:57 Started transferring output files
...
040 (7306712.000.000) 10/04 01:57:57 Finished transferring output files
...
004 (7306712.000.000) 10/04 01:57:57 Job was evicted.
	(0) CPU times
		Usr 0 00:07:06, Sys 0 00:00:32  -  Run Remote Usage
		Usr 0 00:00:00, Sys 0 00:00:00  -  Run Local Usage
	387480  -  Run Bytes Sent By Job
	10691  -  Run Bytes Received By Job
	Partitionable Resources :    Usage  Request Allocated 
	   Cpus                 :     0.70        1         1 
	   Disk (KB)            :   410          12   2912478 
	   Memory (MB)          :  1488        2000      2000 
...
009 (7306712.000.000) 10/04 01:57:57 Job was aborted.
	via condor_rm (by user fsalerno)
...
000 (7306735.000.000) 10/04 01:59:07 Job submitted from host: <137.138.55.115:9618?addrs=137.138.55.115-9618+[2001-1458-d00-17--12a]-9618&alias=bigbird23.cern.ch&noUDP&sock=schedd_4975_03c1>
...
040 (7306735.000.000) 10/04 02:03:53 Started transferring input files
	Transferring to host: <188.185.198.128:9618?addrs=188.185.198.128-9618+[2001-1458-303-25--100-7c]-9618&alias=b9p15p3297.cern.ch&noUDP&sock=slot1_1_3421270_f7ae_40717>
...
040 (7306735.000.000) 10/04 02:03:53 Finished transferring input files
...
001 (7306735.000.000) 10/04 02:03:54 Job executing on host: <188.185.198.128:9618?addrs=188.185.198.128-9618+[2001-1458-303-25--100-7c]-9618&alias=b9p15p3297.cern.ch&noUDP&sock=startd_10457_35f0>
	SlotName: slot1_1@b9p15p3297.cern.ch
	CondorScratchDir = "/pool/condor/dir_3779463"
	Cpus = 1
	Disk = 2934334
	Memory = 2000
...
006 (7306735.000.000) 10/04 02:04:03 Image size of job updated: 281160
	275  -  MemoryUsage of job (MB)
	280916  -  ResidentSetSize of job (KB)
...
006 (7306735.000.000) 10/04 02:09:04 Image size of job updated: 1404660
	1365  -  MemoryUsage of job (MB)
	1397164  -  ResidentSetSize of job (KB)
...
006 (7306735.000.000) 10/04 02:14:05 Image size of job updated: 1570132
	1533  -  MemoryUsage of job (MB)
	1569624  -  ResidentSetSize of job (KB)
...
006 (7306735.000.000) 10/04 02:19:05 Image size of job updated: 1702068
	1656  -  MemoryUsage of job (MB)
	1695096  -  ResidentSetSize of job (KB)
...
006 (7306735.000.000) 10/04 02:24:05 Image size of job updated: 1830124
	1787  -  MemoryUsage of job (MB)
	1829780  -  ResidentSetSize of job (KB)
...
006 (7306735.000.000) 10/04 02:28:55 Image size of job updated: 1982256
	1787  -  MemoryUsage of job (MB)
	1829780  -  ResidentSetSize of job (KB)
...
040 (7306735.000.000) 10/04 02:28:55 Started transferring output files
...
040 (7306735.000.000) 10/04 02:28:55 Finished transferring output files
...
005 (7306735.000.000) 10/04 02:28:55 Job terminated.
	(1) Normal termination (return value 1)
		Usr 0 00:17:01, Sys 0 00:00:57  -  Run Remote Usage
		Usr 0 00:00:00, Sys 0 00:00:00  -  Run Local Usage
		Usr 0 00:17:01, Sys 0 00:00:57  -  Total Remote Usage
		Usr 0 00:00:00, Sys 0 00:00:00  -  Total Local Usage
	720987  -  Run Bytes Sent By Job
	10691  -  Run Bytes Received By Job
	720987  -  Total Bytes Sent By Job
	10691  -  Total Bytes Received By Job
	Partitionable Resources :    Usage  Request Allocated 
	   Cpus                 :     0.72        1         1 
	   Disk (KB)            :   736          12   2934334 
	   Memory (MB)          :  1787        2000      2000 

	Job terminated of its own accord at 2024-10-04T00:28:55Z with exit-code 1.
...
000 (7306741.000.000) 10/04 02:35:29 Job submitted from host: <137.138.55.115:9618?addrs=137.138.55.115-9618+[2001-1458-d00-17--12a]-9618&alias=bigbird23.cern.ch&noUDP&sock=schedd_4975_03c1>
...
040 (7306741.000.000) 10/04 02:38:17 Started transferring input files
	Transferring to host: <128.142.193.149:9618?addrs=128.142.193.149-9618+[2001-1458-301-8--100-11]-9618&alias=b9g21p2551.cern.ch&noUDP&sock=slot1_22_3373153_3029_37439>
...
040 (7306741.000.000) 10/04 02:38:17 Finished transferring input files
...
001 (7306741.000.000) 10/04 02:38:18 Job executing on host: <128.142.193.149:9618?addrs=128.142.193.149-9618+[2001-1458-301-8--100-11]-9618&alias=b9g21p2551.cern.ch&noUDP&sock=startd_3159_63c4>
	SlotName: slot1_22@b9g21p2551.cern.ch
	CondorScratchDir = "/pool/condor/dir_581892"
	Cpus = 1
	Disk = 1107689
	Memory = 2000
...
006 (7306741.000.000) 10/04 02:38:27 Image size of job updated: 439400
	430  -  MemoryUsage of job (MB)
	439400  -  ResidentSetSize of job (KB)
...
006 (7306741.000.000) 10/04 02:43:28 Image size of job updated: 1331124
	1293  -  MemoryUsage of job (MB)
	1323384  -  ResidentSetSize of job (KB)
...
006 (7306741.000.000) 10/04 02:48:29 Image size of job updated: 1471152
	1430  -  MemoryUsage of job (MB)
	1463824  -  ResidentSetSize of job (KB)
...
006 (7306741.000.000) 10/04 02:53:29 Image size of job updated: 1604212
	1559  -  MemoryUsage of job (MB)
	1595532  -  ResidentSetSize of job (KB)
...
006 (7306741.000.000) 10/04 02:58:29 Image size of job updated: 1725056
	1682  -  MemoryUsage of job (MB)
	1721748  -  ResidentSetSize of job (KB)
...
006 (7306741.000.000) 10/04 03:03:30 Image size of job updated: 1840420
	1789  -  MemoryUsage of job (MB)
	1831320  -  ResidentSetSize of job (KB)
...
006 (7306741.000.000) 10/04 03:08:30 Image size of job updated: 1967080
	1918  -  MemoryUsage of job (MB)
	1963732  -  ResidentSetSize of job (KB)
...
006 (7306741.000.000) 10/04 03:13:30 Image size of job updated: 2090872
	2033  -  MemoryUsage of job (MB)
	2081096  -  ResidentSetSize of job (KB)
...
006 (7306741.000.000) 10/04 03:15:27 Image size of job updated: 2127700
	2033  -  MemoryUsage of job (MB)
	2081096  -  ResidentSetSize of job (KB)
...
040 (7306741.000.000) 10/04 03:15:27 Started transferring output files
...
040 (7306741.000.000) 10/04 03:15:27 Finished transferring output files
...
005 (7306741.000.000) 10/04 03:15:28 Job terminated.
	(1) Normal termination (return value 0)
		Usr 0 00:23:56, Sys 0 00:01:30  -  Run Remote Usage
		Usr 0 00:00:00, Sys 0 00:00:00  -  Run Local Usage
		Usr 0 00:23:56, Sys 0 00:01:30  -  Total Remote Usage
		Usr 0 00:00:00, Sys 0 00:00:00  -  Total Local Usage
	852477  -  Run Bytes Sent By Job
	10691  -  Run Bytes Received By Job
	852477  -  Total Bytes Sent By Job
	10691  -  Total Bytes Received By Job
	Partitionable Resources :    Usage  Request Allocated 
	   Cpus                 :     0.73        1         1 
	   Disk (KB)            :   864          12   1107689 
	   Memory (MB)          :  2033        2000      2000 

	Job terminated of its own accord at 2024-10-04T01:15:27Z with exit-code 0.
...
000 (7306759.000.000) 10/04 03:17:06 Job submitted from host: <137.138.55.115:9618?addrs=137.138.55.115-9618+[2001-1458-d00-17--12a]-9618&alias=bigbird23.cern.ch&noUDP&sock=schedd_4975_03c1>
...
040 (7306759.000.000) 10/04 03:22:29 Started transferring input files
	Transferring to host: <188.185.196.180:9618?addrs=188.185.196.180-9618+[2001-1458-303-23--100-b0]-9618&alias=b9p16p8930.cern.ch&noUDP&sock=slot1_34_2791133_7236_10407>
...
040 (7306759.000.000) 10/04 03:22:29 Finished transferring input files
...
001 (7306759.000.000) 10/04 03:22:30 Job executing on host: <188.185.196.180:9618?addrs=188.185.196.180-9618+[2001-1458-303-23--100-b0]-9618&alias=b9p16p8930.cern.ch&noUDP&sock=startd_127921_be95>
	SlotName: slot1_34@b9p16p8930.cern.ch
	CondorScratchDir = "/pool/condor/dir_2840116"
	Cpus = 1
	Disk = 2989768
	Memory = 2000
...
006 (7306759.000.000) 10/04 03:22:39 Image size of job updated: 325352
	318  -  MemoryUsage of job (MB)
	325352  -  ResidentSetSize of job (KB)
...
006 (7306759.000.000) 10/04 03:27:39 Image size of job updated: 1405404
	1367  -  MemoryUsage of job (MB)
	1399508  -  ResidentSetSize of job (KB)
...
006 (7306759.000.000) 10/04 03:32:39 Image size of job updated: 1591224
	1548  -  MemoryUsage of job (MB)
	1584680  -  ResidentSetSize of job (KB)
...
006 (7306759.000.000) 10/04 03:36:52 Image size of job updated: 1767500
	1548  -  MemoryUsage of job (MB)
	1584680  -  ResidentSetSize of job (KB)
...
040 (7306759.000.000) 10/04 03:36:52 Started transferring output files
...
040 (7306759.000.000) 10/04 03:36:52 Finished transferring output files
...
005 (7306759.000.000) 10/04 03:36:52 Job terminated.
	(1) Normal termination (return value 0)
		Usr 0 00:10:01, Sys 0 00:00:39  -  Run Remote Usage
		Usr 0 00:00:00, Sys 0 00:00:00  -  Run Local Usage
		Usr 0 00:10:01, Sys 0 00:00:39  -  Total Remote Usage
		Usr 0 00:00:00, Sys 0 00:00:00  -  Total Local Usage
	357432  -  Run Bytes Sent By Job
	10691  -  Run Bytes Received By Job
	357432  -  Total Bytes Sent By Job
	10691  -  Total Bytes Received By Job
	Partitionable Resources :    Usage  Request Allocated 
	   Cpus                 :     0.74        1         1 
	   Disk (KB)            :   381          12   2989768 
	   Memory (MB)          :  1548        2000      2000 

	Job terminated of its own accord at 2024-10-04T01:36:52Z with exit-code 0.
...
000 (7307409.000.000) 10/04 11:41:39 Job submitted from host: <137.138.55.115:9618?addrs=137.138.55.115-9618+[2001-1458-d00-17--12a]-9618&alias=bigbird23.cern.ch&noUDP&sock=schedd_4975_03c1>
...
040 (7307409.000.000) 10/04 11:48:43 Started transferring input files
	Transferring to host: <188.185.206.101:9618?addrs=188.185.206.101-9618+[2001-1458-303-b--100-62]-9618&alias=b9p05p9362.cern.ch&noUDP&sock=slot1_18_65024_0a4d_170491>
...
040 (7307409.000.000) 10/04 11:48:43 Finished transferring input files
...
001 (7307409.000.000) 10/04 11:48:44 Job executing on host: <188.185.206.101:9618?addrs=188.185.206.101-9618+[2001-1458-303-b--100-62]-9618&alias=b9p05p9362.cern.ch&noUDP&sock=startd_3351_15f3>
	SlotName: slot1_18@b9p05p9362.cern.ch
	CondorScratchDir = "/pool/condor/dir_3752578"
	Cpus = 1
	Disk = 2604985
	Memory = 2000
...
006 (7307409.000.000) 10/04 11:48:52 Image size of job updated: 481604
	470  -  MemoryUsage of job (MB)
	480584  -  ResidentSetSize of job (KB)
...
006 (7307409.000.000) 10/04 11:53:53 Image size of job updated: 1449336
	1410  -  MemoryUsage of job (MB)
	1442848  -  ResidentSetSize of job (KB)
...
006 (7307409.000.000) 10/04 11:58:54 Image size of job updated: 1737896
	1691  -  MemoryUsage of job (MB)
	1730868  -  ResidentSetSize of job (KB)
...
006 (7307409.000.000) 10/04 11:59:26 Image size of job updated: 1776132
	1691  -  MemoryUsage of job (MB)
	1730868  -  ResidentSetSize of job (KB)
...
040 (7307409.000.000) 10/04 11:59:26 Started transferring output files
...
040 (7307409.000.000) 10/04 11:59:26 Finished transferring output files
...
005 (7307409.000.000) 10/04 11:59:26 Job terminated.
	(1) Normal termination (return value 0)
		Usr 0 00:05:23, Sys 0 00:00:35  -  Run Remote Usage
		Usr 0 00:00:00, Sys 0 00:00:00  -  Run Local Usage
		Usr 0 00:05:23, Sys 0 00:00:35  -  Total Remote Usage
		Usr 0 00:00:00, Sys 0 00:00:00  -  Total Local Usage
	297792  -  Run Bytes Sent By Job
	10695  -  Run Bytes Received By Job
	297792  -  Total Bytes Sent By Job
	10695  -  Total Bytes Received By Job
	Partitionable Resources :    Usage  Request Allocated 
	   Cpus                 :     0.08        1         1 
	   Disk (KB)            :   328          12   2604985 
	   Memory (MB)          :  1691        2000      2000 

	Job terminated of its own accord at 2024-10-04T09:59:26Z with exit-code 0.
...
000 (7307410.000.000) 10/04 12:01:08 Job submitted from host: <137.138.55.115:9618?addrs=137.138.55.115-9618+[2001-1458-d00-17--12a]-9618&alias=bigbird23.cern.ch&noUDP&sock=schedd_4975_03c1>
...
040 (7307410.000.000) 10/04 12:11:34 Started transferring input files
	Transferring to host: <188.185.205.69:9618?addrs=188.185.205.69-9618+[2001-1458-303-9--100-b9]-9618&alias=b9p03p3225.cern.ch&noUDP&sock=slot1_43_3667_7bae_51628>
...
040 (7307410.000.000) 10/04 12:11:34 Finished transferring input files
...
001 (7307410.000.000) 10/04 12:11:35 Job executing on host: <188.185.205.69:9618?addrs=188.185.205.69-9618+[2001-1458-303-9--100-b9]-9618&alias=b9p03p3225.cern.ch&noUDP&sock=startd_3338_2b38>
	SlotName: slot1_43@b9p03p3225.cern.ch
	CondorScratchDir = "/pool/condor/dir_2970974"
	Cpus = 1
	Disk = 2694605
	Memory = 2000
...
006 (7307410.000.000) 10/04 12:11:43 Image size of job updated: 489616
	479  -  MemoryUsage of job (MB)
	489492  -  ResidentSetSize of job (KB)
...
006 (7307410.000.000) 10/04 12:12:19 Image size of job updated: 1005648
	630  -  MemoryUsage of job (MB)
	644404  -  ResidentSetSize of job (KB)
...
040 (7307410.000.000) 10/04 12:12:19 Started transferring output files
...
040 (7307410.000.000) 10/04 12:12:19 Finished transferring output files
...
005 (7307410.000.000) 10/04 12:12:19 Job terminated.
	(1) Normal termination (return value 1)
		Usr 0 00:00:08, Sys 0 00:00:04  -  Run Remote Usage
		Usr 0 00:00:00, Sys 0 00:00:00  -  Run Local Usage
		Usr 0 00:00:08, Sys 0 00:00:04  -  Total Remote Usage
		Usr 0 00:00:00, Sys 0 00:00:00  -  Total Local Usage
	66301  -  Run Bytes Sent By Job
	10695  -  Run Bytes Received By Job
	66301  -  Total Bytes Sent By Job
	10695  -  Total Bytes Received By Job
	Partitionable Resources :    Usage  Request Allocated 
	   Cpus                 :        0        1         1 
	   Disk (KB)            :      101       12   2694605 
	   Memory (MB)          :      630     2000      2000 

	Job terminated of its own accord at 2024-10-04T10:12:19Z with exit-code 1.
...
000 (7307417.000.000) 10/04 12:23:35 Job submitted from host: <137.138.55.115:9618?addrs=137.138.55.115-9618+[2001-1458-d00-17--12a]-9618&alias=bigbird23.cern.ch&noUDP&sock=schedd_4975_03c1>
...
040 (7307417.000.000) 10/04 12:25:41 Started transferring input files
	Transferring to host: <188.185.193.64:9618?addrs=188.185.193.64-9618+[2001-1458-303-20--100-3c]-9618&alias=b9p19p9927.cern.ch&noUDP&sock=slot1_6_4022961_b561_38397>
...
040 (7307417.000.000) 10/04 12:25:41 Finished transferring input files
...
001 (7307417.000.000) 10/04 12:25:42 Job executing on host: <188.185.193.64:9618?addrs=188.185.193.64-9618+[2001-1458-303-20--100-3c]-9618&alias=b9p19p9927.cern.ch&noUDP&sock=startd_127778_a88a>
	SlotName: slot1_6@b9p19p9927.cern.ch
	CondorScratchDir = "/pool/condor/dir_1593269"
	Cpus = 1
	Disk = 2921352
	Memory = 2000
...
006 (7307417.000.000) 10/04 12:25:51 Image size of job updated: 285724
	279  -  MemoryUsage of job (MB)
	285420  -  ResidentSetSize of job (KB)
...
006 (7307417.000.000) 10/04 12:30:52 Image size of job updated: 1424808
	1386  -  MemoryUsage of job (MB)
	1418552  -  ResidentSetSize of job (KB)
...
006 (7307417.000.000) 10/04 12:35:53 Image size of job updated: 1647036
	1602  -  MemoryUsage of job (MB)
	1640420  -  ResidentSetSize of job (KB)
...
006 (7307417.000.000) 10/04 12:38:35 Image size of job updated: 1753332
	1602  -  MemoryUsage of job (MB)
	1640420  -  ResidentSetSize of job (KB)
...
040 (7307417.000.000) 10/04 12:38:35 Started transferring output files
...
040 (7307417.000.000) 10/04 12:38:35 Finished transferring output files
...
005 (7307417.000.000) 10/04 12:38:35 Job terminated.
	(1) Normal termination (return value 0)
		Usr 0 00:08:17, Sys 0 00:00:30  -  Run Remote Usage
		Usr 0 00:00:00, Sys 0 00:00:00  -  Run Local Usage
		Usr 0 00:08:17, Sys 0 00:00:30  -  Total Remote Usage
		Usr 0 00:00:00, Sys 0 00:00:00  -  Total Local Usage
	297800  -  Run Bytes Sent By Job
	10695  -  Run Bytes Received By Job
	297800  -  Total Bytes Sent By Job
	10695  -  Total Bytes Received By Job
	Partitionable Resources :    Usage  Request Allocated 
	   Cpus                 :     0.76        1         1 
	   Disk (KB)            :   323          12   2921352 
	   Memory (MB)          :  1602        2000      2000 

	Job terminated of its own accord at 2024-10-04T10:38:35Z with exit-code 0.
...
000 (7307460.000.000) 10/04 12:45:59 Job submitted from host: <137.138.55.115:9618?addrs=137.138.55.115-9618+[2001-1458-d00-17--12a]-9618&alias=bigbird23.cern.ch&noUDP&sock=schedd_4975_03c1>
...
040 (7307460.000.000) 10/04 13:06:55 Started transferring input files
	Transferring to host: <188.185.193.76:9618?addrs=188.185.193.76-9618+[2001-1458-303-20--100-48]-9618&alias=b9p19p5184.cern.ch&noUDP&sock=slot1_42_651006_5ea2_53792>
...
040 (7307460.000.000) 10/04 13:06:55 Finished transferring input files
...
001 (7307460.000.000) 10/04 13:06:56 Job executing on host: <188.185.193.76:9618?addrs=188.185.193.76-9618+[2001-1458-303-20--100-48]-9618&alias=b9p19p5184.cern.ch&noUDP&sock=startd_164447_8ad8>
	SlotName: slot1_42@b9p19p5184.cern.ch
	CondorScratchDir = "/pool/condor/dir_30340"
	Cpus = 1
	Disk = 2860895
	Memory = 2000
...
006 (7307460.000.000) 10/04 13:07:05 Image size of job updated: 1
	0  -  MemoryUsage of job (MB)
	0  -  ResidentSetSize of job (KB)
...
006 (7307460.000.000) 10/04 13:12:06 Image size of job updated: 1463880
	1430  -  MemoryUsage of job (MB)
	1463628  -  ResidentSetSize of job (KB)
...
006 (7307460.000.000) 10/04 13:14:17 Image size of job updated: 1570524
	1430  -  MemoryUsage of job (MB)
	1463760  -  ResidentSetSize of job (KB)
...
040 (7307460.000.000) 10/04 13:14:17 Started transferring output files
...
040 (7307460.000.000) 10/04 13:14:17 Finished transferring output files
...
005 (7307460.000.000) 10/04 13:14:17 Job terminated.
	(1) Normal termination (return value 0)
		Usr 0 00:04:24, Sys 0 00:00:17  -  Run Remote Usage
		Usr 0 00:00:00, Sys 0 00:00:00  -  Run Local Usage
		Usr 0 00:04:24, Sys 0 00:00:17  -  Total Remote Usage
		Usr 0 00:00:00, Sys 0 00:00:00  -  Total Local Usage
	151014  -  Run Bytes Sent By Job
	10693  -  Run Bytes Received By Job
	151014  -  Total Bytes Sent By Job
	10693  -  Total Bytes Received By Job
	Partitionable Resources :    Usage  Request Allocated 
	   Cpus                 :     0.73        1         1 
	   Disk (KB)            :   180          12   2860895 
	   Memory (MB)          :  1430        2000      2000 

	Job terminated of its own accord at 2024-10-04T11:14:17Z with exit-code 0.
...
000 (7307526.000.000) 10/04 13:20:06 Job submitted from host: <137.138.55.115:9618?addrs=137.138.55.115-9618+[2001-1458-d00-17--12a]-9618&alias=bigbird23.cern.ch&noUDP&sock=schedd_4975_03c1>
...
040 (7307526.000.000) 10/04 13:24:01 Started transferring input files
	Transferring to host: <188.185.205.39:9618?addrs=188.185.205.39-9618+[2001-1458-303-9--100-9b]-9618&alias=b9p03p7515.cern.ch&noUDP&sock=slot1_37_3736_1991_63063>
...
040 (7307526.000.000) 10/04 13:24:01 Finished transferring input files
...
001 (7307526.000.000) 10/04 13:24:02 Job executing on host: <188.185.205.39:9618?addrs=188.185.205.39-9618+[2001-1458-303-9--100-9b]-9618&alias=b9p03p7515.cern.ch&noUDP&sock=startd_3691_4c27>
	SlotName: slot1_37@b9p03p7515.cern.ch
	CondorScratchDir = "/pool/condor/dir_3222366"
	Cpus = 1
	Disk = 2650786
	Memory = 2000
...
006 (7307526.000.000) 10/04 13:24:11 Image size of job updated: 483992
	472  -  MemoryUsage of job (MB)
	483236  -  ResidentSetSize of job (KB)
...
006 (7307526.000.000) 10/04 13:29:12 Image size of job updated: 1633608
	1569  -  MemoryUsage of job (MB)
	1606232  -  ResidentSetSize of job (KB)
...
006 (7307526.000.000) 10/04 13:34:12 Image size of job updated: 1976556
	1876  -  MemoryUsage of job (MB)
	1920644  -  ResidentSetSize of job (KB)
...
006 (7307526.000.000) 10/04 13:39:12 Image size of job updated: 2242244
	2100  -  MemoryUsage of job (MB)
	2150084  -  ResidentSetSize of job (KB)
...
006 (7307526.000.000) 10/04 13:42:31 Image size of job updated: 2380412
	2100  -  MemoryUsage of job (MB)
	2150084  -  ResidentSetSize of job (KB)
...
040 (7307526.000.000) 10/04 13:42:32 Started transferring output files
...
040 (7307526.000.000) 10/04 13:42:32 Finished transferring output files
...
005 (7307526.000.000) 10/04 13:42:32 Job terminated.
	(1) Normal termination (return value 0)
		Usr 0 00:17:08, Sys 0 00:00:17  -  Run Remote Usage
		Usr 0 00:00:00, Sys 0 00:00:00  -  Run Local Usage
		Usr 0 00:17:08, Sys 0 00:00:17  -  Total Remote Usage
		Usr 0 00:00:00, Sys 0 00:00:00  -  Total Local Usage
	18562  -  Run Bytes Sent By Job
	10699  -  Run Bytes Received By Job
	18562  -  Total Bytes Sent By Job
	10699  -  Total Bytes Received By Job
	Partitionable Resources :    Usage  Request Allocated 
	   Cpus                 :     0.93        1         1 
	   Disk (KB)            :    55          12   2650786 
	   Memory (MB)          :  2100        2000      2000 

	Job terminated of its own accord at 2024-10-04T11:42:31Z with exit-code 0.
...
000 (7307555.000.000) 10/04 14:10:23 Job submitted from host: <137.138.55.115:9618?addrs=137.138.55.115-9618+[2001-1458-d00-17--12a]-9618&alias=bigbird23.cern.ch&noUDP&sock=schedd_4975_03c1>
...
040 (7307555.000.000) 10/04 14:27:46 Started transferring input files
	Transferring to host: <188.185.193.26:9618?addrs=188.185.193.26-9618+[2001-1458-303-20--100-16]-9618&alias=b9p19p4200.cern.ch&noUDP&sock=slot1_24_2821433_8986_61516>
...
040 (7307555.000.000) 10/04 14:27:46 Finished transferring input files
...
001 (7307555.000.000) 10/04 14:27:47 Job executing on host: <188.185.193.26:9618?addrs=188.185.193.26-9618+[2001-1458-303-20--100-16]-9618&alias=b9p19p4200.cern.ch&noUDP&sock=startd_128053_4915>
	SlotName: slot1_24@b9p19p4200.cern.ch
	CondorScratchDir = "/pool/condor/dir_1135285"
	Cpus = 1
	Disk = 2946149
	Memory = 2000
...
006 (7307555.000.000) 10/04 14:27:56 Image size of job updated: 1
	0  -  MemoryUsage of job (MB)
	0  -  ResidentSetSize of job (KB)
...
006 (7307555.000.000) 10/04 14:32:57 Image size of job updated: 1474292
	1440  -  MemoryUsage of job (MB)
	1474292  -  ResidentSetSize of job (KB)
...
006 (7307555.000.000) 10/04 14:37:57 Image size of job updated: 2286744
	2234  -  MemoryUsage of job (MB)
	2286744  -  ResidentSetSize of job (KB)
...
006 (7307555.000.000) 10/04 14:42:57 Image size of job updated: 2467472
	2281  -  MemoryUsage of job (MB)
	2335592  -  ResidentSetSize of job (KB)
...
006 (7307555.000.000) 10/04 14:47:58 Image size of job updated: 2470616
	2281  -  MemoryUsage of job (MB)
	2335592  -  ResidentSetSize of job (KB)
...
006 (7307555.000.000) 10/04 14:57:58 Image size of job updated: 2470616
	2299  -  MemoryUsage of job (MB)
	2353792  -  ResidentSetSize of job (KB)
...
006 (7307555.000.000) 10/04 15:02:59 Image size of job updated: 2506072
	2299  -  MemoryUsage of job (MB)
	2354048  -  ResidentSetSize of job (KB)
...
006 (7307555.000.000) 10/04 15:07:59 Image size of job updated: 2506072
	2426  -  MemoryUsage of job (MB)
	2484196  -  ResidentSetSize of job (KB)
...
006 (7307555.000.000) 10/04 15:13:00 Image size of job updated: 2636436
	2426  -  MemoryUsage of job (MB)
	2484196  -  ResidentSetSize of job (KB)
...
006 (7307555.000.000) 10/04 15:18:01 Image size of job updated: 2636436
	2532  -  MemoryUsage of job (MB)
	2592748  -  ResidentSetSize of job (KB)
...
006 (7307555.000.000) 10/04 15:23:01 Image size of job updated: 2758124
	2547  -  MemoryUsage of job (MB)
	2607136  -  ResidentSetSize of job (KB)
...
006 (7307555.000.000) 10/04 15:28:02 Image size of job updated: 2758124
	2657  -  MemoryUsage of job (MB)
	2720432  -  ResidentSetSize of job (KB)
...
006 (7307555.000.000) 10/04 15:33:03 Image size of job updated: 2969972
	2690  -  MemoryUsage of job (MB)
	2753956  -  ResidentSetSize of job (KB)
...
006 (7307555.000.000) 10/04 15:38:03 Image size of job updated: 2969972
	2809  -  MemoryUsage of job (MB)
	2875860  -  ResidentSetSize of job (KB)
...
006 (7307555.000.000) 10/04 15:43:03 Image size of job updated: 3139800
	2835  -  MemoryUsage of job (MB)
	2902140  -  ResidentSetSize of job (KB)
...
006 (7307555.000.000) 10/04 15:48:04 Image size of job updated: 3139800
	2926  -  MemoryUsage of job (MB)
	2995840  -  ResidentSetSize of job (KB)
...
006 (7307555.000.000) 10/04 15:53:04 Image size of job updated: 3349792
	3021  -  MemoryUsage of job (MB)
	3092580  -  ResidentSetSize of job (KB)
...
006 (7307555.000.000) 10/04 15:58:05 Image size of job updated: 3349792
	3122  -  MemoryUsage of job (MB)
	3196156  -  ResidentSetSize of job (KB)
...
006 (7307555.000.000) 10/04 16:03:06 Image size of job updated: 3544560
	3199  -  MemoryUsage of job (MB)
	3275052  -  ResidentSetSize of job (KB)
...
006 (7307555.000.000) 10/04 16:08:06 Image size of job updated: 3544560
	3315  -  MemoryUsage of job (MB)
	3393840  -  ResidentSetSize of job (KB)
...
006 (7307555.000.000) 10/04 16:13:07 Image size of job updated: 3668692
	3583  -  MemoryUsage of job (MB)
	3668296  -  ResidentSetSize of job (KB)
...
006 (7307555.000.000) 10/04 16:18:07 Image size of job updated: 3678928
	3583  -  MemoryUsage of job (MB)
	3668400  -  ResidentSetSize of job (KB)
...
006 (7307555.000.000) 10/04 16:23:07 Image size of job updated: 3698344
	3612  -  MemoryUsage of job (MB)
	3698344  -  ResidentSetSize of job (KB)
...
006 (7307555.000.000) 10/04 16:28:07 Image size of job updated: 3851132
	3612  -  MemoryUsage of job (MB)
	3698344  -  ResidentSetSize of job (KB)
...
040 (7307555.000.000) 10/04 16:28:07 Started transferring output files
...
040 (7307555.000.000) 10/04 16:28:07 Finished transferring output files
...
009 (7307555.000.000) 10/04 16:28:07 Job was aborted.
	Job removed by SYSTEM_PERIODIC_REMOVE due to wall time exceeded allowed max.
...
000 (7307682.000.000) 10/04 16:39:26 Job submitted from host: <137.138.55.115:9618?addrs=137.138.55.115-9618+[2001-1458-d00-17--12a]-9618&alias=bigbird23.cern.ch&noUDP&sock=schedd_4975_03c1>
...
009 (7307682.000.000) 10/04 16:39:42 Job was aborted.
	via condor_rm (by user fsalerno)
...
000 (7307683.000.000) 10/04 16:39:58 Job submitted from host: <137.138.55.115:9618?addrs=137.138.55.115-9618+[2001-1458-d00-17--12a]-9618&alias=bigbird23.cern.ch&noUDP&sock=schedd_4975_03c1>
...
040 (7307683.000.000) 10/04 16:40:50 Started transferring input files
	Transferring to host: <188.185.205.227:9618?addrs=188.185.205.227-9618+[2001-1458-303-a--100-60]-9618&alias=b9p04p8306.cern.ch&noUDP&sock=slot1_45_4700_5338_63821>
...
040 (7307683.000.000) 10/04 16:40:50 Finished transferring input files
...
001 (7307683.000.000) 10/04 16:40:51 Job executing on host: <188.185.205.227:9618?addrs=188.185.205.227-9618+[2001-1458-303-a--100-60]-9618&alias=b9p04p8306.cern.ch&noUDP&sock=startd_4006_5c7c>
	SlotName: slot1_45@b9p04p8306.cern.ch
	CondorScratchDir = "/pool/condor/dir_2026957"
	Cpus = 1
	Disk = 2808070
	Memory = 2000
...
006 (7307683.000.000) 10/04 16:41:00 Image size of job updated: 484032
	473  -  MemoryUsage of job (MB)
	483548  -  ResidentSetSize of job (KB)
...
006 (7307683.000.000) 10/04 16:46:01 Image size of job updated: 1640684
	1602  -  MemoryUsage of job (MB)
	1640280  -  ResidentSetSize of job (KB)
...
006 (7307683.000.000) 10/04 16:51:02 Image size of job updated: 2096000
	2047  -  MemoryUsage of job (MB)
	2095820  -  ResidentSetSize of job (KB)
...
006 (7307683.000.000) 10/04 16:56:02 Image size of job updated: 2550040
	2371  -  MemoryUsage of job (MB)
	2427212  -  ResidentSetSize of job (KB)
...
006 (7307683.000.000) 10/04 17:01:03 Image size of job updated: 2640328
	2579  -  MemoryUsage of job (MB)
	2640076  -  ResidentSetSize of job (KB)
...
006 (7307683.000.000) 10/04 17:06:04 Image size of job updated: 2800380
	2713  -  MemoryUsage of job (MB)
	2777724  -  ResidentSetSize of job (KB)
...
006 (7307683.000.000) 10/04 17:11:04 Image size of job updated: 2960728
	2831  -  MemoryUsage of job (MB)
	2898304  -  ResidentSetSize of job (KB)
...
006 (7307683.000.000) 10/04 17:16:05 Image size of job updated: 3075388
	3004  -  MemoryUsage of job (MB)
	3075144  -  ResidentSetSize of job (KB)
...
006 (7307683.000.000) 10/04 17:21:05 Image size of job updated: 3205208
	3095  -  MemoryUsage of job (MB)
	3168884  -  ResidentSetSize of job (KB)
...
006 (7307683.000.000) 10/04 17:26:05 Image size of job updated: 3335276
	3246  -  MemoryUsage of job (MB)
	3323416  -  ResidentSetSize of job (KB)
...
006 (7307683.000.000) 10/04 17:31:06 Image size of job updated: 3534552
	3321  -  MemoryUsage of job (MB)
	3400276  -  ResidentSetSize of job (KB)
...
006 (7307683.000.000) 10/04 17:36:07 Image size of job updated: 3586792
	3503  -  MemoryUsage of job (MB)
	3586696  -  ResidentSetSize of job (KB)
...
006 (7307683.000.000) 10/04 17:41:07 Image size of job updated: 3705768
	3619  -  MemoryUsage of job (MB)
	3705540  -  ResidentSetSize of job (KB)
...
006 (7307683.000.000) 10/04 17:45:46 Image size of job updated: 3888672
	3619  -  MemoryUsage of job (MB)
	3705540  -  ResidentSetSize of job (KB)
...
040 (7307683.000.000) 10/04 17:45:46 Started transferring output files
...
040 (7307683.000.000) 10/04 17:45:46 Finished transferring output files
...
005 (7307683.000.000) 10/04 17:45:46 Job terminated.
	(1) Normal termination (return value 0)
		Usr 0 01:02:24, Sys 0 00:00:30  -  Run Remote Usage
		Usr 0 00:00:00, Sys 0 00:00:00  -  Run Local Usage
		Usr 0 01:02:24, Sys 0 00:00:30  -  Total Remote Usage
		Usr 0 00:00:00, Sys 0 00:00:00  -  Total Local Usage
	20162  -  Run Bytes Sent By Job
	10705  -  Run Bytes Received By Job
	20162  -  Total Bytes Sent By Job
	10705  -  Total Bytes Received By Job
	Partitionable Resources :    Usage  Request Allocated 
	   Cpus                 :     0.99        1         1 
	   Disk (KB)            :    57          12   2808070 
	   Memory (MB)          :  3619        2000      2000 

	Job terminated of its own accord at 2024-10-04T15:45:46Z with exit-code 0.
...
000 (7307698.000.000) 10/04 17:59:33 Job submitted from host: <137.138.55.115:9618?addrs=137.138.55.115-9618+[2001-1458-d00-17--12a]-9618&alias=bigbird23.cern.ch&noUDP&sock=schedd_4975_03c1>
...
040 (7307698.000.000) 10/04 18:02:04 Started transferring input files
	Transferring to host: <128.142.193.139:9618?addrs=128.142.193.139-9618+[2001-1458-301-8--100-7]-9618&alias=b9g21p6559.cern.ch&noUDP&sock=slot1_2_3155226_e6eb_9518>
...
040 (7307698.000.000) 10/04 18:02:04 Finished transferring input files
...
001 (7307698.000.000) 10/04 18:02:05 Job executing on host: <128.142.193.139:9618?addrs=128.142.193.139-9618+[2001-1458-301-8--100-7]-9618&alias=b9g21p6559.cern.ch&noUDP&sock=startd_3219_8b73>
	SlotName: slot1_2@b9g21p6559.cern.ch
	CondorScratchDir = "/pool/condor/dir_249694"
	Cpus = 1
	Disk = 1397439
	Memory = 2000
...
006 (7307698.000.000) 10/04 18:02:14 Image size of job updated: 67448
	66  -  MemoryUsage of job (MB)
	67112  -  ResidentSetSize of job (KB)
...
006 (7307698.000.000) 10/04 18:07:14 Image size of job updated: 1382948
	1344  -  MemoryUsage of job (MB)
	1375684  -  ResidentSetSize of job (KB)
...
006 (7307698.000.000) 10/04 18:12:14 Image size of job updated: 1539384
	1500  -  MemoryUsage of job (MB)
	1535176  -  ResidentSetSize of job (KB)
...
006 (7307698.000.000) 10/04 18:17:15 Image size of job updated: 1678932
	1633  -  MemoryUsage of job (MB)
	1671464  -  ResidentSetSize of job (KB)
...
006 (7307698.000.000) 10/04 18:22:16 Image size of job updated: 1805224
	1756  -  MemoryUsage of job (MB)
	1797168  -  ResidentSetSize of job (KB)
...
006 (7307698.000.000) 10/04 18:27:16 Image size of job updated: 1942952
	1887  -  MemoryUsage of job (MB)
	1932220  -  ResidentSetSize of job (KB)
...
006 (7307698.000.000) 10/04 18:32:16 Image size of job updated: 2075156
	2017  -  MemoryUsage of job (MB)
	2065400  -  ResidentSetSize of job (KB)
...
006 (7307698.000.000) 10/04 18:34:58 Image size of job updated: 2147992
	2017  -  MemoryUsage of job (MB)
	2065400  -  ResidentSetSize of job (KB)
...
040 (7307698.000.000) 10/04 18:34:58 Started transferring output files
...
040 (7307698.000.000) 10/04 18:34:59 Finished transferring output files
...
005 (7307698.000.000) 10/04 18:34:59 Job terminated.
	(1) Normal termination (return value 0)
		Usr 0 00:21:57, Sys 0 00:01:00  -  Run Remote Usage
		Usr 0 00:00:00, Sys 0 00:00:00  -  Run Local Usage
		Usr 0 00:21:57, Sys 0 00:01:00  -  Total Remote Usage
		Usr 0 00:00:00, Sys 0 00:00:00  -  Total Local Usage
	852021  -  Run Bytes Sent By Job
	10695  -  Run Bytes Received By Job
	852021  -  Total Bytes Sent By Job
	10695  -  Total Bytes Received By Job
	Partitionable Resources :    Usage  Request Allocated 
	   Cpus                 :     0.76        1         1 
	   Disk (KB)            :   864          12   1397439 
	   Memory (MB)          :  2017        2000      2000 

	Job terminated of its own accord at 2024-10-04T16:34:58Z with exit-code 0.
...
000 (7307730.000.000) 10/04 18:44:25 Job submitted from host: <137.138.55.115:9618?addrs=137.138.55.115-9618+[2001-1458-d00-17--12a]-9618&alias=bigbird23.cern.ch&noUDP&sock=schedd_4975_03c1>
...
040 (7307730.000.000) 10/04 18:56:06 Started transferring input files
	Transferring to host: <128.142.161.107:9618?addrs=128.142.161.107-9618+[2001-1458-301-b8--100-29]-9618&alias=b9g03p5993.cern.ch&noUDP&sock=slot1_7_3606072_b1c9_765>
...
040 (7307730.000.000) 10/04 18:56:06 Finished transferring input files
...
001 (7307730.000.000) 10/04 18:56:07 Job executing on host: <128.142.161.107:9618?addrs=128.142.161.107-9618+[2001-1458-301-b8--100-29]-9618&alias=b9g03p5993.cern.ch&noUDP&sock=startd_3192_0664>
	SlotName: slot1_7@b9g03p5993.cern.ch
	CondorScratchDir = "/pool/condor/dir_3820193"
	Cpus = 1
	Disk = 3172452
	Memory = 2000
...
006 (7307730.000.000) 10/04 18:56:16 Image size of job updated: 516656
	505  -  MemoryUsage of job (MB)
	516656  -  ResidentSetSize of job (KB)
...
006 (7307730.000.000) 10/04 19:01:17 Image size of job updated: 1398040
	828  -  MemoryUsage of job (MB)
	847404  -  ResidentSetSize of job (KB)
...
006 (7307730.000.000) 10/04 19:06:17 Image size of job updated: 1398040
	947  -  MemoryUsage of job (MB)
	968776  -  ResidentSetSize of job (KB)
...
006 (7307730.000.000) 10/04 19:11:17 Image size of job updated: 1398040
	1075  -  MemoryUsage of job (MB)
	1100744  -  ResidentSetSize of job (KB)
...
040 (7307730.000.000) 10/04 19:13:48 Started transferring output files
...
040 (7307730.000.000) 10/04 19:13:48 Finished transferring output files
...
005 (7307730.000.000) 10/04 19:13:48 Job terminated.
	(1) Normal termination (return value 0)
		Usr 0 00:11:35, Sys 0 00:00:37  -  Run Remote Usage
		Usr 0 00:00:00, Sys 0 00:00:00  -  Run Local Usage
		Usr 0 00:11:35, Sys 0 00:00:37  -  Total Remote Usage
		Usr 0 00:00:00, Sys 0 00:00:00  -  Total Local Usage
	356977  -  Run Bytes Sent By Job
	10695  -  Run Bytes Received By Job
	356977  -  Total Bytes Sent By Job
	10695  -  Total Bytes Received By Job
	Partitionable Resources :    Usage  Request Allocated 
	   Cpus                 :     0.78        1         1 
	   Disk (KB)            :   380          12   3172452 
	   Memory (MB)          :  1075        2000      2000 

	Job terminated of its own accord at 2024-10-04T17:13:48Z with exit-code 0.
...
000 (7307762.000.000) 10/04 19:17:21 Job submitted from host: <137.138.55.115:9618?addrs=137.138.55.115-9618+[2001-1458-d00-17--12a]-9618&alias=bigbird23.cern.ch&noUDP&sock=schedd_4975_03c1>
...
040 (7307762.000.000) 10/04 19:24:16 Started transferring input files
	Transferring to host: <188.185.205.119:9618?addrs=188.185.205.119-9618+[2001-1458-303-9--100-74]-9618&alias=b9p03p4401.cern.ch&noUDP&sock=slot1_16_15249_0cc5_188800>
...
040 (7307762.000.000) 10/04 19:24:16 Finished transferring input files
...
001 (7307762.000.000) 10/04 19:24:17 Job executing on host: <188.185.205.119:9618?addrs=188.185.205.119-9618+[2001-1458-303-9--100-74]-9618&alias=b9p03p4401.cern.ch&noUDP&sock=startd_14262_1fcc>
	SlotName: slot1_16@b9p03p4401.cern.ch
	CondorScratchDir = "/pool/condor/dir_358790"
	Cpus = 1
	Disk = 2696148
	Memory = 2000
...
006 (7307762.000.000) 10/04 19:24:26 Image size of job updated: 200244
	196  -  MemoryUsage of job (MB)
	200004  -  ResidentSetSize of job (KB)
...
006 (7307762.000.000) 10/04 19:29:27 Image size of job updated: 1046144
	1022  -  MemoryUsage of job (MB)
	1045928  -  ResidentSetSize of job (KB)
...
006 (7307762.000.000) 10/04 19:34:28 Image size of job updated: 1868756
	1640  -  MemoryUsage of job (MB)
	1678536  -  ResidentSetSize of job (KB)
...
006 (7307762.000.000) 10/04 19:39:28 Image size of job updated: 2188908
	1843  -  MemoryUsage of job (MB)
	1886740  -  ResidentSetSize of job (KB)
...
006 (7307762.000.000) 10/04 19:44:28 Image size of job updated: 2188908
	2051  -  MemoryUsage of job (MB)
	2100044  -  ResidentSetSize of job (KB)
...
006 (7307762.000.000) 10/04 19:49:29 Image size of job updated: 2475024
	2129  -  MemoryUsage of job (MB)
	2179336  -  ResidentSetSize of job (KB)
...
006 (7307762.000.000) 10/04 19:54:29 Image size of job updated: 2519292
	2218  -  MemoryUsage of job (MB)
	2271084  -  ResidentSetSize of job (KB)
...
006 (7307762.000.000) 10/04 19:59:30 Image size of job updated: 2519292
	2353  -  MemoryUsage of job (MB)
	2408652  -  ResidentSetSize of job (KB)
...
006 (7307762.000.000) 10/04 20:04:30 Image size of job updated: 2688192
	2457  -  MemoryUsage of job (MB)
	2515180  -  ResidentSetSize of job (KB)
...
006 (7307762.000.000) 10/04 20:09:30 Image size of job updated: 2859932
	2556  -  MemoryUsage of job (MB)
	2616756  -  ResidentSetSize of job (KB)
...
006 (7307762.000.000) 10/04 20:14:31 Image size of job updated: 3025760
	2656  -  MemoryUsage of job (MB)
	2719708  -  ResidentSetSize of job (KB)
...
006 (7307762.000.000) 10/04 20:19:32 Image size of job updated: 3025760
	2827  -  MemoryUsage of job (MB)
	2894096  -  ResidentSetSize of job (KB)
...
006 (7307762.000.000) 10/04 20:24:32 Image size of job updated: 3236308
	3003  -  MemoryUsage of job (MB)
	3074932  -  ResidentSetSize of job (KB)
...
006 (7307762.000.000) 10/04 20:29:33 Image size of job updated: 3441436
	3148  -  MemoryUsage of job (MB)
	3222540  -  ResidentSetSize of job (KB)
...
006 (7307762.000.000) 10/04 20:34:34 Image size of job updated: 3571524
	3251  -  MemoryUsage of job (MB)
	3328740  -  ResidentSetSize of job (KB)
...
006 (7307762.000.000) 10/04 20:39:34 Image size of job updated: 3571524
	3426  -  MemoryUsage of job (MB)
	3507716  -  ResidentSetSize of job (KB)
...
006 (7307762.000.000) 10/04 20:44:34 Image size of job updated: 3744248
	3575  -  MemoryUsage of job (MB)
	3660212  -  ResidentSetSize of job (KB)
...
006 (7307762.000.000) 10/04 20:49:35 Image size of job updated: 3897500
	3674  -  MemoryUsage of job (MB)
	3761468  -  ResidentSetSize of job (KB)
...
006 (7307762.000.000) 10/04 20:54:35 Image size of job updated: 4064724
	3674  -  MemoryUsage of job (MB)
	3761468  -  ResidentSetSize of job (KB)
...
006 (7307762.000.000) 10/04 21:04:36 Image size of job updated: 4064724
	3735  -  MemoryUsage of job (MB)
	3824512  -  ResidentSetSize of job (KB)
...
006 (7307762.000.000) 10/04 21:09:37 Image size of job updated: 4090952
	3802  -  MemoryUsage of job (MB)
	3893180  -  ResidentSetSize of job (KB)
...
006 (7307762.000.000) 10/04 21:14:37 Image size of job updated: 4138668
	3842  -  MemoryUsage of job (MB)
	3933592  -  ResidentSetSize of job (KB)
...
006 (7307762.000.000) 10/04 21:19:38 Image size of job updated: 4138668
	3974  -  MemoryUsage of job (MB)
	4069060  -  ResidentSetSize of job (KB)
...
006 (7307762.000.000) 10/04 21:27:19 Image size of job updated: 4279636
	4173  -  MemoryUsage of job (MB)
	4272616  -  ResidentSetSize of job (KB)
...
006 (7307762.000.000) 10/04 21:27:24 Image size of job updated: 4378540
	4276  -  MemoryUsage of job (MB)
	4378284  -  ResidentSetSize of job (KB)
...
040 (7307762.000.000) 10/04 21:27:25 Started transferring output files
...
040 (7307762.000.000) 10/04 21:27:25 Finished transferring output files
...
009 (7307762.000.000) 10/04 21:27:26 Job was aborted.
	Job removed by SYSTEM_PERIODIC_REMOVE due to wall time exceeded allowed max.
...
000 (7308749.000.000) 10/05 13:27:46 Job submitted from host: <137.138.55.115:9618?addrs=137.138.55.115-9618+[2001-1458-d00-17--12a]-9618&alias=bigbird23.cern.ch&noUDP&sock=schedd_4975_03c1>
...
040 (7308749.000.000) 10/05 13:37:20 Started transferring input files
	Transferring to host: <188.185.194.185:9618?addrs=188.185.194.185-9618+[2001-1458-303-21--100-b5]-9618&alias=b9p20p3715.cern.ch&noUDP&sock=slot1_7_2010368_df50_3452>
...
040 (7308749.000.000) 10/05 13:37:20 Finished transferring input files
...
001 (7308749.000.000) 10/05 13:37:21 Job executing on host: <188.185.194.185:9618?addrs=188.185.194.185-9618+[2001-1458-303-21--100-b5]-9618&alias=b9p20p3715.cern.ch&noUDP&sock=startd_6314_7511>
	SlotName: slot1_7@b9p20p3715.cern.ch
	CondorScratchDir = "/pool/condor/dir_2777299"
	Cpus = 1
	Disk = 2992897
	Memory = 2000
...
006 (7308749.000.000) 10/05 13:37:30 Image size of job updated: 487036
	476  -  MemoryUsage of job (MB)
	486428  -  ResidentSetSize of job (KB)
...
006 (7308749.000.000) 10/05 13:42:31 Image size of job updated: 1465164
	1431  -  MemoryUsage of job (MB)
	1465164  -  ResidentSetSize of job (KB)
...
006 (7308749.000.000) 10/05 13:47:32 Image size of job updated: 2208952
	2158  -  MemoryUsage of job (MB)
	2208948  -  ResidentSetSize of job (KB)
...
006 (7308749.000.000) 10/05 13:52:32 Image size of job updated: 2525240
	2466  -  MemoryUsage of job (MB)
	2525136  -  ResidentSetSize of job (KB)
...
006 (7308749.000.000) 10/05 13:57:33 Image size of job updated: 2877880
	2742  -  MemoryUsage of job (MB)
	2807748  -  ResidentSetSize of job (KB)
...
006 (7308749.000.000) 10/05 14:02:33 Image size of job updated: 2962228
	2893  -  MemoryUsage of job (MB)
	2962228  -  ResidentSetSize of job (KB)
...
006 (7308749.000.000) 10/05 14:07:33 Image size of job updated: 3208980
	3006  -  MemoryUsage of job (MB)
	3077868  -  ResidentSetSize of job (KB)
...
006 (7308749.000.000) 10/05 14:12:34 Image size of job updated: 3220436
	3145  -  MemoryUsage of job (MB)
	3220436  -  ResidentSetSize of job (KB)
...
006 (7308749.000.000) 10/05 14:17:34 Image size of job updated: 3330604
	3235  -  MemoryUsage of job (MB)
	3311652  -  ResidentSetSize of job (KB)
...
006 (7308749.000.000) 10/05 14:22:34 Image size of job updated: 3449236
	3369  -  MemoryUsage of job (MB)
	3449088  -  ResidentSetSize of job (KB)
...
006 (7308749.000.000) 10/05 14:27:35 Image size of job updated: 3553648
	3471  -  MemoryUsage of job (MB)
	3553648  -  ResidentSetSize of job (KB)
...
006 (7308749.000.000) 10/05 14:32:36 Image size of job updated: 3685020
	3573  -  MemoryUsage of job (MB)
	3658056  -  ResidentSetSize of job (KB)
...
006 (7308749.000.000) 10/05 14:37:36 Image size of job updated: 3798804
	3710  -  MemoryUsage of job (MB)
	3798800  -  ResidentSetSize of job (KB)
...
006 (7308749.000.000) 10/05 14:42:37 Image size of job updated: 3890356
	3800  -  MemoryUsage of job (MB)
	3890352  -  ResidentSetSize of job (KB)
...
006 (7308749.000.000) 10/05 14:47:38 Image size of job updated: 4063404
	3800  -  MemoryUsage of job (MB)
	3890352  -  ResidentSetSize of job (KB)
...
006 (7308749.000.000) 10/05 15:12:40 Image size of job updated: 4063404
	3834  -  MemoryUsage of job (MB)
	3925652  -  ResidentSetSize of job (KB)
...
006 (7308749.000.000) 10/05 15:17:41 Image size of job updated: 4063404
	3945  -  MemoryUsage of job (MB)
	4039616  -  ResidentSetSize of job (KB)
...
006 (7308749.000.000) 10/05 15:22:41 Image size of job updated: 4101564
	3954  -  MemoryUsage of job (MB)
	4048440  -  ResidentSetSize of job (KB)
...
006 (7308749.000.000) 10/05 15:27:41 Image size of job updated: 4147996
	4051  -  MemoryUsage of job (MB)
	4147748  -  ResidentSetSize of job (KB)
...
006 (7308749.000.000) 10/05 15:32:42 Image size of job updated: 4285064
	4132  -  MemoryUsage of job (MB)
	4230384  -  ResidentSetSize of job (KB)
...
006 (7308749.000.000) 10/05 15:37:42 Image size of job updated: 4356440
	4132  -  MemoryUsage of job (MB)
	4230384  -  ResidentSetSize of job (KB)
...
040 (7308749.000.000) 10/05 15:37:42 Started transferring output files
...
040 (7308749.000.000) 10/05 15:37:42 Finished transferring output files
...
009 (7308749.000.000) 10/05 15:37:43 Job was aborted.
	Job removed by SYSTEM_PERIODIC_REMOVE due to wall time exceeded allowed max.
...
000 (7309253.000.000) 10/05 16:56:19 Job submitted from host: <137.138.55.115:9618?addrs=137.138.55.115-9618+[2001-1458-d00-17--12a]-9618&alias=bigbird23.cern.ch&noUDP&sock=schedd_4975_03c1>
...
040 (7309253.000.000) 10/05 17:01:10 Started transferring input files
	Transferring to host: <188.185.209.101:9618?addrs=188.185.209.101-9618+[2001-1458-303-11--100-62]-9618&alias=b9p11p7000.cern.ch&noUDP&sock=slot1_30_3705_41f0_228746>
...
040 (7309253.000.000) 10/05 17:01:11 Finished transferring input files
...
001 (7309253.000.000) 10/05 17:01:11 Job executing on host: <188.185.209.101:9618?addrs=188.185.209.101-9618+[2001-1458-303-11--100-62]-9618&alias=b9p11p7000.cern.ch&noUDP&sock=startd_3616_da8c>
	SlotName: slot1_30@b9p11p7000.cern.ch
	CondorScratchDir = "/pool/condor/dir_1703901"
	Cpus = 1
	Disk = 2791948
	Memory = 2000
...
006 (7309253.000.000) 10/05 17:01:20 Image size of job updated: 489644
	478  -  MemoryUsage of job (MB)
	489192  -  ResidentSetSize of job (KB)
...
006 (7309253.000.000) 10/05 17:06:20 Image size of job updated: 1867764
	1824  -  MemoryUsage of job (MB)
	1867512  -  ResidentSetSize of job (KB)
...
006 (7309253.000.000) 10/05 17:11:20 Image size of job updated: 2494200
	2287  -  MemoryUsage of job (MB)
	2341552  -  ResidentSetSize of job (KB)
...
006 (7309253.000.000) 10/05 17:16:21 Image size of job updated: 2819892
	2538  -  MemoryUsage of job (MB)
	2598068  -  ResidentSetSize of job (KB)
...
006 (7309253.000.000) 10/05 17:21:21 Image size of job updated: 3102100
	2675  -  MemoryUsage of job (MB)
	2738500  -  ResidentSetSize of job (KB)
...
006 (7309253.000.000) 10/05 17:26:22 Image size of job updated: 3102100
	2872  -  MemoryUsage of job (MB)
	2940192  -  ResidentSetSize of job (KB)
...
006 (7309253.000.000) 10/05 17:31:22 Image size of job updated: 3218112
	2985  -  MemoryUsage of job (MB)
	3055996  -  ResidentSetSize of job (KB)
...
006 (7309253.000.000) 10/05 17:36:22 Image size of job updated: 3392948
	3105  -  MemoryUsage of job (MB)
	3179092  -  ResidentSetSize of job (KB)
...
006 (7309253.000.000) 10/05 17:41:23 Image size of job updated: 3553192
	3233  -  MemoryUsage of job (MB)
	3310408  -  ResidentSetSize of job (KB)
...
006 (7309253.000.000) 10/05 17:46:23 Image size of job updated: 3570232
	3233  -  MemoryUsage of job (MB)
	3310408  -  ResidentSetSize of job (KB)
...
006 (7309253.000.000) 10/05 18:01:25 Image size of job updated: 3570232
	3258  -  MemoryUsage of job (MB)
	3335560  -  ResidentSetSize of job (KB)
...
006 (7309253.000.000) 10/05 18:06:25 Image size of job updated: 3695620
	3380  -  MemoryUsage of job (MB)
	3460976  -  ResidentSetSize of job (KB)
...
006 (7309253.000.000) 10/05 18:11:26 Image size of job updated: 3695620
	3592  -  MemoryUsage of job (MB)
	3677516  -  ResidentSetSize of job (KB)
...
006 (7309253.000.000) 10/05 18:16:27 Image size of job updated: 3867476
	3703  -  MemoryUsage of job (MB)
	3791832  -  ResidentSetSize of job (KB)
...
006 (7309253.000.000) 10/05 18:21:27 Image size of job updated: 4022232
	3832  -  MemoryUsage of job (MB)
	3923380  -  ResidentSetSize of job (KB)
...
006 (7309253.000.000) 10/05 18:26:28 Image size of job updated: 4198656
	4005  -  MemoryUsage of job (MB)
	4100936  -  ResidentSetSize of job (KB)
...
006 (7309253.000.000) 10/05 18:31:29 Image size of job updated: 4321780
	4135  -  MemoryUsage of job (MB)
	4234072  -  ResidentSetSize of job (KB)
...
006 (7309253.000.000) 10/05 18:36:29 Image size of job updated: 4537124
	4426  -  MemoryUsage of job (MB)
	4531480  -  ResidentSetSize of job (KB)
...
006 (7309253.000.000) 10/05 18:41:30 Image size of job updated: 4720236
	4426  -  MemoryUsage of job (MB)
	4531480  -  ResidentSetSize of job (KB)
...
006 (7309253.000.000) 10/05 18:46:30 Image size of job updated: 4814092
	4507  -  MemoryUsage of job (MB)
	4614440  -  ResidentSetSize of job (KB)
...
006 (7309253.000.000) 10/05 18:51:31 Image size of job updated: 4987420
	4626  -  MemoryUsage of job (MB)
	4736828  -  ResidentSetSize of job (KB)
...
006 (7309253.000.000) 10/05 18:56:32 Image size of job updated: 4987420
	4805  -  MemoryUsage of job (MB)
	4920012  -  ResidentSetSize of job (KB)
...
006 (7309253.000.000) 10/05 19:01:32 Image size of job updated: 5158012
	4943  -  MemoryUsage of job (MB)
	5061500  -  ResidentSetSize of job (KB)
...
040 (7309253.000.000) 10/05 19:01:33 Started transferring output files
...
040 (7309253.000.000) 10/05 19:01:33 Finished transferring output files
...
009 (7309253.000.000) 10/05 19:01:33 Job was aborted.
	Job removed by SYSTEM_PERIODIC_REMOVE due to wall time exceeded allowed max.
...
000 (7309611.000.000) 10/05 23:16:48 Job submitted from host: <137.138.55.115:9618?addrs=137.138.55.115-9618+[2001-1458-d00-17--12a]-9618&alias=bigbird23.cern.ch&noUDP&sock=schedd_4975_03c1>
...
009 (7309611.000.000) 10/05 23:18:38 Job was aborted.
	via condor_rm (by user fsalerno)
...
000 (7309615.000.000) 10/05 23:24:20 Job submitted from host: <137.138.55.115:9618?addrs=137.138.55.115-9618+[2001-1458-d00-17--12a]-9618&alias=bigbird23.cern.ch&noUDP&sock=schedd_4975_03c1>
...
040 (7309615.000.000) 10/05 23:27:10 Started transferring input files
	Transferring to host: <128.142.248.79:9618?addrs=128.142.248.79-9618+[2001-1458-301-73--100-13f]-9618&alias=b9g23p1840.cern.ch&noUDP&sock=slot1_18_2605018_9785_12311>
...
040 (7309615.000.000) 10/05 23:27:10 Finished transferring input files
...
001 (7309615.000.000) 10/05 23:27:11 Job executing on host: <128.142.248.79:9618?addrs=128.142.248.79-9618+[2001-1458-301-73--100-13f]-9618&alias=b9g23p1840.cern.ch&noUDP&sock=startd_7681_1b08>
	SlotName: slot1_18@b9g23p1840.cern.ch
	CondorScratchDir = "/pool/condor/dir_150460"
	Cpus = 1
	Disk = 2795611
	Memory = 2000
...
006 (7309615.000.000) 10/05 23:27:20 Image size of job updated: 483712
	473  -  MemoryUsage of job (MB)
	483480  -  ResidentSetSize of job (KB)
...
006 (7309615.000.000) 10/05 23:32:21 Image size of job updated: 1422820
	1377  -  MemoryUsage of job (MB)
	1409192  -  ResidentSetSize of job (KB)
...
006 (7309615.000.000) 10/05 23:37:22 Image size of job updated: 1977072
	1931  -  MemoryUsage of job (MB)
	1977072  -  ResidentSetSize of job (KB)
...
006 (7309615.000.000) 10/05 23:42:22 Image size of job updated: 2187380
	1931  -  MemoryUsage of job (MB)
	1977164  -  ResidentSetSize of job (KB)
...
006 (7309615.000.000) 10/05 23:57:23 Image size of job updated: 2187380
	2085  -  MemoryUsage of job (MB)
	2134884  -  ResidentSetSize of job (KB)
...
006 (7309615.000.000) 10/06 00:02:24 Image size of job updated: 2286080
	2086  -  MemoryUsage of job (MB)
	2135368  -  ResidentSetSize of job (KB)
...
006 (7309615.000.000) 10/06 00:27:27 Image size of job updated: 2417132
	2086  -  MemoryUsage of job (MB)
	2135368  -  ResidentSetSize of job (KB)
...
006 (7309615.000.000) 10/06 00:37:29 Image size of job updated: 2419912
	2115  -  MemoryUsage of job (MB)
	2164772  -  ResidentSetSize of job (KB)
...
006 (7309615.000.000) 10/06 00:47:30 Image size of job updated: 2458564
	2153  -  MemoryUsage of job (MB)
	2204088  -  ResidentSetSize of job (KB)
...
006 (7309615.000.000) 10/06 00:52:31 Image size of job updated: 2458564
	2355  -  MemoryUsage of job (MB)
	2411244  -  ResidentSetSize of job (KB)
...
006 (7309615.000.000) 10/06 00:57:31 Image size of job updated: 2569244
	2359  -  MemoryUsage of job (MB)
	2415240  -  ResidentSetSize of job (KB)
...
006 (7309615.000.000) 10/06 01:02:32 Image size of job updated: 2700692
	2411  -  MemoryUsage of job (MB)
	2468152  -  ResidentSetSize of job (KB)
...
006 (7309615.000.000) 10/06 01:07:33 Image size of job updated: 2700692
	2533  -  MemoryUsage of job (MB)
	2593020  -  ResidentSetSize of job (KB)
...
006 (7309615.000.000) 10/06 01:12:33 Image size of job updated: 2797980
	2533  -  MemoryUsage of job (MB)
	2593020  -  ResidentSetSize of job (KB)
...
006 (7309615.000.000) 10/06 01:17:34 Image size of job updated: 2797980
	2584  -  MemoryUsage of job (MB)
	2645044  -  ResidentSetSize of job (KB)
...
006 (7309615.000.000) 10/06 01:22:35 Image size of job updated: 2837712
	2736  -  MemoryUsage of job (MB)
	2800756  -  ResidentSetSize of job (KB)
...
006 (7309615.000.000) 10/06 01:27:35 Image size of job updated: 3013364
	2736  -  MemoryUsage of job (MB)
	2800756  -  ResidentSetSize of job (KB)
...
040 (7309615.000.000) 10/06 01:27:35 Started transferring output files
...
040 (7309615.000.000) 10/06 01:27:35 Finished transferring output files
...
009 (7309615.000.000) 10/06 01:27:36 Job was aborted.
	Job removed by SYSTEM_PERIODIC_REMOVE due to wall time exceeded allowed max.
...
000 (7310022.000.000) 10/06 13:03:08 Job submitted from host: <137.138.55.115:9618?addrs=137.138.55.115-9618+[2001-1458-d00-17--12a]-9618&alias=bigbird23.cern.ch&noUDP&sock=schedd_4975_03c1>
...
009 (7310022.000.000) 10/06 13:05:07 Job was aborted.
	via condor_rm (by user fsalerno)
...
000 (7310023.000.000) 10/06 13:05:24 Job submitted from host: <137.138.55.115:9618?addrs=137.138.55.115-9618+[2001-1458-d00-17--12a]-9618&alias=bigbird23.cern.ch&noUDP&sock=schedd_4975_03c1>
...
040 (7310023.000.000) 10/06 13:08:36 Started transferring input files
	Transferring to host: <188.185.193.174:9618?addrs=188.185.193.174-9618+[2001-1458-303-20--100-aa]-9618&alias=b9p19p8043.cern.ch&noUDP&sock=slot1_13_115010_b2fe_62243>
...
040 (7310023.000.000) 10/06 13:08:36 Finished transferring input files
...
001 (7310023.000.000) 10/06 13:08:37 Job executing on host: <188.185.193.174:9618?addrs=188.185.193.174-9618+[2001-1458-303-20--100-aa]-9618&alias=b9p19p8043.cern.ch&noUDP&sock=startd_128403_5b3b>
	SlotName: slot1_13@b9p19p8043.cern.ch
	CondorScratchDir = "/pool/condor/dir_396577"
	Cpus = 1
	Disk = 2942628
	Memory = 2000
...
006 (7310023.000.000) 10/06 13:08:46 Image size of job updated: 484996
	474  -  MemoryUsage of job (MB)
	484748  -  ResidentSetSize of job (KB)
...
006 (7310023.000.000) 10/06 13:13:47 Image size of job updated: 1463768
	1430  -  MemoryUsage of job (MB)
	1463768  -  ResidentSetSize of job (KB)
...
006 (7310023.000.000) 10/06 13:18:48 Image size of job updated: 2219664
	2168  -  MemoryUsage of job (MB)
	2219664  -  ResidentSetSize of job (KB)
...
006 (7310023.000.000) 10/06 13:23:48 Image size of job updated: 2461344
	2222  -  MemoryUsage of job (MB)
	2274944  -  ResidentSetSize of job (KB)
...
006 (7310023.000.000) 10/06 13:28:48 Image size of job updated: 2583220
	2523  -  MemoryUsage of job (MB)
	2583220  -  ResidentSetSize of job (KB)
...
006 (7310023.000.000) 10/06 13:33:49 Image size of job updated: 2784864
	2535  -  MemoryUsage of job (MB)
	2595028  -  ResidentSetSize of job (KB)
...
006 (7310023.000.000) 10/06 13:38:49 Image size of job updated: 2913600
	2846  -  MemoryUsage of job (MB)
	2913600  -  ResidentSetSize of job (KB)
...
006 (7310023.000.000) 10/06 13:43:50 Image size of job updated: 3072928
	2846  -  MemoryUsage of job (MB)
	2913600  -  ResidentSetSize of job (KB)
...
006 (7310023.000.000) 10/06 14:18:53 Image size of job updated: 3112644
	2846  -  MemoryUsage of job (MB)
	2913600  -  ResidentSetSize of job (KB)
...
006 (7310023.000.000) 10/06 14:23:54 Image size of job updated: 3112644
	2991  -  MemoryUsage of job (MB)
	3062264  -  ResidentSetSize of job (KB)
...
006 (7310023.000.000) 10/06 14:28:54 Image size of job updated: 3330280
	3067  -  MemoryUsage of job (MB)
	3140564  -  ResidentSetSize of job (KB)
...
006 (7310023.000.000) 10/06 14:33:55 Image size of job updated: 3405916
	3327  -  MemoryUsage of job (MB)
	3405912  -  ResidentSetSize of job (KB)
...
006 (7310023.000.000) 10/06 14:38:56 Image size of job updated: 3541460
	3327  -  MemoryUsage of job (MB)
	3405912  -  ResidentSetSize of job (KB)
...
006 (7310023.000.000) 10/06 14:43:46 Image size of job updated: 3670036
	3327  -  MemoryUsage of job (MB)
	3405912  -  ResidentSetSize of job (KB)
...
040 (7310023.000.000) 10/06 14:43:46 Started transferring output files
...
040 (7310023.000.000) 10/06 14:43:47 Finished transferring output files
...
005 (7310023.000.000) 10/06 14:43:47 Job terminated.
	(1) Normal termination (return value 0)
		Usr 0 01:32:20, Sys 0 00:00:22  -  Run Remote Usage
		Usr 0 00:00:00, Sys 0 00:00:00  -  Run Local Usage
		Usr 0 01:32:20, Sys 0 00:00:22  -  Total Remote Usage
		Usr 0 00:00:00, Sys 0 00:00:00  -  Total Local Usage
	21154  -  Run Bytes Sent By Job
	10701  -  Run Bytes Received By Job
	21154  -  Total Bytes Sent By Job
	10701  -  Total Bytes Received By Job
	Partitionable Resources :    Usage  Request Allocated 
	   Cpus                 :     0.99        1         1 
	   Disk (KB)            :    52          12   2942628 
	   Memory (MB)          :  3327        2000      2000 

	Job terminated of its own accord at 2024-10-06T12:43:46Z with exit-code 0.
...
000 (7310880.000.000) 10/06 20:44:08 Job submitted from host: <137.138.55.115:9618?addrs=137.138.55.115-9618+[2001-1458-d00-17--12a]-9618&alias=bigbird23.cern.ch&noUDP&sock=schedd_4975_03c1>
...
040 (7310880.000.000) 10/06 20:45:56 Started transferring input files
	Transferring to host: <188.185.194.180:9618?addrs=188.185.194.180-9618+[2001-1458-303-21--100-b0]-9618&alias=b9p20p2473.cern.ch&noUDP&sock=slot1_12_2398539_7519_61641>
...
040 (7310880.000.000) 10/06 20:45:56 Finished transferring input files
...
001 (7310880.000.000) 10/06 20:45:57 Job executing on host: <188.185.194.180:9618?addrs=188.185.194.180-9618+[2001-1458-303-21--100-b0]-9618&alias=b9p20p2473.cern.ch&noUDP&sock=startd_6398_1306>
	SlotName: slot1_12@b9p20p2473.cern.ch
	CondorScratchDir = "/pool/condor/dir_2215554"
	Cpus = 1
	Disk = 3023914
	Memory = 2000
...
006 (7310880.000.000) 10/06 20:46:06 Image size of job updated: 1
	0  -  MemoryUsage of job (MB)
	0  -  ResidentSetSize of job (KB)
...
006 (7310880.000.000) 10/06 20:51:07 Image size of job updated: 1594124
	1557  -  MemoryUsage of job (MB)
	1594124  -  ResidentSetSize of job (KB)
...
006 (7310880.000.000) 10/06 20:56:08 Image size of job updated: 2474616
	2252  -  MemoryUsage of job (MB)
	2305636  -  ResidentSetSize of job (KB)
...
006 (7310880.000.000) 10/06 21:01:08 Image size of job updated: 2814856
	2467  -  MemoryUsage of job (MB)
	2525564  -  ResidentSetSize of job (KB)
...
006 (7310880.000.000) 10/06 21:06:09 Image size of job updated: 2814856
	2680  -  MemoryUsage of job (MB)
	2743696  -  ResidentSetSize of job (KB)
...
006 (7310880.000.000) 10/06 21:11:10 Image size of job updated: 3098492
	2806  -  MemoryUsage of job (MB)
	2873004  -  ResidentSetSize of job (KB)
...
006 (7310880.000.000) 10/06 21:16:10 Image size of job updated: 3219940
	2918  -  MemoryUsage of job (MB)
	2987960  -  ResidentSetSize of job (KB)
...
006 (7310880.000.000) 10/06 21:21:10 Image size of job updated: 3219940
	3138  -  MemoryUsage of job (MB)
	3212700  -  ResidentSetSize of job (KB)
...
006 (7310880.000.000) 10/06 21:26:11 Image size of job updated: 3382708
	3180  -  MemoryUsage of job (MB)
	3255584  -  ResidentSetSize of job (KB)
...
006 (7310880.000.000) 10/06 21:31:11 Image size of job updated: 3555576
	3291  -  MemoryUsage of job (MB)
	3369868  -  ResidentSetSize of job (KB)
...
006 (7310880.000.000) 10/06 21:36:11 Image size of job updated: 3726568
	3363  -  MemoryUsage of job (MB)
	3443368  -  ResidentSetSize of job (KB)
...
006 (7310880.000.000) 10/06 21:41:12 Image size of job updated: 3726568
	3524  -  MemoryUsage of job (MB)
	3608356  -  ResidentSetSize of job (KB)
...
006 (7310880.000.000) 10/06 21:46:13 Image size of job updated: 3933708
	3623  -  MemoryUsage of job (MB)
	3709348  -  ResidentSetSize of job (KB)
...
006 (7310880.000.000) 10/06 21:51:13 Image size of job updated: 3933708
	3760  -  MemoryUsage of job (MB)
	3849456  -  ResidentSetSize of job (KB)
...
006 (7310880.000.000) 10/06 21:56:13 Image size of job updated: 4128884
	3760  -  MemoryUsage of job (MB)
	3849456  -  ResidentSetSize of job (KB)
...
040 (7310880.000.000) 10/06 22:01:53 Started transferring output files
...
040 (7310880.000.000) 10/06 22:01:54 Finished transferring output files
...
005 (7310880.000.000) 10/06 22:01:54 Job terminated.
	(1) Normal termination (return value 0)
		Usr 0 01:13:21, Sys 0 00:00:28  -  Run Remote Usage
		Usr 0 00:00:00, Sys 0 00:00:00  -  Run Local Usage
		Usr 0 01:13:21, Sys 0 00:00:28  -  Total Remote Usage
		Usr 0 00:00:00, Sys 0 00:00:00  -  Total Local Usage
	21155  -  Run Bytes Sent By Job
	10701  -  Run Bytes Received By Job
	21155  -  Total Bytes Sent By Job
	10701  -  Total Bytes Received By Job
	Partitionable Resources :    Usage  Request Allocated 
	   Cpus                 :     0.98        1         1 
	   Disk (KB)            :    53          12   3023914 
	   Memory (MB)          :  3760        2000      2000 

	Job terminated of its own accord at 2024-10-06T20:01:53Z with exit-code 0.
...
000 (7355618.000.000) 10/15 21:55:41 Job submitted from host: <137.138.55.115:9618?addrs=137.138.55.115-9618+[2001-1458-d00-17--12a]-9618&alias=bigbird23.cern.ch&noUDP&sock=schedd_4975_03c1>
...
040 (7355618.000.000) 10/15 22:29:10 Started transferring input files
	Transferring to host: <128.142.161.142:9618?addrs=128.142.161.142-9618+[2001-1458-301-b9--100-b]-9618&alias=b9g03p5300.cern.ch&noUDP&sock=slot1_6_1875484_e463_21451>
...
040 (7355618.000.000) 10/15 22:29:10 Finished transferring input files
...
001 (7355618.000.000) 10/15 22:29:11 Job executing on host: <128.142.161.142:9618?addrs=128.142.161.142-9618+[2001-1458-301-b9--100-b]-9618&alias=b9g03p5300.cern.ch&noUDP&sock=startd_6695_caa6>
	SlotName: slot1_6@b9g03p5300.cern.ch
	CondorScratchDir = "/pool/condor/dir_2790239"
	Cpus = 1
	Disk = 3116179
	Memory = 2000
...
006 (7355618.000.000) 10/15 22:29:20 Image size of job updated: 226184
	221  -  MemoryUsage of job (MB)
	226004  -  ResidentSetSize of job (KB)
...
006 (7355618.000.000) 10/15 22:34:20 Image size of job updated: 1316708
	1286  -  MemoryUsage of job (MB)
	1316708  -  ResidentSetSize of job (KB)
...
006 (7355618.000.000) 10/15 22:39:20 Image size of job updated: 1793528
	1752  -  MemoryUsage of job (MB)
	1793528  -  ResidentSetSize of job (KB)
...
006 (7355618.000.000) 10/15 22:44:21 Image size of job updated: 1803340
	1752  -  MemoryUsage of job (MB)
	1793528  -  ResidentSetSize of job (KB)
...
006 (7355618.000.000) 10/15 22:54:21 Image size of job updated: 2216604
	1961  -  MemoryUsage of job (MB)
	2007092  -  ResidentSetSize of job (KB)
...
006 (7355618.000.000) 10/15 22:59:22 Image size of job updated: 2216604
	2130  -  MemoryUsage of job (MB)
	2180528  -  ResidentSetSize of job (KB)
...
006 (7355618.000.000) 10/15 23:04:23 Image size of job updated: 2274676
	2222  -  MemoryUsage of job (MB)
	2274676  -  ResidentSetSize of job (KB)
...
006 (7355618.000.000) 10/15 23:09:23 Image size of job updated: 2320444
	2265  -  MemoryUsage of job (MB)
	2319012  -  ResidentSetSize of job (KB)
...
006 (7355618.000.000) 10/15 23:14:23 Image size of job updated: 2641376
	2579  -  MemoryUsage of job (MB)
	2640160  -  ResidentSetSize of job (KB)
...
006 (7355618.000.000) 10/15 23:19:24 Image size of job updated: 2704348
	2579  -  MemoryUsage of job (MB)
	2640160  -  ResidentSetSize of job (KB)
...
006 (7355618.000.000) 10/15 23:29:24 Image size of job updated: 2704348
	2622  -  MemoryUsage of job (MB)
	2684276  -  ResidentSetSize of job (KB)
...
006 (7355618.000.000) 10/15 23:34:25 Image size of job updated: 2792556
	2728  -  MemoryUsage of job (MB)
	2792556  -  ResidentSetSize of job (KB)
...
006 (7355618.000.000) 10/15 23:39:26 Image size of job updated: 2976876
	2728  -  MemoryUsage of job (MB)
	2792556  -  ResidentSetSize of job (KB)
...
006 (7355618.000.000) 10/15 23:44:26 Image size of job updated: 2976876
	2776  -  MemoryUsage of job (MB)
	2842548  -  ResidentSetSize of job (KB)
...
006 (7355618.000.000) 10/15 23:54:27 Image size of job updated: 2976876
	2789  -  MemoryUsage of job (MB)
	2855728  -  ResidentSetSize of job (KB)
...
006 (7355618.000.000) 10/15 23:59:27 Image size of job updated: 2989632
	2920  -  MemoryUsage of job (MB)
	2989448  -  ResidentSetSize of job (KB)
...
006 (7355618.000.000) 10/16 00:04:27 Image size of job updated: 3039160
	2920  -  MemoryUsage of job (MB)
	2989448  -  ResidentSetSize of job (KB)
...
006 (7355618.000.000) 10/16 00:14:29 Image size of job updated: 3063968
	2993  -  MemoryUsage of job (MB)
	3063968  -  ResidentSetSize of job (KB)
...
006 (7355618.000.000) 10/16 00:19:29 Image size of job updated: 3209824
	2993  -  MemoryUsage of job (MB)
	3063968  -  ResidentSetSize of job (KB)
...
006 (7355618.000.000) 10/16 00:24:29 Image size of job updated: 3209824
	3034  -  MemoryUsage of job (MB)
	3106400  -  ResidentSetSize of job (KB)
...
006 (7355618.000.000) 10/16 00:29:30 Image size of job updated: 3209824
	3130  -  MemoryUsage of job (MB)
	3204968  -  ResidentSetSize of job (KB)
...
006 (7355618.000.000) 10/16 00:34:31 Image size of job updated: 3374552
	3130  -  MemoryUsage of job (MB)
	3204968  -  ResidentSetSize of job (KB)
...
006 (7355618.000.000) 10/16 00:39:31 Image size of job updated: 3374552
	3161  -  MemoryUsage of job (MB)
	3236804  -  ResidentSetSize of job (KB)
...
006 (7355618.000.000) 10/16 00:44:31 Image size of job updated: 3374552
	3256  -  MemoryUsage of job (MB)
	3333812  -  ResidentSetSize of job (KB)
...
006 (7355618.000.000) 10/16 00:49:32 Image size of job updated: 3435964
	3356  -  MemoryUsage of job (MB)
	3435964  -  ResidentSetSize of job (KB)
...
006 (7355618.000.000) 10/16 00:54:32 Image size of job updated: 3529640
	3356  -  MemoryUsage of job (MB)
	3435964  -  ResidentSetSize of job (KB)
...
006 (7355618.000.000) 10/16 00:59:32 Image size of job updated: 3529640
	3387  -  MemoryUsage of job (MB)
	3468088  -  ResidentSetSize of job (KB)
...
006 (7355618.000.000) 10/16 01:04:33 Image size of job updated: 3566396
	3483  -  MemoryUsage of job (MB)
	3566392  -  ResidentSetSize of job (KB)
...
006 (7355618.000.000) 10/16 01:09:34 Image size of job updated: 3695340
	3483  -  MemoryUsage of job (MB)
	3566392  -  ResidentSetSize of job (KB)
...
006 (7355618.000.000) 10/16 01:14:34 Image size of job updated: 3695340
	3485  -  MemoryUsage of job (MB)
	3568372  -  ResidentSetSize of job (KB)
...
006 (7355618.000.000) 10/16 01:19:34 Image size of job updated: 3695340
	3579  -  MemoryUsage of job (MB)
	3663968  -  ResidentSetSize of job (KB)
...
006 (7355618.000.000) 10/16 01:24:36 Image size of job updated: 3745212
	3658  -  MemoryUsage of job (MB)
	3744976  -  ResidentSetSize of job (KB)
...
006 (7355618.000.000) 10/16 01:29:36 Image size of job updated: 3871900
	3658  -  MemoryUsage of job (MB)
	3744976  -  ResidentSetSize of job (KB)
...
006 (7355618.000.000) 10/16 01:39:37 Image size of job updated: 3871900
	3686  -  MemoryUsage of job (MB)
	3773968  -  ResidentSetSize of job (KB)
...
006 (7355618.000.000) 10/16 01:44:38 Image size of job updated: 3871900
	3773  -  MemoryUsage of job (MB)
	3862976  -  ResidentSetSize of job (KB)
...
006 (7355618.000.000) 10/16 01:49:38 Image size of job updated: 3930772
	3839  -  MemoryUsage of job (MB)
	3930772  -  ResidentSetSize of job (KB)
...
006 (7355618.000.000) 10/16 01:52:32 Image size of job updated: 4145356
	3839  -  MemoryUsage of job (MB)
	3930772  -  ResidentSetSize of job (KB)
...
040 (7355618.000.000) 10/16 01:52:32 Started transferring output files
...
040 (7355618.000.000) 10/16 01:52:34 Finished transferring output files
...
005 (7355618.000.000) 10/16 01:52:34 Job terminated.
	(1) Normal termination (return value 0)
		Usr 0 03:18:16, Sys 0 00:00:31  -  Run Remote Usage
		Usr 0 00:00:00, Sys 0 00:00:00  -  Run Local Usage
		Usr 0 03:18:16, Sys 0 00:00:31  -  Total Remote Usage
		Usr 0 00:00:00, Sys 0 00:00:00  -  Total Local Usage
	21155  -  Run Bytes Sent By Job
	10705  -  Run Bytes Received By Job
	21155  -  Total Bytes Sent By Job
	10705  -  Total Bytes Received By Job
	Partitionable Resources :    Usage  Request Allocated 
	   Cpus                 :     0.94        1         1 
	   Disk (KB)            :    52          12   3116179 
	   Memory (MB)          :  3839        2000      2000 

	Job terminated of its own accord at 2024-10-15T23:52:32Z with exit-code 0.
...
000 (7356200.000.000) 10/16 11:30:58 Job submitted from host: <137.138.55.115:9618?addrs=137.138.55.115-9618+[2001-1458-d00-17--12a]-9618&alias=bigbird23.cern.ch&noUDP&sock=schedd_4975_03c1>
...
040 (7356200.000.000) 10/16 12:33:55 Started transferring input files
	Transferring to host: <188.185.207.55:9618?addrs=188.185.207.55-9618+[2001-1458-303-d--100-34]-9618&alias=b9p07p0358.cern.ch&noUDP&sock=slot1_26_2103965_6d0e_193136>
...
040 (7356200.000.000) 10/16 12:33:55 Finished transferring input files
...
001 (7356200.000.000) 10/16 12:33:56 Job executing on host: <188.185.207.55:9618?addrs=188.185.207.55-9618+[2001-1458-303-d--100-34]-9618&alias=b9p07p0358.cern.ch&noUDP&sock=startd_2103919_0418>
	SlotName: slot1_26@b9p07p0358.cern.ch
	CondorScratchDir = "/pool/condor/dir_4099628"
	Cpus = 1
	Disk = 2703837
	Memory = 2000
...
006 (7356200.000.000) 10/16 12:34:05 Image size of job updated: 139332
	137  -  MemoryUsage of job (MB)
	139296  -  ResidentSetSize of job (KB)
...
006 (7356200.000.000) 10/16 12:39:06 Image size of job updated: 1472308
	1438  -  MemoryUsage of job (MB)
	1472072  -  ResidentSetSize of job (KB)
...
006 (7356200.000.000) 10/16 12:44:06 Image size of job updated: 1779056
	1738  -  MemoryUsage of job (MB)
	1778816  -  ResidentSetSize of job (KB)
...
006 (7356200.000.000) 10/16 12:49:07 Image size of job updated: 1886788
	1843  -  MemoryUsage of job (MB)
	1886328  -  ResidentSetSize of job (KB)
...
006 (7356200.000.000) 10/16 12:54:08 Image size of job updated: 1956688
	1911  -  MemoryUsage of job (MB)
	1956688  -  ResidentSetSize of job (KB)
...
006 (7356200.000.000) 10/16 12:59:08 Image size of job updated: 2251152
	1923  -  MemoryUsage of job (MB)
	1968488  -  ResidentSetSize of job (KB)
...
006 (7356200.000.000) 10/16 13:04:09 Image size of job updated: 2251152
	2061  -  MemoryUsage of job (MB)
	2109916  -  ResidentSetSize of job (KB)
...
006 (7356200.000.000) 10/16 13:09:10 Image size of job updated: 2251152
	2165  -  MemoryUsage of job (MB)
	2216484  -  ResidentSetSize of job (KB)
...
006 (7356200.000.000) 10/16 13:14:10 Image size of job updated: 2571904
	2512  -  MemoryUsage of job (MB)
	2571760  -  ResidentSetSize of job (KB)
...
006 (7356200.000.000) 10/16 13:19:10 Image size of job updated: 2644800
	2512  -  MemoryUsage of job (MB)
	2571760  -  ResidentSetSize of job (KB)
...
006 (7356200.000.000) 10/16 13:29:11 Image size of job updated: 2644800
	2557  -  MemoryUsage of job (MB)
	2618180  -  ResidentSetSize of job (KB)
...
006 (7356200.000.000) 10/16 13:34:11 Image size of job updated: 2870684
	2616  -  MemoryUsage of job (MB)
	2677816  -  ResidentSetSize of job (KB)
...
006 (7356200.000.000) 10/16 13:39:12 Image size of job updated: 2870684
	2712  -  MemoryUsage of job (MB)
	2776520  -  ResidentSetSize of job (KB)
...
006 (7356200.000.000) 10/16 13:44:12 Image size of job updated: 2924104
	2856  -  MemoryUsage of job (MB)
	2923584  -  ResidentSetSize of job (KB)
...
006 (7356200.000.000) 10/16 13:49:12 Image size of job updated: 2954064
	2856  -  MemoryUsage of job (MB)
	2923584  -  ResidentSetSize of job (KB)
...
006 (7356200.000.000) 10/16 13:54:13 Image size of job updated: 2956416
	2887  -  MemoryUsage of job (MB)
	2956268  -  ResidentSetSize of job (KB)
...
006 (7356200.000.000) 10/16 13:59:14 Image size of job updated: 3104012
	3032  -  MemoryUsage of job (MB)
	3104012  -  ResidentSetSize of job (KB)
...
006 (7356200.000.000) 10/16 14:04:14 Image size of job updated: 3207956
	3032  -  MemoryUsage of job (MB)
	3104268  -  ResidentSetSize of job (KB)
...
006 (7356200.000.000) 10/16 14:09:15 Image size of job updated: 3207956
	3040  -  MemoryUsage of job (MB)
	3112264  -  ResidentSetSize of job (KB)
...
006 (7356200.000.000) 10/16 14:14:16 Image size of job updated: 3313784
	3040  -  MemoryUsage of job (MB)
	3112264  -  ResidentSetSize of job (KB)
...
006 (7356200.000.000) 10/16 14:19:16 Image size of job updated: 3313784
	3140  -  MemoryUsage of job (MB)
	3215232  -  ResidentSetSize of job (KB)
...
006 (7356200.000.000) 10/16 14:24:17 Image size of job updated: 3316036
	3239  -  MemoryUsage of job (MB)
	3315920  -  ResidentSetSize of job (KB)
...
006 (7356200.000.000) 10/16 14:29:18 Image size of job updated: 3425384
	3345  -  MemoryUsage of job (MB)
	3425056  -  ResidentSetSize of job (KB)
...
006 (7356200.000.000) 10/16 14:34:18 Image size of job updated: 3535656
	3345  -  MemoryUsage of job (MB)
	3425056  -  ResidentSetSize of job (KB)
...
006 (7356200.000.000) 10/16 14:39:18 Image size of job updated: 3535656
	3388  -  MemoryUsage of job (MB)
	3468440  -  ResidentSetSize of job (KB)
...
006 (7356200.000.000) 10/16 14:44:19 Image size of job updated: 3562268
	3476  -  MemoryUsage of job (MB)
	3558636  -  ResidentSetSize of job (KB)
...
006 (7356200.000.000) 10/16 14:49:19 Image size of job updated: 3708416
	3476  -  MemoryUsage of job (MB)
	3558636  -  ResidentSetSize of job (KB)
...
006 (7356200.000.000) 10/16 14:54:20 Image size of job updated: 3708416
	3502  -  MemoryUsage of job (MB)
	3585788  -  ResidentSetSize of job (KB)
...
006 (7356200.000.000) 10/16 14:59:21 Image size of job updated: 3708416
	3568  -  MemoryUsage of job (MB)
	3653012  -  ResidentSetSize of job (KB)
...
006 (7356200.000.000) 10/16 15:04:21 Image size of job updated: 3742800
	3655  -  MemoryUsage of job (MB)
	3742656  -  ResidentSetSize of job (KB)
...
006 (7356200.000.000) 10/16 15:07:36 Image size of job updated: 4033380
	3655  -  MemoryUsage of job (MB)
	3742656  -  ResidentSetSize of job (KB)
...
040 (7356200.000.000) 10/16 15:07:36 Started transferring output files
...
040 (7356200.000.000) 10/16 15:07:37 Finished transferring output files
...
005 (7356200.000.000) 10/16 15:07:37 Job terminated.
	(1) Normal termination (return value 0)
		Usr 0 02:27:11, Sys 0 00:01:00  -  Run Remote Usage
		Usr 0 00:00:00, Sys 0 00:00:00  -  Run Local Usage
		Usr 0 02:27:11, Sys 0 00:01:00  -  Total Remote Usage
		Usr 0 00:00:00, Sys 0 00:00:00  -  Total Local Usage
	20161  -  Run Bytes Sent By Job
	10705  -  Run Bytes Received By Job
	20161  -  Total Bytes Sent By Job
	10705  -  Total Bytes Received By Job
	Partitionable Resources :    Usage  Request Allocated 
	   Cpus                 :     0.98        1         1 
	   Disk (KB)            :    55          12   2703837 
	   Memory (MB)          :  3655        2000      2000 

	Job terminated of its own accord at 2024-10-16T13:07:36Z with exit-code 0.
...
000 (7357472.000.000) 10/16 16:01:32 Job submitted from host: <137.138.55.115:9618?addrs=137.138.55.115-9618+[2001-1458-d00-17--12a]-9618&alias=bigbird23.cern.ch&noUDP&sock=schedd_4975_03c1>
...
040 (7357472.000.000) 10/16 16:05:46 Started transferring input files
	Transferring to host: <128.142.161.98:9618?addrs=128.142.161.98-9618+[2001-1458-301-b8--100-20]-9618&alias=b9g03p9785.cern.ch&noUDP&sock=slot1_10_5398_2115_1268>
...
040 (7357472.000.000) 10/16 16:05:46 Finished transferring input files
...
001 (7357472.000.000) 10/16 16:05:47 Job executing on host: <128.142.161.98:9618?addrs=128.142.161.98-9618+[2001-1458-301-b8--100-20]-9618&alias=b9g03p9785.cern.ch&noUDP&sock=startd_4192_f119>
	SlotName: slot1_10@b9g03p9785.cern.ch
	CondorScratchDir = "/pool/condor/dir_119524"
	Cpus = 1
	Disk = 4099
	GPUs = 0
	Memory = 2000
...
006 (7357472.000.000) 10/16 16:05:55 Image size of job updated: 381528
	373  -  MemoryUsage of job (MB)
	381528  -  ResidentSetSize of job (KB)
...
006 (7357472.000.000) 10/16 16:10:55 Image size of job updated: 1270116
	1241  -  MemoryUsage of job (MB)
	1270116  -  ResidentSetSize of job (KB)
...
006 (7357472.000.000) 10/16 16:15:56 Image size of job updated: 1441700
	1408  -  MemoryUsage of job (MB)
	1441700  -  ResidentSetSize of job (KB)
...
006 (7357472.000.000) 10/16 16:20:57 Image size of job updated: 1572216
	1536  -  MemoryUsage of job (MB)
	1572216  -  ResidentSetSize of job (KB)
...
006 (7357472.000.000) 10/16 16:25:57 Image size of job updated: 1644212
	1606  -  MemoryUsage of job (MB)
	1644212  -  ResidentSetSize of job (KB)
...
006 (7357472.000.000) 10/16 16:30:58 Image size of job updated: 1683688
	1645  -  MemoryUsage of job (MB)
	1683688  -  ResidentSetSize of job (KB)
...
006 (7357472.000.000) 10/16 16:35:58 Image size of job updated: 1705676
	1666  -  MemoryUsage of job (MB)
	1705676  -  ResidentSetSize of job (KB)
...
006 (7357472.000.000) 10/16 16:40:59 Image size of job updated: 1719004
	1679  -  MemoryUsage of job (MB)
	1719004  -  ResidentSetSize of job (KB)
...
040 (7357472.000.000) 10/16 16:41:44 Started transferring output files
...
040 (7357472.000.000) 10/16 16:41:44 Finished transferring output files
...
005 (7357472.000.000) 10/16 16:41:44 Job terminated.
	(1) Normal termination (return value 0)
		Usr 0 00:33:58, Sys 0 00:00:11  -  Run Remote Usage
		Usr 0 00:00:00, Sys 0 00:00:00  -  Run Local Usage
		Usr 0 00:33:58, Sys 0 00:00:11  -  Total Remote Usage
		Usr 0 00:00:00, Sys 0 00:00:00  -  Total Local Usage
	14668  -  Run Bytes Sent By Job
	10699  -  Run Bytes Received By Job
	14668  -  Total Bytes Sent By Job
	10699  -  Total Bytes Received By Job
	Partitionable Resources :    Usage  Request Allocated 
	   Cpus                 :     0.99        1         1 
	   Disk (KB)            :    47          12      4099 
	   GPUs                 :                           0 
	   Memory (MB)          :  1679        2000      2000 

	Job terminated of its own accord at 2024-10-16T14:41:44Z with exit-code 0.
...
000 (7357724.000.000) 10/16 17:18:34 Job submitted from host: <137.138.55.115:9618?addrs=137.138.55.115-9618+[2001-1458-d00-17--12a]-9618&alias=bigbird23.cern.ch&noUDP&sock=schedd_4975_03c1>
...
040 (7357724.000.000) 10/16 17:23:22 Started transferring input files
	Transferring to host: <188.185.208.66:9618?addrs=188.185.208.66-9618+[2001-1458-303-f--100-3f]-9618&alias=b9p09p4833.cern.ch&noUDP&sock=slot1_33_125370_41a3_243541>
...
040 (7357724.000.000) 10/16 17:23:22 Finished transferring input files
...
001 (7357724.000.000) 10/16 17:23:23 Job executing on host: <188.185.208.66:9618?addrs=188.185.208.66-9618+[2001-1458-303-f--100-3f]-9618&alias=b9p09p4833.cern.ch&noUDP&sock=startd_115776_48de>
	SlotName: slot1_33@b9p09p4833.cern.ch
	CondorScratchDir = "/pool/condor/dir_3562438"
	Cpus = 1
	Disk = 2352966
	Memory = 2000
...
006 (7357724.000.000) 10/16 17:23:32 Image size of job updated: 265920
	258  -  MemoryUsage of job (MB)
	263728  -  ResidentSetSize of job (KB)
...
006 (7357724.000.000) 10/16 17:28:34 Image size of job updated: 1480040
	1440  -  MemoryUsage of job (MB)
	1473712  -  ResidentSetSize of job (KB)
...
006 (7357724.000.000) 10/16 17:33:34 Image size of job updated: 1850684
	1637  -  MemoryUsage of job (MB)
	1675372  -  ResidentSetSize of job (KB)
...
006 (7357724.000.000) 10/16 17:38:34 Image size of job updated: 1978220
	1786  -  MemoryUsage of job (MB)
	1828792  -  ResidentSetSize of job (KB)
...
006 (7357724.000.000) 10/16 17:43:35 Image size of job updated: 2148664
	1903  -  MemoryUsage of job (MB)
	1948180  -  ResidentSetSize of job (KB)
...
006 (7357724.000.000) 10/16 17:48:36 Image size of job updated: 2205296
	1903  -  MemoryUsage of job (MB)
	1948180  -  ResidentSetSize of job (KB)
...
006 (7357724.000.000) 10/16 18:13:38 Image size of job updated: 2205296
	1943  -  MemoryUsage of job (MB)
	1988752  -  ResidentSetSize of job (KB)
...
040 (7357724.000.000) 10/16 18:16:32 Started transferring output files
...
040 (7357724.000.000) 10/16 18:16:33 Finished transferring output files
...
005 (7357724.000.000) 10/16 18:16:33 Job terminated.
	(1) Normal termination (return value 0)
		Usr 0 00:51:10, Sys 0 00:00:27  -  Run Remote Usage
		Usr 0 00:00:00, Sys 0 00:00:00  -  Run Local Usage
		Usr 0 00:51:10, Sys 0 00:00:27  -  Total Remote Usage
		Usr 0 00:00:00, Sys 0 00:00:00  -  Total Local Usage
	21550  -  Run Bytes Sent By Job
	10699  -  Run Bytes Received By Job
	21550  -  Total Bytes Sent By Job
	10699  -  Total Bytes Received By Job
	Partitionable Resources :    Usage  Request Allocated 
	   Cpus                 :     0.98        1         1 
	   Disk (KB)            :    57          12   2352966 
	   Memory (MB)          :  1943        2000      2000 

	Job terminated of its own accord at 2024-10-16T16:16:32Z with exit-code 0.
...
000 (7357980.000.000) 10/16 18:39:17 Job submitted from host: <137.138.55.115:9618?addrs=137.138.55.115-9618+[2001-1458-d00-17--12a]-9618&alias=bigbird23.cern.ch&noUDP&sock=schedd_4975_03c1>
...
040 (7357980.000.000) 10/16 18:47:43 Started transferring input files
	Transferring to host: <128.142.137.127:9618?addrs=128.142.137.127-9618+[2001-1458-301-5e--100-73]-9618&alias=b9g19p6263.cern.ch&noUDP&sock=slot1_20_3224687_75d4_89382>
...
040 (7357980.000.000) 10/16 18:47:43 Finished transferring input files
...
001 (7357980.000.000) 10/16 18:47:44 Job executing on host: <128.142.137.127:9618?addrs=128.142.137.127-9618+[2001-1458-301-5e--100-73]-9618&alias=b9g19p6263.cern.ch&noUDP&sock=startd_2387_dca7>
	SlotName: slot1_20@b9g19p6263.cern.ch
	CondorScratchDir = "/pool/condor/dir_1473879"
	Cpus = 1
	Disk = 1726759
	Memory = 2000
...
006 (7357980.000.000) 10/16 18:47:52 Image size of job updated: 48936
	48  -  MemoryUsage of job (MB)
	48936  -  ResidentSetSize of job (KB)
...
006 (7357980.000.000) 10/16 18:52:52 Image size of job updated: 1315332
	1285  -  MemoryUsage of job (MB)
	1315332  -  ResidentSetSize of job (KB)
...
006 (7357980.000.000) 10/16 19:52:58 Image size of job updated: 1317852
	1287  -  MemoryUsage of job (MB)
	1317852  -  ResidentSetSize of job (KB)
...
006 (7357980.000.000) 10/16 19:57:58 Image size of job updated: 1367408
	1336  -  MemoryUsage of job (MB)
	1367408  -  ResidentSetSize of job (KB)
...
006 (7357980.000.000) 10/16 20:02:58 Image size of job updated: 1420936
	1388  -  MemoryUsage of job (MB)
	1420936  -  ResidentSetSize of job (KB)
...
006 (7357980.000.000) 10/16 20:07:59 Image size of job updated: 1470524
	1437  -  MemoryUsage of job (MB)
	1470524  -  ResidentSetSize of job (KB)
...
006 (7357980.000.000) 10/16 20:12:59 Image size of job updated: 1519568
	1484  -  MemoryUsage of job (MB)
	1519568  -  ResidentSetSize of job (KB)
...
006 (7357980.000.000) 10/16 20:18:00 Image size of job updated: 1571952
	1536  -  MemoryUsage of job (MB)
	1571952  -  ResidentSetSize of job (KB)
...
006 (7357980.000.000) 10/16 20:23:01 Image size of job updated: 1620176
	1583  -  MemoryUsage of job (MB)
	1620176  -  ResidentSetSize of job (KB)
...
006 (7357980.000.000) 10/16 20:28:01 Image size of job updated: 1666244
	1628  -  MemoryUsage of job (MB)
	1666244  -  ResidentSetSize of job (KB)
...
006 (7357980.000.000) 10/16 20:33:01 Image size of job updated: 1716232
	1677  -  MemoryUsage of job (MB)
	1716232  -  ResidentSetSize of job (KB)
...
006 (7357980.000.000) 10/16 20:38:02 Image size of job updated: 1776652
	1736  -  MemoryUsage of job (MB)
	1776652  -  ResidentSetSize of job (KB)
...
006 (7357980.000.000) 10/16 21:08:04 Image size of job updated: 1826928
	1785  -  MemoryUsage of job (MB)
	1826928  -  ResidentSetSize of job (KB)
...
006 (7357980.000.000) 10/16 21:13:05 Image size of job updated: 1863432
	1820  -  MemoryUsage of job (MB)
	1863432  -  ResidentSetSize of job (KB)
...
006 (7357980.000.000) 10/16 21:18:05 Image size of job updated: 1910460
	1866  -  MemoryUsage of job (MB)
	1910460  -  ResidentSetSize of job (KB)
...
006 (7357980.000.000) 10/16 21:23:05 Image size of job updated: 1956860
	1911  -  MemoryUsage of job (MB)
	1956860  -  ResidentSetSize of job (KB)
...
040 (7357980.000.000) 10/16 21:23:39 Started transferring output files
...
040 (7357980.000.000) 10/16 21:23:40 Finished transferring output files
...
005 (7357980.000.000) 10/16 21:23:41 Job terminated.
	(1) Normal termination (return value 0)
		Usr 0 02:15:50, Sys 0 00:03:06  -  Run Remote Usage
		Usr 0 00:00:00, Sys 0 00:00:00  -  Run Local Usage
		Usr 0 02:15:50, Sys 0 00:03:06  -  Total Remote Usage
		Usr 0 00:00:00, Sys 0 00:00:00  -  Total Local Usage
	853816  -  Run Bytes Sent By Job
	10695  -  Run Bytes Received By Job
	853816  -  Total Bytes Sent By Job
	10695  -  Total Bytes Received By Job
	Partitionable Resources :    Usage  Request Allocated 
	   Cpus                 :     0.92        1         1 
	   Disk (KB)            :   866          12   1726759 
	   Memory (MB)          :  1911        2000      2000 

	Job terminated of its own accord at 2024-10-16T19:23:39Z with exit-code 0.
...
000 (7358955.000.000) 10/16 21:52:18 Job submitted from host: <137.138.55.115:9618?addrs=137.138.55.115-9618+[2001-1458-d00-17--12a]-9618&alias=bigbird23.cern.ch&noUDP&sock=schedd_4975_03c1>
...
040 (7358955.000.000) 10/16 21:54:20 Started transferring input files
	Transferring to host: <188.185.206.66:9618?addrs=188.185.206.66-9618+[2001-1458-303-b--100-3f]-9618&alias=b9p05p0448.cern.ch&noUDP&sock=slot1_30_1238676_0c3b_184859>
...
040 (7358955.000.000) 10/16 21:54:20 Finished transferring input files
...
001 (7358955.000.000) 10/16 21:54:21 Job executing on host: <188.185.206.66:9618?addrs=188.185.206.66-9618+[2001-1458-303-b--100-3f]-9618&alias=b9p05p0448.cern.ch&noUDP&sock=startd_3336_cc08>
	SlotName: slot1_30@b9p05p0448.cern.ch
	CondorScratchDir = "/pool/condor/dir_3659435"
	Cpus = 1
	Disk = 2603425
	Memory = 2000
...
006 (7358955.000.000) 10/16 21:54:29 Image size of job updated: 172516
	169  -  MemoryUsage of job (MB)
	172476  -  ResidentSetSize of job (KB)
...
006 (7358955.000.000) 10/16 21:59:29 Image size of job updated: 1315344
	724  -  MemoryUsage of job (MB)
	740976  -  ResidentSetSize of job (KB)
...
006 (7358955.000.000) 10/16 22:04:30 Image size of job updated: 1315344
	801  -  MemoryUsage of job (MB)
	819948  -  ResidentSetSize of job (KB)
...
006 (7358955.000.000) 10/16 22:09:30 Image size of job updated: 1315344
	861  -  MemoryUsage of job (MB)
	881316  -  ResidentSetSize of job (KB)
...
006 (7358955.000.000) 10/16 22:14:30 Image size of job updated: 1315344
	931  -  MemoryUsage of job (MB)
	952516  -  ResidentSetSize of job (KB)
...
006 (7358955.000.000) 10/16 22:19:31 Image size of job updated: 1315344
	998  -  MemoryUsage of job (MB)
	1021776  -  ResidentSetSize of job (KB)
...
006 (7358955.000.000) 10/16 22:24:32 Image size of job updated: 1315344
	1068  -  MemoryUsage of job (MB)
	1093432  -  ResidentSetSize of job (KB)
...
006 (7358955.000.000) 10/16 22:29:32 Image size of job updated: 1315344
	1142  -  MemoryUsage of job (MB)
	1168396  -  ResidentSetSize of job (KB)
...
006 (7358955.000.000) 10/16 22:34:33 Image size of job updated: 1315344
	1219  -  MemoryUsage of job (MB)
	1248204  -  ResidentSetSize of job (KB)
...
006 (7358955.000.000) 10/16 22:39:34 Image size of job updated: 1321768
	1291  -  MemoryUsage of job (MB)
	1321764  -  ResidentSetSize of job (KB)
...
006 (7358955.000.000) 10/16 22:44:34 Image size of job updated: 1400880
	1368  -  MemoryUsage of job (MB)
	1399840  -  ResidentSetSize of job (KB)
...
006 (7358955.000.000) 10/16 22:49:34 Image size of job updated: 1490776
	1455  -  MemoryUsage of job (MB)
	1489696  -  ResidentSetSize of job (KB)
...
006 (7358955.000.000) 10/16 22:54:35 Image size of job updated: 1571788
	1534  -  MemoryUsage of job (MB)
	1570744  -  ResidentSetSize of job (KB)
...
006 (7358955.000.000) 10/16 22:55:04 Image size of job updated: 1721680
	1534  -  MemoryUsage of job (MB)
	1570744  -  ResidentSetSize of job (KB)
...
040 (7358955.000.000) 10/16 22:55:04 Started transferring output files
...
040 (7358955.000.000) 10/16 22:55:05 Finished transferring output files
...
005 (7358955.000.000) 10/16 22:55:05 Job terminated.
	(1) Normal termination (return value 0)
		Usr 0 00:53:18, Sys 0 00:01:20  -  Run Remote Usage
		Usr 0 00:00:00, Sys 0 00:00:00  -  Run Local Usage
		Usr 0 00:53:18, Sys 0 00:01:20  -  Total Remote Usage
		Usr 0 00:00:00, Sys 0 00:00:00  -  Total Local Usage
	358164  -  Run Bytes Sent By Job
	10695  -  Run Bytes Received By Job
	358164  -  Total Bytes Sent By Job
	10695  -  Total Bytes Received By Job
	Partitionable Resources :    Usage  Request Allocated 
	   Cpus                 :     0.90        1         1 
	   Disk (KB)            :   386          12   2603425 
	   Memory (MB)          :  1534        2000      2000 

	Job terminated of its own accord at 2024-10-16T20:55:04Z with exit-code 0.
...
000 (7359151.000.000) 10/16 23:03:31 Job submitted from host: <137.138.55.115:9618?addrs=137.138.55.115-9618+[2001-1458-d00-17--12a]-9618&alias=bigbird23.cern.ch&noUDP&sock=schedd_4975_03c1>
...
040 (7359151.000.000) 10/16 23:16:17 Started transferring input files
	Transferring to host: <188.185.196.173:9618?addrs=188.185.196.173-9618+[2001-1458-303-23--100-a9]-9618&alias=b9p16p8836.cern.ch&noUDP&sock=slot1_3_90773_8a44_22485>
...
040 (7359151.000.000) 10/16 23:16:17 Finished transferring input files
...
001 (7359151.000.000) 10/16 23:16:18 Job executing on host: <188.185.196.173:9618?addrs=188.185.196.173-9618+[2001-1458-303-23--100-a9]-9618&alias=b9p16p8836.cern.ch&noUDP&sock=startd_127880_9f33>
	SlotName: slot1_3@b9p16p8836.cern.ch
	CondorScratchDir = "/pool/condor/dir_2922905"
	Cpus = 1
	Disk = 2917467
	Memory = 2000
...
006 (7359151.000.000) 10/16 23:16:27 Image size of job updated: 483508
	472  -  MemoryUsage of job (MB)
	483116  -  ResidentSetSize of job (KB)
...
006 (7359151.000.000) 10/16 23:21:28 Image size of job updated: 1316308
	1285  -  MemoryUsage of job (MB)
	1315032  -  ResidentSetSize of job (KB)
...
006 (7359151.000.000) 10/16 23:26:29 Image size of job updated: 1359856
	1328  -  MemoryUsage of job (MB)
	1359856  -  ResidentSetSize of job (KB)
...
006 (7359151.000.000) 10/16 23:31:29 Image size of job updated: 1396176
	1363  -  MemoryUsage of job (MB)
	1394988  -  ResidentSetSize of job (KB)
...
006 (7359151.000.000) 10/16 23:36:30 Image size of job updated: 1433208
	1399  -  MemoryUsage of job (MB)
	1431860  -  ResidentSetSize of job (KB)
...
006 (7359151.000.000) 10/16 23:41:31 Image size of job updated: 1470364
	1435  -  MemoryUsage of job (MB)
	1469252  -  ResidentSetSize of job (KB)
...
006 (7359151.000.000) 10/16 23:46:31 Image size of job updated: 1491212
	1435  -  MemoryUsage of job (MB)
	1469252  -  ResidentSetSize of job (KB)
...
040 (7359151.000.000) 10/17 01:41:46 Started transferring output files
...
040 (7359151.000.000) 10/17 01:41:46 Finished transferring output files
...
005 (7359151.000.000) 10/17 01:41:47 Job terminated.
	(1) Normal termination (return value 0)
		Usr 0 02:06:25, Sys 0 00:01:01  -  Run Remote Usage
		Usr 0 00:00:00, Sys 0 00:00:00  -  Run Local Usage
		Usr 0 02:06:25, Sys 0 00:01:01  -  Total Remote Usage
		Usr 0 00:00:00, Sys 0 00:00:00  -  Total Local Usage
	298514  -  Run Bytes Sent By Job
	10695  -  Run Bytes Received By Job
	298514  -  Total Bytes Sent By Job
	10695  -  Total Bytes Received By Job
	Partitionable Resources :    Usage  Request Allocated 
	   Cpus                 :     0.87        1         1 
	   Disk (KB)            :   324          12   2917467 
	   Memory (MB)          :  1435        2000      2000 

	Job terminated of its own accord at 2024-10-16T23:41:45Z with exit-code 0.
...
000 (7360070.000.000) 10/17 02:15:31 Job submitted from host: <137.138.55.115:9618?addrs=137.138.55.115-9618+[2001-1458-d00-17--12a]-9618&alias=bigbird23.cern.ch&noUDP&sock=schedd_4975_03c1>
...
040 (7360070.000.000) 10/17 02:16:31 Started transferring input files
	Transferring to host: <188.184.185.127:9618?addrs=188.184.185.127-9618+[2001-1458-301-52--100-7e]-9618&alias=b9g37p2024.cern.ch&noUDP&sock=slot1_13_2816515_5c7e_22870>
...
040 (7360070.000.000) 10/17 02:16:31 Finished transferring input files
...
001 (7360070.000.000) 10/17 02:16:32 Job executing on host: <188.184.185.127:9618?addrs=188.184.185.127-9618+[2001-1458-301-52--100-7e]-9618&alias=b9g37p2024.cern.ch&noUDP&sock=startd_5865_7b0b>
	SlotName: slot1_13@b9g37p2024.cern.ch
	CondorScratchDir = "/pool/condor/dir_3396255"
	Cpus = 1
	Disk = 2891573
	Memory = 2000
...
006 (7360070.000.000) 10/17 02:16:41 Image size of job updated: 1
	0  -  MemoryUsage of job (MB)
	0  -  ResidentSetSize of job (KB)
...
006 (7360070.000.000) 10/17 02:21:42 Image size of job updated: 1301476
	1270  -  MemoryUsage of job (MB)
	1299676  -  ResidentSetSize of job (KB)
...
006 (7360070.000.000) 10/17 02:26:42 Image size of job updated: 1338624
	1306  -  MemoryUsage of job (MB)
	1337084  -  ResidentSetSize of job (KB)
...
006 (7360070.000.000) 10/17 02:31:43 Image size of job updated: 1370048
	1337  -  MemoryUsage of job (MB)
	1368556  -  ResidentSetSize of job (KB)
...
006 (7360070.000.000) 10/17 02:36:44 Image size of job updated: 1404012
	1370  -  MemoryUsage of job (MB)
	1402036  -  ResidentSetSize of job (KB)
...
006 (7360070.000.000) 10/17 02:41:44 Image size of job updated: 1438052
	1403  -  MemoryUsage of job (MB)
	1435988  -  ResidentSetSize of job (KB)
...
006 (7360070.000.000) 10/17 02:46:44 Image size of job updated: 1453352
	1403  -  MemoryUsage of job (MB)
	1435988  -  ResidentSetSize of job (KB)
...
040 (7360070.000.000) 10/17 03:47:26 Started transferring output files
...
040 (7360070.000.000) 10/17 03:47:26 Finished transferring output files
...
005 (7360070.000.000) 10/17 03:47:26 Job terminated.
	(1) Normal termination (return value 0)
		Usr 0 01:25:57, Sys 0 00:00:48  -  Run Remote Usage
		Usr 0 00:00:00, Sys 0 00:00:00  -  Run Local Usage
		Usr 0 01:25:57, Sys 0 00:00:48  -  Total Remote Usage
		Usr 0 00:00:00, Sys 0 00:00:00  -  Total Local Usage
	151114  -  Run Bytes Sent By Job
	10693  -  Run Bytes Received By Job
	151114  -  Total Bytes Sent By Job
	10693  -  Total Bytes Received By Job
	Partitionable Resources :    Usage  Request Allocated 
	   Cpus                 :     0.95        1         1 
	   Disk (KB)            :   179          12   2891573 
	   Memory (MB)          :  1403        2000      2000 

	Job terminated of its own accord at 2024-10-17T01:47:26Z with exit-code 0.
...
000 (7402675.000.000) 10/22 21:30:42 Job submitted from host: <137.138.55.115:9618?addrs=137.138.55.115-9618+[2001-1458-d00-17--12a]-9618&alias=bigbird23.cern.ch&noUDP&sock=schedd_4975_03c1>
...
040 (7402675.000.000) 10/22 21:41:41 Started transferring input files
	Transferring to host: <128.142.192.210:9618?addrs=128.142.192.210-9618+[2001-1458-301-56--100-4e]-9618&alias=b9g18p0299.cern.ch&noUDP&sock=slot1_5_4161_8d02_5703>
...
040 (7402675.000.000) 10/22 21:41:41 Finished transferring input files
...
001 (7402675.000.000) 10/22 21:41:42 Job executing on host: <128.142.192.210:9618?addrs=128.142.192.210-9618+[2001-1458-301-56--100-4e]-9618&alias=b9g18p0299.cern.ch&noUDP&sock=startd_3830_a3d1>
	SlotName: slot1_5@b9g18p0299.cern.ch
	CondorScratchDir = "/pool/condor/dir_925521"
	Cpus = 1
	Disk = 3746
	GPUs = 0
	Memory = 2000
...
006 (7402675.000.000) 10/22 21:41:51 Image size of job updated: 221032
	216  -  MemoryUsage of job (MB)
	221032  -  ResidentSetSize of job (KB)
...
006 (7402675.000.000) 10/22 21:46:52 Image size of job updated: 1018112
	995  -  MemoryUsage of job (MB)
	1018112  -  ResidentSetSize of job (KB)
...
006 (7402675.000.000) 10/22 21:51:52 Image size of job updated: 1026260
	1003  -  MemoryUsage of job (MB)
	1026260  -  ResidentSetSize of job (KB)
...
006 (7402675.000.000) 10/22 21:56:52 Image size of job updated: 1030292
	1007  -  MemoryUsage of job (MB)
	1030292  -  ResidentSetSize of job (KB)
...
006 (7402675.000.000) 10/22 22:01:53 Image size of job updated: 1033368
	1010  -  MemoryUsage of job (MB)
	1033368  -  ResidentSetSize of job (KB)
...
006 (7402675.000.000) 10/22 22:06:53 Image size of job updated: 1036144
	1012  -  MemoryUsage of job (MB)
	1036144  -  ResidentSetSize of job (KB)
...
006 (7402675.000.000) 10/22 22:11:53 Image size of job updated: 1037820
	1014  -  MemoryUsage of job (MB)
	1037820  -  ResidentSetSize of job (KB)
...
006 (7402675.000.000) 10/22 22:16:54 Image size of job updated: 1038964
	1015  -  MemoryUsage of job (MB)
	1038964  -  ResidentSetSize of job (KB)
...
006 (7402675.000.000) 10/22 22:21:55 Image size of job updated: 1041080
	1017  -  MemoryUsage of job (MB)
	1041080  -  ResidentSetSize of job (KB)
...
006 (7402675.000.000) 10/22 22:26:55 Image size of job updated: 1041724
	1018  -  MemoryUsage of job (MB)
	1041724  -  ResidentSetSize of job (KB)
...
006 (7402675.000.000) 10/22 22:31:56 Image size of job updated: 1042692
	1019  -  MemoryUsage of job (MB)
	1042692  -  ResidentSetSize of job (KB)
...
006 (7402675.000.000) 10/22 22:36:57 Image size of job updated: 1044384
	1020  -  MemoryUsage of job (MB)
	1044384  -  ResidentSetSize of job (KB)
...
006 (7402675.000.000) 10/22 22:41:57 Image size of job updated: 1045556
	1022  -  MemoryUsage of job (MB)
	1045556  -  ResidentSetSize of job (KB)
...
040 (7402675.000.000) 10/22 22:55:45 Started transferring output files
...
040 (7402675.000.000) 10/22 22:55:46 Finished transferring output files
...
005 (7402675.000.000) 10/22 22:55:46 Job terminated.
	(1) Normal termination (return value 0)
		Usr 0 01:07:10, Sys 0 00:00:33  -  Run Remote Usage
		Usr 0 00:00:00, Sys 0 00:00:00  -  Run Local Usage
		Usr 0 01:07:10, Sys 0 00:00:33  -  Total Remote Usage
		Usr 0 00:00:00, Sys 0 00:00:00  -  Total Local Usage
	150798  -  Run Bytes Sent By Job
	10697  -  Run Bytes Received By Job
	150798  -  Total Bytes Sent By Job
	10697  -  Total Bytes Received By Job
	Partitionable Resources :    Usage  Request Allocated 
	   Cpus                 :     0.73        1         1 
	   Disk (KB)            :   180          12      3746 
	   GPUs                 :                           0 
	   Memory (MB)          :  1022        2000      2000 

	Job terminated of its own accord at 2024-10-22T20:55:45Z with exit-code 0.
...
000 (7405573.000.000) 10/23 20:29:21 Job submitted from host: <137.138.55.115:9618?addrs=137.138.55.115-9618+[2001-1458-d00-17--12a]-9618&alias=bigbird23.cern.ch&noUDP&sock=schedd_4975_03c1>
...
040 (7405573.000.000) 10/23 20:30:12 Started transferring input files
	Transferring to host: <128.142.131.18:9618?addrs=128.142.131.18-9618+[2001-1458-301-59--100-6]-9618&alias=b9g11p9491.cern.ch&noUDP&sock=slot1_17_2627222_518c_22665>
...
040 (7405573.000.000) 10/23 20:30:12 Finished transferring input files
...
001 (7405573.000.000) 10/23 20:30:13 Job executing on host: <128.142.131.18:9618?addrs=128.142.131.18-9618+[2001-1458-301-59--100-6]-9618&alias=b9g11p9491.cern.ch&noUDP&sock=startd_2606_13e5>
	SlotName: slot1_17@b9g11p9491.cern.ch
	CondorScratchDir = "/pool/condor/dir_2289388"
	Cpus = 1
	Disk = 1742693
	Memory = 2000
...
006 (7405573.000.000) 10/23 20:30:21 Image size of job updated: 134756
	132  -  MemoryUsage of job (MB)
	134756  -  ResidentSetSize of job (KB)
...
006 (7405573.000.000) 10/23 20:35:14 Image size of job updated: 769328
	752  -  MemoryUsage of job (MB)
	769328  -  ResidentSetSize of job (KB)
...
040 (7405573.000.000) 10/23 20:35:14 Started transferring output files
...
040 (7405573.000.000) 10/23 20:35:15 Finished transferring output files
...
005 (7405573.000.000) 10/23 20:35:15 Job terminated.
	(1) Normal termination (return value 0)
		Usr 0 00:03:57, Sys 0 00:00:07  -  Run Remote Usage
		Usr 0 00:00:00, Sys 0 00:00:00  -  Run Local Usage
		Usr 0 00:03:57, Sys 0 00:00:07  -  Total Remote Usage
		Usr 0 00:00:00, Sys 0 00:00:00  -  Total Local Usage
	8191  -  Run Bytes Sent By Job
	10699  -  Run Bytes Received By Job
	8191  -  Total Bytes Sent By Job
	10699  -  Total Bytes Received By Job
	Partitionable Resources :    Usage  Request Allocated 
	   Cpus                 :        0        1         1 
	   Disk (KB)            :       40       12   1742693 
	   Memory (MB)          :      752     2000      2000 

	Job terminated of its own accord at 2024-10-23T18:35:14Z with exit-code 0.
...
000 (7406837.000.000) 10/24 14:22:50 Job submitted from host: <137.138.55.115:9618?addrs=137.138.55.115-9618+[2001-1458-d00-17--12a]-9618&alias=bigbird23.cern.ch&noUDP&sock=schedd_4975_03c1>
...
040 (7406837.000.000) 10/24 14:24:29 Started transferring input files
	Transferring to host: <128.142.192.184:9618?addrs=128.142.192.184-9618+[2001-1458-301-56--100-34]-9618&alias=b9g18p4436.cern.ch&noUDP&sock=slot1_17_7428_72a7_29247>
...
040 (7406837.000.000) 10/24 14:24:29 Finished transferring input files
...
001 (7406837.000.000) 10/24 14:24:31 Job executing on host: <128.142.192.184:9618?addrs=128.142.192.184-9618+[2001-1458-301-56--100-34]-9618&alias=b9g18p4436.cern.ch&noUDP&sock=startd_6640_10f1>
	SlotName: slot1_17@b9g18p4436.cern.ch
	CondorScratchDir = "/pool/condor/dir_1536628"
	Cpus = 1
	Disk = 2843046
	Memory = 2000
...
006 (7406837.000.000) 10/24 14:24:39 Image size of job updated: 15592
	15  -  MemoryUsage of job (MB)
	15088  -  ResidentSetSize of job (KB)
...
006 (7406837.000.000) 10/24 14:28:59 Image size of job updated: 2405620
	784  -  MemoryUsage of job (MB)
	802504  -  ResidentSetSize of job (KB)
...
040 (7406837.000.000) 10/24 14:28:59 Started transferring output files
...
040 (7406837.000.000) 10/24 14:29:00 Finished transferring output files
...
005 (7406837.000.000) 10/24 14:29:00 Job terminated.
	(1) Normal termination (return value 0)
		Usr 0 00:03:26, Sys 0 00:00:06  -  Run Remote Usage
		Usr 0 00:00:00, Sys 0 00:00:00  -  Run Local Usage
		Usr 0 00:03:26, Sys 0 00:00:06  -  Total Remote Usage
		Usr 0 00:00:00, Sys 0 00:00:00  -  Total Local Usage
	8035  -  Run Bytes Sent By Job
	10705  -  Run Bytes Received By Job
	8035  -  Total Bytes Sent By Job
	10705  -  Total Bytes Received By Job
	Partitionable Resources :    Usage  Request Allocated 
	   Cpus                 :        0        1         1 
	   Disk (KB)            :       40       12   2843046 
	   Memory (MB)          :      784     2000      2000 

	Job terminated of its own accord at 2024-10-24T12:28:59Z with exit-code 0.
...
000 (7406853.000.000) 10/24 14:35:45 Job submitted from host: <137.138.55.115:9618?addrs=137.138.55.115-9618+[2001-1458-d00-17--12a]-9618&alias=bigbird23.cern.ch&noUDP&sock=schedd_4975_03c1>
...
040 (7406853.000.000) 10/24 14:52:45 Started transferring input files
	Transferring to host: <188.185.209.87:9618?addrs=188.185.209.87-9618+[2001-1458-303-11--100-54]-9618&alias=b9p11p2849.cern.ch&noUDP&sock=slot1_17_5335_bd72_254440>
...
040 (7406853.000.000) 10/24 14:52:45 Finished transferring input files
...
001 (7406853.000.000) 10/24 14:52:46 Job executing on host: <188.185.209.87:9618?addrs=188.185.209.87-9618+[2001-1458-303-11--100-54]-9618&alias=b9p11p2849.cern.ch&noUDP&sock=startd_4300_0554>
	SlotName: slot1_17@b9p11p2849.cern.ch
	CondorScratchDir = "/pool/condor/dir_2994835"
	Cpus = 1
	Disk = 2647530
	Memory = 2000
...
006 (7406853.000.000) 10/24 14:52:55 Image size of job updated: 513784
	502  -  MemoryUsage of job (MB)
	513780  -  ResidentSetSize of job (KB)
...
006 (7406853.000.000) 10/24 14:56:23 Image size of job updated: 2375720
	783  -  MemoryUsage of job (MB)
	801616  -  ResidentSetSize of job (KB)
...
040 (7406853.000.000) 10/24 14:56:23 Started transferring output files
...
040 (7406853.000.000) 10/24 14:56:23 Finished transferring output files
...
005 (7406853.000.000) 10/24 14:56:24 Job terminated.
	(1) Normal termination (return value 0)
		Usr 0 00:02:01, Sys 0 00:00:07  -  Run Remote Usage
		Usr 0 00:00:00, Sys 0 00:00:00  -  Run Local Usage
		Usr 0 00:02:01, Sys 0 00:00:07  -  Total Remote Usage
		Usr 0 00:00:00, Sys 0 00:00:00  -  Total Local Usage
	8035  -  Run Bytes Sent By Job
	10705  -  Run Bytes Received By Job
	8035  -  Total Bytes Sent By Job
	10705  -  Total Bytes Received By Job
	Partitionable Resources :    Usage  Request Allocated 
	   Cpus                 :        0        1         1 
	   Disk (KB)            :       45       12   2647530 
	   Memory (MB)          :      783     2000      2000 

	Job terminated of its own accord at 2024-10-24T12:56:23Z with exit-code 0.
...
000 (7406912.000.000) 10/24 15:25:13 Job submitted from host: <137.138.55.115:9618?addrs=137.138.55.115-9618+[2001-1458-d00-17--12a]-9618&alias=bigbird23.cern.ch&noUDP&sock=schedd_4975_03c1>
...
040 (7406912.000.000) 10/24 15:26:59 Started transferring input files
	Transferring to host: <188.185.192.53:9618?addrs=188.185.192.53-9618+[2001-1458-303-1f--100-31]-9618&alias=b9p13p1061.cern.ch&noUDP&sock=slot1_3_2189158_99f6_75153>
...
040 (7406912.000.000) 10/24 15:26:59 Finished transferring input files
...
001 (7406912.000.000) 10/24 15:27:00 Job executing on host: <188.185.192.53:9618?addrs=188.185.192.53-9618+[2001-1458-303-1f--100-31]-9618&alias=b9p13p1061.cern.ch&noUDP&sock=startd_128683_69bf>
	SlotName: slot1_3@b9p13p1061.cern.ch
	CondorScratchDir = "/pool/condor/dir_566121"
	Cpus = 1
	Disk = 3014441
	Memory = 2000
...
006 (7406912.000.000) 10/24 15:27:09 Image size of job updated: 1
	0  -  MemoryUsage of job (MB)
	0  -  ResidentSetSize of job (KB)
...
006 (7406912.000.000) 10/24 15:29:04 Image size of job updated: 1247304
	662  -  MemoryUsage of job (MB)
	677304  -  ResidentSetSize of job (KB)
...
040 (7406912.000.000) 10/24 15:29:04 Started transferring output files
...
040 (7406912.000.000) 10/24 15:29:05 Finished transferring output files
...
005 (7406912.000.000) 10/24 15:29:05 Job terminated.
	(1) Normal termination (return value 0)
		Usr 0 00:00:45, Sys 0 00:00:05  -  Run Remote Usage
		Usr 0 00:00:00, Sys 0 00:00:00  -  Run Local Usage
		Usr 0 00:00:45, Sys 0 00:00:05  -  Total Remote Usage
		Usr 0 00:00:00, Sys 0 00:00:00  -  Total Local Usage
	14884  -  Run Bytes Sent By Job
	10695  -  Run Bytes Received By Job
	14884  -  Total Bytes Sent By Job
	10695  -  Total Bytes Received By Job
	Partitionable Resources :    Usage  Request Allocated 
	   Cpus                 :        0        1         1 
	   Disk (KB)            :       47       12   3014441 
	   Memory (MB)          :      662     2000      2000 

	Job terminated of its own accord at 2024-10-24T13:29:04Z with exit-code 0.
...
000 (7406919.000.000) 10/24 15:33:18 Job submitted from host: <137.138.55.115:9618?addrs=137.138.55.115-9618+[2001-1458-d00-17--12a]-9618&alias=bigbird23.cern.ch&noUDP&sock=schedd_4975_03c1>
...
040 (7406919.000.000) 10/24 15:37:05 Started transferring input files
	Transferring to host: <188.185.214.11:9618?addrs=188.185.214.11-9618+[2001-1458-303-1c--100-7]-9618&alias=b9p29p4563.cern.ch&noUDP&sock=slot1_15_4565_3493_8678>
...
040 (7406919.000.000) 10/24 15:37:05 Finished transferring input files
...
001 (7406919.000.000) 10/24 15:37:06 Job executing on host: <188.185.214.11:9618?addrs=188.185.214.11-9618+[2001-1458-303-1c--100-7]-9618&alias=b9p29p4563.cern.ch&noUDP&sock=startd_3788_d4d6>
	SlotName: slot1_15@b9p29p4563.cern.ch
	CondorScratchDir = "/pool/condor/dir_2645273"
	Cpus = 1
	Disk = 3679
	GPUs = 0
	Memory = 2000
...
006 (7406919.000.000) 10/24 15:37:15 Image size of job updated: 480740
	470  -  MemoryUsage of job (MB)
	480740  -  ResidentSetSize of job (KB)
...
006 (7406919.000.000) 10/24 15:40:15 Image size of job updated: 602528
	589  -  MemoryUsage of job (MB)
	602528  -  ResidentSetSize of job (KB)
...
040 (7406919.000.000) 10/24 15:40:15 Started transferring output files
...
040 (7406919.000.000) 10/24 15:40:15 Finished transferring output files
...
005 (7406919.000.000) 10/24 15:40:15 Job terminated.
	(1) Normal termination (return value 0)
		Usr 0 00:01:32, Sys 0 00:00:09  -  Run Remote Usage
		Usr 0 00:00:00, Sys 0 00:00:00  -  Run Local Usage
		Usr 0 00:01:32, Sys 0 00:00:09  -  Total Remote Usage
		Usr 0 00:00:00, Sys 0 00:00:00  -  Total Local Usage
	32467  -  Run Bytes Sent By Job
	10695  -  Run Bytes Received By Job
	32467  -  Total Bytes Sent By Job
	10695  -  Total Bytes Received By Job
	Partitionable Resources :    Usage  Request Allocated 
	   Cpus                 :     0.06        1         1 
	   Disk (KB)            :    64          12      3679 
	   GPUs                 :                           0 
	   Memory (MB)          :   589        2000      2000 

	Job terminated of its own accord at 2024-10-24T13:40:15Z with exit-code 0.
...
000 (7406935.000.000) 10/24 15:44:22 Job submitted from host: <137.138.55.115:9618?addrs=137.138.55.115-9618+[2001-1458-d00-17--12a]-9618&alias=bigbird23.cern.ch&noUDP&sock=schedd_4975_03c1>
...
040 (7406935.000.000) 10/24 15:55:37 Started transferring input files
	Transferring to host: <128.142.192.153:9618?addrs=128.142.192.153-9618+[2001-1458-301-56--100-15]-9618&alias=b9g18p2987.cern.ch&noUDP&sock=slot1_14_7119_babb_68052>
...
040 (7406935.000.000) 10/24 15:55:37 Finished transferring input files
...
001 (7406935.000.000) 10/24 15:55:38 Job executing on host: <128.142.192.153:9618?addrs=128.142.192.153-9618+[2001-1458-301-56--100-15]-9618&alias=b9g18p2987.cern.ch&noUDP&sock=startd_6454_7c53>
	SlotName: slot1_14@b9g18p2987.cern.ch
	CondorScratchDir = "/pool/condor/dir_1496639"
	Cpus = 1
	Disk = 2844294
	Memory = 2000
...
006 (7406935.000.000) 10/24 15:55:47 Image size of job updated: 424340
	415  -  MemoryUsage of job (MB)
	424340  -  ResidentSetSize of job (KB)
...
006 (7406935.000.000) 10/24 16:00:48 Image size of job updated: 1567136
	984  -  MemoryUsage of job (MB)
	1006908  -  ResidentSetSize of job (KB)
...
040 (7406935.000.000) 10/24 16:02:04 Started transferring output files
...
040 (7406935.000.000) 10/24 16:02:04 Finished transferring output files
...
005 (7406935.000.000) 10/24 16:02:04 Job terminated.
	(1) Normal termination (return value 0)
		Usr 0 00:05:23, Sys 0 00:00:07  -  Run Remote Usage
		Usr 0 00:00:00, Sys 0 00:00:00  -  Run Local Usage
		Usr 0 00:05:23, Sys 0 00:00:07  -  Total Remote Usage
		Usr 0 00:00:00, Sys 0 00:00:00  -  Total Local Usage
	8585  -  Run Bytes Sent By Job
	10699  -  Run Bytes Received By Job
	8585  -  Total Bytes Sent By Job
	10699  -  Total Bytes Received By Job
	Partitionable Resources :    Usage  Request Allocated 
	   Cpus                 :     0.98        1         1 
	   Disk (KB)            :    41          12   2844294 
	   Memory (MB)          :   984        2000      2000 

	Job terminated of its own accord at 2024-10-24T14:02:04Z with exit-code 0.
...
000 (7406951.000.000) 10/24 16:17:59 Job submitted from host: <137.138.55.115:9618?addrs=137.138.55.115-9618+[2001-1458-d00-17--12a]-9618&alias=bigbird23.cern.ch&noUDP&sock=schedd_4975_03c1>
...
040 (7406951.000.000) 10/24 16:20:32 Started transferring input files
	Transferring to host: <188.185.195.95:9618?addrs=188.185.195.95-9618+[2001-1458-303-22--100-5b]-9618&alias=b9p17p1975.cern.ch&noUDP&sock=slot1_21_6039_c58f_7812>
...
040 (7406951.000.000) 10/24 16:20:32 Finished transferring input files
...
001 (7406951.000.000) 10/24 16:20:33 Job executing on host: <188.185.195.95:9618?addrs=188.185.195.95-9618+[2001-1458-303-22--100-5b]-9618&alias=b9p17p1975.cern.ch&noUDP&sock=startd_4642_9ab8>
	SlotName: slot1_21@b9p17p1975.cern.ch
	CondorScratchDir = "/pool/condor/dir_3118993"
	Cpus = 1
	Disk = 3775
	GPUs = 0
	Memory = 2000
...
006 (7406951.000.000) 10/24 16:20:42 Image size of job updated: 89240
	88  -  MemoryUsage of job (MB)
	89240  -  ResidentSetSize of job (KB)
...
006 (7406951.000.000) 10/24 16:24:16 Image size of job updated: 603220
	590  -  MemoryUsage of job (MB)
	603220  -  ResidentSetSize of job (KB)
...
040 (7406951.000.000) 10/24 16:24:16 Started transferring output files
...
040 (7406951.000.000) 10/24 16:24:17 Finished transferring output files
...
005 (7406951.000.000) 10/24 16:24:17 Job terminated.
	(1) Normal termination (return value 0)
		Usr 0 00:02:33, Sys 0 00:00:07  -  Run Remote Usage
		Usr 0 00:00:00, Sys 0 00:00:00  -  Run Local Usage
		Usr 0 00:02:33, Sys 0 00:00:07  -  Total Remote Usage
		Usr 0 00:00:00, Sys 0 00:00:00  -  Total Local Usage
	14910  -  Run Bytes Sent By Job
	10695  -  Run Bytes Received By Job
	14910  -  Total Bytes Sent By Job
	10695  -  Total Bytes Received By Job
	Partitionable Resources :    Usage  Request Allocated 
	   Cpus                 :        0        1         1 
	   Disk (KB)            :       47       12      3775 
	   GPUs                 :                           0 
	   Memory (MB)          :      590     2000      2000 

	Job terminated of its own accord at 2024-10-24T14:24:16Z with exit-code 0.
...
000 (7406966.000.000) 10/24 16:36:54 Job submitted from host: <137.138.55.115:9618?addrs=137.138.55.115-9618+[2001-1458-d00-17--12a]-9618&alias=bigbird23.cern.ch&noUDP&sock=schedd_4975_03c1>
...
040 (7406966.000.000) 10/24 16:40:28 Started transferring input files
	Transferring to host: <128.142.33.10:9618?addrs=128.142.33.10-9618+[2001-1458-301-53--100-7]-9618&alias=b9g34p5473.cern.ch&noUDP&sock=slot1_2_294897_5d31_62822>
...
040 (7406966.000.000) 10/24 16:40:28 Finished transferring input files
...
001 (7406966.000.000) 10/24 16:40:29 Job executing on host: <128.142.33.10:9618?addrs=128.142.33.10-9618+[2001-1458-301-53--100-7]-9618&alias=b9g34p5473.cern.ch&noUDP&sock=startd_119169_99b5>
	SlotName: slot1_2@b9g34p5473.cern.ch
	CondorScratchDir = "/pool/condor/dir_3785576"
	Cpus = 1
	Disk = 2352606
	Memory = 2000
...
006 (7406966.000.000) 10/24 16:40:38 Image size of job updated: 1388
	2  -  MemoryUsage of job (MB)
	1388  -  ResidentSetSize of job (KB)
...
006 (7406966.000.000) 10/24 16:43:26 Image size of job updated: 681536
	666  -  MemoryUsage of job (MB)
	681536  -  ResidentSetSize of job (KB)
...
040 (7406966.000.000) 10/24 16:43:26 Started transferring output files
...
040 (7406966.000.000) 10/24 16:43:26 Finished transferring output files
...
005 (7406966.000.000) 10/24 16:43:26 Job terminated.
	(1) Normal termination (return value 0)
		Usr 0 00:01:42, Sys 0 00:00:06  -  Run Remote Usage
		Usr 0 00:00:00, Sys 0 00:00:00  -  Run Local Usage
		Usr 0 00:01:42, Sys 0 00:00:06  -  Total Remote Usage
		Usr 0 00:00:00, Sys 0 00:00:00  -  Total Local Usage
	12409  -  Run Bytes Sent By Job
	10693  -  Run Bytes Received By Job
	12409  -  Total Bytes Sent By Job
	10693  -  Total Bytes Received By Job
	Partitionable Resources :    Usage  Request Allocated 
	   Cpus                 :                 1         1 
	   Disk (KB)            :       36       12   2352606 
	   Memory (MB)          :      666     2000      2000 

	Job terminated of its own accord at 2024-10-24T14:43:26Z with exit-code 0.
...
000 (7407001.000.000) 10/24 17:41:02 Job submitted from host: <137.138.55.115:9618?addrs=137.138.55.115-9618+[2001-1458-d00-17--12a]-9618&alias=bigbird23.cern.ch&noUDP&sock=schedd_4975_03c1>
...
040 (7407001.000.000) 10/24 17:45:36 Started transferring input files
	Transferring to host: <188.185.205.161:9618?addrs=188.185.205.161-9618+[2001-1458-303-a--100-1e]-9618&alias=b9p04p8568.cern.ch&noUDP&sock=slot1_17_4751_425a_87439>
...
040 (7407001.000.000) 10/24 17:45:36 Finished transferring input files
...
001 (7407001.000.000) 10/24 17:45:37 Job executing on host: <188.185.205.161:9618?addrs=188.185.205.161-9618+[2001-1458-303-a--100-1e]-9618&alias=b9p04p8568.cern.ch&noUDP&sock=startd_4025_64c8>
	SlotName: slot1_17@b9p04p8568.cern.ch
	CondorScratchDir = "/pool/condor/dir_2321375"
	Cpus = 1
	Disk = 2704601
	Memory = 2000
...
006 (7407001.000.000) 10/24 17:45:46 Image size of job updated: 501520
	490  -  MemoryUsage of job (MB)
	501288  -  ResidentSetSize of job (KB)
...
006 (7407001.000.000) 10/24 17:48:27 Image size of job updated: 1343596
	681  -  MemoryUsage of job (MB)
	696484  -  ResidentSetSize of job (KB)
...
040 (7407001.000.000) 10/24 17:48:27 Started transferring output files
...
040 (7407001.000.000) 10/24 17:48:27 Finished transferring output files
...
005 (7407001.000.000) 10/24 17:48:27 Job terminated.
	(1) Normal termination (return value 0)
		Usr 0 00:01:47, Sys 0 00:00:07  -  Run Remote Usage
		Usr 0 00:00:00, Sys 0 00:00:00  -  Run Local Usage
		Usr 0 00:01:47, Sys 0 00:00:07  -  Total Remote Usage
		Usr 0 00:00:00, Sys 0 00:00:00  -  Total Local Usage
	17330  -  Run Bytes Sent By Job
	10693  -  Run Bytes Received By Job
	17330  -  Total Bytes Sent By Job
	10693  -  Total Bytes Received By Job
	Partitionable Resources :    Usage  Request Allocated 
	   Cpus                 :        0        1         1 
	   Disk (KB)            :       52       12   2704601 
	   Memory (MB)          :      681     2000      2000 

	Job terminated of its own accord at 2024-10-24T15:48:27Z with exit-code 0.
...
000 (7407007.000.000) 10/24 18:03:57 Job submitted from host: <137.138.55.115:9618?addrs=137.138.55.115-9618+[2001-1458-d00-17--12a]-9618&alias=bigbird23.cern.ch&noUDP&sock=schedd_4975_03c1>
...
040 (7407007.000.000) 10/24 18:05:26 Started transferring input files
	Transferring to host: <128.142.240.11:9618?addrs=128.142.240.11-9618+[2001-1458-301-11--100-b]-9618&alias=b9g29p5557.cern.ch&noUDP&sock=slot1_13_6989_21f5_7656>
...
040 (7407007.000.000) 10/24 18:05:26 Finished transferring input files
...
001 (7407007.000.000) 10/24 18:05:27 Job executing on host: <128.142.240.11:9618?addrs=128.142.240.11-9618+[2001-1458-301-11--100-b]-9618&alias=b9g29p5557.cern.ch&noUDP&sock=startd_5805_535c>
	SlotName: slot1_13@b9g29p5557.cern.ch
	CondorScratchDir = "/pool/condor/dir_480112"
	Cpus = 1
	Disk = 3690
	GPUs = 0
	Memory = 2000
...
006 (7407007.000.000) 10/24 18:05:36 Image size of job updated: 462176
	452  -  MemoryUsage of job (MB)
	462176  -  ResidentSetSize of job (KB)
...
006 (7407007.000.000) 10/24 18:07:57 Image size of job updated: 599616
	586  -  MemoryUsage of job (MB)
	599616  -  ResidentSetSize of job (KB)
...
040 (7407007.000.000) 10/24 18:07:57 Started transferring output files
...
040 (7407007.000.000) 10/24 18:07:57 Finished transferring output files
...
005 (7407007.000.000) 10/24 18:07:57 Job terminated.
	(1) Normal termination (return value 0)
		Usr 0 00:01:07, Sys 0 00:00:09  -  Run Remote Usage
		Usr 0 00:00:00, Sys 0 00:00:00  -  Run Local Usage
		Usr 0 00:01:07, Sys 0 00:00:09  -  Total Remote Usage
		Usr 0 00:00:00, Sys 0 00:00:00  -  Total Local Usage
	34617  -  Run Bytes Sent By Job
	10695  -  Run Bytes Received By Job
	34617  -  Total Bytes Sent By Job
	10695  -  Total Bytes Received By Job
	Partitionable Resources :    Usage  Request Allocated 
	   Cpus                 :     0.66        1         1 
	   Disk (KB)            :    67          12      3690 
	   GPUs                 :                           0 
	   Memory (MB)          :   586        2000      2000 

	Job terminated of its own accord at 2024-10-24T16:07:57Z with exit-code 0.
...
000 (7412355.000.000) 10/25 18:08:01 Job submitted from host: <137.138.55.115:9618?addrs=137.138.55.115-9618+[2001-1458-d00-17--12a]-9618&alias=bigbird23.cern.ch&noUDP&sock=schedd_4975_03c1>
...
040 (7412355.000.000) 10/25 18:18:59 Started transferring input files
	Transferring to host: <128.142.131.55:9618?addrs=128.142.131.55-9618+[2001-1458-301-59--100-2b]-9618&alias=b9g11p5920.cern.ch&noUDP&sock=slot1_29_2925_ad50_135151>
...
040 (7412355.000.000) 10/25 18:18:59 Finished transferring input files
...
001 (7412355.000.000) 10/25 18:19:00 Job executing on host: <128.142.131.55:9618?addrs=128.142.131.55-9618+[2001-1458-301-59--100-2b]-9618&alias=b9g11p5920.cern.ch&noUDP&sock=startd_2612_3176>
	SlotName: slot1_29@b9g11p5920.cern.ch
	CondorScratchDir = "/pool/condor/dir_3411654"
	Cpus = 1
	Disk = 1711727
	Memory = 2000
...
006 (7412355.000.000) 10/25 18:19:08 Image size of job updated: 81740
	80  -  MemoryUsage of job (MB)
	81740  -  ResidentSetSize of job (KB)
...
006 (7412355.000.000) 10/25 18:24:08 Image size of job updated: 1273048
	1244  -  MemoryUsage of job (MB)
	1273048  -  ResidentSetSize of job (KB)
...
006 (7412355.000.000) 10/25 18:29:09 Image size of job updated: 1577604
	1541  -  MemoryUsage of job (MB)
	1577604  -  ResidentSetSize of job (KB)
...
006 (7412355.000.000) 10/25 18:34:09 Image size of job updated: 1722880
	1683  -  MemoryUsage of job (MB)
	1722880  -  ResidentSetSize of job (KB)
...
006 (7412355.000.000) 10/25 18:39:09 Image size of job updated: 1878680
	1835  -  MemoryUsage of job (MB)
	1878680  -  ResidentSetSize of job (KB)
...
006 (7412355.000.000) 10/25 18:44:10 Image size of job updated: 1944868
	1900  -  MemoryUsage of job (MB)
	1944868  -  ResidentSetSize of job (KB)
...
040 (7412355.000.000) 10/25 19:07:29 Started transferring output files
...
040 (7412355.000.000) 10/25 19:07:30 Finished transferring output files
...
005 (7412355.000.000) 10/25 19:07:30 Job terminated.
	(1) Normal termination (return value 0)
		Usr 0 00:44:52, Sys 0 00:00:20  -  Run Remote Usage
		Usr 0 00:00:00, Sys 0 00:00:00  -  Run Local Usage
		Usr 0 00:44:52, Sys 0 00:00:20  -  Total Remote Usage
		Usr 0 00:00:00, Sys 0 00:00:00  -  Total Local Usage
	14542  -  Run Bytes Sent By Job
	10699  -  Run Bytes Received By Job
	14542  -  Total Bytes Sent By Job
	10699  -  Total Bytes Received By Job
	Partitionable Resources :    Usage  Request Allocated 
	   Cpus                 :     0.79        1         1 
	   Disk (KB)            :    47          12   1711727 
	   Memory (MB)          :  1900        2000      2000 

	Job terminated of its own accord at 2024-10-25T17:07:29Z with exit-code 0.
...
000 (7412390.000.000) 10/25 19:47:27 Job submitted from host: <137.138.55.115:9618?addrs=137.138.55.115-9618+[2001-1458-d00-17--12a]-9618&alias=bigbird23.cern.ch&noUDP&sock=schedd_4975_03c1>
...
040 (7412390.000.000) 10/25 19:49:49 Started transferring input files
	Transferring to host: <188.184.185.82:9618?addrs=188.184.185.82-9618+[2001-1458-301-52--100-51]-9618&alias=b9g37p2415.cern.ch&noUDP&sock=slot1_8_3494_96c7_57017>
...
040 (7412390.000.000) 10/25 19:49:49 Finished transferring input files
...
001 (7412390.000.000) 10/25 19:49:50 Job executing on host: <188.184.185.82:9618?addrs=188.184.185.82-9618+[2001-1458-301-52--100-51]-9618&alias=b9g37p2415.cern.ch&noUDP&sock=startd_2723_547a>
	SlotName: slot1_8@b9g37p2415.cern.ch
	CondorScratchDir = "/pool/condor/dir_472602"
	Cpus = 1
	Disk = 2574568
	Memory = 2000
...
006 (7412390.000.000) 10/25 19:49:59 Image size of job updated: 161420
	158  -  MemoryUsage of job (MB)
	161168  -  ResidentSetSize of job (KB)
...
006 (7412390.000.000) 10/25 19:55:00 Image size of job updated: 1254020
	703  -  MemoryUsage of job (MB)
	719768  -  ResidentSetSize of job (KB)
...
006 (7412390.000.000) 10/25 20:00:01 Image size of job updated: 1254020
	1202  -  MemoryUsage of job (MB)
	1230848  -  ResidentSetSize of job (KB)
...
006 (7412390.000.000) 10/25 20:05:01 Image size of job updated: 1277064
	1214  -  MemoryUsage of job (MB)
	1242376  -  ResidentSetSize of job (KB)
...
006 (7412390.000.000) 10/25 20:10:02 Image size of job updated: 1311604
	1281  -  MemoryUsage of job (MB)
	1311488  -  ResidentSetSize of job (KB)
...
006 (7412390.000.000) 10/25 20:15:03 Image size of job updated: 1324864
	1281  -  MemoryUsage of job (MB)
	1311488  -  ResidentSetSize of job (KB)
...
006 (7412390.000.000) 10/25 20:20:03 Image size of job updated: 2041696
	1753  -  MemoryUsage of job (MB)
	1794368  -  ResidentSetSize of job (KB)
...
006 (7412390.000.000) 10/25 20:25:03 Image size of job updated: 2041696
	1878  -  MemoryUsage of job (MB)
	1922460  -  ResidentSetSize of job (KB)
...
006 (7412390.000.000) 10/25 20:30:04 Image size of job updated: 2057928
	2010  -  MemoryUsage of job (MB)
	2057672  -  ResidentSetSize of job (KB)
...
006 (7412390.000.000) 10/25 20:35:04 Image size of job updated: 2125264
	2076  -  MemoryUsage of job (MB)
	2125260  -  ResidentSetSize of job (KB)
...
006 (7412390.000.000) 10/25 20:40:04 Image size of job updated: 2163696
	2113  -  MemoryUsage of job (MB)
	2163556  -  ResidentSetSize of job (KB)
...
006 (7412390.000.000) 10/25 20:45:05 Image size of job updated: 2345300
	2291  -  MemoryUsage of job (MB)
	2345220  -  ResidentSetSize of job (KB)
...
006 (7412390.000.000) 10/25 20:50:06 Image size of job updated: 2486932
	2291  -  MemoryUsage of job (MB)
	2345220  -  ResidentSetSize of job (KB)
...
006 (7412390.000.000) 10/25 20:55:06 Image size of job updated: 2486932
	2296  -  MemoryUsage of job (MB)
	2351000  -  ResidentSetSize of job (KB)
...
006 (7412390.000.000) 10/25 21:00:07 Image size of job updated: 2486932
	2370  -  MemoryUsage of job (MB)
	2425860  -  ResidentSetSize of job (KB)
...
006 (7412390.000.000) 10/25 21:05:08 Image size of job updated: 2489872
	2432  -  MemoryUsage of job (MB)
	2489656  -  ResidentSetSize of job (KB)
...
006 (7412390.000.000) 10/25 21:10:08 Image size of job updated: 2527428
	2469  -  MemoryUsage of job (MB)
	2527324  -  ResidentSetSize of job (KB)
...
006 (7412390.000.000) 10/25 21:15:08 Image size of job updated: 2701852
	2639  -  MemoryUsage of job (MB)
	2701616  -  ResidentSetSize of job (KB)
...
006 (7412390.000.000) 10/25 21:20:09 Image size of job updated: 2781868
	2639  -  MemoryUsage of job (MB)
	2701616  -  ResidentSetSize of job (KB)
...
006 (7412390.000.000) 10/25 21:50:12 Image size of job updated: 2792876
	2639  -  MemoryUsage of job (MB)
	2701616  -  ResidentSetSize of job (KB)
...
006 (7412390.000.000) 10/25 22:00:13 Image size of job updated: 2792876
	2650  -  MemoryUsage of job (MB)
	2712784  -  ResidentSetSize of job (KB)
...
006 (7412390.000.000) 10/25 22:05:13 Image size of job updated: 2792876
	2711  -  MemoryUsage of job (MB)
	2775404  -  ResidentSetSize of job (KB)
...
006 (7412390.000.000) 10/25 22:10:14 Image size of job updated: 2840532
	2774  -  MemoryUsage of job (MB)
	2840188  -  ResidentSetSize of job (KB)
...
006 (7412390.000.000) 10/25 22:15:14 Image size of job updated: 2938140
	2870  -  MemoryUsage of job (MB)
	2938140  -  ResidentSetSize of job (KB)
...
006 (7412390.000.000) 10/25 22:16:15 Image size of job updated: 3100972
	2870  -  MemoryUsage of job (MB)
	2938140  -  ResidentSetSize of job (KB)
...
040 (7412390.000.000) 10/25 22:16:15 Started transferring output files
...
040 (7412390.000.000) 10/25 22:16:16 Finished transferring output files
...
005 (7412390.000.000) 10/25 22:16:16 Job terminated.
	(1) Normal termination (return value 0)
		Usr 0 02:21:18, Sys 0 00:01:02  -  Run Remote Usage
		Usr 0 00:00:00, Sys 0 00:00:00  -  Run Local Usage
		Usr 0 02:21:18, Sys 0 00:01:02  -  Total Remote Usage
		Usr 0 00:00:00, Sys 0 00:00:00  -  Total Local Usage
	14253  -  Run Bytes Sent By Job
	10705  -  Run Bytes Received By Job
	14253  -  Total Bytes Sent By Job
	10705  -  Total Bytes Received By Job
	Partitionable Resources :    Usage  Request Allocated 
	   Cpus                 :     0.98        1         1 
	   Disk (KB)            :    46          12   2574568 
	   Memory (MB)          :  2870        2000      2000 

	Job terminated of its own accord at 2024-10-25T20:16:15Z with exit-code 0.
...
000 (7414591.000.000) 10/26 23:43:27 Job submitted from host: <137.138.55.115:9618?addrs=137.138.55.115-9618+[2001-1458-d00-17--12a]-9618&alias=bigbird23.cern.ch&noUDP&sock=schedd_4975_03c1>
...
040 (7414591.000.000) 10/26 23:43:50 Started transferring input files
	Transferring to host: <188.185.196.161:9618?addrs=188.185.196.161-9618+[2001-1458-303-23--100-9d]-9618&alias=b9p16p2782.cern.ch&noUDP&sock=slot1_21_8380_37ce_10143>
...
040 (7414591.000.000) 10/26 23:43:50 Finished transferring input files
...
001 (7414591.000.000) 10/26 23:43:51 Job executing on host: <188.185.196.161:9618?addrs=188.185.196.161-9618+[2001-1458-303-23--100-9d]-9618&alias=b9p16p2782.cern.ch&noUDP&sock=startd_7414_f73f>
	SlotName: slot1_21@b9p16p2782.cern.ch
	CondorScratchDir = "/pool/condor/dir_842494"
	Cpus = 1
	Disk = 3798
	GPUs = 0
	Memory = 2000
...
006 (7414591.000.000) 10/26 23:44:00 Image size of job updated: 370688
	362  -  MemoryUsage of job (MB)
	370688  -  ResidentSetSize of job (KB)
...
006 (7414591.000.000) 10/26 23:49:01 Image size of job updated: 737008
	720  -  MemoryUsage of job (MB)
	737008  -  ResidentSetSize of job (KB)
...
006 (7414591.000.000) 10/26 23:54:02 Image size of job updated: 1085948
	1061  -  MemoryUsage of job (MB)
	1085948  -  ResidentSetSize of job (KB)
...
006 (7414591.000.000) 10/26 23:59:02 Image size of job updated: 1096848
	1072  -  MemoryUsage of job (MB)
	1096848  -  ResidentSetSize of job (KB)
...
006 (7414591.000.000) 10/27 00:04:02 Image size of job updated: 1101548
	1076  -  MemoryUsage of job (MB)
	1101548  -  ResidentSetSize of job (KB)
...
006 (7414591.000.000) 10/27 00:09:02 Image size of job updated: 1113388
	1088  -  MemoryUsage of job (MB)
	1113388  -  ResidentSetSize of job (KB)
...
006 (7414591.000.000) 10/27 00:14:02 Image size of job updated: 1773660
	1733  -  MemoryUsage of job (MB)
	1773660  -  ResidentSetSize of job (KB)
...
006 (7414591.000.000) 10/27 00:19:03 Image size of job updated: 1805164
	1763  -  MemoryUsage of job (MB)
	1805164  -  ResidentSetSize of job (KB)
...
006 (7414591.000.000) 10/27 00:24:04 Image size of job updated: 1865580
	1822  -  MemoryUsage of job (MB)
	1865580  -  ResidentSetSize of job (KB)
...
006 (7414591.000.000) 10/27 00:29:04 Image size of job updated: 1869704
	1826  -  MemoryUsage of job (MB)
	1869704  -  ResidentSetSize of job (KB)
...
006 (7414591.000.000) 10/27 00:34:05 Image size of job updated: 1870488
	1827  -  MemoryUsage of job (MB)
	1870488  -  ResidentSetSize of job (KB)
...
006 (7414591.000.000) 10/27 00:39:06 Image size of job updated: 2032704
	1986  -  MemoryUsage of job (MB)
	2032704  -  ResidentSetSize of job (KB)
...
006 (7414591.000.000) 10/27 00:44:06 Image size of job updated: 2069080
	2021  -  MemoryUsage of job (MB)
	2069080  -  ResidentSetSize of job (KB)
...
040 (7414591.000.000) 10/27 01:33:05 Started transferring output files
...
040 (7414591.000.000) 10/27 01:33:05 Finished transferring output files
...
005 (7414591.000.000) 10/27 01:33:05 Job terminated.
	(1) Normal termination (return value 0)
		Usr 0 01:46:14, Sys 0 00:00:26  -  Run Remote Usage
		Usr 0 00:00:00, Sys 0 00:00:00  -  Run Local Usage
		Usr 0 01:46:14, Sys 0 00:00:26  -  Total Remote Usage
		Usr 0 00:00:00, Sys 0 00:00:00  -  Total Local Usage
	13452  -  Run Bytes Sent By Job
	10705  -  Run Bytes Received By Job
	13452  -  Total Bytes Sent By Job
	10705  -  Total Bytes Received By Job
	Partitionable Resources :    Usage  Request Allocated 
	   Cpus                 :     0.99        1         1 
	   Disk (KB)            :    46          12      3798 
	   GPUs                 :                           0 
	   Memory (MB)          :  2021        2000      2000 

	Job terminated of its own accord at 2024-10-26T23:33:05Z with exit-code 0.
...
000 (7415101.000.000) 10/27 18:11:46 Job submitted from host: <137.138.55.115:9618?addrs=137.138.55.115-9618+[2001-1458-d00-17--12a]-9618&alias=bigbird23.cern.ch&noUDP&sock=schedd_4975_03c1>
...
040 (7415101.000.000) 10/27 18:22:06 Started transferring input files
	Transferring to host: <188.185.205.40:9618?addrs=188.185.205.40-9618+[2001-1458-303-9--100-9c]-9618&alias=b9p03p9453.cern.ch&noUDP&sock=slot1_52_3571_d7aa_145760>
...
040 (7415101.000.000) 10/27 18:22:06 Finished transferring input files
...
001 (7415101.000.000) 10/27 18:22:07 Job executing on host: <188.185.205.40:9618?addrs=188.185.205.40-9618+[2001-1458-303-9--100-9c]-9618&alias=b9p03p9453.cern.ch&noUDP&sock=startd_3222_9a3c>
	SlotName: slot1_52@b9p03p9453.cern.ch
	CondorScratchDir = "/pool/condor/dir_1435498"
	Cpus = 1
	Disk = 2846379
	Memory = 2000
...
006 (7415101.000.000) 10/27 18:22:16 Image size of job updated: 141476
	139  -  MemoryUsage of job (MB)
	141328  -  ResidentSetSize of job (KB)
...
006 (7415101.000.000) 10/27 18:27:17 Image size of job updated: 1358100
	1318  -  MemoryUsage of job (MB)
	1349196  -  ResidentSetSize of job (KB)
...
006 (7415101.000.000) 10/27 18:32:18 Image size of job updated: 1456044
	1414  -  MemoryUsage of job (MB)
	1447440  -  ResidentSetSize of job (KB)
...
006 (7415101.000.000) 10/27 18:37:18 Image size of job updated: 1553204
	1508  -  MemoryUsage of job (MB)
	1543208  -  ResidentSetSize of job (KB)
...
006 (7415101.000.000) 10/27 18:42:19 Image size of job updated: 1646588
	1597  -  MemoryUsage of job (MB)
	1634524  -  ResidentSetSize of job (KB)
...
006 (7415101.000.000) 10/27 18:47:20 Image size of job updated: 1751684
	1699  -  MemoryUsage of job (MB)
	1739764  -  ResidentSetSize of job (KB)
...
006 (7415101.000.000) 10/27 18:52:20 Image size of job updated: 1855352
	1799  -  MemoryUsage of job (MB)
	1841560  -  ResidentSetSize of job (KB)
...
006 (7415101.000.000) 10/27 18:57:20 Image size of job updated: 1956848
	1907  -  MemoryUsage of job (MB)
	1952348  -  ResidentSetSize of job (KB)
...
006 (7415101.000.000) 10/27 19:02:21 Image size of job updated: 1993048
	1907  -  MemoryUsage of job (MB)
	1952348  -  ResidentSetSize of job (KB)
...
006 (7415101.000.000) 10/27 19:27:24 Image size of job updated: 1993048
	1930  -  MemoryUsage of job (MB)
	1975336  -  ResidentSetSize of job (KB)
...
006 (7415101.000.000) 10/27 19:32:24 Image size of job updated: 2072656
	2012  -  MemoryUsage of job (MB)
	2059664  -  ResidentSetSize of job (KB)
...
006 (7415101.000.000) 10/27 19:37:25 Image size of job updated: 2169996
	2106  -  MemoryUsage of job (MB)
	2156208  -  ResidentSetSize of job (KB)
...
006 (7415101.000.000) 10/27 19:41:50 Image size of job updated: 2391620
	2106  -  MemoryUsage of job (MB)
	2156208  -  ResidentSetSize of job (KB)
...
040 (7415101.000.000) 10/27 19:41:50 Started transferring output files
...
040 (7415101.000.000) 10/27 19:41:50 Finished transferring output files
...
005 (7415101.000.000) 10/27 19:41:51 Job terminated.
	(1) Normal termination (return value 0)
		Usr 0 00:54:00, Sys 0 00:02:18  -  Run Remote Usage
		Usr 0 00:00:00, Sys 0 00:00:00  -  Run Local Usage
		Usr 0 00:54:00, Sys 0 00:02:18  -  Total Remote Usage
		Usr 0 00:00:00, Sys 0 00:00:00  -  Total Local Usage
	886008  -  Run Bytes Sent By Job
	10695  -  Run Bytes Received By Job
	886008  -  Total Bytes Sent By Job
	10695  -  Total Bytes Received By Job
	Partitionable Resources :    Usage  Request Allocated 
	   Cpus                 :     0.78        1         1 
	   Disk (KB)            :   898          12   2846379 
	   Memory (MB)          :  2106        2000      2000 

	Job terminated of its own accord at 2024-10-27T18:41:50Z with exit-code 0.
...
000 (7415220.000.000) 10/27 19:57:09 Job submitted from host: <137.138.55.115:9618?addrs=137.138.55.115-9618+[2001-1458-d00-17--12a]-9618&alias=bigbird23.cern.ch&noUDP&sock=schedd_4975_03c1>
...
040 (7415220.000.000) 10/27 20:06:42 Started transferring input files
	Transferring to host: <128.142.161.143:9618?addrs=128.142.161.143-9618+[2001-1458-301-b9--100-c]-9618&alias=b9g03p2726.cern.ch&noUDP&sock=slot1_4_7001_9676_11042>
...
040 (7415220.000.000) 10/27 20:06:42 Finished transferring input files
...
001 (7415220.000.000) 10/27 20:06:43 Job executing on host: <128.142.161.143:9618?addrs=128.142.161.143-9618+[2001-1458-301-b9--100-c]-9618&alias=b9g03p2726.cern.ch&noUDP&sock=startd_6216_3cc9>
	SlotName: slot1_4@b9g03p2726.cern.ch
	CondorScratchDir = "/pool/condor/dir_4129321"
	Cpus = 1
	Disk = 3910
	GPUs = 0
	Memory = 2000
...
006 (7415220.000.000) 10/27 20:06:52 Image size of job updated: 252988
	248  -  MemoryUsage of job (MB)
	252988  -  ResidentSetSize of job (KB)
...
006 (7415220.000.000) 10/27 20:11:53 Image size of job updated: 1181312
	1154  -  MemoryUsage of job (MB)
	1181312  -  ResidentSetSize of job (KB)
...
006 (7415220.000.000) 10/27 20:16:54 Image size of job updated: 1182196
	1155  -  MemoryUsage of job (MB)
	1182196  -  ResidentSetSize of job (KB)
...
006 (7415220.000.000) 10/27 20:21:54 Image size of job updated: 1197628
	1170  -  MemoryUsage of job (MB)
	1197628  -  ResidentSetSize of job (KB)
...
006 (7415220.000.000) 10/27 20:36:55 Image size of job updated: 1208380
	1181  -  MemoryUsage of job (MB)
	1208380  -  ResidentSetSize of job (KB)
...
006 (7415220.000.000) 10/27 20:41:55 Image size of job updated: 1217984
	1190  -  MemoryUsage of job (MB)
	1217984  -  ResidentSetSize of job (KB)
...
022 (7415220.000.000) 10/27 22:26:13 Job disconnected, attempting to reconnect
    Socket between submit and execute hosts closed unexpectedly
    Trying to reconnect to slot1_4@b9g03p2726.cern.ch <128.142.161.143:9618?addrs=128.142.161.143-9618+[2001-1458-301-b9--100-c]-9618&alias=b9g03p2726.cern.ch&noUDP&sock=startd_6216_3cc9>
...
024 (7415220.000.000) 10/27 23:56:13 Job reconnection failed
    Job disconnected too long: JobLeaseDuration (5400 seconds) expired
    Can not reconnect to slot1_4@b9g03p2726.cern.ch, rescheduling job
...
040 (7415220.000.000) 10/28 00:05:38 Started transferring input files
	Transferring to host: <128.142.161.114:9618?addrs=128.142.161.114-9618+[2001-1458-301-b8--100-30]-9618&alias=b9g03p3124.cern.ch&noUDP&sock=slot1_7_3143688_5656_1632>
...
040 (7415220.000.000) 10/28 00:05:38 Finished transferring input files
...
001 (7415220.000.000) 10/28 00:05:39 Job executing on host: <128.142.161.114:9618?addrs=128.142.161.114-9618+[2001-1458-301-b8--100-30]-9618&alias=b9g03p3124.cern.ch&noUDP&sock=startd_6543_8841>
	SlotName: slot1_7@b9g03p3124.cern.ch
	CondorScratchDir = "/pool/condor/dir_272087"
	Cpus = 1
	Disk = 3275601
	Memory = 2000
...
006 (7415220.000.000) 10/28 00:10:49 Image size of job updated: 1368908
	1337  -  MemoryUsage of job (MB)
	1368604  -  ResidentSetSize of job (KB)
...
006 (7415220.000.000) 10/28 00:15:49 Image size of job updated: 1440640
	1407  -  MemoryUsage of job (MB)
	1439896  -  ResidentSetSize of job (KB)
...
006 (7415220.000.000) 10/28 00:20:50 Image size of job updated: 1512992
	1478  -  MemoryUsage of job (MB)
	1512992  -  ResidentSetSize of job (KB)
...
006 (7415220.000.000) 10/28 00:25:51 Image size of job updated: 1584420
	1547  -  MemoryUsage of job (MB)
	1583140  -  ResidentSetSize of job (KB)
...
006 (7415220.000.000) 10/28 00:30:52 Image size of job updated: 1655580
	1616  -  MemoryUsage of job (MB)
	1654260  -  ResidentSetSize of job (KB)
...
006 (7415220.000.000) 10/28 00:35:52 Image size of job updated: 1733496
	1693  -  MemoryUsage of job (MB)
	1733176  -  ResidentSetSize of job (KB)
...
006 (7415220.000.000) 10/28 00:40:52 Image size of job updated: 1808800
	1767  -  MemoryUsage of job (MB)
	1808796  -  ResidentSetSize of job (KB)
...
006 (7415220.000.000) 10/28 00:45:53 Image size of job updated: 1855600
	1767  -  MemoryUsage of job (MB)
	1808796  -  ResidentSetSize of job (KB)
...
040 (7415220.000.000) 10/28 01:04:54 Started transferring output files
...
040 (7415220.000.000) 10/28 01:04:55 Finished transferring output files
...
005 (7415220.000.000) 10/28 01:04:55 Job terminated.
	(1) Normal termination (return value 0)
		Usr 0 00:49:37, Sys 0 00:00:26  -  Run Remote Usage
		Usr 0 00:00:00, Sys 0 00:00:00  -  Run Local Usage
		Usr 0 02:03:12, Sys 0 00:01:15  -  Total Remote Usage
		Usr 0 00:00:00, Sys 0 00:00:00  -  Total Local Usage
	371338  -  Run Bytes Sent By Job
	10695  -  Run Bytes Received By Job
	371338  -  Total Bytes Sent By Job
	21390  -  Total Bytes Received By Job
	Partitionable Resources :    Usage  Request Allocated 
	   Cpus                 :     0.86        1         1 
	   Disk (KB)            :   396         400   3275601 
	   Memory (MB)          :  1767        2000      2000 

	Job terminated of its own accord at 2024-10-28T00:04:54Z with exit-code 0.
...
000 (7415716.000.000) 10/28 10:12:17 Job submitted from host: <137.138.55.115:9618?addrs=137.138.55.115-9618+[2001-1458-d00-17--12a]-9618&alias=bigbird23.cern.ch&noUDP&sock=schedd_4975_03c1>
...
000 (7415717.000.000) 10/28 10:12:32 Job submitted from host: <137.138.55.115:9618?addrs=137.138.55.115-9618+[2001-1458-d00-17--12a]-9618&alias=bigbird23.cern.ch&noUDP&sock=schedd_4975_03c1>
...
009 (7415716.000.000) 10/28 10:12:51 Job was aborted.
	via condor_rm (by user fsalerno)
...
040 (7415717.000.000) 10/28 10:18:15 Started transferring input files
	Transferring to host: <128.142.132.190:9618?addrs=128.142.132.190-9618+[2001-1458-301-5a--100-b2]-9618&alias=b9g12p6741.cern.ch&noUDP&sock=slot1_15_1720577_e5a8_1852>
...
040 (7415717.000.000) 10/28 10:18:15 Finished transferring input files
...
001 (7415717.000.000) 10/28 10:18:16 Job executing on host: <128.142.132.190:9618?addrs=128.142.132.190-9618+[2001-1458-301-5a--100-b2]-9618&alias=b9g12p6741.cern.ch&noUDP&sock=startd_2405_355c>
	SlotName: slot1_15@b9g12p6741.cern.ch
	CondorScratchDir = "/pool/condor/dir_2689941"
	Cpus = 1
	Disk = 2641
	GPUs = 0
	Memory = 2000
...
006 (7415717.000.000) 10/28 10:18:24 Image size of job updated: 1784
	2  -  MemoryUsage of job (MB)
	1784  -  ResidentSetSize of job (KB)
...
006 (7415717.000.000) 10/28 10:23:24 Image size of job updated: 1198784
	1171  -  MemoryUsage of job (MB)
	1198784  -  ResidentSetSize of job (KB)
...
006 (7415717.000.000) 10/28 10:28:25 Image size of job updated: 1219744
	1192  -  MemoryUsage of job (MB)
	1219744  -  ResidentSetSize of job (KB)
...
006 (7415717.000.000) 10/28 10:33:25 Image size of job updated: 1223128
	1195  -  MemoryUsage of job (MB)
	1223128  -  ResidentSetSize of job (KB)
...
006 (7415717.000.000) 10/28 10:38:25 Image size of job updated: 1223596
	1195  -  MemoryUsage of job (MB)
	1223596  -  ResidentSetSize of job (KB)
...
040 (7415717.000.000) 10/28 12:43:53 Started transferring output files
...
040 (7415717.000.000) 10/28 12:43:54 Finished transferring output files
...
005 (7415717.000.000) 10/28 12:43:54 Job terminated.
	(1) Normal termination (return value 0)
		Usr 0 02:14:14, Sys 0 00:00:46  -  Run Remote Usage
		Usr 0 00:00:00, Sys 0 00:00:00  -  Run Local Usage
		Usr 0 02:14:14, Sys 0 00:00:46  -  Total Remote Usage
		Usr 0 00:00:00, Sys 0 00:00:00  -  Total Local Usage
	309386  -  Run Bytes Sent By Job
	10691  -  Run Bytes Received By Job
	309386  -  Total Bytes Sent By Job
	10691  -  Total Bytes Received By Job
	Partitionable Resources :    Usage  Request Allocated 
	   Cpus                 :     0.93        1         1 
	   Disk (KB)            :   334          12      2641 
	   GPUs                 :                           0 
	   Memory (MB)          :  1195        2000      2000 

	Job terminated of its own accord at 2024-10-28T11:43:53Z with exit-code 0.
...
000 (7415945.000.000) 10/28 16:21:53 Job submitted from host: <137.138.55.115:9618?addrs=137.138.55.115-9618+[2001-1458-d00-17--12a]-9618&alias=bigbird23.cern.ch&noUDP&sock=schedd_4975_03c1>
...
040 (7415945.000.000) 10/28 16:30:52 Started transferring input files
	Transferring to host: <188.185.208.65:9618?addrs=188.185.208.65-9618&alias=b9p09p7685.cern.ch&noUDP&sock=slot1_21_3676_d30f_260598>
...
040 (7415945.000.000) 10/28 16:30:52 Finished transferring input files
...
001 (7415945.000.000) 10/28 16:30:53 Job executing on host: <188.185.208.65:9618?addrs=188.185.208.65-9618&alias=b9p09p7685.cern.ch&noUDP&sock=startd_3573_5bfa>
	SlotName: slot1_21@b9p09p7685.cern.ch
	CondorScratchDir = "/pool/condor/dir_2366723"
	Cpus = 1
	Disk = 2690600
	Memory = 2000
...
006 (7415945.000.000) 10/28 16:31:02 Image size of job updated: 274972
	269  -  MemoryUsage of job (MB)
	274700  -  ResidentSetSize of job (KB)
...
006 (7415945.000.000) 10/28 16:36:03 Image size of job updated: 1115244
	1088  -  MemoryUsage of job (MB)
	1113380  -  ResidentSetSize of job (KB)
...
006 (7415945.000.000) 10/28 16:41:04 Image size of job updated: 1176760
	1148  -  MemoryUsage of job (MB)
	1175172  -  ResidentSetSize of job (KB)
...
006 (7415945.000.000) 10/28 16:46:04 Image size of job updated: 1232872
	1203  -  MemoryUsage of job (MB)
	1230948  -  ResidentSetSize of job (KB)
...
006 (7415945.000.000) 10/28 16:51:04 Image size of job updated: 1238428
	1203  -  MemoryUsage of job (MB)
	1230948  -  ResidentSetSize of job (KB)
...
006 (7415945.000.000) 10/28 17:14:02 Image size of job updated: 1239712
	1203  -  MemoryUsage of job (MB)
	1230948  -  ResidentSetSize of job (KB)
...
040 (7415945.000.000) 10/28 17:14:02 Started transferring output files
...
040 (7415945.000.000) 10/28 17:14:03 Finished transferring output files
...
005 (7415945.000.000) 10/28 17:14:03 Job terminated.
	(1) Normal termination (return value 0)
		Usr 0 00:38:53, Sys 0 00:00:28  -  Run Remote Usage
		Usr 0 00:00:00, Sys 0 00:00:00  -  Run Local Usage
		Usr 0 00:38:53, Sys 0 00:00:28  -  Total Remote Usage
		Usr 0 00:00:00, Sys 0 00:00:00  -  Total Local Usage
	156378  -  Run Bytes Sent By Job
	10689  -  Run Bytes Received By Job
	156378  -  Total Bytes Sent By Job
	10689  -  Total Bytes Received By Job
	Partitionable Resources :    Usage  Request Allocated 
	   Cpus                 :     0.91        1         1 
	   Disk (KB)            :   187          12   2690600 
	   Memory (MB)          :  1203        2000      2000 

	Job terminated of its own accord at 2024-10-28T16:14:02Z with exit-code 0.
...
000 (7417224.000.000) 10/29 23:18:54 Job submitted from host: <137.138.55.115:9618?addrs=137.138.55.115-9618+[2001-1458-d00-17--12a]-9618&alias=bigbird23.cern.ch&noUDP&sock=schedd_4975_03c1>
...
040 (7417224.000.000) 10/29 23:19:52 Started transferring input files
	Transferring to host: <188.185.195.88:9618?addrs=188.185.195.88-9618+[2001-1458-303-22--100-54]-9618&alias=b9p17p3263.cern.ch&noUDP&sock=slot1_10_3509224_8467_73098>
...
040 (7417224.000.000) 10/29 23:19:52 Finished transferring input files
...
001 (7417224.000.000) 10/29 23:19:53 Job executing on host: <188.185.195.88:9618?addrs=188.185.195.88-9618+[2001-1458-303-22--100-54]-9618&alias=b9p17p3263.cern.ch&noUDP&sock=startd_128575_5585>
	SlotName: slot1_10@b9p17p3263.cern.ch
	CondorScratchDir = "/pool/condor/dir_438403"
	Cpus = 1
	Disk = 2877697
	Memory = 2000
...
006 (7417224.000.000) 10/29 23:20:01 Image size of job updated: 98120
	96  -  MemoryUsage of job (MB)
	97828  -  ResidentSetSize of job (KB)
...
006 (7417224.000.000) 10/29 23:25:01 Image size of job updated: 1307240
	1276  -  MemoryUsage of job (MB)
	1305916  -  ResidentSetSize of job (KB)
...
006 (7417224.000.000) 10/29 23:30:02 Image size of job updated: 1350864
	1318  -  MemoryUsage of job (MB)
	1349392  -  ResidentSetSize of job (KB)
...
006 (7417224.000.000) 10/29 23:35:02 Image size of job updated: 1394300
	1361  -  MemoryUsage of job (MB)
	1392756  -  ResidentSetSize of job (KB)
...
006 (7417224.000.000) 10/29 23:40:02 Image size of job updated: 1436364
	1403  -  MemoryUsage of job (MB)
	1435864  -  ResidentSetSize of job (KB)
...
006 (7417224.000.000) 10/29 23:45:03 Image size of job updated: 1471884
	1403  -  MemoryUsage of job (MB)
	1435864  -  ResidentSetSize of job (KB)
...
040 (7417224.000.000) 10/30 00:33:36 Started transferring output files
...
040 (7417224.000.000) 10/30 00:33:37 Finished transferring output files
...
005 (7417224.000.000) 10/30 00:33:37 Job terminated.
	(1) Normal termination (return value 0)
		Usr 0 01:08:07, Sys 0 00:00:30  -  Run Remote Usage
		Usr 0 00:00:00, Sys 0 00:00:00  -  Run Local Usage
		Usr 0 01:08:07, Sys 0 00:00:30  -  Total Remote Usage
		Usr 0 00:00:00, Sys 0 00:00:00  -  Total Local Usage
	156406  -  Run Bytes Sent By Job
	10693  -  Run Bytes Received By Job
	156406  -  Total Bytes Sent By Job
	10693  -  Total Bytes Received By Job
	Partitionable Resources :    Usage  Request Allocated 
	   Cpus                 :     0.97        1         1 
	   Disk (KB)            :   185          12   2877697 
	   Memory (MB)          :  1403        2000      2000 

	Job terminated of its own accord at 2024-10-29T23:33:36Z with exit-code 0.
...
000 (7417652.000.000) 10/30 11:10:15 Job submitted from host: <137.138.55.115:9618?addrs=137.138.55.115-9618+[2001-1458-d00-17--12a]-9618&alias=bigbird23.cern.ch&noUDP&sock=schedd_4975_03c1>
...
040 (7417652.000.000) 10/30 11:13:32 Started transferring input files
	Transferring to host: <188.185.192.123:9618?addrs=188.185.192.123-9618+[2001-1458-303-1f--100-77]-9618&alias=b9p13p6739.cern.ch&noUDP&sock=slot1_4_3898266_ccf3_63852>
...
040 (7417652.000.000) 10/30 11:13:32 Finished transferring input files
...
001 (7417652.000.000) 10/30 11:13:34 Job executing on host: <188.185.192.123:9618?addrs=188.185.192.123-9618+[2001-1458-303-1f--100-77]-9618&alias=b9p13p6739.cern.ch&noUDP&sock=startd_127899_a77f>
	SlotName: slot1_4@b9p13p6739.cern.ch
	CondorScratchDir = "/pool/condor/dir_4013830"
	Cpus = 1
	Disk = 2892137
	Memory = 2000
...
006 (7417652.000.000) 10/30 11:13:42 Image size of job updated: 1
	0  -  MemoryUsage of job (MB)
	0  -  ResidentSetSize of job (KB)
...
006 (7417652.000.000) 10/30 11:18:42 Image size of job updated: 1306268
	1275  -  MemoryUsage of job (MB)
	1304868  -  ResidentSetSize of job (KB)
...
006 (7417652.000.000) 10/30 11:23:43 Image size of job updated: 1345760
	1313  -  MemoryUsage of job (MB)
	1344148  -  ResidentSetSize of job (KB)
...
006 (7417652.000.000) 10/30 11:28:43 Image size of job updated: 1377372
	1345  -  MemoryUsage of job (MB)
	1376988  -  ResidentSetSize of job (KB)
...
006 (7417652.000.000) 10/30 11:33:43 Image size of job updated: 1413428
	1380  -  MemoryUsage of job (MB)
	1412156  -  ResidentSetSize of job (KB)
...
006 (7417652.000.000) 10/30 11:38:44 Image size of job updated: 1449500
	1414  -  MemoryUsage of job (MB)
	1447896  -  ResidentSetSize of job (KB)
...
006 (7417652.000.000) 10/30 11:43:44 Image size of job updated: 1482676
	1447  -  MemoryUsage of job (MB)
	1481212  -  ResidentSetSize of job (KB)
...
006 (7417652.000.000) 10/30 11:48:44 Image size of job updated: 1508740
	1474  -  MemoryUsage of job (MB)
	1508572  -  ResidentSetSize of job (KB)
...
006 (7417652.000.000) 10/30 11:53:45 Image size of job updated: 1533628
	1474  -  MemoryUsage of job (MB)
	1508572  -  ResidentSetSize of job (KB)
...
040 (7417652.000.000) 10/30 12:37:04 Started transferring output files
...
040 (7417652.000.000) 10/30 12:37:04 Finished transferring output files
...
005 (7417652.000.000) 10/30 12:37:04 Job terminated.
	(1) Normal termination (return value 0)
		Usr 0 01:16:52, Sys 0 00:01:09  -  Run Remote Usage
		Usr 0 00:00:00, Sys 0 00:00:00  -  Run Local Usage
		Usr 0 01:16:52, Sys 0 00:01:09  -  Total Remote Usage
		Usr 0 00:00:00, Sys 0 00:00:00  -  Total Local Usage
	156406  -  Run Bytes Sent By Job
	10693  -  Run Bytes Received By Job
	156406  -  Total Bytes Sent By Job
	10693  -  Total Bytes Received By Job
	Partitionable Resources :    Usage  Request Allocated 
	   Cpus                 :     0.99        1         1 
	   Disk (KB)            :   185          12   2892137 
	   Memory (MB)          :  1474        2000      2000 

	Job terminated of its own accord at 2024-10-30T11:37:04Z with exit-code 0.
...
000 (7417710.000.000) 10/30 12:42:53 Job submitted from host: <137.138.55.115:9618?addrs=137.138.55.115-9618+[2001-1458-d00-17--12a]-9618&alias=bigbird23.cern.ch&noUDP&sock=schedd_4975_03c1>
...
040 (7417710.000.000) 10/30 12:46:19 Started transferring input files
	Transferring to host: <188.185.213.208:9618?addrs=188.185.213.208-9618+[2001-1458-303-1b--100-4c]-9618&alias=b9p28p7725.cern.ch&noUDP&sock=slot1_7_4728_0db9_17484>
...
040 (7417710.000.000) 10/30 12:46:19 Finished transferring input files
...
001 (7417710.000.000) 10/30 12:46:20 Job executing on host: <188.185.213.208:9618?addrs=188.185.213.208-9618+[2001-1458-303-1b--100-4c]-9618&alias=b9p28p7725.cern.ch&noUDP&sock=startd_3893_da48>
	SlotName: slot1_7@b9p28p7725.cern.ch
	CondorScratchDir = "/pool/condor/dir_4146917"
	Cpus = 1
	Disk = 3722
	GPUs = 0
	Memory = 2000
...
006 (7417710.000.000) 10/30 12:46:29 Image size of job updated: 481312
	471  -  MemoryUsage of job (MB)
	481312  -  ResidentSetSize of job (KB)
...
006 (7417710.000.000) 10/30 12:51:30 Image size of job updated: 1232640
	1204  -  MemoryUsage of job (MB)
	1232640  -  ResidentSetSize of job (KB)
...
006 (7417710.000.000) 10/30 12:56:31 Image size of job updated: 1236420
	1208  -  MemoryUsage of job (MB)
	1236420  -  ResidentSetSize of job (KB)
...
040 (7417710.000.000) 10/30 14:17:08 Started transferring output files
...
040 (7417710.000.000) 10/30 14:17:09 Finished transferring output files
...
005 (7417710.000.000) 10/30 14:17:10 Job terminated.
	(1) Normal termination (return value 0)
		Usr 0 01:18:09, Sys 0 00:01:22  -  Run Remote Usage
		Usr 0 00:00:00, Sys 0 00:00:00  -  Run Local Usage
		Usr 0 01:18:09, Sys 0 00:01:22  -  Total Remote Usage
		Usr 0 00:00:00, Sys 0 00:00:00  -  Total Local Usage
	309406  -  Run Bytes Sent By Job
	10695  -  Run Bytes Received By Job
	309406  -  Total Bytes Sent By Job
	10695  -  Total Bytes Received By Job
	Partitionable Resources :    Usage  Request Allocated 
	   Cpus                 :     0.90        1         1 
	   Disk (KB)            :   335          12      3722 
	   GPUs                 :                           0 
	   Memory (MB)          :  1208        2000      2000 

	Job terminated of its own accord at 2024-10-30T13:17:05Z with exit-code 0.
...
000 (7418272.000.000) 10/30 14:43:14 Job submitted from host: <137.138.55.115:9618?addrs=137.138.55.115-9618+[2001-1458-d00-17--12a]-9618&alias=bigbird23.cern.ch&noUDP&sock=schedd_4975_03c1>
...
040 (7418272.000.000) 10/30 14:58:11 Started transferring input files
	Transferring to host: <128.142.248.65:9618?addrs=128.142.248.65-9618+[2001-1458-301-73--100-131]-9618&alias=b9g23p4661.cern.ch&noUDP&sock=slot1_7_8448_2151_67419>
...
040 (7418272.000.000) 10/30 14:58:11 Finished transferring input files
...
001 (7418272.000.000) 10/30 14:58:12 Job executing on host: <128.142.248.65:9618?addrs=128.142.248.65-9618+[2001-1458-301-73--100-131]-9618&alias=b9g23p4661.cern.ch&noUDP&sock=startd_7840_2a97>
	SlotName: slot1_7@b9g23p4661.cern.ch
	CondorScratchDir = "/pool/condor/dir_2688413"
	Cpus = 1
	Disk = 2790571
	Memory = 2000
...
006 (7418272.000.000) 10/30 14:58:21 Image size of job updated: 314848
	308  -  MemoryUsage of job (MB)
	314660  -  ResidentSetSize of job (KB)
...
006 (7418272.000.000) 10/30 15:03:22 Image size of job updated: 1288392
	1252  -  MemoryUsage of job (MB)
	1281880  -  ResidentSetSize of job (KB)
...
006 (7418272.000.000) 10/30 15:08:23 Image size of job updated: 1335240
	1299  -  MemoryUsage of job (MB)
	1329508  -  ResidentSetSize of job (KB)
...
006 (7418272.000.000) 10/30 15:13:23 Image size of job updated: 1385880
	1352  -  MemoryUsage of job (MB)
	1383668  -  ResidentSetSize of job (KB)
...
006 (7418272.000.000) 10/30 15:18:23 Image size of job updated: 1427812
	1394  -  MemoryUsage of job (MB)
	1426904  -  ResidentSetSize of job (KB)
...
006 (7418272.000.000) 10/30 15:23:24 Image size of job updated: 1440876
	1394  -  MemoryUsage of job (MB)
	1426904  -  ResidentSetSize of job (KB)
...
040 (7418272.000.000) 10/30 15:50:20 Started transferring output files
...
040 (7418272.000.000) 10/30 15:50:21 Finished transferring output files
...
005 (7418272.000.000) 10/30 15:50:21 Job terminated.
	(1) Normal termination (return value 1)
		Usr 0 00:43:41, Sys 0 00:00:56  -  Run Remote Usage
		Usr 0 00:00:00, Sys 0 00:00:00  -  Run Local Usage
		Usr 0 00:43:41, Sys 0 00:00:56  -  Total Remote Usage
		Usr 0 00:00:00, Sys 0 00:00:00  -  Total Local Usage
	257786  -  Run Bytes Sent By Job
	10699  -  Run Bytes Received By Job
	257786  -  Total Bytes Sent By Job
	10699  -  Total Bytes Received By Job
	Partitionable Resources :    Usage  Request Allocated 
	   Cpus                 :     0.94        1         1 
	   Disk (KB)            :   284          12   2790571 
	   Memory (MB)          :  1394        2000      2000 

	Job terminated of its own accord at 2024-10-30T14:50:20Z with exit-code 1.
...
000 (7419525.000.000) 10/30 16:02:21 Job submitted from host: <137.138.55.115:9618?addrs=137.138.55.115-9618+[2001-1458-d00-17--12a]-9618&alias=bigbird23.cern.ch&noUDP&sock=schedd_4975_03c1>
...
040 (7419525.000.000) 10/30 16:24:30 Started transferring input files
	Transferring to host: <188.185.196.107:9618?addrs=188.185.196.107-9618+[2001-1458-303-23--100-67]-9618&alias=b9p16p2482.cern.ch&noUDP&sock=slot1_17_2239324_162e_72899>
...
040 (7419525.000.000) 10/30 16:24:31 Finished transferring input files
...
001 (7419525.000.000) 10/30 16:24:32 Job executing on host: <188.185.196.107:9618?addrs=188.185.196.107-9618+[2001-1458-303-23--100-67]-9618&alias=b9p16p2482.cern.ch&noUDP&sock=startd_166181_ec10>
	SlotName: slot1_17@b9p16p2482.cern.ch
	CondorScratchDir = "/pool/condor/dir_2264120"
	Cpus = 1
	Disk = 2988044
	Memory = 2000
...
006 (7419525.000.000) 10/30 16:24:41 Image size of job updated: 1
	0  -  MemoryUsage of job (MB)
	0  -  ResidentSetSize of job (KB)
...
006 (7419525.000.000) 10/30 16:29:42 Image size of job updated: 1315608
	1278  -  MemoryUsage of job (MB)
	1307792  -  ResidentSetSize of job (KB)
...
006 (7419525.000.000) 10/30 16:30:24 Image size of job updated: 1329160
	1278  -  MemoryUsage of job (MB)
	1307792  -  ResidentSetSize of job (KB)
...
040 (7419525.000.000) 10/30 16:30:24 Started transferring output files
...
040 (7419525.000.000) 10/30 16:30:24 Finished transferring output files
...
005 (7419525.000.000) 10/30 16:30:24 Job terminated.
	(1) Normal termination (return value 1)
		Usr 0 00:03:41, Sys 0 00:00:12  -  Run Remote Usage
		Usr 0 00:00:00, Sys 0 00:00:00  -  Run Local Usage
		Usr 0 00:03:41, Sys 0 00:00:12  -  Total Remote Usage
		Usr 0 00:00:00, Sys 0 00:00:00  -  Total Local Usage
	209886  -  Run Bytes Sent By Job
	10699  -  Run Bytes Received By Job
	209886  -  Total Bytes Sent By Job
	10699  -  Total Bytes Received By Job
	Partitionable Resources :    Usage  Request Allocated 
	   Cpus                 :        0        1         1 
	   Disk (KB)            :      237       12   2988044 
	   Memory (MB)          :     1278     2000      2000 

	Job terminated of its own accord at 2024-10-30T15:30:24Z with exit-code 1.
...
000 (7420572.000.000) 10/30 17:53:00 Job submitted from host: <137.138.55.115:9618?addrs=137.138.55.115-9618+[2001-1458-d00-17--12a]-9618&alias=bigbird23.cern.ch&noUDP&sock=schedd_4975_03c1>
...
040 (7420572.000.000) 10/30 17:55:32 Started transferring input files
	Transferring to host: <188.185.196.84:9618?addrs=188.185.196.84-9618+[2001-1458-303-23--100-50]-9618&alias=b9p16p0283.cern.ch&noUDP&sock=slot1_24_80527_4e64_57454>
...
040 (7420572.000.000) 10/30 17:55:32 Finished transferring input files
...
001 (7420572.000.000) 10/30 17:55:33 Job executing on host: <188.185.196.84:9618?addrs=188.185.196.84-9618+[2001-1458-303-23--100-50]-9618&alias=b9p16p0283.cern.ch&noUDP&sock=startd_175240_a483>
	SlotName: slot1_24@b9p16p0283.cern.ch
	CondorScratchDir = "/pool/condor/dir_3714210"
	Cpus = 1
	Disk = 2879971
	Memory = 2000
...
006 (7420572.000.000) 10/30 17:55:42 Image size of job updated: 487080
	476  -  MemoryUsage of job (MB)
	486768  -  ResidentSetSize of job (KB)
...
006 (7420572.000.000) 10/30 18:00:43 Image size of job updated: 1437688
	1404  -  MemoryUsage of job (MB)
	1437688  -  ResidentSetSize of job (KB)
...
006 (7420572.000.000) 10/30 18:05:43 Image size of job updated: 1749044
	1709  -  MemoryUsage of job (MB)
	1749044  -  ResidentSetSize of job (KB)
...
006 (7420572.000.000) 10/30 18:10:44 Image size of job updated: 1812972
	1771  -  MemoryUsage of job (MB)
	1812972  -  ResidentSetSize of job (KB)
...
006 (7420572.000.000) 10/30 18:15:44 Image size of job updated: 1830772
	1771  -  MemoryUsage of job (MB)
	1812972  -  ResidentSetSize of job (KB)
...
006 (7420572.000.000) 10/30 18:25:45 Image size of job updated: 2147940
	2098  -  MemoryUsage of job (MB)
	2147940  -  ResidentSetSize of job (KB)
...
006 (7420572.000.000) 10/30 18:30:46 Image size of job updated: 2225804
	2098  -  MemoryUsage of job (MB)
	2147940  -  ResidentSetSize of job (KB)
...
006 (7420572.000.000) 10/30 18:40:47 Image size of job updated: 2225804
	2137  -  MemoryUsage of job (MB)
	2187904  -  ResidentSetSize of job (KB)
...
006 (7420572.000.000) 10/30 18:45:48 Image size of job updated: 2257284
	2137  -  MemoryUsage of job (MB)
	2187904  -  ResidentSetSize of job (KB)
...
006 (7420572.000.000) 10/30 18:50:48 Image size of job updated: 2257284
	2144  -  MemoryUsage of job (MB)
	2195108  -  ResidentSetSize of job (KB)
...
006 (7420572.000.000) 10/30 18:55:48 Image size of job updated: 2406684
	2350  -  MemoryUsage of job (MB)
	2406236  -  ResidentSetSize of job (KB)
...
006 (7420572.000.000) 10/30 19:00:49 Image size of job updated: 2586480
	2350  -  MemoryUsage of job (MB)
	2406236  -  ResidentSetSize of job (KB)
...
000 (7421018.000.000) 10/30 19:01:31 Job submitted from host: <137.138.55.115:9618?addrs=137.138.55.115-9618+[2001-1458-d00-17--12a]-9618&alias=bigbird23.cern.ch&noUDP&sock=schedd_4975_03c1>
...
040 (7421018.000.000) 10/30 19:05:36 Started transferring input files
	Transferring to host: <188.185.208.45:9618?addrs=188.185.208.45-9618+[2001-1458-303-f--100-2a]-9618&alias=b9p09p3305.cern.ch&noUDP&sock=slot1_31_5063_1767_78438>
...
040 (7421018.000.000) 10/30 19:05:36 Finished transferring input files
...
001 (7421018.000.000) 10/30 19:05:37 Job executing on host: <188.185.208.45:9618?addrs=188.185.208.45-9618+[2001-1458-303-f--100-2a]-9618&alias=b9p09p3305.cern.ch&noUDP&sock=startd_4217_16f7>
	SlotName: slot1_31@b9p09p3305.cern.ch
	CondorScratchDir = "/pool/condor/dir_2765753"
	Cpus = 1
	Disk = 2576651
	Memory = 2000
...
006 (7421018.000.000) 10/30 19:05:46 Image size of job updated: 489244
	478  -  MemoryUsage of job (MB)
	488716  -  ResidentSetSize of job (KB)
...
006 (7421018.000.000) 10/30 19:09:43 Image size of job updated: 1346484
	716  -  MemoryUsage of job (MB)
	732912  -  ResidentSetSize of job (KB)
...
040 (7421018.000.000) 10/30 19:09:43 Started transferring output files
...
040 (7421018.000.000) 10/30 19:09:44 Finished transferring output files
...
005 (7421018.000.000) 10/30 19:09:44 Job terminated.
	(1) Normal termination (return value 1)
		Usr 0 00:02:02, Sys 0 00:00:10  -  Run Remote Usage
		Usr 0 00:00:00, Sys 0 00:00:00  -  Run Local Usage
		Usr 0 00:02:02, Sys 0 00:00:10  -  Total Remote Usage
		Usr 0 00:00:00, Sys 0 00:00:00  -  Total Local Usage
	209878  -  Run Bytes Sent By Job
	10699  -  Run Bytes Received By Job
	209878  -  Total Bytes Sent By Job
	10699  -  Total Bytes Received By Job
	Partitionable Resources :    Usage  Request Allocated 
	   Cpus                 :     0.17        1         1 
	   Disk (KB)            :   241          12   2576651 
	   Memory (MB)          :   716        2000      2000 

	Job terminated of its own accord at 2024-10-30T18:09:43Z with exit-code 1.
...
006 (7420572.000.000) 10/30 19:10:49 Image size of job updated: 2586480
	2419  -  MemoryUsage of job (MB)
	2476792  -  ResidentSetSize of job (KB)
...
006 (7420572.000.000) 10/30 19:15:49 Image size of job updated: 2586480
	2485  -  MemoryUsage of job (MB)
	2544208  -  ResidentSetSize of job (KB)
...
006 (7420572.000.000) 10/30 19:20:50 Image size of job updated: 2603788
	2543  -  MemoryUsage of job (MB)
	2603788  -  ResidentSetSize of job (KB)
...
006 (7420572.000.000) 10/30 19:25:51 Image size of job updated: 2700176
	2637  -  MemoryUsage of job (MB)
	2699792  -  ResidentSetSize of job (KB)
...
006 (7420572.000.000) 10/30 19:30:51 Image size of job updated: 2858968
	2637  -  MemoryUsage of job (MB)
	2699792  -  ResidentSetSize of job (KB)
...
006 (7420572.000.000) 10/30 19:40:53 Image size of job updated: 2858968
	2641  -  MemoryUsage of job (MB)
	2703992  -  ResidentSetSize of job (KB)
...
000 (7421453.000.000) 10/30 20:32:16 Job submitted from host: <137.138.55.115:9618?addrs=137.138.55.115-9618+[2001-1458-d00-17--12a]-9618&alias=bigbird23.cern.ch&noUDP&sock=schedd_4975_03c1>
...
040 (7421453.000.000) 10/30 20:44:24 Started transferring input files
	Transferring to host: <188.185.210.148:9618?addrs=188.185.210.148-9618+[2001-1458-303-15--100-10]-9618&alias=b9p22p2244.cern.ch&noUDP&sock=slot1_6_5528_b9da_85650>
...
040 (7421453.000.000) 10/30 20:44:24 Finished transferring input files
...
001 (7421453.000.000) 10/30 20:44:25 Job executing on host: <188.185.210.148:9618?addrs=188.185.210.148-9618+[2001-1458-303-15--100-10]-9618&alias=b9p22p2244.cern.ch&noUDP&sock=startd_4707_305f>
	SlotName: slot1_6@b9p22p2244.cern.ch
	CondorScratchDir = "/pool/condor/dir_1906057"
	Cpus = 1
	Disk = 2889784
	Memory = 2000
...
006 (7421453.000.000) 10/30 20:44:34 Image size of job updated: 483520
	473  -  MemoryUsage of job (MB)
	483520  -  ResidentSetSize of job (KB)
...
006 (7421453.000.000) 10/30 20:45:09 Image size of job updated: 744348
	473  -  MemoryUsage of job (MB)
	483520  -  ResidentSetSize of job (KB)
...
040 (7421453.000.000) 10/30 20:45:09 Started transferring output files
...
040 (7421453.000.000) 10/30 20:45:10 Finished transferring output files
...
005 (7421453.000.000) 10/30 20:45:10 Job terminated.
	(1) Normal termination (return value 1)
		Usr 0 00:00:07, Sys 0 00:00:05  -  Run Remote Usage
		Usr 0 00:00:00, Sys 0 00:00:00  -  Run Local Usage
		Usr 0 00:00:07, Sys 0 00:00:05  -  Total Remote Usage
		Usr 0 00:00:00, Sys 0 00:00:00  -  Total Local Usage
	6219  -  Run Bytes Sent By Job
	10709  -  Run Bytes Received By Job
	6219  -  Total Bytes Sent By Job
	10709  -  Total Bytes Received By Job
	Partitionable Resources :    Usage  Request Allocated 
	   Cpus                 :                 1         1 
	   Disk (KB)            :       31       12   2889784 
	   Memory (MB)          :      473     2000      2000 

	Job terminated of its own accord at 2024-10-30T19:45:09Z with exit-code 1.
...
000 (7421487.000.000) 10/30 21:14:07 Job submitted from host: <137.138.55.115:9618?addrs=137.138.55.115-9618+[2001-1458-d00-17--12a]-9618&alias=bigbird23.cern.ch&noUDP&sock=schedd_4975_03c1>
...
040 (7421487.000.000) 10/30 21:18:08 Started transferring input files
	Transferring to host: <188.185.210.218:9618?addrs=188.185.210.218-9618+[2001-1458-303-15--100-56]-9618&alias=b9p22p6817.cern.ch&noUDP&sock=slot1_10_203202_f100_77106>
...
040 (7421487.000.000) 10/30 21:18:09 Finished transferring input files
...
001 (7421487.000.000) 10/30 21:18:09 Job executing on host: <188.185.210.218:9618?addrs=188.185.210.218-9618+[2001-1458-303-15--100-56]-9618&alias=b9p22p6817.cern.ch&noUDP&sock=startd_192282_0982>
	SlotName: slot1_10@b9p22p6817.cern.ch
	CondorScratchDir = "/pool/condor/dir_2167417"
	Cpus = 1
	Disk = 2858585
	Memory = 2000
...
006 (7421487.000.000) 10/30 21:18:18 Image size of job updated: 378268
	370  -  MemoryUsage of job (MB)
	378268  -  ResidentSetSize of job (KB)
...
006 (7421487.000.000) 10/30 21:22:39 Image size of job updated: 1287624
	688  -  MemoryUsage of job (MB)
	704124  -  ResidentSetSize of job (KB)
...
040 (7421487.000.000) 10/30 21:22:39 Started transferring output files
...
040 (7421487.000.000) 10/30 21:22:39 Finished transferring output files
...
005 (7421487.000.000) 10/30 21:22:39 Job terminated.
	(1) Normal termination (return value 1)
		Usr 0 00:02:42, Sys 0 00:00:14  -  Run Remote Usage
		Usr 0 00:00:00, Sys 0 00:00:00  -  Run Local Usage
		Usr 0 00:02:42, Sys 0 00:00:14  -  Total Remote Usage
		Usr 0 00:00:00, Sys 0 00:00:00  -  Total Local Usage
	230702  -  Run Bytes Sent By Job
	10706  -  Run Bytes Received By Job
	230702  -  Total Bytes Sent By Job
	10706  -  Total Bytes Received By Job
	Partitionable Resources :    Usage  Request Allocated 
	   Cpus                 :        0        1         1 
	   Disk (KB)            :      258       12   2858585 
	   Memory (MB)          :      688     2000      2000 

	Job terminated of its own accord at 2024-10-30T20:22:39Z with exit-code 1.
...
000 (7421552.000.000) 10/30 23:04:21 Job submitted from host: <137.138.55.115:9618?addrs=137.138.55.115-9618+[2001-1458-d00-17--12a]-9618&alias=bigbird23.cern.ch&noUDP&sock=schedd_4975_03c1>
...
040 (7421552.000.000) 10/30 23:05:24 Started transferring input files
	Transferring to host: <188.185.195.163:9618?addrs=188.185.195.163-9618+[2001-1458-303-22--100-9f]-9618&alias=b9p17p3376.cern.ch&noUDP&sock=slot1_1_8635_e378_14146>
...
040 (7421552.000.000) 10/30 23:05:24 Finished transferring input files
...
001 (7421552.000.000) 10/30 23:05:25 Job executing on host: <188.185.195.163:9618?addrs=188.185.195.163-9618+[2001-1458-303-22--100-9f]-9618&alias=b9p17p3376.cern.ch&noUDP&sock=startd_7260_55a9>
	SlotName: slot1_1@b9p17p3376.cern.ch
	CondorScratchDir = "/pool/condor/dir_3535749"
	Cpus = 1
	Disk = 3702
	GPUs = 0
	Memory = 2000
...
006 (7421552.000.000) 10/30 23:05:34 Image size of job updated: 165176
	162  -  MemoryUsage of job (MB)
	165176  -  ResidentSetSize of job (KB)
...
006 (7421552.000.000) 10/30 23:10:35 Image size of job updated: 1190716
	1163  -  MemoryUsage of job (MB)
	1190716  -  ResidentSetSize of job (KB)
...
006 (7421552.000.000) 10/30 23:15:36 Image size of job updated: 1194008
	1167  -  MemoryUsage of job (MB)
	1194008  -  ResidentSetSize of job (KB)
...
006 (7421552.000.000) 10/30 23:20:36 Image size of job updated: 1198236
	1171  -  MemoryUsage of job (MB)
	1198236  -  ResidentSetSize of job (KB)
...
006 (7421552.000.000) 10/30 23:35:38 Image size of job updated: 1199360
	1172  -  MemoryUsage of job (MB)
	1199360  -  ResidentSetSize of job (KB)
...
006 (7421552.000.000) 10/30 23:40:38 Image size of job updated: 1201184
	1174  -  MemoryUsage of job (MB)
	1201184  -  ResidentSetSize of job (KB)
...
040 (7421552.000.000) 10/31 01:25:36 Started transferring output files
...
040 (7421552.000.000) 10/31 01:25:37 Finished transferring output files
...
005 (7421552.000.000) 10/31 01:25:38 Job terminated.
	(1) Normal termination (return value 0)
		Usr 0 01:51:13, Sys 0 00:03:20  -  Run Remote Usage
		Usr 0 00:00:00, Sys 0 00:00:00  -  Run Local Usage
		Usr 0 01:51:13, Sys 0 00:03:20  -  Total Remote Usage
		Usr 0 00:00:00, Sys 0 00:00:00  -  Total Local Usage
	925235  -  Run Bytes Sent By Job
	10702  -  Run Bytes Received By Job
	925235  -  Total Bytes Sent By Job
	10702  -  Total Bytes Received By Job
	Partitionable Resources :    Usage  Request Allocated 
	   Cpus                 :     0.81        1         1 
	   Disk (KB)            :   937          12      3702 
	   GPUs                 :                           0 
	   Memory (MB)          :  1174        2000      2000 

	Job terminated of its own accord at 2024-10-31T00:25:36Z with exit-code 0.
...
006 (7420572.000.000) 10/31 02:06:31 Image size of job updated: 2858968
	2676  -  MemoryUsage of job (MB)
	2739764  -  ResidentSetSize of job (KB)
...
006 (7420572.000.000) 10/31 07:52:06 Image size of job updated: 2858968
	2680  -  MemoryUsage of job (MB)
	2743420  -  ResidentSetSize of job (KB)
...
006 (7420572.000.000) 10/31 07:57:07 Image size of job updated: 2858968
	2680  -  MemoryUsage of job (MB)
	2743512  -  ResidentSetSize of job (KB)
...
006 (7420572.000.000) 10/31 09:32:15 Image size of job updated: 2858968
	2687  -  MemoryUsage of job (MB)
	2750736  -  ResidentSetSize of job (KB)
...
006 (7420572.000.000) 10/31 09:37:16 Image size of job updated: 2858968
	2717  -  MemoryUsage of job (MB)
	2781944  -  ResidentSetSize of job (KB)
...
006 (7420572.000.000) 10/31 09:42:16 Image size of job updated: 2965484
	2896  -  MemoryUsage of job (MB)
	2965116  -  ResidentSetSize of job (KB)
...
006 (7420572.000.000) 10/31 09:47:17 Image size of job updated: 2977828
	2896  -  MemoryUsage of job (MB)
	2965116  -  ResidentSetSize of job (KB)
...
006 (7420572.000.000) 10/31 10:12:19 Image size of job updated: 2977828
	2906  -  MemoryUsage of job (MB)
	2975136  -  ResidentSetSize of job (KB)
...
006 (7420572.000.000) 10/31 10:17:20 Image size of job updated: 3137704
	2906  -  MemoryUsage of job (MB)
	2975136  -  ResidentSetSize of job (KB)
...
000 (7422352.000.000) 10/31 10:30:54 Job submitted from host: <137.138.55.115:9618?addrs=137.138.55.115-9618+[2001-1458-d00-17--12a]-9618&alias=bigbird23.cern.ch&noUDP&sock=schedd_4975_03c1>
...
000 (7422353.000.000) 10/31 10:31:07 Job submitted from host: <137.138.55.115:9618?addrs=137.138.55.115-9618+[2001-1458-d00-17--12a]-9618&alias=bigbird23.cern.ch&noUDP&sock=schedd_4975_03c1>
...
009 (7422352.000.000) 10/31 10:31:22 Job was aborted.
	via condor_rm (by user fsalerno)
...
006 (7420572.000.000) 10/31 10:32:21 Image size of job updated: 3137704
	2933  -  MemoryUsage of job (MB)
	3002960  -  ResidentSetSize of job (KB)
...
006 (7420572.000.000) 10/31 10:37:22 Image size of job updated: 3137704
	2977  -  MemoryUsage of job (MB)
	3048112  -  ResidentSetSize of job (KB)
...
040 (7422353.000.000) 10/31 10:39:40 Started transferring input files
	Transferring to host: <128.142.161.123:9618?addrs=128.142.161.123-9618+[2001-1458-301-b8--100-39]-9618&alias=b9g03p5548.cern.ch&noUDP&sock=slot1_6_2404496_b3eb_1473>
...
040 (7422353.000.000) 10/31 10:39:40 Finished transferring input files
...
001 (7422353.000.000) 10/31 10:39:41 Job executing on host: <128.142.161.123:9618?addrs=128.142.161.123-9618+[2001-1458-301-b8--100-39]-9618&alias=b9g03p5548.cern.ch&noUDP&sock=startd_3192_0664>
	SlotName: slot1_6@b9g03p5548.cern.ch
	CondorScratchDir = "/pool/condor/dir_3420057"
	Cpus = 1
	Disk = 3879
	GPUs = 0
	Memory = 2000
...
006 (7422353.000.000) 10/31 10:39:50 Image size of job updated: 54320
	54  -  MemoryUsage of job (MB)
	54320  -  ResidentSetSize of job (KB)
...
006 (7420572.000.000) 10/31 10:42:22 Image size of job updated: 3137704
	2999  -  MemoryUsage of job (MB)
	3070056  -  ResidentSetSize of job (KB)
...
006 (7422353.000.000) 10/31 10:44:51 Image size of job updated: 626528
	612  -  MemoryUsage of job (MB)
	626528  -  ResidentSetSize of job (KB)
...
006 (7420572.000.000) 10/31 10:47:23 Image size of job updated: 3150884
	3078  -  MemoryUsage of job (MB)
	3150880  -  ResidentSetSize of job (KB)
...
006 (7420572.000.000) 10/31 10:52:23 Image size of job updated: 3306116
	3078  -  MemoryUsage of job (MB)
	3150880  -  ResidentSetSize of job (KB)
...
006 (7420572.000.000) 10/31 11:07:24 Image size of job updated: 3306116
	3118  -  MemoryUsage of job (MB)
	3192500  -  ResidentSetSize of job (KB)
...
006 (7420572.000.000) 10/31 11:22:26 Image size of job updated: 3306116
	3171  -  MemoryUsage of job (MB)
	3246644  -  ResidentSetSize of job (KB)
...
006 (7420572.000.000) 10/31 11:27:26 Image size of job updated: 3317616
	3171  -  MemoryUsage of job (MB)
	3246644  -  ResidentSetSize of job (KB)
...
040 (7422353.000.000) 10/31 12:30:06 Started transferring input files
	Transferring to host: <188.185.195.56:9618?addrs=188.185.195.56-9618+[2001-1458-303-22--100-34]-9618&alias=b9p17p4909.cern.ch&noUDP&sock=slot1_23_1872585_48cd_60222>
...
040 (7422353.000.000) 10/31 12:30:06 Finished transferring input files
...
040 (7420572.000.000) 10/31 12:30:06 Started transferring input files
	Transferring to host: <128.142.161.104:9618?addrs=128.142.161.104-9618+[2001-1458-301-b8--100-26]-9618&alias=b9g03p6832.cern.ch&noUDP&sock=slot1_11_6344_abfb_219>
...
040 (7420572.000.000) 10/31 12:30:06 Finished transferring input files
...
001 (7422353.000.000) 10/31 12:30:07 Job executing on host: <188.185.195.56:9618?addrs=188.185.195.56-9618+[2001-1458-303-22--100-34]-9618&alias=b9p17p4909.cern.ch&noUDP&sock=startd_127830_5376>
	SlotName: slot1_23@b9p17p4909.cern.ch
	CondorScratchDir = "/pool/condor/dir_3839275"
	Cpus = 1
	Disk = 2931374
	Memory = 2000
...
001 (7420572.000.000) 10/31 12:30:07 Job executing on host: <128.142.161.104:9618?addrs=128.142.161.104-9618+[2001-1458-301-b8--100-26]-9618&alias=b9g03p6832.cern.ch&noUDP&sock=startd_5597_a7a9>
	SlotName: slot1_11@b9g03p6832.cern.ch
	CondorScratchDir = "/pool/condor/dir_1290785"
	Cpus = 1
	Disk = 3930
	GPUs = 0
	Memory = 2000
...
006 (7422353.000.000) 10/31 12:35:17 Image size of job updated: 1325308
	1295  -  MemoryUsage of job (MB)
	1325064  -  ResidentSetSize of job (KB)
...
006 (7422353.000.000) 10/31 12:40:17 Image size of job updated: 1369888
	1338  -  MemoryUsage of job (MB)
	1369220  -  ResidentSetSize of job (KB)
...
006 (7422353.000.000) 10/31 12:45:18 Image size of job updated: 1415516
	1383  -  MemoryUsage of job (MB)
	1415472  -  ResidentSetSize of job (KB)
...
006 (7422353.000.000) 10/31 12:50:19 Image size of job updated: 1436320
	1383  -  MemoryUsage of job (MB)
	1415472  -  ResidentSetSize of job (KB)
...
006 (7422353.000.000) 10/31 13:52:40 Image size of job updated: 1442736
	1409  -  MemoryUsage of job (MB)
	1441828  -  ResidentSetSize of job (KB)
...
040 (7422353.000.000) 10/31 14:43:56 Started transferring input files
	Transferring to host: <188.185.195.104:9618?addrs=188.185.195.104-9618+[2001-1458-303-22--100-64]-9618&alias=b9p17p4322.cern.ch&noUDP&sock=slot1_16_2595117_7113_72521>
...
040 (7420572.000.000) 10/31 14:43:56 Started transferring input files
	Transferring to host: <128.142.248.224:9618?addrs=128.142.248.224-9618+[2001-1458-301-73--100-df]-9618&alias=b9g23p0563.cern.ch&noUDP&sock=slot1_24_8014_567f_84334>
...
040 (7420572.000.000) 10/31 14:43:56 Finished transferring input files
...
040 (7422353.000.000) 10/31 14:43:56 Finished transferring input files
...
001 (7422353.000.000) 10/31 14:43:57 Job executing on host: <188.185.195.104:9618?addrs=188.185.195.104-9618+[2001-1458-303-22--100-64]-9618&alias=b9p17p4322.cern.ch&noUDP&sock=startd_127965_ecbf>
	SlotName: slot1_16@b9p17p4322.cern.ch
	CondorScratchDir = "/pool/condor/dir_2296347"
	Cpus = 1
	Disk = 2898396
	Memory = 2000
...
001 (7420572.000.000) 10/31 14:43:57 Job executing on host: <128.142.248.224:9618?addrs=128.142.248.224-9618+[2001-1458-301-73--100-df]-9618&alias=b9g23p0563.cern.ch&noUDP&sock=startd_6731_7c0f>
	SlotName: slot1_24@b9g23p0563.cern.ch
	CondorScratchDir = "/pool/condor/dir_3116888"
	Cpus = 1
	Disk = 2945672
	Memory = 2000
...
040 (7422353.000.000) 10/31 16:05:55 Started transferring output files
...
040 (7422353.000.000) 10/31 16:05:56 Finished transferring output files
...
005 (7422353.000.000) 10/31 16:05:56 Job terminated.
	(1) Normal termination (return value 0)
		Usr 0 01:08:38, Sys 0 00:00:50  -  Run Remote Usage
		Usr 0 00:00:00, Sys 0 00:00:00  -  Run Local Usage
		Usr 0 01:59:39, Sys 0 00:01:48  -  Total Remote Usage
		Usr 0 00:00:00, Sys 0 00:00:00  -  Total Local Usage
	387451  -  Run Bytes Sent By Job
	10706  -  Run Bytes Received By Job
	387451  -  Total Bytes Sent By Job
	32118  -  Total Bytes Received By Job
	Partitionable Resources :    Usage  Request Allocated 
	   Cpus                 :     0.90        1         1 
	   Disk (KB)            :   413         200   2898396 
	   Memory (MB)          :  1465        2000      2000 

	Job terminated of its own accord at 2024-10-31T15:05:55Z with exit-code 0.
...
040 (7420572.000.000) 10/31 16:27:30 Started transferring output files
...
040 (7420572.000.000) 10/31 16:27:30 Finished transferring output files
...
005 (7420572.000.000) 10/31 16:27:30 Job terminated.
	(1) Normal termination (return value 0)
		Usr 0 01:25:30, Sys 0 00:01:55  -  Run Remote Usage
		Usr 0 00:00:00, Sys 0 00:00:00  -  Run Local Usage
		Usr 0 18:34:01, Sys 0 00:09:01  -  Total Remote Usage
		Usr 0 00:00:00, Sys 0 00:00:00  -  Total Local Usage
	387305  -  Run Bytes Sent By Job
	10706  -  Run Bytes Received By Job
	387305  -  Total Bytes Sent By Job
	32121  -  Total Bytes Received By Job
	Partitionable Resources :    Usage  Request Allocated 
	   Cpus                 :     0.77        1         1 
	   Disk (KB)            :   412         225   2945672 
	   Memory (MB)          :  3174        2000      2000 

	Job terminated of its own accord at 2024-10-31T15:27:30Z with exit-code 0.
...
000 (7429718.000.000) 11/01 16:00:13 Job submitted from host: <137.138.55.115:9618?addrs=137.138.55.115-9618+[2001-1458-d00-17--12a]-9618&alias=bigbird23.cern.ch&noUDP&sock=schedd_4975_03c1>
...
040 (7429718.000.000) 11/01 16:05:30 Started transferring input files
	Transferring to host: <188.185.193.116:9618?addrs=188.185.193.116-9618+[2001-1458-303-20--100-70]-9618&alias=b9p19p3501.cern.ch&noUDP&sock=slot1_5_6053_a2cf_16816>
...
040 (7429718.000.000) 11/01 16:05:30 Finished transferring input files
...
001 (7429718.000.000) 11/01 16:05:31 Job executing on host: <188.185.193.116:9618?addrs=188.185.193.116-9618+[2001-1458-303-20--100-70]-9618&alias=b9p19p3501.cern.ch&noUDP&sock=startd_4725_8914>
	SlotName: slot1_5@b9p19p3501.cern.ch
	CondorScratchDir = "/pool/condor/dir_552300"
	Cpus = 1
	Disk = 3909
	GPUs = 0
	Memory = 2000
...
006 (7429718.000.000) 11/01 16:05:39 Image size of job updated: 88436
	87  -  MemoryUsage of job (MB)
	88436  -  ResidentSetSize of job (KB)
...
006 (7429718.000.000) 11/01 16:10:39 Image size of job updated: 1190036
	1163  -  MemoryUsage of job (MB)
	1190036  -  ResidentSetSize of job (KB)
...
006 (7429718.000.000) 11/01 16:15:40 Image size of job updated: 1196384
	1169  -  MemoryUsage of job (MB)
	1196384  -  ResidentSetSize of job (KB)
...
006 (7429718.000.000) 11/01 16:20:40 Image size of job updated: 1202884
	1175  -  MemoryUsage of job (MB)
	1202884  -  ResidentSetSize of job (KB)
...
006 (7429718.000.000) 11/01 16:40:41 Image size of job updated: 1210516
	1183  -  MemoryUsage of job (MB)
	1210516  -  ResidentSetSize of job (KB)
...
040 (7429718.000.000) 11/01 18:42:33 Started transferring output files
...
040 (7429718.000.000) 11/01 18:42:34 Finished transferring output files
...
005 (7429718.000.000) 11/01 18:42:34 Job terminated.
	(1) Normal termination (return value 0)
		Usr 0 02:00:16, Sys 0 00:03:20  -  Run Remote Usage
		Usr 0 00:00:00, Sys 0 00:00:00  -  Run Local Usage
		Usr 0 02:00:16, Sys 0 00:03:20  -  Total Remote Usage
		Usr 0 00:00:00, Sys 0 00:00:00  -  Total Local Usage
	936095  -  Run Bytes Sent By Job
	10706  -  Run Bytes Received By Job
	936095  -  Total Bytes Sent By Job
	10706  -  Total Bytes Received By Job
	Partitionable Resources :    Usage  Request Allocated 
	   Cpus                 :     0.86        1         1 
	   Disk (KB)            :   947          12      3909 
	   GPUs                 :                           0 
	   Memory (MB)          :  1183        2000      2000 

	Job terminated of its own accord at 2024-11-01T17:42:33Z with exit-code 0.
...
000 (7429897.000.000) 11/01 20:53:52 Job submitted from host: <137.138.55.115:9618?addrs=137.138.55.115-9618+[2001-1458-d00-17--12a]-9618&alias=bigbird23.cern.ch&noUDP&sock=schedd_4975_03c1>
...
040 (7429897.000.000) 11/01 20:56:46 Started transferring input files
	Transferring to host: <128.142.192.146:9618?addrs=128.142.192.146-9618+[2001-1458-301-56--100-e]-9618&alias=b9g18p8549.cern.ch&noUDP&sock=slot1_4_2339164_660a_52433>
...
040 (7429897.000.000) 11/01 20:56:46 Finished transferring input files
...
001 (7429897.000.000) 11/01 20:56:47 Job executing on host: <128.142.192.146:9618?addrs=128.142.192.146-9618+[2001-1458-301-56--100-e]-9618&alias=b9g18p8549.cern.ch&noUDP&sock=startd_8239_d8e1>
	SlotName: slot1_4@b9g18p8549.cern.ch
	CondorScratchDir = "/pool/condor/dir_1239542"
	Cpus = 1
	Disk = 2807365
	Memory = 2000
...
006 (7429897.000.000) 11/01 20:56:55 Image size of job updated: 75900
	74  -  MemoryUsage of job (MB)
	75700  -  ResidentSetSize of job (KB)
...
006 (7429897.000.000) 11/01 21:01:55 Image size of job updated: 1287120
	1250  -  MemoryUsage of job (MB)
	1279892  -  ResidentSetSize of job (KB)
...
006 (7429897.000.000) 11/01 21:06:56 Image size of job updated: 1327780
	1292  -  MemoryUsage of job (MB)
	1322212  -  ResidentSetSize of job (KB)
...
006 (7429897.000.000) 11/01 21:11:56 Image size of job updated: 1373496
	1341  -  MemoryUsage of job (MB)
	1372180  -  ResidentSetSize of job (KB)
...
006 (7429897.000.000) 11/01 21:16:57 Image size of job updated: 1411716
	1376  -  MemoryUsage of job (MB)
	1408900  -  ResidentSetSize of job (KB)
...
006 (7429897.000.000) 11/01 21:21:58 Image size of job updated: 1455388
	1406  -  MemoryUsage of job (MB)
	1439628  -  ResidentSetSize of job (KB)
...
006 (7429897.000.000) 11/01 21:26:58 Image size of job updated: 1488076
	1451  -  MemoryUsage of job (MB)
	1485316  -  ResidentSetSize of job (KB)
...
006 (7429897.000.000) 11/01 21:31:59 Image size of job updated: 1535156
	1497  -  MemoryUsage of job (MB)
	1532204  -  ResidentSetSize of job (KB)
...
006 (7429897.000.000) 11/01 21:37:00 Image size of job updated: 1577092
	1524  -  MemoryUsage of job (MB)
	1559900  -  ResidentSetSize of job (KB)
...
006 (7429897.000.000) 11/01 21:42:00 Image size of job updated: 1632436
	1594  -  MemoryUsage of job (MB)
	1631400  -  ResidentSetSize of job (KB)
...
006 (7429897.000.000) 11/01 21:47:00 Image size of job updated: 1635796
	1594  -  MemoryUsage of job (MB)
	1631400  -  ResidentSetSize of job (KB)
...
006 (7429897.000.000) 11/01 22:42:10 Image size of job updated: 1694232
	1594  -  MemoryUsage of job (MB)
	1631400  -  ResidentSetSize of job (KB)
...
040 (7429897.000.000) 11/01 22:42:10 Started transferring output files
...
040 (7429897.000.000) 11/01 22:42:11 Finished transferring output files
...
005 (7429897.000.000) 11/01 22:42:11 Job terminated.
	(1) Normal termination (return value 0)
		Usr 0 01:31:18, Sys 0 00:01:26  -  Run Remote Usage
		Usr 0 00:00:00, Sys 0 00:00:00  -  Run Local Usage
		Usr 0 01:31:18, Sys 0 00:01:26  -  Total Remote Usage
		Usr 0 00:00:00, Sys 0 00:00:00  -  Total Local Usage
	391815  -  Run Bytes Sent By Job
	10706  -  Run Bytes Received By Job
	391815  -  Total Bytes Sent By Job
	10706  -  Total Bytes Received By Job
	Partitionable Resources :    Usage  Request Allocated 
	   Cpus                 :     0.93        1         1 
	   Disk (KB)            :   415          12   2807365 
	   Memory (MB)          :  1594        2000      2000 

	Job terminated of its own accord at 2024-11-01T21:42:10Z with exit-code 0.
...
000 (7429936.000.000) 11/01 22:51:52 Job submitted from host: <137.138.55.115:9618?addrs=137.138.55.115-9618+[2001-1458-d00-17--12a]-9618&alias=bigbird23.cern.ch&noUDP&sock=schedd_4975_03c1>
...
040 (7429936.000.000) 11/01 23:02:36 Started transferring input files
	Transferring to host: <128.142.161.87:9618?addrs=128.142.161.87-9618+[2001-1458-301-b8--100-15]-9618&alias=b9g03p9590.cern.ch&noUDP&sock=slot1_11_291003_b053_2800>
...
040 (7429936.000.000) 11/01 23:02:36 Finished transferring input files
...
001 (7429936.000.000) 11/01 23:02:37 Job executing on host: <128.142.161.87:9618?addrs=128.142.161.87-9618+[2001-1458-301-b8--100-15]-9618&alias=b9g03p9590.cern.ch&noUDP&sock=startd_2536_1044>
	SlotName: slot1_11@b9g03p9590.cern.ch
	CondorScratchDir = "/pool/condor/dir_2074154"
	Cpus = 1
	Disk = 3894
	GPUs = 0
	Memory = 2000
...
006 (7429936.000.000) 11/01 23:02:46 Image size of job updated: 411472
	402  -  MemoryUsage of job (MB)
	411472  -  ResidentSetSize of job (KB)
...
006 (7429936.000.000) 11/01 23:07:47 Image size of job updated: 1232584
	1204  -  MemoryUsage of job (MB)
	1232584  -  ResidentSetSize of job (KB)
...
006 (7429936.000.000) 11/01 23:12:47 Image size of job updated: 1234856
	1206  -  MemoryUsage of job (MB)
	1234856  -  ResidentSetSize of job (KB)
...
006 (7429936.000.000) 11/01 23:17:48 Image size of job updated: 1236316
	1208  -  MemoryUsage of job (MB)
	1236316  -  ResidentSetSize of job (KB)
...
006 (7429936.000.000) 11/01 23:22:49 Image size of job updated: 1237344
	1209  -  MemoryUsage of job (MB)
	1237344  -  ResidentSetSize of job (KB)
...
006 (7429936.000.000) 11/01 23:27:49 Image size of job updated: 1238376
	1210  -  MemoryUsage of job (MB)
	1238376  -  ResidentSetSize of job (KB)
...
006 (7429936.000.000) 11/01 23:32:49 Image size of job updated: 1239764
	1211  -  MemoryUsage of job (MB)
	1239764  -  ResidentSetSize of job (KB)
...
006 (7429936.000.000) 11/01 23:37:50 Image size of job updated: 1240068
	1212  -  MemoryUsage of job (MB)
	1240068  -  ResidentSetSize of job (KB)
...
040 (7429936.000.000) 11/02 01:06:14 Started transferring output files
...
040 (7429936.000.000) 11/02 01:06:14 Finished transferring output files
...
005 (7429936.000.000) 11/02 01:06:14 Job terminated.
	(1) Normal termination (return value 0)
		Usr 0 01:50:39, Sys 0 00:01:10  -  Run Remote Usage
		Usr 0 00:00:00, Sys 0 00:00:00  -  Run Local Usage
		Usr 0 01:50:39, Sys 0 00:01:10  -  Total Remote Usage
		Usr 0 00:00:00, Sys 0 00:00:00  -  Total Local Usage
	326838  -  Run Bytes Sent By Job
	10706  -  Run Bytes Received By Job
	326838  -  Total Bytes Sent By Job
	10706  -  Total Bytes Received By Job
	Partitionable Resources :    Usage  Request Allocated 
	   Cpus                 :     0.88        1         1 
	   Disk (KB)            :   352          12      3894 
	   GPUs                 :                           0 
	   Memory (MB)          :  1212        2000      2000 

	Job terminated of its own accord at 2024-11-02T00:06:14Z with exit-code 0.
...
000 (7430734.000.000) 11/02 10:03:30 Job submitted from host: <137.138.55.115:9618?addrs=137.138.55.115-9618+[2001-1458-d00-17--12a]-9618&alias=bigbird23.cern.ch&noUDP&sock=schedd_4975_03c1>
...
000 (7430736.000.000) 11/02 10:04:00 Job submitted from host: <137.138.55.115:9618?addrs=137.138.55.115-9618+[2001-1458-d00-17--12a]-9618&alias=bigbird23.cern.ch&noUDP&sock=schedd_4975_03c1>
...
009 (7430734.000.000) 11/02 10:04:18 Job was aborted.
	via condor_rm (by user fsalerno)
...
040 (7430736.000.000) 11/02 10:08:19 Started transferring input files
	Transferring to host: <188.184.185.81:9618?addrs=188.184.185.81-9618+[2001-1458-301-52--100-50]-9618&alias=b9g37p1852.cern.ch&noUDP&sock=slot1_10_4055258_dde3_5556>
...
040 (7430736.000.000) 11/02 10:08:19 Finished transferring input files
...
001 (7430736.000.000) 11/02 10:08:20 Job executing on host: <188.184.185.81:9618?addrs=188.184.185.81-9618+[2001-1458-301-52--100-50]-9618&alias=b9g37p1852.cern.ch&noUDP&sock=startd_8313_9ae3>
	SlotName: slot1_10@b9g37p1852.cern.ch
	CondorScratchDir = "/pool/condor/dir_3775335"
	Cpus = 1
	Disk = 2885496
	Memory = 2000
...
006 (7430736.000.000) 11/02 10:08:28 Image size of job updated: 88956
	87  -  MemoryUsage of job (MB)
	88956  -  ResidentSetSize of job (KB)
...
006 (7430736.000.000) 11/02 10:13:28 Image size of job updated: 1305352
	1275  -  MemoryUsage of job (MB)
	1305352  -  ResidentSetSize of job (KB)
...
006 (7430736.000.000) 11/02 10:18:29 Image size of job updated: 1342076
	1310  -  MemoryUsage of job (MB)
	1340908  -  ResidentSetSize of job (KB)
...
006 (7430736.000.000) 11/02 10:23:29 Image size of job updated: 1370648
	1338  -  MemoryUsage of job (MB)
	1369252  -  ResidentSetSize of job (KB)
...
006 (7430736.000.000) 11/02 10:28:29 Image size of job updated: 1398636
	1365  -  MemoryUsage of job (MB)
	1397180  -  ResidentSetSize of job (KB)
...
006 (7430736.000.000) 11/02 10:33:30 Image size of job updated: 1423340
	1389  -  MemoryUsage of job (MB)
	1421536  -  ResidentSetSize of job (KB)
...
006 (7430736.000.000) 11/02 10:38:31 Image size of job updated: 1448304
	1413  -  MemoryUsage of job (MB)
	1446372  -  ResidentSetSize of job (KB)
...
006 (7430736.000.000) 11/02 10:43:31 Image size of job updated: 1469576
	1435  -  MemoryUsage of job (MB)
	1469300  -  ResidentSetSize of job (KB)
...
006 (7430736.000.000) 11/02 10:48:31 Image size of job updated: 1494552
	1460  -  MemoryUsage of job (MB)
	1494280  -  ResidentSetSize of job (KB)
...
006 (7430736.000.000) 11/02 10:53:32 Image size of job updated: 1519924
	1484  -  MemoryUsage of job (MB)
	1518680  -  ResidentSetSize of job (KB)
...
006 (7430736.000.000) 11/02 10:58:32 Image size of job updated: 1543440
	1508  -  MemoryUsage of job (MB)
	1543440  -  ResidentSetSize of job (KB)
...
006 (7430736.000.000) 11/02 11:03:32 Image size of job updated: 1569348
	1531  -  MemoryUsage of job (MB)
	1567516  -  ResidentSetSize of job (KB)
...
006 (7430736.000.000) 11/02 11:08:33 Image size of job updated: 1594596
	1556  -  MemoryUsage of job (MB)
	1593272  -  ResidentSetSize of job (KB)
...
006 (7430736.000.000) 11/02 11:13:34 Image size of job updated: 1619316
	1580  -  MemoryUsage of job (MB)
	1617336  -  ResidentSetSize of job (KB)
...
006 (7430736.000.000) 11/02 11:18:34 Image size of job updated: 1642088
	1602  -  MemoryUsage of job (MB)
	1640312  -  ResidentSetSize of job (KB)
...
006 (7430736.000.000) 11/02 11:23:35 Image size of job updated: 1667040
	1627  -  MemoryUsage of job (MB)
	1665088  -  ResidentSetSize of job (KB)
...
006 (7430736.000.000) 11/02 11:28:36 Image size of job updated: 1694720
	1655  -  MemoryUsage of job (MB)
	1694052  -  ResidentSetSize of job (KB)
...
006 (7430736.000.000) 11/02 11:33:36 Image size of job updated: 1721584
	1680  -  MemoryUsage of job (MB)
	1719528  -  ResidentSetSize of job (KB)
...
006 (7430736.000.000) 11/02 11:38:36 Image size of job updated: 1744592
	1702  -  MemoryUsage of job (MB)
	1742656  -  ResidentSetSize of job (KB)
...
006 (7430736.000.000) 11/02 11:43:37 Image size of job updated: 1766988
	1726  -  MemoryUsage of job (MB)
	1766624  -  ResidentSetSize of job (KB)
...
006 (7430736.000.000) 11/02 11:48:37 Image size of job updated: 1778704
	1726  -  MemoryUsage of job (MB)
	1766624  -  ResidentSetSize of job (KB)
...
040 (7430736.000.000) 11/02 11:59:32 Started transferring output files
...
040 (7430736.000.000) 11/02 11:59:33 Finished transferring output files
...
005 (7430736.000.000) 11/02 11:59:33 Job terminated.
	(1) Normal termination (return value 0)
		Usr 0 01:43:45, Sys 0 00:01:05  -  Run Remote Usage
		Usr 0 00:00:00, Sys 0 00:00:00  -  Run Local Usage
		Usr 0 01:43:45, Sys 0 00:01:05  -  Total Remote Usage
		Usr 0 00:00:00, Sys 0 00:00:00  -  Total Local Usage
	165906  -  Run Bytes Sent By Job
	10700  -  Run Bytes Received By Job
	165906  -  Total Bytes Sent By Job
	10700  -  Total Bytes Received By Job
	Partitionable Resources :    Usage  Request Allocated 
	   Cpus                 :     0.96        1         1 
	   Disk (KB)            :   194          12   2885496 
	   Memory (MB)          :  1726        2000      2000 

	Job terminated of its own accord at 2024-11-02T10:59:32Z with exit-code 0.
...
000 (7430845.000.000) 11/02 12:20:15 Job submitted from host: <137.138.55.115:9618?addrs=137.138.55.115-9618+[2001-1458-d00-17--12a]-9618&alias=bigbird23.cern.ch&noUDP&sock=schedd_4975_03c1>
...
040 (7430845.000.000) 11/02 12:21:31 Started transferring input files
	Transferring to host: <188.184.185.125:9618?addrs=188.184.185.125-9618+[2001-1458-301-52--100-7c]-9618&alias=b9g37p1565.cern.ch&noUDP&sock=slot1_13_5086_4c08_5111>
...
040 (7430845.000.000) 11/02 12:21:31 Finished transferring input files
...
001 (7430845.000.000) 11/02 12:21:32 Job executing on host: <188.184.185.125:9618?addrs=188.184.185.125-9618+[2001-1458-301-52--100-7c]-9618&alias=b9g37p1565.cern.ch&noUDP&sock=startd_4116_cfe7>
	SlotName: slot1_13@b9g37p1565.cern.ch
	CondorScratchDir = "/pool/condor/dir_84524"
	Cpus = 1
	Disk = 2895084
	Memory = 2000
...
006 (7430845.000.000) 11/02 12:21:40 Image size of job updated: 369336
	361  -  MemoryUsage of job (MB)
	369336  -  ResidentSetSize of job (KB)
...
006 (7430845.000.000) 11/02 12:26:40 Image size of job updated: 1461576
	1352  -  MemoryUsage of job (MB)
	1384096  -  ResidentSetSize of job (KB)
...
006 (7430845.000.000) 11/02 12:31:41 Image size of job updated: 1712744
	1352  -  MemoryUsage of job (MB)
	1384096  -  ResidentSetSize of job (KB)
...
006 (7430845.000.000) 11/02 12:36:42 Image size of job updated: 1712744
	1433  -  MemoryUsage of job (MB)
	1466672  -  ResidentSetSize of job (KB)
...
040 (7430845.000.000) 11/02 12:59:08 Started transferring output files
...
040 (7430845.000.000) 11/02 12:59:08 Finished transferring output files
...
005 (7430845.000.000) 11/02 12:59:08 Job terminated.
	(1) Normal termination (return value 0)
		Usr 0 00:35:03, Sys 0 00:00:14  -  Run Remote Usage
		Usr 0 00:00:00, Sys 0 00:00:00  -  Run Local Usage
		Usr 0 00:35:03, Sys 0 00:00:14  -  Total Remote Usage
		Usr 0 00:00:00, Sys 0 00:00:00  -  Total Local Usage
	15698  -  Run Bytes Sent By Job
	10706  -  Run Bytes Received By Job
	15698  -  Total Bytes Sent By Job
	10706  -  Total Bytes Received By Job
	Partitionable Resources :    Usage  Request Allocated 
	   Cpus                 :     0.97        1         1 
	   Disk (KB)            :    47          12   2895084 
	   Memory (MB)          :  1433        2000      2000 

	Job terminated of its own accord at 2024-11-02T11:59:08Z with exit-code 0.
...
000 (7431033.000.000) 11/02 14:34:39 Job submitted from host: <137.138.55.115:9618?addrs=137.138.55.115-9618+[2001-1458-d00-17--12a]-9618&alias=bigbird23.cern.ch&noUDP&sock=schedd_4975_03c1>
...
040 (7431033.000.000) 11/02 14:39:14 Started transferring input files
	Transferring to host: <128.142.248.24:9618?addrs=128.142.248.24-9618+[2001-1458-301-73--100-108]-9618&alias=b9g23p8366.cern.ch&noUDP&sock=slot1_36_6414_fe3e_41136>
...
040 (7431033.000.000) 11/02 14:39:14 Finished transferring input files
...
001 (7431033.000.000) 11/02 14:39:15 Job executing on host: <128.142.248.24:9618?addrs=128.142.248.24-9618+[2001-1458-301-73--100-108]-9618&alias=b9g23p8366.cern.ch&noUDP&sock=startd_5687_6330>
	SlotName: slot1_36@b9g23p8366.cern.ch
	CondorScratchDir = "/pool/condor/dir_2023156"
	Cpus = 1
	Disk = 2993050
	Memory = 2000
...
006 (7431033.000.000) 11/02 14:39:24 Image size of job updated: 483096
	472  -  MemoryUsage of job (MB)
	482720  -  ResidentSetSize of job (KB)
...
006 (7431033.000.000) 11/02 14:44:25 Image size of job updated: 1285116
	1255  -  MemoryUsage of job (MB)
	1284960  -  ResidentSetSize of job (KB)
...
006 (7431033.000.000) 11/02 14:49:25 Image size of job updated: 1740704
	1700  -  MemoryUsage of job (MB)
	1740704  -  ResidentSetSize of job (KB)
...
006 (7431033.000.000) 11/02 14:54:25 Image size of job updated: 1857232
	1814  -  MemoryUsage of job (MB)
	1857228  -  ResidentSetSize of job (KB)
...
006 (7431033.000.000) 11/02 14:59:26 Image size of job updated: 1895556
	1814  -  MemoryUsage of job (MB)
	1857228  -  ResidentSetSize of job (KB)
...
006 (7431033.000.000) 11/02 15:04:27 Image size of job updated: 1910236
	1856  -  MemoryUsage of job (MB)
	1900020  -  ResidentSetSize of job (KB)
...
006 (7431033.000.000) 11/02 15:09:27 Image size of job updated: 2038884
	1856  -  MemoryUsage of job (MB)
	1900020  -  ResidentSetSize of job (KB)
...
006 (7431033.000.000) 11/02 15:29:29 Image size of job updated: 2090704
	2042  -  MemoryUsage of job (MB)
	2090616  -  ResidentSetSize of job (KB)
...
006 (7431033.000.000) 11/02 15:34:30 Image size of job updated: 2146576
	2042  -  MemoryUsage of job (MB)
	2090616  -  ResidentSetSize of job (KB)
...
006 (7431033.000.000) 11/02 15:44:31 Image size of job updated: 2151136
	2101  -  MemoryUsage of job (MB)
	2151132  -  ResidentSetSize of job (KB)
...
006 (7431033.000.000) 11/02 15:49:32 Image size of job updated: 2200228
	2149  -  MemoryUsage of job (MB)
	2200108  -  ResidentSetSize of job (KB)
...
006 (7431033.000.000) 11/02 15:54:33 Image size of job updated: 2399900
	2344  -  MemoryUsage of job (MB)
	2399896  -  ResidentSetSize of job (KB)
...
006 (7431033.000.000) 11/02 15:59:33 Image size of job updated: 2462632
	2344  -  MemoryUsage of job (MB)
	2399896  -  ResidentSetSize of job (KB)
...
006 (7431033.000.000) 11/02 16:47:42 Image size of job updated: 2512600
	2344  -  MemoryUsage of job (MB)
	2399896  -  ResidentSetSize of job (KB)
...
040 (7431033.000.000) 11/02 16:47:42 Started transferring output files
...
040 (7431033.000.000) 11/02 16:47:42 Finished transferring output files
...
005 (7431033.000.000) 11/02 16:47:42 Job terminated.
	(1) Normal termination (return value 0)
		Usr 0 02:03:01, Sys 0 00:00:27  -  Run Remote Usage
		Usr 0 00:00:00, Sys 0 00:00:00  -  Run Local Usage
		Usr 0 02:03:01, Sys 0 00:00:27  -  Total Remote Usage
		Usr 0 00:00:00, Sys 0 00:00:00  -  Total Local Usage
	15277  -  Run Bytes Sent By Job
	10712  -  Run Bytes Received By Job
	15277  -  Total Bytes Sent By Job
	10712  -  Total Bytes Received By Job
	Partitionable Resources :    Usage  Request Allocated 
	   Cpus                 :     0.99        1         1 
	   Disk (KB)            :    47          12   2993050 
	   Memory (MB)          :  2344        2000      2000 

	Job terminated of its own accord at 2024-11-02T15:47:42Z with exit-code 0.
...
000 (7431190.000.000) 11/02 17:53:52 Job submitted from host: <137.138.55.115:9618?addrs=137.138.55.115-9618+[2001-1458-d00-17--12a]-9618&alias=bigbird23.cern.ch&noUDP&sock=schedd_4975_03c1>
...
040 (7431190.000.000) 11/02 17:57:26 Started transferring input files
	Transferring to host: <188.185.195.148:9618?addrs=188.185.195.148-9618+[2001-1458-303-22--100-90]-9618&alias=b9p17p8099.cern.ch&noUDP&sock=slot1_5_3769106_e56f_68009>
...
040 (7431190.000.000) 11/02 17:57:26 Finished transferring input files
...
001 (7431190.000.000) 11/02 17:57:27 Job executing on host: <188.185.195.148:9618?addrs=188.185.195.148-9618+[2001-1458-303-22--100-90]-9618&alias=b9p17p8099.cern.ch&noUDP&sock=startd_127771_db60>
	SlotName: slot1_5@b9p17p8099.cern.ch
	CondorScratchDir = "/pool/condor/dir_1298172"
	Cpus = 1
	Disk = 2789432
	Memory = 2000
...
006 (7431190.000.000) 11/02 17:57:36 Image size of job updated: 457348
	447  -  MemoryUsage of job (MB)
	457348  -  ResidentSetSize of job (KB)
...
006 (7431190.000.000) 11/02 18:02:37 Image size of job updated: 1347844
	1317  -  MemoryUsage of job (MB)
	1347840  -  ResidentSetSize of job (KB)
...
006 (7431190.000.000) 11/02 18:07:37 Image size of job updated: 1707548
	1668  -  MemoryUsage of job (MB)
	1707484  -  ResidentSetSize of job (KB)
...
006 (7431190.000.000) 11/02 18:12:37 Image size of job updated: 1755208
	1714  -  MemoryUsage of job (MB)
	1754816  -  ResidentSetSize of job (KB)
...
006 (7431190.000.000) 11/02 18:17:38 Image size of job updated: 1826032
	1784  -  MemoryUsage of job (MB)
	1825892  -  ResidentSetSize of job (KB)
...
006 (7431190.000.000) 11/02 18:22:38 Image size of job updated: 1856496
	1784  -  MemoryUsage of job (MB)
	1825892  -  ResidentSetSize of job (KB)
...
006 (7431190.000.000) 11/02 18:27:38 Image size of job updated: 2091624
	2043  -  MemoryUsage of job (MB)
	2091552  -  ResidentSetSize of job (KB)
...
006 (7431190.000.000) 11/02 18:32:39 Image size of job updated: 2212688
	2043  -  MemoryUsage of job (MB)
	2091552  -  ResidentSetSize of job (KB)
...
006 (7431190.000.000) 11/02 18:42:40 Image size of job updated: 2212688
	2154  -  MemoryUsage of job (MB)
	2205132  -  ResidentSetSize of job (KB)
...
006 (7431190.000.000) 11/02 18:47:41 Image size of job updated: 2273100
	2220  -  MemoryUsage of job (MB)
	2272872  -  ResidentSetSize of job (KB)
...
006 (7431190.000.000) 11/02 18:52:42 Image size of job updated: 2313468
	2260  -  MemoryUsage of job (MB)
	2313228  -  ResidentSetSize of job (KB)
...
006 (7431190.000.000) 11/02 18:57:42 Image size of job updated: 2343952
	2260  -  MemoryUsage of job (MB)
	2313228  -  ResidentSetSize of job (KB)
...
006 (7431190.000.000) 11/02 19:02:42 Image size of job updated: 2591516
	2531  -  MemoryUsage of job (MB)
	2591136  -  ResidentSetSize of job (KB)
...
006 (7431190.000.000) 11/02 19:07:43 Image size of job updated: 2620960
	2531  -  MemoryUsage of job (MB)
	2591136  -  ResidentSetSize of job (KB)
...
006 (7431190.000.000) 11/02 19:27:45 Image size of job updated: 2623348
	2562  -  MemoryUsage of job (MB)
	2623276  -  ResidentSetSize of job (KB)
...
006 (7431190.000.000) 11/02 19:32:45 Image size of job updated: 2766636
	2702  -  MemoryUsage of job (MB)
	2766176  -  ResidentSetSize of job (KB)
...
006 (7431190.000.000) 11/02 19:37:46 Image size of job updated: 2868280
	2702  -  MemoryUsage of job (MB)
	2766176  -  ResidentSetSize of job (KB)
...
006 (7431190.000.000) 11/02 19:52:48 Image size of job updated: 2868280
	2752  -  MemoryUsage of job (MB)
	2817136  -  ResidentSetSize of job (KB)
...
006 (7431190.000.000) 11/02 19:57:49 Image size of job updated: 2868280
	2779  -  MemoryUsage of job (MB)
	2845564  -  ResidentSetSize of job (KB)
...
006 (7431190.000.000) 11/02 20:02:49 Image size of job updated: 2983268
	2914  -  MemoryUsage of job (MB)
	2983032  -  ResidentSetSize of job (KB)
...
006 (7431190.000.000) 11/02 20:07:49 Image size of job updated: 3015692
	2914  -  MemoryUsage of job (MB)
	2983032  -  ResidentSetSize of job (KB)
...
040 (7431190.000.000) 11/02 20:08:53 Started transferring output files
...
040 (7431190.000.000) 11/02 20:08:54 Finished transferring output files
...
005 (7431190.000.000) 11/02 20:08:54 Job terminated.
	(1) Normal termination (return value 0)
		Usr 0 02:06:06, Sys 0 00:01:03  -  Run Remote Usage
		Usr 0 00:00:00, Sys 0 00:00:00  -  Run Local Usage
		Usr 0 02:06:06, Sys 0 00:01:03  -  Total Remote Usage
		Usr 0 00:00:00, Sys 0 00:00:00  -  Total Local Usage
	14468  -  Run Bytes Sent By Job
	10712  -  Run Bytes Received By Job
	14468  -  Total Bytes Sent By Job
	10712  -  Total Bytes Received By Job
	Partitionable Resources :    Usage  Request Allocated 
	   Cpus                 :     0.96        1         1 
	   Disk (KB)            :    46          12   2789432 
	   Memory (MB)          :  2914        2000      2000 

	Job terminated of its own accord at 2024-11-02T19:08:53Z with exit-code 0.
...
000 (7688213.000.000) 11/05 20:41:08 Job submitted from host: <137.138.55.115:9618?addrs=137.138.55.115-9618+[2001-1458-d00-17--12a]-9618&alias=bigbird23.cern.ch&noUDP&sock=schedd_4975_03c1>
...
040 (7688213.000.000) 11/05 20:51:54 Started transferring input files
	Transferring to host: <128.142.132.182:9618?addrs=128.142.132.182-9618+[2001-1458-301-5a--100-aa]-9618&alias=b9g12p7113.cern.ch&noUDP&sock=slot1_16_2791_430b_18672>
...
040 (7688213.000.000) 11/05 20:51:54 Finished transferring input files
...
001 (7688213.000.000) 11/05 20:51:55 Job executing on host: <128.142.132.182:9618?addrs=128.142.132.182-9618+[2001-1458-301-5a--100-aa]-9618&alias=b9g12p7113.cern.ch&noUDP&sock=startd_2435_c933>
	SlotName: slot1_16@b9g12p7113.cern.ch
	CondorScratchDir = "/pool/condor/dir_2171791"
	Cpus = 1
	Disk = 2638
	GPUs = 0
	Memory = 2000
...
006 (7688213.000.000) 11/05 20:52:03 Image size of job updated: 90020
	88  -  MemoryUsage of job (MB)
	90020  -  ResidentSetSize of job (KB)
...
006 (7688213.000.000) 11/05 20:57:03 Image size of job updated: 1229924
	1202  -  MemoryUsage of job (MB)
	1229924  -  ResidentSetSize of job (KB)
...
006 (7688213.000.000) 11/05 21:02:04 Image size of job updated: 1338916
	1308  -  MemoryUsage of job (MB)
	1338916  -  ResidentSetSize of job (KB)
...
006 (7688213.000.000) 11/05 21:07:04 Image size of job updated: 1546052
	1510  -  MemoryUsage of job (MB)
	1546052  -  ResidentSetSize of job (KB)
...
006 (7688213.000.000) 11/05 21:12:04 Image size of job updated: 1552468
	1517  -  MemoryUsage of job (MB)
	1552468  -  ResidentSetSize of job (KB)
...
006 (7688213.000.000) 11/05 21:17:05 Image size of job updated: 1556536
	1521  -  MemoryUsage of job (MB)
	1556536  -  ResidentSetSize of job (KB)
...
006 (7688213.000.000) 11/05 21:22:05 Image size of job updated: 1558104
	1522  -  MemoryUsage of job (MB)
	1558104  -  ResidentSetSize of job (KB)
...
006 (7688213.000.000) 11/05 21:27:05 Image size of job updated: 1567056
	1531  -  MemoryUsage of job (MB)
	1567056  -  ResidentSetSize of job (KB)
...
006 (7688213.000.000) 11/05 21:32:06 Image size of job updated: 2175084
	2125  -  MemoryUsage of job (MB)
	2175084  -  ResidentSetSize of job (KB)
...
006 (7688213.000.000) 11/05 21:37:07 Image size of job updated: 2175084
	2125  -  MemoryUsage of job (MB)
	2175124  -  ResidentSetSize of job (KB)
...
006 (7688213.000.000) 11/05 21:42:07 Image size of job updated: 2219732
	2168  -  MemoryUsage of job (MB)
	2219732  -  ResidentSetSize of job (KB)
...
006 (7688213.000.000) 11/05 21:47:07 Image size of job updated: 2261120
	2209  -  MemoryUsage of job (MB)
	2261120  -  ResidentSetSize of job (KB)
...
006 (7688213.000.000) 11/05 21:52:08 Image size of job updated: 2264748
	2212  -  MemoryUsage of job (MB)
	2264748  -  ResidentSetSize of job (KB)
...
006 (7688213.000.000) 11/05 21:57:08 Image size of job updated: 2265552
	2213  -  MemoryUsage of job (MB)
	2265552  -  ResidentSetSize of job (KB)
...
006 (7688213.000.000) 11/05 22:02:08 Image size of job updated: 2266756
	2214  -  MemoryUsage of job (MB)
	2266756  -  ResidentSetSize of job (KB)
...
006 (7688213.000.000) 11/05 22:07:09 Image size of job updated: 2571376
	2512  -  MemoryUsage of job (MB)
	2571376  -  ResidentSetSize of job (KB)
...
006 (7688213.000.000) 11/05 22:42:13 Image size of job updated: 2607812
	2547  -  MemoryUsage of job (MB)
	2607812  -  ResidentSetSize of job (KB)
...
006 (7688213.000.000) 11/05 23:17:17 Image size of job updated: 2620852
	2560  -  MemoryUsage of job (MB)
	2620852  -  ResidentSetSize of job (KB)
...
040 (7688213.000.000) 11/05 23:24:25 Started transferring output files
...
040 (7688213.000.000) 11/05 23:24:26 Finished transferring output files
...
005 (7688213.000.000) 11/05 23:24:26 Job terminated.
	(1) Normal termination (return value 0)
		Usr 0 02:25:40, Sys 0 00:00:51  -  Run Remote Usage
		Usr 0 00:00:00, Sys 0 00:00:00  -  Run Local Usage
		Usr 0 02:25:40, Sys 0 00:00:51  -  Total Remote Usage
		Usr 0 00:00:00, Sys 0 00:00:00  -  Total Local Usage
	13574  -  Run Bytes Sent By Job
	10712  -  Run Bytes Received By Job
	13574  -  Total Bytes Sent By Job
	10712  -  Total Bytes Received By Job
	Partitionable Resources :    Usage  Request Allocated 
	   Cpus                 :     0.98        1         1 
	   Disk (KB)            :    46          12      2638 
	   GPUs                 :                           0 
	   Memory (MB)          :  2560        2000      2000 

	Job terminated of its own accord at 2024-11-05T22:24:25Z with exit-code 0.
...
000 (7688338.000.000) 11/05 23:28:29 Job submitted from host: <137.138.55.115:9618?addrs=137.138.55.115-9618+[2001-1458-d00-17--12a]-9618&alias=bigbird23.cern.ch&noUDP&sock=schedd_4975_03c1>
...
040 (7688338.000.000) 11/05 23:29:08 Started transferring input files
	Transferring to host: <128.142.132.36:9618?addrs=128.142.132.36-9618+[2001-1458-301-5a--100-18]-9618&alias=b9g12p5638.cern.ch&noUDP&sock=slot1_3_3049_0bd5_8738>
...
040 (7688338.000.000) 11/05 23:29:08 Finished transferring input files
...
001 (7688338.000.000) 11/05 23:29:09 Job executing on host: <128.142.132.36:9618?addrs=128.142.132.36-9618+[2001-1458-301-5a--100-18]-9618&alias=b9g12p5638.cern.ch&noUDP&sock=startd_2519_6728>
	SlotName: slot1_3@b9g12p5638.cern.ch
	CondorScratchDir = "/pool/condor/dir_509745"
	Cpus = 1
	Disk = 2716
	GPUs = 0
	Memory = 2000
...
006 (7688338.000.000) 11/05 23:29:18 Image size of job updated: 232884
	228  -  MemoryUsage of job (MB)
	232884  -  ResidentSetSize of job (KB)
...
006 (7688338.000.000) 11/05 23:34:19 Image size of job updated: 946612
	925  -  MemoryUsage of job (MB)
	946612  -  ResidentSetSize of job (KB)
...
006 (7688338.000.000) 11/05 23:39:20 Image size of job updated: 1328340
	1298  -  MemoryUsage of job (MB)
	1328340  -  ResidentSetSize of job (KB)
...
006 (7688338.000.000) 11/05 23:44:21 Image size of job updated: 1340224
	1309  -  MemoryUsage of job (MB)
	1340224  -  ResidentSetSize of job (KB)
...
006 (7688338.000.000) 11/05 23:49:22 Image size of job updated: 1346616
	1316  -  MemoryUsage of job (MB)
	1346616  -  ResidentSetSize of job (KB)
...
006 (7688338.000.000) 11/05 23:54:22 Image size of job updated: 1347932
	1317  -  MemoryUsage of job (MB)
	1347932  -  ResidentSetSize of job (KB)
...
006 (7688338.000.000) 11/05 23:59:22 Image size of job updated: 1918796
	1874  -  MemoryUsage of job (MB)
	1918796  -  ResidentSetSize of job (KB)
...
006 (7688338.000.000) 11/06 00:04:23 Image size of job updated: 1922588
	1878  -  MemoryUsage of job (MB)
	1922588  -  ResidentSetSize of job (KB)
...
006 (7688338.000.000) 11/06 00:09:23 Image size of job updated: 1975548
	1930  -  MemoryUsage of job (MB)
	1975548  -  ResidentSetSize of job (KB)
...
006 (7688338.000.000) 11/06 00:14:24 Image size of job updated: 2035304
	1988  -  MemoryUsage of job (MB)
	2035304  -  ResidentSetSize of job (KB)
...
006 (7688338.000.000) 11/06 00:19:24 Image size of job updated: 2036356
	1989  -  MemoryUsage of job (MB)
	2036356  -  ResidentSetSize of job (KB)
...
006 (7688338.000.000) 11/06 00:24:24 Image size of job updated: 2038312
	1991  -  MemoryUsage of job (MB)
	2038312  -  ResidentSetSize of job (KB)
...
006 (7688338.000.000) 11/06 00:29:25 Image size of job updated: 2039324
	1992  -  MemoryUsage of job (MB)
	2039324  -  ResidentSetSize of job (KB)
...
006 (7688338.000.000) 11/06 00:34:25 Image size of job updated: 2145256
	2095  -  MemoryUsage of job (MB)
	2145256  -  ResidentSetSize of job (KB)
...
006 (7688338.000.000) 11/06 00:39:25 Image size of job updated: 2210192
	2159  -  MemoryUsage of job (MB)
	2210192  -  ResidentSetSize of job (KB)
...
006 (7688338.000.000) 11/06 00:44:26 Image size of job updated: 2233248
	2181  -  MemoryUsage of job (MB)
	2233248  -  ResidentSetSize of job (KB)
...
006 (7688338.000.000) 11/06 00:49:27 Image size of job updated: 2263700
	2211  -  MemoryUsage of job (MB)
	2263700  -  ResidentSetSize of job (KB)
...
040 (7688338.000.000) 11/06 02:12:51 Started transferring output files
...
040 (7688338.000.000) 11/06 02:12:51 Finished transferring output files
...
005 (7688338.000.000) 11/06 02:12:51 Job terminated.
	(1) Normal termination (return value 0)
		Usr 0 02:40:01, Sys 0 00:00:43  -  Run Remote Usage
		Usr 0 00:00:00, Sys 0 00:00:00  -  Run Local Usage
		Usr 0 02:40:01, Sys 0 00:00:43  -  Total Remote Usage
		Usr 0 00:00:00, Sys 0 00:00:00  -  Total Local Usage
	14383  -  Run Bytes Sent By Job
	10712  -  Run Bytes Received By Job
	14383  -  Total Bytes Sent By Job
	10712  -  Total Bytes Received By Job
	Partitionable Resources :    Usage  Request Allocated 
	   Cpus                 :     0.98        1         1 
	   Disk (KB)            :    47          12      2716 
	   GPUs                 :                           0 
	   Memory (MB)          :  2211        2000      2000 

	Job terminated of its own accord at 2024-11-06T01:12:51Z with exit-code 0.
...
000 (7688916.000.000) 11/06 11:32:34 Job submitted from host: <137.138.55.115:9618?addrs=137.138.55.115-9618+[2001-1458-d00-17--12a]-9618&alias=bigbird23.cern.ch&noUDP&sock=schedd_4975_03c1>
...
000 (7688917.000.000) 11/06 11:32:46 Job submitted from host: <137.138.55.115:9618?addrs=137.138.55.115-9618+[2001-1458-d00-17--12a]-9618&alias=bigbird23.cern.ch&noUDP&sock=schedd_4975_03c1>
...
009 (7688916.000.000) 11/06 11:33:03 Job was aborted.
	via condor_rm (by user fsalerno)
...
040 (7688917.000.000) 11/06 11:57:44 Started transferring input files
	Transferring to host: <128.142.130.31:9618?addrs=128.142.130.31-9618+[2001-1458-301-58--100-13]-9618&alias=b9g20p6957.cern.ch&noUDP&sock=slot1_26_1968501_c88a_60176>
...
040 (7688917.000.000) 11/06 11:57:44 Finished transferring input files
...
001 (7688917.000.000) 11/06 11:57:45 Job executing on host: <128.142.130.31:9618?addrs=128.142.130.31-9618+[2001-1458-301-58--100-13]-9618&alias=b9g20p6957.cern.ch&noUDP&sock=startd_2444_f58d>
	SlotName: slot1_26@b9g20p6957.cern.ch
	CondorScratchDir = "/pool/condor/dir_2488229"
	Cpus = 1
	Disk = 1774890
	Memory = 2000
...
006 (7688917.000.000) 11/06 11:57:53 Image size of job updated: 818528
	800  -  MemoryUsage of job (MB)
	818528  -  ResidentSetSize of job (KB)
...
006 (7688917.000.000) 11/06 12:02:53 Image size of job updated: 1666440
	1628  -  MemoryUsage of job (MB)
	1666440  -  ResidentSetSize of job (KB)
...
006 (7688917.000.000) 11/06 12:07:54 Image size of job updated: 1862584
	1819  -  MemoryUsage of job (MB)
	1862584  -  ResidentSetSize of job (KB)
...
006 (7688917.000.000) 11/06 12:12:54 Image size of job updated: 2013320
	1967  -  MemoryUsage of job (MB)
	2013320  -  ResidentSetSize of job (KB)
...
040 (7688917.000.000) 11/06 12:26:27 Started transferring output files
...
040 (7688917.000.000) 11/06 12:26:27 Finished transferring output files
...
005 (7688917.000.000) 11/06 12:26:27 Job terminated.
	(1) Normal termination (return value 0)
		Usr 0 00:32:09, Sys 0 00:00:19  -  Run Remote Usage
		Usr 0 00:00:00, Sys 0 00:00:00  -  Run Local Usage
		Usr 0 00:32:09, Sys 0 00:00:19  -  Total Remote Usage
		Usr 0 00:00:00, Sys 0 00:00:00  -  Total Local Usage
	11136  -  Run Bytes Sent By Job
	10710  -  Run Bytes Received By Job
	11136  -  Total Bytes Sent By Job
	10710  -  Total Bytes Received By Job
	Partitionable Resources :    Usage  Request Allocated 
	   Cpus                 :     0.98        1         1 
	   Disk (KB)            :    43          12   1774890 
	   Memory (MB)          :  1967        2000      2000 

	Job terminated of its own accord at 2024-11-06T11:26:27Z with exit-code 0.
...
000 (7691112.000.000) 11/06 18:53:16 Job submitted from host: <137.138.55.115:9618?addrs=137.138.55.115-9618+[2001-1458-d00-17--12a]-9618&alias=bigbird23.cern.ch&noUDP&sock=schedd_4975_03c1>
...
040 (7691112.000.000) 11/06 19:00:33 Started transferring input files
	Transferring to host: <188.185.196.145:9618?addrs=188.185.196.145-9618+[2001-1458-303-23--100-8d]-9618&alias=b9p16p3713.cern.ch&noUDP&sock=slot1_23_4029526_584c_1109>
...
040 (7691112.000.000) 11/06 19:00:33 Finished transferring input files
...
001 (7691112.000.000) 11/06 19:00:34 Job executing on host: <188.185.196.145:9618?addrs=188.185.196.145-9618+[2001-1458-303-23--100-8d]-9618&alias=b9p16p3713.cern.ch&noUDP&sock=startd_7794_9d3c>
	SlotName: slot1_23@b9p16p3713.cern.ch
	CondorScratchDir = "/pool/condor/dir_3341782"
	Cpus = 1
	Disk = 3025732
	Memory = 2000
...
006 (7691112.000.000) 11/06 19:00:43 Image size of job updated: 410368
	401  -  MemoryUsage of job (MB)
	410368  -  ResidentSetSize of job (KB)
...
006 (7691112.000.000) 11/06 19:05:44 Image size of job updated: 1469640
	1356  -  MemoryUsage of job (MB)
	1387944  -  ResidentSetSize of job (KB)
...
006 (7691112.000.000) 11/06 19:10:45 Image size of job updated: 1721320
	1550  -  MemoryUsage of job (MB)
	1586532  -  ResidentSetSize of job (KB)
...
006 (7691112.000.000) 11/06 19:15:45 Image size of job updated: 1870924
	1707  -  MemoryUsage of job (MB)
	1747220  -  ResidentSetSize of job (KB)
...
006 (7691112.000.000) 11/06 19:20:45 Image size of job updated: 1969732
	1803  -  MemoryUsage of job (MB)
	1845492  -  ResidentSetSize of job (KB)
...
006 (7691112.000.000) 11/06 19:21:39 Image size of job updated: 2041912
	1803  -  MemoryUsage of job (MB)
	1845492  -  ResidentSetSize of job (KB)
...
040 (7691112.000.000) 11/06 19:21:39 Started transferring output files
...
040 (7691112.000.000) 11/06 19:21:39 Finished transferring output files
...
005 (7691112.000.000) 11/06 19:21:39 Job terminated.
	(1) Normal termination (return value 0)
		Usr 0 00:18:36, Sys 0 00:00:10  -  Run Remote Usage
		Usr 0 00:00:00, Sys 0 00:00:00  -  Run Local Usage
		Usr 0 00:18:36, Sys 0 00:00:10  -  Total Remote Usage
		Usr 0 00:00:00, Sys 0 00:00:00  -  Total Local Usage
	11166  -  Run Bytes Sent By Job
	10710  -  Run Bytes Received By Job
	11166  -  Total Bytes Sent By Job
	10710  -  Total Bytes Received By Job
	Partitionable Resources :    Usage  Request Allocated 
	   Cpus                 :     0.99        1         1 
	   Disk (KB)            :    43          12   3025732 
	   Memory (MB)          :  1803        2000      2000 

	Job terminated of its own accord at 2024-11-06T18:21:39Z with exit-code 0.
...
000 (7691269.000.000) 11/06 19:47:16 Job submitted from host: <137.138.55.115:9618?addrs=137.138.55.115-9618+[2001-1458-d00-17--12a]-9618&alias=bigbird23.cern.ch&noUDP&sock=schedd_4975_03c1>
...
040 (7691269.000.000) 11/06 19:52:55 Started transferring input files
	Transferring to host: <128.142.132.96:9618?addrs=128.142.132.96-9618+[2001-1458-301-5a--100-54]-9618&alias=b9g12p1108.cern.ch&noUDP&sock=slot1_12_226911_13a4_9946>
...
040 (7691269.000.000) 11/06 19:52:55 Finished transferring input files
...
001 (7691269.000.000) 11/06 19:52:56 Job executing on host: <128.142.132.96:9618?addrs=128.142.132.96-9618+[2001-1458-301-5a--100-54]-9618&alias=b9g12p1108.cern.ch&noUDP&sock=startd_2445_a525>
	SlotName: slot1_12@b9g12p1108.cern.ch
	CondorScratchDir = "/pool/condor/dir_189789"
	Cpus = 1
	Disk = 2536
	GPUs = 0
	Memory = 2000
...
006 (7691269.000.000) 11/06 19:53:05 Image size of job updated: 154828
	152  -  MemoryUsage of job (MB)
	154828  -  ResidentSetSize of job (KB)
...
006 (7691269.000.000) 11/06 19:58:06 Image size of job updated: 1187500
	1160  -  MemoryUsage of job (MB)
	1187500  -  ResidentSetSize of job (KB)
...
006 (7691269.000.000) 11/06 20:03:07 Image size of job updated: 1407116
	1375  -  MemoryUsage of job (MB)
	1407116  -  ResidentSetSize of job (KB)
...
006 (7691269.000.000) 11/06 20:08:07 Image size of job updated: 1587268
	1551  -  MemoryUsage of job (MB)
	1587268  -  ResidentSetSize of job (KB)
...
006 (7691269.000.000) 11/06 20:13:08 Image size of job updated: 1604504
	1567  -  MemoryUsage of job (MB)
	1604504  -  ResidentSetSize of job (KB)
...
006 (7691269.000.000) 11/06 20:18:09 Image size of job updated: 1609748
	1573  -  MemoryUsage of job (MB)
	1609748  -  ResidentSetSize of job (KB)
...
006 (7691269.000.000) 11/06 20:23:09 Image size of job updated: 1616660
	1579  -  MemoryUsage of job (MB)
	1616660  -  ResidentSetSize of job (KB)
...
006 (7691269.000.000) 11/06 20:28:09 Image size of job updated: 2182916
	2132  -  MemoryUsage of job (MB)
	2182916  -  ResidentSetSize of job (KB)
...
006 (7691269.000.000) 11/06 20:33:10 Image size of job updated: 2186152
	2135  -  MemoryUsage of job (MB)
	2186152  -  ResidentSetSize of job (KB)
...
006 (7691269.000.000) 11/06 20:38:10 Image size of job updated: 2240788
	2189  -  MemoryUsage of job (MB)
	2240788  -  ResidentSetSize of job (KB)
...
006 (7691269.000.000) 11/06 20:43:10 Image size of job updated: 2282512
	2230  -  MemoryUsage of job (MB)
	2282512  -  ResidentSetSize of job (KB)
...
040 (7691269.000.000) 11/06 22:46:15 Started transferring output files
...
040 (7691269.000.000) 11/06 22:46:15 Finished transferring output files
...
005 (7691269.000.000) 11/06 22:46:15 Job terminated.
	(1) Normal termination (return value 0)
		Usr 0 02:45:58, Sys 0 00:01:08  -  Run Remote Usage
		Usr 0 00:00:00, Sys 0 00:00:00  -  Run Local Usage
		Usr 0 02:45:58, Sys 0 00:01:08  -  Total Remote Usage
		Usr 0 00:00:00, Sys 0 00:00:00  -  Total Local Usage
	14406  -  Run Bytes Sent By Job
	10716  -  Run Bytes Received By Job
	14406  -  Total Bytes Sent By Job
	10716  -  Total Bytes Received By Job
	Partitionable Resources :    Usage  Request Allocated 
	   Cpus                 :     0.97        1         1 
	   Disk (KB)            :    46          12      2536 
	   GPUs                 :                           0 
	   Memory (MB)          :  2230        2000      2000 

	Job terminated of its own accord at 2024-11-06T21:46:15Z with exit-code 0.
...
000 (7691430.000.000) 11/06 23:11:22 Job submitted from host: <137.138.55.115:9618?addrs=137.138.55.115-9618+[2001-1458-d00-17--12a]-9618&alias=bigbird23.cern.ch&noUDP&sock=schedd_4975_03c1>
...
040 (7691430.000.000) 11/06 23:15:03 Started transferring input files
	Transferring to host: <128.142.132.138:9618?addrs=128.142.132.138-9618+[2001-1458-301-5a--100-7e]-9618&alias=b9g12p6973.cern.ch&noUDP&sock=slot1_14_2816_e06c_19891>
...
040 (7691430.000.000) 11/06 23:15:03 Finished transferring input files
...
001 (7691430.000.000) 11/06 23:15:04 Job executing on host: <128.142.132.138:9618?addrs=128.142.132.138-9618+[2001-1458-301-5a--100-7e]-9618&alias=b9g12p6973.cern.ch&noUDP&sock=startd_2443_45f5>
	SlotName: slot1_14@b9g12p6973.cern.ch
	CondorScratchDir = "/pool/condor/dir_3171081"
	Cpus = 1
	Disk = 2547
	GPUs = 0
	Memory = 2000
...
006 (7691430.000.000) 11/06 23:15:12 Image size of job updated: 207272
	203  -  MemoryUsage of job (MB)
	207272  -  ResidentSetSize of job (KB)
...
006 (7691430.000.000) 11/06 23:20:12 Image size of job updated: 1237956
	1209  -  MemoryUsage of job (MB)
	1237956  -  ResidentSetSize of job (KB)
...
006 (7691430.000.000) 11/06 23:25:13 Image size of job updated: 1531208
	1496  -  MemoryUsage of job (MB)
	1531208  -  ResidentSetSize of job (KB)
...
006 (7691430.000.000) 11/06 23:30:13 Image size of job updated: 1544424
	1509  -  MemoryUsage of job (MB)
	1544424  -  ResidentSetSize of job (KB)
...
006 (7691430.000.000) 11/06 23:35:13 Image size of job updated: 1552920
	1517  -  MemoryUsage of job (MB)
	1552920  -  ResidentSetSize of job (KB)
...
006 (7691430.000.000) 11/06 23:40:14 Image size of job updated: 1554792
	1519  -  MemoryUsage of job (MB)
	1554792  -  ResidentSetSize of job (KB)
...
006 (7691430.000.000) 11/06 23:50:15 Image size of job updated: 1763536
	1723  -  MemoryUsage of job (MB)
	1763536  -  ResidentSetSize of job (KB)
...
006 (7691430.000.000) 11/07 00:00:16 Image size of job updated: 1804448
	1763  -  MemoryUsage of job (MB)
	1804448  -  ResidentSetSize of job (KB)
...
006 (7691430.000.000) 11/07 00:05:16 Image size of job updated: 1871268
	1828  -  MemoryUsage of job (MB)
	1871268  -  ResidentSetSize of job (KB)
...
006 (7691430.000.000) 11/07 00:10:17 Image size of job updated: 1872420
	1829  -  MemoryUsage of job (MB)
	1872420  -  ResidentSetSize of job (KB)
...
006 (7691430.000.000) 11/07 00:15:18 Image size of job updated: 1876132
	1833  -  MemoryUsage of job (MB)
	1876132  -  ResidentSetSize of job (KB)
...
006 (7691430.000.000) 11/07 00:30:19 Image size of job updated: 1980716
	1935  -  MemoryUsage of job (MB)
	1980716  -  ResidentSetSize of job (KB)
...
006 (7691430.000.000) 11/07 01:10:22 Image size of job updated: 2056388
	2009  -  MemoryUsage of job (MB)
	2056388  -  ResidentSetSize of job (KB)
...
006 (7691430.000.000) 11/07 01:15:22 Image size of job updated: 2056388
	2009  -  MemoryUsage of job (MB)
	2056524  -  ResidentSetSize of job (KB)
...
040 (7691430.000.000) 11/07 01:52:31 Started transferring output files
...
040 (7691430.000.000) 11/07 01:52:31 Finished transferring output files
...
005 (7691430.000.000) 11/07 01:52:32 Job terminated.
	(1) Normal termination (return value 0)
		Usr 0 02:31:36, Sys 0 00:01:10  -  Run Remote Usage
		Usr 0 00:00:00, Sys 0 00:00:00  -  Run Local Usage
		Usr 0 02:31:36, Sys 0 00:01:10  -  Total Remote Usage
		Usr 0 00:00:00, Sys 0 00:00:00  -  Total Local Usage
	13596  -  Run Bytes Sent By Job
	10716  -  Run Bytes Received By Job
	13596  -  Total Bytes Sent By Job
	10716  -  Total Bytes Received By Job
	Partitionable Resources :    Usage  Request Allocated 
	   Cpus                 :     0.98        1         1 
	   Disk (KB)            :    46          12      2547 
	   GPUs                 :                           0 
	   Memory (MB)          :  2009        2000      2000 

	Job terminated of its own accord at 2024-11-07T00:52:30Z with exit-code 0.
...
000 (7692106.000.000) 11/07 08:50:39 Job submitted from host: <137.138.55.115:9618?addrs=137.138.55.115-9618+[2001-1458-d00-17--12a]-9618&alias=bigbird23.cern.ch&noUDP&sock=schedd_4975_03c1>
...
040 (7692106.000.000) 11/07 09:04:26 Started transferring input files
	Transferring to host: <188.185.194.35:9618?addrs=188.185.194.35-9618+[2001-1458-303-21--100-1f]-9618&alias=b9p20p1491.cern.ch&noUDP&sock=slot1_8_1957115_50fb_1541>
...
040 (7692106.000.000) 11/07 09:04:26 Finished transferring input files
...
001 (7692106.000.000) 11/07 09:04:27 Job executing on host: <188.185.194.35:9618?addrs=188.185.194.35-9618+[2001-1458-303-21--100-1f]-9618&alias=b9p20p1491.cern.ch&noUDP&sock=startd_128133_28a9>
	SlotName: slot1_8@b9p20p1491.cern.ch
	CondorScratchDir = "/pool/condor/dir_1395760"
	Cpus = 1
	Disk = 2997965
	Memory = 2000
...
006 (7692106.000.000) 11/07 09:04:36 Image size of job updated: 28484
	21  -  MemoryUsage of job (MB)
	20764  -  ResidentSetSize of job (KB)
...
006 (7692106.000.000) 11/07 09:09:37 Image size of job updated: 1293008
	1257  -  MemoryUsage of job (MB)
	1286752  -  ResidentSetSize of job (KB)
...
006 (7692106.000.000) 11/07 09:14:37 Image size of job updated: 1342804
	1305  -  MemoryUsage of job (MB)
	1335780  -  ResidentSetSize of job (KB)
...
006 (7692106.000.000) 11/07 09:19:37 Image size of job updated: 1380996
	1344  -  MemoryUsage of job (MB)
	1376220  -  ResidentSetSize of job (KB)
...
006 (7692106.000.000) 11/07 09:24:38 Image size of job updated: 1420080
	1381  -  MemoryUsage of job (MB)
	1413728  -  ResidentSetSize of job (KB)
...
006 (7692106.000.000) 11/07 09:29:38 Image size of job updated: 1457016
	1417  -  MemoryUsage of job (MB)
	1450800  -  ResidentSetSize of job (KB)
...
006 (7692106.000.000) 11/07 09:34:40 Image size of job updated: 1502088
	1463  -  MemoryUsage of job (MB)
	1498068  -  ResidentSetSize of job (KB)
...
006 (7692106.000.000) 11/07 09:39:40 Image size of job updated: 1545052
	1505  -  MemoryUsage of job (MB)
	1540272  -  ResidentSetSize of job (KB)
...
006 (7692106.000.000) 11/07 09:44:40 Image size of job updated: 1590860
	1554  -  MemoryUsage of job (MB)
	1590840  -  ResidentSetSize of job (KB)
...
006 (7692106.000.000) 11/07 09:49:41 Image size of job updated: 1611488
	1554  -  MemoryUsage of job (MB)
	1590840  -  ResidentSetSize of job (KB)
...
006 (7692106.000.000) 11/07 10:49:48 Image size of job updated: 1622016
	1571  -  MemoryUsage of job (MB)
	1608432  -  ResidentSetSize of job (KB)
...
006 (7692106.000.000) 11/07 10:54:48 Image size of job updated: 1676504
	1632  -  MemoryUsage of job (MB)
	1670872  -  ResidentSetSize of job (KB)
...
006 (7692106.000.000) 11/07 10:59:48 Image size of job updated: 1727220
	1687  -  MemoryUsage of job (MB)
	1727024  -  ResidentSetSize of job (KB)
...
006 (7692106.000.000) 11/07 11:04:49 Image size of job updated: 1785604
	1731  -  MemoryUsage of job (MB)
	1771916  -  ResidentSetSize of job (KB)
...
006 (7692106.000.000) 11/07 11:09:50 Image size of job updated: 1837052
	1783  -  MemoryUsage of job (MB)
	1825772  -  ResidentSetSize of job (KB)
...
006 (7692106.000.000) 11/07 11:14:50 Image size of job updated: 1893472
	1837  -  MemoryUsage of job (MB)
	1880252  -  ResidentSetSize of job (KB)
...
006 (7692106.000.000) 11/07 11:19:51 Image size of job updated: 1950520
	1902  -  MemoryUsage of job (MB)
	1946700  -  ResidentSetSize of job (KB)
...
006 (7692106.000.000) 11/07 11:24:52 Image size of job updated: 1998508
	1949  -  MemoryUsage of job (MB)
	1995164  -  ResidentSetSize of job (KB)
...
006 (7692106.000.000) 11/07 11:29:52 Image size of job updated: 2047604
	1986  -  MemoryUsage of job (MB)
	2032884  -  ResidentSetSize of job (KB)
...
006 (7692106.000.000) 11/07 11:34:52 Image size of job updated: 2094084
	2042  -  MemoryUsage of job (MB)
	2090480  -  ResidentSetSize of job (KB)
...
006 (7692106.000.000) 11/07 11:39:53 Image size of job updated: 2146424
	2084  -  MemoryUsage of job (MB)
	2133080  -  ResidentSetSize of job (KB)
...
006 (7692106.000.000) 11/07 11:44:53 Image size of job updated: 2195640
	2131  -  MemoryUsage of job (MB)
	2181852  -  ResidentSetSize of job (KB)
...
006 (7692106.000.000) 11/07 11:49:48 Image size of job updated: 2375516
	2131  -  MemoryUsage of job (MB)
	2181852  -  ResidentSetSize of job (KB)
...
040 (7692106.000.000) 11/07 11:49:49 Started transferring output files
...
040 (7692106.000.000) 11/07 11:49:52 Finished transferring output files
...
005 (7692106.000.000) 11/07 11:50:02 Job terminated.
	(1) Normal termination (return value 0)
		Usr 0 01:57:23, Sys 0 00:02:59  -  Run Remote Usage
		Usr 0 00:00:00, Sys 0 00:00:00  -  Run Local Usage
		Usr 0 01:57:23, Sys 0 00:02:59  -  Total Remote Usage
		Usr 0 00:00:00, Sys 0 00:00:00  -  Total Local Usage
	927056  -  Run Bytes Sent By Job
	10702  -  Run Bytes Received By Job
	927056  -  Total Bytes Sent By Job
	10702  -  Total Bytes Received By Job
	Partitionable Resources :    Usage  Request Allocated 
	   Cpus                 :     0.76        1         1 
	   Disk (KB)            :   938          12   2997965 
	   Memory (MB)          :  2131        2000      2000 

	Job terminated of its own accord at 2024-11-07T10:49:48Z with exit-code 0.
...
